[loci]=5426

[populations]=2

[pop]=1
 1	134	2	109 25 
 2	134	2	133 1 
 3	134	2	109 25 
 4	134	2	110 24 
 5	134	2	121 13 
 6	134	2	131 3 
 7	134	2	123 11 
 8	134	2	123 11 
 9	134	2	123 11 
 10	134	2	123 11 
 11	134	2	93 41 
 12	134	2	93 41 
 13	134	2	97 37 
 14	134	2	131 3 
 15	134	2	133 1 
 16	134	2	117 17 
 17	134	2	132 2 
 18	134	2	129 5 
 19	134	2	133 1 
 20	134	2	134 0 
 21	134	2	133 1 
 22	134	2	133 1 
 23	134	2	76 58 
 24	134	2	133 1 
 25	134	2	131 3 
 26	134	2	132 2 
 27	134	2	133 1 
 28	134	2	90 44 
 29	134	2	133 1 
 30	134	2	127 7 
 31	134	2	127 7 
 32	134	2	118 16 
 33	134	2	131 3 
 34	134	2	133 1 
 35	134	2	89 45 
 36	134	2	128 6 
 37	134	2	126 8 
 38	134	2	130 4 
 39	134	2	133 1 
 40	134	2	132 2 
 41	134	2	90 44 
 42	134	2	131 3 
 43	134	2	57 77 
 44	134	2	132 2 
 45	134	2	131 3 
 46	134	2	119 15 
 47	134	2	133 1 
 48	134	2	123 11 
 49	134	2	132 2 
 50	134	2	132 2 
 51	134	2	133 1 
 52	134	2	122 12 
 53	134	2	133 1 
 54	134	2	75 59 
 55	134	2	133 1 
 56	134	2	133 1 
 57	134	2	119 15 
 58	134	2	130 4 
 59	134	2	40 94 
 60	134	2	126 8 
 61	134	2	48 86 
 62	134	2	108 26 
 63	134	2	126 8 
 64	134	2	129 5 
 65	134	2	133 1 
 66	134	2	129 5 
 67	134	2	129 5 
 68	134	2	133 1 
 69	134	2	131 3 
 70	134	2	132 2 
 71	134	2	129 5 
 72	134	2	132 2 
 73	134	2	124 10 
 74	134	2	129 5 
 75	134	2	134 0 
 76	134	2	132 2 
 77	134	2	134 0 
 78	134	2	129 5 
 79	134	2	131 3 
 80	134	2	132 2 
 81	134	2	134 0 
 82	134	2	126 8 
 83	134	2	132 2 
 84	134	2	132 2 
 85	134	2	109 25 
 86	134	2	106 28 
 87	134	2	106 28 
 88	134	2	133 1 
 89	134	2	133 1 
 90	134	2	133 1 
 91	134	2	120 14 
 92	134	2	132 2 
 93	134	2	133 1 
 94	134	2	133 1 
 95	134	2	120 14 
 96	134	2	127 7 
 97	134	2	133 1 
 98	134	2	134 0 
 99	134	2	109 25 
 100	134	2	96 38 
 101	134	2	124 10 
 102	134	2	17 117 
 103	134	2	134 0 
 104	134	2	102 32 
 105	134	2	120 14 
 106	134	2	120 14 
 107	134	2	120 14 
 108	134	2	133 1 
 109	134	2	120 14 
 110	134	2	133 1 
 111	134	2	133 1 
 112	134	2	133 1 
 113	134	2	100 34 
 114	134	2	132 2 
 115	134	2	90 44 
 116	134	2	3 131 
 117	134	2	2 132 
 118	134	2	90 44 
 119	134	2	133 1 
 120	134	2	128 6 
 121	134	2	130 4 
 122	134	2	112 22 
 123	134	2	112 22 
 124	134	2	112 22 
 125	134	2	112 22 
 126	134	2	133 1 
 127	134	2	90 44 
 128	134	2	130 4 
 129	134	2	131 3 
 130	134	2	95 39 
 131	134	2	95 39 
 132	134	2	132 2 
 133	134	2	133 1 
 134	134	2	132 2 
 135	134	2	127 7 
 136	134	2	92 42 
 137	134	2	133 1 
 138	134	2	127 7 
 139	134	2	132 2 
 140	134	2	133 1 
 141	134	2	130 4 
 142	134	2	77 57 
 143	134	2	97 37 
 144	134	2	132 2 
 145	134	2	132 2 
 146	134	2	131 3 
 147	134	2	132 2 
 148	134	2	133 1 
 149	134	2	128 6 
 150	134	2	119 15 
 151	134	2	133 1 
 152	134	2	16 118 
 153	134	2	131 3 
 154	134	2	133 1 
 155	134	2	127 7 
 156	134	2	125 9 
 157	134	2	55 79 
 158	134	2	127 7 
 159	134	2	133 1 
 160	134	2	122 12 
 161	134	2	129 5 
 162	134	2	129 5 
 163	134	2	127 7 
 164	134	2	134 0 
 165	134	2	127 7 
 166	134	2	129 5 
 167	134	2	127 7 
 168	134	2	126 8 
 169	134	2	130 4 
 170	134	2	101 33 
 171	134	2	132 2 
 172	134	2	119 15 
 173	134	2	130 4 
 174	134	2	132 2 
 175	134	2	130 4 
 176	134	2	130 4 
 177	134	2	133 1 
 178	134	2	130 4 
 179	134	2	130 4 
 180	134	2	130 4 
 181	134	2	132 2 
 182	134	2	134 0 
 183	134	2	133 1 
 184	134	2	130 4 
 185	134	2	126 8 
 186	134	2	133 1 
 187	134	2	133 1 
 188	134	2	133 1 
 189	134	2	133 1 
 190	134	2	130 4 
 191	134	2	133 1 
 192	134	2	133 1 
 193	134	2	133 1 
 194	134	2	95 39 
 195	134	2	133 1 
 196	134	2	2 132 
 197	134	2	133 1 
 198	134	2	130 4 
 199	134	2	132 2 
 200	134	2	128 6 
 201	134	2	133 1 
 202	134	2	122 12 
 203	134	2	133 1 
 204	134	2	83 51 
 205	134	2	83 51 
 206	134	2	133 1 
 207	134	2	133 1 
 208	134	2	93 41 
 209	134	2	133 1 
 210	134	2	133 1 
 211	134	2	133 1 
 212	134	2	133 1 
 213	134	2	133 1 
 214	134	2	129 5 
 215	134	2	131 3 
 216	134	2	79 55 
 217	134	2	55 79 
 218	134	2	79 55 
 219	134	2	55 79 
 220	134	2	103 31 
 221	134	2	110 24 
 222	134	2	133 1 
 223	134	2	133 1 
 224	134	2	133 1 
 225	134	2	132 2 
 226	134	2	132 2 
 227	134	2	133 1 
 228	134	2	132 2 
 229	134	2	133 1 
 230	134	2	115 19 
 231	134	2	114 20 
 232	134	2	129 5 
 233	134	2	130 4 
 234	134	2	130 4 
 235	134	2	132 2 
 236	134	2	123 11 
 237	134	2	104 30 
 238	134	2	105 29 
 239	134	2	105 29 
 240	134	2	133 1 
 241	134	2	133 1 
 242	134	2	121 13 
 243	134	2	131 3 
 244	134	2	61 73 
 245	134	2	130 4 
 246	134	2	131 3 
 247	134	2	133 1 
 248	134	2	129 5 
 249	134	2	133 1 
 250	134	2	130 4 
 251	134	2	132 2 
 252	134	2	132 2 
 253	134	2	125 9 
 254	134	2	35 99 
 255	134	2	133 1 
 256	134	2	133 1 
 257	134	2	77 57 
 258	134	2	35 99 
 259	134	2	133 1 
 260	134	2	133 1 
 261	134	2	81 53 
 262	134	2	133 1 
 263	134	2	125 9 
 264	134	2	130 4 
 265	134	2	133 1 
 266	134	2	133 1 
 267	134	2	120 14 
 268	134	2	133 1 
 269	134	2	130 4 
 270	134	2	130 4 
 271	134	2	129 5 
 272	134	2	130 4 
 273	134	2	133 1 
 274	134	2	132 2 
 275	134	2	132 2 
 276	134	2	132 2 
 277	134	2	132 2 
 278	134	2	129 5 
 279	134	2	129 5 
 280	134	2	125 9 
 281	134	2	120 14 
 282	134	2	124 10 
 283	134	2	114 20 
 284	134	2	112 22 
 285	134	2	134 0 
 286	134	2	131 3 
 287	134	2	57 77 
 288	134	2	133 1 
 289	134	2	99 35 
 290	134	2	131 3 
 291	134	2	124 10 
 292	134	2	131 3 
 293	134	2	124 10 
 294	134	2	131 3 
 295	134	2	131 3 
 296	134	2	131 3 
 297	134	2	131 3 
 298	134	2	132 2 
 299	134	2	132 2 
 300	134	2	132 2 
 301	134	2	132 2 
 302	134	2	3 131 
 303	134	2	131 3 
 304	134	2	132 2 
 305	134	2	131 3 
 306	134	2	132 2 
 307	134	2	132 2 
 308	134	2	132 2 
 309	134	2	132 2 
 310	134	2	132 2 
 311	134	2	78 56 
 312	134	2	133 1 
 313	134	2	130 4 
 314	134	2	133 1 
 315	134	2	41 93 
 316	134	2	131 3 
 317	134	2	133 1 
 318	134	2	132 2 
 319	134	2	48 86 
 320	134	2	8 126 
 321	134	2	129 5 
 322	134	2	133 1 
 323	134	2	125 9 
 324	134	2	131 3 
 325	134	2	133 1 
 326	134	2	114 20 
 327	134	2	131 3 
 328	134	2	122 12 
 329	134	2	133 1 
 330	134	2	134 0 
 331	134	2	134 0 
 332	134	2	122 12 
 333	134	2	132 2 
 334	134	2	123 11 
 335	134	2	109 25 
 336	134	2	128 6 
 337	134	2	133 1 
 338	134	2	134 0 
 339	134	2	128 6 
 340	134	2	131 3 
 341	134	2	125 9 
 342	134	2	132 2 
 343	134	2	92 42 
 344	134	2	133 1 
 345	134	2	117 17 
 346	134	2	121 13 
 347	134	2	111 23 
 348	134	2	122 12 
 349	134	2	111 23 
 350	134	2	92 42 
 351	134	2	132 2 
 352	134	2	63 71 
 353	134	2	130 4 
 354	134	2	103 31 
 355	134	2	133 1 
 356	134	2	132 2 
 357	134	2	133 1 
 358	134	2	133 1 
 359	134	2	132 2 
 360	134	2	133 1 
 361	134	2	131 3 
 362	134	2	132 2 
 363	134	2	26 108 
 364	134	2	129 5 
 365	134	2	120 14 
 366	134	2	120 14 
 367	134	2	119 15 
 368	134	2	130 4 
 369	134	2	1 133 
 370	134	2	54 80 
 371	134	2	133 1 
 372	134	2	14 120 
 373	134	2	133 1 
 374	134	2	133 1 
 375	134	2	2 132 
 376	134	2	123 11 
 377	134	2	134 0 
 378	134	2	133 1 
 379	134	2	132 2 
 380	134	2	133 1 
 381	134	2	125 9 
 382	134	2	133 1 
 383	134	2	133 1 
 384	134	2	132 2 
 385	134	2	134 0 
 386	134	2	133 1 
 387	134	2	133 1 
 388	134	2	134 0 
 389	134	2	134 0 
 390	134	2	133 1 
 391	134	2	132 2 
 392	134	2	132 2 
 393	134	2	4 130 
 394	134	2	131 3 
 395	134	2	131 3 
 396	134	2	130 4 
 397	134	2	132 2 
 398	134	2	123 11 
 399	134	2	123 11 
 400	134	2	123 11 
 401	134	2	123 11 
 402	134	2	123 11 
 403	134	2	134 0 
 404	134	2	123 11 
 405	134	2	133 1 
 406	134	2	130 4 
 407	134	2	131 3 
 408	134	2	133 1 
 409	134	2	131 3 
 410	134	2	133 1 
 411	134	2	133 1 
 412	134	2	133 1 
 413	134	2	133 1 
 414	134	2	123 11 
 415	134	2	122 12 
 416	134	2	123 11 
 417	134	2	126 8 
 418	134	2	131 3 
 419	134	2	133 1 
 420	134	2	120 14 
 421	134	2	131 3 
 422	134	2	133 1 
 423	134	2	133 1 
 424	134	2	125 9 
 425	134	2	125 9 
 426	134	2	125 9 
 427	134	2	120 14 
 428	134	2	130 4 
 429	134	2	130 4 
 430	134	2	132 2 
 431	134	2	133 1 
 432	134	2	113 21 
 433	134	2	132 2 
 434	134	2	106 28 
 435	134	2	131 3 
 436	134	2	129 5 
 437	134	2	47 87 
 438	134	2	125 9 
 439	134	2	124 10 
 440	134	2	89 45 
 441	134	2	130 4 
 442	134	2	133 1 
 443	134	2	123 11 
 444	134	2	133 1 
 445	134	2	115 19 
 446	134	2	133 1 
 447	134	2	115 19 
 448	134	2	133 1 
 449	134	2	131 3 
 450	134	2	45 89 
 451	134	2	124 10 
 452	134	2	83 51 
 453	134	2	134 0 
 454	134	2	133 1 
 455	134	2	133 1 
 456	134	2	133 1 
 457	134	2	133 1 
 458	134	2	129 5 
 459	134	2	133 1 
 460	134	2	133 1 
 461	134	2	133 1 
 462	134	2	133 1 
 463	134	2	124 10 
 464	134	2	133 1 
 465	134	2	133 1 
 466	134	2	133 1 
 467	134	2	133 1 
 468	134	2	133 1 
 469	134	2	132 2 
 470	134	2	99 35 
 471	134	2	122 12 
 472	134	2	127 7 
 473	134	2	125 9 
 474	134	2	7 127 
 475	134	2	133 1 
 476	134	2	27 107 
 477	134	2	133 1 
 478	134	2	132 2 
 479	134	2	130 4 
 480	134	2	133 1 
 481	134	2	70 64 
 482	134	2	131 3 
 483	134	2	133 1 
 484	134	2	133 1 
 485	134	2	134 0 
 486	134	2	11 123 
 487	134	2	122 12 
 488	134	2	121 13 
 489	134	2	134 0 
 490	134	2	129 5 
 491	134	2	133 1 
 492	134	2	131 3 
 493	134	2	100 34 
 494	134	2	133 1 
 495	134	2	133 1 
 496	134	2	133 1 
 497	134	2	127 7 
 498	134	2	132 2 
 499	134	2	79 55 
 500	134	2	79 55 
 501	134	2	133 1 
 502	134	2	121 13 
 503	134	2	132 2 
 504	134	2	125 9 
 505	134	2	116 18 
 506	134	2	132 2 
 507	134	2	133 1 
 508	134	2	131 3 
 509	134	2	133 1 
 510	134	2	127 7 
 511	134	2	98 36 
 512	134	2	129 5 
 513	134	2	130 4 
 514	134	2	133 1 
 515	134	2	126 8 
 516	134	2	131 3 
 517	134	2	131 3 
 518	134	2	124 10 
 519	134	2	131 3 
 520	134	2	112 22 
 521	134	2	82 52 
 522	134	2	52 82 
 523	134	2	133 1 
 524	134	2	133 1 
 525	134	2	133 1 
 526	134	2	133 1 
 527	134	2	131 3 
 528	134	2	127 7 
 529	134	2	131 3 
 530	134	2	133 1 
 531	134	2	133 1 
 532	134	2	130 4 
 533	134	2	86 48 
 534	134	2	130 4 
 535	134	2	133 1 
 536	134	2	128 6 
 537	134	2	130 4 
 538	134	2	133 1 
 539	134	2	89 45 
 540	134	2	11 123 
 541	134	2	126 8 
 542	134	2	126 8 
 543	134	2	132 2 
 544	134	2	132 2 
 545	134	2	116 18 
 546	134	2	133 1 
 547	134	2	76 58 
 548	134	2	132 2 
 549	134	2	131 3 
 550	134	2	131 3 
 551	134	2	131 3 
 552	134	2	131 3 
 553	134	2	134 0 
 554	134	2	129 5 
 555	134	2	129 5 
 556	134	2	134 0 
 557	134	2	1 133 
 558	134	2	129 5 
 559	134	2	134 0 
 560	134	2	131 3 
 561	134	2	133 1 
 562	134	2	133 1 
 563	134	2	133 1 
 564	134	2	134 0 
 565	134	2	132 2 
 566	134	2	133 1 
 567	134	2	133 1 
 568	134	2	132 2 
 569	134	2	133 1 
 570	134	2	89 45 
 571	134	2	133 1 
 572	134	2	131 3 
 573	134	2	134 0 
 574	134	2	133 1 
 575	134	2	133 1 
 576	134	2	117 17 
 577	134	2	40 94 
 578	134	2	128 6 
 579	134	2	130 4 
 580	134	2	130 4 
 581	134	2	122 12 
 582	134	2	131 3 
 583	134	2	125 9 
 584	134	2	94 40 
 585	134	2	117 17 
 586	134	2	133 1 
 587	134	2	103 31 
 588	134	2	131 3 
 589	134	2	128 6 
 590	134	2	100 34 
 591	134	2	100 34 
 592	134	2	133 1 
 593	134	2	128 6 
 594	134	2	128 6 
 595	134	2	128 6 
 596	134	2	114 20 
 597	134	2	130 4 
 598	134	2	130 4 
 599	134	2	130 4 
 600	134	2	131 3 
 601	134	2	132 2 
 602	134	2	127 7 
 603	134	2	132 2 
 604	134	2	129 5 
 605	134	2	93 41 
 606	134	2	96 38 
 607	134	2	129 5 
 608	134	2	133 1 
 609	134	2	12 122 
 610	134	2	133 1 
 611	134	2	97 37 
 612	134	2	131 3 
 613	134	2	97 37 
 614	134	2	133 1 
 615	134	2	133 1 
 616	134	2	131 3 
 617	134	2	14 120 
 618	134	2	133 1 
 619	134	2	133 1 
 620	134	2	44 90 
 621	134	2	133 1 
 622	134	2	133 1 
 623	134	2	43 91 
 624	134	2	112 22 
 625	134	2	131 3 
 626	134	2	109 25 
 627	134	2	133 1 
 628	134	2	127 7 
 629	134	2	132 2 
 630	134	2	117 17 
 631	134	2	132 2 
 632	134	2	42 92 
 633	134	2	125 9 
 634	134	2	133 1 
 635	134	2	128 6 
 636	134	2	127 7 
 637	134	2	133 1 
 638	134	2	91 43 
 639	134	2	91 43 
 640	134	2	132 2 
 641	134	2	133 1 
 642	134	2	133 1 
 643	134	2	133 1 
 644	134	2	124 10 
 645	134	2	131 3 
 646	134	2	121 13 
 647	134	2	133 1 
 648	134	2	133 1 
 649	134	2	1 133 
 650	134	2	75 59 
 651	134	2	126 8 
 652	134	2	133 1 
 653	134	2	133 1 
 654	134	2	126 8 
 655	134	2	133 1 
 656	134	2	131 3 
 657	134	2	128 6 
 658	134	2	125 9 
 659	134	2	50 84 
 660	134	2	129 5 
 661	134	2	133 1 
 662	134	2	133 1 
 663	134	2	84 50 
 664	134	2	53 81 
 665	134	2	128 6 
 666	134	2	132 2 
 667	134	2	132 2 
 668	134	2	81 53 
 669	134	2	132 2 
 670	134	2	133 1 
 671	134	2	132 2 
 672	134	2	133 1 
 673	134	2	132 2 
 674	134	2	132 2 
 675	134	2	133 1 
 676	134	2	133 1 
 677	134	2	132 2 
 678	134	2	133 1 
 679	134	2	133 1 
 680	134	2	120 14 
 681	134	2	125 9 
 682	134	2	132 2 
 683	134	2	130 4 
 684	134	2	133 1 
 685	134	2	83 51 
 686	134	2	130 4 
 687	134	2	119 15 
 688	134	2	130 4 
 689	134	2	132 2 
 690	134	2	125 9 
 691	134	2	131 3 
 692	134	2	118 16 
 693	134	2	132 2 
 694	134	2	118 16 
 695	134	2	134 0 
 696	134	2	126 8 
 697	134	2	99 35 
 698	134	2	123 11 
 699	134	2	133 1 
 700	134	2	10 124 
 701	134	2	23 111 
 702	134	2	123 11 
 703	134	2	133 1 
 704	134	2	109 25 
 705	134	2	126 8 
 706	134	2	126 8 
 707	134	2	133 1 
 708	134	2	133 1 
 709	134	2	133 1 
 710	134	2	129 5 
 711	134	2	133 1 
 712	134	2	100 34 
 713	134	2	133 1 
 714	134	2	133 1 
 715	134	2	133 1 
 716	134	2	129 5 
 717	134	2	127 7 
 718	134	2	129 5 
 719	134	2	129 5 
 720	134	2	129 5 
 721	134	2	129 5 
 722	134	2	133 1 
 723	134	2	130 4 
 724	134	2	68 66 
 725	134	2	68 66 
 726	134	2	130 4 
 727	134	2	129 5 
 728	134	2	129 5 
 729	134	2	129 5 
 730	134	2	131 3 
 731	134	2	74 60 
 732	134	2	74 60 
 733	134	2	117 17 
 734	134	2	119 15 
 735	134	2	134 0 
 736	134	2	119 15 
 737	134	2	133 1 
 738	134	2	133 1 
 739	134	2	133 1 
 740	134	2	133 1 
 741	134	2	133 1 
 742	134	2	80 54 
 743	134	2	119 15 
 744	134	2	80 54 
 745	134	2	133 1 
 746	134	2	133 1 
 747	134	2	133 1 
 748	134	2	127 7 
 749	134	2	133 1 
 750	134	2	133 1 
 751	134	2	132 2 
 752	134	2	131 3 
 753	134	2	133 1 
 754	134	2	133 1 
 755	134	2	133 1 
 756	134	2	123 11 
 757	134	2	84 50 
 758	134	2	133 1 
 759	134	2	134 0 
 760	134	2	133 1 
 761	134	2	132 2 
 762	134	2	23 111 
 763	134	2	76 58 
 764	134	2	133 1 
 765	134	2	133 1 
 766	134	2	133 1 
 767	134	2	127 7 
 768	134	2	133 1 
 769	134	2	104 30 
 770	134	2	104 30 
 771	134	2	127 7 
 772	134	2	104 30 
 773	134	2	104 30 
 774	134	2	66 68 
 775	134	2	133 1 
 776	134	2	133 1 
 777	134	2	133 1 
 778	134	2	68 66 
 779	134	2	134 0 
 780	134	2	12 122 
 781	134	2	133 1 
 782	134	2	133 1 
 783	134	2	130 4 
 784	134	2	131 3 
 785	134	2	131 3 
 786	134	2	134 0 
 787	134	2	134 0 
 788	134	2	134 0 
 789	134	2	134 0 
 790	134	2	127 7 
 791	134	2	132 2 
 792	134	2	132 2 
 793	134	2	128 6 
 794	134	2	133 1 
 795	134	2	133 1 
 796	134	2	132 2 
 797	134	2	131 3 
 798	134	2	120 14 
 799	134	2	129 5 
 800	134	2	133 1 
 801	134	2	133 1 
 802	134	2	133 1 
 803	134	2	133 1 
 804	134	2	122 12 
 805	134	2	132 2 
 806	134	2	127 7 
 807	134	2	133 1 
 808	134	2	134 0 
 809	134	2	127 7 
 810	134	2	127 7 
 811	134	2	127 7 
 812	134	2	130 4 
 813	134	2	133 1 
 814	134	2	132 2 
 815	134	2	16 118 
 816	134	2	24 110 
 817	134	2	123 11 
 818	134	2	110 24 
 819	134	2	125 9 
 820	134	2	1 133 
 821	134	2	126 8 
 822	134	2	132 2 
 823	134	2	129 5 
 824	134	2	120 14 
 825	134	2	36 98 
 826	134	2	131 3 
 827	134	2	132 2 
 828	134	2	129 5 
 829	134	2	14 120 
 830	134	2	133 1 
 831	134	2	133 1 
 832	134	2	133 1 
 833	134	2	133 1 
 834	134	2	133 1 
 835	134	2	132 2 
 836	134	2	131 3 
 837	134	2	134 0 
 838	134	2	124 10 
 839	134	2	32 102 
 840	134	2	133 1 
 841	134	2	118 16 
 842	134	2	132 2 
 843	134	2	132 2 
 844	134	2	133 1 
 845	134	2	130 4 
 846	134	2	134 0 
 847	134	2	131 3 
 848	134	2	132 2 
 849	134	2	132 2 
 850	134	2	131 3 
 851	134	2	132 2 
 852	134	2	132 2 
 853	134	2	83 51 
 854	134	2	129 5 
 855	134	2	131 3 
 856	134	2	133 1 
 857	134	2	108 26 
 858	134	2	133 1 
 859	134	2	133 1 
 860	134	2	133 1 
 861	134	2	134 0 
 862	134	2	131 3 
 863	134	2	133 1 
 864	134	2	132 2 
 865	134	2	133 1 
 866	134	2	117 17 
 867	134	2	42 92 
 868	134	2	133 1 
 869	134	2	117 17 
 870	134	2	132 2 
 871	134	2	132 2 
 872	134	2	133 1 
 873	134	2	133 1 
 874	134	2	132 2 
 875	134	2	133 1 
 876	134	2	133 1 
 877	134	2	131 3 
 878	134	2	108 26 
 879	134	2	133 1 
 880	134	2	133 1 
 881	134	2	133 1 
 882	134	2	133 1 
 883	134	2	133 1 
 884	134	2	132 2 
 885	134	2	133 1 
 886	134	2	132 2 
 887	134	2	133 1 
 888	134	2	132 2 
 889	134	2	133 1 
 890	134	2	120 14 
 891	134	2	1 133 
 892	134	2	133 1 
 893	134	2	130 4 
 894	134	2	129 5 
 895	134	2	127 7 
 896	134	2	127 7 
 897	134	2	130 4 
 898	134	2	122 12 
 899	134	2	127 7 
 900	134	2	127 7 
 901	134	2	125 9 
 902	134	2	133 1 
 903	134	2	129 5 
 904	134	2	120 14 
 905	134	2	120 14 
 906	134	2	120 14 
 907	134	2	120 14 
 908	134	2	131 3 
 909	134	2	15 119 
 910	134	2	95 39 
 911	134	2	113 21 
 912	134	2	133 1 
 913	134	2	133 1 
 914	134	2	133 1 
 915	134	2	19 115 
 916	134	2	132 2 
 917	134	2	90 44 
 918	134	2	132 2 
 919	134	2	134 0 
 920	134	2	131 3 
 921	134	2	133 1 
 922	134	2	128 6 
 923	134	2	134 0 
 924	134	2	134 0 
 925	134	2	115 19 
 926	134	2	133 1 
 927	134	2	131 3 
 928	134	2	97 37 
 929	134	2	133 1 
 930	134	2	133 1 
 931	134	2	133 1 
 932	134	2	133 1 
 933	134	2	132 2 
 934	134	2	128 6 
 935	134	2	133 1 
 936	134	2	130 4 
 937	134	2	128 6 
 938	134	2	134 0 
 939	134	2	83 51 
 940	134	2	133 1 
 941	134	2	132 2 
 942	134	2	133 1 
 943	134	2	132 2 
 944	134	2	120 14 
 945	134	2	132 2 
 946	134	2	133 1 
 947	134	2	131 3 
 948	134	2	133 1 
 949	134	2	133 1 
 950	134	2	132 2 
 951	134	2	132 2 
 952	134	2	118 16 
 953	134	2	133 1 
 954	134	2	110 24 
 955	134	2	106 28 
 956	134	2	49 85 
 957	134	2	45 89 
 958	134	2	133 1 
 959	134	2	133 1 
 960	134	2	130 4 
 961	134	2	131 3 
 962	134	2	133 1 
 963	134	2	124 10 
 964	134	2	133 1 
 965	134	2	110 24 
 966	134	2	123 11 
 967	134	2	73 61 
 968	134	2	73 61 
 969	134	2	132 2 
 970	134	2	131 3 
 971	134	2	116 18 
 972	134	2	133 1 
 973	134	2	133 1 
 974	134	2	133 1 
 975	134	2	129 5 
 976	134	2	133 1 
 977	134	2	114 20 
 978	134	2	130 4 
 979	134	2	114 20 
 980	134	2	133 1 
 981	134	2	133 1 
 982	134	2	129 5 
 983	134	2	130 4 
 984	134	2	131 3 
 985	134	2	128 6 
 986	134	2	133 1 
 987	134	2	22 112 
 988	134	2	133 1 
 989	134	2	134 0 
 990	134	2	123 11 
 991	134	2	122 12 
 992	134	2	132 2 
 993	134	2	134 0 
 994	134	2	120 14 
 995	134	2	129 5 
 996	134	2	134 0 
 997	134	2	131 3 
 998	134	2	133 1 
 999	134	2	133 1 
 1000	134	2	132 2 
 1001	134	2	69 65 
 1002	134	2	133 1 
 1003	134	2	132 2 
 1004	134	2	132 2 
 1005	134	2	133 1 
 1006	134	2	132 2 
 1007	134	2	133 1 
 1008	134	2	57 77 
 1009	134	2	132 2 
 1010	134	2	132 2 
 1011	134	2	111 23 
 1012	134	2	126 8 
 1013	134	2	111 23 
 1014	134	2	100 34 
 1015	134	2	84 50 
 1016	134	2	101 33 
 1017	134	2	133 1 
 1018	134	2	49 85 
 1019	134	2	49 85 
 1020	134	2	127 7 
 1021	134	2	132 2 
 1022	134	2	133 1 
 1023	134	2	76 58 
 1024	134	2	58 76 
 1025	134	2	133 1 
 1026	134	2	133 1 
 1027	134	2	132 2 
 1028	134	2	132 2 
 1029	134	2	133 1 
 1030	134	2	84 50 
 1031	134	2	84 50 
 1032	134	2	29 105 
 1033	134	2	112 22 
 1034	134	2	112 22 
 1035	134	2	131 3 
 1036	134	2	132 2 
 1037	134	2	131 3 
 1038	134	2	35 99 
 1039	134	2	133 1 
 1040	134	2	41 93 
 1041	134	2	93 41 
 1042	134	2	130 4 
 1043	134	2	93 41 
 1044	134	2	92 42 
 1045	134	2	133 1 
 1046	134	2	121 13 
 1047	134	2	133 1 
 1048	134	2	95 39 
 1049	134	2	77 57 
 1050	134	2	129 5 
 1051	134	2	133 1 
 1052	134	2	127 7 
 1053	134	2	133 1 
 1054	134	2	131 3 
 1055	134	2	133 1 
 1056	134	2	133 1 
 1057	134	2	133 1 
 1058	134	2	133 1 
 1059	134	2	133 1 
 1060	134	2	133 1 
 1061	134	2	133 1 
 1062	134	2	131 3 
 1063	134	2	82 52 
 1064	134	2	134 0 
 1065	134	2	127 7 
 1066	134	2	133 1 
 1067	134	2	129 5 
 1068	134	2	134 0 
 1069	134	2	119 15 
 1070	134	2	124 10 
 1071	134	2	129 5 
 1072	134	2	131 3 
 1073	134	2	133 1 
 1074	134	2	133 1 
 1075	134	2	133 1 
 1076	134	2	133 1 
 1077	134	2	133 1 
 1078	134	2	133 1 
 1079	134	2	120 14 
 1080	134	2	126 8 
 1081	134	2	132 2 
 1082	134	2	110 24 
 1083	134	2	110 24 
 1084	134	2	132 2 
 1085	134	2	129 5 
 1086	134	2	134 0 
 1087	134	2	116 18 
 1088	134	2	123 11 
 1089	134	2	133 1 
 1090	134	2	133 1 
 1091	134	2	118 16 
 1092	134	2	118 16 
 1093	134	2	130 4 
 1094	134	2	133 1 
 1095	134	2	133 1 
 1096	134	2	132 2 
 1097	134	2	133 1 
 1098	134	2	133 1 
 1099	134	2	128 6 
 1100	134	2	128 6 
 1101	134	2	126 8 
 1102	134	2	128 6 
 1103	134	2	128 6 
 1104	134	2	128 6 
 1105	134	2	134 0 
 1106	134	2	133 1 
 1107	134	2	85 49 
 1108	134	2	49 85 
 1109	134	2	129 5 
 1110	134	2	129 5 
 1111	134	2	129 5 
 1112	134	2	133 1 
 1113	134	2	106 28 
 1114	134	2	133 1 
 1115	134	2	128 6 
 1116	134	2	125 9 
 1117	134	2	132 2 
 1118	134	2	132 2 
 1119	134	2	105 29 
 1120	134	2	124 10 
 1121	134	2	132 2 
 1122	134	2	133 1 
 1123	134	2	128 6 
 1124	134	2	51 83 
 1125	134	2	134 0 
 1126	134	2	133 1 
 1127	134	2	35 99 
 1128	134	2	125 9 
 1129	134	2	133 1 
 1130	134	2	40 94 
 1131	134	2	4 130 
 1132	134	2	134 0 
 1133	134	2	133 1 
 1134	134	2	105 29 
 1135	134	2	133 1 
 1136	134	2	134 0 
 1137	134	2	133 1 
 1138	134	2	130 4 
 1139	134	2	132 2 
 1140	134	2	96 38 
 1141	134	2	133 1 
 1142	134	2	133 1 
 1143	134	2	133 1 
 1144	134	2	132 2 
 1145	134	2	130 4 
 1146	134	2	133 1 
 1147	134	2	132 2 
 1148	134	2	133 1 
 1149	134	2	133 1 
 1150	134	2	133 1 
 1151	134	2	123 11 
 1152	134	2	126 8 
 1153	134	2	132 2 
 1154	134	2	102 32 
 1155	134	2	133 1 
 1156	134	2	124 10 
 1157	134	2	103 31 
 1158	134	2	132 2 
 1159	134	2	103 31 
 1160	134	2	132 2 
 1161	134	2	133 1 
 1162	134	2	131 3 
 1163	134	2	133 1 
 1164	134	2	134 0 
 1165	134	2	132 2 
 1166	134	2	131 3 
 1167	134	2	133 1 
 1168	134	2	124 10 
 1169	134	2	131 3 
 1170	134	2	133 1 
 1171	134	2	131 3 
 1172	134	2	133 1 
 1173	134	2	128 6 
 1174	134	2	131 3 
 1175	134	2	121 13 
 1176	134	2	133 1 
 1177	134	2	132 2 
 1178	134	2	133 1 
 1179	134	2	131 3 
 1180	134	2	133 1 
 1181	134	2	133 1 
 1182	134	2	129 5 
 1183	134	2	126 8 
 1184	134	2	133 1 
 1185	134	2	17 117 
 1186	134	2	130 4 
 1187	134	2	130 4 
 1188	134	2	62 72 
 1189	134	2	131 3 
 1190	134	2	132 2 
 1191	134	2	126 8 
 1192	134	2	124 10 
 1193	134	2	124 10 
 1194	134	2	128 6 
 1195	134	2	126 8 
 1196	134	2	133 1 
 1197	134	2	133 1 
 1198	134	2	132 2 
 1199	134	2	131 3 
 1200	134	2	132 2 
 1201	134	2	132 2 
 1202	134	2	132 2 
 1203	134	2	126 8 
 1204	134	2	79 55 
 1205	134	2	130 4 
 1206	134	2	130 4 
 1207	134	2	130 4 
 1208	134	2	83 51 
 1209	134	2	132 2 
 1210	134	2	132 2 
 1211	134	2	133 1 
 1212	134	2	125 9 
 1213	134	2	133 1 
 1214	134	2	132 2 
 1215	134	2	124 10 
 1216	134	2	133 1 
 1217	134	2	132 2 
 1218	134	2	131 3 
 1219	134	2	114 20 
 1220	134	2	132 2 
 1221	134	2	113 21 
 1222	134	2	133 1 
 1223	134	2	132 2 
 1224	134	2	129 5 
 1225	134	2	123 11 
 1226	134	2	126 8 
 1227	134	2	129 5 
 1228	134	2	131 3 
 1229	134	2	130 4 
 1230	134	2	116 18 
 1231	134	2	133 1 
 1232	134	2	133 1 
 1233	134	2	133 1 
 1234	134	2	131 3 
 1235	134	2	128 6 
 1236	134	2	133 1 
 1237	134	2	128 6 
 1238	134	2	106 28 
 1239	134	2	127 7 
 1240	134	2	133 1 
 1241	134	2	115 19 
 1242	134	2	132 2 
 1243	134	2	132 2 
 1244	134	2	57 77 
 1245	134	2	133 1 
 1246	134	2	72 62 
 1247	134	2	129 5 
 1248	134	2	133 1 
 1249	134	2	132 2 
 1250	134	2	133 1 
 1251	134	2	113 21 
 1252	134	2	133 1 
 1253	134	2	130 4 
 1254	134	2	130 4 
 1255	134	2	131 3 
 1256	134	2	129 5 
 1257	134	2	133 1 
 1258	134	2	129 5 
 1259	134	2	120 14 
 1260	134	2	127 7 
 1261	134	2	129 5 
 1262	134	2	128 6 
 1263	134	2	133 1 
 1264	134	2	129 5 
 1265	134	2	129 5 
 1266	134	2	129 5 
 1267	134	2	133 1 
 1268	134	2	127 7 
 1269	134	2	118 16 
 1270	134	2	118 16 
 1271	134	2	118 16 
 1272	134	2	118 16 
 1273	134	2	133 1 
 1274	134	2	118 16 
 1275	134	2	132 2 
 1276	134	2	132 2 
 1277	134	2	131 3 
 1278	134	2	132 2 
 1279	134	2	133 1 
 1280	134	2	133 1 
 1281	134	2	133 1 
 1282	134	2	131 3 
 1283	134	2	133 1 
 1284	134	2	133 1 
 1285	134	2	133 1 
 1286	134	2	9 125 
 1287	134	2	133 1 
 1288	134	2	106 28 
 1289	134	2	133 1 
 1290	134	2	132 2 
 1291	134	2	133 1 
 1292	134	2	27 107 
 1293	134	2	133 1 
 1294	134	2	133 1 
 1295	134	2	113 21 
 1296	134	2	132 2 
 1297	134	2	1 133 
 1298	134	2	131 3 
 1299	134	2	133 1 
 1300	134	2	127 7 
 1301	134	2	122 12 
 1302	134	2	133 1 
 1303	134	2	130 4 
 1304	134	2	122 12 
 1305	134	2	132 2 
 1306	134	2	133 1 
 1307	134	2	40 94 
 1308	134	2	128 6 
 1309	134	2	130 4 
 1310	134	2	130 4 
 1311	134	2	122 12 
 1312	134	2	131 3 
 1313	134	2	125 9 
 1314	134	2	94 40 
 1315	134	2	117 17 
 1316	134	2	133 1 
 1317	134	2	103 31 
 1318	134	2	131 3 
 1319	134	2	128 6 
 1320	134	2	100 34 
 1321	134	2	100 34 
 1322	134	2	125 9 
 1323	134	2	9 125 
 1324	134	2	133 1 
 1325	134	2	125 9 
 1326	134	2	133 1 
 1327	134	2	87 47 
 1328	134	2	47 87 
 1329	134	2	47 87 
 1330	134	2	133 1 
 1331	134	2	47 87 
 1332	134	2	47 87 
 1333	134	2	133 1 
 1334	134	2	130 4 
 1335	134	2	132 2 
 1336	134	2	130 4 
 1337	134	2	120 14 
 1338	134	2	132 2 
 1339	134	2	132 2 
 1340	134	2	132 2 
 1341	134	2	132 2 
 1342	134	2	128 6 
 1343	134	2	120 14 
 1344	134	2	133 1 
 1345	134	2	129 5 
 1346	134	2	120 14 
 1347	134	2	133 1 
 1348	134	2	129 5 
 1349	134	2	133 1 
 1350	134	2	23 111 
 1351	134	2	36 98 
 1352	134	2	36 98 
 1353	134	2	133 1 
 1354	134	2	132 2 
 1355	134	2	132 2 
 1356	134	2	132 2 
 1357	134	2	79 55 
 1358	134	2	130 4 
 1359	134	2	133 1 
 1360	134	2	128 6 
 1361	134	2	132 2 
 1362	134	2	129 5 
 1363	134	2	133 1 
 1364	134	2	128 6 
 1365	134	2	133 1 
 1366	134	2	128 6 
 1367	134	2	130 4 
 1368	134	2	132 2 
 1369	134	2	133 1 
 1370	134	2	132 2 
 1371	134	2	20 114 
 1372	134	2	58 76 
 1373	134	2	132 2 
 1374	134	2	133 1 
 1375	134	2	133 1 
 1376	134	2	129 5 
 1377	134	2	125 9 
 1378	134	2	131 3 
 1379	134	2	104 30 
 1380	134	2	131 3 
 1381	134	2	127 7 
 1382	134	2	134 0 
 1383	134	2	133 1 
 1384	134	2	130 4 
 1385	134	2	132 2 
 1386	134	2	133 1 
 1387	134	2	124 10 
 1388	134	2	131 3 
 1389	134	2	126 8 
 1390	134	2	132 2 
 1391	134	2	128 6 
 1392	134	2	26 108 
 1393	134	2	134 0 
 1394	134	2	28 106 
 1395	134	2	133 1 
 1396	134	2	133 1 
 1397	134	2	28 106 
 1398	134	2	2 132 
 1399	134	2	133 1 
 1400	134	2	64 70 
 1401	134	2	2 132 
 1402	134	2	126 8 
 1403	134	2	92 42 
 1404	134	2	132 2 
 1405	134	2	132 2 
 1406	134	2	91 43 
 1407	134	2	132 2 
 1408	134	2	132 2 
 1409	134	2	132 2 
 1410	134	2	133 1 
 1411	134	2	133 1 
 1412	134	2	130 4 
 1413	134	2	133 1 
 1414	134	2	133 1 
 1415	134	2	130 4 
 1416	134	2	130 4 
 1417	134	2	18 116 
 1418	134	2	133 1 
 1419	134	2	133 1 
 1420	134	2	133 1 
 1421	134	2	133 1 
 1422	134	2	4 130 
 1423	134	2	130 4 
 1424	134	2	130 4 
 1425	134	2	130 4 
 1426	134	2	132 2 
 1427	134	2	128 6 
 1428	134	2	132 2 
 1429	134	2	77 57 
 1430	134	2	130 4 
 1431	134	2	133 1 
 1432	134	2	133 1 
 1433	134	2	21 113 
 1434	134	2	134 0 
 1435	134	2	134 0 
 1436	134	2	9 125 
 1437	134	2	28 106 
 1438	134	2	88 46 
 1439	134	2	133 1 
 1440	134	2	106 28 
 1441	134	2	133 1 
 1442	134	2	132 2 
 1443	134	2	133 1 
 1444	134	2	119 15 
 1445	134	2	119 15 
 1446	134	2	94 40 
 1447	134	2	131 3 
 1448	134	2	94 40 
 1449	134	2	134 0 
 1450	134	2	132 2 
 1451	134	2	110 24 
 1452	134	2	132 2 
 1453	134	2	132 2 
 1454	134	2	124 10 
 1455	134	2	134 0 
 1456	134	2	133 1 
 1457	134	2	124 10 
 1458	134	2	134 0 
 1459	134	2	134 0 
 1460	134	2	133 1 
 1461	134	2	123 11 
 1462	134	2	41 93 
 1463	134	2	133 1 
 1464	134	2	41 93 
 1465	134	2	133 1 
 1466	134	2	133 1 
 1467	134	2	41 93 
 1468	134	2	132 2 
 1469	134	2	131 3 
 1470	134	2	132 2 
 1471	134	2	132 2 
 1472	134	2	128 6 
 1473	134	2	121 13 
 1474	134	2	127 7 
 1475	134	2	96 38 
 1476	134	2	127 7 
 1477	134	2	127 7 
 1478	134	2	133 1 
 1479	134	2	107 27 
 1480	134	2	127 7 
 1481	134	2	127 7 
 1482	134	2	130 4 
 1483	134	2	127 7 
 1484	134	2	127 7 
 1485	134	2	127 7 
 1486	134	2	127 7 
 1487	134	2	133 1 
 1488	134	2	134 0 
 1489	134	2	133 1 
 1490	134	2	131 3 
 1491	134	2	127 7 
 1492	134	2	127 7 
 1493	134	2	134 0 
 1494	134	2	133 1 
 1495	134	2	128 6 
 1496	134	2	85 49 
 1497	134	2	132 2 
 1498	134	2	133 1 
 1499	134	2	133 1 
 1500	134	2	125 9 
 1501	134	2	133 1 
 1502	134	2	133 1 
 1503	134	2	133 1 
 1504	134	2	132 2 
 1505	134	2	125 9 
 1506	134	2	132 2 
 1507	134	2	120 14 
 1508	134	2	10 124 
 1509	134	2	134 0 
 1510	134	2	82 52 
 1511	134	2	120 14 
 1512	134	2	120 14 
 1513	134	2	133 1 
 1514	134	2	121 13 
 1515	134	2	120 14 
 1516	134	2	133 1 
 1517	134	2	121 13 
 1518	134	2	97 37 
 1519	134	2	133 1 
 1520	134	2	133 1 
 1521	134	2	133 1 
 1522	134	2	123 11 
 1523	134	2	133 1 
 1524	134	2	23 111 
 1525	134	2	110 24 
 1526	134	2	118 16 
 1527	134	2	118 16 
 1528	134	2	118 16 
 1529	134	2	117 17 
 1530	134	2	130 4 
 1531	134	2	128 6 
 1532	134	2	133 1 
 1533	134	2	69 65 
 1534	134	2	65 69 
 1535	134	2	65 69 
 1536	134	2	127 7 
 1537	134	2	130 4 
 1538	134	2	133 1 
 1539	134	2	127 7 
 1540	134	2	132 2 
 1541	134	2	114 20 
 1542	134	2	129 5 
 1543	134	2	133 1 
 1544	134	2	126 8 
 1545	134	2	132 2 
 1546	134	2	113 21 
 1547	134	2	127 7 
 1548	134	2	120 14 
 1549	134	2	114 20 
 1550	134	2	133 1 
 1551	134	2	120 14 
 1552	134	2	1 133 
 1553	134	2	130 4 
 1554	134	2	130 4 
 1555	134	2	132 2 
 1556	134	2	124 10 
 1557	134	2	133 1 
 1558	134	2	119 15 
 1559	134	2	91 43 
 1560	134	2	43 91 
 1561	134	2	132 2 
 1562	134	2	132 2 
 1563	134	2	133 1 
 1564	134	2	133 1 
 1565	134	2	130 4 
 1566	134	2	133 1 
 1567	134	2	130 4 
 1568	134	2	129 5 
 1569	134	2	131 3 
 1570	134	2	132 2 
 1571	134	2	78 56 
 1572	134	2	133 1 
 1573	134	2	122 12 
 1574	134	2	123 11 
 1575	134	2	133 1 
 1576	134	2	133 1 
 1577	134	2	133 1 
 1578	134	2	133 1 
 1579	134	2	133 1 
 1580	134	2	129 5 
 1581	134	2	133 1 
 1582	134	2	120 14 
 1583	134	2	118 16 
 1584	134	2	120 14 
 1585	134	2	120 14 
 1586	134	2	120 14 
 1587	134	2	120 14 
 1588	134	2	134 0 
 1589	134	2	134 0 
 1590	134	2	109 25 
 1591	134	2	131 3 
 1592	134	2	133 1 
 1593	134	2	133 1 
 1594	134	2	133 1 
 1595	134	2	133 1 
 1596	134	2	133 1 
 1597	134	2	133 1 
 1598	134	2	133 1 
 1599	134	2	133 1 
 1600	134	2	133 1 
 1601	134	2	115 19 
 1602	134	2	133 1 
 1603	134	2	19 115 
 1604	134	2	134 0 
 1605	134	2	63 71 
 1606	134	2	133 1 
 1607	134	2	131 3 
 1608	134	2	133 1 
 1609	134	2	132 2 
 1610	134	2	130 4 
 1611	134	2	134 0 
 1612	134	2	129 5 
 1613	134	2	133 1 
 1614	134	2	134 0 
 1615	134	2	127 7 
 1616	134	2	108 26 
 1617	134	2	131 3 
 1618	134	2	130 4 
 1619	134	2	102 32 
 1620	134	2	130 4 
 1621	134	2	101 33 
 1622	134	2	113 21 
 1623	134	2	123 11 
 1624	134	2	94 40 
 1625	134	2	123 11 
 1626	134	2	123 11 
 1627	134	2	130 4 
 1628	134	2	133 1 
 1629	134	2	84 50 
 1630	134	2	131 3 
 1631	134	2	127 7 
 1632	134	2	127 7 
 1633	134	2	96 38 
 1634	134	2	108 26 
 1635	134	2	36 98 
 1636	134	2	133 1 
 1637	134	2	132 2 
 1638	134	2	133 1 
 1639	134	2	129 5 
 1640	134	2	122 12 
 1641	134	2	132 2 
 1642	134	2	133 1 
 1643	134	2	132 2 
 1644	134	2	132 2 
 1645	134	2	130 4 
 1646	134	2	95 39 
 1647	134	2	133 1 
 1648	134	2	97 37 
 1649	134	2	132 2 
 1650	134	2	95 39 
 1651	134	2	133 1 
 1652	134	2	130 4 
 1653	134	2	116 18 
 1654	134	2	131 3 
 1655	134	2	43 91 
 1656	134	2	130 4 
 1657	134	2	132 2 
 1658	134	2	128 6 
 1659	134	2	64 70 
 1660	134	2	126 8 
 1661	134	2	132 2 
 1662	134	2	133 1 
 1663	134	2	34 100 
 1664	134	2	130 4 
 1665	134	2	133 1 
 1666	134	2	131 3 
 1667	134	2	131 3 
 1668	134	2	133 1 
 1669	134	2	129 5 
 1670	134	2	133 1 
 1671	134	2	129 5 
 1672	134	2	132 2 
 1673	134	2	128 6 
 1674	134	2	129 5 
 1675	134	2	133 1 
 1676	134	2	126 8 
 1677	134	2	133 1 
 1678	134	2	127 7 
 1679	134	2	133 1 
 1680	134	2	106 28 
 1681	134	2	58 76 
 1682	134	2	129 5 
 1683	134	2	71 63 
 1684	134	2	122 12 
 1685	134	2	131 3 
 1686	134	2	126 8 
 1687	134	2	127 7 
 1688	134	2	133 1 
 1689	134	2	130 4 
 1690	134	2	127 7 
 1691	134	2	127 7 
 1692	134	2	91 43 
 1693	134	2	133 1 
 1694	134	2	133 1 
 1695	134	2	133 1 
 1696	134	2	130 4 
 1697	134	2	132 2 
 1698	134	2	106 28 
 1699	134	2	106 28 
 1700	134	2	87 47 
 1701	134	2	133 1 
 1702	134	2	121 13 
 1703	134	2	132 2 
 1704	134	2	133 1 
 1705	134	2	116 18 
 1706	134	2	133 1 
 1707	134	2	133 1 
 1708	134	2	131 3 
 1709	134	2	133 1 
 1710	134	2	54 80 
 1711	134	2	118 16 
 1712	134	2	116 18 
 1713	134	2	120 14 
 1714	134	2	130 4 
 1715	134	2	127 7 
 1716	134	2	131 3 
 1717	134	2	133 1 
 1718	134	2	9 125 
 1719	134	2	132 2 
 1720	134	2	125 9 
 1721	134	2	9 125 
 1722	134	2	132 2 
 1723	134	2	133 1 
 1724	134	2	133 1 
 1725	134	2	111 23 
 1726	134	2	133 1 
 1727	134	2	106 28 
 1728	134	2	118 16 
 1729	134	2	133 1 
 1730	134	2	123 11 
 1731	134	2	133 1 
 1732	134	2	60 74 
 1733	134	2	107 27 
 1734	134	2	109 25 
 1735	134	2	106 28 
 1736	134	2	119 15 
 1737	134	2	84 50 
 1738	134	2	105 29 
 1739	134	2	118 16 
 1740	134	2	123 11 
 1741	134	2	61 73 
 1742	134	2	106 28 
 1743	134	2	110 24 
 1744	134	2	105 29 
 1745	134	2	119 15 
 1746	134	2	101 33 
 1747	134	2	133 1 
 1748	134	2	125 9 
 1749	134	2	133 1 
 1750	134	2	124 10 
 1751	134	2	133 1 
 1752	134	2	131 3 
 1753	134	2	133 1 
 1754	134	2	131 3 
 1755	134	2	131 3 
 1756	134	2	132 2 
 1757	134	2	120 14 
 1758	134	2	131 3 
 1759	134	2	129 5 
 1760	134	2	133 1 
 1761	134	2	102 32 
 1762	134	2	134 0 
 1763	134	2	56 78 
 1764	134	2	132 2 
 1765	134	2	132 2 
 1766	134	2	133 1 
 1767	134	2	128 6 
 1768	134	2	134 0 
 1769	134	2	109 25 
 1770	134	2	110 24 
 1771	134	2	134 0 
 1772	134	2	131 3 
 1773	134	2	133 1 
 1774	134	2	133 1 
 1775	134	2	133 1 
 1776	134	2	133 1 
 1777	134	2	133 1 
 1778	134	2	131 3 
 1779	134	2	127 7 
 1780	134	2	133 1 
 1781	134	2	133 1 
 1782	134	2	100 34 
 1783	134	2	133 1 
 1784	134	2	132 2 
 1785	134	2	133 1 
 1786	134	2	133 1 
 1787	134	2	133 1 
 1788	134	2	131 3 
 1789	134	2	132 2 
 1790	134	2	131 3 
 1791	134	2	127 7 
 1792	134	2	133 1 
 1793	134	2	116 18 
 1794	134	2	50 84 
 1795	134	2	14 120 
 1796	134	2	9 125 
 1797	134	2	14 120 
 1798	134	2	14 120 
 1799	134	2	133 1 
 1800	134	2	133 1 
 1801	134	2	130 4 
 1802	134	2	128 6 
 1803	134	2	128 6 
 1804	134	2	16 118 
 1805	134	2	132 2 
 1806	134	2	131 3 
 1807	134	2	95 39 
 1808	134	2	128 6 
 1809	134	2	133 1 
 1810	134	2	133 1 
 1811	134	2	133 1 
 1812	134	2	133 1 
 1813	134	2	132 2 
 1814	134	2	128 6 
 1815	134	2	131 3 
 1816	134	2	112 22 
 1817	134	2	133 1 
 1818	134	2	131 3 
 1819	134	2	131 3 
 1820	134	2	129 5 
 1821	134	2	133 1 
 1822	134	2	133 1 
 1823	134	2	133 1 
 1824	134	2	133 1 
 1825	134	2	133 1 
 1826	134	2	125 9 
 1827	134	2	133 1 
 1828	134	2	101 33 
 1829	134	2	130 4 
 1830	134	2	95 39 
 1831	134	2	133 1 
 1832	134	2	132 2 
 1833	134	2	131 3 
 1834	134	2	75 59 
 1835	134	2	41 93 
 1836	134	2	132 2 
 1837	134	2	133 1 
 1838	134	2	124 10 
 1839	134	2	122 12 
 1840	134	2	133 1 
 1841	134	2	128 6 
 1842	134	2	133 1 
 1843	134	2	133 1 
 1844	134	2	116 18 
 1845	134	2	116 18 
 1846	134	2	118 16 
 1847	134	2	133 1 
 1848	134	2	133 1 
 1849	134	2	131 3 
 1850	134	2	133 1 
 1851	134	2	133 1 
 1852	134	2	134 0 
 1853	134	2	131 3 
 1854	134	2	133 1 
 1855	134	2	67 67 
 1856	134	2	131 3 
 1857	134	2	67 67 
 1858	134	2	132 2 
 1859	134	2	130 4 
 1860	134	2	133 1 
 1861	134	2	132 2 
 1862	134	2	133 1 
 1863	134	2	133 1 
 1864	134	2	11 123 
 1865	134	2	133 1 
 1866	134	2	127 7 
 1867	134	2	132 2 
 1868	134	2	130 4 
 1869	134	2	89 45 
 1870	134	2	132 2 
 1871	134	2	52 82 
 1872	134	2	45 89 
 1873	134	2	125 9 
 1874	134	2	133 1 
 1875	134	2	132 2 
 1876	134	2	89 45 
 1877	134	2	115 19 
 1878	134	2	132 2 
 1879	134	2	28 106 
 1880	134	2	133 1 
 1881	134	2	131 3 
 1882	134	2	99 35 
 1883	134	2	131 3 
 1884	134	2	131 3 
 1885	134	2	133 1 
 1886	134	2	132 2 
 1887	134	2	132 2 
 1888	134	2	131 3 
 1889	134	2	129 5 
 1890	134	2	131 3 
 1891	134	2	128 6 
 1892	134	2	133 1 
 1893	134	2	64 70 
 1894	134	2	133 1 
 1895	134	2	96 38 
 1896	134	2	132 2 
 1897	134	2	132 2 
 1898	134	2	132 2 
 1899	134	2	132 2 
 1900	134	2	130 4 
 1901	134	2	132 2 
 1902	134	2	11 123 
 1903	134	2	123 11 
 1904	134	2	129 5 
 1905	134	2	133 1 
 1906	134	2	133 1 
 1907	134	2	133 1 
 1908	134	2	97 37 
 1909	134	2	133 1 
 1910	134	2	97 37 
 1911	134	2	133 1 
 1912	134	2	131 3 
 1913	134	2	53 81 
 1914	134	2	133 1 
 1915	134	2	125 9 
 1916	134	2	132 2 
 1917	134	2	132 2 
 1918	134	2	132 2 
 1919	134	2	84 50 
 1920	134	2	120 14 
 1921	134	2	31 103 
 1922	134	2	133 1 
 1923	134	2	133 1 
 1924	134	2	131 3 
 1925	134	2	120 14 
 1926	134	2	130 4 
 1927	134	2	134 0 
 1928	134	2	84 50 
 1929	134	2	84 50 
 1930	134	2	54 80 
 1931	134	2	133 1 
 1932	134	2	134 0 
 1933	134	2	132 2 
 1934	134	2	129 5 
 1935	134	2	133 1 
 1936	134	2	133 1 
 1937	134	2	134 0 
 1938	134	2	131 3 
 1939	134	2	133 1 
 1940	134	2	134 0 
 1941	134	2	108 26 
 1942	134	2	114 20 
 1943	134	2	56 78 
 1944	134	2	132 2 
 1945	134	2	67 67 
 1946	134	2	67 67 
 1947	134	2	133 1 
 1948	134	2	25 109 
 1949	134	2	133 1 
 1950	134	2	129 5 
 1951	134	2	131 3 
 1952	134	2	34 100 
 1953	134	2	127 7 
 1954	134	2	127 7 
 1955	134	2	129 5 
 1956	134	2	133 1 
 1957	134	2	128 6 
 1958	134	2	132 2 
 1959	134	2	133 1 
 1960	134	2	130 4 
 1961	134	2	133 1 
 1962	134	2	133 1 
 1963	134	2	133 1 
 1964	134	2	128 6 
 1965	134	2	133 1 
 1966	134	2	118 16 
 1967	134	2	104 30 
 1968	134	2	30 104 
 1969	134	2	30 104 
 1970	134	2	132 2 
 1971	134	2	130 4 
 1972	134	2	103 31 
 1973	134	2	133 1 
 1974	134	2	132 2 
 1975	134	2	127 7 
 1976	134	2	133 1 
 1977	134	2	130 4 
 1978	134	2	125 9 
 1979	134	2	133 1 
 1980	134	2	133 1 
 1981	134	2	133 1 
 1982	134	2	133 1 
 1983	134	2	133 1 
 1984	134	2	132 2 
 1985	134	2	133 1 
 1986	134	2	133 1 
 1987	134	2	133 1 
 1988	134	2	133 1 
 1989	134	2	133 1 
 1990	134	2	133 1 
 1991	134	2	130 4 
 1992	134	2	133 1 
 1993	134	2	121 13 
 1994	134	2	121 13 
 1995	134	2	121 13 
 1996	134	2	132 2 
 1997	134	2	133 1 
 1998	134	2	127 7 
 1999	134	2	134 0 
 2000	134	2	4 130 
 2001	134	2	129 5 
 2002	134	2	132 2 
 2003	134	2	126 8 
 2004	134	2	128 6 
 2005	134	2	131 3 
 2006	134	2	131 3 
 2007	134	2	133 1 
 2008	134	2	133 1 
 2009	134	2	133 1 
 2010	134	2	132 2 
 2011	134	2	59 75 
 2012	134	2	131 3 
 2013	134	2	72 62 
 2014	134	2	85 49 
 2015	134	2	133 1 
 2016	134	2	49 85 
 2017	134	2	72 62 
 2018	134	2	121 13 
 2019	134	2	132 2 
 2020	134	2	133 1 
 2021	134	2	123 11 
 2022	134	2	131 3 
 2023	134	2	127 7 
 2024	134	2	24 110 
 2025	134	2	106 28 
 2026	134	2	133 1 
 2027	134	2	113 21 
 2028	134	2	113 21 
 2029	134	2	124 10 
 2030	134	2	104 30 
 2031	134	2	33 101 
 2032	134	2	133 1 
 2033	134	2	131 3 
 2034	134	2	133 1 
 2035	134	2	131 3 
 2036	134	2	129 5 
 2037	134	2	66 68 
 2038	134	2	131 3 
 2039	134	2	115 19 
 2040	134	2	130 4 
 2041	134	2	130 4 
 2042	134	2	90 44 
 2043	134	2	115 19 
 2044	134	2	121 13 
 2045	134	2	133 1 
 2046	134	2	130 4 
 2047	134	2	132 2 
 2048	134	2	90 44 
 2049	134	2	133 1 
 2050	134	2	132 2 
 2051	134	2	131 3 
 2052	134	2	43 91 
 2053	134	2	133 1 
 2054	134	2	132 2 
 2055	134	2	134 0 
 2056	134	2	128 6 
 2057	134	2	128 6 
 2058	134	2	127 7 
 2059	134	2	133 1 
 2060	134	2	129 5 
 2061	134	2	133 1 
 2062	134	2	127 7 
 2063	134	2	127 7 
 2064	134	2	127 7 
 2065	134	2	127 7 
 2066	134	2	109 25 
 2067	134	2	133 1 
 2068	134	2	131 3 
 2069	134	2	132 2 
 2070	134	2	133 1 
 2071	134	2	133 1 
 2072	134	2	129 5 
 2073	134	2	131 3 
 2074	134	2	131 3 
 2075	134	2	131 3 
 2076	134	2	131 3 
 2077	134	2	133 1 
 2078	134	2	133 1 
 2079	134	2	52 82 
 2080	134	2	131 3 
 2081	134	2	133 1 
 2082	134	2	133 1 
 2083	134	2	125 9 
 2084	134	2	130 4 
 2085	134	2	125 9 
 2086	134	2	134 0 
 2087	134	2	133 1 
 2088	134	2	125 9 
 2089	134	2	127 7 
 2090	134	2	133 1 
 2091	134	2	133 1 
 2092	134	2	129 5 
 2093	134	2	80 54 
 2094	134	2	133 1 
 2095	134	2	132 2 
 2096	134	2	90 44 
 2097	134	2	133 1 
 2098	134	2	133 1 
 2099	134	2	75 59 
 2100	134	2	62 72 
 2101	134	2	133 1 
 2102	134	2	131 3 
 2103	134	2	59 75 
 2104	134	2	133 1 
 2105	134	2	133 1 
 2106	134	2	59 75 
 2107	134	2	131 3 
 2108	134	2	56 78 
 2109	134	2	132 2 
 2110	134	2	75 59 
 2111	134	2	133 1 
 2112	134	2	127 7 
 2113	134	2	133 1 
 2114	134	2	133 1 
 2115	134	2	132 2 
 2116	134	2	132 2 
 2117	134	2	133 1 
 2118	134	2	133 1 
 2119	134	2	133 1 
 2120	134	2	132 2 
 2121	134	2	121 13 
 2122	134	2	132 2 
 2123	134	2	131 3 
 2124	134	2	67 67 
 2125	134	2	60 74 
 2126	134	2	128 6 
 2127	134	2	75 59 
 2128	134	2	126 8 
 2129	134	2	100 34 
 2130	134	2	119 15 
 2131	134	2	100 34 
 2132	134	2	119 15 
 2133	134	2	122 12 
 2134	134	2	129 5 
 2135	134	2	133 1 
 2136	134	2	133 1 
 2137	134	2	133 1 
 2138	134	2	132 2 
 2139	134	2	133 1 
 2140	134	2	132 2 
 2141	134	2	133 1 
 2142	134	2	132 2 
 2143	134	2	133 1 
 2144	134	2	133 1 
 2145	134	2	129 5 
 2146	134	2	132 2 
 2147	134	2	133 1 
 2148	134	2	25 109 
 2149	134	2	124 10 
 2150	134	2	132 2 
 2151	134	2	131 3 
 2152	134	2	76 58 
 2153	134	2	59 75 
 2154	134	2	129 5 
 2155	134	2	130 4 
 2156	134	2	133 1 
 2157	134	2	120 14 
 2158	134	2	131 3 
 2159	134	2	56 78 
 2160	134	2	128 6 
 2161	134	2	109 25 
 2162	134	2	126 8 
 2163	134	2	73 61 
 2164	134	2	133 1 
 2165	134	2	132 2 
 2166	134	2	132 2 
 2167	134	2	133 1 
 2168	134	2	23 111 
 2169	134	2	23 111 
 2170	134	2	23 111 
 2171	134	2	132 2 
 2172	134	2	23 111 
 2173	134	2	78 56 
 2174	134	2	133 1 
 2175	134	2	132 2 
 2176	134	2	78 56 
 2177	134	2	132 2 
 2178	134	2	133 1 
 2179	134	2	131 3 
 2180	134	2	133 1 
 2181	134	2	128 6 
 2182	134	2	132 2 
 2183	134	2	133 1 
 2184	134	2	122 12 
 2185	134	2	123 11 
 2186	134	2	129 5 
 2187	134	2	36 98 
 2188	134	2	133 1 
 2189	134	2	127 7 
 2190	134	2	130 4 
 2191	134	2	133 1 
 2192	134	2	132 2 
 2193	134	2	127 7 
 2194	134	2	128 6 
 2195	134	2	132 2 
 2196	134	2	133 1 
 2197	134	2	33 101 
 2198	134	2	125 9 
 2199	134	2	133 1 
 2200	134	2	130 4 
 2201	134	2	133 1 
 2202	134	2	133 1 
 2203	134	2	131 3 
 2204	134	2	133 1 
 2205	134	2	125 9 
 2206	134	2	125 9 
 2207	134	2	106 28 
 2208	134	2	133 1 
 2209	134	2	74 60 
 2210	134	2	108 26 
 2211	134	2	132 2 
 2212	134	2	129 5 
 2213	134	2	133 1 
 2214	134	2	84 50 
 2215	134	2	127 7 
 2216	134	2	127 7 
 2217	134	2	127 7 
 2218	134	2	26 108 
 2219	134	2	134 0 
 2220	134	2	133 1 
 2221	134	2	132 2 
 2222	134	2	133 1 
 2223	134	2	132 2 
 2224	134	2	133 1 
 2225	134	2	123 11 
 2226	134	2	130 4 
 2227	134	2	133 1 
 2228	134	2	133 1 
 2229	134	2	133 1 
 2230	134	2	132 2 
 2231	134	2	132 2 
 2232	134	2	10 124 
 2233	134	2	132 2 
 2234	134	2	131 3 
 2235	134	2	133 1 
 2236	134	2	113 21 
 2237	134	2	130 4 
 2238	134	2	102 32 
 2239	134	2	126 8 
 2240	134	2	130 4 
 2241	134	2	133 1 
 2242	134	2	133 1 
 2243	134	2	124 10 
 2244	134	2	131 3 
 2245	134	2	124 10 
 2246	134	2	131 3 
 2247	134	2	133 1 
 2248	134	2	133 1 
 2249	134	2	56 78 
 2250	134	2	133 1 
 2251	134	2	131 3 
 2252	134	2	133 1 
 2253	134	2	133 1 
 2254	134	2	118 16 
 2255	134	2	128 6 
 2256	134	2	133 1 
 2257	134	2	133 1 
 2258	134	2	128 6 
 2259	134	2	133 1 
 2260	134	2	132 2 
 2261	134	2	129 5 
 2262	134	2	132 2 
 2263	134	2	124 10 
 2264	134	2	133 1 
 2265	134	2	133 1 
 2266	134	2	119 15 
 2267	134	2	131 3 
 2268	134	2	128 6 
 2269	134	2	133 1 
 2270	134	2	129 5 
 2271	134	2	132 2 
 2272	134	2	126 8 
 2273	134	2	113 21 
 2274	134	2	113 21 
 2275	134	2	116 18 
 2276	134	2	132 2 
 2277	134	2	113 21 
 2278	134	2	88 46 
 2279	134	2	132 2 
 2280	134	2	133 1 
 2281	134	2	86 48 
 2282	134	2	133 1 
 2283	134	2	130 4 
 2284	134	2	133 1 
 2285	134	2	86 48 
 2286	134	2	131 3 
 2287	134	2	124 10 
 2288	134	2	130 4 
 2289	134	2	132 2 
 2290	134	2	133 1 
 2291	134	2	124 10 
 2292	134	2	130 4 
 2293	134	2	132 2 
 2294	134	2	109 25 
 2295	134	2	109 25 
 2296	134	2	133 1 
 2297	134	2	109 25 
 2298	134	2	132 2 
 2299	134	2	109 25 
 2300	134	2	129 5 
 2301	134	2	134 0 
 2302	134	2	134 0 
 2303	134	2	131 3 
 2304	134	2	131 3 
 2305	134	2	130 4 
 2306	134	2	133 1 
 2307	134	2	86 48 
 2308	134	2	133 1 
 2309	134	2	133 1 
 2310	134	2	133 1 
 2311	134	2	133 1 
 2312	134	2	133 1 
 2313	134	2	133 1 
 2314	134	2	90 44 
 2315	134	2	133 1 
 2316	134	2	124 10 
 2317	134	2	129 5 
 2318	134	2	130 4 
 2319	134	2	129 5 
 2320	134	2	133 1 
 2321	134	2	129 5 
 2322	134	2	99 35 
 2323	134	2	132 2 
 2324	134	2	133 1 
 2325	134	2	71 63 
 2326	134	2	133 1 
 2327	134	2	32 102 
 2328	134	2	132 2 
 2329	134	2	131 3 
 2330	134	2	119 15 
 2331	134	2	124 10 
 2332	134	2	97 37 
 2333	134	2	26 108 
 2334	134	2	133 1 
 2335	134	2	133 1 
 2336	134	2	10 124 
 2337	134	2	133 1 
 2338	134	2	132 2 
 2339	134	2	133 1 
 2340	134	2	132 2 
 2341	134	2	133 1 
 2342	134	2	132 2 
 2343	134	2	133 1 
 2344	134	2	133 1 
 2345	134	2	128 6 
 2346	134	2	131 3 
 2347	134	2	130 4 
 2348	134	2	125 9 
 2349	134	2	122 12 
 2350	134	2	130 4 
 2351	134	2	133 1 
 2352	134	2	131 3 
 2353	134	2	133 1 
 2354	134	2	131 3 
 2355	134	2	130 4 
 2356	134	2	132 2 
 2357	134	2	124 10 
 2358	134	2	132 2 
 2359	134	2	132 2 
 2360	134	2	132 2 
 2361	134	2	8 126 
 2362	134	2	133 1 
 2363	134	2	127 7 
 2364	134	2	105 29 
 2365	134	2	98 36 
 2366	134	2	133 1 
 2367	134	2	133 1 
 2368	134	2	132 2 
 2369	134	2	124 10 
 2370	134	2	133 1 
 2371	134	2	133 1 
 2372	134	2	133 1 
 2373	134	2	133 1 
 2374	134	2	133 1 
 2375	134	2	133 1 
 2376	134	2	133 1 
 2377	134	2	133 1 
 2378	134	2	133 1 
 2379	134	2	133 1 
 2380	134	2	133 1 
 2381	134	2	133 1 
 2382	134	2	131 3 
 2383	134	2	15 119 
 2384	134	2	133 1 
 2385	134	2	132 2 
 2386	134	2	133 1 
 2387	134	2	134 0 
 2388	134	2	133 1 
 2389	134	2	129 5 
 2390	134	2	120 14 
 2391	134	2	129 5 
 2392	134	2	109 25 
 2393	134	2	120 14 
 2394	134	2	133 1 
 2395	134	2	131 3 
 2396	134	2	119 15 
 2397	134	2	131 3 
 2398	134	2	133 1 
 2399	134	2	119 15 
 2400	134	2	122 12 
 2401	134	2	117 17 
 2402	134	2	133 1 
 2403	134	2	36 98 
 2404	134	2	133 1 
 2405	134	2	133 1 
 2406	134	2	128 6 
 2407	134	2	133 1 
 2408	134	2	122 12 
 2409	134	2	132 2 
 2410	134	2	133 1 
 2411	134	2	133 1 
 2412	134	2	131 3 
 2413	134	2	82 52 
 2414	134	2	82 52 
 2415	134	2	130 4 
 2416	134	2	133 1 
 2417	134	2	134 0 
 2418	134	2	7 127 
 2419	134	2	134 0 
 2420	134	2	133 1 
 2421	134	2	7 127 
 2422	134	2	133 1 
 2423	134	2	129 5 
 2424	134	2	130 4 
 2425	134	2	129 5 
 2426	134	2	131 3 
 2427	134	2	132 2 
 2428	134	2	108 26 
 2429	134	2	131 3 
 2430	134	2	130 4 
 2431	134	2	108 26 
 2432	134	2	133 1 
 2433	134	2	26 108 
 2434	134	2	119 15 
 2435	134	2	130 4 
 2436	134	2	133 1 
 2437	134	2	131 3 
 2438	134	2	40 94 
 2439	134	2	133 1 
 2440	134	2	116 18 
 2441	134	2	28 106 
 2442	134	2	125 9 
 2443	134	2	130 4 
 2444	134	2	133 1 
 2445	134	2	133 1 
 2446	134	2	133 1 
 2447	134	2	133 1 
 2448	134	2	131 3 
 2449	134	2	133 1 
 2450	134	2	105 29 
 2451	134	2	134 0 
 2452	134	2	134 0 
 2453	134	2	134 0 
 2454	134	2	134 0 
 2455	134	2	132 2 
 2456	134	2	132 2 
 2457	134	2	133 1 
 2458	134	2	131 3 
 2459	134	2	21 113 
 2460	134	2	65 69 
 2461	134	2	65 69 
 2462	134	2	86 48 
 2463	134	2	21 113 
 2464	134	2	64 70 
 2465	134	2	113 21 
 2466	134	2	99 35 
 2467	134	2	133 1 
 2468	134	2	111 23 
 2469	134	2	133 1 
 2470	134	2	133 1 
 2471	134	2	133 1 
 2472	134	2	105 29 
 2473	134	2	117 17 
 2474	134	2	127 7 
 2475	134	2	27 107 
 2476	134	2	117 17 
 2477	134	2	117 17 
 2478	134	2	134 0 
 2479	134	2	130 4 
 2480	134	2	133 1 
 2481	134	2	125 9 
 2482	134	2	134 0 
 2483	134	2	133 1 
 2484	134	2	89 45 
 2485	134	2	89 45 
 2486	134	2	133 1 
 2487	134	2	117 17 
 2488	134	2	117 17 
 2489	134	2	117 17 
 2490	134	2	133 1 
 2491	134	2	117 17 
 2492	134	2	133 1 
 2493	134	2	131 3 
 2494	134	2	131 3 
 2495	134	2	133 1 
 2496	134	2	133 1 
 2497	134	2	133 1 
 2498	134	2	84 50 
 2499	134	2	115 19 
 2500	134	2	128 6 
 2501	134	2	129 5 
 2502	134	2	123 11 
 2503	134	2	123 11 
 2504	134	2	130 4 
 2505	134	2	120 14 
 2506	134	2	134 0 
 2507	134	2	115 19 
 2508	134	2	133 1 
 2509	134	2	131 3 
 2510	134	2	131 3 
 2511	134	2	105 29 
 2512	134	2	131 3 
 2513	134	2	78 56 
 2514	134	2	132 2 
 2515	134	2	132 2 
 2516	134	2	132 2 
 2517	134	2	132 2 
 2518	134	2	133 1 
 2519	134	2	133 1 
 2520	134	2	132 2 
 2521	134	2	133 1 
 2522	134	2	133 1 
 2523	134	2	129 5 
 2524	134	2	132 2 
 2525	134	2	133 1 
 2526	134	2	132 2 
 2527	134	2	134 0 
 2528	134	2	123 11 
 2529	134	2	131 3 
 2530	134	2	117 17 
 2531	134	2	129 5 
 2532	134	2	92 42 
 2533	134	2	111 23 
 2534	134	2	92 42 
 2535	134	2	92 42 
 2536	134	2	130 4 
 2537	134	2	132 2 
 2538	134	2	129 5 
 2539	134	2	133 1 
 2540	134	2	133 1 
 2541	134	2	133 1 
 2542	134	2	131 3 
 2543	134	2	133 1 
 2544	134	2	133 1 
 2545	134	2	133 1 
 2546	134	2	133 1 
 2547	134	2	133 1 
 2548	134	2	133 1 
 2549	134	2	133 1 
 2550	134	2	133 1 
 2551	134	2	121 13 
 2552	134	2	132 2 
 2553	134	2	132 2 
 2554	134	2	133 1 
 2555	134	2	132 2 
 2556	134	2	126 8 
 2557	134	2	133 1 
 2558	134	2	117 17 
 2559	134	2	111 23 
 2560	134	2	133 1 
 2561	134	2	35 99 
 2562	134	2	30 104 
 2563	134	2	9 125 
 2564	134	2	129 5 
 2565	134	2	133 1 
 2566	134	2	132 2 
 2567	134	2	101 33 
 2568	134	2	128 6 
 2569	134	2	133 1 
 2570	134	2	133 1 
 2571	134	2	133 1 
 2572	134	2	126 8 
 2573	134	2	120 14 
 2574	134	2	133 1 
 2575	134	2	133 1 
 2576	134	2	130 4 
 2577	134	2	133 1 
 2578	134	2	129 5 
 2579	134	2	133 1 
 2580	134	2	133 1 
 2581	134	2	133 1 
 2582	134	2	132 2 
 2583	134	2	132 2 
 2584	134	2	131 3 
 2585	134	2	131 3 
 2586	134	2	131 3 
 2587	134	2	133 1 
 2588	134	2	124 10 
 2589	134	2	99 35 
 2590	134	2	133 1 
 2591	134	2	98 36 
 2592	134	2	98 36 
 2593	134	2	130 4 
 2594	134	2	131 3 
 2595	134	2	133 1 
 2596	134	2	106 28 
 2597	134	2	133 1 
 2598	134	2	123 11 
 2599	134	2	123 11 
 2600	134	2	130 4 
 2601	134	2	130 4 
 2602	134	2	131 3 
 2603	134	2	133 1 
 2604	134	2	131 3 
 2605	134	2	129 5 
 2606	134	2	130 4 
 2607	134	2	126 8 
 2608	134	2	133 1 
 2609	134	2	114 20 
 2610	134	2	130 4 
 2611	134	2	132 2 
 2612	134	2	121 13 
 2613	134	2	121 13 
 2614	134	2	126 8 
 2615	134	2	133 1 
 2616	134	2	132 2 
 2617	134	2	95 39 
 2618	134	2	123 11 
 2619	134	2	133 1 
 2620	134	2	133 1 
 2621	134	2	133 1 
 2622	134	2	129 5 
 2623	134	2	133 1 
 2624	134	2	129 5 
 2625	134	2	132 2 
 2626	134	2	125 9 
 2627	134	2	125 9 
 2628	134	2	133 1 
 2629	134	2	125 9 
 2630	134	2	125 9 
 2631	134	2	125 9 
 2632	134	2	117 17 
 2633	134	2	22 112 
 2634	134	2	131 3 
 2635	134	2	133 1 
 2636	134	2	133 1 
 2637	134	2	1 133 
 2638	134	2	121 13 
 2639	134	2	131 3 
 2640	134	2	131 3 
 2641	134	2	130 4 
 2642	134	2	131 3 
 2643	134	2	133 1 
 2644	134	2	132 2 
 2645	134	2	133 1 
 2646	134	2	131 3 
 2647	134	2	131 3 
 2648	134	2	132 2 
 2649	134	2	132 2 
 2650	134	2	133 1 
 2651	134	2	133 1 
 2652	134	2	131 3 
 2653	134	2	133 1 
 2654	134	2	132 2 
 2655	134	2	130 4 
 2656	134	2	134 0 
 2657	134	2	131 3 
 2658	134	2	131 3 
 2659	134	2	133 1 
 2660	134	2	131 3 
 2661	134	2	133 1 
 2662	134	2	133 1 
 2663	134	2	112 22 
 2664	134	2	121 13 
 2665	134	2	112 22 
 2666	134	2	132 2 
 2667	134	2	112 22 
 2668	134	2	112 22 
 2669	134	2	131 3 
 2670	134	2	134 0 
 2671	134	2	130 4 
 2672	134	2	131 3 
 2673	134	2	133 1 
 2674	134	2	133 1 
 2675	134	2	133 1 
 2676	134	2	133 1 
 2677	134	2	133 1 
 2678	134	2	133 1 
 2679	134	2	133 1 
 2680	134	2	133 1 
 2681	134	2	133 1 
 2682	134	2	133 1 
 2683	134	2	132 2 
 2684	134	2	133 1 
 2685	134	2	133 1 
 2686	134	2	129 5 
 2687	134	2	6 128 
 2688	134	2	128 6 
 2689	134	2	128 6 
 2690	134	2	132 2 
 2691	134	2	130 4 
 2692	134	2	133 1 
 2693	134	2	129 5 
 2694	134	2	133 1 
 2695	134	2	133 1 
 2696	134	2	134 0 
 2697	134	2	130 4 
 2698	134	2	134 0 
 2699	134	2	131 3 
 2700	134	2	133 1 
 2701	134	2	127 7 
 2702	134	2	129 5 
 2703	134	2	129 5 
 2704	134	2	133 1 
 2705	134	2	133 1 
 2706	134	2	129 5 
 2707	134	2	129 5 
 2708	134	2	128 6 
 2709	134	2	126 8 
 2710	134	2	132 2 
 2711	134	2	128 6 
 2712	134	2	118 16 
 2713	134	2	118 16 
 2714	134	2	132 2 
 2715	134	2	132 2 
 2716	134	2	132 2 
 2717	134	2	118 16 
 2718	134	2	132 2 
 2719	134	2	130 4 
 2720	134	2	133 1 
 2721	134	2	128 6 
 2722	134	2	126 8 
 2723	134	2	130 4 
 2724	134	2	133 1 
 2725	134	2	123 11 
 2726	134	2	68 66 
 2727	134	2	133 1 
 2728	134	2	73 61 
 2729	134	2	74 60 
 2730	134	2	132 2 
 2731	134	2	133 1 
 2732	134	2	129 5 
 2733	134	2	133 1 
 2734	134	2	31 103 
 2735	134	2	132 2 
 2736	134	2	132 2 
 2737	134	2	68 66 
 2738	134	2	133 1 
 2739	134	2	132 2 
 2740	134	2	133 1 
 2741	134	2	61 73 
 2742	134	2	63 71 
 2743	134	2	124 10 
 2744	134	2	128 6 
 2745	134	2	132 2 
 2746	134	2	133 1 
 2747	134	2	133 1 
 2748	134	2	43 91 
 2749	134	2	114 20 
 2750	134	2	134 0 
 2751	134	2	129 5 
 2752	134	2	133 1 
 2753	134	2	133 1 
 2754	134	2	133 1 
 2755	134	2	111 23 
 2756	134	2	126 8 
 2757	134	2	133 1 
 2758	134	2	133 1 
 2759	134	2	133 1 
 2760	134	2	125 9 
 2761	134	2	134 0 
 2762	134	2	119 15 
 2763	134	2	133 1 
 2764	134	2	126 8 
 2765	134	2	126 8 
 2766	134	2	131 3 
 2767	134	2	126 8 
 2768	134	2	126 8 
 2769	134	2	120 14 
 2770	134	2	132 2 
 2771	134	2	22 112 
 2772	134	2	109 25 
 2773	134	2	118 16 
 2774	134	2	132 2 
 2775	134	2	124 10 
 2776	134	2	21 113 
 2777	134	2	52 82 
 2778	134	2	82 52 
 2779	134	2	130 4 
 2780	134	2	130 4 
 2781	134	2	130 4 
 2782	134	2	133 1 
 2783	134	2	19 115 
 2784	134	2	133 1 
 2785	134	2	129 5 
 2786	134	2	68 66 
 2787	134	2	87 47 
 2788	134	2	132 2 
 2789	134	2	133 1 
 2790	134	2	132 2 
 2791	134	2	132 2 
 2792	134	2	132 2 
 2793	134	2	115 19 
 2794	134	2	132 2 
 2795	134	2	69 65 
 2796	134	2	94 40 
 2797	134	2	133 1 
 2798	134	2	94 40 
 2799	134	2	133 1 
 2800	134	2	132 2 
 2801	134	2	133 1 
 2802	134	2	108 26 
 2803	134	2	131 3 
 2804	134	2	33 101 
 2805	134	2	33 101 
 2806	134	2	131 3 
 2807	134	2	132 2 
 2808	134	2	133 1 
 2809	134	2	131 3 
 2810	134	2	124 10 
 2811	134	2	133 1 
 2812	134	2	134 0 
 2813	134	2	133 1 
 2814	134	2	126 8 
 2815	134	2	113 21 
 2816	134	2	128 6 
 2817	134	2	6 128 
 2818	134	2	131 3 
 2819	134	2	130 4 
 2820	134	2	132 2 
 2821	134	2	63 71 
 2822	134	2	132 2 
 2823	134	2	133 1 
 2824	134	2	133 1 
 2825	134	2	133 1 
 2826	134	2	123 11 
 2827	134	2	133 1 
 2828	134	2	132 2 
 2829	134	2	131 3 
 2830	134	2	125 9 
 2831	134	2	130 4 
 2832	134	2	129 5 
 2833	134	2	128 6 
 2834	134	2	129 5 
 2835	134	2	133 1 
 2836	134	2	131 3 
 2837	134	2	133 1 
 2838	134	2	86 48 
 2839	134	2	124 10 
 2840	134	2	132 2 
 2841	134	2	124 10 
 2842	134	2	133 1 
 2843	134	2	133 1 
 2844	134	2	127 7 
 2845	134	2	132 2 
 2846	134	2	133 1 
 2847	134	2	132 2 
 2848	134	2	127 7 
 2849	134	2	132 2 
 2850	134	2	132 2 
 2851	134	2	124 10 
 2852	134	2	130 4 
 2853	134	2	127 7 
 2854	134	2	132 2 
 2855	134	2	134 0 
 2856	134	2	129 5 
 2857	134	2	125 9 
 2858	134	2	127 7 
 2859	134	2	125 9 
 2860	134	2	108 26 
 2861	134	2	114 20 
 2862	134	2	108 26 
 2863	134	2	132 2 
 2864	134	2	119 15 
 2865	134	2	130 4 
 2866	134	2	132 2 
 2867	134	2	131 3 
 2868	134	2	133 1 
 2869	134	2	37 97 
 2870	134	2	132 2 
 2871	134	2	62 72 
 2872	134	2	132 2 
 2873	134	2	132 2 
 2874	134	2	109 25 
 2875	134	2	134 0 
 2876	134	2	133 1 
 2877	134	2	110 24 
 2878	134	2	133 1 
 2879	134	2	132 2 
 2880	134	2	133 1 
 2881	134	2	128 6 
 2882	134	2	132 2 
 2883	134	2	133 1 
 2884	134	2	132 2 
 2885	134	2	133 1 
 2886	134	2	120 14 
 2887	134	2	133 1 
 2888	134	2	132 2 
 2889	134	2	133 1 
 2890	134	2	134 0 
 2891	134	2	109 25 
 2892	134	2	5 129 
 2893	134	2	129 5 
 2894	134	2	131 3 
 2895	134	2	127 7 
 2896	134	2	133 1 
 2897	134	2	133 1 
 2898	134	2	125 9 
 2899	134	2	133 1 
 2900	134	2	125 9 
 2901	134	2	133 1 
 2902	134	2	130 4 
 2903	134	2	80 54 
 2904	134	2	133 1 
 2905	134	2	133 1 
 2906	134	2	130 4 
 2907	134	2	26 108 
 2908	134	2	27 107 
 2909	134	2	131 3 
 2910	134	2	119 15 
 2911	134	2	119 15 
 2912	134	2	131 3 
 2913	134	2	132 2 
 2914	134	2	133 1 
 2915	134	2	121 13 
 2916	134	2	133 1 
 2917	134	2	133 1 
 2918	134	2	133 1 
 2919	134	2	133 1 
 2920	134	2	133 1 
 2921	134	2	133 1 
 2922	134	2	133 1 
 2923	134	2	134 0 
 2924	134	2	24 110 
 2925	134	2	104 30 
 2926	134	2	133 1 
 2927	134	2	133 1 
 2928	134	2	113 21 
 2929	134	2	113 21 
 2930	134	2	15 119 
 2931	134	2	124 10 
 2932	134	2	132 2 
 2933	134	2	110 24 
 2934	134	2	134 0 
 2935	134	2	109 25 
 2936	134	2	131 3 
 2937	134	2	128 6 
 2938	134	2	128 6 
 2939	134	2	129 5 
 2940	134	2	134 0 
 2941	134	2	133 1 
 2942	134	2	133 1 
 2943	134	2	131 3 
 2944	134	2	131 3 
 2945	134	2	133 1 
 2946	134	2	105 29 
 2947	134	2	51 83 
 2948	134	2	132 2 
 2949	134	2	47 87 
 2950	134	2	132 2 
 2951	134	2	132 2 
 2952	134	2	133 1 
 2953	134	2	110 24 
 2954	134	2	133 1 
 2955	134	2	133 1 
 2956	134	2	134 0 
 2957	134	2	132 2 
 2958	134	2	132 2 
 2959	134	2	91 43 
 2960	134	2	132 2 
 2961	134	2	91 43 
 2962	134	2	129 5 
 2963	134	2	133 1 
 2964	134	2	127 7 
 2965	134	2	133 1 
 2966	134	2	132 2 
 2967	134	2	125 9 
 2968	134	2	131 3 
 2969	134	2	132 2 
 2970	134	2	131 3 
 2971	134	2	110 24 
 2972	134	2	133 1 
 2973	134	2	131 3 
 2974	134	2	132 2 
 2975	134	2	133 1 
 2976	134	2	121 13 
 2977	134	2	129 5 
 2978	134	2	134 0 
 2979	134	2	97 37 
 2980	134	2	97 37 
 2981	134	2	97 37 
 2982	134	2	133 1 
 2983	134	2	130 4 
 2984	134	2	129 5 
 2985	134	2	133 1 
 2986	134	2	133 1 
 2987	134	2	121 13 
 2988	134	2	132 2 
 2989	134	2	133 1 
 2990	134	2	132 2 
 2991	134	2	131 3 
 2992	134	2	128 6 
 2993	134	2	131 3 
 2994	134	2	131 3 
 2995	134	2	134 0 
 2996	134	2	126 8 
 2997	134	2	129 5 
 2998	134	2	127 7 
 2999	134	2	132 2 
 3000	134	2	59 75 
 3001	134	2	118 16 
 3002	134	2	118 16 
 3003	134	2	132 2 
 3004	134	2	64 70 
 3005	134	2	59 75 
 3006	134	2	64 70 
 3007	134	2	64 70 
 3008	134	2	59 75 
 3009	134	2	125 9 
 3010	134	2	125 9 
 3011	134	2	125 9 
 3012	134	2	125 9 
 3013	134	2	133 1 
 3014	134	2	125 9 
 3015	134	2	125 9 
 3016	134	2	125 9 
 3017	134	2	133 1 
 3018	134	2	121 13 
 3019	134	2	133 1 
 3020	134	2	132 2 
 3021	134	2	1 133 
 3022	134	2	133 1 
 3023	134	2	133 1 
 3024	134	2	123 11 
 3025	134	2	37 97 
 3026	134	2	123 11 
 3027	134	2	132 2 
 3028	134	2	133 1 
 3029	134	2	62 72 
 3030	134	2	133 1 
 3031	134	2	131 3 
 3032	134	2	133 1 
 3033	134	2	133 1 
 3034	134	2	132 2 
 3035	134	2	25 109 
 3036	134	2	132 2 
 3037	134	2	129 5 
 3038	134	2	121 13 
 3039	134	2	127 7 
 3040	134	2	133 1 
 3041	134	2	128 6 
 3042	134	2	128 6 
 3043	134	2	128 6 
 3044	134	2	128 6 
 3045	134	2	128 6 
 3046	134	2	132 2 
 3047	134	2	128 6 
 3048	134	2	131 3 
 3049	134	2	133 1 
 3050	134	2	133 1 
 3051	134	2	129 5 
 3052	134	2	48 86 
 3053	134	2	124 10 
 3054	134	2	133 1 
 3055	134	2	134 0 
 3056	134	2	130 4 
 3057	134	2	130 4 
 3058	134	2	129 5 
 3059	134	2	128 6 
 3060	134	2	133 1 
 3061	134	2	77 57 
 3062	134	2	25 109 
 3063	134	2	130 4 
 3064	134	2	133 1 
 3065	134	2	113 21 
 3066	134	2	113 21 
 3067	134	2	133 1 
 3068	134	2	115 19 
 3069	134	2	88 46 
 3070	134	2	131 3 
 3071	134	2	125 9 
 3072	134	2	108 26 
 3073	134	2	132 2 
 3074	134	2	128 6 
 3075	134	2	133 1 
 3076	134	2	133 1 
 3077	134	2	133 1 
 3078	134	2	39 95 
 3079	134	2	95 39 
 3080	134	2	117 17 
 3081	134	2	132 2 
 3082	134	2	128 6 
 3083	134	2	125 9 
 3084	134	2	133 1 
 3085	134	2	122 12 
 3086	134	2	122 12 
 3087	134	2	126 8 
 3088	134	2	133 1 
 3089	134	2	133 1 
 3090	134	2	133 1 
 3091	134	2	132 2 
 3092	134	2	133 1 
 3093	134	2	133 1 
 3094	134	2	126 8 
 3095	134	2	133 1 
 3096	134	2	133 1 
 3097	134	2	131 3 
 3098	134	2	134 0 
 3099	134	2	134 0 
 3100	134	2	134 0 
 3101	134	2	134 0 
 3102	134	2	131 3 
 3103	134	2	98 36 
 3104	134	2	133 1 
 3105	134	2	132 2 
 3106	134	2	113 21 
 3107	134	2	132 2 
 3108	134	2	132 2 
 3109	134	2	89 45 
 3110	134	2	52 82 
 3111	134	2	130 4 
 3112	134	2	131 3 
 3113	134	2	123 11 
 3114	134	2	133 1 
 3115	134	2	123 11 
 3116	134	2	127 7 
 3117	134	2	133 1 
 3118	134	2	133 1 
 3119	134	2	131 3 
 3120	134	2	133 1 
 3121	134	2	130 4 
 3122	134	2	133 1 
 3123	134	2	133 1 
 3124	134	2	133 1 
 3125	134	2	133 1 
 3126	134	2	116 18 
 3127	134	2	133 1 
 3128	134	2	37 97 
 3129	134	2	98 36 
 3130	134	2	98 36 
 3131	134	2	133 1 
 3132	134	2	129 5 
 3133	134	2	133 1 
 3134	134	2	97 37 
 3135	134	2	132 2 
 3136	134	2	112 22 
 3137	134	2	56 78 
 3138	134	2	125 9 
 3139	134	2	118 16 
 3140	134	2	114 20 
 3141	134	2	107 27 
 3142	134	2	54 80 
 3143	134	2	126 8 
 3144	134	2	114 20 
 3145	134	2	130 4 
 3146	134	2	130 4 
 3147	134	2	126 8 
 3148	134	2	128 6 
 3149	134	2	100 34 
 3150	134	2	133 1 
 3151	134	2	133 1 
 3152	134	2	80 54 
 3153	134	2	133 1 
 3154	134	2	132 2 
 3155	134	2	133 1 
 3156	134	2	114 20 
 3157	134	2	133 1 
 3158	134	2	131 3 
 3159	134	2	133 1 
 3160	134	2	132 2 
 3161	134	2	122 12 
 3162	134	2	133 1 
 3163	134	2	134 0 
 3164	134	2	132 2 
 3165	134	2	130 4 
 3166	134	2	128 6 
 3167	134	2	130 4 
 3168	134	2	130 4 
 3169	134	2	130 4 
 3170	134	2	130 4 
 3171	134	2	126 8 
 3172	134	2	131 3 
 3173	134	2	118 16 
 3174	134	2	118 16 
 3175	134	2	126 8 
 3176	134	2	5 129 
 3177	134	2	132 2 
 3178	134	2	134 0 
 3179	134	2	132 2 
 3180	134	2	131 3 
 3181	134	2	132 2 
 3182	134	2	133 1 
 3183	134	2	133 1 
 3184	134	2	133 1 
 3185	134	2	133 1 
 3186	134	2	133 1 
 3187	134	2	36 98 
 3188	134	2	129 5 
 3189	134	2	133 1 
 3190	134	2	29 105 
 3191	134	2	129 5 
 3192	134	2	132 2 
 3193	134	2	133 1 
 3194	134	2	131 3 
 3195	134	2	133 1 
 3196	134	2	127 7 
 3197	134	2	129 5 
 3198	134	2	62 72 
 3199	134	2	129 5 
 3200	134	2	132 2 
 3201	134	2	132 2 
 3202	134	2	133 1 
 3203	134	2	131 3 
 3204	134	2	132 2 
 3205	134	2	132 2 
 3206	134	2	133 1 
 3207	134	2	133 1 
 3208	134	2	133 1 
 3209	134	2	130 4 
 3210	134	2	114 20 
 3211	134	2	132 2 
 3212	134	2	131 3 
 3213	134	2	89 45 
 3214	134	2	129 5 
 3215	134	2	125 9 
 3216	134	2	129 5 
 3217	134	2	132 2 
 3218	134	2	132 2 
 3219	134	2	132 2 
 3220	134	2	134 0 
 3221	134	2	134 0 
 3222	134	2	131 3 
 3223	134	2	130 4 
 3224	134	2	132 2 
 3225	134	2	129 5 
 3226	134	2	133 1 
 3227	134	2	132 2 
 3228	134	2	132 2 
 3229	134	2	133 1 
 3230	134	2	132 2 
 3231	134	2	121 13 
 3232	134	2	131 3 
 3233	134	2	133 1 
 3234	134	2	6 128 
 3235	134	2	133 1 
 3236	134	2	106 28 
 3237	134	2	128 6 
 3238	134	2	101 33 
 3239	134	2	132 2 
 3240	134	2	133 1 
 3241	134	2	112 22 
 3242	134	2	132 2 
 3243	134	2	131 3 
 3244	134	2	133 1 
 3245	134	2	84 50 
 3246	134	2	110 24 
 3247	134	2	108 26 
 3248	134	2	110 24 
 3249	134	2	133 1 
 3250	134	2	84 50 
 3251	134	2	104 30 
 3252	134	2	133 1 
 3253	134	2	104 30 
 3254	134	2	133 1 
 3255	134	2	133 1 
 3256	134	2	126 8 
 3257	134	2	133 1 
 3258	134	2	132 2 
 3259	134	2	133 1 
 3260	134	2	130 4 
 3261	134	2	133 1 
 3262	134	2	129 5 
 3263	134	2	129 5 
 3264	134	2	124 10 
 3265	134	2	133 1 
 3266	134	2	131 3 
 3267	134	2	130 4 
 3268	134	2	123 11 
 3269	134	2	133 1 
 3270	134	2	84 50 
 3271	134	2	101 33 
 3272	134	2	85 49 
 3273	134	2	101 33 
 3274	134	2	132 2 
 3275	134	2	130 4 
 3276	134	2	43 91 
 3277	134	2	133 1 
 3278	134	2	133 1 
 3279	134	2	132 2 
 3280	134	2	123 11 
 3281	134	2	133 1 
 3282	134	2	129 5 
 3283	134	2	134 0 
 3284	134	2	132 2 
 3285	134	2	133 1 
 3286	134	2	134 0 
 3287	134	2	133 1 
 3288	134	2	133 1 
 3289	134	2	132 2 
 3290	134	2	134 0 
 3291	134	2	131 3 
 3292	134	2	100 34 
 3293	134	2	133 1 
 3294	134	2	100 34 
 3295	134	2	106 28 
 3296	134	2	133 1 
 3297	134	2	100 34 
 3298	134	2	133 1 
 3299	134	2	133 1 
 3300	134	2	133 1 
 3301	134	2	9 125 
 3302	134	2	9 125 
 3303	134	2	130 4 
 3304	134	2	119 15 
 3305	134	2	126 8 
 3306	134	2	125 9 
 3307	134	2	133 1 
 3308	134	2	109 25 
 3309	134	2	133 1 
 3310	134	2	44 90 
 3311	134	2	133 1 
 3312	134	2	133 1 
 3313	134	2	133 1 
 3314	134	2	133 1 
 3315	134	2	39 95 
 3316	134	2	132 2 
 3317	134	2	133 1 
 3318	134	2	40 94 
 3319	134	2	44 90 
 3320	134	2	127 7 
 3321	134	2	125 9 
 3322	134	2	130 4 
 3323	134	2	127 7 
 3324	134	2	133 1 
 3325	134	2	131 3 
 3326	134	2	97 37 
 3327	134	2	130 4 
 3328	134	2	115 19 
 3329	134	2	133 1 
 3330	134	2	11 123 
 3331	134	2	125 9 
 3332	134	2	134 0 
 3333	134	2	115 19 
 3334	134	2	134 0 
 3335	134	2	129 5 
 3336	134	2	110 24 
 3337	134	2	133 1 
 3338	134	2	24 110 
 3339	134	2	83 51 
 3340	134	2	133 1 
 3341	134	2	105 29 
 3342	134	2	1 133 
 3343	134	2	119 15 
 3344	134	2	127 7 
 3345	134	2	54 80 
 3346	134	2	115 19 
 3347	134	2	124 10 
 3348	134	2	130 4 
 3349	134	2	133 1 
 3350	134	2	133 1 
 3351	134	2	130 4 
 3352	134	2	116 18 
 3353	134	2	132 2 
 3354	134	2	132 2 
 3355	134	2	133 1 
 3356	134	2	132 2 
 3357	134	2	117 17 
 3358	134	2	131 3 
 3359	134	2	131 3 
 3360	134	2	129 5 
 3361	134	2	134 0 
 3362	134	2	129 5 
 3363	134	2	82 52 
 3364	134	2	125 9 
 3365	134	2	114 20 
 3366	134	2	122 12 
 3367	134	2	125 9 
 3368	134	2	133 1 
 3369	134	2	133 1 
 3370	134	2	134 0 
 3371	134	2	126 8 
 3372	134	2	133 1 
 3373	134	2	133 1 
 3374	134	2	132 2 
 3375	134	2	118 16 
 3376	134	2	129 5 
 3377	134	2	116 18 
 3378	134	2	131 3 
 3379	134	2	128 6 
 3380	134	2	111 23 
 3381	134	2	100 34 
 3382	134	2	133 1 
 3383	134	2	134 0 
 3384	134	2	132 2 
 3385	134	2	133 1 
 3386	134	2	5 129 
 3387	134	2	105 29 
 3388	134	2	128 6 
 3389	134	2	104 30 
 3390	134	2	133 1 
 3391	134	2	115 19 
 3392	134	2	115 19 
 3393	134	2	133 1 
 3394	134	2	133 1 
 3395	134	2	131 3 
 3396	134	2	5 129 
 3397	134	2	133 1 
 3398	134	2	132 2 
 3399	134	2	127 7 
 3400	134	2	128 6 
 3401	134	2	132 2 
 3402	134	2	128 6 
 3403	134	2	133 1 
 3404	134	2	123 11 
 3405	134	2	133 1 
 3406	134	2	133 1 
 3407	134	2	3 131 
 3408	134	2	117 17 
 3409	134	2	133 1 
 3410	134	2	133 1 
 3411	134	2	133 1 
 3412	134	2	126 8 
 3413	134	2	126 8 
 3414	134	2	133 1 
 3415	134	2	133 1 
 3416	134	2	112 22 
 3417	134	2	133 1 
 3418	134	2	132 2 
 3419	134	2	96 38 
 3420	134	2	132 2 
 3421	134	2	121 13 
 3422	134	2	127 7 
 3423	134	2	132 2 
 3424	134	2	132 2 
 3425	134	2	133 1 
 3426	134	2	121 13 
 3427	134	2	131 3 
 3428	134	2	132 2 
 3429	134	2	132 2 
 3430	134	2	132 2 
 3431	134	2	132 2 
 3432	134	2	132 2 
 3433	134	2	121 13 
 3434	134	2	133 1 
 3435	134	2	132 2 
 3436	134	2	132 2 
 3437	134	2	132 2 
 3438	134	2	132 2 
 3439	134	2	48 86 
 3440	134	2	132 2 
 3441	134	2	131 3 
 3442	134	2	129 5 
 3443	134	2	132 2 
 3444	134	2	131 3 
 3445	134	2	133 1 
 3446	134	2	130 4 
 3447	134	2	132 2 
 3448	134	2	129 5 
 3449	134	2	133 1 
 3450	134	2	132 2 
 3451	134	2	124 10 
 3452	134	2	131 3 
 3453	134	2	81 53 
 3454	134	2	42 92 
 3455	134	2	133 1 
 3456	134	2	133 1 
 3457	134	2	128 6 
 3458	134	2	36 98 
 3459	134	2	36 98 
 3460	134	2	122 12 
 3461	134	2	117 17 
 3462	134	2	11 123 
 3463	134	2	124 10 
 3464	134	2	133 1 
 3465	134	2	133 1 
 3466	134	2	133 1 
 3467	134	2	133 1 
 3468	134	2	124 10 
 3469	134	2	133 1 
 3470	134	2	133 1 
 3471	134	2	133 1 
 3472	134	2	133 1 
 3473	134	2	133 1 
 3474	134	2	129 5 
 3475	134	2	133 1 
 3476	134	2	133 1 
 3477	134	2	131 3 
 3478	134	2	133 1 
 3479	134	2	133 1 
 3480	134	2	133 1 
 3481	134	2	133 1 
 3482	134	2	133 1 
 3483	134	2	126 8 
 3484	134	2	129 5 
 3485	134	2	129 5 
 3486	134	2	127 7 
 3487	134	2	129 5 
 3488	134	2	131 3 
 3489	134	2	128 6 
 3490	134	2	130 4 
 3491	134	2	131 3 
 3492	134	2	128 6 
 3493	134	2	133 1 
 3494	134	2	132 2 
 3495	134	2	125 9 
 3496	134	2	133 1 
 3497	134	2	125 9 
 3498	134	2	63 71 
 3499	134	2	124 10 
 3500	134	2	131 3 
 3501	134	2	122 12 
 3502	134	2	127 7 
 3503	134	2	128 6 
 3504	134	2	131 3 
 3505	134	2	66 68 
 3506	134	2	98 36 
 3507	134	2	133 1 
 3508	134	2	122 12 
 3509	134	2	98 36 
 3510	134	2	98 36 
 3511	134	2	98 36 
 3512	134	2	122 12 
 3513	134	2	99 35 
 3514	134	2	133 1 
 3515	134	2	133 1 
 3516	134	2	129 5 
 3517	134	2	133 1 
 3518	134	2	133 1 
 3519	134	2	134 0 
 3520	134	2	133 1 
 3521	134	2	134 0 
 3522	134	2	133 1 
 3523	134	2	119 15 
 3524	134	2	133 1 
 3525	134	2	128 6 
 3526	134	2	133 1 
 3527	134	2	92 42 
 3528	134	2	92 42 
 3529	134	2	133 1 
 3530	134	2	131 3 
 3531	134	2	129 5 
 3532	134	2	132 2 
 3533	134	2	132 2 
 3534	134	2	133 1 
 3535	134	2	129 5 
 3536	134	2	110 24 
 3537	134	2	98 36 
 3538	134	2	129 5 
 3539	134	2	133 1 
 3540	134	2	128 6 
 3541	134	2	132 2 
 3542	134	2	130 4 
 3543	134	2	126 8 
 3544	134	2	50 84 
 3545	134	2	130 4 
 3546	134	2	126 8 
 3547	134	2	51 83 
 3548	134	2	133 1 
 3549	134	2	94 40 
 3550	134	2	132 2 
 3551	134	2	132 2 
 3552	134	2	129 5 
 3553	134	2	133 1 
 3554	134	2	133 1 
 3555	134	2	129 5 
 3556	134	2	2 132 
 3557	134	2	133 1 
 3558	134	2	132 2 
 3559	134	2	132 2 
 3560	134	2	112 22 
 3561	134	2	133 1 
 3562	134	2	128 6 
 3563	134	2	133 1 
 3564	134	2	132 2 
 3565	134	2	105 29 
 3566	134	2	132 2 
 3567	134	2	127 7 
 3568	134	2	127 7 
 3569	134	2	131 3 
 3570	134	2	130 4 
 3571	134	2	133 1 
 3572	134	2	114 20 
 3573	134	2	130 4 
 3574	134	2	120 14 
 3575	134	2	120 14 
 3576	134	2	130 4 
 3577	134	2	131 3 
 3578	134	2	130 4 
 3579	134	2	132 2 
 3580	134	2	133 1 
 3581	134	2	131 3 
 3582	134	2	132 2 
 3583	134	2	134 0 
 3584	134	2	133 1 
 3585	134	2	132 2 
 3586	134	2	133 1 
 3587	134	2	133 1 
 3588	134	2	132 2 
 3589	134	2	133 1 
 3590	134	2	133 1 
 3591	134	2	122 12 
 3592	134	2	133 1 
 3593	134	2	129 5 
 3594	134	2	133 1 
 3595	134	2	132 2 
 3596	134	2	132 2 
 3597	134	2	127 7 
 3598	134	2	133 1 
 3599	134	2	133 1 
 3600	134	2	127 7 
 3601	134	2	133 1 
 3602	134	2	133 1 
 3603	134	2	133 1 
 3604	134	2	133 1 
 3605	134	2	133 1 
 3606	134	2	133 1 
 3607	134	2	133 1 
 3608	134	2	130 4 
 3609	134	2	130 4 
 3610	134	2	122 12 
 3611	134	2	132 2 
 3612	134	2	61 73 
 3613	134	2	122 12 
 3614	134	2	133 1 
 3615	134	2	133 1 
 3616	134	2	106 28 
 3617	134	2	127 7 
 3618	134	2	90 44 
 3619	134	2	132 2 
 3620	134	2	133 1 
 3621	134	2	133 1 
 3622	134	2	133 1 
 3623	134	2	133 1 
 3624	134	2	99 35 
 3625	134	2	31 103 
 3626	134	2	132 2 
 3627	134	2	133 1 
 3628	134	2	131 3 
 3629	134	2	131 3 
 3630	134	2	131 3 
 3631	134	2	132 2 
 3632	134	2	127 7 
 3633	134	2	132 2 
 3634	134	2	82 52 
 3635	134	2	88 46 
 3636	134	2	133 1 
 3637	134	2	46 88 
 3638	134	2	133 1 
 3639	134	2	31 103 
 3640	134	2	133 1 
 3641	134	2	96 38 
 3642	134	2	133 1 
 3643	134	2	121 13 
 3644	134	2	121 13 
 3645	134	2	129 5 
 3646	134	2	129 5 
 3647	134	2	127 7 
 3648	134	2	127 7 
 3649	134	2	131 3 
 3650	134	2	133 1 
 3651	134	2	133 1 
 3652	134	2	133 1 
 3653	134	2	130 4 
 3654	134	2	115 19 
 3655	134	2	133 1 
 3656	134	2	104 30 
 3657	134	2	133 1 
 3658	134	2	133 1 
 3659	134	2	133 1 
 3660	134	2	132 2 
 3661	134	2	128 6 
 3662	134	2	126 8 
 3663	134	2	129 5 
 3664	134	2	110 24 
 3665	134	2	129 5 
 3666	134	2	133 1 
 3667	134	2	127 7 
 3668	134	2	133 1 
 3669	134	2	19 115 
 3670	134	2	132 2 
 3671	134	2	133 1 
 3672	134	2	134 0 
 3673	134	2	103 31 
 3674	134	2	106 28 
 3675	134	2	133 1 
 3676	134	2	103 31 
 3677	134	2	106 28 
 3678	134	2	103 31 
 3679	134	2	133 1 
 3680	134	2	133 1 
 3681	134	2	126 8 
 3682	134	2	127 7 
 3683	134	2	127 7 
 3684	134	2	133 1 
 3685	134	2	128 6 
 3686	134	2	133 1 
 3687	134	2	133 1 
 3688	134	2	133 1 
 3689	134	2	101 33 
 3690	134	2	131 3 
 3691	134	2	131 3 
 3692	134	2	109 25 
 3693	134	2	133 1 
 3694	134	2	133 1 
 3695	134	2	132 2 
 3696	134	2	128 6 
 3697	134	2	120 14 
 3698	134	2	125 9 
 3699	134	2	55 79 
 3700	134	2	133 1 
 3701	134	2	132 2 
 3702	134	2	106 28 
 3703	134	2	133 1 
 3704	134	2	130 4 
 3705	134	2	133 1 
 3706	134	2	133 1 
 3707	134	2	131 3 
 3708	134	2	133 1 
 3709	134	2	124 10 
 3710	134	2	131 3 
 3711	134	2	128 6 
 3712	134	2	128 6 
 3713	134	2	112 22 
 3714	134	2	130 4 
 3715	134	2	130 4 
 3716	134	2	130 4 
 3717	134	2	133 1 
 3718	134	2	132 2 
 3719	134	2	32 102 
 3720	134	2	32 102 
 3721	134	2	122 12 
 3722	134	2	32 102 
 3723	134	2	133 1 
 3724	134	2	129 5 
 3725	134	2	123 11 
 3726	134	2	131 3 
 3727	134	2	133 1 
 3728	134	2	133 1 
 3729	134	2	131 3 
 3730	134	2	130 4 
 3731	134	2	124 10 
 3732	134	2	134 0 
 3733	134	2	124 10 
 3734	134	2	122 12 
 3735	134	2	134 0 
 3736	134	2	106 28 
 3737	134	2	133 1 
 3738	134	2	29 105 
 3739	134	2	129 5 
 3740	134	2	129 5 
 3741	134	2	129 5 
 3742	134	2	102 32 
 3743	134	2	133 1 
 3744	134	2	129 5 
 3745	134	2	131 3 
 3746	134	2	11 123 
 3747	134	2	131 3 
 3748	134	2	132 2 
 3749	134	2	132 2 
 3750	134	2	131 3 
 3751	134	2	94 40 
 3752	134	2	133 1 
 3753	134	2	133 1 
 3754	134	2	132 2 
 3755	134	2	133 1 
 3756	134	2	133 1 
 3757	134	2	133 1 
 3758	134	2	133 1 
 3759	134	2	107 27 
 3760	134	2	64 70 
 3761	134	2	131 3 
 3762	134	2	125 9 
 3763	134	2	129 5 
 3764	134	2	104 30 
 3765	134	2	130 4 
 3766	134	2	133 1 
 3767	134	2	126 8 
 3768	134	2	128 6 
 3769	134	2	133 1 
 3770	134	2	133 1 
 3771	134	2	127 7 
 3772	134	2	133 1 
 3773	134	2	133 1 
 3774	134	2	126 8 
 3775	134	2	133 1 
 3776	134	2	133 1 
 3777	134	2	120 14 
 3778	134	2	121 13 
 3779	134	2	127 7 
 3780	134	2	127 7 
 3781	134	2	127 7 
 3782	134	2	120 14 
 3783	134	2	127 7 
 3784	134	2	127 7 
 3785	134	2	127 7 
 3786	134	2	57 77 
 3787	134	2	133 1 
 3788	134	2	133 1 
 3789	134	2	121 13 
 3790	134	2	121 13 
 3791	134	2	117 17 
 3792	134	2	127 7 
 3793	134	2	133 1 
 3794	134	2	127 7 
 3795	134	2	133 1 
 3796	134	2	133 1 
 3797	134	2	133 1 
 3798	134	2	129 5 
 3799	134	2	15 119 
 3800	134	2	133 1 
 3801	134	2	130 4 
 3802	134	2	129 5 
 3803	134	2	131 3 
 3804	134	2	131 3 
 3805	134	2	131 3 
 3806	134	2	131 3 
 3807	134	2	131 3 
 3808	134	2	131 3 
 3809	134	2	133 1 
 3810	134	2	124 10 
 3811	134	2	55 79 
 3812	134	2	55 79 
 3813	134	2	55 79 
 3814	134	2	55 79 
 3815	134	2	133 1 
 3816	134	2	132 2 
 3817	134	2	132 2 
 3818	134	2	132 2 
 3819	134	2	133 1 
 3820	134	2	133 1 
 3821	134	2	107 27 
 3822	134	2	133 1 
 3823	134	2	132 2 
 3824	134	2	132 2 
 3825	134	2	133 1 
 3826	134	2	132 2 
 3827	134	2	132 2 
 3828	134	2	133 1 
 3829	134	2	132 2 
 3830	134	2	132 2 
 3831	134	2	130 4 
 3832	134	2	112 22 
 3833	134	2	132 2 
 3834	134	2	112 22 
 3835	134	2	132 2 
 3836	134	2	93 41 
 3837	134	2	129 5 
 3838	134	2	132 2 
 3839	134	2	133 1 
 3840	134	2	133 1 
 3841	134	2	128 6 
 3842	134	2	133 1 
 3843	134	2	131 3 
 3844	134	2	9 125 
 3845	134	2	118 16 
 3846	134	2	130 4 
 3847	134	2	133 1 
 3848	134	2	133 1 
 3849	134	2	122 12 
 3850	134	2	133 1 
 3851	134	2	133 1 
 3852	134	2	114 20 
 3853	134	2	133 1 
 3854	134	2	130 4 
 3855	134	2	94 40 
 3856	134	2	133 1 
 3857	134	2	99 35 
 3858	134	2	131 3 
 3859	134	2	39 95 
 3860	134	2	133 1 
 3861	134	2	130 4 
 3862	134	2	125 9 
 3863	134	2	127 7 
 3864	134	2	124 10 
 3865	134	2	132 2 
 3866	134	2	132 2 
 3867	134	2	125 9 
 3868	134	2	133 1 
 3869	134	2	133 1 
 3870	134	2	132 2 
 3871	134	2	133 1 
 3872	134	2	133 1 
 3873	134	2	101 33 
 3874	134	2	133 1 
 3875	134	2	133 1 
 3876	134	2	133 1 
 3877	134	2	127 7 
 3878	134	2	127 7 
 3879	134	2	127 7 
 3880	134	2	133 1 
 3881	134	2	134 0 
 3882	134	2	131 3 
 3883	134	2	127 7 
 3884	134	2	131 3 
 3885	134	2	133 1 
 3886	134	2	134 0 
 3887	134	2	133 1 
 3888	134	2	127 7 
 3889	134	2	133 1 
 3890	134	2	131 3 
 3891	134	2	133 1 
 3892	134	2	122 12 
 3893	134	2	130 4 
 3894	134	2	133 1 
 3895	134	2	115 19 
 3896	134	2	133 1 
 3897	134	2	132 2 
 3898	134	2	85 49 
 3899	134	2	130 4 
 3900	134	2	129 5 
 3901	134	2	132 2 
 3902	134	2	129 5 
 3903	134	2	133 1 
 3904	134	2	133 1 
 3905	134	2	133 1 
 3906	134	2	133 1 
 3907	134	2	131 3 
 3908	134	2	6 128 
 3909	134	2	133 1 
 3910	134	2	133 1 
 3911	134	2	132 2 
 3912	134	2	126 8 
 3913	134	2	126 8 
 3914	134	2	126 8 
 3915	134	2	126 8 
 3916	134	2	133 1 
 3917	134	2	127 7 
 3918	134	2	131 3 
 3919	134	2	118 16 
 3920	134	2	132 2 
 3921	134	2	133 1 
 3922	134	2	115 19 
 3923	134	2	133 1 
 3924	134	2	129 5 
 3925	134	2	88 46 
 3926	134	2	127 7 
 3927	134	2	116 18 
 3928	134	2	116 18 
 3929	134	2	116 18 
 3930	134	2	133 1 
 3931	134	2	76 58 
 3932	134	2	112 22 
 3933	134	2	103 31 
 3934	134	2	133 1 
 3935	134	2	134 0 
 3936	134	2	134 0 
 3937	134	2	134 0 
 3938	134	2	134 0 
 3939	134	2	133 1 
 3940	134	2	126 8 
 3941	134	2	133 1 
 3942	134	2	133 1 
 3943	134	2	103 31 
 3944	134	2	132 2 
 3945	134	2	127 7 
 3946	134	2	112 22 
 3947	134	2	133 1 
 3948	134	2	19 115 
 3949	134	2	131 3 
 3950	134	2	131 3 
 3951	134	2	131 3 
 3952	134	2	126 8 
 3953	134	2	70 64 
 3954	134	2	130 4 
 3955	134	2	133 1 
 3956	134	2	130 4 
 3957	134	2	107 27 
 3958	134	2	78 56 
 3959	134	2	132 2 
 3960	134	2	120 14 
 3961	134	2	133 1 
 3962	134	2	124 10 
 3963	134	2	124 10 
 3964	134	2	134 0 
 3965	134	2	132 2 
 3966	134	2	129 5 
 3967	134	2	133 1 
 3968	134	2	134 0 
 3969	134	2	133 1 
 3970	134	2	134 0 
 3971	134	2	50 84 
 3972	134	2	93 41 
 3973	134	2	126 8 
 3974	134	2	126 8 
 3975	134	2	133 1 
 3976	134	2	131 3 
 3977	134	2	132 2 
 3978	134	2	98 36 
 3979	134	2	125 9 
 3980	134	2	133 1 
 3981	134	2	133 1 
 3982	134	2	132 2 
 3983	134	2	133 1 
 3984	134	2	128 6 
 3985	134	2	130 4 
 3986	134	2	133 1 
 3987	134	2	133 1 
 3988	134	2	130 4 
 3989	134	2	132 2 
 3990	134	2	129 5 
 3991	134	2	132 2 
 3992	134	2	132 2 
 3993	134	2	60 74 
 3994	134	2	126 8 
 3995	134	2	127 7 
 3996	134	2	131 3 
 3997	134	2	133 1 
 3998	134	2	133 1 
 3999	134	2	132 2 
 4000	134	2	132 2 
 4001	134	2	133 1 
 4002	134	2	132 2 
 4003	134	2	106 28 
 4004	134	2	123 11 
 4005	134	2	133 1 
 4006	134	2	131 3 
 4007	134	2	133 1 
 4008	134	2	131 3 
 4009	134	2	91 43 
 4010	134	2	133 1 
 4011	134	2	133 1 
 4012	134	2	125 9 
 4013	134	2	130 4 
 4014	134	2	133 1 
 4015	134	2	133 1 
 4016	134	2	133 1 
 4017	134	2	123 11 
 4018	134	2	83 51 
 4019	134	2	113 21 
 4020	134	2	127 7 
 4021	134	2	132 2 
 4022	134	2	106 28 
 4023	134	2	106 28 
 4024	134	2	132 2 
 4025	134	2	23 111 
 4026	134	2	106 28 
 4027	134	2	132 2 
 4028	134	2	120 14 
 4029	134	2	120 14 
 4030	134	2	133 1 
 4031	134	2	115 19 
 4032	134	2	87 47 
 4033	134	2	56 78 
 4034	134	2	133 1 
 4035	134	2	127 7 
 4036	134	2	131 3 
 4037	134	2	56 78 
 4038	134	2	133 1 
 4039	134	2	110 24 
 4040	134	2	133 1 
 4041	134	2	133 1 
 4042	134	2	133 1 
 4043	134	2	134 0 
 4044	134	2	130 4 
 4045	134	2	132 2 
 4046	134	2	132 2 
 4047	134	2	130 4 
 4048	134	2	133 1 
 4049	134	2	63 71 
 4050	134	2	129 5 
 4051	134	2	132 2 
 4052	134	2	129 5 
 4053	134	2	134 0 
 4054	134	2	129 5 
 4055	134	2	130 4 
 4056	134	2	133 1 
 4057	134	2	133 1 
 4058	134	2	133 1 
 4059	134	2	118 16 
 4060	134	2	105 29 
 4061	134	2	133 1 
 4062	134	2	133 1 
 4063	134	2	120 14 
 4064	134	2	133 1 
 4065	134	2	133 1 
 4066	134	2	133 1 
 4067	134	2	132 2 
 4068	134	2	132 2 
 4069	134	2	132 2 
 4070	134	2	133 1 
 4071	134	2	133 1 
 4072	134	2	133 1 
 4073	134	2	132 2 
 4074	134	2	134 0 
 4075	134	2	131 3 
 4076	134	2	133 1 
 4077	134	2	131 3 
 4078	134	2	132 2 
 4079	134	2	133 1 
 4080	134	2	133 1 
 4081	134	2	133 1 
 4082	134	2	131 3 
 4083	134	2	134 0 
 4084	134	2	132 2 
 4085	134	2	132 2 
 4086	134	2	132 2 
 4087	134	2	132 2 
 4088	134	2	127 7 
 4089	134	2	118 16 
 4090	134	2	128 6 
 4091	134	2	132 2 
 4092	134	2	133 1 
 4093	134	2	131 3 
 4094	134	2	130 4 
 4095	134	2	127 7 
 4096	134	2	133 1 
 4097	134	2	127 7 
 4098	134	2	51 83 
 4099	134	2	133 1 
 4100	134	2	122 12 
 4101	134	2	83 51 
 4102	134	2	51 83 
 4103	134	2	51 83 
 4104	134	2	127 7 
 4105	134	2	134 0 
 4106	134	2	127 7 
 4107	134	2	133 1 
 4108	134	2	130 4 
 4109	134	2	130 4 
 4110	134	2	132 2 
 4111	134	2	123 11 
 4112	134	2	130 4 
 4113	134	2	88 46 
 4114	134	2	130 4 
 4115	134	2	123 11 
 4116	134	2	130 4 
 4117	134	2	123 11 
 4118	134	2	88 46 
 4119	134	2	65 69 
 4120	134	2	130 4 
 4121	134	2	133 1 
 4122	134	2	125 9 
 4123	134	2	79 55 
 4124	134	2	130 4 
 4125	134	2	52 82 
 4126	134	2	69 65 
 4127	134	2	94 40 
 4128	134	2	130 4 
 4129	134	2	3 131 
 4130	134	2	132 2 
 4131	134	2	132 2 
 4132	134	2	132 2 
 4133	134	2	132 2 
 4134	134	2	102 32 
 4135	134	2	132 2 
 4136	134	2	134 0 
 4137	134	2	107 27 
 4138	134	2	127 7 
 4139	134	2	132 2 
 4140	134	2	133 1 
 4141	134	2	129 5 
 4142	134	2	24 110 
 4143	134	2	112 22 
 4144	134	2	133 1 
 4145	134	2	131 3 
 4146	134	2	133 1 
 4147	134	2	133 1 
 4148	134	2	1 133 
 4149	134	2	133 1 
 4150	134	2	134 0 
 4151	134	2	133 1 
 4152	134	2	132 2 
 4153	134	2	131 3 
 4154	134	2	132 2 
 4155	134	2	131 3 
 4156	134	2	110 24 
 4157	134	2	129 5 
 4158	134	2	69 65 
 4159	134	2	132 2 
 4160	134	2	129 5 
 4161	134	2	132 2 
 4162	134	2	126 8 
 4163	134	2	133 1 
 4164	134	2	117 17 
 4165	134	2	133 1 
 4166	134	2	133 1 
 4167	134	2	133 1 
 4168	134	2	117 17 
 4169	134	2	132 2 
 4170	134	2	133 1 
 4171	134	2	129 5 
 4172	134	2	117 17 
 4173	134	2	133 1 
 4174	134	2	128 6 
 4175	134	2	131 3 
 4176	134	2	109 25 
 4177	134	2	125 9 
 4178	134	2	116 18 
 4179	134	2	129 5 
 4180	134	2	109 25 
 4181	134	2	114 20 
 4182	134	2	130 4 
 4183	134	2	130 4 
 4184	134	2	130 4 
 4185	134	2	132 2 
 4186	134	2	133 1 
 4187	134	2	133 1 
 4188	134	2	133 1 
 4189	134	2	133 1 
 4190	134	2	133 1 
 4191	134	2	133 1 
 4192	134	2	133 1 
 4193	134	2	133 1 
 4194	134	2	133 1 
 4195	134	2	132 2 
 4196	134	2	95 39 
 4197	134	2	126 8 
 4198	134	2	132 2 
 4199	134	2	133 1 
 4200	134	2	132 2 
 4201	134	2	129 5 
 4202	134	2	132 2 
 4203	134	2	133 1 
 4204	134	2	109 25 
 4205	134	2	109 25 
 4206	134	2	97 37 
 4207	134	2	48 86 
 4208	134	2	133 1 
 4209	134	2	20 114 
 4210	134	2	133 1 
 4211	134	2	124 10 
 4212	134	2	123 11 
 4213	134	2	130 4 
 4214	134	2	124 10 
 4215	134	2	124 10 
 4216	134	2	127 7 
 4217	134	2	52 82 
 4218	134	2	133 1 
 4219	134	2	133 1 
 4220	134	2	131 3 
 4221	134	2	133 1 
 4222	134	2	133 1 
 4223	134	2	134 0 
 4224	134	2	130 4 
 4225	134	2	41 93 
 4226	134	2	132 2 
 4227	134	2	93 41 
 4228	134	2	117 17 
 4229	134	2	108 26 
 4230	134	2	133 1 
 4231	134	2	106 28 
 4232	134	2	127 7 
 4233	134	2	133 1 
 4234	134	2	134 0 
 4235	134	2	134 0 
 4236	134	2	133 1 
 4237	134	2	133 1 
 4238	134	2	7 127 
 4239	134	2	127 7 
 4240	134	2	7 127 
 4241	134	2	6 128 
 4242	134	2	86 48 
 4243	134	2	7 127 
 4244	134	2	7 127 
 4245	134	2	127 7 
 4246	134	2	109 25 
 4247	134	2	134 0 
 4248	134	2	133 1 
 4249	134	2	114 20 
 4250	134	2	132 2 
 4251	134	2	131 3 
 4252	134	2	128 6 
 4253	134	2	127 7 
 4254	134	2	133 1 
 4255	134	2	133 1 
 4256	134	2	133 1 
 4257	134	2	132 2 
 4258	134	2	131 3 
 4259	134	2	131 3 
 4260	134	2	133 1 
 4261	134	2	131 3 
 4262	134	2	132 2 
 4263	134	2	131 3 
 4264	134	2	121 13 
 4265	134	2	134 0 
 4266	134	2	131 3 
 4267	134	2	96 38 
 4268	134	2	123 11 
 4269	134	2	134 0 
 4270	134	2	130 4 
 4271	134	2	132 2 
 4272	134	2	131 3 
 4273	134	2	133 1 
 4274	134	2	131 3 
 4275	134	2	133 1 
 4276	134	2	111 23 
 4277	134	2	123 11 
 4278	134	2	133 1 
 4279	134	2	133 1 
 4280	134	2	133 1 
 4281	134	2	120 14 
 4282	134	2	130 4 
 4283	134	2	130 4 
 4284	134	2	132 2 
 4285	134	2	120 14 
 4286	134	2	120 14 
 4287	134	2	132 2 
 4288	134	2	132 2 
 4289	134	2	116 18 
 4290	134	2	130 4 
 4291	134	2	133 1 
 4292	134	2	116 18 
 4293	134	2	132 2 
 4294	134	2	124 10 
 4295	134	2	124 10 
 4296	134	2	108 26 
 4297	134	2	133 1 
 4298	134	2	133 1 
 4299	134	2	133 1 
 4300	134	2	131 3 
 4301	134	2	112 22 
 4302	134	2	134 0 
 4303	134	2	89 45 
 4304	134	2	132 2 
 4305	134	2	10 124 
 4306	134	2	10 124 
 4307	134	2	124 10 
 4308	134	2	10 124 
 4309	134	2	111 23 
 4310	134	2	133 1 
 4311	134	2	133 1 
 4312	134	2	133 1 
 4313	134	2	133 1 
 4314	134	2	133 1 
 4315	134	2	133 1 
 4316	134	2	133 1 
 4317	134	2	133 1 
 4318	134	2	133 1 
 4319	134	2	133 1 
 4320	134	2	133 1 
 4321	134	2	132 2 
 4322	134	2	132 2 
 4323	134	2	133 1 
 4324	134	2	120 14 
 4325	134	2	133 1 
 4326	134	2	124 10 
 4327	134	2	132 2 
 4328	134	2	129 5 
 4329	134	2	64 70 
 4330	134	2	129 5 
 4331	134	2	133 1 
 4332	134	2	130 4 
 4333	134	2	131 3 
 4334	134	2	133 1 
 4335	134	2	133 1 
 4336	134	2	133 1 
 4337	134	2	133 1 
 4338	134	2	133 1 
 4339	134	2	132 2 
 4340	134	2	127 7 
 4341	134	2	133 1 
 4342	134	2	98 36 
 4343	134	2	133 1 
 4344	134	2	133 1 
 4345	134	2	130 4 
 4346	134	2	81 53 
 4347	134	2	85 49 
 4348	134	2	85 49 
 4349	134	2	133 1 
 4350	134	2	132 2 
 4351	134	2	133 1 
 4352	134	2	97 37 
 4353	134	2	124 10 
 4354	134	2	98 36 
 4355	134	2	97 37 
 4356	134	2	97 37 
 4357	134	2	101 33 
 4358	134	2	133 1 
 4359	134	2	133 1 
 4360	134	2	133 1 
 4361	134	2	133 1 
 4362	134	2	108 26 
 4363	134	2	130 4 
 4364	134	2	100 34 
 4365	134	2	108 26 
 4366	134	2	132 2 
 4367	134	2	132 2 
 4368	134	2	129 5 
 4369	134	2	129 5 
 4370	134	2	127 7 
 4371	134	2	132 2 
 4372	134	2	6 128 
 4373	134	2	133 1 
 4374	134	2	99 35 
 4375	134	2	40 94 
 4376	134	2	1 133 
 4377	134	2	126 8 
 4378	134	2	132 2 
 4379	134	2	130 4 
 4380	134	2	129 5 
 4381	134	2	133 1 
 4382	134	2	132 2 
 4383	134	2	131 3 
 4384	134	2	126 8 
 4385	134	2	111 23 
 4386	134	2	133 1 
 4387	134	2	133 1 
 4388	134	2	133 1 
 4389	134	2	128 6 
 4390	134	2	132 2 
 4391	134	2	126 8 
 4392	134	2	116 18 
 4393	134	2	133 1 
 4394	134	2	128 6 
 4395	134	2	134 0 
 4396	134	2	123 11 
 4397	134	2	122 12 
 4398	134	2	124 10 
 4399	134	2	132 2 
 4400	134	2	117 17 
 4401	134	2	133 1 
 4402	134	2	131 3 
 4403	134	2	132 2 
 4404	134	2	126 8 
 4405	134	2	130 4 
 4406	134	2	133 1 
 4407	134	2	133 1 
 4408	134	2	133 1 
 4409	134	2	134 0 
 4410	134	2	123 11 
 4411	134	2	121 13 
 4412	134	2	132 2 
 4413	134	2	125 9 
 4414	134	2	133 1 
 4415	134	2	121 13 
 4416	134	2	132 2 
 4417	134	2	134 0 
 4418	134	2	131 3 
 4419	134	2	84 50 
 4420	134	2	42 92 
 4421	134	2	45 89 
 4422	134	2	134 0 
 4423	134	2	120 14 
 4424	134	2	132 2 
 4425	134	2	132 2 
 4426	134	2	130 4 
 4427	134	2	92 42 
 4428	134	2	92 42 
 4429	134	2	128 6 
 4430	134	2	130 4 
 4431	134	2	126 8 
 4432	134	2	131 3 
 4433	134	2	133 1 
 4434	134	2	129 5 
 4435	134	2	133 1 
 4436	134	2	129 5 
 4437	134	2	116 18 
 4438	134	2	127 7 
 4439	134	2	133 1 
 4440	134	2	130 4 
 4441	134	2	124 10 
 4442	134	2	133 1 
 4443	134	2	132 2 
 4444	134	2	133 1 
 4445	134	2	119 15 
 4446	134	2	133 1 
 4447	134	2	133 1 
 4448	134	2	126 8 
 4449	134	2	133 1 
 4450	134	2	119 15 
 4451	134	2	129 5 
 4452	134	2	129 5 
 4453	134	2	128 6 
 4454	134	2	120 14 
 4455	134	2	128 6 
 4456	134	2	133 1 
 4457	134	2	126 8 
 4458	134	2	132 2 
 4459	134	2	132 2 
 4460	134	2	127 7 
 4461	134	2	128 6 
 4462	134	2	126 8 
 4463	134	2	131 3 
 4464	134	2	127 7 
 4465	134	2	121 13 
 4466	134	2	121 13 
 4467	134	2	131 3 
 4468	134	2	133 1 
 4469	134	2	130 4 
 4470	134	2	131 3 
 4471	134	2	133 1 
 4472	134	2	108 26 
 4473	134	2	133 1 
 4474	134	2	125 9 
 4475	134	2	133 1 
 4476	134	2	104 30 
 4477	134	2	104 30 
 4478	134	2	104 30 
 4479	134	2	131 3 
 4480	134	2	129 5 
 4481	134	2	104 30 
 4482	134	2	132 2 
 4483	134	2	105 29 
 4484	134	2	105 29 
 4485	134	2	105 29 
 4486	134	2	105 29 
 4487	134	2	129 5 
 4488	134	2	133 1 
 4489	134	2	111 23 
 4490	134	2	117 17 
 4491	134	2	131 3 
 4492	134	2	133 1 
 4493	134	2	117 17 
 4494	134	2	117 17 
 4495	134	2	133 1 
 4496	134	2	99 35 
 4497	134	2	27 107 
 4498	134	2	132 2 
 4499	134	2	130 4 
 4500	134	2	128 6 
 4501	134	2	130 4 
 4502	134	2	133 1 
 4503	134	2	118 16 
 4504	134	2	118 16 
 4505	134	2	118 16 
 4506	134	2	118 16 
 4507	134	2	132 2 
 4508	134	2	131 3 
 4509	134	2	118 16 
 4510	134	2	130 4 
 4511	134	2	131 3 
 4512	134	2	132 2 
 4513	134	2	111 23 
 4514	134	2	121 13 
 4515	134	2	111 23 
 4516	134	2	133 1 
 4517	134	2	126 8 
 4518	134	2	127 7 
 4519	134	2	119 15 
 4520	134	2	127 7 
 4521	134	2	132 2 
 4522	134	2	7 127 
 4523	134	2	126 8 
 4524	134	2	132 2 
 4525	134	2	124 10 
 4526	134	2	126 8 
 4527	134	2	134 0 
 4528	134	2	128 6 
 4529	134	2	131 3 
 4530	134	2	3 131 
 4531	134	2	133 1 
 4532	134	2	125 9 
 4533	134	2	125 9 
 4534	134	2	117 17 
 4535	134	2	98 36 
 4536	134	2	98 36 
 4537	134	2	127 7 
 4538	134	2	107 27 
 4539	134	2	133 1 
 4540	134	2	133 1 
 4541	134	2	131 3 
 4542	134	2	131 3 
 4543	134	2	131 3 
 4544	134	2	132 2 
 4545	134	2	133 1 
 4546	134	2	28 106 
 4547	134	2	132 2 
 4548	134	2	55 79 
 4549	134	2	128 6 
 4550	134	2	55 79 
 4551	134	2	128 6 
 4552	134	2	132 2 
 4553	134	2	122 12 
 4554	134	2	130 4 
 4555	134	2	107 27 
 4556	134	2	131 3 
 4557	134	2	133 1 
 4558	134	2	131 3 
 4559	134	2	133 1 
 4560	134	2	131 3 
 4561	134	2	133 1 
 4562	134	2	130 4 
 4563	134	2	133 1 
 4564	134	2	120 14 
 4565	134	2	117 17 
 4566	134	2	131 3 
 4567	134	2	117 17 
 4568	134	2	117 17 
 4569	134	2	117 17 
 4570	134	2	115 19 
 4571	134	2	134 0 
 4572	134	2	129 5 
 4573	134	2	101 33 
 4574	134	2	133 1 
 4575	134	2	133 1 
 4576	134	2	132 2 
 4577	134	2	131 3 
 4578	134	2	132 2 
 4579	134	2	109 25 
 4580	134	2	107 27 
 4581	134	2	132 2 
 4582	134	2	94 40 
 4583	134	2	107 27 
 4584	134	2	132 2 
 4585	134	2	96 38 
 4586	134	2	134 0 
 4587	134	2	134 0 
 4588	134	2	133 1 
 4589	134	2	134 0 
 4590	134	2	105 29 
 4591	134	2	133 1 
 4592	134	2	126 8 
 4593	134	2	131 3 
 4594	134	2	131 3 
 4595	134	2	123 11 
 4596	134	2	133 1 
 4597	134	2	134 0 
 4598	134	2	132 2 
 4599	134	2	133 1 
 4600	134	2	134 0 
 4601	134	2	132 2 
 4602	134	2	134 0 
 4603	134	2	133 1 
 4604	134	2	134 0 
 4605	134	2	72 62 
 4606	134	2	129 5 
 4607	134	2	128 6 
 4608	134	2	132 2 
 4609	134	2	133 1 
 4610	134	2	133 1 
 4611	134	2	130 4 
 4612	134	2	133 1 
 4613	134	2	126 8 
 4614	134	2	129 5 
 4615	134	2	92 42 
 4616	134	2	133 1 
 4617	134	2	128 6 
 4618	134	2	132 2 
 4619	134	2	132 2 
 4620	134	2	133 1 
 4621	134	2	125 9 
 4622	134	2	100 34 
 4623	134	2	128 6 
 4624	134	2	103 31 
 4625	134	2	100 34 
 4626	134	2	103 31 
 4627	134	2	103 31 
 4628	134	2	124 10 
 4629	134	2	103 31 
 4630	134	2	15 119 
 4631	134	2	133 1 
 4632	134	2	133 1 
 4633	134	2	133 1 
 4634	134	2	116 18 
 4635	134	2	132 2 
 4636	134	2	132 2 
 4637	134	2	96 38 
 4638	134	2	128 6 
 4639	134	2	96 38 
 4640	134	2	13 121 
 4641	134	2	131 3 
 4642	134	2	88 46 
 4643	134	2	122 12 
 4644	134	2	12 122 
 4645	134	2	63 71 
 4646	134	2	131 3 
 4647	134	2	63 71 
 4648	134	2	51 83 
 4649	134	2	133 1 
 4650	134	2	133 1 
 4651	134	2	133 1 
 4652	134	2	133 1 
 4653	134	2	110 24 
 4654	134	2	133 1 
 4655	134	2	131 3 
 4656	134	2	133 1 
 4657	134	2	125 9 
 4658	134	2	133 1 
 4659	134	2	131 3 
 4660	134	2	133 1 
 4661	134	2	128 6 
 4662	134	2	133 1 
 4663	134	2	131 3 
 4664	134	2	133 1 
 4665	134	2	133 1 
 4666	134	2	133 1 
 4667	134	2	132 2 
 4668	134	2	132 2 
 4669	134	2	132 2 
 4670	134	2	130 4 
 4671	134	2	130 4 
 4672	134	2	132 2 
 4673	134	2	132 2 
 4674	134	2	132 2 
 4675	134	2	133 1 
 4676	134	2	132 2 
 4677	134	2	120 14 
 4678	134	2	112 22 
 4679	134	2	133 1 
 4680	134	2	130 4 
 4681	134	2	131 3 
 4682	134	2	132 2 
 4683	134	2	128 6 
 4684	134	2	118 16 
 4685	134	2	131 3 
 4686	134	2	132 2 
 4687	134	2	132 2 
 4688	134	2	134 0 
 4689	134	2	129 5 
 4690	134	2	132 2 
 4691	134	2	108 26 
 4692	134	2	126 8 
 4693	134	2	133 1 
 4694	134	2	131 3 
 4695	134	2	130 4 
 4696	134	2	45 89 
 4697	134	2	6 128 
 4698	134	2	130 4 
 4699	134	2	99 35 
 4700	134	2	131 3 
 4701	134	2	132 2 
 4702	134	2	133 1 
 4703	134	2	112 22 
 4704	134	2	133 1 
 4705	134	2	129 5 
 4706	134	2	132 2 
 4707	134	2	133 1 
 4708	134	2	131 3 
 4709	134	2	128 6 
 4710	134	2	18 116 
 4711	134	2	126 8 
 4712	134	2	128 6 
 4713	134	2	116 18 
 4714	134	2	133 1 
 4715	134	2	120 14 
 4716	134	2	120 14 
 4717	134	2	120 14 
 4718	134	2	123 11 
 4719	134	2	131 3 
 4720	134	2	133 1 
 4721	134	2	132 2 
 4722	134	2	133 1 
 4723	134	2	126 8 
 4724	134	2	124 10 
 4725	134	2	125 9 
 4726	134	2	131 3 
 4727	134	2	129 5 
 4728	134	2	130 4 
 4729	134	2	133 1 
 4730	134	2	132 2 
 4731	134	2	132 2 
 4732	134	2	133 1 
 4733	134	2	124 10 
 4734	134	2	132 2 
 4735	134	2	133 1 
 4736	134	2	116 18 
 4737	134	2	133 1 
 4738	134	2	123 11 
 4739	134	2	133 1 
 4740	134	2	88 46 
 4741	134	2	133 1 
 4742	134	2	88 46 
 4743	134	2	88 46 
 4744	134	2	133 1 
 4745	134	2	88 46 
 4746	134	2	134 0 
 4747	134	2	120 14 
 4748	134	2	129 5 
 4749	134	2	120 14 
 4750	134	2	69 65 
 4751	134	2	129 5 
 4752	134	2	124 10 
 4753	134	2	133 1 
 4754	134	2	132 2 
 4755	134	2	134 0 
 4756	134	2	32 102 
 4757	134	2	133 1 
 4758	134	2	130 4 
 4759	134	2	120 14 
 4760	134	2	127 7 
 4761	134	2	121 13 
 4762	134	2	130 4 
 4763	134	2	130 4 
 4764	134	2	131 3 
 4765	134	2	132 2 
 4766	134	2	133 1 
 4767	134	2	130 4 
 4768	134	2	132 2 
 4769	134	2	132 2 
 4770	134	2	131 3 
 4771	134	2	132 2 
 4772	134	2	131 3 
 4773	134	2	115 19 
 4774	134	2	133 1 
 4775	134	2	133 1 
 4776	134	2	133 1 
 4777	134	2	133 1 
 4778	134	2	134 0 
 4779	134	2	119 15 
 4780	134	2	133 1 
 4781	134	2	133 1 
 4782	134	2	85 49 
 4783	134	2	88 46 
 4784	134	2	133 1 
 4785	134	2	132 2 
 4786	134	2	133 1 
 4787	134	2	130 4 
 4788	134	2	76 58 
 4789	134	2	115 19 
 4790	134	2	118 16 
 4791	134	2	131 3 
 4792	134	2	133 1 
 4793	134	2	133 1 
 4794	134	2	127 7 
 4795	134	2	127 7 
 4796	134	2	129 5 
 4797	134	2	133 1 
 4798	134	2	129 5 
 4799	134	2	133 1 
 4800	134	2	131 3 
 4801	134	2	131 3 
 4802	134	2	132 2 
 4803	134	2	134 0 
 4804	134	2	97 37 
 4805	134	2	133 1 
 4806	134	2	134 0 
 4807	134	2	133 1 
 4808	134	2	133 1 
 4809	134	2	132 2 
 4810	134	2	130 4 
 4811	134	2	114 20 
 4812	134	2	131 3 
 4813	134	2	10 124 
 4814	134	2	132 2 
 4815	134	2	132 2 
 4816	134	2	132 2 
 4817	134	2	131 3 
 4818	134	2	131 3 
 4819	134	2	101 33 
 4820	134	2	132 2 
 4821	134	2	88 46 
 4822	134	2	115 19 
 4823	134	2	128 6 
 4824	134	2	106 28 
 4825	134	2	131 3 
 4826	134	2	132 2 
 4827	134	2	133 1 
 4828	134	2	133 1 
 4829	134	2	133 1 
 4830	134	2	133 1 
 4831	134	2	115 19 
 4832	134	2	132 2 
 4833	134	2	133 1 
 4834	134	2	122 12 
 4835	134	2	64 70 
 4836	134	2	64 70 
 4837	134	2	64 70 
 4838	134	2	70 64 
 4839	134	2	70 64 
 4840	134	2	70 64 
 4841	134	2	122 12 
 4842	134	2	60 74 
 4843	134	2	126 8 
 4844	134	2	126 8 
 4845	134	2	130 4 
 4846	134	2	133 1 
 4847	134	2	133 1 
 4848	134	2	126 8 
 4849	134	2	133 1 
 4850	134	2	133 1 
 4851	134	2	130 4 
 4852	134	2	133 1 
 4853	134	2	133 1 
 4854	134	2	132 2 
 4855	134	2	126 8 
 4856	134	2	133 1 
 4857	134	2	126 8 
 4858	134	2	130 4 
 4859	134	2	133 1 
 4860	134	2	134 0 
 4861	134	2	133 1 
 4862	134	2	103 31 
 4863	134	2	133 1 
 4864	134	2	134 0 
 4865	134	2	133 1 
 4866	134	2	133 1 
 4867	134	2	133 1 
 4868	134	2	129 5 
 4869	134	2	124 10 
 4870	134	2	124 10 
 4871	134	2	124 10 
 4872	134	2	101 33 
 4873	134	2	133 1 
 4874	134	2	133 1 
 4875	134	2	120 14 
 4876	134	2	125 9 
 4877	134	2	131 3 
 4878	134	2	131 3 
 4879	134	2	134 0 
 4880	134	2	130 4 
 4881	134	2	132 2 
 4882	134	2	113 21 
 4883	134	2	121 13 
 4884	134	2	128 6 
 4885	134	2	133 1 
 4886	134	2	133 1 
 4887	134	2	128 6 
 4888	134	2	133 1 
 4889	134	2	19 115 
 4890	134	2	87 47 
 4891	134	2	87 47 
 4892	134	2	134 0 
 4893	134	2	78 56 
 4894	134	2	117 17 
 4895	134	2	116 18 
 4896	134	2	117 17 
 4897	134	2	116 18 
 4898	134	2	116 18 
 4899	134	2	99 35 
 4900	134	2	133 1 
 4901	134	2	133 1 
 4902	134	2	131 3 
 4903	134	2	133 1 
 4904	134	2	118 16 
 4905	134	2	133 1 
 4906	134	2	129 5 
 4907	134	2	132 2 
 4908	134	2	133 1 
 4909	134	2	133 1 
 4910	134	2	132 2 
 4911	134	2	133 1 
 4912	134	2	133 1 
 4913	134	2	125 9 
 4914	134	2	125 9 
 4915	134	2	133 1 
 4916	134	2	126 8 
 4917	134	2	132 2 
 4918	134	2	122 12 
 4919	134	2	128 6 
 4920	134	2	133 1 
 4921	134	2	97 37 
 4922	134	2	131 3 
 4923	134	2	130 4 
 4924	134	2	133 1 
 4925	134	2	28 106 
 4926	134	2	131 3 
 4927	134	2	106 28 
 4928	134	2	127 7 
 4929	134	2	133 1 
 4930	134	2	123 11 
 4931	134	2	132 2 
 4932	134	2	133 1 
 4933	134	2	133 1 
 4934	134	2	133 1 
 4935	134	2	133 1 
 4936	134	2	130 4 
 4937	134	2	99 35 
 4938	134	2	102 32 
 4939	134	2	102 32 
 4940	134	2	99 35 
 4941	134	2	133 1 
 4942	134	2	58 76 
 4943	134	2	58 76 
 4944	134	2	58 76 
 4945	134	2	132 2 
 4946	134	2	111 23 
 4947	134	2	133 1 
 4948	134	2	111 23 
 4949	134	2	134 0 
 4950	134	2	130 4 
 4951	134	2	126 8 
 4952	134	2	126 8 
 4953	134	2	7 127 
 4954	134	2	130 4 
 4955	134	2	113 21 
 4956	134	2	130 4 
 4957	134	2	133 1 
 4958	134	2	132 2 
 4959	134	2	128 6 
 4960	134	2	128 6 
 4961	134	2	132 2 
 4962	134	2	20 114 
 4963	134	2	114 20 
 4964	134	2	133 1 
 4965	134	2	134 0 
 4966	134	2	133 1 
 4967	134	2	133 1 
 4968	134	2	130 4 
 4969	134	2	133 1 
 4970	134	2	133 1 
 4971	134	2	133 1 
 4972	134	2	107 27 
 4973	134	2	107 27 
 4974	134	2	107 27 
 4975	134	2	134 0 
 4976	134	2	85 49 
 4977	134	2	133 1 
 4978	134	2	132 2 
 4979	134	2	120 14 
 4980	134	2	129 5 
 4981	134	2	131 3 
 4982	134	2	112 22 
 4983	134	2	120 14 
 4984	134	2	131 3 
 4985	134	2	114 20 
 4986	134	2	132 2 
 4987	134	2	132 2 
 4988	134	2	3 131 
 4989	134	2	113 21 
 4990	134	2	126 8 
 4991	134	2	100 34 
 4992	134	2	117 17 
 4993	134	2	102 32 
 4994	134	2	118 16 
 4995	134	2	134 0 
 4996	134	2	102 32 
 4997	134	2	133 1 
 4998	134	2	121 13 
 4999	134	2	134 0 
 5000	134	2	119 15 
 5001	134	2	134 0 
 5002	134	2	130 4 
 5003	134	2	133 1 
 5004	134	2	131 3 
 5005	134	2	131 3 
 5006	134	2	132 2 
 5007	134	2	131 3 
 5008	134	2	131 3 
 5009	134	2	130 4 
 5010	134	2	131 3 
 5011	134	2	132 2 
 5012	134	2	133 1 
 5013	134	2	133 1 
 5014	134	2	133 1 
 5015	134	2	133 1 
 5016	134	2	133 1 
 5017	134	2	133 1 
 5018	134	2	132 2 
 5019	134	2	133 1 
 5020	134	2	130 4 
 5021	134	2	130 4 
 5022	134	2	132 2 
 5023	134	2	129 5 
 5024	134	2	133 1 
 5025	134	2	133 1 
 5026	134	2	133 1 
 5027	134	2	129 5 
 5028	134	2	133 1 
 5029	134	2	133 1 
 5030	134	2	130 4 
 5031	134	2	131 3 
 5032	134	2	133 1 
 5033	134	2	133 1 
 5034	134	2	133 1 
 5035	134	2	32 102 
 5036	134	2	32 102 
 5037	134	2	126 8 
 5038	134	2	32 102 
 5039	134	2	125 9 
 5040	134	2	132 2 
 5041	134	2	130 4 
 5042	134	2	132 2 
 5043	134	2	133 1 
 5044	134	2	132 2 
 5045	134	2	98 36 
 5046	134	2	128 6 
 5047	134	2	128 6 
 5048	134	2	131 3 
 5049	134	2	98 36 
 5050	134	2	98 36 
 5051	134	2	128 6 
 5052	134	2	133 1 
 5053	134	2	128 6 
 5054	134	2	131 3 
 5055	134	2	132 2 
 5056	134	2	131 3 
 5057	134	2	133 1 
 5058	134	2	133 1 
 5059	134	2	133 1 
 5060	134	2	133 1 
 5061	134	2	133 1 
 5062	134	2	133 1 
 5063	134	2	133 1 
 5064	134	2	133 1 
 5065	134	2	133 1 
 5066	134	2	119 15 
 5067	134	2	117 17 
 5068	134	2	131 3 
 5069	134	2	120 14 
 5070	134	2	132 2 
 5071	134	2	92 42 
 5072	134	2	126 8 
 5073	134	2	132 2 
 5074	134	2	126 8 
 5075	134	2	133 1 
 5076	134	2	132 2 
 5077	134	2	132 2 
 5078	134	2	132 2 
 5079	134	2	9 125 
 5080	134	2	93 41 
 5081	134	2	133 1 
 5082	134	2	133 1 
 5083	134	2	69 65 
 5084	134	2	66 68 
 5085	134	2	132 2 
 5086	134	2	127 7 
 5087	134	2	124 10 
 5088	134	2	19 115 
 5089	134	2	118 16 
 5090	134	2	130 4 
 5091	134	2	124 10 
 5092	134	2	130 4 
 5093	134	2	124 10 
 5094	134	2	124 10 
 5095	134	2	116 18 
 5096	134	2	130 4 
 5097	134	2	132 2 
 5098	134	2	133 1 
 5099	134	2	11 123 
 5100	134	2	99 35 
 5101	134	2	133 1 
 5102	134	2	21 113 
 5103	134	2	21 113 
 5104	134	2	133 1 
 5105	134	2	52 82 
 5106	134	2	121 13 
 5107	134	2	132 2 
 5108	134	2	20 114 
 5109	134	2	133 1 
 5110	134	2	133 1 
 5111	134	2	133 1 
 5112	134	2	133 1 
 5113	134	2	133 1 
 5114	134	2	132 2 
 5115	134	2	132 2 
 5116	134	2	134 0 
 5117	134	2	131 3 
 5118	134	2	104 30 
 5119	134	2	121 13 
 5120	134	2	134 0 
 5121	134	2	129 5 
 5122	134	2	127 7 
 5123	134	2	131 3 
 5124	134	2	119 15 
 5125	134	2	127 7 
 5126	134	2	126 8 
 5127	134	2	127 7 
 5128	134	2	125 9 
 5129	134	2	117 17 
 5130	134	2	116 18 
 5131	134	2	129 5 
 5132	134	2	131 3 
 5133	134	2	132 2 
 5134	134	2	133 1 
 5135	134	2	133 1 
 5136	134	2	125 9 
 5137	134	2	133 1 
 5138	134	2	133 1 
 5139	134	2	128 6 
 5140	134	2	132 2 
 5141	134	2	131 3 
 5142	134	2	132 2 
 5143	134	2	130 4 
 5144	134	2	131 3 
 5145	134	2	64 70 
 5146	134	2	79 55 
 5147	134	2	133 1 
 5148	134	2	132 2 
 5149	134	2	130 4 
 5150	134	2	14 120 
 5151	134	2	80 54 
 5152	134	2	129 5 
 5153	134	2	16 118 
 5154	134	2	127 7 
 5155	134	2	128 6 
 5156	134	2	131 3 
 5157	134	2	129 5 
 5158	134	2	133 1 
 5159	134	2	130 4 
 5160	134	2	132 2 
 5161	134	2	133 1 
 5162	134	2	121 13 
 5163	134	2	134 0 
 5164	134	2	133 1 
 5165	134	2	131 3 
 5166	134	2	131 3 
 5167	134	2	133 1 
 5168	134	2	132 2 
 5169	134	2	18 116 
 5170	134	2	133 1 
 5171	134	2	18 116 
 5172	134	2	133 1 
 5173	134	2	132 2 
 5174	134	2	133 1 
 5175	134	2	131 3 
 5176	134	2	132 2 
 5177	134	2	133 1 
 5178	134	2	132 2 
 5179	134	2	132 2 
 5180	134	2	27 107 
 5181	134	2	107 27 
 5182	134	2	1 133 
 5183	134	2	131 3 
 5184	134	2	132 2 
 5185	134	2	133 1 
 5186	134	2	80 54 
 5187	134	2	80 54 
 5188	134	2	133 1 
 5189	134	2	117 17 
 5190	134	2	133 1 
 5191	134	2	79 55 
 5192	134	2	126 8 
 5193	134	2	79 55 
 5194	134	2	30 104 
 5195	134	2	125 9 
 5196	134	2	128 6 
 5197	134	2	133 1 
 5198	134	2	131 3 
 5199	134	2	133 1 
 5200	134	2	127 7 
 5201	134	2	54 80 
 5202	134	2	22 112 
 5203	134	2	133 1 
 5204	134	2	131 3 
 5205	134	2	132 2 
 5206	134	2	124 10 
 5207	134	2	104 30 
 5208	134	2	127 7 
 5209	134	2	126 8 
 5210	134	2	49 85 
 5211	134	2	133 1 
 5212	134	2	69 65 
 5213	134	2	49 85 
 5214	134	2	121 13 
 5215	134	2	114 20 
 5216	134	2	125 9 
 5217	134	2	114 20 
 5218	134	2	129 5 
 5219	134	2	130 4 
 5220	134	2	131 3 
 5221	134	2	131 3 
 5222	134	2	118 16 
 5223	134	2	102 32 
 5224	134	2	133 1 
 5225	134	2	131 3 
 5226	134	2	131 3 
 5227	134	2	133 1 
 5228	134	2	124 10 
 5229	134	2	128 6 
 5230	134	2	134 0 
 5231	134	2	102 32 
 5232	134	2	133 1 
 5233	134	2	129 5 
 5234	134	2	128 6 
 5235	134	2	28 106 
 5236	134	2	112 22 
 5237	134	2	83 51 
 5238	134	2	133 1 
 5239	134	2	94 40 
 5240	134	2	123 11 
 5241	134	2	132 2 
 5242	134	2	133 1 
 5243	134	2	40 94 
 5244	134	2	103 31 
 5245	134	2	103 31 
 5246	134	2	105 29 
 5247	134	2	125 9 
 5248	134	2	132 2 
 5249	134	2	132 2 
 5250	134	2	131 3 
 5251	134	2	133 1 
 5252	134	2	31 103 
 5253	134	2	80 54 
 5254	134	2	117 17 
 5255	134	2	133 1 
 5256	134	2	131 3 
 5257	134	2	133 1 
 5258	134	2	133 1 
 5259	134	2	122 12 
 5260	134	2	133 1 
 5261	134	2	131 3 
 5262	134	2	133 1 
 5263	134	2	124 10 
 5264	134	2	133 1 
 5265	134	2	130 4 
 5266	134	2	122 12 
 5267	134	2	121 13 
 5268	134	2	133 1 
 5269	134	2	134 0 
 5270	134	2	133 1 
 5271	134	2	122 12 
 5272	134	2	35 99 
 5273	134	2	133 1 
 5274	134	2	59 75 
 5275	134	2	131 3 
 5276	134	2	131 3 
 5277	134	2	130 4 
 5278	134	2	132 2 
 5279	134	2	133 1 
 5280	134	2	133 1 
 5281	134	2	133 1 
 5282	134	2	131 3 
 5283	134	2	130 4 
 5284	134	2	134 0 
 5285	134	2	128 6 
 5286	134	2	131 3 
 5287	134	2	131 3 
 5288	134	2	132 2 
 5289	134	2	128 6 
 5290	134	2	131 3 
 5291	134	2	128 6 
 5292	134	2	75 59 
 5293	134	2	32 102 
 5294	134	2	133 1 
 5295	134	2	132 2 
 5296	134	2	134 0 
 5297	134	2	134 0 
 5298	134	2	133 1 
 5299	134	2	132 2 
 5300	134	2	133 1 
 5301	134	2	133 1 
 5302	134	2	133 1 
 5303	134	2	133 1 
 5304	134	2	98 36 
 5305	134	2	133 1 
 5306	134	2	133 1 
 5307	134	2	1 133 
 5308	134	2	131 3 
 5309	134	2	133 1 
 5310	134	2	133 1 
 5311	134	2	133 1 
 5312	134	2	133 1 
 5313	134	2	133 1 
 5314	134	2	130 4 
 5315	134	2	130 4 
 5316	134	2	103 31 
 5317	134	2	132 2 
 5318	134	2	133 1 
 5319	134	2	133 1 
 5320	134	2	132 2 
 5321	134	2	133 1 
 5322	134	2	132 2 
 5323	134	2	111 23 
 5324	134	2	132 2 
 5325	134	2	132 2 
 5326	134	2	77 57 
 5327	134	2	132 2 
 5328	134	2	132 2 
 5329	134	2	117 17 
 5330	134	2	125 9 
 5331	134	2	134 0 
 5332	134	2	133 1 
 5333	134	2	74 60 
 5334	134	2	116 18 
 5335	134	2	132 2 
 5336	134	2	18 116 
 5337	134	2	18 116 
 5338	134	2	132 2 
 5339	134	2	133 1 
 5340	134	2	133 1 
 5341	134	2	131 3 
 5342	134	2	130 4 
 5343	134	2	102 32 
 5344	134	2	77 57 
 5345	134	2	131 3 
 5346	134	2	126 8 
 5347	134	2	29 105 
 5348	134	2	126 8 
 5349	134	2	54 80 
 5350	134	2	133 1 
 5351	134	2	86 48 
 5352	134	2	133 1 
 5353	134	2	131 3 
 5354	134	2	130 4 
 5355	134	2	133 1 
 5356	134	2	133 1 
 5357	134	2	133 1 
 5358	134	2	133 1 
 5359	134	2	132 2 
 5360	134	2	129 5 
 5361	134	2	133 1 
 5362	134	2	129 5 
 5363	134	2	130 4 
 5364	134	2	114 20 
 5365	134	2	130 4 
 5366	134	2	133 1 
 5367	134	2	133 1 
 5368	134	2	133 1 
 5369	134	2	133 1 
 5370	134	2	133 1 
 5371	134	2	130 4 
 5372	134	2	125 9 
 5373	134	2	133 1 
 5374	134	2	133 1 
 5375	134	2	134 0 
 5376	134	2	133 1 
 5377	134	2	134 0 
 5378	134	2	132 2 
 5379	134	2	133 1 
 5380	134	2	131 3 
 5381	134	2	133 1 
 5382	134	2	118 16 
 5383	134	2	118 16 
 5384	134	2	118 16 
 5385	134	2	130 4 
 5386	134	2	130 4 
 5387	134	2	132 2 
 5388	134	2	132 2 
 5389	134	2	85 49 
 5390	134	2	133 1 
 5391	134	2	78 56 
 5392	134	2	132 2 
 5393	134	2	132 2 
 5394	134	2	112 22 
 5395	134	2	129 5 
 5396	134	2	133 1 
 5397	134	2	132 2 
 5398	134	2	133 1 
 5399	134	2	132 2 
 5400	134	2	132 2 
 5401	134	2	132 2 
 5402	134	2	133 1 
 5403	134	2	133 1 
 5404	134	2	129 5 
 5405	134	2	131 3 
 5406	134	2	124 10 
 5407	134	2	132 2 
 5408	134	2	133 1 
 5409	134	2	124 10 
 5410	134	2	134 0 
 5411	134	2	116 18 
 5412	134	2	133 1 
 5413	134	2	132 2 
 5414	134	2	134 0 
 5415	134	2	133 1 
 5416	134	2	116 18 
 5417	134	2	133 1 
 5418	134	2	130 4 
 5419	134	2	116 18 
 5420	134	2	134 0 
 5421	134	2	134 0 
 5422	134	2	106 28 
 5423	134	2	116 18 
 5424	134	2	133 1 
 5425	134	2	133 1 
 5426	134	2	133 1 

[pop]=2
 1	24	2	23 1 
 2	24	2	24 0 
 3	24	2	23 1 
 4	24	2	24 0 
 5	24	2	24 0 
 6	24	2	24 0 
 7	24	2	20 4 
 8	24	2	20 4 
 9	24	2	20 4 
 10	24	2	20 4 
 11	24	2	11 13 
 12	24	2	11 13 
 13	24	2	12 12 
 14	24	2	23 1 
 15	24	2	24 0 
 16	24	2	23 1 
 17	24	2	23 1 
 18	24	2	23 1 
 19	24	2	22 2 
 20	24	2	20 4 
 21	24	2	24 0 
 22	24	2	24 0 
 23	24	2	18 6 
 24	24	2	24 0 
 25	24	2	24 0 
 26	24	2	24 0 
 27	24	2	24 0 
 28	24	2	11 13 
 29	24	2	24 0 
 30	24	2	23 1 
 31	24	2	23 1 
 32	24	2	21 3 
 33	24	2	24 0 
 34	24	2	24 0 
 35	24	2	19 5 
 36	24	2	22 2 
 37	24	2	19 5 
 38	24	2	22 2 
 39	24	2	24 0 
 40	24	2	24 0 
 41	24	2	19 5 
 42	24	2	24 0 
 43	24	2	13 11 
 44	24	2	24 0 
 45	24	2	24 0 
 46	24	2	24 0 
 47	24	2	24 0 
 48	24	2	23 1 
 49	24	2	24 0 
 50	24	2	24 0 
 51	24	2	24 0 
 52	24	2	24 0 
 53	24	2	24 0 
 54	24	2	20 4 
 55	24	2	24 0 
 56	24	2	24 0 
 57	24	2	21 3 
 58	24	2	21 3 
 59	24	2	7 17 
 60	24	2	20 4 
 61	24	2	7 17 
 62	24	2	24 0 
 63	24	2	24 0 
 64	24	2	24 0 
 65	24	2	24 0 
 66	24	2	24 0 
 67	24	2	24 0 
 68	24	2	24 0 
 69	24	2	23 1 
 70	24	2	24 0 
 71	24	2	22 2 
 72	24	2	24 0 
 73	24	2	23 1 
 74	24	2	22 2 
 75	24	2	22 2 
 76	24	2	24 0 
 77	24	2	23 1 
 78	24	2	24 0 
 79	24	2	24 0 
 80	24	2	23 1 
 81	24	2	23 1 
 82	24	2	24 0 
 83	24	2	24 0 
 84	24	2	24 0 
 85	24	2	22 2 
 86	24	2	20 4 
 87	24	2	20 4 
 88	24	2	24 0 
 89	24	2	24 0 
 90	24	2	24 0 
 91	24	2	21 3 
 92	24	2	24 0 
 93	24	2	24 0 
 94	24	2	24 0 
 95	24	2	23 1 
 96	24	2	24 0 
 97	24	2	24 0 
 98	24	2	23 1 
 99	24	2	20 4 
 100	24	2	19 5 
 101	24	2	23 1 
 102	24	2	2 22 
 103	24	2	23 1 
 104	24	2	17 7 
 105	24	2	19 5 
 106	24	2	19 5 
 107	24	2	19 5 
 108	24	2	24 0 
 109	24	2	19 5 
 110	24	2	24 0 
 111	24	2	24 0 
 112	24	2	24 0 
 113	24	2	20 4 
 114	24	2	24 0 
 115	24	2	23 1 
 116	24	2	0 24 
 117	24	2	0 24 
 118	24	2	23 1 
 119	24	2	24 0 
 120	24	2	24 0 
 121	24	2	24 0 
 122	24	2	15 9 
 123	24	2	15 9 
 124	24	2	15 9 
 125	24	2	15 9 
 126	24	2	24 0 
 127	24	2	20 4 
 128	24	2	24 0 
 129	24	2	23 1 
 130	24	2	14 10 
 131	24	2	14 10 
 132	24	2	24 0 
 133	24	2	24 0 
 134	24	2	24 0 
 135	24	2	22 2 
 136	24	2	15 9 
 137	24	2	24 0 
 138	24	2	24 0 
 139	24	2	24 0 
 140	24	2	24 0 
 141	24	2	24 0 
 142	24	2	16 8 
 143	24	2	20 4 
 144	24	2	24 0 
 145	24	2	24 0 
 146	24	2	23 1 
 147	24	2	24 0 
 148	24	2	24 0 
 149	24	2	20 4 
 150	24	2	23 1 
 151	24	2	24 0 
 152	24	2	7 17 
 153	24	2	24 0 
 154	24	2	24 0 
 155	24	2	23 1 
 156	24	2	24 0 
 157	24	2	10 14 
 158	24	2	23 1 
 159	24	2	24 0 
 160	24	2	21 3 
 161	24	2	23 1 
 162	24	2	23 1 
 163	24	2	23 1 
 164	24	2	23 1 
 165	24	2	23 1 
 166	24	2	23 1 
 167	24	2	24 0 
 168	24	2	23 1 
 169	24	2	24 0 
 170	24	2	16 8 
 171	24	2	24 0 
 172	24	2	23 1 
 173	24	2	24 0 
 174	24	2	24 0 
 175	24	2	24 0 
 176	24	2	24 0 
 177	24	2	24 0 
 178	24	2	24 0 
 179	24	2	24 0 
 180	24	2	24 0 
 181	24	2	24 0 
 182	24	2	23 1 
 183	24	2	24 0 
 184	24	2	24 0 
 185	24	2	22 2 
 186	24	2	24 0 
 187	24	2	24 0 
 188	24	2	24 0 
 189	24	2	22 2 
 190	24	2	23 1 
 191	24	2	24 0 
 192	24	2	24 0 
 193	24	2	24 0 
 194	24	2	15 9 
 195	24	2	24 0 
 196	24	2	0 24 
 197	24	2	24 0 
 198	24	2	24 0 
 199	24	2	24 0 
 200	24	2	23 1 
 201	24	2	24 0 
 202	24	2	21 3 
 203	24	2	24 0 
 204	24	2	14 10 
 205	24	2	14 10 
 206	24	2	24 0 
 207	24	2	24 0 
 208	24	2	15 9 
 209	24	2	24 0 
 210	24	2	24 0 
 211	24	2	24 0 
 212	24	2	24 0 
 213	24	2	24 0 
 214	24	2	24 0 
 215	24	2	24 0 
 216	24	2	14 10 
 217	24	2	10 14 
 218	24	2	14 10 
 219	24	2	10 14 
 220	24	2	23 1 
 221	24	2	23 1 
 222	24	2	24 0 
 223	24	2	24 0 
 224	24	2	24 0 
 225	24	2	24 0 
 226	24	2	24 0 
 227	24	2	24 0 
 228	24	2	24 0 
 229	24	2	24 0 
 230	24	2	24 0 
 231	24	2	24 0 
 232	24	2	24 0 
 233	24	2	24 0 
 234	24	2	24 0 
 235	24	2	24 0 
 236	24	2	24 0 
 237	24	2	8 16 
 238	24	2	10 14 
 239	24	2	10 14 
 240	24	2	24 0 
 241	24	2	24 0 
 242	24	2	24 0 
 243	24	2	24 0 
 244	24	2	16 8 
 245	24	2	23 1 
 246	24	2	24 0 
 247	24	2	24 0 
 248	24	2	22 2 
 249	24	2	24 0 
 250	24	2	24 0 
 251	24	2	24 0 
 252	24	2	24 0 
 253	24	2	23 1 
 254	24	2	7 17 
 255	24	2	24 0 
 256	24	2	24 0 
 257	24	2	16 8 
 258	24	2	7 17 
 259	24	2	24 0 
 260	24	2	24 0 
 261	24	2	20 4 
 262	24	2	24 0 
 263	24	2	23 1 
 264	24	2	24 0 
 265	24	2	24 0 
 266	24	2	24 0 
 267	24	2	18 6 
 268	24	2	24 0 
 269	24	2	24 0 
 270	24	2	24 0 
 271	24	2	24 0 
 272	24	2	24 0 
 273	24	2	24 0 
 274	24	2	22 2 
 275	24	2	22 2 
 276	24	2	22 2 
 277	24	2	24 0 
 278	24	2	23 1 
 279	24	2	23 1 
 280	24	2	23 1 
 281	24	2	24 0 
 282	24	2	21 3 
 283	24	2	18 6 
 284	24	2	17 7 
 285	24	2	23 1 
 286	24	2	24 0 
 287	24	2	12 12 
 288	24	2	24 0 
 289	24	2	21 3 
 290	24	2	24 0 
 291	24	2	21 3 
 292	24	2	24 0 
 293	24	2	21 3 
 294	24	2	24 0 
 295	24	2	24 0 
 296	24	2	24 0 
 297	24	2	24 0 
 298	24	2	24 0 
 299	24	2	24 0 
 300	24	2	24 0 
 301	24	2	24 0 
 302	24	2	0 24 
 303	24	2	24 0 
 304	24	2	24 0 
 305	24	2	24 0 
 306	24	2	24 0 
 307	24	2	21 3 
 308	24	2	24 0 
 309	24	2	24 0 
 310	24	2	24 0 
 311	24	2	19 5 
 312	24	2	24 0 
 313	24	2	23 1 
 314	24	2	24 0 
 315	24	2	2 22 
 316	24	2	23 1 
 317	24	2	24 0 
 318	24	2	24 0 
 319	24	2	11 13 
 320	24	2	3 21 
 321	24	2	24 0 
 322	24	2	24 0 
 323	24	2	24 0 
 324	24	2	24 0 
 325	24	2	24 0 
 326	24	2	21 3 
 327	24	2	24 0 
 328	24	2	18 6 
 329	24	2	24 0 
 330	24	2	23 1 
 331	24	2	23 1 
 332	24	2	24 0 
 333	24	2	24 0 
 334	24	2	24 0 
 335	24	2	22 2 
 336	24	2	23 1 
 337	24	2	24 0 
 338	24	2	23 1 
 339	24	2	24 0 
 340	24	2	23 1 
 341	24	2	24 0 
 342	24	2	24 0 
 343	24	2	16 8 
 344	24	2	24 0 
 345	24	2	17 7 
 346	24	2	22 2 
 347	24	2	22 2 
 348	24	2	24 0 
 349	24	2	22 2 
 350	24	2	16 8 
 351	24	2	24 0 
 352	24	2	9 15 
 353	24	2	24 0 
 354	24	2	23 1 
 355	24	2	24 0 
 356	24	2	24 0 
 357	24	2	24 0 
 358	24	2	24 0 
 359	24	2	24 0 
 360	24	2	24 0 
 361	24	2	24 0 
 362	24	2	22 2 
 363	24	2	10 14 
 364	24	2	24 0 
 365	24	2	24 0 
 366	24	2	24 0 
 367	24	2	24 0 
 368	24	2	24 0 
 369	24	2	0 24 
 370	24	2	18 6 
 371	24	2	24 0 
 372	24	2	0 24 
 373	24	2	24 0 
 374	24	2	24 0 
 375	24	2	0 24 
 376	24	2	11 13 
 377	24	2	23 1 
 378	24	2	24 0 
 379	24	2	24 0 
 380	24	2	24 0 
 381	24	2	11 13 
 382	24	2	24 0 
 383	24	2	24 0 
 384	24	2	24 0 
 385	24	2	23 1 
 386	24	2	24 0 
 387	24	2	24 0 
 388	24	2	23 1 
 389	24	2	23 1 
 390	24	2	24 0 
 391	24	2	24 0 
 392	24	2	24 0 
 393	24	2	0 24 
 394	24	2	24 0 
 395	24	2	24 0 
 396	24	2	23 1 
 397	24	2	24 0 
 398	24	2	24 0 
 399	24	2	24 0 
 400	24	2	24 0 
 401	24	2	24 0 
 402	24	2	24 0 
 403	24	2	23 1 
 404	24	2	24 0 
 405	24	2	24 0 
 406	24	2	24 0 
 407	24	2	24 0 
 408	24	2	24 0 
 409	24	2	24 0 
 410	24	2	24 0 
 411	24	2	24 0 
 412	24	2	23 1 
 413	24	2	23 1 
 414	24	2	22 2 
 415	24	2	21 3 
 416	24	2	22 2 
 417	24	2	18 6 
 418	24	2	24 0 
 419	24	2	24 0 
 420	24	2	22 2 
 421	24	2	24 0 
 422	24	2	22 2 
 423	24	2	24 0 
 424	24	2	22 2 
 425	24	2	22 2 
 426	24	2	22 2 
 427	24	2	22 2 
 428	24	2	24 0 
 429	24	2	23 1 
 430	24	2	23 1 
 431	24	2	24 0 
 432	24	2	24 0 
 433	24	2	24 0 
 434	24	2	18 6 
 435	24	2	24 0 
 436	24	2	24 0 
 437	24	2	16 8 
 438	24	2	24 0 
 439	24	2	24 0 
 440	24	2	20 4 
 441	24	2	24 0 
 442	24	2	24 0 
 443	24	2	23 1 
 444	24	2	23 1 
 445	24	2	18 6 
 446	24	2	24 0 
 447	24	2	18 6 
 448	24	2	24 0 
 449	24	2	24 0 
 450	24	2	7 17 
 451	24	2	19 5 
 452	24	2	14 10 
 453	24	2	23 1 
 454	24	2	22 2 
 455	24	2	24 0 
 456	24	2	24 0 
 457	24	2	24 0 
 458	24	2	24 0 
 459	24	2	24 0 
 460	24	2	24 0 
 461	24	2	24 0 
 462	24	2	24 0 
 463	24	2	22 2 
 464	24	2	24 0 
 465	24	2	24 0 
 466	24	2	24 0 
 467	24	2	24 0 
 468	24	2	24 0 
 469	24	2	24 0 
 470	24	2	23 1 
 471	24	2	22 2 
 472	24	2	24 0 
 473	24	2	24 0 
 474	24	2	0 24 
 475	24	2	24 0 
 476	24	2	3 21 
 477	24	2	24 0 
 478	24	2	23 1 
 479	24	2	24 0 
 480	24	2	24 0 
 481	24	2	8 16 
 482	24	2	24 0 
 483	24	2	24 0 
 484	24	2	24 0 
 485	24	2	23 1 
 486	24	2	1 23 
 487	24	2	18 6 
 488	24	2	18 6 
 489	24	2	23 1 
 490	24	2	22 2 
 491	24	2	24 0 
 492	24	2	24 0 
 493	24	2	16 8 
 494	24	2	24 0 
 495	24	2	24 0 
 496	24	2	23 1 
 497	24	2	23 1 
 498	24	2	24 0 
 499	24	2	9 15 
 500	24	2	9 15 
 501	24	2	24 0 
 502	24	2	23 1 
 503	24	2	24 0 
 504	24	2	19 5 
 505	24	2	22 2 
 506	24	2	24 0 
 507	24	2	24 0 
 508	24	2	24 0 
 509	24	2	24 0 
 510	24	2	23 1 
 511	24	2	19 5 
 512	24	2	24 0 
 513	24	2	24 0 
 514	24	2	24 0 
 515	24	2	23 1 
 516	24	2	24 0 
 517	24	2	24 0 
 518	24	2	21 3 
 519	24	2	24 0 
 520	24	2	24 0 
 521	24	2	14 10 
 522	24	2	10 14 
 523	24	2	24 0 
 524	24	2	24 0 
 525	24	2	24 0 
 526	24	2	24 0 
 527	24	2	24 0 
 528	24	2	24 0 
 529	24	2	24 0 
 530	24	2	24 0 
 531	24	2	24 0 
 532	24	2	24 0 
 533	24	2	15 9 
 534	24	2	24 0 
 535	24	2	24 0 
 536	24	2	24 0 
 537	24	2	24 0 
 538	24	2	24 0 
 539	24	2	20 4 
 540	24	2	4 20 
 541	24	2	23 1 
 542	24	2	23 1 
 543	24	2	24 0 
 544	24	2	24 0 
 545	24	2	21 3 
 546	24	2	24 0 
 547	24	2	17 7 
 548	24	2	24 0 
 549	24	2	23 1 
 550	24	2	23 1 
 551	24	2	24 0 
 552	24	2	24 0 
 553	24	2	23 1 
 554	24	2	24 0 
 555	24	2	24 0 
 556	24	2	20 4 
 557	24	2	0 24 
 558	24	2	24 0 
 559	24	2	17 7 
 560	24	2	24 0 
 561	24	2	24 0 
 562	24	2	24 0 
 563	24	2	24 0 
 564	24	2	20 4 
 565	24	2	23 1 
 566	24	2	24 0 
 567	24	2	24 0 
 568	24	2	24 0 
 569	24	2	24 0 
 570	24	2	12 12 
 571	24	2	24 0 
 572	24	2	24 0 
 573	24	2	23 1 
 574	24	2	24 0 
 575	24	2	24 0 
 576	24	2	19 5 
 577	24	2	1 23 
 578	24	2	24 0 
 579	24	2	24 0 
 580	24	2	24 0 
 581	24	2	23 1 
 582	24	2	24 0 
 583	24	2	24 0 
 584	24	2	23 1 
 585	24	2	21 3 
 586	24	2	24 0 
 587	24	2	21 3 
 588	24	2	23 1 
 589	24	2	24 0 
 590	24	2	10 14 
 591	24	2	10 14 
 592	24	2	24 0 
 593	24	2	23 1 
 594	24	2	23 1 
 595	24	2	21 3 
 596	24	2	21 3 
 597	24	2	24 0 
 598	24	2	24 0 
 599	24	2	24 0 
 600	24	2	22 2 
 601	24	2	24 0 
 602	24	2	24 0 
 603	24	2	24 0 
 604	24	2	24 0 
 605	24	2	23 1 
 606	24	2	13 11 
 607	24	2	24 0 
 608	24	2	24 0 
 609	24	2	8 16 
 610	24	2	24 0 
 611	24	2	22 2 
 612	24	2	24 0 
 613	24	2	22 2 
 614	24	2	24 0 
 615	24	2	24 0 
 616	24	2	24 0 
 617	24	2	6 18 
 618	24	2	24 0 
 619	24	2	24 0 
 620	24	2	6 18 
 621	24	2	24 0 
 622	24	2	24 0 
 623	24	2	5 19 
 624	24	2	22 2 
 625	24	2	23 1 
 626	24	2	21 3 
 627	24	2	24 0 
 628	24	2	23 1 
 629	24	2	23 1 
 630	24	2	23 1 
 631	24	2	24 0 
 632	24	2	3 21 
 633	24	2	23 1 
 634	24	2	24 0 
 635	24	2	24 0 
 636	24	2	24 0 
 637	24	2	24 0 
 638	24	2	22 2 
 639	24	2	22 2 
 640	24	2	24 0 
 641	24	2	24 0 
 642	24	2	24 0 
 643	24	2	24 0 
 644	24	2	24 0 
 645	24	2	24 0 
 646	24	2	21 3 
 647	24	2	24 0 
 648	24	2	24 0 
 649	24	2	0 24 
 650	24	2	8 16 
 651	24	2	24 0 
 652	24	2	24 0 
 653	24	2	24 0 
 654	24	2	21 3 
 655	24	2	24 0 
 656	24	2	23 1 
 657	24	2	24 0 
 658	24	2	23 1 
 659	24	2	7 17 
 660	24	2	16 8 
 661	24	2	24 0 
 662	24	2	24 0 
 663	24	2	18 6 
 664	24	2	6 18 
 665	24	2	24 0 
 666	24	2	24 0 
 667	24	2	24 0 
 668	24	2	18 6 
 669	24	2	24 0 
 670	24	2	24 0 
 671	24	2	24 0 
 672	24	2	24 0 
 673	24	2	24 0 
 674	24	2	24 0 
 675	24	2	24 0 
 676	24	2	24 0 
 677	24	2	24 0 
 678	24	2	24 0 
 679	24	2	24 0 
 680	24	2	17 7 
 681	24	2	23 1 
 682	24	2	24 0 
 683	24	2	23 1 
 684	24	2	24 0 
 685	24	2	15 9 
 686	24	2	23 1 
 687	24	2	21 3 
 688	24	2	22 2 
 689	24	2	24 0 
 690	24	2	21 3 
 691	24	2	24 0 
 692	24	2	20 4 
 693	24	2	24 0 
 694	24	2	16 8 
 695	24	2	23 1 
 696	24	2	23 1 
 697	24	2	10 14 
 698	24	2	23 1 
 699	24	2	24 0 
 700	24	2	1 23 
 701	24	2	1 23 
 702	24	2	23 1 
 703	24	2	24 0 
 704	24	2	20 4 
 705	24	2	21 3 
 706	24	2	21 3 
 707	24	2	24 0 
 708	24	2	24 0 
 709	24	2	24 0 
 710	24	2	24 0 
 711	24	2	24 0 
 712	24	2	18 6 
 713	24	2	24 0 
 714	24	2	24 0 
 715	24	2	24 0 
 716	24	2	20 4 
 717	24	2	20 4 
 718	24	2	20 4 
 719	24	2	20 4 
 720	24	2	20 4 
 721	24	2	20 4 
 722	24	2	24 0 
 723	24	2	24 0 
 724	24	2	21 3 
 725	24	2	21 3 
 726	24	2	24 0 
 727	24	2	23 1 
 728	24	2	23 1 
 729	24	2	23 1 
 730	24	2	24 0 
 731	24	2	17 7 
 732	24	2	17 7 
 733	24	2	23 1 
 734	24	2	14 10 
 735	24	2	23 1 
 736	24	2	22 2 
 737	24	2	24 0 
 738	24	2	24 0 
 739	24	2	24 0 
 740	24	2	24 0 
 741	24	2	24 0 
 742	24	2	20 4 
 743	24	2	21 3 
 744	24	2	20 4 
 745	24	2	24 0 
 746	24	2	24 0 
 747	24	2	24 0 
 748	24	2	21 3 
 749	24	2	24 0 
 750	24	2	24 0 
 751	24	2	24 0 
 752	24	2	24 0 
 753	24	2	24 0 
 754	24	2	24 0 
 755	24	2	24 0 
 756	24	2	23 1 
 757	24	2	15 9 
 758	24	2	24 0 
 759	24	2	23 1 
 760	24	2	24 0 
 761	24	2	24 0 
 762	24	2	7 17 
 763	24	2	14 10 
 764	24	2	24 0 
 765	24	2	24 0 
 766	24	2	24 0 
 767	24	2	22 2 
 768	24	2	24 0 
 769	24	2	17 7 
 770	24	2	17 7 
 771	24	2	22 2 
 772	24	2	17 7 
 773	24	2	17 7 
 774	24	2	16 8 
 775	24	2	24 0 
 776	24	2	24 0 
 777	24	2	24 0 
 778	24	2	16 8 
 779	24	2	23 1 
 780	24	2	0 24 
 781	24	2	24 0 
 782	24	2	24 0 
 783	24	2	24 0 
 784	24	2	24 0 
 785	24	2	24 0 
 786	24	2	23 1 
 787	24	2	23 1 
 788	24	2	23 1 
 789	24	2	23 1 
 790	24	2	23 1 
 791	24	2	24 0 
 792	24	2	22 2 
 793	24	2	11 13 
 794	24	2	24 0 
 795	24	2	24 0 
 796	24	2	22 2 
 797	24	2	24 0 
 798	24	2	22 2 
 799	24	2	24 0 
 800	24	2	24 0 
 801	24	2	24 0 
 802	24	2	24 0 
 803	24	2	24 0 
 804	24	2	23 1 
 805	24	2	24 0 
 806	24	2	24 0 
 807	24	2	24 0 
 808	24	2	23 1 
 809	24	2	24 0 
 810	24	2	24 0 
 811	24	2	24 0 
 812	24	2	24 0 
 813	24	2	24 0 
 814	24	2	24 0 
 815	24	2	2 22 
 816	24	2	2 22 
 817	24	2	23 1 
 818	24	2	22 2 
 819	24	2	24 0 
 820	24	2	0 24 
 821	24	2	24 0 
 822	24	2	24 0 
 823	24	2	24 0 
 824	24	2	24 0 
 825	24	2	13 11 
 826	24	2	24 0 
 827	24	2	24 0 
 828	24	2	24 0 
 829	24	2	1 23 
 830	24	2	20 4 
 831	24	2	24 0 
 832	24	2	24 0 
 833	24	2	24 0 
 834	24	2	24 0 
 835	24	2	24 0 
 836	24	2	23 1 
 837	24	2	23 1 
 838	24	2	23 1 
 839	24	2	2 22 
 840	24	2	24 0 
 841	24	2	22 2 
 842	24	2	24 0 
 843	24	2	24 0 
 844	24	2	24 0 
 845	24	2	23 1 
 846	24	2	23 1 
 847	24	2	18 6 
 848	24	2	24 0 
 849	24	2	24 0 
 850	24	2	21 3 
 851	24	2	24 0 
 852	24	2	24 0 
 853	24	2	9 15 
 854	24	2	24 0 
 855	24	2	24 0 
 856	24	2	24 0 
 857	24	2	21 3 
 858	24	2	24 0 
 859	24	2	24 0 
 860	24	2	24 0 
 861	24	2	23 1 
 862	24	2	24 0 
 863	24	2	24 0 
 864	24	2	24 0 
 865	24	2	24 0 
 866	24	2	21 3 
 867	24	2	10 14 
 868	24	2	24 0 
 869	24	2	21 3 
 870	24	2	24 0 
 871	24	2	24 0 
 872	24	2	24 0 
 873	24	2	24 0 
 874	24	2	24 0 
 875	24	2	24 0 
 876	24	2	24 0 
 877	24	2	24 0 
 878	24	2	24 0 
 879	24	2	24 0 
 880	24	2	24 0 
 881	24	2	24 0 
 882	24	2	24 0 
 883	24	2	24 0 
 884	24	2	24 0 
 885	24	2	24 0 
 886	24	2	24 0 
 887	24	2	24 0 
 888	24	2	24 0 
 889	24	2	24 0 
 890	24	2	23 1 
 891	24	2	0 24 
 892	24	2	24 0 
 893	24	2	24 0 
 894	24	2	23 1 
 895	24	2	24 0 
 896	24	2	24 0 
 897	24	2	24 0 
 898	24	2	23 1 
 899	24	2	22 2 
 900	24	2	22 2 
 901	24	2	24 0 
 902	24	2	20 4 
 903	24	2	24 0 
 904	24	2	15 9 
 905	24	2	15 9 
 906	24	2	15 9 
 907	24	2	15 9 
 908	24	2	24 0 
 909	24	2	2 22 
 910	24	2	15 9 
 911	24	2	21 3 
 912	24	2	24 0 
 913	24	2	24 0 
 914	24	2	24 0 
 915	24	2	2 22 
 916	24	2	24 0 
 917	24	2	17 7 
 918	24	2	24 0 
 919	24	2	23 1 
 920	24	2	24 0 
 921	24	2	24 0 
 922	24	2	24 0 
 923	24	2	23 1 
 924	24	2	23 1 
 925	24	2	17 7 
 926	24	2	24 0 
 927	24	2	22 2 
 928	24	2	21 3 
 929	24	2	24 0 
 930	24	2	24 0 
 931	24	2	24 0 
 932	24	2	24 0 
 933	24	2	24 0 
 934	24	2	23 1 
 935	24	2	24 0 
 936	24	2	24 0 
 937	24	2	23 1 
 938	24	2	23 1 
 939	24	2	17 7 
 940	24	2	24 0 
 941	24	2	20 4 
 942	24	2	24 0 
 943	24	2	23 1 
 944	24	2	24 0 
 945	24	2	24 0 
 946	24	2	24 0 
 947	24	2	24 0 
 948	24	2	24 0 
 949	24	2	21 3 
 950	24	2	24 0 
 951	24	2	24 0 
 952	24	2	23 1 
 953	24	2	24 0 
 954	24	2	23 1 
 955	24	2	23 1 
 956	24	2	15 9 
 957	24	2	15 9 
 958	24	2	24 0 
 959	24	2	24 0 
 960	24	2	24 0 
 961	24	2	24 0 
 962	24	2	24 0 
 963	24	2	23 1 
 964	24	2	24 0 
 965	24	2	21 3 
 966	24	2	24 0 
 967	24	2	11 13 
 968	24	2	11 13 
 969	24	2	24 0 
 970	24	2	23 1 
 971	24	2	21 3 
 972	24	2	24 0 
 973	24	2	24 0 
 974	24	2	24 0 
 975	24	2	24 0 
 976	24	2	24 0 
 977	24	2	19 5 
 978	24	2	24 0 
 979	24	2	19 5 
 980	24	2	24 0 
 981	24	2	24 0 
 982	24	2	24 0 
 983	24	2	24 0 
 984	24	2	24 0 
 985	24	2	24 0 
 986	24	2	24 0 
 987	24	2	6 18 
 988	24	2	24 0 
 989	24	2	23 1 
 990	24	2	23 1 
 991	24	2	22 2 
 992	24	2	24 0 
 993	24	2	23 1 
 994	24	2	22 2 
 995	24	2	24 0 
 996	24	2	23 1 
 997	24	2	23 1 
 998	24	2	24 0 
 999	24	2	24 0 
 1000	24	2	20 4 
 1001	24	2	9 15 
 1002	24	2	24 0 
 1003	24	2	24 0 
 1004	24	2	24 0 
 1005	24	2	24 0 
 1006	24	2	24 0 
 1007	24	2	24 0 
 1008	24	2	11 13 
 1009	24	2	24 0 
 1010	24	2	24 0 
 1011	24	2	17 7 
 1012	24	2	23 1 
 1013	24	2	17 7 
 1014	24	2	20 4 
 1015	24	2	16 8 
 1016	24	2	23 1 
 1017	24	2	24 0 
 1018	24	2	11 13 
 1019	24	2	11 13 
 1020	24	2	20 4 
 1021	24	2	24 0 
 1022	24	2	24 0 
 1023	24	2	12 12 
 1024	24	2	12 12 
 1025	24	2	23 1 
 1026	24	2	24 0 
 1027	24	2	24 0 
 1028	24	2	24 0 
 1029	24	2	23 1 
 1030	24	2	18 6 
 1031	24	2	18 6 
 1032	24	2	3 21 
 1033	24	2	11 13 
 1034	24	2	23 1 
 1035	24	2	24 0 
 1036	24	2	24 0 
 1037	24	2	24 0 
 1038	24	2	16 8 
 1039	24	2	24 0 
 1040	24	2	16 8 
 1041	24	2	17 7 
 1042	24	2	24 0 
 1043	24	2	17 7 
 1044	24	2	18 6 
 1045	24	2	24 0 
 1046	24	2	20 4 
 1047	24	2	24 0 
 1048	24	2	18 6 
 1049	24	2	14 10 
 1050	24	2	24 0 
 1051	24	2	24 0 
 1052	24	2	24 0 
 1053	24	2	24 0 
 1054	24	2	23 1 
 1055	24	2	24 0 
 1056	24	2	24 0 
 1057	24	2	24 0 
 1058	24	2	24 0 
 1059	24	2	24 0 
 1060	24	2	24 0 
 1061	24	2	24 0 
 1062	24	2	23 1 
 1063	24	2	18 6 
 1064	24	2	23 1 
 1065	24	2	24 0 
 1066	24	2	23 1 
 1067	24	2	23 1 
 1068	24	2	23 1 
 1069	24	2	22 2 
 1070	24	2	24 0 
 1071	24	2	23 1 
 1072	24	2	23 1 
 1073	24	2	24 0 
 1074	24	2	23 1 
 1075	24	2	24 0 
 1076	24	2	24 0 
 1077	24	2	24 0 
 1078	24	2	24 0 
 1079	24	2	22 2 
 1080	24	2	23 1 
 1081	24	2	24 0 
 1082	24	2	24 0 
 1083	24	2	24 0 
 1084	24	2	23 1 
 1085	24	2	24 0 
 1086	24	2	23 1 
 1087	24	2	22 2 
 1088	24	2	23 1 
 1089	24	2	24 0 
 1090	24	2	23 1 
 1091	24	2	23 1 
 1092	24	2	23 1 
 1093	24	2	24 0 
 1094	24	2	24 0 
 1095	24	2	24 0 
 1096	24	2	23 1 
 1097	24	2	24 0 
 1098	24	2	24 0 
 1099	24	2	24 0 
 1100	24	2	24 0 
 1101	24	2	23 1 
 1102	24	2	24 0 
 1103	24	2	24 0 
 1104	24	2	24 0 
 1105	24	2	18 6 
 1106	24	2	24 0 
 1107	24	2	11 13 
 1108	24	2	13 11 
 1109	24	2	24 0 
 1110	24	2	24 0 
 1111	24	2	24 0 
 1112	24	2	23 1 
 1113	24	2	21 3 
 1114	24	2	24 0 
 1115	24	2	23 1 
 1116	24	2	24 0 
 1117	24	2	24 0 
 1118	24	2	24 0 
 1119	24	2	20 4 
 1120	24	2	21 3 
 1121	24	2	21 3 
 1122	24	2	24 0 
 1123	24	2	18 6 
 1124	24	2	13 11 
 1125	24	2	22 2 
 1126	24	2	24 0 
 1127	24	2	3 21 
 1128	24	2	21 3 
 1129	24	2	24 0 
 1130	24	2	3 21 
 1131	24	2	1 23 
 1132	24	2	23 1 
 1133	24	2	24 0 
 1134	24	2	14 10 
 1135	24	2	24 0 
 1136	24	2	22 2 
 1137	24	2	24 0 
 1138	24	2	24 0 
 1139	24	2	24 0 
 1140	24	2	19 5 
 1141	24	2	24 0 
 1142	24	2	24 0 
 1143	24	2	24 0 
 1144	24	2	24 0 
 1145	24	2	24 0 
 1146	24	2	24 0 
 1147	24	2	24 0 
 1148	24	2	24 0 
 1149	24	2	24 0 
 1150	24	2	24 0 
 1151	24	2	24 0 
 1152	24	2	24 0 
 1153	24	2	24 0 
 1154	24	2	19 5 
 1155	24	2	24 0 
 1156	24	2	23 1 
 1157	24	2	19 5 
 1158	24	2	24 0 
 1159	24	2	19 5 
 1160	24	2	24 0 
 1161	24	2	24 0 
 1162	24	2	24 0 
 1163	24	2	24 0 
 1164	24	2	23 1 
 1165	24	2	24 0 
 1166	24	2	24 0 
 1167	24	2	24 0 
 1168	24	2	21 3 
 1169	24	2	24 0 
 1170	24	2	24 0 
 1171	24	2	24 0 
 1172	24	2	24 0 
 1173	24	2	23 1 
 1174	24	2	24 0 
 1175	24	2	23 1 
 1176	24	2	24 0 
 1177	24	2	24 0 
 1178	24	2	24 0 
 1179	24	2	24 0 
 1180	24	2	24 0 
 1181	24	2	24 0 
 1182	24	2	24 0 
 1183	24	2	24 0 
 1184	24	2	24 0 
 1185	24	2	1 23 
 1186	24	2	24 0 
 1187	24	2	23 1 
 1188	24	2	9 15 
 1189	24	2	24 0 
 1190	24	2	24 0 
 1191	24	2	23 1 
 1192	24	2	24 0 
 1193	24	2	24 0 
 1194	24	2	23 1 
 1195	24	2	23 1 
 1196	24	2	24 0 
 1197	24	2	24 0 
 1198	24	2	23 1 
 1199	24	2	23 1 
 1200	24	2	24 0 
 1201	24	2	23 1 
 1202	24	2	23 1 
 1203	24	2	16 8 
 1204	24	2	13 11 
 1205	24	2	24 0 
 1206	24	2	24 0 
 1207	24	2	24 0 
 1208	24	2	20 4 
 1209	24	2	24 0 
 1210	24	2	21 3 
 1211	24	2	24 0 
 1212	24	2	22 2 
 1213	24	2	23 1 
 1214	24	2	24 0 
 1215	24	2	24 0 
 1216	24	2	24 0 
 1217	24	2	24 0 
 1218	24	2	24 0 
 1219	24	2	21 3 
 1220	24	2	24 0 
 1221	24	2	20 4 
 1222	24	2	23 1 
 1223	24	2	24 0 
 1224	24	2	19 5 
 1225	24	2	18 6 
 1226	24	2	18 6 
 1227	24	2	21 3 
 1228	24	2	24 0 
 1229	24	2	24 0 
 1230	24	2	23 1 
 1231	24	2	24 0 
 1232	24	2	24 0 
 1233	24	2	24 0 
 1234	24	2	24 0 
 1235	24	2	24 0 
 1236	24	2	24 0 
 1237	24	2	24 0 
 1238	24	2	12 12 
 1239	24	2	23 1 
 1240	24	2	24 0 
 1241	24	2	24 0 
 1242	24	2	22 2 
 1243	24	2	24 0 
 1244	24	2	15 9 
 1245	24	2	23 1 
 1246	24	2	17 7 
 1247	24	2	21 3 
 1248	24	2	24 0 
 1249	24	2	24 0 
 1250	24	2	24 0 
 1251	24	2	23 1 
 1252	24	2	24 0 
 1253	24	2	20 4 
 1254	24	2	20 4 
 1255	24	2	24 0 
 1256	24	2	24 0 
 1257	24	2	24 0 
 1258	24	2	24 0 
 1259	24	2	21 3 
 1260	24	2	24 0 
 1261	24	2	24 0 
 1262	24	2	24 0 
 1263	24	2	24 0 
 1264	24	2	24 0 
 1265	24	2	24 0 
 1266	24	2	24 0 
 1267	24	2	24 0 
 1268	24	2	24 0 
 1269	24	2	17 7 
 1270	24	2	17 7 
 1271	24	2	17 7 
 1272	24	2	17 7 
 1273	24	2	24 0 
 1274	24	2	17 7 
 1275	24	2	24 0 
 1276	24	2	24 0 
 1277	24	2	24 0 
 1278	24	2	24 0 
 1279	24	2	24 0 
 1280	24	2	24 0 
 1281	24	2	24 0 
 1282	24	2	24 0 
 1283	24	2	24 0 
 1284	24	2	24 0 
 1285	24	2	24 0 
 1286	24	2	2 22 
 1287	24	2	24 0 
 1288	24	2	21 3 
 1289	24	2	24 0 
 1290	24	2	24 0 
 1291	24	2	24 0 
 1292	24	2	3 21 
 1293	24	2	24 0 
 1294	24	2	24 0 
 1295	24	2	21 3 
 1296	24	2	24 0 
 1297	24	2	0 24 
 1298	24	2	24 0 
 1299	24	2	24 0 
 1300	24	2	24 0 
 1301	24	2	17 7 
 1302	24	2	24 0 
 1303	24	2	24 0 
 1304	24	2	22 2 
 1305	24	2	24 0 
 1306	24	2	24 0 
 1307	24	2	1 23 
 1308	24	2	24 0 
 1309	24	2	24 0 
 1310	24	2	24 0 
 1311	24	2	23 1 
 1312	24	2	24 0 
 1313	24	2	24 0 
 1314	24	2	23 1 
 1315	24	2	21 3 
 1316	24	2	24 0 
 1317	24	2	21 3 
 1318	24	2	23 1 
 1319	24	2	24 0 
 1320	24	2	10 14 
 1321	24	2	10 14 
 1322	24	2	24 0 
 1323	24	2	0 24 
 1324	24	2	24 0 
 1325	24	2	24 0 
 1326	24	2	24 0 
 1327	24	2	15 9 
 1328	24	2	9 15 
 1329	24	2	9 15 
 1330	24	2	24 0 
 1331	24	2	9 15 
 1332	24	2	9 15 
 1333	24	2	24 0 
 1334	24	2	24 0 
 1335	24	2	24 0 
 1336	24	2	22 2 
 1337	24	2	22 2 
 1338	24	2	24 0 
 1339	24	2	24 0 
 1340	24	2	24 0 
 1341	24	2	24 0 
 1342	24	2	22 2 
 1343	24	2	22 2 
 1344	24	2	24 0 
 1345	24	2	24 0 
 1346	24	2	22 2 
 1347	24	2	24 0 
 1348	24	2	24 0 
 1349	24	2	24 0 
 1350	24	2	2 22 
 1351	24	2	2 22 
 1352	24	2	2 22 
 1353	24	2	24 0 
 1354	24	2	24 0 
 1355	24	2	24 0 
 1356	24	2	24 0 
 1357	24	2	15 9 
 1358	24	2	24 0 
 1359	24	2	24 0 
 1360	24	2	24 0 
 1361	24	2	24 0 
 1362	24	2	22 2 
 1363	24	2	24 0 
 1364	24	2	24 0 
 1365	24	2	24 0 
 1366	24	2	24 0 
 1367	24	2	24 0 
 1368	24	2	24 0 
 1369	24	2	24 0 
 1370	24	2	24 0 
 1371	24	2	0 24 
 1372	24	2	9 15 
 1373	24	2	24 0 
 1374	24	2	24 0 
 1375	24	2	24 0 
 1376	24	2	24 0 
 1377	24	2	24 0 
 1378	24	2	22 2 
 1379	24	2	15 9 
 1380	24	2	24 0 
 1381	24	2	24 0 
 1382	24	2	22 2 
 1383	24	2	24 0 
 1384	24	2	24 0 
 1385	24	2	23 1 
 1386	24	2	24 0 
 1387	24	2	24 0 
 1388	24	2	23 1 
 1389	24	2	24 0 
 1390	24	2	23 1 
 1391	24	2	23 1 
 1392	24	2	7 17 
 1393	24	2	22 2 
 1394	24	2	7 17 
 1395	24	2	24 0 
 1396	24	2	24 0 
 1397	24	2	7 17 
 1398	24	2	0 24 
 1399	24	2	21 3 
 1400	24	2	16 8 
 1401	24	2	0 24 
 1402	24	2	23 1 
 1403	24	2	18 6 
 1404	24	2	24 0 
 1405	24	2	24 0 
 1406	24	2	20 4 
 1407	24	2	24 0 
 1408	24	2	24 0 
 1409	24	2	24 0 
 1410	24	2	24 0 
 1411	24	2	24 0 
 1412	24	2	24 0 
 1413	24	2	24 0 
 1414	24	2	24 0 
 1415	24	2	24 0 
 1416	24	2	24 0 
 1417	24	2	4 20 
 1418	24	2	24 0 
 1419	24	2	24 0 
 1420	24	2	24 0 
 1421	24	2	22 2 
 1422	24	2	0 24 
 1423	24	2	24 0 
 1424	24	2	24 0 
 1425	24	2	20 4 
 1426	24	2	24 0 
 1427	24	2	20 4 
 1428	24	2	24 0 
 1429	24	2	16 8 
 1430	24	2	23 1 
 1431	24	2	24 0 
 1432	24	2	24 0 
 1433	24	2	4 20 
 1434	24	2	23 1 
 1435	24	2	23 1 
 1436	24	2	3 21 
 1437	24	2	6 18 
 1438	24	2	14 10 
 1439	24	2	24 0 
 1440	24	2	21 3 
 1441	24	2	24 0 
 1442	24	2	24 0 
 1443	24	2	24 0 
 1444	24	2	11 13 
 1445	24	2	11 13 
 1446	24	2	21 3 
 1447	24	2	24 0 
 1448	24	2	21 3 
 1449	24	2	23 1 
 1450	24	2	24 0 
 1451	24	2	24 0 
 1452	24	2	24 0 
 1453	24	2	24 0 
 1454	24	2	23 1 
 1455	24	2	23 1 
 1456	24	2	24 0 
 1457	24	2	22 2 
 1458	24	2	23 1 
 1459	24	2	23 1 
 1460	24	2	24 0 
 1461	24	2	22 2 
 1462	24	2	8 16 
 1463	24	2	24 0 
 1464	24	2	8 16 
 1465	24	2	24 0 
 1466	24	2	23 1 
 1467	24	2	8 16 
 1468	24	2	24 0 
 1469	24	2	24 0 
 1470	24	2	24 0 
 1471	24	2	24 0 
 1472	24	2	23 1 
 1473	24	2	19 5 
 1474	24	2	23 1 
 1475	24	2	15 9 
 1476	24	2	23 1 
 1477	24	2	22 2 
 1478	24	2	24 0 
 1479	24	2	19 5 
 1480	24	2	24 0 
 1481	24	2	24 0 
 1482	24	2	24 0 
 1483	24	2	23 1 
 1484	24	2	23 1 
 1485	24	2	23 1 
 1486	24	2	23 1 
 1487	24	2	23 1 
 1488	24	2	23 1 
 1489	24	2	24 0 
 1490	24	2	24 0 
 1491	24	2	24 0 
 1492	24	2	24 0 
 1493	24	2	22 2 
 1494	24	2	24 0 
 1495	24	2	23 1 
 1496	24	2	16 8 
 1497	24	2	24 0 
 1498	24	2	24 0 
 1499	24	2	24 0 
 1500	24	2	24 0 
 1501	24	2	24 0 
 1502	24	2	24 0 
 1503	24	2	24 0 
 1504	24	2	24 0 
 1505	24	2	24 0 
 1506	24	2	24 0 
 1507	24	2	22 2 
 1508	24	2	0 24 
 1509	24	2	21 3 
 1510	24	2	18 6 
 1511	24	2	22 2 
 1512	24	2	22 2 
 1513	24	2	22 2 
 1514	24	2	24 0 
 1515	24	2	22 2 
 1516	24	2	22 2 
 1517	24	2	24 0 
 1518	24	2	9 15 
 1519	24	2	24 0 
 1520	24	2	24 0 
 1521	24	2	24 0 
 1522	24	2	24 0 
 1523	24	2	24 0 
 1524	24	2	6 18 
 1525	24	2	18 6 
 1526	24	2	23 1 
 1527	24	2	23 1 
 1528	24	2	23 1 
 1529	24	2	23 1 
 1530	24	2	24 0 
 1531	24	2	23 1 
 1532	24	2	24 0 
 1533	24	2	11 13 
 1534	24	2	13 11 
 1535	24	2	13 11 
 1536	24	2	19 5 
 1537	24	2	24 0 
 1538	24	2	24 0 
 1539	24	2	19 5 
 1540	24	2	24 0 
 1541	24	2	22 2 
 1542	24	2	24 0 
 1543	24	2	24 0 
 1544	24	2	24 0 
 1545	24	2	24 0 
 1546	24	2	22 2 
 1547	24	2	24 0 
 1548	24	2	19 5 
 1549	24	2	22 2 
 1550	24	2	24 0 
 1551	24	2	24 0 
 1552	24	2	0 24 
 1553	24	2	24 0 
 1554	24	2	24 0 
 1555	24	2	24 0 
 1556	24	2	24 0 
 1557	24	2	24 0 
 1558	24	2	24 0 
 1559	24	2	18 6 
 1560	24	2	6 18 
 1561	24	2	24 0 
 1562	24	2	24 0 
 1563	24	2	24 0 
 1564	24	2	24 0 
 1565	24	2	24 0 
 1566	24	2	21 3 
 1567	24	2	23 1 
 1568	24	2	24 0 
 1569	24	2	24 0 
 1570	24	2	23 1 
 1571	24	2	7 17 
 1572	24	2	24 0 
 1573	24	2	20 4 
 1574	24	2	20 4 
 1575	24	2	24 0 
 1576	24	2	24 0 
 1577	24	2	24 0 
 1578	24	2	24 0 
 1579	24	2	24 0 
 1580	24	2	24 0 
 1581	24	2	24 0 
 1582	24	2	24 0 
 1583	24	2	24 0 
 1584	24	2	24 0 
 1585	24	2	24 0 
 1586	24	2	24 0 
 1587	24	2	24 0 
 1588	24	2	23 1 
 1589	24	2	23 1 
 1590	24	2	22 2 
 1591	24	2	24 0 
 1592	24	2	24 0 
 1593	24	2	24 0 
 1594	24	2	24 0 
 1595	24	2	24 0 
 1596	24	2	24 0 
 1597	24	2	24 0 
 1598	24	2	24 0 
 1599	24	2	24 0 
 1600	24	2	24 0 
 1601	24	2	22 2 
 1602	24	2	24 0 
 1603	24	2	2 22 
 1604	24	2	23 1 
 1605	24	2	13 11 
 1606	24	2	24 0 
 1607	24	2	24 0 
 1608	24	2	24 0 
 1609	24	2	24 0 
 1610	24	2	24 0 
 1611	24	2	20 4 
 1612	24	2	24 0 
 1613	24	2	23 1 
 1614	24	2	20 4 
 1615	24	2	24 0 
 1616	24	2	17 7 
 1617	24	2	24 0 
 1618	24	2	24 0 
 1619	24	2	17 7 
 1620	24	2	24 0 
 1621	24	2	20 4 
 1622	24	2	20 4 
 1623	24	2	24 0 
 1624	24	2	16 8 
 1625	24	2	24 0 
 1626	24	2	24 0 
 1627	24	2	23 1 
 1628	24	2	24 0 
 1629	24	2	4 20 
 1630	24	2	19 5 
 1631	24	2	24 0 
 1632	24	2	24 0 
 1633	24	2	22 2 
 1634	24	2	19 5 
 1635	24	2	5 19 
 1636	24	2	24 0 
 1637	24	2	24 0 
 1638	24	2	23 1 
 1639	24	2	24 0 
 1640	24	2	22 2 
 1641	24	2	24 0 
 1642	24	2	24 0 
 1643	24	2	24 0 
 1644	24	2	24 0 
 1645	24	2	24 0 
 1646	24	2	20 4 
 1647	24	2	24 0 
 1648	24	2	20 4 
 1649	24	2	24 0 
 1650	24	2	20 4 
 1651	24	2	24 0 
 1652	24	2	23 1 
 1653	24	2	24 0 
 1654	24	2	23 1 
 1655	24	2	9 15 
 1656	24	2	24 0 
 1657	24	2	24 0 
 1658	24	2	24 0 
 1659	24	2	16 8 
 1660	24	2	23 1 
 1661	24	2	24 0 
 1662	24	2	24 0 
 1663	24	2	2 22 
 1664	24	2	24 0 
 1665	24	2	24 0 
 1666	24	2	24 0 
 1667	24	2	24 0 
 1668	24	2	24 0 
 1669	24	2	24 0 
 1670	24	2	24 0 
 1671	24	2	24 0 
 1672	24	2	24 0 
 1673	24	2	24 0 
 1674	24	2	24 0 
 1675	24	2	24 0 
 1676	24	2	20 4 
 1677	24	2	24 0 
 1678	24	2	23 1 
 1679	24	2	24 0 
 1680	24	2	19 5 
 1681	24	2	11 13 
 1682	24	2	24 0 
 1683	24	2	10 14 
 1684	24	2	24 0 
 1685	24	2	22 2 
 1686	24	2	19 5 
 1687	24	2	24 0 
 1688	24	2	24 0 
 1689	24	2	23 1 
 1690	24	2	24 0 
 1691	24	2	24 0 
 1692	24	2	20 4 
 1693	24	2	24 0 
 1694	24	2	24 0 
 1695	24	2	24 0 
 1696	24	2	24 0 
 1697	24	2	24 0 
 1698	24	2	20 4 
 1699	24	2	20 4 
 1700	24	2	18 6 
 1701	24	2	24 0 
 1702	24	2	23 1 
 1703	24	2	24 0 
 1704	24	2	24 0 
 1705	24	2	18 6 
 1706	24	2	24 0 
 1707	24	2	24 0 
 1708	24	2	24 0 
 1709	24	2	23 1 
 1710	24	2	7 17 
 1711	24	2	20 4 
 1712	24	2	23 1 
 1713	24	2	24 0 
 1714	24	2	24 0 
 1715	24	2	20 4 
 1716	24	2	24 0 
 1717	24	2	24 0 
 1718	24	2	0 24 
 1719	24	2	24 0 
 1720	24	2	24 0 
 1721	24	2	0 24 
 1722	24	2	23 1 
 1723	24	2	23 1 
 1724	24	2	23 1 
 1725	24	2	23 1 
 1726	24	2	24 0 
 1727	24	2	17 7 
 1728	24	2	23 1 
 1729	24	2	24 0 
 1730	24	2	23 1 
 1731	24	2	24 0 
 1732	24	2	11 13 
 1733	24	2	22 2 
 1734	24	2	19 5 
 1735	24	2	17 7 
 1736	24	2	23 1 
 1737	24	2	16 8 
 1738	24	2	17 7 
 1739	24	2	23 1 
 1740	24	2	23 1 
 1741	24	2	11 13 
 1742	24	2	22 2 
 1743	24	2	19 5 
 1744	24	2	17 7 
 1745	24	2	23 1 
 1746	24	2	17 7 
 1747	24	2	24 0 
 1748	24	2	20 4 
 1749	24	2	24 0 
 1750	24	2	24 0 
 1751	24	2	23 1 
 1752	24	2	24 0 
 1753	24	2	24 0 
 1754	24	2	24 0 
 1755	24	2	23 1 
 1756	24	2	24 0 
 1757	24	2	20 4 
 1758	24	2	24 0 
 1759	24	2	24 0 
 1760	24	2	24 0 
 1761	24	2	18 6 
 1762	24	2	23 1 
 1763	24	2	8 16 
 1764	24	2	24 0 
 1765	24	2	24 0 
 1766	24	2	24 0 
 1767	24	2	24 0 
 1768	24	2	23 1 
 1769	24	2	19 5 
 1770	24	2	21 3 
 1771	24	2	23 1 
 1772	24	2	22 2 
 1773	24	2	24 0 
 1774	24	2	24 0 
 1775	24	2	24 0 
 1776	24	2	24 0 
 1777	24	2	24 0 
 1778	24	2	19 5 
 1779	24	2	23 1 
 1780	24	2	24 0 
 1781	24	2	24 0 
 1782	24	2	20 4 
 1783	24	2	24 0 
 1784	24	2	24 0 
 1785	24	2	24 0 
 1786	24	2	24 0 
 1787	24	2	24 0 
 1788	24	2	24 0 
 1789	24	2	24 0 
 1790	24	2	23 1 
 1791	24	2	24 0 
 1792	24	2	24 0 
 1793	24	2	23 1 
 1794	24	2	10 14 
 1795	24	2	0 24 
 1796	24	2	0 24 
 1797	24	2	0 24 
 1798	24	2	0 24 
 1799	24	2	24 0 
 1800	24	2	24 0 
 1801	24	2	24 0 
 1802	24	2	23 1 
 1803	24	2	23 1 
 1804	24	2	11 13 
 1805	24	2	24 0 
 1806	24	2	23 1 
 1807	24	2	21 3 
 1808	24	2	22 2 
 1809	24	2	24 0 
 1810	24	2	24 0 
 1811	24	2	24 0 
 1812	24	2	24 0 
 1813	24	2	23 1 
 1814	24	2	24 0 
 1815	24	2	24 0 
 1816	24	2	24 0 
 1817	24	2	24 0 
 1818	24	2	24 0 
 1819	24	2	24 0 
 1820	24	2	22 2 
 1821	24	2	24 0 
 1822	24	2	24 0 
 1823	24	2	24 0 
 1824	24	2	24 0 
 1825	24	2	24 0 
 1826	24	2	24 0 
 1827	24	2	24 0 
 1828	24	2	22 2 
 1829	24	2	24 0 
 1830	24	2	19 5 
 1831	24	2	24 0 
 1832	24	2	23 1 
 1833	24	2	23 1 
 1834	24	2	8 16 
 1835	24	2	15 9 
 1836	24	2	23 1 
 1837	24	2	23 1 
 1838	24	2	24 0 
 1839	24	2	17 7 
 1840	24	2	24 0 
 1841	24	2	24 0 
 1842	24	2	23 1 
 1843	24	2	24 0 
 1844	24	2	23 1 
 1845	24	2	23 1 
 1846	24	2	23 1 
 1847	24	2	24 0 
 1848	24	2	23 1 
 1849	24	2	24 0 
 1850	24	2	23 1 
 1851	24	2	23 1 
 1852	24	2	23 1 
 1853	24	2	24 0 
 1854	24	2	24 0 
 1855	24	2	12 12 
 1856	24	2	24 0 
 1857	24	2	22 2 
 1858	24	2	24 0 
 1859	24	2	24 0 
 1860	24	2	24 0 
 1861	24	2	24 0 
 1862	24	2	24 0 
 1863	24	2	24 0 
 1864	24	2	0 24 
 1865	24	2	24 0 
 1866	24	2	24 0 
 1867	24	2	21 3 
 1868	24	2	24 0 
 1869	24	2	15 9 
 1870	24	2	24 0 
 1871	24	2	13 11 
 1872	24	2	9 15 
 1873	24	2	17 7 
 1874	24	2	24 0 
 1875	24	2	24 0 
 1876	24	2	15 9 
 1877	24	2	23 1 
 1878	24	2	24 0 
 1879	24	2	4 20 
 1880	24	2	24 0 
 1881	24	2	24 0 
 1882	24	2	22 2 
 1883	24	2	24 0 
 1884	24	2	24 0 
 1885	24	2	24 0 
 1886	24	2	24 0 
 1887	24	2	24 0 
 1888	24	2	24 0 
 1889	24	2	23 1 
 1890	24	2	24 0 
 1891	24	2	23 1 
 1892	24	2	24 0 
 1893	24	2	3 21 
 1894	24	2	24 0 
 1895	24	2	20 4 
 1896	24	2	24 0 
 1897	24	2	24 0 
 1898	24	2	24 0 
 1899	24	2	24 0 
 1900	24	2	23 1 
 1901	24	2	24 0 
 1902	24	2	1 23 
 1903	24	2	23 1 
 1904	24	2	24 0 
 1905	24	2	24 0 
 1906	24	2	24 0 
 1907	24	2	24 0 
 1908	24	2	16 8 
 1909	24	2	24 0 
 1910	24	2	16 8 
 1911	24	2	24 0 
 1912	24	2	23 1 
 1913	24	2	2 22 
 1914	24	2	24 0 
 1915	24	2	17 7 
 1916	24	2	24 0 
 1917	24	2	24 0 
 1918	24	2	24 0 
 1919	24	2	12 12 
 1920	24	2	14 10 
 1921	24	2	3 21 
 1922	24	2	24 0 
 1923	24	2	24 0 
 1924	24	2	24 0 
 1925	24	2	14 10 
 1926	24	2	23 1 
 1927	24	2	23 1 
 1928	24	2	12 12 
 1929	24	2	12 12 
 1930	24	2	2 22 
 1931	24	2	24 0 
 1932	24	2	23 1 
 1933	24	2	23 1 
 1934	24	2	24 0 
 1935	24	2	24 0 
 1936	24	2	24 0 
 1937	24	2	23 1 
 1938	24	2	24 0 
 1939	24	2	23 1 
 1940	24	2	23 1 
 1941	24	2	22 2 
 1942	24	2	20 4 
 1943	24	2	7 17 
 1944	24	2	24 0 
 1945	24	2	7 17 
 1946	24	2	7 17 
 1947	24	2	24 0 
 1948	24	2	5 19 
 1949	24	2	24 0 
 1950	24	2	24 0 
 1951	24	2	21 3 
 1952	24	2	9 15 
 1953	24	2	24 0 
 1954	24	2	24 0 
 1955	24	2	24 0 
 1956	24	2	24 0 
 1957	24	2	22 2 
 1958	24	2	24 0 
 1959	24	2	24 0 
 1960	24	2	24 0 
 1961	24	2	23 1 
 1962	24	2	24 0 
 1963	24	2	24 0 
 1964	24	2	20 4 
 1965	24	2	24 0 
 1966	24	2	22 2 
 1967	24	2	21 3 
 1968	24	2	3 21 
 1969	24	2	3 21 
 1970	24	2	23 1 
 1971	24	2	24 0 
 1972	24	2	20 4 
 1973	24	2	24 0 
 1974	24	2	24 0 
 1975	24	2	23 1 
 1976	24	2	24 0 
 1977	24	2	19 5 
 1978	24	2	22 2 
 1979	24	2	24 0 
 1980	24	2	24 0 
 1981	24	2	24 0 
 1982	24	2	24 0 
 1983	24	2	24 0 
 1984	24	2	24 0 
 1985	24	2	24 0 
 1986	24	2	24 0 
 1987	24	2	24 0 
 1988	24	2	24 0 
 1989	24	2	24 0 
 1990	24	2	24 0 
 1991	24	2	24 0 
 1992	24	2	24 0 
 1993	24	2	24 0 
 1994	24	2	24 0 
 1995	24	2	24 0 
 1996	24	2	24 0 
 1997	24	2	24 0 
 1998	24	2	21 3 
 1999	24	2	23 1 
 2000	24	2	0 24 
 2001	24	2	24 0 
 2002	24	2	24 0 
 2003	24	2	24 0 
 2004	24	2	24 0 
 2005	24	2	23 1 
 2006	24	2	24 0 
 2007	24	2	24 0 
 2008	24	2	23 1 
 2009	24	2	23 1 
 2010	24	2	24 0 
 2011	24	2	16 8 
 2012	24	2	24 0 
 2013	24	2	8 16 
 2014	24	2	19 5 
 2015	24	2	24 0 
 2016	24	2	5 19 
 2017	24	2	8 16 
 2018	24	2	23 1 
 2019	24	2	24 0 
 2020	24	2	24 0 
 2021	24	2	22 2 
 2022	24	2	23 1 
 2023	24	2	24 0 
 2024	24	2	1 23 
 2025	24	2	12 12 
 2026	24	2	24 0 
 2027	24	2	17 7 
 2028	24	2	17 7 
 2029	24	2	23 1 
 2030	24	2	12 12 
 2031	24	2	4 20 
 2032	24	2	24 0 
 2033	24	2	24 0 
 2034	24	2	24 0 
 2035	24	2	24 0 
 2036	24	2	24 0 
 2037	24	2	11 13 
 2038	24	2	24 0 
 2039	24	2	23 1 
 2040	24	2	24 0 
 2041	24	2	21 3 
 2042	24	2	21 3 
 2043	24	2	23 1 
 2044	24	2	23 1 
 2045	24	2	24 0 
 2046	24	2	24 0 
 2047	24	2	24 0 
 2048	24	2	19 5 
 2049	24	2	24 0 
 2050	24	2	24 0 
 2051	24	2	24 0 
 2052	24	2	14 10 
 2053	24	2	24 0 
 2054	24	2	24 0 
 2055	24	2	23 1 
 2056	24	2	24 0 
 2057	24	2	24 0 
 2058	24	2	23 1 
 2059	24	2	24 0 
 2060	24	2	24 0 
 2061	24	2	24 0 
 2062	24	2	23 1 
 2063	24	2	23 1 
 2064	24	2	21 3 
 2065	24	2	21 3 
 2066	24	2	12 12 
 2067	24	2	24 0 
 2068	24	2	24 0 
 2069	24	2	24 0 
 2070	24	2	24 0 
 2071	24	2	24 0 
 2072	24	2	24 0 
 2073	24	2	23 1 
 2074	24	2	24 0 
 2075	24	2	24 0 
 2076	24	2	24 0 
 2077	24	2	23 1 
 2078	24	2	23 1 
 2079	24	2	9 15 
 2080	24	2	24 0 
 2081	24	2	24 0 
 2082	24	2	24 0 
 2083	24	2	24 0 
 2084	24	2	24 0 
 2085	24	2	24 0 
 2086	24	2	21 3 
 2087	24	2	24 0 
 2088	24	2	24 0 
 2089	24	2	24 0 
 2090	24	2	24 0 
 2091	24	2	24 0 
 2092	24	2	24 0 
 2093	24	2	11 13 
 2094	24	2	24 0 
 2095	24	2	24 0 
 2096	24	2	20 4 
 2097	24	2	24 0 
 2098	24	2	22 2 
 2099	24	2	11 13 
 2100	24	2	11 13 
 2101	24	2	22 2 
 2102	24	2	24 0 
 2103	24	2	12 12 
 2104	24	2	24 0 
 2105	24	2	24 0 
 2106	24	2	12 12 
 2107	24	2	24 0 
 2108	24	2	12 12 
 2109	24	2	24 0 
 2110	24	2	12 12 
 2111	24	2	24 0 
 2112	24	2	24 0 
 2113	24	2	24 0 
 2114	24	2	24 0 
 2115	24	2	24 0 
 2116	24	2	24 0 
 2117	24	2	22 2 
 2118	24	2	24 0 
 2119	24	2	24 0 
 2120	24	2	24 0 
 2121	24	2	18 6 
 2122	24	2	24 0 
 2123	24	2	20 4 
 2124	24	2	20 4 
 2125	24	2	14 10 
 2126	24	2	18 6 
 2127	24	2	10 14 
 2128	24	2	20 4 
 2129	24	2	13 11 
 2130	24	2	23 1 
 2131	24	2	13 11 
 2132	24	2	23 1 
 2133	24	2	17 7 
 2134	24	2	24 0 
 2135	24	2	22 2 
 2136	24	2	24 0 
 2137	24	2	24 0 
 2138	24	2	24 0 
 2139	24	2	24 0 
 2140	24	2	24 0 
 2141	24	2	24 0 
 2142	24	2	24 0 
 2143	24	2	24 0 
 2144	24	2	24 0 
 2145	24	2	22 2 
 2146	24	2	24 0 
 2147	24	2	24 0 
 2148	24	2	2 22 
 2149	24	2	24 0 
 2150	24	2	24 0 
 2151	24	2	24 0 
 2152	24	2	17 7 
 2153	24	2	8 16 
 2154	24	2	23 1 
 2155	24	2	18 6 
 2156	24	2	24 0 
 2157	24	2	18 6 
 2158	24	2	24 0 
 2159	24	2	12 12 
 2160	24	2	21 3 
 2161	24	2	23 1 
 2162	24	2	20 4 
 2163	24	2	12 12 
 2164	24	2	24 0 
 2165	24	2	24 0 
 2166	24	2	24 0 
 2167	24	2	24 0 
 2168	24	2	3 21 
 2169	24	2	3 21 
 2170	24	2	3 21 
 2171	24	2	24 0 
 2172	24	2	3 21 
 2173	24	2	9 15 
 2174	24	2	24 0 
 2175	24	2	22 2 
 2176	24	2	9 15 
 2177	24	2	24 0 
 2178	24	2	24 0 
 2179	24	2	24 0 
 2180	24	2	24 0 
 2181	24	2	23 1 
 2182	24	2	24 0 
 2183	24	2	24 0 
 2184	24	2	24 0 
 2185	24	2	21 3 
 2186	24	2	24 0 
 2187	24	2	5 19 
 2188	24	2	24 0 
 2189	24	2	22 2 
 2190	24	2	24 0 
 2191	24	2	24 0 
 2192	24	2	24 0 
 2193	24	2	15 9 
 2194	24	2	24 0 
 2195	24	2	24 0 
 2196	24	2	24 0 
 2197	24	2	0 24 
 2198	24	2	24 0 
 2199	24	2	24 0 
 2200	24	2	24 0 
 2201	24	2	24 0 
 2202	24	2	24 0 
 2203	24	2	24 0 
 2204	24	2	24 0 
 2205	24	2	24 0 
 2206	24	2	24 0 
 2207	24	2	24 0 
 2208	24	2	24 0 
 2209	24	2	6 18 
 2210	24	2	20 4 
 2211	24	2	24 0 
 2212	24	2	24 0 
 2213	24	2	24 0 
 2214	24	2	21 3 
 2215	24	2	23 1 
 2216	24	2	23 1 
 2217	24	2	23 1 
 2218	24	2	6 18 
 2219	24	2	23 1 
 2220	24	2	24 0 
 2221	24	2	24 0 
 2222	24	2	23 1 
 2223	24	2	24 0 
 2224	24	2	24 0 
 2225	24	2	18 6 
 2226	24	2	24 0 
 2227	24	2	24 0 
 2228	24	2	21 3 
 2229	24	2	24 0 
 2230	24	2	24 0 
 2231	24	2	24 0 
 2232	24	2	1 23 
 2233	24	2	24 0 
 2234	24	2	24 0 
 2235	24	2	24 0 
 2236	24	2	20 4 
 2237	24	2	24 0 
 2238	24	2	18 6 
 2239	24	2	24 0 
 2240	24	2	24 0 
 2241	24	2	24 0 
 2242	24	2	24 0 
 2243	24	2	19 5 
 2244	24	2	24 0 
 2245	24	2	23 1 
 2246	24	2	24 0 
 2247	24	2	23 1 
 2248	24	2	24 0 
 2249	24	2	19 5 
 2250	24	2	24 0 
 2251	24	2	24 0 
 2252	24	2	24 0 
 2253	24	2	24 0 
 2254	24	2	18 6 
 2255	24	2	24 0 
 2256	24	2	24 0 
 2257	24	2	24 0 
 2258	24	2	24 0 
 2259	24	2	24 0 
 2260	24	2	24 0 
 2261	24	2	24 0 
 2262	24	2	24 0 
 2263	24	2	24 0 
 2264	24	2	24 0 
 2265	24	2	24 0 
 2266	24	2	17 7 
 2267	24	2	23 1 
 2268	24	2	23 1 
 2269	24	2	24 0 
 2270	24	2	21 3 
 2271	24	2	24 0 
 2272	24	2	24 0 
 2273	24	2	12 12 
 2274	24	2	12 12 
 2275	24	2	24 0 
 2276	24	2	24 0 
 2277	24	2	12 12 
 2278	24	2	19 5 
 2279	24	2	24 0 
 2280	24	2	24 0 
 2281	24	2	17 7 
 2282	24	2	24 0 
 2283	24	2	24 0 
 2284	24	2	24 0 
 2285	24	2	17 7 
 2286	24	2	24 0 
 2287	24	2	22 2 
 2288	24	2	24 0 
 2289	24	2	20 4 
 2290	24	2	24 0 
 2291	24	2	22 2 
 2292	24	2	20 4 
 2293	24	2	24 0 
 2294	24	2	15 9 
 2295	24	2	15 9 
 2296	24	2	24 0 
 2297	24	2	15 9 
 2298	24	2	24 0 
 2299	24	2	15 9 
 2300	24	2	24 0 
 2301	24	2	20 4 
 2302	24	2	20 4 
 2303	24	2	24 0 
 2304	24	2	24 0 
 2305	24	2	23 1 
 2306	24	2	24 0 
 2307	24	2	21 3 
 2308	24	2	24 0 
 2309	24	2	24 0 
 2310	24	2	24 0 
 2311	24	2	24 0 
 2312	24	2	24 0 
 2313	24	2	24 0 
 2314	24	2	17 7 
 2315	24	2	24 0 
 2316	24	2	23 1 
 2317	24	2	24 0 
 2318	24	2	23 1 
 2319	24	2	23 1 
 2320	24	2	24 0 
 2321	24	2	24 0 
 2322	24	2	14 10 
 2323	24	2	24 0 
 2324	24	2	24 0 
 2325	24	2	16 8 
 2326	24	2	24 0 
 2327	24	2	7 17 
 2328	24	2	24 0 
 2329	24	2	23 1 
 2330	24	2	22 2 
 2331	24	2	24 0 
 2332	24	2	21 3 
 2333	24	2	7 17 
 2334	24	2	24 0 
 2335	24	2	24 0 
 2336	24	2	7 17 
 2337	24	2	24 0 
 2338	24	2	21 3 
 2339	24	2	24 0 
 2340	24	2	24 0 
 2341	24	2	24 0 
 2342	24	2	24 0 
 2343	24	2	24 0 
 2344	24	2	24 0 
 2345	24	2	21 3 
 2346	24	2	23 1 
 2347	24	2	24 0 
 2348	24	2	20 4 
 2349	24	2	22 2 
 2350	24	2	24 0 
 2351	24	2	24 0 
 2352	24	2	23 1 
 2353	24	2	24 0 
 2354	24	2	23 1 
 2355	24	2	22 2 
 2356	24	2	24 0 
 2357	24	2	23 1 
 2358	24	2	24 0 
 2359	24	2	24 0 
 2360	24	2	24 0 
 2361	24	2	0 24 
 2362	24	2	24 0 
 2363	24	2	24 0 
 2364	24	2	23 1 
 2365	24	2	19 5 
 2366	24	2	24 0 
 2367	24	2	24 0 
 2368	24	2	24 0 
 2369	24	2	22 2 
 2370	24	2	24 0 
 2371	24	2	24 0 
 2372	24	2	24 0 
 2373	24	2	24 0 
 2374	24	2	24 0 
 2375	24	2	24 0 
 2376	24	2	23 1 
 2377	24	2	24 0 
 2378	24	2	24 0 
 2379	24	2	24 0 
 2380	24	2	24 0 
 2381	24	2	24 0 
 2382	24	2	24 0 
 2383	24	2	7 17 
 2384	24	2	24 0 
 2385	24	2	24 0 
 2386	24	2	24 0 
 2387	24	2	23 1 
 2388	24	2	24 0 
 2389	24	2	24 0 
 2390	24	2	23 1 
 2391	24	2	23 1 
 2392	24	2	23 1 
 2393	24	2	19 5 
 2394	24	2	24 0 
 2395	24	2	24 0 
 2396	24	2	20 4 
 2397	24	2	24 0 
 2398	24	2	24 0 
 2399	24	2	20 4 
 2400	24	2	20 4 
 2401	24	2	20 4 
 2402	24	2	24 0 
 2403	24	2	16 8 
 2404	24	2	24 0 
 2405	24	2	24 0 
 2406	24	2	24 0 
 2407	24	2	24 0 
 2408	24	2	23 1 
 2409	24	2	24 0 
 2410	24	2	24 0 
 2411	24	2	24 0 
 2412	24	2	24 0 
 2413	24	2	8 16 
 2414	24	2	8 16 
 2415	24	2	24 0 
 2416	24	2	24 0 
 2417	24	2	23 1 
 2418	24	2	3 21 
 2419	24	2	23 1 
 2420	24	2	24 0 
 2421	24	2	3 21 
 2422	24	2	24 0 
 2423	24	2	24 0 
 2424	24	2	24 0 
 2425	24	2	24 0 
 2426	24	2	24 0 
 2427	24	2	24 0 
 2428	24	2	21 3 
 2429	24	2	24 0 
 2430	24	2	24 0 
 2431	24	2	19 5 
 2432	24	2	24 0 
 2433	24	2	5 19 
 2434	24	2	23 1 
 2435	24	2	24 0 
 2436	24	2	24 0 
 2437	24	2	24 0 
 2438	24	2	9 15 
 2439	24	2	24 0 
 2440	24	2	23 1 
 2441	24	2	0 24 
 2442	24	2	22 2 
 2443	24	2	24 0 
 2444	24	2	24 0 
 2445	24	2	24 0 
 2446	24	2	24 0 
 2447	24	2	24 0 
 2448	24	2	24 0 
 2449	24	2	24 0 
 2450	24	2	20 4 
 2451	24	2	23 1 
 2452	24	2	23 1 
 2453	24	2	23 1 
 2454	24	2	23 1 
 2455	24	2	24 0 
 2456	24	2	24 0 
 2457	24	2	24 0 
 2458	24	2	24 0 
 2459	24	2	0 24 
 2460	24	2	14 10 
 2461	24	2	14 10 
 2462	24	2	14 10 
 2463	24	2	0 24 
 2464	24	2	14 10 
 2465	24	2	24 0 
 2466	24	2	15 9 
 2467	24	2	24 0 
 2468	24	2	20 4 
 2469	24	2	23 1 
 2470	24	2	23 1 
 2471	24	2	24 0 
 2472	24	2	15 9 
 2473	24	2	24 0 
 2474	24	2	24 0 
 2475	24	2	9 15 
 2476	24	2	24 0 
 2477	24	2	24 0 
 2478	24	2	23 1 
 2479	24	2	24 0 
 2480	24	2	24 0 
 2481	24	2	24 0 
 2482	24	2	23 1 
 2483	24	2	22 2 
 2484	24	2	22 2 
 2485	24	2	16 8 
 2486	24	2	24 0 
 2487	24	2	14 10 
 2488	24	2	14 10 
 2489	24	2	14 10 
 2490	24	2	24 0 
 2491	24	2	14 10 
 2492	24	2	24 0 
 2493	24	2	24 0 
 2494	24	2	24 0 
 2495	24	2	24 0 
 2496	24	2	24 0 
 2497	24	2	24 0 
 2498	24	2	19 5 
 2499	24	2	23 1 
 2500	24	2	24 0 
 2501	24	2	24 0 
 2502	24	2	24 0 
 2503	24	2	24 0 
 2504	24	2	24 0 
 2505	24	2	21 3 
 2506	24	2	22 2 
 2507	24	2	20 4 
 2508	24	2	24 0 
 2509	24	2	24 0 
 2510	24	2	23 1 
 2511	24	2	12 12 
 2512	24	2	24 0 
 2513	24	2	12 12 
 2514	24	2	24 0 
 2515	24	2	24 0 
 2516	24	2	24 0 
 2517	24	2	24 0 
 2518	24	2	24 0 
 2519	24	2	24 0 
 2520	24	2	24 0 
 2521	24	2	24 0 
 2522	24	2	24 0 
 2523	24	2	24 0 
 2524	24	2	23 1 
 2525	24	2	24 0 
 2526	24	2	17 7 
 2527	24	2	21 3 
 2528	24	2	22 2 
 2529	24	2	24 0 
 2530	24	2	22 2 
 2531	24	2	24 0 
 2532	24	2	16 8 
 2533	24	2	19 5 
 2534	24	2	16 8 
 2535	24	2	16 8 
 2536	24	2	23 1 
 2537	24	2	22 2 
 2538	24	2	23 1 
 2539	24	2	24 0 
 2540	24	2	22 2 
 2541	24	2	24 0 
 2542	24	2	24 0 
 2543	24	2	24 0 
 2544	24	2	24 0 
 2545	24	2	24 0 
 2546	24	2	24 0 
 2547	24	2	24 0 
 2548	24	2	24 0 
 2549	24	2	24 0 
 2550	24	2	24 0 
 2551	24	2	22 2 
 2552	24	2	24 0 
 2553	24	2	24 0 
 2554	24	2	24 0 
 2555	24	2	24 0 
 2556	24	2	20 4 
 2557	24	2	24 0 
 2558	24	2	16 8 
 2559	24	2	16 8 
 2560	24	2	24 0 
 2561	24	2	10 14 
 2562	24	2	9 15 
 2563	24	2	0 24 
 2564	24	2	24 0 
 2565	24	2	24 0 
 2566	24	2	24 0 
 2567	24	2	18 6 
 2568	24	2	24 0 
 2569	24	2	24 0 
 2570	24	2	24 0 
 2571	24	2	24 0 
 2572	24	2	24 0 
 2573	24	2	12 12 
 2574	24	2	23 1 
 2575	24	2	23 1 
 2576	24	2	24 0 
 2577	24	2	24 0 
 2578	24	2	24 0 
 2579	24	2	24 0 
 2580	24	2	24 0 
 2581	24	2	24 0 
 2582	24	2	24 0 
 2583	24	2	24 0 
 2584	24	2	24 0 
 2585	24	2	24 0 
 2586	24	2	24 0 
 2587	24	2	24 0 
 2588	24	2	24 0 
 2589	24	2	15 9 
 2590	24	2	24 0 
 2591	24	2	15 9 
 2592	24	2	15 9 
 2593	24	2	24 0 
 2594	24	2	24 0 
 2595	24	2	24 0 
 2596	24	2	15 9 
 2597	24	2	23 1 
 2598	24	2	21 3 
 2599	24	2	21 3 
 2600	24	2	24 0 
 2601	24	2	24 0 
 2602	24	2	24 0 
 2603	24	2	24 0 
 2604	24	2	24 0 
 2605	24	2	24 0 
 2606	24	2	24 0 
 2607	24	2	24 0 
 2608	24	2	24 0 
 2609	24	2	22 2 
 2610	24	2	24 0 
 2611	24	2	24 0 
 2612	24	2	23 1 
 2613	24	2	23 1 
 2614	24	2	23 1 
 2615	24	2	24 0 
 2616	24	2	24 0 
 2617	24	2	9 15 
 2618	24	2	23 1 
 2619	24	2	23 1 
 2620	24	2	24 0 
 2621	24	2	24 0 
 2622	24	2	23 1 
 2623	24	2	24 0 
 2624	24	2	24 0 
 2625	24	2	24 0 
 2626	24	2	24 0 
 2627	24	2	24 0 
 2628	24	2	24 0 
 2629	24	2	24 0 
 2630	24	2	24 0 
 2631	24	2	24 0 
 2632	24	2	22 2 
 2633	24	2	2 22 
 2634	24	2	20 4 
 2635	24	2	24 0 
 2636	24	2	24 0 
 2637	24	2	0 24 
 2638	24	2	24 0 
 2639	24	2	24 0 
 2640	24	2	24 0 
 2641	24	2	24 0 
 2642	24	2	24 0 
 2643	24	2	24 0 
 2644	24	2	24 0 
 2645	24	2	24 0 
 2646	24	2	23 1 
 2647	24	2	24 0 
 2648	24	2	23 1 
 2649	24	2	23 1 
 2650	24	2	24 0 
 2651	24	2	24 0 
 2652	24	2	24 0 
 2653	24	2	24 0 
 2654	24	2	24 0 
 2655	24	2	23 1 
 2656	24	2	23 1 
 2657	24	2	24 0 
 2658	24	2	23 1 
 2659	24	2	24 0 
 2660	24	2	24 0 
 2661	24	2	24 0 
 2662	24	2	23 1 
 2663	24	2	20 4 
 2664	24	2	21 3 
 2665	24	2	20 4 
 2666	24	2	24 0 
 2667	24	2	20 4 
 2668	24	2	20 4 
 2669	24	2	23 1 
 2670	24	2	23 1 
 2671	24	2	23 1 
 2672	24	2	24 0 
 2673	24	2	24 0 
 2674	24	2	24 0 
 2675	24	2	24 0 
 2676	24	2	24 0 
 2677	24	2	24 0 
 2678	24	2	24 0 
 2679	24	2	24 0 
 2680	24	2	24 0 
 2681	24	2	24 0 
 2682	24	2	24 0 
 2683	24	2	24 0 
 2684	24	2	24 0 
 2685	24	2	24 0 
 2686	24	2	24 0 
 2687	24	2	0 24 
 2688	24	2	24 0 
 2689	24	2	24 0 
 2690	24	2	23 1 
 2691	24	2	24 0 
 2692	24	2	24 0 
 2693	24	2	22 2 
 2694	24	2	24 0 
 2695	24	2	24 0 
 2696	24	2	22 2 
 2697	24	2	24 0 
 2698	24	2	23 1 
 2699	24	2	24 0 
 2700	24	2	24 0 
 2701	24	2	14 10 
 2702	24	2	24 0 
 2703	24	2	14 10 
 2704	24	2	24 0 
 2705	24	2	24 0 
 2706	24	2	24 0 
 2707	24	2	24 0 
 2708	24	2	24 0 
 2709	24	2	24 0 
 2710	24	2	24 0 
 2711	24	2	20 4 
 2712	24	2	23 1 
 2713	24	2	23 1 
 2714	24	2	24 0 
 2715	24	2	24 0 
 2716	24	2	24 0 
 2717	24	2	23 1 
 2718	24	2	24 0 
 2719	24	2	24 0 
 2720	24	2	24 0 
 2721	24	2	23 1 
 2722	24	2	23 1 
 2723	24	2	23 1 
 2724	24	2	24 0 
 2725	24	2	23 1 
 2726	24	2	8 16 
 2727	24	2	24 0 
 2728	24	2	9 15 
 2729	24	2	9 15 
 2730	24	2	24 0 
 2731	24	2	24 0 
 2732	24	2	24 0 
 2733	24	2	24 0 
 2734	24	2	5 19 
 2735	24	2	24 0 
 2736	24	2	24 0 
 2737	24	2	8 16 
 2738	24	2	24 0 
 2739	24	2	23 1 
 2740	24	2	24 0 
 2741	24	2	5 19 
 2742	24	2	17 7 
 2743	24	2	22 2 
 2744	24	2	22 2 
 2745	24	2	24 0 
 2746	24	2	24 0 
 2747	24	2	24 0 
 2748	24	2	16 8 
 2749	24	2	23 1 
 2750	24	2	23 1 
 2751	24	2	23 1 
 2752	24	2	24 0 
 2753	24	2	24 0 
 2754	24	2	24 0 
 2755	24	2	22 2 
 2756	24	2	24 0 
 2757	24	2	24 0 
 2758	24	2	24 0 
 2759	24	2	24 0 
 2760	24	2	24 0 
 2761	24	2	22 2 
 2762	24	2	24 0 
 2763	24	2	24 0 
 2764	24	2	24 0 
 2765	24	2	24 0 
 2766	24	2	24 0 
 2767	24	2	24 0 
 2768	24	2	24 0 
 2769	24	2	24 0 
 2770	24	2	24 0 
 2771	24	2	0 24 
 2772	24	2	21 3 
 2773	24	2	23 1 
 2774	24	2	24 0 
 2775	24	2	21 3 
 2776	24	2	6 18 
 2777	24	2	17 7 
 2778	24	2	7 17 
 2779	24	2	21 3 
 2780	24	2	21 3 
 2781	24	2	21 3 
 2782	24	2	24 0 
 2783	24	2	0 24 
 2784	24	2	24 0 
 2785	24	2	23 1 
 2786	24	2	10 14 
 2787	24	2	14 10 
 2788	24	2	24 0 
 2789	24	2	24 0 
 2790	24	2	24 0 
 2791	24	2	23 1 
 2792	24	2	24 0 
 2793	24	2	24 0 
 2794	24	2	24 0 
 2795	24	2	13 11 
 2796	24	2	19 5 
 2797	24	2	24 0 
 2798	24	2	19 5 
 2799	24	2	24 0 
 2800	24	2	23 1 
 2801	24	2	24 0 
 2802	24	2	20 4 
 2803	24	2	24 0 
 2804	24	2	5 19 
 2805	24	2	5 19 
 2806	24	2	24 0 
 2807	24	2	24 0 
 2808	24	2	24 0 
 2809	24	2	24 0 
 2810	24	2	24 0 
 2811	24	2	24 0 
 2812	24	2	23 1 
 2813	24	2	24 0 
 2814	24	2	17 7 
 2815	24	2	16 8 
 2816	24	2	24 0 
 2817	24	2	0 24 
 2818	24	2	24 0 
 2819	24	2	24 0 
 2820	24	2	24 0 
 2821	24	2	9 15 
 2822	24	2	24 0 
 2823	24	2	24 0 
 2824	24	2	24 0 
 2825	24	2	24 0 
 2826	24	2	24 0 
 2827	24	2	24 0 
 2828	24	2	24 0 
 2829	24	2	23 1 
 2830	24	2	20 4 
 2831	24	2	24 0 
 2832	24	2	23 1 
 2833	24	2	23 1 
 2834	24	2	23 1 
 2835	24	2	24 0 
 2836	24	2	24 0 
 2837	24	2	24 0 
 2838	24	2	18 6 
 2839	24	2	23 1 
 2840	24	2	24 0 
 2841	24	2	15 9 
 2842	24	2	23 1 
 2843	24	2	24 0 
 2844	24	2	18 6 
 2845	24	2	24 0 
 2846	24	2	24 0 
 2847	24	2	24 0 
 2848	24	2	18 6 
 2849	24	2	24 0 
 2850	24	2	24 0 
 2851	24	2	24 0 
 2852	24	2	18 6 
 2853	24	2	18 6 
 2854	24	2	24 0 
 2855	24	2	23 1 
 2856	24	2	23 1 
 2857	24	2	17 7 
 2858	24	2	18 6 
 2859	24	2	24 0 
 2860	24	2	21 3 
 2861	24	2	21 3 
 2862	24	2	21 3 
 2863	24	2	17 7 
 2864	24	2	21 3 
 2865	24	2	24 0 
 2866	24	2	24 0 
 2867	24	2	24 0 
 2868	24	2	24 0 
 2869	24	2	8 16 
 2870	24	2	24 0 
 2871	24	2	15 9 
 2872	24	2	24 0 
 2873	24	2	24 0 
 2874	24	2	17 7 
 2875	24	2	22 2 
 2876	24	2	24 0 
 2877	24	2	24 0 
 2878	24	2	24 0 
 2879	24	2	24 0 
 2880	24	2	24 0 
 2881	24	2	21 3 
 2882	24	2	24 0 
 2883	24	2	23 1 
 2884	24	2	24 0 
 2885	24	2	24 0 
 2886	24	2	24 0 
 2887	24	2	24 0 
 2888	24	2	24 0 
 2889	24	2	24 0 
 2890	24	2	18 6 
 2891	24	2	24 0 
 2892	24	2	1 23 
 2893	24	2	24 0 
 2894	24	2	24 0 
 2895	24	2	23 1 
 2896	24	2	24 0 
 2897	24	2	24 0 
 2898	24	2	21 3 
 2899	24	2	24 0 
 2900	24	2	21 3 
 2901	24	2	24 0 
 2902	24	2	24 0 
 2903	24	2	12 12 
 2904	24	2	23 1 
 2905	24	2	23 1 
 2906	24	2	21 3 
 2907	24	2	1 23 
 2908	24	2	1 23 
 2909	24	2	24 0 
 2910	24	2	20 4 
 2911	24	2	20 4 
 2912	24	2	24 0 
 2913	24	2	24 0 
 2914	24	2	24 0 
 2915	24	2	24 0 
 2916	24	2	24 0 
 2917	24	2	24 0 
 2918	24	2	24 0 
 2919	24	2	24 0 
 2920	24	2	24 0 
 2921	24	2	24 0 
 2922	24	2	24 0 
 2923	24	2	22 2 
 2924	24	2	4 20 
 2925	24	2	16 8 
 2926	24	2	24 0 
 2927	24	2	24 0 
 2928	24	2	13 11 
 2929	24	2	13 11 
 2930	24	2	11 13 
 2931	24	2	24 0 
 2932	24	2	24 0 
 2933	24	2	23 1 
 2934	24	2	23 1 
 2935	24	2	20 4 
 2936	24	2	24 0 
 2937	24	2	24 0 
 2938	24	2	24 0 
 2939	24	2	24 0 
 2940	24	2	23 1 
 2941	24	2	24 0 
 2942	24	2	24 0 
 2943	24	2	24 0 
 2944	24	2	24 0 
 2945	24	2	24 0 
 2946	24	2	23 1 
 2947	24	2	6 18 
 2948	24	2	24 0 
 2949	24	2	6 18 
 2950	24	2	24 0 
 2951	24	2	24 0 
 2952	24	2	24 0 
 2953	24	2	24 0 
 2954	24	2	24 0 
 2955	24	2	24 0 
 2956	24	2	23 1 
 2957	24	2	24 0 
 2958	24	2	24 0 
 2959	24	2	17 7 
 2960	24	2	24 0 
 2961	24	2	17 7 
 2962	24	2	22 2 
 2963	24	2	24 0 
 2964	24	2	24 0 
 2965	24	2	24 0 
 2966	24	2	24 0 
 2967	24	2	24 0 
 2968	24	2	24 0 
 2969	24	2	24 0 
 2970	24	2	24 0 
 2971	24	2	20 4 
 2972	24	2	24 0 
 2973	24	2	24 0 
 2974	24	2	24 0 
 2975	24	2	24 0 
 2976	24	2	24 0 
 2977	24	2	15 9 
 2978	24	2	23 1 
 2979	24	2	22 2 
 2980	24	2	22 2 
 2981	24	2	22 2 
 2982	24	2	24 0 
 2983	24	2	22 2 
 2984	24	2	24 0 
 2985	24	2	24 0 
 2986	24	2	24 0 
 2987	24	2	24 0 
 2988	24	2	24 0 
 2989	24	2	24 0 
 2990	24	2	24 0 
 2991	24	2	24 0 
 2992	24	2	24 0 
 2993	24	2	24 0 
 2994	24	2	24 0 
 2995	24	2	23 1 
 2996	24	2	22 2 
 2997	24	2	15 9 
 2998	24	2	24 0 
 2999	24	2	24 0 
 3000	24	2	14 10 
 3001	24	2	23 1 
 3002	24	2	23 1 
 3003	24	2	24 0 
 3004	24	2	2 22 
 3005	24	2	0 24 
 3006	24	2	2 22 
 3007	24	2	2 22 
 3008	24	2	0 24 
 3009	24	2	23 1 
 3010	24	2	19 5 
 3011	24	2	19 5 
 3012	24	2	19 5 
 3013	24	2	24 0 
 3014	24	2	19 5 
 3015	24	2	19 5 
 3016	24	2	19 5 
 3017	24	2	24 0 
 3018	24	2	19 5 
 3019	24	2	24 0 
 3020	24	2	24 0 
 3021	24	2	0 24 
 3022	24	2	24 0 
 3023	24	2	24 0 
 3024	24	2	22 2 
 3025	24	2	2 22 
 3026	24	2	23 1 
 3027	24	2	24 0 
 3028	24	2	24 0 
 3029	24	2	11 13 
 3030	24	2	24 0 
 3031	24	2	24 0 
 3032	24	2	24 0 
 3033	24	2	24 0 
 3034	24	2	23 1 
 3035	24	2	5 19 
 3036	24	2	24 0 
 3037	24	2	21 3 
 3038	24	2	22 2 
 3039	24	2	24 0 
 3040	24	2	24 0 
 3041	24	2	24 0 
 3042	24	2	24 0 
 3043	24	2	24 0 
 3044	24	2	24 0 
 3045	24	2	24 0 
 3046	24	2	24 0 
 3047	24	2	23 1 
 3048	24	2	24 0 
 3049	24	2	24 0 
 3050	24	2	24 0 
 3051	24	2	13 11 
 3052	24	2	3 21 
 3053	24	2	22 2 
 3054	24	2	22 2 
 3055	24	2	18 6 
 3056	24	2	24 0 
 3057	24	2	24 0 
 3058	24	2	23 1 
 3059	24	2	24 0 
 3060	24	2	23 1 
 3061	24	2	19 5 
 3062	24	2	4 20 
 3063	24	2	24 0 
 3064	24	2	24 0 
 3065	24	2	24 0 
 3066	24	2	24 0 
 3067	24	2	24 0 
 3068	24	2	24 0 
 3069	24	2	20 4 
 3070	24	2	24 0 
 3071	24	2	23 1 
 3072	24	2	21 3 
 3073	24	2	24 0 
 3074	24	2	23 1 
 3075	24	2	24 0 
 3076	24	2	24 0 
 3077	24	2	24 0 
 3078	24	2	7 17 
 3079	24	2	17 7 
 3080	24	2	17 7 
 3081	24	2	24 0 
 3082	24	2	24 0 
 3083	24	2	22 2 
 3084	24	2	24 0 
 3085	24	2	24 0 
 3086	24	2	21 3 
 3087	24	2	24 0 
 3088	24	2	23 1 
 3089	24	2	24 0 
 3090	24	2	24 0 
 3091	24	2	24 0 
 3092	24	2	22 2 
 3093	24	2	24 0 
 3094	24	2	24 0 
 3095	24	2	24 0 
 3096	24	2	24 0 
 3097	24	2	24 0 
 3098	24	2	23 1 
 3099	24	2	23 1 
 3100	24	2	23 1 
 3101	24	2	23 1 
 3102	24	2	24 0 
 3103	24	2	14 10 
 3104	24	2	24 0 
 3105	24	2	24 0 
 3106	24	2	21 3 
 3107	24	2	23 1 
 3108	24	2	24 0 
 3109	24	2	11 13 
 3110	24	2	6 18 
 3111	24	2	24 0 
 3112	24	2	23 1 
 3113	24	2	23 1 
 3114	24	2	24 0 
 3115	24	2	23 1 
 3116	24	2	23 1 
 3117	24	2	24 0 
 3118	24	2	24 0 
 3119	24	2	24 0 
 3120	24	2	24 0 
 3121	24	2	24 0 
 3122	24	2	24 0 
 3123	24	2	24 0 
 3124	24	2	24 0 
 3125	24	2	24 0 
 3126	24	2	20 4 
 3127	24	2	23 1 
 3128	24	2	4 20 
 3129	24	2	20 4 
 3130	24	2	20 4 
 3131	24	2	24 0 
 3132	24	2	21 3 
 3133	24	2	24 0 
 3134	24	2	15 9 
 3135	24	2	24 0 
 3136	24	2	24 0 
 3137	24	2	13 11 
 3138	24	2	24 0 
 3139	24	2	23 1 
 3140	24	2	20 4 
 3141	24	2	17 7 
 3142	24	2	10 14 
 3143	24	2	23 1 
 3144	24	2	23 1 
 3145	24	2	24 0 
 3146	24	2	24 0 
 3147	24	2	24 0 
 3148	24	2	24 0 
 3149	24	2	19 5 
 3150	24	2	24 0 
 3151	24	2	18 6 
 3152	24	2	17 7 
 3153	24	2	24 0 
 3154	24	2	24 0 
 3155	24	2	24 0 
 3156	24	2	16 8 
 3157	24	2	24 0 
 3158	24	2	24 0 
 3159	24	2	24 0 
 3160	24	2	22 2 
 3161	24	2	21 3 
 3162	24	2	24 0 
 3163	24	2	23 1 
 3164	24	2	24 0 
 3165	24	2	24 0 
 3166	24	2	24 0 
 3167	24	2	24 0 
 3168	24	2	24 0 
 3169	24	2	24 0 
 3170	24	2	24 0 
 3171	24	2	24 0 
 3172	24	2	24 0 
 3173	24	2	24 0 
 3174	24	2	24 0 
 3175	24	2	14 10 
 3176	24	2	2 22 
 3177	24	2	24 0 
 3178	24	2	23 1 
 3179	24	2	24 0 
 3180	24	2	24 0 
 3181	24	2	21 3 
 3182	24	2	22 2 
 3183	24	2	24 0 
 3184	24	2	24 0 
 3185	24	2	24 0 
 3186	24	2	23 1 
 3187	24	2	12 12 
 3188	24	2	24 0 
 3189	24	2	24 0 
 3190	24	2	8 16 
 3191	24	2	23 1 
 3192	24	2	24 0 
 3193	24	2	24 0 
 3194	24	2	24 0 
 3195	24	2	24 0 
 3196	24	2	24 0 
 3197	24	2	20 4 
 3198	24	2	10 14 
 3199	24	2	20 4 
 3200	24	2	24 0 
 3201	24	2	24 0 
 3202	24	2	24 0 
 3203	24	2	24 0 
 3204	24	2	24 0 
 3205	24	2	24 0 
 3206	24	2	24 0 
 3207	24	2	24 0 
 3208	24	2	24 0 
 3209	24	2	24 0 
 3210	24	2	23 1 
 3211	24	2	24 0 
 3212	24	2	24 0 
 3213	24	2	18 6 
 3214	24	2	24 0 
 3215	24	2	16 8 
 3216	24	2	21 3 
 3217	24	2	24 0 
 3218	24	2	24 0 
 3219	24	2	24 0 
 3220	24	2	23 1 
 3221	24	2	23 1 
 3222	24	2	21 3 
 3223	24	2	24 0 
 3224	24	2	24 0 
 3225	24	2	23 1 
 3226	24	2	21 3 
 3227	24	2	21 3 
 3228	24	2	21 3 
 3229	24	2	24 0 
 3230	24	2	24 0 
 3231	24	2	23 1 
 3232	24	2	24 0 
 3233	24	2	23 1 
 3234	24	2	1 23 
 3235	24	2	24 0 
 3236	24	2	23 1 
 3237	24	2	23 1 
 3238	24	2	23 1 
 3239	24	2	22 2 
 3240	24	2	24 0 
 3241	24	2	22 2 
 3242	24	2	24 0 
 3243	24	2	24 0 
 3244	24	2	24 0 
 3245	24	2	19 5 
 3246	24	2	21 3 
 3247	24	2	22 2 
 3248	24	2	21 3 
 3249	24	2	24 0 
 3250	24	2	19 5 
 3251	24	2	17 7 
 3252	24	2	24 0 
 3253	24	2	17 7 
 3254	24	2	24 0 
 3255	24	2	24 0 
 3256	24	2	24 0 
 3257	24	2	24 0 
 3258	24	2	23 1 
 3259	24	2	24 0 
 3260	24	2	24 0 
 3261	24	2	24 0 
 3262	24	2	24 0 
 3263	24	2	24 0 
 3264	24	2	24 0 
 3265	24	2	24 0 
 3266	24	2	24 0 
 3267	24	2	24 0 
 3268	24	2	14 10 
 3269	24	2	24 0 
 3270	24	2	11 13 
 3271	24	2	21 3 
 3272	24	2	11 13 
 3273	24	2	21 3 
 3274	24	2	23 1 
 3275	24	2	24 0 
 3276	24	2	13 11 
 3277	24	2	22 2 
 3278	24	2	24 0 
 3279	24	2	24 0 
 3280	24	2	23 1 
 3281	24	2	24 0 
 3282	24	2	23 1 
 3283	24	2	23 1 
 3284	24	2	24 0 
 3285	24	2	20 4 
 3286	24	2	23 1 
 3287	24	2	24 0 
 3288	24	2	24 0 
 3289	24	2	24 0 
 3290	24	2	23 1 
 3291	24	2	22 2 
 3292	24	2	21 3 
 3293	24	2	23 1 
 3294	24	2	21 3 
 3295	24	2	22 2 
 3296	24	2	23 1 
 3297	24	2	21 3 
 3298	24	2	23 1 
 3299	24	2	23 1 
 3300	24	2	24 0 
 3301	24	2	2 22 
 3302	24	2	2 22 
 3303	24	2	24 0 
 3304	24	2	23 1 
 3305	24	2	23 1 
 3306	24	2	23 1 
 3307	24	2	24 0 
 3308	24	2	19 5 
 3309	24	2	24 0 
 3310	24	2	7 17 
 3311	24	2	24 0 
 3312	24	2	24 0 
 3313	24	2	24 0 
 3314	24	2	24 0 
 3315	24	2	9 15 
 3316	24	2	24 0 
 3317	24	2	24 0 
 3318	24	2	9 15 
 3319	24	2	10 14 
 3320	24	2	21 3 
 3321	24	2	21 3 
 3322	24	2	23 1 
 3323	24	2	24 0 
 3324	24	2	24 0 
 3325	24	2	24 0 
 3326	24	2	21 3 
 3327	24	2	24 0 
 3328	24	2	22 2 
 3329	24	2	24 0 
 3330	24	2	0 24 
 3331	24	2	19 5 
 3332	24	2	23 1 
 3333	24	2	23 1 
 3334	24	2	23 1 
 3335	24	2	24 0 
 3336	24	2	23 1 
 3337	24	2	24 0 
 3338	24	2	1 23 
 3339	24	2	10 14 
 3340	24	2	24 0 
 3341	24	2	21 3 
 3342	24	2	0 24 
 3343	24	2	13 11 
 3344	24	2	24 0 
 3345	24	2	8 16 
 3346	24	2	21 3 
 3347	24	2	24 0 
 3348	24	2	24 0 
 3349	24	2	24 0 
 3350	24	2	24 0 
 3351	24	2	24 0 
 3352	24	2	21 3 
 3353	24	2	24 0 
 3354	24	2	24 0 
 3355	24	2	24 0 
 3356	24	2	24 0 
 3357	24	2	16 8 
 3358	24	2	24 0 
 3359	24	2	24 0 
 3360	24	2	24 0 
 3361	24	2	23 1 
 3362	24	2	24 0 
 3363	24	2	20 4 
 3364	24	2	15 9 
 3365	24	2	16 8 
 3366	24	2	17 7 
 3367	24	2	23 1 
 3368	24	2	24 0 
 3369	24	2	24 0 
 3370	24	2	23 1 
 3371	24	2	24 0 
 3372	24	2	24 0 
 3373	24	2	24 0 
 3374	24	2	24 0 
 3375	24	2	22 2 
 3376	24	2	22 2 
 3377	24	2	23 1 
 3378	24	2	24 0 
 3379	24	2	23 1 
 3380	24	2	22 2 
 3381	24	2	22 2 
 3382	24	2	24 0 
 3383	24	2	23 1 
 3384	24	2	24 0 
 3385	24	2	24 0 
 3386	24	2	0 24 
 3387	24	2	15 9 
 3388	24	2	24 0 
 3389	24	2	22 2 
 3390	24	2	24 0 
 3391	24	2	15 9 
 3392	24	2	24 0 
 3393	24	2	24 0 
 3394	24	2	24 0 
 3395	24	2	24 0 
 3396	24	2	0 24 
 3397	24	2	24 0 
 3398	24	2	24 0 
 3399	24	2	24 0 
 3400	24	2	24 0 
 3401	24	2	24 0 
 3402	24	2	24 0 
 3403	24	2	24 0 
 3404	24	2	21 3 
 3405	24	2	24 0 
 3406	24	2	24 0 
 3407	24	2	3 21 
 3408	24	2	14 10 
 3409	24	2	24 0 
 3410	24	2	24 0 
 3411	24	2	24 0 
 3412	24	2	19 5 
 3413	24	2	24 0 
 3414	24	2	24 0 
 3415	24	2	24 0 
 3416	24	2	23 1 
 3417	24	2	24 0 
 3418	24	2	24 0 
 3419	24	2	16 8 
 3420	24	2	24 0 
 3421	24	2	15 9 
 3422	24	2	23 1 
 3423	24	2	24 0 
 3424	24	2	24 0 
 3425	24	2	23 1 
 3426	24	2	15 9 
 3427	24	2	24 0 
 3428	24	2	24 0 
 3429	24	2	24 0 
 3430	24	2	24 0 
 3431	24	2	24 0 
 3432	24	2	24 0 
 3433	24	2	15 9 
 3434	24	2	24 0 
 3435	24	2	24 0 
 3436	24	2	24 0 
 3437	24	2	24 0 
 3438	24	2	24 0 
 3439	24	2	5 19 
 3440	24	2	24 0 
 3441	24	2	24 0 
 3442	24	2	24 0 
 3443	24	2	24 0 
 3444	24	2	24 0 
 3445	24	2	24 0 
 3446	24	2	23 1 
 3447	24	2	24 0 
 3448	24	2	24 0 
 3449	24	2	24 0 
 3450	24	2	23 1 
 3451	24	2	24 0 
 3452	24	2	24 0 
 3453	24	2	16 8 
 3454	24	2	15 9 
 3455	24	2	24 0 
 3456	24	2	24 0 
 3457	24	2	24 0 
 3458	24	2	4 20 
 3459	24	2	4 20 
 3460	24	2	24 0 
 3461	24	2	23 1 
 3462	24	2	0 24 
 3463	24	2	24 0 
 3464	24	2	22 2 
 3465	24	2	24 0 
 3466	24	2	24 0 
 3467	24	2	24 0 
 3468	24	2	23 1 
 3469	24	2	22 2 
 3470	24	2	22 2 
 3471	24	2	24 0 
 3472	24	2	24 0 
 3473	24	2	24 0 
 3474	24	2	24 0 
 3475	24	2	24 0 
 3476	24	2	24 0 
 3477	24	2	24 0 
 3478	24	2	24 0 
 3479	24	2	24 0 
 3480	24	2	24 0 
 3481	24	2	24 0 
 3482	24	2	24 0 
 3483	24	2	20 4 
 3484	24	2	24 0 
 3485	24	2	24 0 
 3486	24	2	24 0 
 3487	24	2	24 0 
 3488	24	2	24 0 
 3489	24	2	24 0 
 3490	24	2	24 0 
 3491	24	2	24 0 
 3492	24	2	24 0 
 3493	24	2	24 0 
 3494	24	2	24 0 
 3495	24	2	23 1 
 3496	24	2	24 0 
 3497	24	2	21 3 
 3498	24	2	11 13 
 3499	24	2	24 0 
 3500	24	2	24 0 
 3501	24	2	24 0 
 3502	24	2	23 1 
 3503	24	2	18 6 
 3504	24	2	24 0 
 3505	24	2	9 15 
 3506	24	2	14 10 
 3507	24	2	24 0 
 3508	24	2	22 2 
 3509	24	2	14 10 
 3510	24	2	14 10 
 3511	24	2	14 10 
 3512	24	2	22 2 
 3513	24	2	14 10 
 3514	24	2	24 0 
 3515	24	2	24 0 
 3516	24	2	24 0 
 3517	24	2	24 0 
 3518	24	2	24 0 
 3519	24	2	23 1 
 3520	24	2	24 0 
 3521	24	2	23 1 
 3522	24	2	24 0 
 3523	24	2	20 4 
 3524	24	2	24 0 
 3525	24	2	23 1 
 3526	24	2	24 0 
 3527	24	2	16 8 
 3528	24	2	15 9 
 3529	24	2	24 0 
 3530	24	2	24 0 
 3531	24	2	24 0 
 3532	24	2	24 0 
 3533	24	2	24 0 
 3534	24	2	24 0 
 3535	24	2	24 0 
 3536	24	2	21 3 
 3537	24	2	15 9 
 3538	24	2	24 0 
 3539	24	2	24 0 
 3540	24	2	24 0 
 3541	24	2	24 0 
 3542	24	2	24 0 
 3543	24	2	24 0 
 3544	24	2	2 22 
 3545	24	2	24 0 
 3546	24	2	24 0 
 3547	24	2	2 22 
 3548	24	2	24 0 
 3549	24	2	16 8 
 3550	24	2	24 0 
 3551	24	2	24 0 
 3552	24	2	24 0 
 3553	24	2	24 0 
 3554	24	2	24 0 
 3555	24	2	24 0 
 3556	24	2	0 24 
 3557	24	2	24 0 
 3558	24	2	24 0 
 3559	24	2	24 0 
 3560	24	2	20 4 
 3561	24	2	24 0 
 3562	24	2	24 0 
 3563	24	2	24 0 
 3564	24	2	24 0 
 3565	24	2	14 10 
 3566	24	2	24 0 
 3567	24	2	23 1 
 3568	24	2	23 1 
 3569	24	2	24 0 
 3570	24	2	24 0 
 3571	24	2	24 0 
 3572	24	2	24 0 
 3573	24	2	23 1 
 3574	24	2	20 4 
 3575	24	2	20 4 
 3576	24	2	24 0 
 3577	24	2	22 2 
 3578	24	2	24 0 
 3579	24	2	24 0 
 3580	24	2	22 2 
 3581	24	2	24 0 
 3582	24	2	24 0 
 3583	24	2	22 2 
 3584	24	2	24 0 
 3585	24	2	24 0 
 3586	24	2	24 0 
 3587	24	2	24 0 
 3588	24	2	24 0 
 3589	24	2	24 0 
 3590	24	2	24 0 
 3591	24	2	11 13 
 3592	24	2	18 6 
 3593	24	2	24 0 
 3594	24	2	24 0 
 3595	24	2	18 6 
 3596	24	2	24 0 
 3597	24	2	24 0 
 3598	24	2	24 0 
 3599	24	2	24 0 
 3600	24	2	24 0 
 3601	24	2	24 0 
 3602	24	2	24 0 
 3603	24	2	24 0 
 3604	24	2	24 0 
 3605	24	2	24 0 
 3606	24	2	24 0 
 3607	24	2	24 0 
 3608	24	2	21 3 
 3609	24	2	24 0 
 3610	24	2	20 4 
 3611	24	2	24 0 
 3612	24	2	11 13 
 3613	24	2	20 4 
 3614	24	2	24 0 
 3615	24	2	24 0 
 3616	24	2	18 6 
 3617	24	2	22 2 
 3618	24	2	22 2 
 3619	24	2	23 1 
 3620	24	2	24 0 
 3621	24	2	24 0 
 3622	24	2	24 0 
 3623	24	2	24 0 
 3624	24	2	14 10 
 3625	24	2	1 23 
 3626	24	2	24 0 
 3627	24	2	24 0 
 3628	24	2	23 1 
 3629	24	2	24 0 
 3630	24	2	24 0 
 3631	24	2	24 0 
 3632	24	2	24 0 
 3633	24	2	24 0 
 3634	24	2	19 5 
 3635	24	2	14 10 
 3636	24	2	24 0 
 3637	24	2	10 14 
 3638	24	2	24 0 
 3639	24	2	7 17 
 3640	24	2	24 0 
 3641	24	2	17 7 
 3642	24	2	24 0 
 3643	24	2	20 4 
 3644	24	2	20 4 
 3645	24	2	24 0 
 3646	24	2	24 0 
 3647	24	2	24 0 
 3648	24	2	23 1 
 3649	24	2	24 0 
 3650	24	2	24 0 
 3651	24	2	24 0 
 3652	24	2	24 0 
 3653	24	2	24 0 
 3654	24	2	19 5 
 3655	24	2	24 0 
 3656	24	2	18 6 
 3657	24	2	24 0 
 3658	24	2	24 0 
 3659	24	2	24 0 
 3660	24	2	24 0 
 3661	24	2	24 0 
 3662	24	2	23 1 
 3663	24	2	24 0 
 3664	24	2	21 3 
 3665	24	2	24 0 
 3666	24	2	24 0 
 3667	24	2	23 1 
 3668	24	2	24 0 
 3669	24	2	2 22 
 3670	24	2	24 0 
 3671	24	2	24 0 
 3672	24	2	23 1 
 3673	24	2	18 6 
 3674	24	2	18 6 
 3675	24	2	24 0 
 3676	24	2	18 6 
 3677	24	2	18 6 
 3678	24	2	18 6 
 3679	24	2	24 0 
 3680	24	2	24 0 
 3681	24	2	14 10 
 3682	24	2	14 10 
 3683	24	2	14 10 
 3684	24	2	24 0 
 3685	24	2	14 10 
 3686	24	2	24 0 
 3687	24	2	24 0 
 3688	24	2	24 0 
 3689	24	2	11 13 
 3690	24	2	24 0 
 3691	24	2	24 0 
 3692	24	2	17 7 
 3693	24	2	24 0 
 3694	24	2	24 0 
 3695	24	2	24 0 
 3696	24	2	24 0 
 3697	24	2	22 2 
 3698	24	2	23 1 
 3699	24	2	17 7 
 3700	24	2	24 0 
 3701	24	2	24 0 
 3702	24	2	17 7 
 3703	24	2	24 0 
 3704	24	2	24 0 
 3705	24	2	24 0 
 3706	24	2	24 0 
 3707	24	2	24 0 
 3708	24	2	24 0 
 3709	24	2	20 4 
 3710	24	2	24 0 
 3711	24	2	24 0 
 3712	24	2	24 0 
 3713	24	2	18 6 
 3714	24	2	24 0 
 3715	24	2	24 0 
 3716	24	2	24 0 
 3717	24	2	24 0 
 3718	24	2	24 0 
 3719	24	2	2 22 
 3720	24	2	2 22 
 3721	24	2	22 2 
 3722	24	2	2 22 
 3723	24	2	24 0 
 3724	24	2	24 0 
 3725	24	2	24 0 
 3726	24	2	24 0 
 3727	24	2	24 0 
 3728	24	2	24 0 
 3729	24	2	24 0 
 3730	24	2	24 0 
 3731	24	2	24 0 
 3732	24	2	23 1 
 3733	24	2	20 4 
 3734	24	2	21 3 
 3735	24	2	23 1 
 3736	24	2	19 5 
 3737	24	2	24 0 
 3738	24	2	5 19 
 3739	24	2	22 2 
 3740	24	2	22 2 
 3741	24	2	22 2 
 3742	24	2	20 4 
 3743	24	2	24 0 
 3744	24	2	22 2 
 3745	24	2	24 0 
 3746	24	2	2 22 
 3747	24	2	24 0 
 3748	24	2	24 0 
 3749	24	2	19 5 
 3750	24	2	24 0 
 3751	24	2	24 0 
 3752	24	2	24 0 
 3753	24	2	24 0 
 3754	24	2	24 0 
 3755	24	2	24 0 
 3756	24	2	24 0 
 3757	24	2	24 0 
 3758	24	2	24 0 
 3759	24	2	10 14 
 3760	24	2	7 17 
 3761	24	2	24 0 
 3762	24	2	23 1 
 3763	24	2	24 0 
 3764	24	2	20 4 
 3765	24	2	24 0 
 3766	24	2	24 0 
 3767	24	2	22 2 
 3768	24	2	22 2 
 3769	24	2	24 0 
 3770	24	2	24 0 
 3771	24	2	22 2 
 3772	24	2	24 0 
 3773	24	2	24 0 
 3774	24	2	22 2 
 3775	24	2	24 0 
 3776	24	2	24 0 
 3777	24	2	17 7 
 3778	24	2	17 7 
 3779	24	2	18 6 
 3780	24	2	24 0 
 3781	24	2	18 6 
 3782	24	2	17 7 
 3783	24	2	21 3 
 3784	24	2	21 3 
 3785	24	2	22 2 
 3786	24	2	14 10 
 3787	24	2	24 0 
 3788	24	2	24 0 
 3789	24	2	21 3 
 3790	24	2	21 3 
 3791	24	2	24 0 
 3792	24	2	20 4 
 3793	24	2	24 0 
 3794	24	2	23 1 
 3795	24	2	24 0 
 3796	24	2	24 0 
 3797	24	2	24 0 
 3798	24	2	23 1 
 3799	24	2	5 19 
 3800	24	2	24 0 
 3801	24	2	21 3 
 3802	24	2	23 1 
 3803	24	2	24 0 
 3804	24	2	24 0 
 3805	24	2	24 0 
 3806	24	2	24 0 
 3807	24	2	24 0 
 3808	24	2	24 0 
 3809	24	2	24 0 
 3810	24	2	16 8 
 3811	24	2	8 16 
 3812	24	2	8 16 
 3813	24	2	8 16 
 3814	24	2	8 16 
 3815	24	2	24 0 
 3816	24	2	24 0 
 3817	24	2	24 0 
 3818	24	2	24 0 
 3819	24	2	24 0 
 3820	24	2	24 0 
 3821	24	2	19 5 
 3822	24	2	24 0 
 3823	24	2	24 0 
 3824	24	2	24 0 
 3825	24	2	24 0 
 3826	24	2	24 0 
 3827	24	2	24 0 
 3828	24	2	24 0 
 3829	24	2	24 0 
 3830	24	2	24 0 
 3831	24	2	24 0 
 3832	24	2	23 1 
 3833	24	2	24 0 
 3834	24	2	23 1 
 3835	24	2	23 1 
 3836	24	2	20 4 
 3837	24	2	23 1 
 3838	24	2	22 2 
 3839	24	2	24 0 
 3840	24	2	24 0 
 3841	24	2	23 1 
 3842	24	2	24 0 
 3843	24	2	24 0 
 3844	24	2	0 24 
 3845	24	2	23 1 
 3846	24	2	24 0 
 3847	24	2	24 0 
 3848	24	2	24 0 
 3849	24	2	23 1 
 3850	24	2	24 0 
 3851	24	2	24 0 
 3852	24	2	23 1 
 3853	24	2	24 0 
 3854	24	2	21 3 
 3855	24	2	17 7 
 3856	24	2	24 0 
 3857	24	2	12 12 
 3858	24	2	22 2 
 3859	24	2	8 16 
 3860	24	2	24 0 
 3861	24	2	21 3 
 3862	24	2	24 0 
 3863	24	2	24 0 
 3864	24	2	21 3 
 3865	24	2	24 0 
 3866	24	2	24 0 
 3867	24	2	24 0 
 3868	24	2	24 0 
 3869	24	2	24 0 
 3870	24	2	24 0 
 3871	24	2	24 0 
 3872	24	2	24 0 
 3873	24	2	18 6 
 3874	24	2	24 0 
 3875	24	2	24 0 
 3876	24	2	24 0 
 3877	24	2	23 1 
 3878	24	2	23 1 
 3879	24	2	23 1 
 3880	24	2	24 0 
 3881	24	2	23 1 
 3882	24	2	21 3 
 3883	24	2	23 1 
 3884	24	2	24 0 
 3885	24	2	24 0 
 3886	24	2	22 2 
 3887	24	2	24 0 
 3888	24	2	22 2 
 3889	24	2	24 0 
 3890	24	2	22 2 
 3891	24	2	24 0 
 3892	24	2	22 2 
 3893	24	2	23 1 
 3894	24	2	24 0 
 3895	24	2	12 12 
 3896	24	2	24 0 
 3897	24	2	24 0 
 3898	24	2	12 12 
 3899	24	2	14 10 
 3900	24	2	24 0 
 3901	24	2	24 0 
 3902	24	2	24 0 
 3903	24	2	24 0 
 3904	24	2	24 0 
 3905	24	2	24 0 
 3906	24	2	23 1 
 3907	24	2	24 0 
 3908	24	2	0 24 
 3909	24	2	24 0 
 3910	24	2	24 0 
 3911	24	2	24 0 
 3912	24	2	24 0 
 3913	24	2	24 0 
 3914	24	2	24 0 
 3915	24	2	24 0 
 3916	24	2	24 0 
 3917	24	2	24 0 
 3918	24	2	24 0 
 3919	24	2	18 6 
 3920	24	2	23 1 
 3921	24	2	24 0 
 3922	24	2	22 2 
 3923	24	2	24 0 
 3924	24	2	24 0 
 3925	24	2	15 9 
 3926	24	2	24 0 
 3927	24	2	23 1 
 3928	24	2	23 1 
 3929	24	2	23 1 
 3930	24	2	24 0 
 3931	24	2	6 18 
 3932	24	2	23 1 
 3933	24	2	22 2 
 3934	24	2	24 0 
 3935	24	2	23 1 
 3936	24	2	23 1 
 3937	24	2	23 1 
 3938	24	2	23 1 
 3939	24	2	24 0 
 3940	24	2	23 1 
 3941	24	2	24 0 
 3942	24	2	24 0 
 3943	24	2	13 11 
 3944	24	2	24 0 
 3945	24	2	21 3 
 3946	24	2	19 5 
 3947	24	2	24 0 
 3948	24	2	4 20 
 3949	24	2	24 0 
 3950	24	2	24 0 
 3951	24	2	24 0 
 3952	24	2	23 1 
 3953	24	2	13 11 
 3954	24	2	23 1 
 3955	24	2	24 0 
 3956	24	2	24 0 
 3957	24	2	20 4 
 3958	24	2	14 10 
 3959	24	2	24 0 
 3960	24	2	23 1 
 3961	24	2	24 0 
 3962	24	2	13 11 
 3963	24	2	13 11 
 3964	24	2	23 1 
 3965	24	2	23 1 
 3966	24	2	24 0 
 3967	24	2	24 0 
 3968	24	2	23 1 
 3969	24	2	24 0 
 3970	24	2	18 6 
 3971	24	2	11 13 
 3972	24	2	13 11 
 3973	24	2	24 0 
 3974	24	2	24 0 
 3975	24	2	24 0 
 3976	24	2	24 0 
 3977	24	2	24 0 
 3978	24	2	21 3 
 3979	24	2	22 2 
 3980	24	2	24 0 
 3981	24	2	24 0 
 3982	24	2	23 1 
 3983	24	2	24 0 
 3984	24	2	23 1 
 3985	24	2	24 0 
 3986	24	2	24 0 
 3987	24	2	24 0 
 3988	24	2	24 0 
 3989	24	2	24 0 
 3990	24	2	24 0 
 3991	24	2	24 0 
 3992	24	2	24 0 
 3993	24	2	18 6 
 3994	24	2	23 1 
 3995	24	2	23 1 
 3996	24	2	24 0 
 3997	24	2	24 0 
 3998	24	2	24 0 
 3999	24	2	24 0 
 4000	24	2	24 0 
 4001	24	2	24 0 
 4002	24	2	24 0 
 4003	24	2	22 2 
 4004	24	2	17 7 
 4005	24	2	23 1 
 4006	24	2	23 1 
 4007	24	2	24 0 
 4008	24	2	24 0 
 4009	24	2	21 3 
 4010	24	2	24 0 
 4011	24	2	24 0 
 4012	24	2	24 0 
 4013	24	2	24 0 
 4014	24	2	24 0 
 4015	24	2	24 0 
 4016	24	2	24 0 
 4017	24	2	21 3 
 4018	24	2	19 5 
 4019	24	2	23 1 
 4020	24	2	24 0 
 4021	24	2	24 0 
 4022	24	2	20 4 
 4023	24	2	20 4 
 4024	24	2	24 0 
 4025	24	2	1 23 
 4026	24	2	20 4 
 4027	24	2	23 1 
 4028	24	2	24 0 
 4029	24	2	24 0 
 4030	24	2	24 0 
 4031	24	2	22 2 
 4032	24	2	13 11 
 4033	24	2	10 14 
 4034	24	2	24 0 
 4035	24	2	20 4 
 4036	24	2	24 0 
 4037	24	2	10 14 
 4038	24	2	24 0 
 4039	24	2	22 2 
 4040	24	2	24 0 
 4041	24	2	24 0 
 4042	24	2	24 0 
 4043	24	2	23 1 
 4044	24	2	24 0 
 4045	24	2	22 2 
 4046	24	2	22 2 
 4047	24	2	23 1 
 4048	24	2	23 1 
 4049	24	2	5 19 
 4050	24	2	23 1 
 4051	24	2	24 0 
 4052	24	2	23 1 
 4053	24	2	23 1 
 4054	24	2	24 0 
 4055	24	2	24 0 
 4056	24	2	24 0 
 4057	24	2	24 0 
 4058	24	2	24 0 
 4059	24	2	24 0 
 4060	24	2	23 1 
 4061	24	2	24 0 
 4062	24	2	24 0 
 4063	24	2	19 5 
 4064	24	2	24 0 
 4065	24	2	24 0 
 4066	24	2	24 0 
 4067	24	2	24 0 
 4068	24	2	24 0 
 4069	24	2	24 0 
 4070	24	2	24 0 
 4071	24	2	24 0 
 4072	24	2	24 0 
 4073	24	2	24 0 
 4074	24	2	23 1 
 4075	24	2	24 0 
 4076	24	2	24 0 
 4077	24	2	24 0 
 4078	24	2	24 0 
 4079	24	2	24 0 
 4080	24	2	24 0 
 4081	24	2	24 0 
 4082	24	2	24 0 
 4083	24	2	23 1 
 4084	24	2	24 0 
 4085	24	2	24 0 
 4086	24	2	24 0 
 4087	24	2	24 0 
 4088	24	2	24 0 
 4089	24	2	15 9 
 4090	24	2	24 0 
 4091	24	2	24 0 
 4092	24	2	24 0 
 4093	24	2	24 0 
 4094	24	2	24 0 
 4095	24	2	23 1 
 4096	24	2	24 0 
 4097	24	2	23 1 
 4098	24	2	7 17 
 4099	24	2	24 0 
 4100	24	2	22 2 
 4101	24	2	17 7 
 4102	24	2	7 17 
 4103	24	2	7 17 
 4104	24	2	24 0 
 4105	24	2	23 1 
 4106	24	2	24 0 
 4107	24	2	24 0 
 4108	24	2	19 5 
 4109	24	2	24 0 
 4110	24	2	24 0 
 4111	24	2	21 3 
 4112	24	2	22 2 
 4113	24	2	19 5 
 4114	24	2	22 2 
 4115	24	2	21 3 
 4116	24	2	22 2 
 4117	24	2	22 2 
 4118	24	2	19 5 
 4119	24	2	14 10 
 4120	24	2	21 3 
 4121	24	2	24 0 
 4122	24	2	24 0 
 4123	24	2	15 9 
 4124	24	2	21 3 
 4125	24	2	5 19 
 4126	24	2	10 14 
 4127	24	2	22 2 
 4128	24	2	23 1 
 4129	24	2	0 24 
 4130	24	2	24 0 
 4131	24	2	24 0 
 4132	24	2	24 0 
 4133	24	2	24 0 
 4134	24	2	17 7 
 4135	24	2	24 0 
 4136	24	2	23 1 
 4137	24	2	17 7 
 4138	24	2	22 2 
 4139	24	2	24 0 
 4140	24	2	24 0 
 4141	24	2	24 0 
 4142	24	2	10 14 
 4143	24	2	7 17 
 4144	24	2	24 0 
 4145	24	2	24 0 
 4146	24	2	24 0 
 4147	24	2	24 0 
 4148	24	2	0 24 
 4149	24	2	24 0 
 4150	24	2	23 1 
 4151	24	2	24 0 
 4152	24	2	24 0 
 4153	24	2	24 0 
 4154	24	2	24 0 
 4155	24	2	24 0 
 4156	24	2	22 2 
 4157	24	2	24 0 
 4158	24	2	12 12 
 4159	24	2	23 1 
 4160	24	2	22 2 
 4161	24	2	20 4 
 4162	24	2	24 0 
 4163	24	2	24 0 
 4164	24	2	17 7 
 4165	24	2	24 0 
 4166	24	2	24 0 
 4167	24	2	24 0 
 4168	24	2	17 7 
 4169	24	2	24 0 
 4170	24	2	24 0 
 4171	24	2	23 1 
 4172	24	2	23 1 
 4173	24	2	24 0 
 4174	24	2	24 0 
 4175	24	2	24 0 
 4176	24	2	14 10 
 4177	24	2	22 2 
 4178	24	2	24 0 
 4179	24	2	20 4 
 4180	24	2	14 10 
 4181	24	2	18 6 
 4182	24	2	24 0 
 4183	24	2	24 0 
 4184	24	2	24 0 
 4185	24	2	24 0 
 4186	24	2	24 0 
 4187	24	2	23 1 
 4188	24	2	24 0 
 4189	24	2	24 0 
 4190	24	2	24 0 
 4191	24	2	24 0 
 4192	24	2	24 0 
 4193	24	2	24 0 
 4194	24	2	24 0 
 4195	24	2	24 0 
 4196	24	2	21 3 
 4197	24	2	22 2 
 4198	24	2	24 0 
 4199	24	2	24 0 
 4200	24	2	24 0 
 4201	24	2	24 0 
 4202	24	2	24 0 
 4203	24	2	24 0 
 4204	24	2	21 3 
 4205	24	2	21 3 
 4206	24	2	21 3 
 4207	24	2	8 16 
 4208	24	2	24 0 
 4209	24	2	6 18 
 4210	24	2	24 0 
 4211	24	2	20 4 
 4212	24	2	20 4 
 4213	24	2	24 0 
 4214	24	2	20 4 
 4215	24	2	20 4 
 4216	24	2	22 2 
 4217	24	2	10 14 
 4218	24	2	24 0 
 4219	24	2	24 0 
 4220	24	2	24 0 
 4221	24	2	24 0 
 4222	24	2	21 3 
 4223	24	2	23 1 
 4224	24	2	24 0 
 4225	24	2	12 12 
 4226	24	2	24 0 
 4227	24	2	12 12 
 4228	24	2	20 4 
 4229	24	2	19 5 
 4230	24	2	24 0 
 4231	24	2	16 8 
 4232	24	2	24 0 
 4233	24	2	24 0 
 4234	24	2	20 4 
 4235	24	2	23 1 
 4236	24	2	24 0 
 4237	24	2	24 0 
 4238	24	2	1 23 
 4239	24	2	23 1 
 4240	24	2	1 23 
 4241	24	2	1 23 
 4242	24	2	16 8 
 4243	24	2	1 23 
 4244	24	2	1 23 
 4245	24	2	23 1 
 4246	24	2	22 2 
 4247	24	2	23 1 
 4248	24	2	24 0 
 4249	24	2	23 1 
 4250	24	2	24 0 
 4251	24	2	24 0 
 4252	24	2	24 0 
 4253	24	2	24 0 
 4254	24	2	24 0 
 4255	24	2	24 0 
 4256	24	2	24 0 
 4257	24	2	24 0 
 4258	24	2	23 1 
 4259	24	2	23 1 
 4260	24	2	24 0 
 4261	24	2	23 1 
 4262	24	2	24 0 
 4263	24	2	23 1 
 4264	24	2	24 0 
 4265	24	2	23 1 
 4266	24	2	23 1 
 4267	24	2	15 9 
 4268	24	2	24 0 
 4269	24	2	23 1 
 4270	24	2	24 0 
 4271	24	2	24 0 
 4272	24	2	24 0 
 4273	24	2	24 0 
 4274	24	2	24 0 
 4275	24	2	23 1 
 4276	24	2	17 7 
 4277	24	2	24 0 
 4278	24	2	24 0 
 4279	24	2	24 0 
 4280	24	2	24 0 
 4281	24	2	23 1 
 4282	24	2	21 3 
 4283	24	2	21 3 
 4284	24	2	24 0 
 4285	24	2	23 1 
 4286	24	2	23 1 
 4287	24	2	24 0 
 4288	24	2	24 0 
 4289	24	2	20 4 
 4290	24	2	21 3 
 4291	24	2	24 0 
 4292	24	2	20 4 
 4293	24	2	24 0 
 4294	24	2	24 0 
 4295	24	2	24 0 
 4296	24	2	20 4 
 4297	24	2	24 0 
 4298	24	2	24 0 
 4299	24	2	24 0 
 4300	24	2	24 0 
 4301	24	2	19 5 
 4302	24	2	23 1 
 4303	24	2	18 6 
 4304	24	2	24 0 
 4305	24	2	0 24 
 4306	24	2	0 24 
 4307	24	2	24 0 
 4308	24	2	0 24 
 4309	24	2	18 6 
 4310	24	2	24 0 
 4311	24	2	24 0 
 4312	24	2	24 0 
 4313	24	2	24 0 
 4314	24	2	24 0 
 4315	24	2	24 0 
 4316	24	2	24 0 
 4317	24	2	24 0 
 4318	24	2	24 0 
 4319	24	2	24 0 
 4320	24	2	24 0 
 4321	24	2	18 6 
 4322	24	2	18 6 
 4323	24	2	24 0 
 4324	24	2	22 2 
 4325	24	2	24 0 
 4326	24	2	21 3 
 4327	24	2	22 2 
 4328	24	2	24 0 
 4329	24	2	12 12 
 4330	24	2	22 2 
 4331	24	2	24 0 
 4332	24	2	21 3 
 4333	24	2	24 0 
 4334	24	2	23 1 
 4335	24	2	23 1 
 4336	24	2	24 0 
 4337	24	2	23 1 
 4338	24	2	24 0 
 4339	24	2	24 0 
 4340	24	2	24 0 
 4341	24	2	24 0 
 4342	24	2	23 1 
 4343	24	2	24 0 
 4344	24	2	24 0 
 4345	24	2	20 4 
 4346	24	2	9 15 
 4347	24	2	13 11 
 4348	24	2	13 11 
 4349	24	2	24 0 
 4350	24	2	24 0 
 4351	24	2	24 0 
 4352	24	2	10 14 
 4353	24	2	18 6 
 4354	24	2	10 14 
 4355	24	2	10 14 
 4356	24	2	10 14 
 4357	24	2	21 3 
 4358	24	2	24 0 
 4359	24	2	24 0 
 4360	24	2	24 0 
 4361	24	2	21 3 
 4362	24	2	20 4 
 4363	24	2	24 0 
 4364	24	2	20 4 
 4365	24	2	20 4 
 4366	24	2	24 0 
 4367	24	2	24 0 
 4368	24	2	24 0 
 4369	24	2	24 0 
 4370	24	2	24 0 
 4371	24	2	24 0 
 4372	24	2	0 24 
 4373	24	2	24 0 
 4374	24	2	17 7 
 4375	24	2	5 19 
 4376	24	2	0 24 
 4377	24	2	22 2 
 4378	24	2	23 1 
 4379	24	2	24 0 
 4380	24	2	16 8 
 4381	24	2	24 0 
 4382	24	2	24 0 
 4383	24	2	24 0 
 4384	24	2	23 1 
 4385	24	2	22 2 
 4386	24	2	24 0 
 4387	24	2	24 0 
 4388	24	2	24 0 
 4389	24	2	23 1 
 4390	24	2	24 0 
 4391	24	2	24 0 
 4392	24	2	23 1 
 4393	24	2	24 0 
 4394	24	2	24 0 
 4395	24	2	22 2 
 4396	24	2	22 2 
 4397	24	2	24 0 
 4398	24	2	23 1 
 4399	24	2	24 0 
 4400	24	2	23 1 
 4401	24	2	24 0 
 4402	24	2	24 0 
 4403	24	2	24 0 
 4404	24	2	23 1 
 4405	24	2	24 0 
 4406	24	2	24 0 
 4407	24	2	24 0 
 4408	24	2	24 0 
 4409	24	2	23 1 
 4410	24	2	23 1 
 4411	24	2	23 1 
 4412	24	2	24 0 
 4413	24	2	22 2 
 4414	24	2	24 0 
 4415	24	2	23 1 
 4416	24	2	24 0 
 4417	24	2	23 1 
 4418	24	2	23 1 
 4419	24	2	21 3 
 4420	24	2	2 22 
 4421	24	2	3 21 
 4422	24	2	23 1 
 4423	24	2	16 8 
 4424	24	2	23 1 
 4425	24	2	24 0 
 4426	24	2	24 0 
 4427	24	2	22 2 
 4428	24	2	22 2 
 4429	24	2	23 1 
 4430	24	2	24 0 
 4431	24	2	24 0 
 4432	24	2	24 0 
 4433	24	2	22 2 
 4434	24	2	24 0 
 4435	24	2	24 0 
 4436	24	2	23 1 
 4437	24	2	19 5 
 4438	24	2	21 3 
 4439	24	2	24 0 
 4440	24	2	21 3 
 4441	24	2	22 2 
 4442	24	2	24 0 
 4443	24	2	23 1 
 4444	24	2	24 0 
 4445	24	2	23 1 
 4446	24	2	24 0 
 4447	24	2	24 0 
 4448	24	2	18 6 
 4449	24	2	24 0 
 4450	24	2	17 7 
 4451	24	2	22 2 
 4452	24	2	22 2 
 4453	24	2	22 2 
 4454	24	2	23 1 
 4455	24	2	22 2 
 4456	24	2	24 0 
 4457	24	2	20 4 
 4458	24	2	24 0 
 4459	24	2	23 1 
 4460	24	2	24 0 
 4461	24	2	24 0 
 4462	24	2	23 1 
 4463	24	2	24 0 
 4464	24	2	24 0 
 4465	24	2	22 2 
 4466	24	2	24 0 
 4467	24	2	18 6 
 4468	24	2	24 0 
 4469	24	2	24 0 
 4470	24	2	24 0 
 4471	24	2	24 0 
 4472	24	2	21 3 
 4473	24	2	24 0 
 4474	24	2	24 0 
 4475	24	2	24 0 
 4476	24	2	21 3 
 4477	24	2	21 3 
 4478	24	2	21 3 
 4479	24	2	24 0 
 4480	24	2	24 0 
 4481	24	2	21 3 
 4482	24	2	24 0 
 4483	24	2	21 3 
 4484	24	2	21 3 
 4485	24	2	21 3 
 4486	24	2	21 3 
 4487	24	2	24 0 
 4488	24	2	24 0 
 4489	24	2	19 5 
 4490	24	2	24 0 
 4491	24	2	24 0 
 4492	24	2	24 0 
 4493	24	2	16 8 
 4494	24	2	24 0 
 4495	24	2	24 0 
 4496	24	2	22 2 
 4497	24	2	9 15 
 4498	24	2	24 0 
 4499	24	2	24 0 
 4500	24	2	24 0 
 4501	24	2	24 0 
 4502	24	2	24 0 
 4503	24	2	22 2 
 4504	24	2	22 2 
 4505	24	2	22 2 
 4506	24	2	22 2 
 4507	24	2	24 0 
 4508	24	2	23 1 
 4509	24	2	22 2 
 4510	24	2	24 0 
 4511	24	2	23 1 
 4512	24	2	24 0 
 4513	24	2	22 2 
 4514	24	2	24 0 
 4515	24	2	22 2 
 4516	24	2	24 0 
 4517	24	2	19 5 
 4518	24	2	24 0 
 4519	24	2	18 6 
 4520	24	2	24 0 
 4521	24	2	24 0 
 4522	24	2	0 24 
 4523	24	2	19 5 
 4524	24	2	24 0 
 4525	24	2	24 0 
 4526	24	2	23 1 
 4527	24	2	23 1 
 4528	24	2	24 0 
 4529	24	2	24 0 
 4530	24	2	1 23 
 4531	24	2	24 0 
 4532	24	2	22 2 
 4533	24	2	22 2 
 4534	24	2	24 0 
 4535	24	2	22 2 
 4536	24	2	22 2 
 4537	24	2	24 0 
 4538	24	2	24 0 
 4539	24	2	24 0 
 4540	24	2	24 0 
 4541	24	2	24 0 
 4542	24	2	24 0 
 4543	24	2	24 0 
 4544	24	2	24 0 
 4545	24	2	24 0 
 4546	24	2	8 16 
 4547	24	2	24 0 
 4548	24	2	16 8 
 4549	24	2	24 0 
 4550	24	2	16 8 
 4551	24	2	24 0 
 4552	24	2	24 0 
 4553	24	2	22 2 
 4554	24	2	24 0 
 4555	24	2	22 2 
 4556	24	2	24 0 
 4557	24	2	24 0 
 4558	24	2	23 1 
 4559	24	2	24 0 
 4560	24	2	24 0 
 4561	24	2	24 0 
 4562	24	2	24 0 
 4563	24	2	24 0 
 4564	24	2	24 0 
 4565	24	2	24 0 
 4566	24	2	24 0 
 4567	24	2	24 0 
 4568	24	2	24 0 
 4569	24	2	24 0 
 4570	24	2	21 3 
 4571	24	2	18 6 
 4572	24	2	23 1 
 4573	24	2	15 9 
 4574	24	2	24 0 
 4575	24	2	24 0 
 4576	24	2	24 0 
 4577	24	2	22 2 
 4578	24	2	24 0 
 4579	24	2	21 3 
 4580	24	2	22 2 
 4581	24	2	24 0 
 4582	24	2	9 15 
 4583	24	2	22 2 
 4584	24	2	24 0 
 4585	24	2	18 6 
 4586	24	2	22 2 
 4587	24	2	22 2 
 4588	24	2	24 0 
 4589	24	2	23 1 
 4590	24	2	18 6 
 4591	24	2	22 2 
 4592	24	2	24 0 
 4593	24	2	23 1 
 4594	24	2	24 0 
 4595	24	2	22 2 
 4596	24	2	24 0 
 4597	24	2	23 1 
 4598	24	2	24 0 
 4599	24	2	24 0 
 4600	24	2	23 1 
 4601	24	2	24 0 
 4602	24	2	23 1 
 4603	24	2	24 0 
 4604	24	2	23 1 
 4605	24	2	16 8 
 4606	24	2	24 0 
 4607	24	2	24 0 
 4608	24	2	23 1 
 4609	24	2	24 0 
 4610	24	2	24 0 
 4611	24	2	24 0 
 4612	24	2	23 1 
 4613	24	2	22 2 
 4614	24	2	21 3 
 4615	24	2	14 10 
 4616	24	2	24 0 
 4617	24	2	24 0 
 4618	24	2	24 0 
 4619	24	2	24 0 
 4620	24	2	24 0 
 4621	24	2	24 0 
 4622	24	2	11 13 
 4623	24	2	20 4 
 4624	24	2	11 13 
 4625	24	2	11 13 
 4626	24	2	21 3 
 4627	24	2	21 3 
 4628	24	2	21 3 
 4629	24	2	21 3 
 4630	24	2	3 21 
 4631	24	2	24 0 
 4632	24	2	24 0 
 4633	24	2	24 0 
 4634	24	2	22 2 
 4635	24	2	23 1 
 4636	24	2	24 0 
 4637	24	2	19 5 
 4638	24	2	24 0 
 4639	24	2	19 5 
 4640	24	2	3 21 
 4641	24	2	24 0 
 4642	24	2	8 16 
 4643	24	2	24 0 
 4644	24	2	0 24 
 4645	24	2	16 8 
 4646	24	2	24 0 
 4647	24	2	16 8 
 4648	24	2	16 8 
 4649	24	2	24 0 
 4650	24	2	24 0 
 4651	24	2	24 0 
 4652	24	2	24 0 
 4653	24	2	23 1 
 4654	24	2	24 0 
 4655	24	2	23 1 
 4656	24	2	24 0 
 4657	24	2	24 0 
 4658	24	2	24 0 
 4659	24	2	21 3 
 4660	24	2	24 0 
 4661	24	2	23 1 
 4662	24	2	24 0 
 4663	24	2	24 0 
 4664	24	2	24 0 
 4665	24	2	24 0 
 4666	24	2	24 0 
 4667	24	2	24 0 
 4668	24	2	24 0 
 4669	24	2	24 0 
 4670	24	2	24 0 
 4671	24	2	24 0 
 4672	24	2	24 0 
 4673	24	2	24 0 
 4674	24	2	24 0 
 4675	24	2	24 0 
 4676	24	2	24 0 
 4677	24	2	15 9 
 4678	24	2	17 7 
 4679	24	2	24 0 
 4680	24	2	24 0 
 4681	24	2	23 1 
 4682	24	2	24 0 
 4683	24	2	24 0 
 4684	24	2	22 2 
 4685	24	2	24 0 
 4686	24	2	24 0 
 4687	24	2	24 0 
 4688	24	2	22 2 
 4689	24	2	24 0 
 4690	24	2	24 0 
 4691	24	2	20 4 
 4692	24	2	23 1 
 4693	24	2	22 2 
 4694	24	2	19 5 
 4695	24	2	19 5 
 4696	24	2	5 19 
 4697	24	2	0 24 
 4698	24	2	18 6 
 4699	24	2	21 3 
 4700	24	2	24 0 
 4701	24	2	24 0 
 4702	24	2	24 0 
 4703	24	2	23 1 
 4704	24	2	24 0 
 4705	24	2	22 2 
 4706	24	2	24 0 
 4707	24	2	24 0 
 4708	24	2	24 0 
 4709	24	2	22 2 
 4710	24	2	4 20 
 4711	24	2	24 0 
 4712	24	2	22 2 
 4713	24	2	18 6 
 4714	24	2	24 0 
 4715	24	2	24 0 
 4716	24	2	24 0 
 4717	24	2	24 0 
 4718	24	2	24 0 
 4719	24	2	24 0 
 4720	24	2	24 0 
 4721	24	2	24 0 
 4722	24	2	24 0 
 4723	24	2	24 0 
 4724	24	2	20 4 
 4725	24	2	24 0 
 4726	24	2	24 0 
 4727	24	2	23 1 
 4728	24	2	24 0 
 4729	24	2	24 0 
 4730	24	2	24 0 
 4731	24	2	24 0 
 4732	24	2	24 0 
 4733	24	2	20 4 
 4734	24	2	24 0 
 4735	24	2	24 0 
 4736	24	2	17 7 
 4737	24	2	24 0 
 4738	24	2	23 1 
 4739	24	2	24 0 
 4740	24	2	14 10 
 4741	24	2	24 0 
 4742	24	2	14 10 
 4743	24	2	14 10 
 4744	24	2	24 0 
 4745	24	2	14 10 
 4746	24	2	22 2 
 4747	24	2	24 0 
 4748	24	2	24 0 
 4749	24	2	24 0 
 4750	24	2	19 5 
 4751	24	2	24 0 
 4752	24	2	21 3 
 4753	24	2	24 0 
 4754	24	2	24 0 
 4755	24	2	21 3 
 4756	24	2	0 24 
 4757	24	2	24 0 
 4758	24	2	23 1 
 4759	24	2	21 3 
 4760	24	2	22 2 
 4761	24	2	23 1 
 4762	24	2	24 0 
 4763	24	2	24 0 
 4764	24	2	24 0 
 4765	24	2	24 0 
 4766	24	2	24 0 
 4767	24	2	24 0 
 4768	24	2	24 0 
 4769	24	2	24 0 
 4770	24	2	24 0 
 4771	24	2	24 0 
 4772	24	2	23 1 
 4773	24	2	23 1 
 4774	24	2	24 0 
 4775	24	2	24 0 
 4776	24	2	24 0 
 4777	24	2	24 0 
 4778	24	2	23 1 
 4779	24	2	23 1 
 4780	24	2	24 0 
 4781	24	2	24 0 
 4782	24	2	18 6 
 4783	24	2	15 9 
 4784	24	2	24 0 
 4785	24	2	24 0 
 4786	24	2	24 0 
 4787	24	2	24 0 
 4788	24	2	8 16 
 4789	24	2	15 9 
 4790	24	2	15 9 
 4791	24	2	23 1 
 4792	24	2	24 0 
 4793	24	2	23 1 
 4794	24	2	24 0 
 4795	24	2	24 0 
 4796	24	2	24 0 
 4797	24	2	24 0 
 4798	24	2	24 0 
 4799	24	2	24 0 
 4800	24	2	24 0 
 4801	24	2	21 3 
 4802	24	2	21 3 
 4803	24	2	22 2 
 4804	24	2	20 4 
 4805	24	2	24 0 
 4806	24	2	17 7 
 4807	24	2	24 0 
 4808	24	2	24 0 
 4809	24	2	24 0 
 4810	24	2	24 0 
 4811	24	2	22 2 
 4812	24	2	24 0 
 4813	24	2	0 24 
 4814	24	2	24 0 
 4815	24	2	24 0 
 4816	24	2	24 0 
 4817	24	2	24 0 
 4818	24	2	24 0 
 4819	24	2	23 1 
 4820	24	2	24 0 
 4821	24	2	19 5 
 4822	24	2	23 1 
 4823	24	2	23 1 
 4824	24	2	19 5 
 4825	24	2	24 0 
 4826	24	2	24 0 
 4827	24	2	24 0 
 4828	24	2	24 0 
 4829	24	2	24 0 
 4830	24	2	24 0 
 4831	24	2	18 6 
 4832	24	2	24 0 
 4833	24	2	24 0 
 4834	24	2	21 3 
 4835	24	2	13 11 
 4836	24	2	13 11 
 4837	24	2	13 11 
 4838	24	2	11 13 
 4839	24	2	11 13 
 4840	24	2	11 13 
 4841	24	2	21 3 
 4842	24	2	8 16 
 4843	24	2	24 0 
 4844	24	2	24 0 
 4845	24	2	24 0 
 4846	24	2	24 0 
 4847	24	2	24 0 
 4848	24	2	24 0 
 4849	24	2	24 0 
 4850	24	2	24 0 
 4851	24	2	20 4 
 4852	24	2	24 0 
 4853	24	2	24 0 
 4854	24	2	24 0 
 4855	24	2	14 10 
 4856	24	2	24 0 
 4857	24	2	14 10 
 4858	24	2	24 0 
 4859	24	2	24 0 
 4860	24	2	23 1 
 4861	24	2	24 0 
 4862	24	2	15 9 
 4863	24	2	24 0 
 4864	24	2	23 1 
 4865	24	2	24 0 
 4866	24	2	24 0 
 4867	24	2	24 0 
 4868	24	2	23 1 
 4869	24	2	23 1 
 4870	24	2	23 1 
 4871	24	2	23 1 
 4872	24	2	15 9 
 4873	24	2	24 0 
 4874	24	2	24 0 
 4875	24	2	24 0 
 4876	24	2	21 3 
 4877	24	2	24 0 
 4878	24	2	21 3 
 4879	24	2	23 1 
 4880	24	2	21 3 
 4881	24	2	24 0 
 4882	24	2	23 1 
 4883	24	2	24 0 
 4884	24	2	24 0 
 4885	24	2	24 0 
 4886	24	2	24 0 
 4887	24	2	24 0 
 4888	24	2	24 0 
 4889	24	2	1 23 
 4890	24	2	10 14 
 4891	24	2	10 14 
 4892	24	2	23 1 
 4893	24	2	10 14 
 4894	24	2	21 3 
 4895	24	2	19 5 
 4896	24	2	21 3 
 4897	24	2	19 5 
 4898	24	2	19 5 
 4899	24	2	16 8 
 4900	24	2	24 0 
 4901	24	2	24 0 
 4902	24	2	24 0 
 4903	24	2	24 0 
 4904	24	2	21 3 
 4905	24	2	24 0 
 4906	24	2	23 1 
 4907	24	2	24 0 
 4908	24	2	24 0 
 4909	24	2	24 0 
 4910	24	2	24 0 
 4911	24	2	24 0 
 4912	24	2	24 0 
 4913	24	2	24 0 
 4914	24	2	24 0 
 4915	24	2	23 1 
 4916	24	2	23 1 
 4917	24	2	23 1 
 4918	24	2	22 2 
 4919	24	2	24 0 
 4920	24	2	24 0 
 4921	24	2	14 10 
 4922	24	2	24 0 
 4923	24	2	24 0 
 4924	24	2	24 0 
 4925	24	2	7 17 
 4926	24	2	24 0 
 4927	24	2	17 7 
 4928	24	2	22 2 
 4929	24	2	24 0 
 4930	24	2	20 4 
 4931	24	2	24 0 
 4932	24	2	24 0 
 4933	24	2	24 0 
 4934	24	2	24 0 
 4935	24	2	24 0 
 4936	24	2	24 0 
 4937	24	2	21 3 
 4938	24	2	22 2 
 4939	24	2	22 2 
 4940	24	2	21 3 
 4941	24	2	24 0 
 4942	24	2	11 13 
 4943	24	2	11 13 
 4944	24	2	11 13 
 4945	24	2	24 0 
 4946	24	2	21 3 
 4947	24	2	24 0 
 4948	24	2	21 3 
 4949	24	2	23 1 
 4950	24	2	18 6 
 4951	24	2	23 1 
 4952	24	2	23 1 
 4953	24	2	0 24 
 4954	24	2	24 0 
 4955	24	2	19 5 
 4956	24	2	24 0 
 4957	24	2	24 0 
 4958	24	2	24 0 
 4959	24	2	24 0 
 4960	24	2	24 0 
 4961	24	2	24 0 
 4962	24	2	4 20 
 4963	24	2	20 4 
 4964	24	2	24 0 
 4965	24	2	19 5 
 4966	24	2	24 0 
 4967	24	2	24 0 
 4968	24	2	24 0 
 4969	24	2	24 0 
 4970	24	2	24 0 
 4971	24	2	24 0 
 4972	24	2	18 6 
 4973	24	2	18 6 
 4974	24	2	18 6 
 4975	24	2	23 1 
 4976	24	2	24 0 
 4977	24	2	24 0 
 4978	24	2	24 0 
 4979	24	2	23 1 
 4980	24	2	23 1 
 4981	24	2	24 0 
 4982	24	2	8 16 
 4983	24	2	9 15 
 4984	24	2	24 0 
 4985	24	2	21 3 
 4986	24	2	24 0 
 4987	24	2	24 0 
 4988	24	2	0 24 
 4989	24	2	18 6 
 4990	24	2	24 0 
 4991	24	2	14 10 
 4992	24	2	22 2 
 4993	24	2	22 2 
 4994	24	2	23 1 
 4995	24	2	23 1 
 4996	24	2	21 3 
 4997	24	2	24 0 
 4998	24	2	17 7 
 4999	24	2	23 1 
 5000	24	2	24 0 
 5001	24	2	23 1 
 5002	24	2	24 0 
 5003	24	2	24 0 
 5004	24	2	24 0 
 5005	24	2	24 0 
 5006	24	2	24 0 
 5007	24	2	24 0 
 5008	24	2	18 6 
 5009	24	2	17 7 
 5010	24	2	18 6 
 5011	24	2	24 0 
 5012	24	2	24 0 
 5013	24	2	23 1 
 5014	24	2	24 0 
 5015	24	2	24 0 
 5016	24	2	24 0 
 5017	24	2	23 1 
 5018	24	2	24 0 
 5019	24	2	24 0 
 5020	24	2	24 0 
 5021	24	2	24 0 
 5022	24	2	24 0 
 5023	24	2	23 1 
 5024	24	2	24 0 
 5025	24	2	24 0 
 5026	24	2	24 0 
 5027	24	2	24 0 
 5028	24	2	24 0 
 5029	24	2	24 0 
 5030	24	2	24 0 
 5031	24	2	22 2 
 5032	24	2	24 0 
 5033	24	2	24 0 
 5034	24	2	24 0 
 5035	24	2	4 20 
 5036	24	2	4 20 
 5037	24	2	24 0 
 5038	24	2	4 20 
 5039	24	2	24 0 
 5040	24	2	24 0 
 5041	24	2	24 0 
 5042	24	2	24 0 
 5043	24	2	24 0 
 5044	24	2	22 2 
 5045	24	2	15 9 
 5046	24	2	22 2 
 5047	24	2	22 2 
 5048	24	2	24 0 
 5049	24	2	15 9 
 5050	24	2	15 9 
 5051	24	2	24 0 
 5052	24	2	24 0 
 5053	24	2	22 2 
 5054	24	2	24 0 
 5055	24	2	24 0 
 5056	24	2	24 0 
 5057	24	2	24 0 
 5058	24	2	24 0 
 5059	24	2	24 0 
 5060	24	2	24 0 
 5061	24	2	24 0 
 5062	24	2	23 1 
 5063	24	2	23 1 
 5064	24	2	24 0 
 5065	24	2	24 0 
 5066	24	2	23 1 
 5067	24	2	23 1 
 5068	24	2	24 0 
 5069	24	2	21 3 
 5070	24	2	23 1 
 5071	24	2	13 11 
 5072	24	2	24 0 
 5073	24	2	24 0 
 5074	24	2	24 0 
 5075	24	2	24 0 
 5076	24	2	24 0 
 5077	24	2	24 0 
 5078	24	2	24 0 
 5079	24	2	1 23 
 5080	24	2	14 10 
 5081	24	2	24 0 
 5082	24	2	24 0 
 5083	24	2	13 11 
 5084	24	2	13 11 
 5085	24	2	24 0 
 5086	24	2	24 0 
 5087	24	2	24 0 
 5088	24	2	1 23 
 5089	24	2	24 0 
 5090	24	2	24 0 
 5091	24	2	21 3 
 5092	24	2	24 0 
 5093	24	2	21 3 
 5094	24	2	21 3 
 5095	24	2	22 2 
 5096	24	2	24 0 
 5097	24	2	24 0 
 5098	24	2	23 1 
 5099	24	2	0 24 
 5100	24	2	18 6 
 5101	24	2	24 0 
 5102	24	2	0 24 
 5103	24	2	0 24 
 5104	24	2	24 0 
 5105	24	2	4 20 
 5106	24	2	21 3 
 5107	24	2	24 0 
 5108	24	2	0 24 
 5109	24	2	24 0 
 5110	24	2	24 0 
 5111	24	2	24 0 
 5112	24	2	24 0 
 5113	24	2	24 0 
 5114	24	2	24 0 
 5115	24	2	24 0 
 5116	24	2	23 1 
 5117	24	2	24 0 
 5118	24	2	16 8 
 5119	24	2	23 1 
 5120	24	2	23 1 
 5121	24	2	24 0 
 5122	24	2	24 0 
 5123	24	2	24 0 
 5124	24	2	21 3 
 5125	24	2	24 0 
 5126	24	2	23 1 
 5127	24	2	24 0 
 5128	24	2	24 0 
 5129	24	2	23 1 
 5130	24	2	21 3 
 5131	24	2	24 0 
 5132	24	2	24 0 
 5133	24	2	24 0 
 5134	24	2	24 0 
 5135	24	2	24 0 
 5136	24	2	24 0 
 5137	24	2	19 5 
 5138	24	2	24 0 
 5139	24	2	24 0 
 5140	24	2	23 1 
 5141	24	2	24 0 
 5142	24	2	24 0 
 5143	24	2	24 0 
 5144	24	2	24 0 
 5145	24	2	6 18 
 5146	24	2	7 17 
 5147	24	2	24 0 
 5148	24	2	24 0 
 5149	24	2	22 2 
 5150	24	2	1 23 
 5151	24	2	7 17 
 5152	24	2	24 0 
 5153	24	2	1 23 
 5154	24	2	24 0 
 5155	24	2	15 9 
 5156	24	2	24 0 
 5157	24	2	24 0 
 5158	24	2	24 0 
 5159	24	2	24 0 
 5160	24	2	24 0 
 5161	24	2	24 0 
 5162	24	2	23 1 
 5163	24	2	23 1 
 5164	24	2	24 0 
 5165	24	2	24 0 
 5166	24	2	22 2 
 5167	24	2	24 0 
 5168	24	2	24 0 
 5169	24	2	0 24 
 5170	24	2	24 0 
 5171	24	2	0 24 
 5172	24	2	24 0 
 5173	24	2	24 0 
 5174	24	2	24 0 
 5175	24	2	24 0 
 5176	24	2	24 0 
 5177	24	2	24 0 
 5178	24	2	24 0 
 5179	24	2	21 3 
 5180	24	2	14 10 
 5181	24	2	10 14 
 5182	24	2	0 24 
 5183	24	2	24 0 
 5184	24	2	24 0 
 5185	24	2	24 0 
 5186	24	2	6 18 
 5187	24	2	6 18 
 5188	24	2	24 0 
 5189	24	2	23 1 
 5190	24	2	24 0 
 5191	24	2	6 18 
 5192	24	2	20 4 
 5193	24	2	6 18 
 5194	24	2	1 23 
 5195	24	2	20 4 
 5196	24	2	24 0 
 5197	24	2	24 0 
 5198	24	2	24 0 
 5199	24	2	24 0 
 5200	24	2	20 4 
 5201	24	2	5 19 
 5202	24	2	1 23 
 5203	24	2	24 0 
 5204	24	2	24 0 
 5205	24	2	24 0 
 5206	24	2	24 0 
 5207	24	2	23 1 
 5208	24	2	24 0 
 5209	24	2	24 0 
 5210	24	2	6 18 
 5211	24	2	24 0 
 5212	24	2	7 17 
 5213	24	2	6 18 
 5214	24	2	16 8 
 5215	24	2	23 1 
 5216	24	2	16 8 
 5217	24	2	23 1 
 5218	24	2	24 0 
 5219	24	2	24 0 
 5220	24	2	24 0 
 5221	24	2	24 0 
 5222	24	2	24 0 
 5223	24	2	16 8 
 5224	24	2	24 0 
 5225	24	2	24 0 
 5226	24	2	24 0 
 5227	24	2	24 0 
 5228	24	2	22 2 
 5229	24	2	20 4 
 5230	24	2	21 3 
 5231	24	2	16 8 
 5232	24	2	24 0 
 5233	24	2	24 0 
 5234	24	2	14 10 
 5235	24	2	0 24 
 5236	24	2	6 18 
 5237	24	2	18 6 
 5238	24	2	24 0 
 5239	24	2	12 12 
 5240	24	2	23 1 
 5241	24	2	24 0 
 5242	24	2	24 0 
 5243	24	2	12 12 
 5244	24	2	19 5 
 5245	24	2	19 5 
 5246	24	2	23 1 
 5247	24	2	19 5 
 5248	24	2	24 0 
 5249	24	2	24 0 
 5250	24	2	24 0 
 5251	24	2	23 1 
 5252	24	2	1 23 
 5253	24	2	12 12 
 5254	24	2	20 4 
 5255	24	2	24 0 
 5256	24	2	24 0 
 5257	24	2	24 0 
 5258	24	2	24 0 
 5259	24	2	18 6 
 5260	24	2	24 0 
 5261	24	2	24 0 
 5262	24	2	24 0 
 5263	24	2	23 1 
 5264	24	2	24 0 
 5265	24	2	24 0 
 5266	24	2	18 6 
 5267	24	2	17 7 
 5268	24	2	23 1 
 5269	24	2	23 1 
 5270	24	2	24 0 
 5271	24	2	18 6 
 5272	24	2	5 19 
 5273	24	2	24 0 
 5274	24	2	5 19 
 5275	24	2	23 1 
 5276	24	2	24 0 
 5277	24	2	24 0 
 5278	24	2	24 0 
 5279	24	2	24 0 
 5280	24	2	24 0 
 5281	24	2	24 0 
 5282	24	2	22 2 
 5283	24	2	24 0 
 5284	24	2	23 1 
 5285	24	2	24 0 
 5286	24	2	20 4 
 5287	24	2	24 0 
 5288	24	2	24 0 
 5289	24	2	24 0 
 5290	24	2	24 0 
 5291	24	2	24 0 
 5292	24	2	8 16 
 5293	24	2	11 13 
 5294	24	2	24 0 
 5295	24	2	23 1 
 5296	24	2	21 3 
 5297	24	2	21 3 
 5298	24	2	24 0 
 5299	24	2	24 0 
 5300	24	2	24 0 
 5301	24	2	24 0 
 5302	24	2	24 0 
 5303	24	2	24 0 
 5304	24	2	21 3 
 5305	24	2	24 0 
 5306	24	2	24 0 
 5307	24	2	0 24 
 5308	24	2	24 0 
 5309	24	2	24 0 
 5310	24	2	24 0 
 5311	24	2	24 0 
 5312	24	2	24 0 
 5313	24	2	24 0 
 5314	24	2	24 0 
 5315	24	2	24 0 
 5316	24	2	22 2 
 5317	24	2	24 0 
 5318	24	2	24 0 
 5319	24	2	24 0 
 5320	24	2	24 0 
 5321	24	2	24 0 
 5322	24	2	24 0 
 5323	24	2	23 1 
 5324	24	2	24 0 
 5325	24	2	24 0 
 5326	24	2	21 3 
 5327	24	2	24 0 
 5328	24	2	24 0 
 5329	24	2	22 2 
 5330	24	2	24 0 
 5331	24	2	22 2 
 5332	24	2	24 0 
 5333	24	2	21 3 
 5334	24	2	20 4 
 5335	24	2	24 0 
 5336	24	2	4 20 
 5337	24	2	4 20 
 5338	24	2	24 0 
 5339	24	2	24 0 
 5340	24	2	24 0 
 5341	24	2	24 0 
 5342	24	2	23 1 
 5343	24	2	18 6 
 5344	24	2	7 17 
 5345	24	2	24 0 
 5346	24	2	24 0 
 5347	24	2	1 23 
 5348	24	2	24 0 
 5349	24	2	12 12 
 5350	24	2	24 0 
 5351	24	2	21 3 
 5352	24	2	24 0 
 5353	24	2	23 1 
 5354	24	2	23 1 
 5355	24	2	24 0 
 5356	24	2	24 0 
 5357	24	2	23 1 
 5358	24	2	24 0 
 5359	24	2	24 0 
 5360	24	2	24 0 
 5361	24	2	24 0 
 5362	24	2	24 0 
 5363	24	2	24 0 
 5364	24	2	23 1 
 5365	24	2	24 0 
 5366	24	2	24 0 
 5367	24	2	24 0 
 5368	24	2	24 0 
 5369	24	2	24 0 
 5370	24	2	24 0 
 5371	24	2	24 0 
 5372	24	2	24 0 
 5373	24	2	24 0 
 5374	24	2	24 0 
 5375	24	2	23 1 
 5376	24	2	23 1 
 5377	24	2	23 1 
 5378	24	2	24 0 
 5379	24	2	24 0 
 5380	24	2	24 0 
 5381	24	2	24 0 
 5382	24	2	19 5 
 5383	24	2	19 5 
 5384	24	2	19 5 
 5385	24	2	22 2 
 5386	24	2	21 3 
 5387	24	2	24 0 
 5388	24	2	24 0 
 5389	24	2	16 8 
 5390	24	2	23 1 
 5391	24	2	16 8 
 5392	24	2	24 0 
 5393	24	2	24 0 
 5394	24	2	18 6 
 5395	24	2	21 3 
 5396	24	2	24 0 
 5397	24	2	24 0 
 5398	24	2	24 0 
 5399	24	2	24 0 
 5400	24	2	24 0 
 5401	24	2	24 0 
 5402	24	2	24 0 
 5403	24	2	24 0 
 5404	24	2	22 2 
 5405	24	2	24 0 
 5406	24	2	22 2 
 5407	24	2	24 0 
 5408	24	2	24 0 
 5409	24	2	22 2 
 5410	24	2	23 1 
 5411	24	2	21 3 
 5412	24	2	23 1 
 5413	24	2	24 0 
 5414	24	2	23 1 
 5415	24	2	24 0 
 5416	24	2	21 3 
 5417	24	2	24 0 
 5418	24	2	22 2 
 5419	24	2	23 1 
 5420	24	2	23 1 
 5421	24	2	23 1 
 5422	24	2	18 6 
 5423	24	2	21 3 
 5424	24	2	24 0 
 5425	24	2	24 0 
 5426	24	2	24 0 

