[loci]=5426

[populations]=2

[pop]=1
 1	100	2	83 17 
 2	100	2	99 1 
 3	100	2	83 17 
 4	100	2	83 17 
 5	100	2	87 13 
 6	100	2	99 1 
 7	100	2	90 10 
 8	100	2	90 10 
 9	100	2	90 10 
 10	100	2	90 10 
 11	100	2	69 31 
 12	100	2	69 31 
 13	100	2	69 31 
 14	100	2	98 2 
 15	100	2	100 0 
 16	100	2	84 16 
 17	100	2	100 0 
 18	100	2	99 1 
 19	100	2	99 1 
 20	100	2	100 0 
 21	100	2	100 0 
 22	100	2	100 0 
 23	100	2	54 46 
 24	100	2	99 1 
 25	100	2	97 3 
 26	100	2	98 2 
 27	100	2	99 1 
 28	100	2	69 31 
 29	100	2	100 0 
 30	100	2	93 7 
 31	100	2	93 7 
 32	100	2	85 15 
 33	100	2	97 3 
 34	100	2	100 0 
 35	100	2	68 32 
 36	100	2	99 1 
 37	100	2	96 4 
 38	100	2	99 1 
 39	100	2	99 1 
 40	100	2	98 2 
 41	100	2	69 31 
 42	100	2	97 3 
 43	100	2	43 57 
 44	100	2	98 2 
 45	100	2	97 3 
 46	100	2	85 15 
 47	100	2	99 1 
 48	100	2	93 7 
 49	100	2	98 2 
 50	100	2	98 2 
 51	100	2	100 0 
 52	100	2	89 11 
 53	100	2	99 1 
 54	100	2	51 49 
 55	100	2	99 1 
 56	100	2	99 1 
 57	100	2	86 14 
 58	100	2	97 3 
 59	100	2	35 65 
 60	100	2	96 4 
 61	100	2	43 57 
 62	100	2	81 19 
 63	100	2	92 8 
 64	100	2	95 5 
 65	100	2	100 0 
 66	100	2	95 5 
 67	100	2	95 5 
 68	100	2	99 1 
 69	100	2	100 0 
 70	100	2	98 2 
 71	100	2	97 3 
 72	100	2	98 2 
 73	100	2	92 8 
 74	100	2	97 3 
 75	100	2	100 0 
 76	100	2	98 2 
 77	100	2	100 0 
 78	100	2	95 5 
 79	100	2	97 3 
 80	100	2	99 1 
 81	100	2	100 0 
 82	100	2	93 7 
 83	100	2	98 2 
 84	100	2	98 2 
 85	100	2	83 17 
 86	100	2	80 20 
 87	100	2	80 20 
 88	100	2	99 1 
 89	100	2	99 1 
 90	100	2	99 1 
 91	100	2	90 10 
 92	100	2	99 1 
 93	100	2	100 0 
 94	100	2	99 1 
 95	100	2	90 10 
 96	100	2	94 6 
 97	100	2	99 1 
 98	100	2	100 0 
 99	100	2	78 22 
 100	100	2	68 32 
 101	100	2	93 7 
 102	100	2	15 85 
 103	100	2	100 0 
 104	100	2	73 27 
 105	100	2	89 11 
 106	100	2	89 11 
 107	100	2	89 11 
 108	100	2	99 1 
 109	100	2	89 11 
 110	100	2	100 0 
 111	100	2	99 1 
 112	100	2	99 1 
 113	100	2	77 23 
 114	100	2	98 2 
 115	100	2	64 36 
 116	100	2	3 97 
 117	100	2	2 98 
 118	100	2	64 36 
 119	100	2	99 1 
 120	100	2	95 5 
 121	100	2	96 4 
 122	100	2	84 16 
 123	100	2	84 16 
 124	100	2	84 16 
 125	100	2	84 16 
 126	100	2	100 0 
 127	100	2	71 29 
 128	100	2	96 4 
 129	100	2	97 3 
 130	100	2	73 27 
 131	100	2	73 27 
 132	100	2	100 0 
 133	100	2	99 1 
 134	100	2	100 0 
 135	100	2	94 6 
 136	100	2	70 30 
 137	100	2	99 1 
 138	100	2	94 6 
 139	100	2	99 1 
 140	100	2	100 0 
 141	100	2	96 4 
 142	100	2	60 40 
 143	100	2	74 26 
 144	100	2	98 2 
 145	100	2	100 0 
 146	100	2	97 3 
 147	100	2	98 2 
 148	100	2	99 1 
 149	100	2	97 3 
 150	100	2	88 12 
 151	100	2	99 1 
 152	100	2	11 89 
 153	100	2	97 3 
 154	100	2	99 1 
 155	100	2	94 6 
 156	100	2	94 6 
 157	100	2	39 61 
 158	100	2	94 6 
 159	100	2	99 1 
 160	100	2	96 4 
 161	100	2	96 4 
 162	100	2	96 4 
 163	100	2	94 6 
 164	100	2	100 0 
 165	100	2	94 6 
 166	100	2	96 4 
 167	100	2	94 6 
 168	100	2	93 7 
 169	100	2	96 4 
 170	100	2	76 24 
 171	100	2	98 2 
 172	100	2	88 12 
 173	100	2	96 4 
 174	100	2	98 2 
 175	100	2	96 4 
 176	100	2	96 4 
 177	100	2	99 1 
 178	100	2	96 4 
 179	100	2	96 4 
 180	100	2	96 4 
 181	100	2	98 2 
 182	100	2	100 0 
 183	100	2	99 1 
 184	100	2	96 4 
 185	100	2	97 3 
 186	100	2	99 1 
 187	100	2	99 1 
 188	100	2	100 0 
 189	100	2	100 0 
 190	100	2	97 3 
 191	100	2	99 1 
 192	100	2	99 1 
 193	100	2	99 1 
 194	100	2	74 26 
 195	100	2	99 1 
 196	100	2	2 98 
 197	100	2	99 1 
 198	100	2	96 4 
 199	100	2	99 1 
 200	100	2	95 5 
 201	100	2	99 1 
 202	100	2	96 4 
 203	100	2	99 1 
 204	100	2	64 36 
 205	100	2	64 36 
 206	100	2	99 1 
 207	100	2	99 1 
 208	100	2	71 29 
 209	100	2	99 1 
 210	100	2	99 1 
 211	100	2	100 0 
 212	100	2	99 1 
 213	100	2	100 0 
 214	100	2	95 5 
 215	100	2	97 3 
 216	100	2	61 39 
 217	100	2	39 61 
 218	100	2	61 39 
 219	100	2	39 61 
 220	100	2	80 20 
 221	100	2	87 13 
 222	100	2	99 1 
 223	100	2	99 1 
 224	100	2	99 1 
 225	100	2	100 0 
 226	100	2	98 2 
 227	100	2	99 1 
 228	100	2	98 2 
 229	100	2	99 1 
 230	100	2	84 16 
 231	100	2	84 16 
 232	100	2	97 3 
 233	100	2	97 3 
 234	100	2	97 3 
 235	100	2	100 0 
 236	100	2	89 11 
 237	100	2	81 19 
 238	100	2	82 18 
 239	100	2	82 18 
 240	100	2	99 1 
 241	100	2	99 1 
 242	100	2	89 11 
 243	100	2	98 2 
 244	100	2	41 59 
 245	100	2	97 3 
 246	100	2	99 1 
 247	100	2	99 1 
 248	100	2	98 2 
 249	100	2	100 0 
 250	100	2	96 4 
 251	100	2	100 0 
 252	100	2	100 0 
 253	100	2	95 5 
 254	100	2	27 73 
 255	100	2	99 1 
 256	100	2	99 1 
 257	100	2	52 48 
 258	100	2	27 73 
 259	100	2	100 0 
 260	100	2	100 0 
 261	100	2	57 43 
 262	100	2	100 0 
 263	100	2	93 7 
 264	100	2	100 0 
 265	100	2	99 1 
 266	100	2	99 1 
 267	100	2	91 9 
 268	100	2	99 1 
 269	100	2	97 3 
 270	100	2	97 3 
 271	100	2	98 2 
 272	100	2	97 3 
 273	100	2	100 0 
 274	100	2	98 2 
 275	100	2	98 2 
 276	100	2	98 2 
 277	100	2	98 2 
 278	100	2	96 4 
 279	100	2	96 4 
 280	100	2	92 8 
 281	100	2	91 9 
 282	100	2	92 8 
 283	100	2	84 16 
 284	100	2	84 16 
 285	100	2	100 0 
 286	100	2	97 3 
 287	100	2	41 59 
 288	100	2	99 1 
 289	100	2	77 23 
 290	100	2	97 3 
 291	100	2	92 8 
 292	100	2	97 3 
 293	100	2	92 8 
 294	100	2	97 3 
 295	100	2	97 3 
 296	100	2	97 3 
 297	100	2	97 3 
 298	100	2	100 0 
 299	100	2	98 2 
 300	100	2	98 2 
 301	100	2	98 2 
 302	100	2	1 99 
 303	100	2	97 3 
 304	100	2	98 2 
 305	100	2	99 1 
 306	100	2	100 0 
 307	100	2	98 2 
 308	100	2	98 2 
 309	100	2	98 2 
 310	100	2	98 2 
 311	100	2	56 44 
 312	100	2	99 1 
 313	100	2	96 4 
 314	100	2	99 1 
 315	100	2	28 72 
 316	100	2	99 1 
 317	100	2	99 1 
 318	100	2	99 1 
 319	100	2	33 67 
 320	100	2	6 94 
 321	100	2	95 5 
 322	100	2	99 1 
 323	100	2	96 4 
 324	100	2	99 1 
 325	100	2	99 1 
 326	100	2	84 16 
 327	100	2	99 1 
 328	100	2	91 9 
 329	100	2	99 1 
 330	100	2	100 0 
 331	100	2	100 0 
 332	100	2	88 12 
 333	100	2	98 2 
 334	100	2	89 11 
 335	100	2	79 21 
 336	100	2	94 6 
 337	100	2	99 1 
 338	100	2	100 0 
 339	100	2	97 3 
 340	100	2	98 2 
 341	100	2	92 8 
 342	100	2	98 2 
 343	100	2	66 34 
 344	100	2	99 1 
 345	100	2	88 12 
 346	100	2	91 9 
 347	100	2	80 20 
 348	100	2	91 9 
 349	100	2	80 20 
 350	100	2	66 34 
 351	100	2	100 0 
 352	100	2	45 55 
 353	100	2	97 3 
 354	100	2	76 24 
 355	100	2	99 1 
 356	100	2	98 2 
 357	100	2	100 0 
 358	100	2	99 1 
 359	100	2	100 0 
 360	100	2	100 0 
 361	100	2	97 3 
 362	100	2	99 1 
 363	100	2	21 79 
 364	100	2	97 3 
 365	100	2	87 13 
 366	100	2	87 13 
 367	100	2	87 13 
 368	100	2	98 2 
 369	100	2	1 99 
 370	100	2	43 57 
 371	100	2	99 1 
 372	100	2	13 87 
 373	100	2	99 1 
 374	100	2	99 1 
 375	100	2	2 98 
 376	100	2	96 4 
 377	100	2	100 0 
 378	100	2	99 1 
 379	100	2	98 2 
 380	100	2	99 1 
 381	100	2	98 2 
 382	100	2	99 1 
 383	100	2	99 1 
 384	100	2	98 2 
 385	100	2	100 0 
 386	100	2	99 1 
 387	100	2	99 1 
 388	100	2	100 0 
 389	100	2	100 0 
 390	100	2	99 1 
 391	100	2	100 0 
 392	100	2	98 2 
 393	100	2	4 96 
 394	100	2	97 3 
 395	100	2	97 3 
 396	100	2	97 3 
 397	100	2	98 2 
 398	100	2	94 6 
 399	100	2	94 6 
 400	100	2	94 6 
 401	100	2	94 6 
 402	100	2	94 6 
 403	100	2	100 0 
 404	100	2	94 6 
 405	100	2	99 1 
 406	100	2	99 1 
 407	100	2	97 3 
 408	100	2	99 1 
 409	100	2	97 3 
 410	100	2	99 1 
 411	100	2	99 1 
 412	100	2	99 1 
 413	100	2	99 1 
 414	100	2	91 9 
 415	100	2	90 10 
 416	100	2	91 9 
 417	100	2	96 4 
 418	100	2	97 3 
 419	100	2	100 0 
 420	100	2	90 10 
 421	100	2	97 3 
 422	100	2	100 0 
 423	100	2	99 1 
 424	100	2	93 7 
 425	100	2	93 7 
 426	100	2	93 7 
 427	100	2	86 14 
 428	100	2	96 4 
 429	100	2	96 4 
 430	100	2	100 0 
 431	100	2	99 1 
 432	100	2	81 19 
 433	100	2	99 1 
 434	100	2	77 23 
 435	100	2	98 2 
 436	100	2	97 3 
 437	100	2	30 70 
 438	100	2	93 7 
 439	100	2	93 7 
 440	100	2	60 40 
 441	100	2	96 4 
 442	100	2	99 1 
 443	100	2	92 8 
 444	100	2	100 0 
 445	100	2	85 15 
 446	100	2	99 1 
 447	100	2	85 15 
 448	100	2	99 1 
 449	100	2	98 2 
 450	100	2	40 60 
 451	100	2	93 7 
 452	100	2	70 30 
 453	100	2	100 0 
 454	100	2	100 0 
 455	100	2	99 1 
 456	100	2	99 1 
 457	100	2	99 1 
 458	100	2	95 5 
 459	100	2	99 1 
 460	100	2	99 1 
 461	100	2	99 1 
 462	100	2	99 1 
 463	100	2	92 8 
 464	100	2	99 1 
 465	100	2	99 1 
 466	100	2	99 1 
 467	100	2	99 1 
 468	100	2	99 1 
 469	100	2	98 2 
 470	100	2	75 25 
 471	100	2	90 10 
 472	100	2	93 7 
 473	100	2	93 7 
 474	100	2	6 94 
 475	100	2	99 1 
 476	100	2	20 80 
 477	100	2	99 1 
 478	100	2	99 1 
 479	100	2	96 4 
 480	100	2	99 1 
 481	100	2	53 47 
 482	100	2	100 0 
 483	100	2	99 1 
 484	100	2	99 1 
 485	100	2	100 0 
 486	100	2	10 90 
 487	100	2	91 9 
 488	100	2	90 10 
 489	100	2	100 0 
 490	100	2	98 2 
 491	100	2	100 0 
 492	100	2	97 3 
 493	100	2	83 17 
 494	100	2	99 1 
 495	100	2	99 1 
 496	100	2	100 0 
 497	100	2	95 5 
 498	100	2	98 2 
 499	100	2	60 40 
 500	100	2	60 40 
 501	100	2	100 0 
 502	100	2	89 11 
 503	100	2	98 2 
 504	100	2	94 6 
 505	100	2	87 13 
 506	100	2	98 2 
 507	100	2	99 1 
 508	100	2	97 3 
 509	100	2	99 1 
 510	100	2	93 7 
 511	100	2	81 19 
 512	100	2	96 4 
 513	100	2	97 3 
 514	100	2	99 1 
 515	100	2	96 4 
 516	100	2	99 1 
 517	100	2	99 1 
 518	100	2	92 8 
 519	100	2	99 1 
 520	100	2	83 17 
 521	100	2	56 44 
 522	100	2	44 56 
 523	100	2	99 1 
 524	100	2	99 1 
 525	100	2	99 1 
 526	100	2	99 1 
 527	100	2	97 3 
 528	100	2	94 6 
 529	100	2	100 0 
 530	100	2	99 1 
 531	100	2	99 1 
 532	100	2	97 3 
 533	100	2	62 38 
 534	100	2	98 2 
 535	100	2	99 1 
 536	100	2	95 5 
 537	100	2	97 3 
 538	100	2	100 0 
 539	100	2	71 29 
 540	100	2	7 93 
 541	100	2	96 4 
 542	100	2	96 4 
 543	100	2	98 2 
 544	100	2	98 2 
 545	100	2	87 13 
 546	100	2	99 1 
 547	100	2	54 46 
 548	100	2	98 2 
 549	100	2	97 3 
 550	100	2	97 3 
 551	100	2	100 0 
 552	100	2	100 0 
 553	100	2	100 0 
 554	100	2	98 2 
 555	100	2	98 2 
 556	100	2	100 0 
 557	100	2	1 99 
 558	100	2	98 2 
 559	100	2	100 0 
 560	100	2	97 3 
 561	100	2	99 1 
 562	100	2	99 1 
 563	100	2	99 1 
 564	100	2	100 0 
 565	100	2	99 1 
 566	100	2	99 1 
 567	100	2	99 1 
 568	100	2	98 2 
 569	100	2	99 1 
 570	100	2	64 36 
 571	100	2	99 1 
 572	100	2	97 3 
 573	100	2	100 0 
 574	100	2	99 1 
 575	100	2	100 0 
 576	100	2	87 13 
 577	100	2	31 69 
 578	100	2	95 5 
 579	100	2	96 4 
 580	100	2	96 4 
 581	100	2	90 10 
 582	100	2	98 2 
 583	100	2	91 9 
 584	100	2	69 31 
 585	100	2	88 12 
 586	100	2	99 1 
 587	100	2	75 25 
 588	100	2	99 1 
 589	100	2	95 5 
 590	100	2	78 22 
 591	100	2	78 22 
 592	100	2	99 1 
 593	100	2	94 6 
 594	100	2	94 6 
 595	100	2	100 0 
 596	100	2	81 19 
 597	100	2	96 4 
 598	100	2	96 4 
 599	100	2	96 4 
 600	100	2	98 2 
 601	100	2	98 2 
 602	100	2	95 5 
 603	100	2	99 1 
 604	100	2	97 3 
 605	100	2	68 32 
 606	100	2	72 28 
 607	100	2	96 4 
 608	100	2	100 0 
 609	100	2	11 89 
 610	100	2	99 1 
 611	100	2	74 26 
 612	100	2	97 3 
 613	100	2	74 26 
 614	100	2	100 0 
 615	100	2	99 1 
 616	100	2	97 3 
 617	100	2	6 94 
 618	100	2	99 1 
 619	100	2	99 1 
 620	100	2	32 68 
 621	100	2	99 1 
 622	100	2	99 1 
 623	100	2	32 68 
 624	100	2	84 16 
 625	100	2	99 1 
 626	100	2	81 19 
 627	100	2	99 1 
 628	100	2	95 5 
 629	100	2	98 2 
 630	100	2	84 16 
 631	100	2	98 2 
 632	100	2	35 65 
 633	100	2	92 8 
 634	100	2	99 1 
 635	100	2	97 3 
 636	100	2	94 6 
 637	100	2	99 1 
 638	100	2	69 31 
 639	100	2	69 31 
 640	100	2	98 2 
 641	100	2	100 0 
 642	100	2	99 1 
 643	100	2	99 1 
 644	100	2	91 9 
 645	100	2	99 1 
 646	100	2	93 7 
 647	100	2	99 1 
 648	100	2	99 1 
 649	100	2	1 99 
 650	100	2	52 48 
 651	100	2	94 6 
 652	100	2	99 1 
 653	100	2	99 1 
 654	100	2	97 3 
 655	100	2	99 1 
 656	100	2	98 2 
 657	100	2	94 6 
 658	100	2	92 8 
 659	100	2	42 58 
 660	100	2	100 0 
 661	100	2	99 1 
 662	100	2	99 1 
 663	100	2	65 35 
 664	100	2	38 62 
 665	100	2	94 6 
 666	100	2	98 2 
 667	100	2	99 1 
 668	100	2	62 38 
 669	100	2	98 2 
 670	100	2	99 1 
 671	100	2	98 2 
 672	100	2	100 0 
 673	100	2	98 2 
 674	100	2	98 2 
 675	100	2	99 1 
 676	100	2	100 0 
 677	100	2	100 0 
 678	100	2	99 1 
 679	100	2	99 1 
 680	100	2	91 9 
 681	100	2	94 6 
 682	100	2	98 2 
 683	100	2	97 3 
 684	100	2	99 1 
 685	100	2	63 37 
 686	100	2	97 3 
 687	100	2	89 11 
 688	100	2	98 2 
 689	100	2	98 2 
 690	100	2	93 7 
 691	100	2	98 2 
 692	100	2	86 14 
 693	100	2	98 2 
 694	100	2	92 8 
 695	100	2	100 0 
 696	100	2	95 5 
 697	100	2	71 29 
 698	100	2	91 9 
 699	100	2	99 1 
 700	100	2	8 92 
 701	100	2	17 83 
 702	100	2	89 11 
 703	100	2	99 1 
 704	100	2	77 23 
 705	100	2	93 7 
 706	100	2	93 7 
 707	100	2	100 0 
 708	100	2	99 1 
 709	100	2	99 1 
 710	100	2	95 5 
 711	100	2	99 1 
 712	100	2	70 30 
 713	100	2	99 1 
 714	100	2	99 1 
 715	100	2	99 1 
 716	100	2	97 3 
 717	100	2	96 4 
 718	100	2	97 3 
 719	100	2	97 3 
 720	100	2	97 3 
 721	100	2	97 3 
 722	100	2	100 0 
 723	100	2	96 4 
 724	100	2	46 54 
 725	100	2	46 54 
 726	100	2	98 2 
 727	100	2	98 2 
 728	100	2	98 2 
 729	100	2	98 2 
 730	100	2	100 0 
 731	100	2	60 40 
 732	100	2	60 40 
 733	100	2	85 15 
 734	100	2	87 13 
 735	100	2	100 0 
 736	100	2	93 7 
 737	100	2	99 1 
 738	100	2	99 1 
 739	100	2	99 1 
 740	100	2	99 1 
 741	100	2	99 1 
 742	100	2	52 48 
 743	100	2	86 14 
 744	100	2	52 48 
 745	100	2	100 0 
 746	100	2	100 0 
 747	100	2	99 1 
 748	100	2	95 5 
 749	100	2	100 0 
 750	100	2	99 1 
 751	100	2	98 2 
 752	100	2	99 1 
 753	100	2	99 1 
 754	100	2	99 1 
 755	100	2	99 1 
 756	100	2	92 8 
 757	100	2	56 44 
 758	100	2	99 1 
 759	100	2	100 0 
 760	100	2	99 1 
 761	100	2	99 1 
 762	100	2	23 77 
 763	100	2	57 43 
 764	100	2	100 0 
 765	100	2	100 0 
 766	100	2	99 1 
 767	100	2	96 4 
 768	100	2	99 1 
 769	100	2	81 19 
 770	100	2	81 19 
 771	100	2	98 2 
 772	100	2	81 19 
 773	100	2	81 19 
 774	100	2	55 45 
 775	100	2	99 1 
 776	100	2	99 1 
 777	100	2	100 0 
 778	100	2	57 43 
 779	100	2	100 0 
 780	100	2	10 90 
 781	100	2	99 1 
 782	100	2	99 1 
 783	100	2	96 4 
 784	100	2	99 1 
 785	100	2	99 1 
 786	100	2	100 0 
 787	100	2	100 0 
 788	100	2	100 0 
 789	100	2	100 0 
 790	100	2	93 7 
 791	100	2	98 2 
 792	100	2	98 2 
 793	100	2	96 4 
 794	100	2	99 1 
 795	100	2	99 1 
 796	100	2	98 2 
 797	100	2	97 3 
 798	100	2	94 6 
 799	100	2	95 5 
 800	100	2	99 1 
 801	100	2	100 0 
 802	100	2	100 0 
 803	100	2	99 1 
 804	100	2	89 11 
 805	100	2	99 1 
 806	100	2	94 6 
 807	100	2	100 0 
 808	100	2	100 0 
 809	100	2	94 6 
 810	100	2	94 6 
 811	100	2	94 6 
 812	100	2	97 3 
 813	100	2	99 1 
 814	100	2	98 2 
 815	100	2	7 93 
 816	100	2	15 85 
 817	100	2	92 8 
 818	100	2	85 15 
 819	100	2	91 9 
 820	100	2	1 99 
 821	100	2	92 8 
 822	100	2	98 2 
 823	100	2	96 4 
 824	100	2	91 9 
 825	100	2	27 73 
 826	100	2	98 2 
 827	100	2	98 2 
 828	100	2	97 3 
 829	100	2	12 88 
 830	100	2	100 0 
 831	100	2	99 1 
 832	100	2	99 1 
 833	100	2	99 1 
 834	100	2	99 1 
 835	100	2	100 0 
 836	100	2	98 2 
 837	100	2	100 0 
 838	100	2	91 9 
 839	100	2	23 77 
 840	100	2	99 1 
 841	100	2	87 13 
 842	100	2	98 2 
 843	100	2	98 2 
 844	100	2	100 0 
 845	100	2	97 3 
 846	100	2	100 0 
 847	100	2	98 2 
 848	100	2	99 1 
 849	100	2	98 2 
 850	100	2	100 0 
 851	100	2	98 2 
 852	100	2	98 2 
 853	100	2	71 29 
 854	100	2	95 5 
 855	100	2	97 3 
 856	100	2	99 1 
 857	100	2	78 22 
 858	100	2	99 1 
 859	100	2	99 1 
 860	100	2	99 1 
 861	100	2	100 0 
 862	100	2	98 2 
 863	100	2	99 1 
 864	100	2	98 2 
 865	100	2	99 1 
 866	100	2	86 14 
 867	100	2	30 70 
 868	100	2	99 1 
 869	100	2	86 14 
 870	100	2	99 1 
 871	100	2	100 0 
 872	100	2	99 1 
 873	100	2	99 1 
 874	100	2	98 2 
 875	100	2	99 1 
 876	100	2	99 1 
 877	100	2	98 2 
 878	100	2	77 23 
 879	100	2	99 1 
 880	100	2	99 1 
 881	100	2	99 1 
 882	100	2	99 1 
 883	100	2	99 1 
 884	100	2	100 0 
 885	100	2	99 1 
 886	100	2	100 0 
 887	100	2	99 1 
 888	100	2	100 0 
 889	100	2	99 1 
 890	100	2	92 8 
 891	100	2	1 99 
 892	100	2	99 1 
 893	100	2	97 3 
 894	100	2	96 4 
 895	100	2	98 2 
 896	100	2	98 2 
 897	100	2	97 3 
 898	100	2	90 10 
 899	100	2	94 6 
 900	100	2	94 6 
 901	100	2	93 7 
 902	100	2	100 0 
 903	100	2	96 4 
 904	100	2	94 6 
 905	100	2	94 6 
 906	100	2	94 6 
 907	100	2	94 6 
 908	100	2	97 3 
 909	100	2	11 89 
 910	100	2	71 29 
 911	100	2	83 17 
 912	100	2	99 1 
 913	100	2	99 1 
 914	100	2	100 0 
 915	100	2	16 84 
 916	100	2	100 0 
 917	100	2	63 37 
 918	100	2	98 2 
 919	100	2	100 0 
 920	100	2	97 3 
 921	100	2	100 0 
 922	100	2	95 5 
 923	100	2	100 0 
 924	100	2	100 0 
 925	100	2	86 14 
 926	100	2	99 1 
 927	100	2	98 2 
 928	100	2	74 26 
 929	100	2	99 1 
 930	100	2	99 1 
 931	100	2	99 1 
 932	100	2	99 1 
 933	100	2	98 2 
 934	100	2	95 5 
 935	100	2	99 1 
 936	100	2	98 2 
 937	100	2	95 5 
 938	100	2	100 0 
 939	100	2	60 40 
 940	100	2	99 1 
 941	100	2	99 1 
 942	100	2	99 1 
 943	100	2	99 1 
 944	100	2	86 14 
 945	100	2	98 2 
 946	100	2	99 1 
 947	100	2	98 2 
 948	100	2	99 1 
 949	100	2	100 0 
 950	100	2	98 2 
 951	100	2	98 2 
 952	100	2	93 7 
 953	100	2	99 1 
 954	100	2	82 18 
 955	100	2	74 26 
 956	100	2	36 64 
 957	100	2	32 68 
 958	100	2	99 1 
 959	100	2	100 0 
 960	100	2	97 3 
 961	100	2	97 3 
 962	100	2	99 1 
 963	100	2	93 7 
 964	100	2	99 1 
 965	100	2	85 15 
 966	100	2	89 11 
 967	100	2	56 44 
 968	100	2	56 44 
 969	100	2	98 2 
 970	100	2	100 0 
 971	100	2	84 16 
 972	100	2	99 1 
 973	100	2	99 1 
 974	100	2	99 1 
 975	100	2	99 1 
 976	100	2	99 1 
 977	100	2	87 13 
 978	100	2	99 1 
 979	100	2	87 13 
 980	100	2	99 1 
 981	100	2	99 1 
 982	100	2	98 2 
 983	100	2	99 1 
 984	100	2	100 0 
 985	100	2	94 6 
 986	100	2	99 1 
 987	100	2	21 79 
 988	100	2	99 1 
 989	100	2	100 0 
 990	100	2	91 9 
 991	100	2	90 10 
 992	100	2	100 0 
 993	100	2	100 0 
 994	100	2	88 12 
 995	100	2	97 3 
 996	100	2	100 0 
 997	100	2	98 2 
 998	100	2	99 1 
 999	100	2	99 1 
 1000	100	2	99 1 
 1001	100	2	59 41 
 1002	100	2	99 1 
 1003	100	2	98 2 
 1004	100	2	98 2 
 1005	100	2	99 1 
 1006	100	2	98 2 
 1007	100	2	99 1 
 1008	100	2	42 58 
 1009	100	2	98 2 
 1010	100	2	98 2 
 1011	100	2	81 19 
 1012	100	2	95 5 
 1013	100	2	81 19 
 1014	100	2	77 23 
 1015	100	2	57 43 
 1016	100	2	75 25 
 1017	100	2	99 1 
 1018	100	2	38 62 
 1019	100	2	38 62 
 1020	100	2	95 5 
 1021	100	2	98 2 
 1022	100	2	99 1 
 1023	100	2	62 38 
 1024	100	2	38 62 
 1025	100	2	100 0 
 1026	100	2	99 1 
 1027	100	2	100 0 
 1028	100	2	98 2 
 1029	100	2	100 0 
 1030	100	2	67 33 
 1031	100	2	67 33 
 1032	100	2	22 78 
 1033	100	2	87 13 
 1034	100	2	78 22 
 1035	100	2	97 3 
 1036	100	2	98 2 
 1037	100	2	98 2 
 1038	100	2	25 75 
 1039	100	2	99 1 
 1040	100	2	31 69 
 1041	100	2	72 28 
 1042	100	2	96 4 
 1043	100	2	72 28 
 1044	100	2	64 36 
 1045	100	2	99 1 
 1046	100	2	89 11 
 1047	100	2	100 0 
 1048	100	2	67 33 
 1049	100	2	51 49 
 1050	100	2	98 2 
 1051	100	2	99 1 
 1052	100	2	94 6 
 1053	100	2	99 1 
 1054	100	2	97 3 
 1055	100	2	99 1 
 1056	100	2	99 1 
 1057	100	2	99 1 
 1058	100	2	99 1 
 1059	100	2	99 1 
 1060	100	2	99 1 
 1061	100	2	99 1 
 1062	100	2	97 3 
 1063	100	2	57 43 
 1064	100	2	100 0 
 1065	100	2	94 6 
 1066	100	2	99 1 
 1067	100	2	95 5 
 1068	100	2	100 0 
 1069	100	2	90 10 
 1070	100	2	90 10 
 1071	100	2	98 2 
 1072	100	2	99 1 
 1073	100	2	100 0 
 1074	100	2	99 1 
 1075	100	2	99 1 
 1076	100	2	99 1 
 1077	100	2	99 1 
 1078	100	2	99 1 
 1079	100	2	90 10 
 1080	100	2	93 7 
 1081	100	2	98 2 
 1082	100	2	79 21 
 1083	100	2	79 21 
 1084	100	2	98 2 
 1085	100	2	98 2 
 1086	100	2	100 0 
 1087	100	2	82 18 
 1088	100	2	91 9 
 1089	100	2	99 1 
 1090	100	2	99 1 
 1091	100	2	84 16 
 1092	100	2	84 16 
 1093	100	2	99 1 
 1094	100	2	99 1 
 1095	100	2	99 1 
 1096	100	2	98 2 
 1097	100	2	99 1 
 1098	100	2	100 0 
 1099	100	2	94 6 
 1100	100	2	94 6 
 1101	100	2	92 8 
 1102	100	2	94 6 
 1103	100	2	94 6 
 1104	100	2	94 6 
 1105	100	2	100 0 
 1106	100	2	99 1 
 1107	100	2	64 36 
 1108	100	2	36 64 
 1109	100	2	95 5 
 1110	100	2	95 5 
 1111	100	2	95 5 
 1112	100	2	100 0 
 1113	100	2	79 21 
 1114	100	2	99 1 
 1115	100	2	99 1 
 1116	100	2	93 7 
 1117	100	2	98 2 
 1118	100	2	98 2 
 1119	100	2	81 19 
 1120	100	2	91 9 
 1121	100	2	100 0 
 1122	100	2	99 1 
 1123	100	2	94 6 
 1124	100	2	45 55 
 1125	100	2	100 0 
 1126	100	2	100 0 
 1127	100	2	26 74 
 1128	100	2	97 3 
 1129	100	2	99 1 
 1130	100	2	33 67 
 1131	100	2	3 97 
 1132	100	2	100 0 
 1133	100	2	99 1 
 1134	100	2	87 13 
 1135	100	2	99 1 
 1136	100	2	100 0 
 1137	100	2	99 1 
 1138	100	2	97 3 
 1139	100	2	100 0 
 1140	100	2	71 29 
 1141	100	2	100 0 
 1142	100	2	100 0 
 1143	100	2	100 0 
 1144	100	2	100 0 
 1145	100	2	96 4 
 1146	100	2	100 0 
 1147	100	2	100 0 
 1148	100	2	99 1 
 1149	100	2	99 1 
 1150	100	2	100 0 
 1151	100	2	91 9 
 1152	100	2	93 7 
 1153	100	2	98 2 
 1154	100	2	77 23 
 1155	100	2	99 1 
 1156	100	2	91 9 
 1157	100	2	77 23 
 1158	100	2	100 0 
 1159	100	2	77 23 
 1160	100	2	99 1 
 1161	100	2	99 1 
 1162	100	2	97 3 
 1163	100	2	99 1 
 1164	100	2	100 0 
 1165	100	2	98 2 
 1166	100	2	97 3 
 1167	100	2	99 1 
 1168	100	2	95 5 
 1169	100	2	97 3 
 1170	100	2	99 1 
 1171	100	2	97 3 
 1172	100	2	99 1 
 1173	100	2	96 4 
 1174	100	2	97 3 
 1175	100	2	93 7 
 1176	100	2	99 1 
 1177	100	2	98 2 
 1178	100	2	99 1 
 1179	100	2	97 3 
 1180	100	2	99 1 
 1181	100	2	99 1 
 1182	100	2	95 5 
 1183	100	2	98 2 
 1184	100	2	99 1 
 1185	100	2	10 90 
 1186	100	2	96 4 
 1187	100	2	96 4 
 1188	100	2	46 54 
 1189	100	2	98 2 
 1190	100	2	99 1 
 1191	100	2	93 7 
 1192	100	2	91 9 
 1193	100	2	91 9 
 1194	100	2	96 4 
 1195	100	2	94 6 
 1196	100	2	100 0 
 1197	100	2	100 0 
 1198	100	2	99 1 
 1199	100	2	99 1 
 1200	100	2	98 2 
 1201	100	2	99 1 
 1202	100	2	99 1 
 1203	100	2	96 4 
 1204	100	2	61 39 
 1205	100	2	97 3 
 1206	100	2	97 3 
 1207	100	2	96 4 
 1208	100	2	62 38 
 1209	100	2	98 2 
 1210	100	2	99 1 
 1211	100	2	99 1 
 1212	100	2	94 6 
 1213	100	2	99 1 
 1214	100	2	98 2 
 1215	100	2	92 8 
 1216	100	2	99 1 
 1217	100	2	98 2 
 1218	100	2	97 3 
 1219	100	2	88 12 
 1220	100	2	98 2 
 1221	100	2	87 13 
 1222	100	2	99 1 
 1223	100	2	99 1 
 1224	100	2	98 2 
 1225	100	2	94 6 
 1226	100	2	97 3 
 1227	100	2	99 1 
 1228	100	2	100 0 
 1229	100	2	96 4 
 1230	100	2	92 8 
 1231	100	2	99 1 
 1232	100	2	99 1 
 1233	100	2	99 1 
 1234	100	2	98 2 
 1235	100	2	94 6 
 1236	100	2	100 0 
 1237	100	2	94 6 
 1238	100	2	80 20 
 1239	100	2	94 6 
 1240	100	2	99 1 
 1241	100	2	83 17 
 1242	100	2	98 2 
 1243	100	2	98 2 
 1244	100	2	44 56 
 1245	100	2	100 0 
 1246	100	2	53 47 
 1247	100	2	98 2 
 1248	100	2	99 1 
 1249	100	2	100 0 
 1250	100	2	99 1 
 1251	100	2	81 19 
 1252	100	2	99 1 
 1253	100	2	98 2 
 1254	100	2	98 2 
 1255	100	2	97 3 
 1256	100	2	95 5 
 1257	100	2	99 1 
 1258	100	2	95 5 
 1259	100	2	91 9 
 1260	100	2	95 5 
 1261	100	2	95 5 
 1262	100	2	97 3 
 1263	100	2	99 1 
 1264	100	2	95 5 
 1265	100	2	95 5 
 1266	100	2	95 5 
 1267	100	2	99 1 
 1268	100	2	95 5 
 1269	100	2	90 10 
 1270	100	2	90 10 
 1271	100	2	90 10 
 1272	100	2	90 10 
 1273	100	2	99 1 
 1274	100	2	90 10 
 1275	100	2	100 0 
 1276	100	2	98 2 
 1277	100	2	100 0 
 1278	100	2	98 2 
 1279	100	2	100 0 
 1280	100	2	99 1 
 1281	100	2	99 1 
 1282	100	2	100 0 
 1283	100	2	99 1 
 1284	100	2	99 1 
 1285	100	2	99 1 
 1286	100	2	7 93 
 1287	100	2	100 0 
 1288	100	2	76 24 
 1289	100	2	99 1 
 1290	100	2	98 2 
 1291	100	2	99 1 
 1292	100	2	22 78 
 1293	100	2	99 1 
 1294	100	2	99 1 
 1295	100	2	84 16 
 1296	100	2	98 2 
 1297	100	2	1 99 
 1298	100	2	99 1 
 1299	100	2	100 0 
 1300	100	2	96 4 
 1301	100	2	93 7 
 1302	100	2	99 1 
 1303	100	2	96 4 
 1304	100	2	91 9 
 1305	100	2	100 0 
 1306	100	2	100 0 
 1307	100	2	31 69 
 1308	100	2	95 5 
 1309	100	2	96 4 
 1310	100	2	96 4 
 1311	100	2	90 10 
 1312	100	2	98 2 
 1313	100	2	91 9 
 1314	100	2	69 31 
 1315	100	2	88 12 
 1316	100	2	99 1 
 1317	100	2	75 25 
 1318	100	2	99 1 
 1319	100	2	95 5 
 1320	100	2	78 22 
 1321	100	2	78 22 
 1322	100	2	91 9 
 1323	100	2	9 91 
 1324	100	2	99 1 
 1325	100	2	95 5 
 1326	100	2	99 1 
 1327	100	2	61 39 
 1328	100	2	39 61 
 1329	100	2	39 61 
 1330	100	2	99 1 
 1331	100	2	39 61 
 1332	100	2	39 61 
 1333	100	2	99 1 
 1334	100	2	98 2 
 1335	100	2	98 2 
 1336	100	2	97 3 
 1337	100	2	90 10 
 1338	100	2	98 2 
 1339	100	2	98 2 
 1340	100	2	98 2 
 1341	100	2	98 2 
 1342	100	2	99 1 
 1343	100	2	90 10 
 1344	100	2	99 1 
 1345	100	2	96 4 
 1346	100	2	90 10 
 1347	100	2	99 1 
 1348	100	2	96 4 
 1349	100	2	100 0 
 1350	100	2	16 84 
 1351	100	2	28 72 
 1352	100	2	28 72 
 1353	100	2	99 1 
 1354	100	2	99 1 
 1355	100	2	98 2 
 1356	100	2	99 1 
 1357	100	2	60 40 
 1358	100	2	99 1 
 1359	100	2	100 0 
 1360	100	2	94 6 
 1361	100	2	98 2 
 1362	100	2	95 5 
 1363	100	2	99 1 
 1364	100	2	94 6 
 1365	100	2	99 1 
 1366	100	2	96 4 
 1367	100	2	99 1 
 1368	100	2	98 2 
 1369	100	2	100 0 
 1370	100	2	98 2 
 1371	100	2	18 82 
 1372	100	2	46 54 
 1373	100	2	98 2 
 1374	100	2	100 0 
 1375	100	2	99 1 
 1376	100	2	96 4 
 1377	100	2	92 8 
 1378	100	2	98 2 
 1379	100	2	78 22 
 1380	100	2	98 2 
 1381	100	2	93 7 
 1382	100	2	100 0 
 1383	100	2	99 1 
 1384	100	2	96 4 
 1385	100	2	98 2 
 1386	100	2	99 1 
 1387	100	2	90 10 
 1388	100	2	99 1 
 1389	100	2	97 3 
 1390	100	2	98 2 
 1391	100	2	97 3 
 1392	100	2	18 82 
 1393	100	2	100 0 
 1394	100	2	20 80 
 1395	100	2	99 1 
 1396	100	2	99 1 
 1397	100	2	20 80 
 1398	100	2	2 98 
 1399	100	2	99 1 
 1400	100	2	52 48 
 1401	100	2	2 98 
 1402	100	2	95 5 
 1403	100	2	65 35 
 1404	100	2	98 2 
 1405	100	2	98 2 
 1406	100	2	60 40 
 1407	100	2	98 2 
 1408	100	2	98 2 
 1409	100	2	98 2 
 1410	100	2	100 0 
 1411	100	2	100 0 
 1412	100	2	96 4 
 1413	100	2	99 1 
 1414	100	2	100 0 
 1415	100	2	96 4 
 1416	100	2	97 3 
 1417	100	2	13 87 
 1418	100	2	100 0 
 1419	100	2	99 1 
 1420	100	2	99 1 
 1421	100	2	100 0 
 1422	100	2	4 96 
 1423	100	2	97 3 
 1424	100	2	96 4 
 1425	100	2	97 3 
 1426	100	2	99 1 
 1427	100	2	95 5 
 1428	100	2	98 2 
 1429	100	2	55 45 
 1430	100	2	100 0 
 1431	100	2	99 1 
 1432	100	2	100 0 
 1433	100	2	17 83 
 1434	100	2	100 0 
 1435	100	2	100 0 
 1436	100	2	9 91 
 1437	100	2	23 77 
 1438	100	2	66 34 
 1439	100	2	99 1 
 1440	100	2	72 28 
 1441	100	2	99 1 
 1442	100	2	98 2 
 1443	100	2	99 1 
 1444	100	2	90 10 
 1445	100	2	90 10 
 1446	100	2	67 33 
 1447	100	2	100 0 
 1448	100	2	67 33 
 1449	100	2	100 0 
 1450	100	2	98 2 
 1451	100	2	80 20 
 1452	100	2	98 2 
 1453	100	2	98 2 
 1454	100	2	94 6 
 1455	100	2	100 0 
 1456	100	2	99 1 
 1457	100	2	92 8 
 1458	100	2	100 0 
 1459	100	2	100 0 
 1460	100	2	99 1 
 1461	100	2	91 9 
 1462	100	2	30 70 
 1463	100	2	99 1 
 1464	100	2	30 70 
 1465	100	2	99 1 
 1466	100	2	100 0 
 1467	100	2	30 70 
 1468	100	2	98 2 
 1469	100	2	97 3 
 1470	100	2	98 2 
 1471	100	2	98 2 
 1472	100	2	95 5 
 1473	100	2	93 7 
 1474	100	2	94 6 
 1475	100	2	71 29 
 1476	100	2	94 6 
 1477	100	2	96 4 
 1478	100	2	99 1 
 1479	100	2	79 21 
 1480	100	2	93 7 
 1481	100	2	93 7 
 1482	100	2	96 4 
 1483	100	2	94 6 
 1484	100	2	94 6 
 1485	100	2	94 6 
 1486	100	2	94 6 
 1487	100	2	100 0 
 1488	100	2	100 0 
 1489	100	2	99 1 
 1490	100	2	97 3 
 1491	100	2	94 6 
 1492	100	2	94 6 
 1493	100	2	100 0 
 1494	100	2	99 1 
 1495	100	2	95 5 
 1496	100	2	62 38 
 1497	100	2	98 2 
 1498	100	2	99 1 
 1499	100	2	99 1 
 1500	100	2	92 8 
 1501	100	2	99 1 
 1502	100	2	100 0 
 1503	100	2	99 1 
 1504	100	2	98 2 
 1505	100	2	93 7 
 1506	100	2	98 2 
 1507	100	2	88 12 
 1508	100	2	10 90 
 1509	100	2	100 0 
 1510	100	2	57 43 
 1511	100	2	91 9 
 1512	100	2	91 9 
 1513	100	2	100 0 
 1514	100	2	91 9 
 1515	100	2	91 9 
 1516	100	2	100 0 
 1517	100	2	91 9 
 1518	100	2	74 26 
 1519	100	2	99 1 
 1520	100	2	99 1 
 1521	100	2	99 1 
 1522	100	2	89 11 
 1523	100	2	99 1 
 1524	100	2	18 82 
 1525	100	2	81 19 
 1526	100	2	85 15 
 1527	100	2	85 15 
 1528	100	2	85 15 
 1529	100	2	84 16 
 1530	100	2	96 4 
 1531	100	2	96 4 
 1532	100	2	99 1 
 1533	100	2	49 51 
 1534	100	2	51 49 
 1535	100	2	51 49 
 1536	100	2	93 7 
 1537	100	2	98 2 
 1538	100	2	99 1 
 1539	100	2	93 7 
 1540	100	2	100 0 
 1541	100	2	86 14 
 1542	100	2	95 5 
 1543	100	2	99 1 
 1544	100	2	95 5 
 1545	100	2	98 2 
 1546	100	2	85 15 
 1547	100	2	95 5 
 1548	100	2	88 12 
 1549	100	2	86 14 
 1550	100	2	99 1 
 1551	100	2	90 10 
 1552	100	2	1 99 
 1553	100	2	98 2 
 1554	100	2	98 2 
 1555	100	2	98 2 
 1556	100	2	93 7 
 1557	100	2	100 0 
 1558	100	2	92 8 
 1559	100	2	70 30 
 1560	100	2	30 70 
 1561	100	2	98 2 
 1562	100	2	98 2 
 1563	100	2	99 1 
 1564	100	2	100 0 
 1565	100	2	96 4 
 1566	100	2	100 0 
 1567	100	2	96 4 
 1568	100	2	95 5 
 1569	100	2	97 3 
 1570	100	2	100 0 
 1571	100	2	54 46 
 1572	100	2	99 1 
 1573	100	2	92 8 
 1574	100	2	90 10 
 1575	100	2	99 1 
 1576	100	2	99 1 
 1577	100	2	99 1 
 1578	100	2	99 1 
 1579	100	2	99 1 
 1580	100	2	96 4 
 1581	100	2	99 1 
 1582	100	2	89 11 
 1583	100	2	87 13 
 1584	100	2	89 11 
 1585	100	2	89 11 
 1586	100	2	89 11 
 1587	100	2	89 11 
 1588	100	2	100 0 
 1589	100	2	100 0 
 1590	100	2	79 21 
 1591	100	2	100 0 
 1592	100	2	99 1 
 1593	100	2	99 1 
 1594	100	2	99 1 
 1595	100	2	99 1 
 1596	100	2	99 1 
 1597	100	2	99 1 
 1598	100	2	99 1 
 1599	100	2	99 1 
 1600	100	2	99 1 
 1601	100	2	87 13 
 1602	100	2	99 1 
 1603	100	2	13 87 
 1604	100	2	100 0 
 1605	100	2	50 50 
 1606	100	2	99 1 
 1607	100	2	97 3 
 1608	100	2	99 1 
 1609	100	2	98 2 
 1610	100	2	96 4 
 1611	100	2	100 0 
 1612	100	2	96 4 
 1613	100	2	100 0 
 1614	100	2	100 0 
 1615	100	2	93 7 
 1616	100	2	79 21 
 1617	100	2	97 3 
 1618	100	2	96 4 
 1619	100	2	84 16 
 1620	100	2	97 3 
 1621	100	2	76 24 
 1622	100	2	83 17 
 1623	100	2	94 6 
 1624	100	2	72 28 
 1625	100	2	94 6 
 1626	100	2	94 6 
 1627	100	2	98 2 
 1628	100	2	100 0 
 1629	100	2	63 37 
 1630	100	2	100 0 
 1631	100	2	93 7 
 1632	100	2	95 5 
 1633	100	2	69 31 
 1634	100	2	82 18 
 1635	100	2	23 77 
 1636	100	2	99 1 
 1637	100	2	98 2 
 1638	100	2	100 0 
 1639	100	2	96 4 
 1640	100	2	92 8 
 1641	100	2	98 2 
 1642	100	2	100 0 
 1643	100	2	98 2 
 1644	100	2	98 2 
 1645	100	2	98 2 
 1646	100	2	70 30 
 1647	100	2	99 1 
 1648	100	2	71 29 
 1649	100	2	99 1 
 1650	100	2	70 30 
 1651	100	2	99 1 
 1652	100	2	96 4 
 1653	100	2	89 11 
 1654	100	2	98 2 
 1655	100	2	31 69 
 1656	100	2	96 4 
 1657	100	2	98 2 
 1658	100	2	94 6 
 1659	100	2	49 51 
 1660	100	2	93 7 
 1661	100	2	99 1 
 1662	100	2	99 1 
 1663	100	2	26 74 
 1664	100	2	96 4 
 1665	100	2	99 1 
 1666	100	2	98 2 
 1667	100	2	98 2 
 1668	100	2	99 1 
 1669	100	2	96 4 
 1670	100	2	99 1 
 1671	100	2	96 4 
 1672	100	2	98 2 
 1673	100	2	95 5 
 1674	100	2	96 4 
 1675	100	2	100 0 
 1676	100	2	93 7 
 1677	100	2	99 1 
 1678	100	2	96 4 
 1679	100	2	99 1 
 1680	100	2	81 19 
 1681	100	2	47 53 
 1682	100	2	96 4 
 1683	100	2	50 50 
 1684	100	2	91 9 
 1685	100	2	99 1 
 1686	100	2	93 7 
 1687	100	2	94 6 
 1688	100	2	100 0 
 1689	100	2	99 1 
 1690	100	2	94 6 
 1691	100	2	94 6 
 1692	100	2	67 33 
 1693	100	2	99 1 
 1694	100	2	99 1 
 1695	100	2	99 1 
 1696	100	2	99 1 
 1697	100	2	98 2 
 1698	100	2	79 21 
 1699	100	2	79 21 
 1700	100	2	61 39 
 1701	100	2	99 1 
 1702	100	2	91 9 
 1703	100	2	98 2 
 1704	100	2	99 1 
 1705	100	2	84 16 
 1706	100	2	99 1 
 1707	100	2	99 1 
 1708	100	2	97 3 
 1709	100	2	100 0 
 1710	100	2	41 59 
 1711	100	2	86 14 
 1712	100	2	86 14 
 1713	100	2	95 5 
 1714	100	2	96 4 
 1715	100	2	95 5 
 1716	100	2	97 3 
 1717	100	2	99 1 
 1718	100	2	9 91 
 1719	100	2	98 2 
 1720	100	2	91 9 
 1721	100	2	9 91 
 1722	100	2	99 1 
 1723	100	2	99 1 
 1724	100	2	100 0 
 1725	100	2	84 16 
 1726	100	2	99 1 
 1727	100	2	78 22 
 1728	100	2	90 10 
 1729	100	2	99 1 
 1730	100	2	95 5 
 1731	100	2	99 1 
 1732	100	2	44 56 
 1733	100	2	80 20 
 1734	100	2	81 19 
 1735	100	2	78 22 
 1736	100	2	91 9 
 1737	100	2	62 38 
 1738	100	2	77 23 
 1739	100	2	90 10 
 1740	100	2	95 5 
 1741	100	2	45 55 
 1742	100	2	79 21 
 1743	100	2	82 18 
 1744	100	2	77 23 
 1745	100	2	91 9 
 1746	100	2	73 27 
 1747	100	2	99 1 
 1748	100	2	98 2 
 1749	100	2	99 1 
 1750	100	2	91 9 
 1751	100	2	99 1 
 1752	100	2	100 0 
 1753	100	2	99 1 
 1754	100	2	100 0 
 1755	100	2	98 2 
 1756	100	2	98 2 
 1757	100	2	91 9 
 1758	100	2	97 3 
 1759	100	2	95 5 
 1760	100	2	99 1 
 1761	100	2	78 22 
 1762	100	2	100 0 
 1763	100	2	43 57 
 1764	100	2	98 2 
 1765	100	2	98 2 
 1766	100	2	99 1 
 1767	100	2	96 4 
 1768	100	2	100 0 
 1769	100	2	81 19 
 1770	100	2	82 18 
 1771	100	2	100 0 
 1772	100	2	100 0 
 1773	100	2	100 0 
 1774	100	2	99 1 
 1775	100	2	99 1 
 1776	100	2	99 1 
 1777	100	2	100 0 
 1778	100	2	100 0 
 1779	100	2	95 5 
 1780	100	2	100 0 
 1781	100	2	99 1 
 1782	100	2	75 25 
 1783	100	2	99 1 
 1784	100	2	100 0 
 1785	100	2	99 1 
 1786	100	2	99 1 
 1787	100	2	99 1 
 1788	100	2	97 3 
 1789	100	2	98 2 
 1790	100	2	98 2 
 1791	100	2	94 6 
 1792	100	2	99 1 
 1793	100	2	86 14 
 1794	100	2	33 67 
 1795	100	2	13 87 
 1796	100	2	8 92 
 1797	100	2	13 87 
 1798	100	2	13 87 
 1799	100	2	100 0 
 1800	100	2	100 0 
 1801	100	2	96 4 
 1802	100	2	95 5 
 1803	100	2	95 5 
 1804	100	2	14 86 
 1805	100	2	98 2 
 1806	100	2	98 2 
 1807	100	2	70 30 
 1808	100	2	96 4 
 1809	100	2	100 0 
 1810	100	2	99 1 
 1811	100	2	100 0 
 1812	100	2	100 0 
 1813	100	2	100 0 
 1814	100	2	94 6 
 1815	100	2	97 3 
 1816	100	2	80 20 
 1817	100	2	99 1 
 1818	100	2	100 0 
 1819	100	2	97 3 
 1820	100	2	95 5 
 1821	100	2	100 0 
 1822	100	2	99 1 
 1823	100	2	100 0 
 1824	100	2	99 1 
 1825	100	2	99 1 
 1826	100	2	93 7 
 1827	100	2	99 1 
 1828	100	2	75 25 
 1829	100	2	96 4 
 1830	100	2	72 28 
 1831	100	2	99 1 
 1832	100	2	99 1 
 1833	100	2	100 0 
 1834	100	2	51 49 
 1835	100	2	34 66 
 1836	100	2	99 1 
 1837	100	2	99 1 
 1838	100	2	93 7 
 1839	100	2	94 6 
 1840	100	2	99 1 
 1841	100	2	94 6 
 1842	100	2	99 1 
 1843	100	2	99 1 
 1844	100	2	86 14 
 1845	100	2	86 14 
 1846	100	2	88 12 
 1847	100	2	100 0 
 1848	100	2	99 1 
 1849	100	2	97 3 
 1850	100	2	99 1 
 1851	100	2	99 1 
 1852	100	2	100 0 
 1853	100	2	97 3 
 1854	100	2	99 1 
 1855	100	2	50 50 
 1856	100	2	97 3 
 1857	100	2	46 54 
 1858	100	2	99 1 
 1859	100	2	96 4 
 1860	100	2	100 0 
 1861	100	2	99 1 
 1862	100	2	99 1 
 1863	100	2	99 1 
 1864	100	2	7 93 
 1865	100	2	100 0 
 1866	100	2	94 6 
 1867	100	2	99 1 
 1868	100	2	96 4 
 1869	100	2	62 38 
 1870	100	2	98 2 
 1871	100	2	41 59 
 1872	100	2	38 62 
 1873	100	2	96 4 
 1874	100	2	99 1 
 1875	100	2	99 1 
 1876	100	2	62 38 
 1877	100	2	91 9 
 1878	100	2	98 2 
 1879	100	2	25 75 
 1880	100	2	99 1 
 1881	100	2	97 3 
 1882	100	2	76 24 
 1883	100	2	97 3 
 1884	100	2	97 3 
 1885	100	2	99 1 
 1886	100	2	98 2 
 1887	100	2	100 0 
 1888	100	2	97 3 
 1889	100	2	98 2 
 1890	100	2	97 3 
 1891	100	2	94 6 
 1892	100	2	100 0 
 1893	100	2	49 51 
 1894	100	2	99 1 
 1895	100	2	78 22 
 1896	100	2	98 2 
 1897	100	2	98 2 
 1898	100	2	98 2 
 1899	100	2	98 2 
 1900	100	2	97 3 
 1901	100	2	98 2 
 1902	100	2	5 95 
 1903	100	2	95 5 
 1904	100	2	95 5 
 1905	100	2	99 1 
 1906	100	2	99 1 
 1907	100	2	99 1 
 1908	100	2	77 23 
 1909	100	2	99 1 
 1910	100	2	77 23 
 1911	100	2	99 1 
 1912	100	2	100 0 
 1913	100	2	43 57 
 1914	100	2	99 1 
 1915	100	2	93 7 
 1916	100	2	98 2 
 1917	100	2	99 1 
 1918	100	2	98 2 
 1919	100	2	64 36 
 1920	100	2	90 10 
 1921	100	2	25 75 
 1922	100	2	99 1 
 1923	100	2	99 1 
 1924	100	2	97 3 
 1925	100	2	90 10 
 1926	100	2	97 3 
 1927	100	2	100 0 
 1928	100	2	64 36 
 1929	100	2	64 36 
 1930	100	2	44 56 
 1931	100	2	100 0 
 1932	100	2	100 0 
 1933	100	2	100 0 
 1934	100	2	95 5 
 1935	100	2	99 1 
 1936	100	2	99 1 
 1937	100	2	100 0 
 1938	100	2	99 1 
 1939	100	2	99 1 
 1940	100	2	100 0 
 1941	100	2	82 18 
 1942	100	2	84 16 
 1943	100	2	42 58 
 1944	100	2	98 2 
 1945	100	2	48 52 
 1946	100	2	48 52 
 1947	100	2	99 1 
 1948	100	2	20 80 
 1949	100	2	99 1 
 1950	100	2	98 2 
 1951	100	2	99 1 
 1952	100	2	28 72 
 1953	100	2	95 5 
 1954	100	2	94 6 
 1955	100	2	96 4 
 1956	100	2	100 0 
 1957	100	2	95 5 
 1958	100	2	98 2 
 1959	100	2	100 0 
 1960	100	2	99 1 
 1961	100	2	99 1 
 1962	100	2	99 1 
 1963	100	2	99 1 
 1964	100	2	96 4 
 1965	100	2	99 1 
 1966	100	2	87 13 
 1967	100	2	77 23 
 1968	100	2	23 77 
 1969	100	2	23 77 
 1970	100	2	99 1 
 1971	100	2	96 4 
 1972	100	2	76 24 
 1973	100	2	99 1 
 1974	100	2	98 2 
 1975	100	2	94 6 
 1976	100	2	99 1 
 1977	100	2	97 3 
 1978	100	2	96 4 
 1979	100	2	99 1 
 1980	100	2	99 1 
 1981	100	2	99 1 
 1982	100	2	99 1 
 1983	100	2	99 1 
 1984	100	2	100 0 
 1985	100	2	99 1 
 1986	100	2	100 0 
 1987	100	2	99 1 
 1988	100	2	99 1 
 1989	100	2	99 1 
 1990	100	2	99 1 
 1991	100	2	96 4 
 1992	100	2	99 1 
 1993	100	2	92 8 
 1994	100	2	92 8 
 1995	100	2	92 8 
 1996	100	2	98 2 
 1997	100	2	99 1 
 1998	100	2	96 4 
 1999	100	2	100 0 
 2000	100	2	4 96 
 2001	100	2	95 5 
 2002	100	2	98 2 
 2003	100	2	94 6 
 2004	100	2	96 4 
 2005	100	2	98 2 
 2006	100	2	99 1 
 2007	100	2	99 1 
 2008	100	2	100 0 
 2009	100	2	100 0 
 2010	100	2	99 1 
 2011	100	2	41 59 
 2012	100	2	99 1 
 2013	100	2	58 42 
 2014	100	2	62 38 
 2015	100	2	99 1 
 2016	100	2	38 62 
 2017	100	2	58 42 
 2018	100	2	87 13 
 2019	100	2	98 2 
 2020	100	2	99 1 
 2021	100	2	89 11 
 2022	100	2	97 3 
 2023	100	2	96 4 
 2024	100	2	21 79 
 2025	100	2	82 18 
 2026	100	2	99 1 
 2027	100	2	86 14 
 2028	100	2	86 14 
 2029	100	2	92 8 
 2030	100	2	82 18 
 2031	100	2	23 77 
 2032	100	2	99 1 
 2033	100	2	99 1 
 2034	100	2	99 1 
 2035	100	2	99 1 
 2036	100	2	95 5 
 2037	100	2	49 51 
 2038	100	2	99 1 
 2039	100	2	82 18 
 2040	100	2	96 4 
 2041	100	2	96 4 
 2042	100	2	64 36 
 2043	100	2	82 18 
 2044	100	2	90 10 
 2045	100	2	99 1 
 2046	100	2	96 4 
 2047	100	2	100 0 
 2048	100	2	64 36 
 2049	100	2	99 1 
 2050	100	2	98 2 
 2051	100	2	97 3 
 2052	100	2	26 74 
 2053	100	2	99 1 
 2054	100	2	98 2 
 2055	100	2	100 0 
 2056	100	2	94 6 
 2057	100	2	94 6 
 2058	100	2	96 4 
 2059	100	2	99 1 
 2060	100	2	97 3 
 2061	100	2	100 0 
 2062	100	2	96 4 
 2063	100	2	96 4 
 2064	100	2	96 4 
 2065	100	2	96 4 
 2066	100	2	88 12 
 2067	100	2	99 1 
 2068	100	2	97 3 
 2069	100	2	98 2 
 2070	100	2	99 1 
 2071	100	2	99 1 
 2072	100	2	97 3 
 2073	100	2	97 3 
 2074	100	2	97 3 
 2075	100	2	97 3 
 2076	100	2	97 3 
 2077	100	2	99 1 
 2078	100	2	99 1 
 2079	100	2	37 63 
 2080	100	2	97 3 
 2081	100	2	100 0 
 2082	100	2	99 1 
 2083	100	2	92 8 
 2084	100	2	96 4 
 2085	100	2	91 9 
 2086	100	2	100 0 
 2087	100	2	100 0 
 2088	100	2	91 9 
 2089	100	2	93 7 
 2090	100	2	100 0 
 2091	100	2	99 1 
 2092	100	2	95 5 
 2093	100	2	64 36 
 2094	100	2	99 1 
 2095	100	2	98 2 
 2096	100	2	67 33 
 2097	100	2	99 1 
 2098	100	2	99 1 
 2099	100	2	59 41 
 2100	100	2	46 54 
 2101	100	2	99 1 
 2102	100	2	97 3 
 2103	100	2	39 61 
 2104	100	2	99 1 
 2105	100	2	99 1 
 2106	100	2	39 61 
 2107	100	2	97 3 
 2108	100	2	36 64 
 2109	100	2	99 1 
 2110	100	2	61 39 
 2111	100	2	99 1 
 2112	100	2	93 7 
 2113	100	2	100 0 
 2114	100	2	100 0 
 2115	100	2	98 2 
 2116	100	2	100 0 
 2117	100	2	100 0 
 2118	100	2	100 0 
 2119	100	2	100 0 
 2120	100	2	98 2 
 2121	100	2	98 2 
 2122	100	2	98 2 
 2123	100	2	100 0 
 2124	100	2	43 57 
 2125	100	2	38 62 
 2126	100	2	96 4 
 2127	100	2	63 37 
 2128	100	2	95 5 
 2129	100	2	74 26 
 2130	100	2	88 12 
 2131	100	2	74 26 
 2132	100	2	88 12 
 2133	100	2	93 7 
 2134	100	2	95 5 
 2135	100	2	100 0 
 2136	100	2	99 1 
 2137	100	2	99 1 
 2138	100	2	98 2 
 2139	100	2	99 1 
 2140	100	2	100 0 
 2141	100	2	99 1 
 2142	100	2	98 2 
 2143	100	2	99 1 
 2144	100	2	99 1 
 2145	100	2	98 2 
 2146	100	2	98 2 
 2147	100	2	99 1 
 2148	100	2	22 78 
 2149	100	2	93 7 
 2150	100	2	98 2 
 2151	100	2	98 2 
 2152	100	2	55 45 
 2153	100	2	46 54 
 2154	100	2	99 1 
 2155	100	2	100 0 
 2156	100	2	99 1 
 2157	100	2	95 5 
 2158	100	2	97 3 
 2159	100	2	47 53 
 2160	100	2	98 2 
 2161	100	2	77 23 
 2162	100	2	99 1 
 2163	100	2	59 41 
 2164	100	2	100 0 
 2165	100	2	98 2 
 2166	100	2	98 2 
 2167	100	2	99 1 
 2168	100	2	17 83 
 2169	100	2	17 83 
 2170	100	2	17 83 
 2171	100	2	98 2 
 2172	100	2	17 83 
 2173	100	2	61 39 
 2174	100	2	99 1 
 2175	100	2	99 1 
 2176	100	2	61 39 
 2177	100	2	99 1 
 2178	100	2	99 1 
 2179	100	2	98 2 
 2180	100	2	99 1 
 2181	100	2	94 6 
 2182	100	2	98 2 
 2183	100	2	99 1 
 2184	100	2	92 8 
 2185	100	2	91 9 
 2186	100	2	95 5 
 2187	100	2	27 73 
 2188	100	2	99 1 
 2189	100	2	96 4 
 2190	100	2	97 3 
 2191	100	2	99 1 
 2192	100	2	98 2 
 2193	100	2	93 7 
 2194	100	2	94 6 
 2195	100	2	98 2 
 2196	100	2	99 1 
 2197	100	2	26 74 
 2198	100	2	92 8 
 2199	100	2	99 1 
 2200	100	2	96 4 
 2201	100	2	99 1 
 2202	100	2	100 0 
 2203	100	2	98 2 
 2204	100	2	99 1 
 2205	100	2	92 8 
 2206	100	2	92 8 
 2207	100	2	78 22 
 2208	100	2	99 1 
 2209	100	2	55 45 
 2210	100	2	79 21 
 2211	100	2	99 1 
 2212	100	2	95 5 
 2213	100	2	99 1 
 2214	100	2	61 39 
 2215	100	2	94 6 
 2216	100	2	95 5 
 2217	100	2	95 5 
 2218	100	2	17 83 
 2219	100	2	100 0 
 2220	100	2	99 1 
 2221	100	2	98 2 
 2222	100	2	99 1 
 2223	100	2	98 2 
 2224	100	2	100 0 
 2225	100	2	89 11 
 2226	100	2	97 3 
 2227	100	2	100 0 
 2228	100	2	100 0 
 2229	100	2	99 1 
 2230	100	2	98 2 
 2231	100	2	98 2 
 2232	100	2	10 90 
 2233	100	2	99 1 
 2234	100	2	97 3 
 2235	100	2	99 1 
 2236	100	2	87 13 
 2237	100	2	97 3 
 2238	100	2	72 28 
 2239	100	2	96 4 
 2240	100	2	97 3 
 2241	100	2	99 1 
 2242	100	2	99 1 
 2243	100	2	93 7 
 2244	100	2	97 3 
 2245	100	2	93 7 
 2246	100	2	98 2 
 2247	100	2	100 0 
 2248	100	2	99 1 
 2249	100	2	43 57 
 2250	100	2	99 1 
 2251	100	2	97 3 
 2252	100	2	99 1 
 2253	100	2	99 1 
 2254	100	2	87 13 
 2255	100	2	98 2 
 2256	100	2	99 1 
 2257	100	2	99 1 
 2258	100	2	98 2 
 2259	100	2	99 1 
 2260	100	2	98 2 
 2261	100	2	96 4 
 2262	100	2	98 2 
 2263	100	2	92 8 
 2264	100	2	99 1 
 2265	100	2	99 1 
 2266	100	2	90 10 
 2267	100	2	99 1 
 2268	100	2	97 3 
 2269	100	2	99 1 
 2270	100	2	97 3 
 2271	100	2	98 2 
 2272	100	2	92 8 
 2273	100	2	90 10 
 2274	100	2	90 10 
 2275	100	2	84 16 
 2276	100	2	98 2 
 2277	100	2	90 10 
 2278	100	2	68 32 
 2279	100	2	98 2 
 2280	100	2	99 1 
 2281	100	2	61 39 
 2282	100	2	100 0 
 2283	100	2	96 4 
 2284	100	2	100 0 
 2285	100	2	61 39 
 2286	100	2	97 3 
 2287	100	2	93 7 
 2288	100	2	100 0 
 2289	100	2	100 0 
 2290	100	2	99 1 
 2291	100	2	93 7 
 2292	100	2	99 1 
 2293	100	2	99 1 
 2294	100	2	87 13 
 2295	100	2	87 13 
 2296	100	2	100 0 
 2297	100	2	87 13 
 2298	100	2	98 2 
 2299	100	2	87 13 
 2300	100	2	95 5 
 2301	100	2	100 0 
 2302	100	2	100 0 
 2303	100	2	98 2 
 2304	100	2	97 3 
 2305	100	2	97 3 
 2306	100	2	99 1 
 2307	100	2	58 42 
 2308	100	2	99 1 
 2309	100	2	99 1 
 2310	100	2	99 1 
 2311	100	2	100 0 
 2312	100	2	99 1 
 2313	100	2	99 1 
 2314	100	2	66 34 
 2315	100	2	99 1 
 2316	100	2	92 8 
 2317	100	2	95 5 
 2318	100	2	96 4 
 2319	100	2	95 5 
 2320	100	2	99 1 
 2321	100	2	95 5 
 2322	100	2	76 24 
 2323	100	2	98 2 
 2324	100	2	100 0 
 2325	100	2	52 48 
 2326	100	2	100 0 
 2327	100	2	25 75 
 2328	100	2	98 2 
 2329	100	2	98 2 
 2330	100	2	93 7 
 2331	100	2	92 8 
 2332	100	2	74 26 
 2333	100	2	19 81 
 2334	100	2	99 1 
 2335	100	2	100 0 
 2336	100	2	5 95 
 2337	100	2	99 1 
 2338	100	2	98 2 
 2339	100	2	99 1 
 2340	100	2	98 2 
 2341	100	2	99 1 
 2342	100	2	100 0 
 2343	100	2	99 1 
 2344	100	2	99 1 
 2345	100	2	96 4 
 2346	100	2	98 2 
 2347	100	2	98 2 
 2348	100	2	95 5 
 2349	100	2	93 7 
 2350	100	2	98 2 
 2351	100	2	99 1 
 2352	100	2	98 2 
 2353	100	2	99 1 
 2354	100	2	98 2 
 2355	100	2	99 1 
 2356	100	2	98 2 
 2357	100	2	93 7 
 2358	100	2	100 0 
 2359	100	2	100 0 
 2360	100	2	100 0 
 2361	100	2	7 93 
 2362	100	2	99 1 
 2363	100	2	93 7 
 2364	100	2	78 22 
 2365	100	2	70 30 
 2366	100	2	99 1 
 2367	100	2	99 1 
 2368	100	2	100 0 
 2369	100	2	95 5 
 2370	100	2	99 1 
 2371	100	2	99 1 
 2372	100	2	99 1 
 2373	100	2	99 1 
 2374	100	2	99 1 
 2375	100	2	99 1 
 2376	100	2	99 1 
 2377	100	2	99 1 
 2378	100	2	99 1 
 2379	100	2	99 1 
 2380	100	2	99 1 
 2381	100	2	99 1 
 2382	100	2	97 3 
 2383	100	2	9 91 
 2384	100	2	99 1 
 2385	100	2	98 2 
 2386	100	2	100 0 
 2387	100	2	100 0 
 2388	100	2	100 0 
 2389	100	2	95 5 
 2390	100	2	88 12 
 2391	100	2	97 3 
 2392	100	2	80 20 
 2393	100	2	90 10 
 2394	100	2	99 1 
 2395	100	2	97 3 
 2396	100	2	89 11 
 2397	100	2	97 3 
 2398	100	2	99 1 
 2399	100	2	89 11 
 2400	100	2	92 8 
 2401	100	2	87 13 
 2402	100	2	99 1 
 2403	100	2	23 77 
 2404	100	2	99 1 
 2405	100	2	99 1 
 2406	100	2	95 5 
 2407	100	2	99 1 
 2408	100	2	90 10 
 2409	100	2	99 1 
 2410	100	2	100 0 
 2411	100	2	99 1 
 2412	100	2	97 3 
 2413	100	2	69 31 
 2414	100	2	69 31 
 2415	100	2	96 4 
 2416	100	2	99 1 
 2417	100	2	100 0 
 2418	100	2	6 94 
 2419	100	2	100 0 
 2420	100	2	99 1 
 2421	100	2	6 94 
 2422	100	2	100 0 
 2423	100	2	95 5 
 2424	100	2	96 4 
 2425	100	2	96 4 
 2426	100	2	97 3 
 2427	100	2	98 2 
 2428	100	2	78 22 
 2429	100	2	97 3 
 2430	100	2	97 3 
 2431	100	2	78 22 
 2432	100	2	99 1 
 2433	100	2	22 78 
 2434	100	2	90 10 
 2435	100	2	98 2 
 2436	100	2	99 1 
 2437	100	2	97 3 
 2438	100	2	28 72 
 2439	100	2	99 1 
 2440	100	2	87 13 
 2441	100	2	24 76 
 2442	100	2	91 9 
 2443	100	2	96 4 
 2444	100	2	99 1 
 2445	100	2	99 1 
 2446	100	2	99 1 
 2447	100	2	99 1 
 2448	100	2	97 3 
 2449	100	2	99 1 
 2450	100	2	78 22 
 2451	100	2	100 0 
 2452	100	2	100 0 
 2453	100	2	100 0 
 2454	100	2	100 0 
 2455	100	2	98 2 
 2456	100	2	98 2 
 2457	100	2	99 1 
 2458	100	2	97 3 
 2459	100	2	15 85 
 2460	100	2	53 47 
 2461	100	2	53 47 
 2462	100	2	68 32 
 2463	100	2	15 85 
 2464	100	2	53 47 
 2465	100	2	85 15 
 2466	100	2	71 29 
 2467	100	2	99 1 
 2468	100	2	85 15 
 2469	100	2	99 1 
 2470	100	2	99 1 
 2471	100	2	99 1 
 2472	100	2	76 24 
 2473	100	2	85 15 
 2474	100	2	93 7 
 2475	100	2	21 79 
 2476	100	2	85 15 
 2477	100	2	85 15 
 2478	100	2	100 0 
 2479	100	2	97 3 
 2480	100	2	100 0 
 2481	100	2	93 7 
 2482	100	2	100 0 
 2483	100	2	99 1 
 2484	100	2	60 40 
 2485	100	2	68 32 
 2486	100	2	99 1 
 2487	100	2	92 8 
 2488	100	2	92 8 
 2489	100	2	92 8 
 2490	100	2	99 1 
 2491	100	2	92 8 
 2492	100	2	99 1 
 2493	100	2	97 3 
 2494	100	2	97 3 
 2495	100	2	99 1 
 2496	100	2	99 1 
 2497	100	2	99 1 
 2498	100	2	58 42 
 2499	100	2	84 16 
 2500	100	2	97 3 
 2501	100	2	98 2 
 2502	100	2	95 5 
 2503	100	2	95 5 
 2504	100	2	98 2 
 2505	100	2	89 11 
 2506	100	2	100 0 
 2507	100	2	88 12 
 2508	100	2	99 1 
 2509	100	2	97 3 
 2510	100	2	98 2 
 2511	100	2	82 18 
 2512	100	2	97 3 
 2513	100	2	59 41 
 2514	100	2	98 2 
 2515	100	2	99 1 
 2516	100	2	98 2 
 2517	100	2	98 2 
 2518	100	2	99 1 
 2519	100	2	99 1 
 2520	100	2	98 2 
 2521	100	2	99 1 
 2522	100	2	99 1 
 2523	100	2	97 3 
 2524	100	2	98 2 
 2525	100	2	99 1 
 2526	100	2	100 0 
 2527	100	2	100 0 
 2528	100	2	91 9 
 2529	100	2	97 3 
 2530	100	2	87 13 
 2531	100	2	95 5 
 2532	100	2	68 32 
 2533	100	2	83 17 
 2534	100	2	68 32 
 2535	100	2	68 32 
 2536	100	2	97 3 
 2537	100	2	98 2 
 2538	100	2	96 4 
 2539	100	2	99 1 
 2540	100	2	99 1 
 2541	100	2	99 1 
 2542	100	2	97 3 
 2543	100	2	99 1 
 2544	100	2	99 1 
 2545	100	2	99 1 
 2546	100	2	99 1 
 2547	100	2	99 1 
 2548	100	2	99 1 
 2549	100	2	99 1 
 2550	100	2	99 1 
 2551	100	2	90 10 
 2552	100	2	98 2 
 2553	100	2	98 2 
 2554	100	2	99 1 
 2555	100	2	98 2 
 2556	100	2	97 3 
 2557	100	2	99 1 
 2558	100	2	89 11 
 2559	100	2	85 15 
 2560	100	2	99 1 
 2561	100	2	23 77 
 2562	100	2	19 81 
 2563	100	2	8 92 
 2564	100	2	95 5 
 2565	100	2	99 1 
 2566	100	2	98 2 
 2567	100	2	75 25 
 2568	100	2	95 5 
 2569	100	2	100 0 
 2570	100	2	100 0 
 2571	100	2	99 1 
 2572	100	2	92 8 
 2573	100	2	93 7 
 2574	100	2	100 0 
 2575	100	2	100 0 
 2576	100	2	99 1 
 2577	100	2	100 0 
 2578	100	2	95 5 
 2579	100	2	100 0 
 2580	100	2	100 0 
 2581	100	2	100 0 
 2582	100	2	98 2 
 2583	100	2	99 1 
 2584	100	2	97 3 
 2585	100	2	97 3 
 2586	100	2	97 3 
 2587	100	2	99 1 
 2588	100	2	91 9 
 2589	100	2	77 23 
 2590	100	2	99 1 
 2591	100	2	76 24 
 2592	100	2	76 24 
 2593	100	2	97 3 
 2594	100	2	97 3 
 2595	100	2	99 1 
 2596	100	2	80 20 
 2597	100	2	100 0 
 2598	100	2	91 9 
 2599	100	2	91 9 
 2600	100	2	97 3 
 2601	100	2	97 3 
 2602	100	2	98 2 
 2603	100	2	99 1 
 2604	100	2	98 2 
 2605	100	2	96 4 
 2606	100	2	96 4 
 2607	100	2	96 4 
 2608	100	2	99 1 
 2609	100	2	84 16 
 2610	100	2	96 4 
 2611	100	2	98 2 
 2612	100	2	91 9 
 2613	100	2	91 9 
 2614	100	2	94 6 
 2615	100	2	99 1 
 2616	100	2	98 2 
 2617	100	2	72 28 
 2618	100	2	91 9 
 2619	100	2	100 0 
 2620	100	2	99 1 
 2621	100	2	99 1 
 2622	100	2	96 4 
 2623	100	2	99 1 
 2624	100	2	96 4 
 2625	100	2	99 1 
 2626	100	2	92 8 
 2627	100	2	92 8 
 2628	100	2	99 1 
 2629	100	2	92 8 
 2630	100	2	92 8 
 2631	100	2	92 8 
 2632	100	2	89 11 
 2633	100	2	19 81 
 2634	100	2	100 0 
 2635	100	2	100 0 
 2636	100	2	100 0 
 2637	100	2	1 99 
 2638	100	2	87 13 
 2639	100	2	100 0 
 2640	100	2	100 0 
 2641	100	2	97 3 
 2642	100	2	100 0 
 2643	100	2	99 1 
 2644	100	2	98 2 
 2645	100	2	99 1 
 2646	100	2	98 2 
 2647	100	2	97 3 
 2648	100	2	100 0 
 2649	100	2	100 0 
 2650	100	2	99 1 
 2651	100	2	99 1 
 2652	100	2	97 3 
 2653	100	2	99 1 
 2654	100	2	100 0 
 2655	100	2	97 3 
 2656	100	2	100 0 
 2657	100	2	97 3 
 2658	100	2	98 2 
 2659	100	2	99 1 
 2660	100	2	97 3 
 2661	100	2	99 1 
 2662	100	2	100 0 
 2663	100	2	82 18 
 2664	100	2	89 11 
 2665	100	2	82 18 
 2666	100	2	99 1 
 2667	100	2	82 18 
 2668	100	2	82 18 
 2669	100	2	98 2 
 2670	100	2	100 0 
 2671	100	2	97 3 
 2672	100	2	97 3 
 2673	100	2	99 1 
 2674	100	2	99 1 
 2675	100	2	99 1 
 2676	100	2	99 1 
 2677	100	2	99 1 
 2678	100	2	99 1 
 2679	100	2	99 1 
 2680	100	2	99 1 
 2681	100	2	100 0 
 2682	100	2	99 1 
 2683	100	2	100 0 
 2684	100	2	99 1 
 2685	100	2	99 1 
 2686	100	2	97 3 
 2687	100	2	4 96 
 2688	100	2	99 1 
 2689	100	2	95 5 
 2690	100	2	98 2 
 2691	100	2	96 4 
 2692	100	2	99 1 
 2693	100	2	95 5 
 2694	100	2	99 1 
 2695	100	2	100 0 
 2696	100	2	100 0 
 2697	100	2	96 4 
 2698	100	2	100 0 
 2699	100	2	100 0 
 2700	100	2	99 1 
 2701	100	2	95 5 
 2702	100	2	96 4 
 2703	100	2	97 3 
 2704	100	2	100 0 
 2705	100	2	99 1 
 2706	100	2	98 2 
 2707	100	2	98 2 
 2708	100	2	94 6 
 2709	100	2	95 5 
 2710	100	2	98 2 
 2711	100	2	99 1 
 2712	100	2	85 15 
 2713	100	2	85 15 
 2714	100	2	98 2 
 2715	100	2	98 2 
 2716	100	2	98 2 
 2717	100	2	85 15 
 2718	100	2	98 2 
 2719	100	2	96 4 
 2720	100	2	99 1 
 2721	100	2	95 5 
 2722	100	2	92 8 
 2723	100	2	96 4 
 2724	100	2	99 1 
 2725	100	2	91 9 
 2726	100	2	52 48 
 2727	100	2	99 1 
 2728	100	2	57 43 
 2729	100	2	58 42 
 2730	100	2	98 2 
 2731	100	2	99 1 
 2732	100	2	95 5 
 2733	100	2	99 1 
 2734	100	2	24 76 
 2735	100	2	98 2 
 2736	100	2	98 2 
 2737	100	2	52 48 
 2738	100	2	99 1 
 2739	100	2	99 1 
 2740	100	2	99 1 
 2741	100	2	49 51 
 2742	100	2	44 56 
 2743	100	2	93 7 
 2744	100	2	98 2 
 2745	100	2	98 2 
 2746	100	2	99 1 
 2747	100	2	99 1 
 2748	100	2	27 73 
 2749	100	2	83 17 
 2750	100	2	100 0 
 2751	100	2	97 3 
 2752	100	2	99 1 
 2753	100	2	99 1 
 2754	100	2	99 1 
 2755	100	2	83 17 
 2756	100	2	92 8 
 2757	100	2	99 1 
 2758	100	2	99 1 
 2759	100	2	99 1 
 2760	100	2	93 7 
 2761	100	2	100 0 
 2762	100	2	89 11 
 2763	100	2	100 0 
 2764	100	2	93 7 
 2765	100	2	93 7 
 2766	100	2	97 3 
 2767	100	2	93 7 
 2768	100	2	93 7 
 2769	100	2	92 8 
 2770	100	2	98 2 
 2771	100	2	19 81 
 2772	100	2	81 19 
 2773	100	2	87 13 
 2774	100	2	98 2 
 2775	100	2	93 7 
 2776	100	2	14 86 
 2777	100	2	43 57 
 2778	100	2	57 43 
 2779	100	2	98 2 
 2780	100	2	98 2 
 2781	100	2	98 2 
 2782	100	2	99 1 
 2783	100	2	15 85 
 2784	100	2	99 1 
 2785	100	2	97 3 
 2786	100	2	50 50 
 2787	100	2	65 35 
 2788	100	2	98 2 
 2789	100	2	99 1 
 2790	100	2	98 2 
 2791	100	2	98 2 
 2792	100	2	98 2 
 2793	100	2	84 16 
 2794	100	2	98 2 
 2795	100	2	53 47 
 2796	100	2	70 30 
 2797	100	2	99 1 
 2798	100	2	70 30 
 2799	100	2	99 1 
 2800	100	2	98 2 
 2801	100	2	99 1 
 2802	100	2	83 17 
 2803	100	2	98 2 
 2804	100	2	26 74 
 2805	100	2	26 74 
 2806	100	2	97 3 
 2807	100	2	98 2 
 2808	100	2	99 1 
 2809	100	2	98 2 
 2810	100	2	92 8 
 2811	100	2	99 1 
 2812	100	2	100 0 
 2813	100	2	99 1 
 2814	100	2	93 7 
 2815	100	2	81 19 
 2816	100	2	94 6 
 2817	100	2	6 94 
 2818	100	2	98 2 
 2819	100	2	96 4 
 2820	100	2	98 2 
 2821	100	2	48 52 
 2822	100	2	98 2 
 2823	100	2	99 1 
 2824	100	2	100 0 
 2825	100	2	100 0 
 2826	100	2	91 9 
 2827	100	2	99 1 
 2828	100	2	99 1 
 2829	100	2	97 3 
 2830	100	2	95 5 
 2831	100	2	97 3 
 2832	100	2	95 5 
 2833	100	2	94 6 
 2834	100	2	95 5 
 2835	100	2	99 1 
 2836	100	2	97 3 
 2837	100	2	99 1 
 2838	100	2	64 36 
 2839	100	2	91 9 
 2840	100	2	98 2 
 2841	100	2	95 5 
 2842	100	2	100 0 
 2843	100	2	99 1 
 2844	100	2	96 4 
 2845	100	2	98 2 
 2846	100	2	99 1 
 2847	100	2	98 2 
 2848	100	2	96 4 
 2849	100	2	98 2 
 2850	100	2	99 1 
 2851	100	2	90 10 
 2852	100	2	98 2 
 2853	100	2	96 4 
 2854	100	2	98 2 
 2855	100	2	100 0 
 2856	100	2	98 2 
 2857	100	2	95 5 
 2858	100	2	96 4 
 2859	100	2	91 9 
 2860	100	2	77 23 
 2861	100	2	83 17 
 2862	100	2	77 23 
 2863	100	2	100 0 
 2864	100	2	88 12 
 2865	100	2	96 4 
 2866	100	2	98 2 
 2867	100	2	97 3 
 2868	100	2	99 1 
 2869	100	2	27 73 
 2870	100	2	100 0 
 2871	100	2	46 54 
 2872	100	2	98 2 
 2873	100	2	100 0 
 2874	100	2	83 17 
 2875	100	2	100 0 
 2876	100	2	99 1 
 2877	100	2	78 22 
 2878	100	2	99 1 
 2879	100	2	98 2 
 2880	100	2	100 0 
 2881	100	2	96 4 
 2882	100	2	98 2 
 2883	100	2	99 1 
 2884	100	2	98 2 
 2885	100	2	99 1 
 2886	100	2	91 9 
 2887	100	2	100 0 
 2888	100	2	98 2 
 2889	100	2	100 0 
 2890	100	2	100 0 
 2891	100	2	80 20 
 2892	100	2	5 95 
 2893	100	2	97 3 
 2894	100	2	97 3 
 2895	100	2	94 6 
 2896	100	2	99 1 
 2897	100	2	99 1 
 2898	100	2	96 4 
 2899	100	2	99 1 
 2900	100	2	96 4 
 2901	100	2	99 1 
 2902	100	2	96 4 
 2903	100	2	64 36 
 2904	100	2	100 0 
 2905	100	2	100 0 
 2906	100	2	96 4 
 2907	100	2	22 78 
 2908	100	2	23 77 
 2909	100	2	98 2 
 2910	100	2	89 11 
 2911	100	2	89 11 
 2912	100	2	98 2 
 2913	100	2	98 2 
 2914	100	2	99 1 
 2915	100	2	90 10 
 2916	100	2	99 1 
 2917	100	2	99 1 
 2918	100	2	99 1 
 2919	100	2	100 0 
 2920	100	2	100 0 
 2921	100	2	100 0 
 2922	100	2	100 0 
 2923	100	2	100 0 
 2924	100	2	18 82 
 2925	100	2	80 20 
 2926	100	2	99 1 
 2927	100	2	99 1 
 2928	100	2	87 13 
 2929	100	2	87 13 
 2930	100	2	9 91 
 2931	100	2	92 8 
 2932	100	2	100 0 
 2933	100	2	82 18 
 2934	100	2	100 0 
 2935	100	2	79 21 
 2936	100	2	100 0 
 2937	100	2	94 6 
 2938	100	2	94 6 
 2939	100	2	97 3 
 2940	100	2	100 0 
 2941	100	2	100 0 
 2942	100	2	99 1 
 2943	100	2	97 3 
 2944	100	2	97 3 
 2945	100	2	99 1 
 2946	100	2	77 23 
 2947	100	2	42 58 
 2948	100	2	100 0 
 2949	100	2	38 62 
 2950	100	2	98 2 
 2951	100	2	100 0 
 2952	100	2	99 1 
 2953	100	2	80 20 
 2954	100	2	99 1 
 2955	100	2	100 0 
 2956	100	2	100 0 
 2957	100	2	100 0 
 2958	100	2	98 2 
 2959	100	2	67 33 
 2960	100	2	98 2 
 2961	100	2	67 33 
 2962	100	2	98 2 
 2963	100	2	99 1 
 2964	100	2	95 5 
 2965	100	2	99 1 
 2966	100	2	99 1 
 2967	100	2	93 7 
 2968	100	2	97 3 
 2969	100	2	98 2 
 2970	100	2	97 3 
 2971	100	2	84 16 
 2972	100	2	99 1 
 2973	100	2	98 2 
 2974	100	2	98 2 
 2975	100	2	99 1 
 2976	100	2	90 10 
 2977	100	2	95 5 
 2978	100	2	100 0 
 2979	100	2	74 26 
 2980	100	2	74 26 
 2981	100	2	74 26 
 2982	100	2	99 1 
 2983	100	2	96 4 
 2984	100	2	95 5 
 2985	100	2	99 1 
 2986	100	2	99 1 
 2987	100	2	88 12 
 2988	100	2	98 2 
 2989	100	2	100 0 
 2990	100	2	98 2 
 2991	100	2	97 3 
 2992	100	2	96 4 
 2993	100	2	97 3 
 2994	100	2	97 3 
 2995	100	2	100 0 
 2996	100	2	95 5 
 2997	100	2	100 0 
 2998	100	2	93 7 
 2999	100	2	98 2 
 3000	100	2	44 56 
 3001	100	2	89 11 
 3002	100	2	89 11 
 3003	100	2	98 2 
 3004	100	2	50 50 
 3005	100	2	46 54 
 3006	100	2	50 50 
 3007	100	2	50 50 
 3008	100	2	46 54 
 3009	100	2	91 9 
 3010	100	2	95 5 
 3011	100	2	95 5 
 3012	100	2	95 5 
 3013	100	2	99 1 
 3014	100	2	95 5 
 3015	100	2	95 5 
 3016	100	2	95 5 
 3017	100	2	99 1 
 3018	100	2	94 6 
 3019	100	2	99 1 
 3020	100	2	98 2 
 3021	100	2	1 99 
 3022	100	2	99 1 
 3023	100	2	99 1 
 3024	100	2	93 7 
 3025	100	2	28 72 
 3026	100	2	94 6 
 3027	100	2	99 1 
 3028	100	2	100 0 
 3029	100	2	46 54 
 3030	100	2	99 1 
 3031	100	2	97 3 
 3032	100	2	99 1 
 3033	100	2	99 1 
 3034	100	2	99 1 
 3035	100	2	19 81 
 3036	100	2	100 0 
 3037	100	2	98 2 
 3038	100	2	90 10 
 3039	100	2	93 7 
 3040	100	2	99 1 
 3041	100	2	94 6 
 3042	100	2	94 6 
 3043	100	2	94 6 
 3044	100	2	94 6 
 3045	100	2	94 6 
 3046	100	2	100 0 
 3047	100	2	94 6 
 3048	100	2	98 2 
 3049	100	2	99 1 
 3050	100	2	99 1 
 3051	100	2	97 3 
 3052	100	2	31 69 
 3053	100	2	95 5 
 3054	100	2	99 1 
 3055	100	2	100 0 
 3056	100	2	96 4 
 3057	100	2	97 3 
 3058	100	2	100 0 
 3059	100	2	95 5 
 3060	100	2	100 0 
 3061	100	2	57 43 
 3062	100	2	20 80 
 3063	100	2	96 4 
 3064	100	2	99 1 
 3065	100	2	82 18 
 3066	100	2	82 18 
 3067	100	2	99 1 
 3068	100	2	84 16 
 3069	100	2	62 38 
 3070	100	2	97 3 
 3071	100	2	95 5 
 3072	100	2	82 18 
 3073	100	2	100 0 
 3074	100	2	94 6 
 3075	100	2	99 1 
 3076	100	2	99 1 
 3077	100	2	99 1 
 3078	100	2	27 73 
 3079	100	2	73 27 
 3080	100	2	86 14 
 3081	100	2	98 2 
 3082	100	2	94 6 
 3083	100	2	91 9 
 3084	100	2	100 0 
 3085	100	2	89 11 
 3086	100	2	95 5 
 3087	100	2	92 8 
 3088	100	2	100 0 
 3089	100	2	99 1 
 3090	100	2	99 1 
 3091	100	2	98 2 
 3092	100	2	100 0 
 3093	100	2	99 1 
 3094	100	2	92 8 
 3095	100	2	99 1 
 3096	100	2	99 1 
 3097	100	2	98 2 
 3098	100	2	100 0 
 3099	100	2	100 0 
 3100	100	2	100 0 
 3101	100	2	100 0 
 3102	100	2	97 3 
 3103	100	2	72 28 
 3104	100	2	99 1 
 3105	100	2	98 2 
 3106	100	2	83 17 
 3107	100	2	100 0 
 3108	100	2	98 2 
 3109	100	2	70 30 
 3110	100	2	39 61 
 3111	100	2	96 4 
 3112	100	2	100 0 
 3113	100	2	92 8 
 3114	100	2	99 1 
 3115	100	2	92 8 
 3116	100	2	93 7 
 3117	100	2	99 1 
 3118	100	2	99 1 
 3119	100	2	100 0 
 3120	100	2	99 1 
 3121	100	2	96 4 
 3122	100	2	99 1 
 3123	100	2	99 1 
 3124	100	2	99 1 
 3125	100	2	99 1 
 3126	100	2	86 14 
 3127	100	2	100 0 
 3128	100	2	30 70 
 3129	100	2	71 29 
 3130	100	2	71 29 
 3131	100	2	99 1 
 3132	100	2	99 1 
 3133	100	2	99 1 
 3134	100	2	72 28 
 3135	100	2	98 2 
 3136	100	2	81 19 
 3137	100	2	38 62 
 3138	100	2	94 6 
 3139	100	2	86 14 
 3140	100	2	90 10 
 3141	100	2	77 23 
 3142	100	2	41 59 
 3143	100	2	93 7 
 3144	100	2	87 13 
 3145	100	2	96 4 
 3146	100	2	97 3 
 3147	100	2	92 8 
 3148	100	2	94 6 
 3149	100	2	73 27 
 3150	100	2	99 1 
 3151	100	2	100 0 
 3152	100	2	58 42 
 3153	100	2	99 1 
 3154	100	2	98 2 
 3155	100	2	99 1 
 3156	100	2	84 16 
 3157	100	2	100 0 
 3158	100	2	97 3 
 3159	100	2	100 0 
 3160	100	2	100 0 
 3161	100	2	91 9 
 3162	100	2	99 1 
 3163	100	2	100 0 
 3164	100	2	99 1 
 3165	100	2	98 2 
 3166	100	2	97 3 
 3167	100	2	98 2 
 3168	100	2	98 2 
 3169	100	2	98 2 
 3170	100	2	98 2 
 3171	100	2	94 6 
 3172	100	2	97 3 
 3173	100	2	84 16 
 3174	100	2	84 16 
 3175	100	2	95 5 
 3176	100	2	4 96 
 3177	100	2	100 0 
 3178	100	2	100 0 
 3179	100	2	98 2 
 3180	100	2	97 3 
 3181	100	2	100 0 
 3182	100	2	99 1 
 3183	100	2	100 0 
 3184	100	2	99 1 
 3185	100	2	99 1 
 3186	100	2	100 0 
 3187	100	2	25 75 
 3188	100	2	96 4 
 3189	100	2	99 1 
 3190	100	2	17 83 
 3191	100	2	95 5 
 3192	100	2	98 2 
 3193	100	2	100 0 
 3194	100	2	97 3 
 3195	100	2	99 1 
 3196	100	2	96 4 
 3197	100	2	100 0 
 3198	100	2	44 56 
 3199	100	2	100 0 
 3200	100	2	98 2 
 3201	100	2	98 2 
 3202	100	2	100 0 
 3203	100	2	99 1 
 3204	100	2	98 2 
 3205	100	2	98 2 
 3206	100	2	99 1 
 3207	100	2	99 1 
 3208	100	2	99 1 
 3209	100	2	96 4 
 3210	100	2	83 17 
 3211	100	2	98 2 
 3212	100	2	97 3 
 3213	100	2	70 30 
 3214	100	2	95 5 
 3215	100	2	95 5 
 3216	100	2	97 3 
 3217	100	2	99 1 
 3218	100	2	99 1 
 3219	100	2	99 1 
 3220	100	2	100 0 
 3221	100	2	100 0 
 3222	100	2	99 1 
 3223	100	2	96 4 
 3224	100	2	98 2 
 3225	100	2	95 5 
 3226	100	2	100 0 
 3227	100	2	99 1 
 3228	100	2	100 0 
 3229	100	2	99 1 
 3230	100	2	99 1 
 3231	100	2	87 13 
 3232	100	2	97 3 
 3233	100	2	99 1 
 3234	100	2	5 95 
 3235	100	2	99 1 
 3236	100	2	79 21 
 3237	100	2	95 5 
 3238	100	2	76 24 
 3239	100	2	98 2 
 3240	100	2	99 1 
 3241	100	2	88 12 
 3242	100	2	98 2 
 3243	100	2	97 3 
 3244	100	2	100 0 
 3245	100	2	61 39 
 3246	100	2	84 16 
 3247	100	2	77 23 
 3248	100	2	84 16 
 3249	100	2	99 1 
 3250	100	2	61 39 
 3251	100	2	77 23 
 3252	100	2	99 1 
 3253	100	2	77 23 
 3254	100	2	99 1 
 3255	100	2	99 1 
 3256	100	2	93 7 
 3257	100	2	99 1 
 3258	100	2	99 1 
 3259	100	2	99 1 
 3260	100	2	96 4 
 3261	100	2	99 1 
 3262	100	2	100 0 
 3263	100	2	100 0 
 3264	100	2	98 2 
 3265	100	2	99 1 
 3266	100	2	99 1 
 3267	100	2	99 1 
 3268	100	2	94 6 
 3269	100	2	99 1 
 3270	100	2	66 34 
 3271	100	2	79 21 
 3272	100	2	67 33 
 3273	100	2	79 21 
 3274	100	2	100 0 
 3275	100	2	96 4 
 3276	100	2	31 69 
 3277	100	2	100 0 
 3278	100	2	99 1 
 3279	100	2	98 2 
 3280	100	2	94 6 
 3281	100	2	99 1 
 3282	100	2	95 5 
 3283	100	2	100 0 
 3284	100	2	98 2 
 3285	100	2	100 0 
 3286	100	2	100 0 
 3287	100	2	99 1 
 3288	100	2	99 1 
 3289	100	2	98 2 
 3290	100	2	100 0 
 3291	100	2	98 2 
 3292	100	2	70 30 
 3293	100	2	100 0 
 3294	100	2	70 30 
 3295	100	2	75 25 
 3296	100	2	100 0 
 3297	100	2	70 30 
 3298	100	2	100 0 
 3299	100	2	100 0 
 3300	100	2	99 1 
 3301	100	2	8 92 
 3302	100	2	8 92 
 3303	100	2	97 3 
 3304	100	2	91 9 
 3305	100	2	96 4 
 3306	100	2	95 5 
 3307	100	2	100 0 
 3308	100	2	77 23 
 3309	100	2	99 1 
 3310	100	2	26 74 
 3311	100	2	99 1 
 3312	100	2	99 1 
 3313	100	2	99 1 
 3314	100	2	99 1 
 3315	100	2	28 72 
 3316	100	2	99 1 
 3317	100	2	100 0 
 3318	100	2	28 72 
 3319	100	2	33 67 
 3320	100	2	97 3 
 3321	100	2	95 5 
 3322	100	2	100 0 
 3323	100	2	93 7 
 3324	100	2	99 1 
 3325	100	2	100 0 
 3326	100	2	75 25 
 3327	100	2	97 3 
 3328	100	2	84 16 
 3329	100	2	99 1 
 3330	100	2	10 90 
 3331	100	2	97 3 
 3332	100	2	100 0 
 3333	100	2	87 13 
 3334	100	2	100 0 
 3335	100	2	98 2 
 3336	100	2	80 20 
 3337	100	2	99 1 
 3338	100	2	20 80 
 3339	100	2	63 37 
 3340	100	2	99 1 
 3341	100	2	76 24 
 3342	100	2	1 99 
 3343	100	2	89 11 
 3344	100	2	96 4 
 3345	100	2	38 62 
 3346	100	2	86 14 
 3347	100	2	91 9 
 3348	100	2	96 4 
 3349	100	2	100 0 
 3350	100	2	100 0 
 3351	100	2	97 3 
 3352	100	2	88 12 
 3353	100	2	98 2 
 3354	100	2	98 2 
 3355	100	2	99 1 
 3356	100	2	98 2 
 3357	100	2	85 15 
 3358	100	2	99 1 
 3359	100	2	99 1 
 3360	100	2	95 5 
 3361	100	2	100 0 
 3362	100	2	95 5 
 3363	100	2	57 43 
 3364	100	2	91 9 
 3365	100	2	83 17 
 3366	100	2	90 10 
 3367	100	2	95 5 
 3368	100	2	99 1 
 3369	100	2	99 1 
 3370	100	2	100 0 
 3371	100	2	93 7 
 3372	100	2	99 1 
 3373	100	2	99 1 
 3374	100	2	98 2 
 3375	100	2	89 11 
 3376	100	2	96 4 
 3377	100	2	85 15 
 3378	100	2	97 3 
 3379	100	2	96 4 
 3380	100	2	81 19 
 3381	100	2	74 26 
 3382	100	2	99 1 
 3383	100	2	100 0 
 3384	100	2	98 2 
 3385	100	2	99 1 
 3386	100	2	3 97 
 3387	100	2	80 20 
 3388	100	2	94 6 
 3389	100	2	75 25 
 3390	100	2	100 0 
 3391	100	2	89 11 
 3392	100	2	87 13 
 3393	100	2	100 0 
 3394	100	2	99 1 
 3395	100	2	98 2 
 3396	100	2	3 97 
 3397	100	2	99 1 
 3398	100	2	98 2 
 3399	100	2	94 6 
 3400	100	2	94 6 
 3401	100	2	99 1 
 3402	100	2	95 5 
 3403	100	2	100 0 
 3404	100	2	92 8 
 3405	100	2	99 1 
 3406	100	2	100 0 
 3407	100	2	2 98 
 3408	100	2	90 10 
 3409	100	2	99 1 
 3410	100	2	99 1 
 3411	100	2	99 1 
 3412	100	2	96 4 
 3413	100	2	93 7 
 3414	100	2	99 1 
 3415	100	2	100 0 
 3416	100	2	82 18 
 3417	100	2	99 1 
 3418	100	2	98 2 
 3419	100	2	70 30 
 3420	100	2	98 2 
 3421	100	2	94 6 
 3422	100	2	93 7 
 3423	100	2	98 2 
 3424	100	2	98 2 
 3425	100	2	100 0 
 3426	100	2	94 6 
 3427	100	2	97 3 
 3428	100	2	98 2 
 3429	100	2	98 2 
 3430	100	2	98 2 
 3431	100	2	98 2 
 3432	100	2	98 2 
 3433	100	2	94 6 
 3434	100	2	99 1 
 3435	100	2	98 2 
 3436	100	2	98 2 
 3437	100	2	98 2 
 3438	100	2	98 2 
 3439	100	2	36 64 
 3440	100	2	98 2 
 3441	100	2	98 2 
 3442	100	2	96 4 
 3443	100	2	98 2 
 3444	100	2	98 2 
 3445	100	2	100 0 
 3446	100	2	99 1 
 3447	100	2	98 2 
 3448	100	2	96 4 
 3449	100	2	99 1 
 3450	100	2	99 1 
 3451	100	2	93 7 
 3452	100	2	97 3 
 3453	100	2	66 34 
 3454	100	2	32 68 
 3455	100	2	99 1 
 3456	100	2	99 1 
 3457	100	2	94 6 
 3458	100	2	28 72 
 3459	100	2	28 72 
 3460	100	2	89 11 
 3461	100	2	87 13 
 3462	100	2	10 90 
 3463	100	2	91 9 
 3464	100	2	100 0 
 3465	100	2	99 1 
 3466	100	2	100 0 
 3467	100	2	99 1 
 3468	100	2	90 10 
 3469	100	2	100 0 
 3470	100	2	100 0 
 3471	100	2	99 1 
 3472	100	2	99 1 
 3473	100	2	99 1 
 3474	100	2	96 4 
 3475	100	2	99 1 
 3476	100	2	99 1 
 3477	100	2	98 2 
 3478	100	2	100 0 
 3479	100	2	99 1 
 3480	100	2	99 1 
 3481	100	2	99 1 
 3482	100	2	99 1 
 3483	100	2	95 5 
 3484	100	2	95 5 
 3485	100	2	95 5 
 3486	100	2	93 7 
 3487	100	2	96 4 
 3488	100	2	98 2 
 3489	100	2	94 6 
 3490	100	2	96 4 
 3491	100	2	98 2 
 3492	100	2	98 2 
 3493	100	2	100 0 
 3494	100	2	98 2 
 3495	100	2	94 6 
 3496	100	2	100 0 
 3497	100	2	93 7 
 3498	100	2	48 52 
 3499	100	2	93 7 
 3500	100	2	98 2 
 3501	100	2	92 8 
 3502	100	2	96 4 
 3503	100	2	98 2 
 3504	100	2	98 2 
 3505	100	2	53 47 
 3506	100	2	74 26 
 3507	100	2	99 1 
 3508	100	2	94 6 
 3509	100	2	74 26 
 3510	100	2	74 26 
 3511	100	2	74 26 
 3512	100	2	94 6 
 3513	100	2	74 26 
 3514	100	2	99 1 
 3515	100	2	99 1 
 3516	100	2	97 3 
 3517	100	2	100 0 
 3518	100	2	99 1 
 3519	100	2	100 0 
 3520	100	2	99 1 
 3521	100	2	100 0 
 3522	100	2	99 1 
 3523	100	2	90 10 
 3524	100	2	99 1 
 3525	100	2	97 3 
 3526	100	2	99 1 
 3527	100	2	71 29 
 3528	100	2	71 29 
 3529	100	2	99 1 
 3530	100	2	97 3 
 3531	100	2	96 4 
 3532	100	2	98 2 
 3533	100	2	100 0 
 3534	100	2	99 1 
 3535	100	2	96 4 
 3536	100	2	84 16 
 3537	100	2	77 23 
 3538	100	2	97 3 
 3539	100	2	99 1 
 3540	100	2	96 4 
 3541	100	2	99 1 
 3542	100	2	96 4 
 3543	100	2	95 5 
 3544	100	2	38 62 
 3545	100	2	97 3 
 3546	100	2	95 5 
 3547	100	2	39 61 
 3548	100	2	99 1 
 3549	100	2	69 31 
 3550	100	2	98 2 
 3551	100	2	98 2 
 3552	100	2	95 5 
 3553	100	2	99 1 
 3554	100	2	99 1 
 3555	100	2	96 4 
 3556	100	2	2 98 
 3557	100	2	99 1 
 3558	100	2	98 2 
 3559	100	2	98 2 
 3560	100	2	82 18 
 3561	100	2	99 1 
 3562	100	2	94 6 
 3563	100	2	99 1 
 3564	100	2	98 2 
 3565	100	2	82 18 
 3566	100	2	100 0 
 3567	100	2	95 5 
 3568	100	2	95 5 
 3569	100	2	98 2 
 3570	100	2	96 4 
 3571	100	2	99 1 
 3572	100	2	86 14 
 3573	100	2	97 3 
 3574	100	2	92 8 
 3575	100	2	92 8 
 3576	100	2	97 3 
 3577	100	2	99 1 
 3578	100	2	97 3 
 3579	100	2	98 2 
 3580	100	2	99 1 
 3581	100	2	98 2 
 3582	100	2	98 2 
 3583	100	2	100 0 
 3584	100	2	99 1 
 3585	100	2	99 1 
 3586	100	2	99 1 
 3587	100	2	99 1 
 3588	100	2	98 2 
 3589	100	2	99 1 
 3590	100	2	99 1 
 3591	100	2	91 9 
 3592	100	2	100 0 
 3593	100	2	95 5 
 3594	100	2	99 1 
 3595	100	2	99 1 
 3596	100	2	98 2 
 3597	100	2	94 6 
 3598	100	2	99 1 
 3599	100	2	99 1 
 3600	100	2	94 6 
 3601	100	2	99 1 
 3602	100	2	99 1 
 3603	100	2	99 1 
 3604	100	2	99 1 
 3605	100	2	99 1 
 3606	100	2	99 1 
 3607	100	2	99 1 
 3608	100	2	98 2 
 3609	100	2	98 2 
 3610	100	2	92 8 
 3611	100	2	98 2 
 3612	100	2	48 52 
 3613	100	2	92 8 
 3614	100	2	100 0 
 3615	100	2	99 1 
 3616	100	2	75 25 
 3617	100	2	94 6 
 3618	100	2	62 38 
 3619	100	2	99 1 
 3620	100	2	99 1 
 3621	100	2	100 0 
 3622	100	2	99 1 
 3623	100	2	99 1 
 3624	100	2	71 29 
 3625	100	2	22 78 
 3626	100	2	99 1 
 3627	100	2	99 1 
 3628	100	2	99 1 
 3629	100	2	97 3 
 3630	100	2	98 2 
 3631	100	2	98 2 
 3632	100	2	94 6 
 3633	100	2	100 0 
 3634	100	2	58 42 
 3635	100	2	67 33 
 3636	100	2	99 1 
 3637	100	2	33 67 
 3638	100	2	99 1 
 3639	100	2	23 77 
 3640	100	2	99 1 
 3641	100	2	74 26 
 3642	100	2	99 1 
 3643	100	2	90 10 
 3644	100	2	90 10 
 3645	100	2	96 4 
 3646	100	2	95 5 
 3647	100	2	93 7 
 3648	100	2	94 6 
 3649	100	2	100 0 
 3650	100	2	99 1 
 3651	100	2	99 1 
 3652	100	2	99 1 
 3653	100	2	97 3 
 3654	100	2	91 9 
 3655	100	2	99 1 
 3656	100	2	79 21 
 3657	100	2	99 1 
 3658	100	2	99 1 
 3659	100	2	99 1 
 3660	100	2	99 1 
 3661	100	2	94 6 
 3662	100	2	96 4 
 3663	100	2	95 5 
 3664	100	2	83 17 
 3665	100	2	95 5 
 3666	100	2	99 1 
 3667	100	2	94 6 
 3668	100	2	100 0 
 3669	100	2	17 83 
 3670	100	2	98 2 
 3671	100	2	100 0 
 3672	100	2	100 0 
 3673	100	2	80 20 
 3674	100	2	81 19 
 3675	100	2	99 1 
 3676	100	2	80 20 
 3677	100	2	81 19 
 3678	100	2	80 20 
 3679	100	2	99 1 
 3680	100	2	100 0 
 3681	100	2	95 5 
 3682	100	2	96 4 
 3683	100	2	96 4 
 3684	100	2	99 1 
 3685	100	2	97 3 
 3686	100	2	99 1 
 3687	100	2	99 1 
 3688	100	2	99 1 
 3689	100	2	81 19 
 3690	100	2	98 2 
 3691	100	2	98 2 
 3692	100	2	81 19 
 3693	100	2	99 1 
 3694	100	2	99 1 
 3695	100	2	98 2 
 3696	100	2	95 5 
 3697	100	2	90 10 
 3698	100	2	94 6 
 3699	100	2	37 63 
 3700	100	2	99 1 
 3701	100	2	98 2 
 3702	100	2	83 17 
 3703	100	2	99 1 
 3704	100	2	96 4 
 3705	100	2	99 1 
 3706	100	2	99 1 
 3707	100	2	97 3 
 3708	100	2	99 1 
 3709	100	2	97 3 
 3710	100	2	97 3 
 3711	100	2	94 6 
 3712	100	2	94 6 
 3713	100	2	84 16 
 3714	100	2	96 4 
 3715	100	2	96 4 
 3716	100	2	96 4 
 3717	100	2	100 0 
 3718	100	2	98 2 
 3719	100	2	25 75 
 3720	100	2	25 75 
 3721	100	2	90 10 
 3722	100	2	25 75 
 3723	100	2	99 1 
 3724	100	2	98 2 
 3725	100	2	90 10 
 3726	100	2	97 3 
 3727	100	2	99 1 
 3728	100	2	99 1 
 3729	100	2	97 3 
 3730	100	2	97 3 
 3731	100	2	90 10 
 3732	100	2	100 0 
 3733	100	2	94 6 
 3734	100	2	94 6 
 3735	100	2	100 0 
 3736	100	2	82 18 
 3737	100	2	99 1 
 3738	100	2	21 79 
 3739	100	2	96 4 
 3740	100	2	96 4 
 3741	100	2	96 4 
 3742	100	2	80 20 
 3743	100	2	99 1 
 3744	100	2	96 4 
 3745	100	2	97 3 
 3746	100	2	10 90 
 3747	100	2	99 1 
 3748	100	2	98 2 
 3749	100	2	99 1 
 3750	100	2	97 3 
 3751	100	2	69 31 
 3752	100	2	99 1 
 3753	100	2	99 1 
 3754	100	2	98 2 
 3755	100	2	100 0 
 3756	100	2	99 1 
 3757	100	2	99 1 
 3758	100	2	99 1 
 3759	100	2	82 18 
 3760	100	2	47 53 
 3761	100	2	97 3 
 3762	100	2	95 5 
 3763	100	2	95 5 
 3764	100	2	76 24 
 3765	100	2	96 4 
 3766	100	2	99 1 
 3767	100	2	98 2 
 3768	100	2	99 1 
 3769	100	2	99 1 
 3770	100	2	100 0 
 3771	100	2	99 1 
 3772	100	2	99 1 
 3773	100	2	99 1 
 3774	100	2	98 2 
 3775	100	2	99 1 
 3776	100	2	99 1 
 3777	100	2	94 6 
 3778	100	2	94 6 
 3779	100	2	96 4 
 3780	100	2	93 7 
 3781	100	2	96 4 
 3782	100	2	94 6 
 3783	100	2	93 7 
 3784	100	2	93 7 
 3785	100	2	94 6 
 3786	100	2	43 57 
 3787	100	2	99 1 
 3788	100	2	100 0 
 3789	100	2	90 10 
 3790	100	2	90 10 
 3791	100	2	84 16 
 3792	100	2	95 5 
 3793	100	2	99 1 
 3794	100	2	96 4 
 3795	100	2	99 1 
 3796	100	2	99 1 
 3797	100	2	99 1 
 3798	100	2	96 4 
 3799	100	2	11 89 
 3800	100	2	99 1 
 3801	100	2	100 0 
 3802	100	2	97 3 
 3803	100	2	99 1 
 3804	100	2	99 1 
 3805	100	2	97 3 
 3806	100	2	97 3 
 3807	100	2	99 1 
 3808	100	2	99 1 
 3809	100	2	99 1 
 3810	100	2	92 8 
 3811	100	2	39 61 
 3812	100	2	39 61 
 3813	100	2	39 61 
 3814	100	2	39 61 
 3815	100	2	99 1 
 3816	100	2	98 2 
 3817	100	2	98 2 
 3818	100	2	98 2 
 3819	100	2	99 1 
 3820	100	2	99 1 
 3821	100	2	84 16 
 3822	100	2	99 1 
 3823	100	2	98 2 
 3824	100	2	98 2 
 3825	100	2	99 1 
 3826	100	2	98 2 
 3827	100	2	98 2 
 3828	100	2	99 1 
 3829	100	2	98 2 
 3830	100	2	98 2 
 3831	100	2	99 1 
 3832	100	2	86 14 
 3833	100	2	98 2 
 3834	100	2	86 14 
 3835	100	2	100 0 
 3836	100	2	67 33 
 3837	100	2	98 2 
 3838	100	2	98 2 
 3839	100	2	99 1 
 3840	100	2	99 1 
 3841	100	2	96 4 
 3842	100	2	100 0 
 3843	100	2	97 3 
 3844	100	2	8 92 
 3845	100	2	90 10 
 3846	100	2	98 2 
 3847	100	2	99 1 
 3848	100	2	100 0 
 3849	100	2	89 11 
 3850	100	2	99 1 
 3851	100	2	99 1 
 3852	100	2	87 13 
 3853	100	2	100 0 
 3854	100	2	99 1 
 3855	100	2	73 27 
 3856	100	2	100 0 
 3857	100	2	81 19 
 3858	100	2	97 3 
 3859	100	2	34 66 
 3860	100	2	100 0 
 3861	100	2	98 2 
 3862	100	2	91 9 
 3863	100	2	96 4 
 3864	100	2	95 5 
 3865	100	2	98 2 
 3866	100	2	100 0 
 3867	100	2	91 9 
 3868	100	2	100 0 
 3869	100	2	99 1 
 3870	100	2	98 2 
 3871	100	2	99 1 
 3872	100	2	99 1 
 3873	100	2	74 26 
 3874	100	2	99 1 
 3875	100	2	99 1 
 3876	100	2	100 0 
 3877	100	2	97 3 
 3878	100	2	97 3 
 3879	100	2	97 3 
 3880	100	2	99 1 
 3881	100	2	100 0 
 3882	100	2	100 0 
 3883	100	2	97 3 
 3884	100	2	98 2 
 3885	100	2	99 1 
 3886	100	2	100 0 
 3887	100	2	100 0 
 3888	100	2	94 6 
 3889	100	2	99 1 
 3890	100	2	98 2 
 3891	100	2	100 0 
 3892	100	2	92 8 
 3893	100	2	97 3 
 3894	100	2	99 1 
 3895	100	2	89 11 
 3896	100	2	99 1 
 3897	100	2	98 2 
 3898	100	2	63 37 
 3899	100	2	97 3 
 3900	100	2	95 5 
 3901	100	2	100 0 
 3902	100	2	95 5 
 3903	100	2	99 1 
 3904	100	2	99 1 
 3905	100	2	100 0 
 3906	100	2	100 0 
 3907	100	2	97 3 
 3908	100	2	6 94 
 3909	100	2	99 1 
 3910	100	2	100 0 
 3911	100	2	98 2 
 3912	100	2	94 6 
 3913	100	2	94 6 
 3914	100	2	94 6 
 3915	100	2	94 6 
 3916	100	2	99 1 
 3917	100	2	95 5 
 3918	100	2	98 2 
 3919	100	2	88 12 
 3920	100	2	99 1 
 3921	100	2	99 1 
 3922	100	2	84 16 
 3923	100	2	100 0 
 3924	100	2	96 4 
 3925	100	2	65 35 
 3926	100	2	93 7 
 3927	100	2	82 18 
 3928	100	2	82 18 
 3929	100	2	82 18 
 3930	100	2	99 1 
 3931	100	2	64 36 
 3932	100	2	82 18 
 3933	100	2	81 19 
 3934	100	2	100 0 
 3935	100	2	100 0 
 3936	100	2	100 0 
 3937	100	2	100 0 
 3938	100	2	100 0 
 3939	100	2	100 0 
 3940	100	2	97 3 
 3941	100	2	99 1 
 3942	100	2	99 1 
 3943	100	2	81 19 
 3944	100	2	100 0 
 3945	100	2	96 4 
 3946	100	2	89 11 
 3947	100	2	99 1 
 3948	100	2	15 85 
 3949	100	2	97 3 
 3950	100	2	98 2 
 3951	100	2	97 3 
 3952	100	2	98 2 
 3953	100	2	58 42 
 3954	100	2	97 3 
 3955	100	2	99 1 
 3956	100	2	97 3 
 3957	100	2	83 17 
 3958	100	2	64 36 
 3959	100	2	99 1 
 3960	100	2	88 12 
 3961	100	2	99 1 
 3962	100	2	97 3 
 3963	100	2	97 3 
 3964	100	2	100 0 
 3965	100	2	99 1 
 3966	100	2	95 5 
 3967	100	2	100 0 
 3968	100	2	100 0 
 3969	100	2	99 1 
 3970	100	2	100 0 
 3971	100	2	40 60 
 3972	100	2	69 31 
 3973	100	2	92 8 
 3974	100	2	92 8 
 3975	100	2	100 0 
 3976	100	2	99 1 
 3977	100	2	98 2 
 3978	100	2	70 30 
 3979	100	2	93 7 
 3980	100	2	99 1 
 3981	100	2	99 1 
 3982	100	2	98 2 
 3983	100	2	99 1 
 3984	100	2	96 4 
 3985	100	2	96 4 
 3986	100	2	99 1 
 3987	100	2	99 1 
 3988	100	2	96 4 
 3989	100	2	99 1 
 3990	100	2	95 5 
 3991	100	2	99 1 
 3992	100	2	99 1 
 3993	100	2	41 59 
 3994	100	2	96 4 
 3995	100	2	95 5 
 3996	100	2	97 3 
 3997	100	2	99 1 
 3998	100	2	99 1 
 3999	100	2	98 2 
 4000	100	2	99 1 
 4001	100	2	99 1 
 4002	100	2	100 0 
 4003	100	2	80 20 
 4004	100	2	94 6 
 4005	100	2	100 0 
 4006	100	2	100 0 
 4007	100	2	99 1 
 4008	100	2	98 2 
 4009	100	2	67 33 
 4010	100	2	99 1 
 4011	100	2	100 0 
 4012	100	2	91 9 
 4013	100	2	96 4 
 4014	100	2	100 0 
 4015	100	2	99 1 
 4016	100	2	99 1 
 4017	100	2	96 4 
 4018	100	2	57 43 
 4019	100	2	81 19 
 4020	100	2	93 7 
 4021	100	2	98 2 
 4022	100	2	78 22 
 4023	100	2	78 22 
 4024	100	2	98 2 
 4025	100	2	21 79 
 4026	100	2	78 22 
 4027	100	2	98 2 
 4028	100	2	88 12 
 4029	100	2	88 12 
 4030	100	2	99 1 
 4031	100	2	83 17 
 4032	100	2	70 30 
 4033	100	2	46 54 
 4034	100	2	99 1 
 4035	100	2	94 6 
 4036	100	2	97 3 
 4037	100	2	46 54 
 4038	100	2	99 1 
 4039	100	2	79 21 
 4040	100	2	99 1 
 4041	100	2	99 1 
 4042	100	2	100 0 
 4043	100	2	100 0 
 4044	100	2	97 3 
 4045	100	2	99 1 
 4046	100	2	99 1 
 4047	100	2	97 3 
 4048	100	2	99 1 
 4049	100	2	53 47 
 4050	100	2	96 4 
 4051	100	2	99 1 
 4052	100	2	96 4 
 4053	100	2	100 0 
 4054	100	2	98 2 
 4055	100	2	98 2 
 4056	100	2	99 1 
 4057	100	2	99 1 
 4058	100	2	99 1 
 4059	100	2	87 13 
 4060	100	2	76 24 
 4061	100	2	99 1 
 4062	100	2	100 0 
 4063	100	2	88 12 
 4064	100	2	99 1 
 4065	100	2	99 1 
 4066	100	2	99 1 
 4067	100	2	99 1 
 4068	100	2	99 1 
 4069	100	2	99 1 
 4070	100	2	100 0 
 4071	100	2	99 1 
 4072	100	2	99 1 
 4073	100	2	98 2 
 4074	100	2	100 0 
 4075	100	2	97 3 
 4076	100	2	99 1 
 4077	100	2	97 3 
 4078	100	2	98 2 
 4079	100	2	99 1 
 4080	100	2	99 1 
 4081	100	2	99 1 
 4082	100	2	97 3 
 4083	100	2	100 0 
 4084	100	2	98 2 
 4085	100	2	98 2 
 4086	100	2	98 2 
 4087	100	2	98 2 
 4088	100	2	100 0 
 4089	100	2	88 12 
 4090	100	2	97 3 
 4091	100	2	98 2 
 4092	100	2	99 1 
 4093	100	2	98 2 
 4094	100	2	96 4 
 4095	100	2	93 7 
 4096	100	2	99 1 
 4097	100	2	93 7 
 4098	100	2	40 60 
 4099	100	2	100 0 
 4100	100	2	95 5 
 4101	100	2	60 40 
 4102	100	2	40 60 
 4103	100	2	40 60 
 4104	100	2	93 7 
 4105	100	2	100 0 
 4106	100	2	93 7 
 4107	100	2	99 1 
 4108	100	2	98 2 
 4109	100	2	96 4 
 4110	100	2	98 2 
 4111	100	2	93 7 
 4112	100	2	98 2 
 4113	100	2	62 38 
 4114	100	2	98 2 
 4115	100	2	93 7 
 4116	100	2	98 2 
 4117	100	2	93 7 
 4118	100	2	62 38 
 4119	100	2	51 49 
 4120	100	2	98 2 
 4121	100	2	99 1 
 4122	100	2	93 7 
 4123	100	2	60 40 
 4124	100	2	98 2 
 4125	100	2	44 56 
 4126	100	2	49 51 
 4127	100	2	62 38 
 4128	100	2	96 4 
 4129	100	2	3 97 
 4130	100	2	98 2 
 4131	100	2	98 2 
 4132	100	2	99 1 
 4133	100	2	99 1 
 4134	100	2	78 22 
 4135	100	2	99 1 
 4136	100	2	100 0 
 4137	100	2	82 18 
 4138	100	2	95 5 
 4139	100	2	98 2 
 4140	100	2	100 0 
 4141	100	2	95 5 
 4142	100	2	16 84 
 4143	100	2	88 12 
 4144	100	2	99 1 
 4145	100	2	98 2 
 4146	100	2	99 1 
 4147	100	2	99 1 
 4148	100	2	1 99 
 4149	100	2	99 1 
 4150	100	2	100 0 
 4151	100	2	99 1 
 4152	100	2	99 1 
 4153	100	2	97 3 
 4154	100	2	99 1 
 4155	100	2	97 3 
 4156	100	2	77 23 
 4157	100	2	95 5 
 4158	100	2	45 55 
 4159	100	2	98 2 
 4160	100	2	98 2 
 4161	100	2	100 0 
 4162	100	2	93 7 
 4163	100	2	100 0 
 4164	100	2	88 12 
 4165	100	2	99 1 
 4166	100	2	100 0 
 4167	100	2	99 1 
 4168	100	2	90 10 
 4169	100	2	98 2 
 4170	100	2	99 1 
 4171	100	2	95 5 
 4172	100	2	84 16 
 4173	100	2	100 0 
 4174	100	2	96 4 
 4175	100	2	98 2 
 4176	100	2	79 21 
 4177	100	2	93 7 
 4178	100	2	82 18 
 4179	100	2	97 3 
 4180	100	2	79 21 
 4181	100	2	82 18 
 4182	100	2	96 4 
 4183	100	2	96 4 
 4184	100	2	96 4 
 4185	100	2	98 2 
 4186	100	2	99 1 
 4187	100	2	100 0 
 4188	100	2	99 1 
 4189	100	2	99 1 
 4190	100	2	99 1 
 4191	100	2	99 1 
 4192	100	2	99 1 
 4193	100	2	99 1 
 4194	100	2	99 1 
 4195	100	2	98 2 
 4196	100	2	72 28 
 4197	100	2	97 3 
 4198	100	2	98 2 
 4199	100	2	99 1 
 4200	100	2	98 2 
 4201	100	2	95 5 
 4202	100	2	98 2 
 4203	100	2	99 1 
 4204	100	2	80 20 
 4205	100	2	80 20 
 4206	100	2	74 26 
 4207	100	2	42 58 
 4208	100	2	99 1 
 4209	100	2	15 85 
 4210	100	2	99 1 
 4211	100	2	94 6 
 4212	100	2	93 7 
 4213	100	2	96 4 
 4214	100	2	94 6 
 4215	100	2	94 6 
 4216	100	2	95 5 
 4217	100	2	41 59 
 4218	100	2	100 0 
 4219	100	2	100 0 
 4220	100	2	97 3 
 4221	100	2	100 0 
 4222	100	2	100 0 
 4223	100	2	100 0 
 4224	100	2	97 3 
 4225	100	2	33 67 
 4226	100	2	98 2 
 4227	100	2	67 33 
 4228	100	2	86 14 
 4229	100	2	78 22 
 4230	100	2	99 1 
 4231	100	2	75 25 
 4232	100	2	94 6 
 4233	100	2	99 1 
 4234	100	2	100 0 
 4235	100	2	100 0 
 4236	100	2	99 1 
 4237	100	2	99 1 
 4238	100	2	7 93 
 4239	100	2	93 7 
 4240	100	2	7 93 
 4241	100	2	6 94 
 4242	100	2	58 42 
 4243	100	2	7 93 
 4244	100	2	7 93 
 4245	100	2	93 7 
 4246	100	2	81 19 
 4247	100	2	100 0 
 4248	100	2	99 1 
 4249	100	2	86 14 
 4250	100	2	98 2 
 4251	100	2	99 1 
 4252	100	2	94 6 
 4253	100	2	94 6 
 4254	100	2	99 1 
 4255	100	2	99 1 
 4256	100	2	99 1 
 4257	100	2	98 2 
 4258	100	2	97 3 
 4259	100	2	97 3 
 4260	100	2	99 1 
 4261	100	2	97 3 
 4262	100	2	98 2 
 4263	100	2	97 3 
 4264	100	2	88 12 
 4265	100	2	100 0 
 4266	100	2	97 3 
 4267	100	2	71 29 
 4268	100	2	91 9 
 4269	100	2	100 0 
 4270	100	2	96 4 
 4271	100	2	99 1 
 4272	100	2	97 3 
 4273	100	2	99 1 
 4274	100	2	97 3 
 4275	100	2	99 1 
 4276	100	2	82 18 
 4277	100	2	89 11 
 4278	100	2	99 1 
 4279	100	2	100 0 
 4280	100	2	99 1 
 4281	100	2	92 8 
 4282	100	2	96 4 
 4283	100	2	96 4 
 4284	100	2	99 1 
 4285	100	2	92 8 
 4286	100	2	92 8 
 4287	100	2	98 2 
 4288	100	2	100 0 
 4289	100	2	88 12 
 4290	100	2	96 4 
 4291	100	2	99 1 
 4292	100	2	88 12 
 4293	100	2	98 2 
 4294	100	2	95 5 
 4295	100	2	95 5 
 4296	100	2	85 15 
 4297	100	2	100 0 
 4298	100	2	99 1 
 4299	100	2	100 0 
 4300	100	2	98 2 
 4301	100	2	81 19 
 4302	100	2	100 0 
 4303	100	2	63 37 
 4304	100	2	99 1 
 4305	100	2	10 90 
 4306	100	2	10 90 
 4307	100	2	90 10 
 4308	100	2	10 90 
 4309	100	2	86 14 
 4310	100	2	99 1 
 4311	100	2	99 1 
 4312	100	2	99 1 
 4313	100	2	99 1 
 4314	100	2	99 1 
 4315	100	2	99 1 
 4316	100	2	99 1 
 4317	100	2	99 1 
 4318	100	2	99 1 
 4319	100	2	99 1 
 4320	100	2	99 1 
 4321	100	2	98 2 
 4322	100	2	98 2 
 4323	100	2	99 1 
 4324	100	2	87 13 
 4325	100	2	99 1 
 4326	100	2	98 2 
 4327	100	2	98 2 
 4328	100	2	99 1 
 4329	100	2	50 50 
 4330	100	2	95 5 
 4331	100	2	99 1 
 4332	100	2	99 1 
 4333	100	2	98 2 
 4334	100	2	99 1 
 4335	100	2	99 1 
 4336	100	2	99 1 
 4337	100	2	99 1 
 4338	100	2	99 1 
 4339	100	2	98 2 
 4340	100	2	95 5 
 4341	100	2	99 1 
 4342	100	2	71 29 
 4343	100	2	100 0 
 4344	100	2	99 1 
 4345	100	2	100 0 
 4346	100	2	62 38 
 4347	100	2	62 38 
 4348	100	2	62 38 
 4349	100	2	99 1 
 4350	100	2	98 2 
 4351	100	2	100 0 
 4352	100	2	77 23 
 4353	100	2	95 5 
 4354	100	2	77 23 
 4355	100	2	77 23 
 4356	100	2	77 23 
 4357	100	2	71 29 
 4358	100	2	99 1 
 4359	100	2	99 1 
 4360	100	2	99 1 
 4361	100	2	100 0 
 4362	100	2	80 20 
 4363	100	2	96 4 
 4364	100	2	72 28 
 4365	100	2	80 20 
 4366	100	2	98 2 
 4367	100	2	99 1 
 4368	100	2	96 4 
 4369	100	2	96 4 
 4370	100	2	94 6 
 4371	100	2	98 2 
 4372	100	2	5 95 
 4373	100	2	99 1 
 4374	100	2	77 23 
 4375	100	2	35 65 
 4376	100	2	1 99 
 4377	100	2	97 3 
 4378	100	2	98 2 
 4379	100	2	99 1 
 4380	100	2	100 0 
 4381	100	2	100 0 
 4382	100	2	98 2 
 4383	100	2	97 3 
 4384	100	2	92 8 
 4385	100	2	83 17 
 4386	100	2	100 0 
 4387	100	2	100 0 
 4388	100	2	100 0 
 4389	100	2	97 3 
 4390	100	2	99 1 
 4391	100	2	93 7 
 4392	100	2	90 10 
 4393	100	2	99 1 
 4394	100	2	94 6 
 4395	100	2	100 0 
 4396	100	2	90 10 
 4397	100	2	90 10 
 4398	100	2	90 10 
 4399	100	2	98 2 
 4400	100	2	83 17 
 4401	100	2	99 1 
 4402	100	2	97 3 
 4403	100	2	99 1 
 4404	100	2	97 3 
 4405	100	2	96 4 
 4406	100	2	99 1 
 4407	100	2	99 1 
 4408	100	2	99 1 
 4409	100	2	100 0 
 4410	100	2	90 10 
 4411	100	2	88 12 
 4412	100	2	98 2 
 4413	100	2	93 7 
 4414	100	2	99 1 
 4415	100	2	88 12 
 4416	100	2	98 2 
 4417	100	2	100 0 
 4418	100	2	99 1 
 4419	100	2	59 41 
 4420	100	2	34 66 
 4421	100	2	37 63 
 4422	100	2	100 0 
 4423	100	2	88 12 
 4424	100	2	98 2 
 4425	100	2	99 1 
 4426	100	2	97 3 
 4427	100	2	66 34 
 4428	100	2	66 34 
 4429	100	2	95 5 
 4430	100	2	98 2 
 4431	100	2	92 8 
 4432	100	2	97 3 
 4433	100	2	100 0 
 4434	100	2	96 4 
 4435	100	2	99 1 
 4436	100	2	96 4 
 4437	100	2	86 14 
 4438	100	2	94 6 
 4439	100	2	99 1 
 4440	100	2	97 3 
 4441	100	2	93 7 
 4442	100	2	99 1 
 4443	100	2	99 1 
 4444	100	2	99 1 
 4445	100	2	87 13 
 4446	100	2	99 1 
 4447	100	2	99 1 
 4448	100	2	93 7 
 4449	100	2	99 1 
 4450	100	2	88 12 
 4451	100	2	96 4 
 4452	100	2	96 4 
 4453	100	2	95 5 
 4454	100	2	88 12 
 4455	100	2	95 5 
 4456	100	2	99 1 
 4457	100	2	97 3 
 4458	100	2	99 1 
 4459	100	2	99 1 
 4460	100	2	96 4 
 4461	100	2	94 6 
 4462	100	2	92 8 
 4463	100	2	97 3 
 4464	100	2	96 4 
 4465	100	2	92 8 
 4466	100	2	90 10 
 4467	100	2	98 2 
 4468	100	2	99 1 
 4469	100	2	96 4 
 4470	100	2	97 3 
 4471	100	2	100 0 
 4472	100	2	81 19 
 4473	100	2	99 1 
 4474	100	2	94 6 
 4475	100	2	100 0 
 4476	100	2	76 24 
 4477	100	2	76 24 
 4478	100	2	76 24 
 4479	100	2	97 3 
 4480	100	2	95 5 
 4481	100	2	76 24 
 4482	100	2	98 2 
 4483	100	2	76 24 
 4484	100	2	76 24 
 4485	100	2	76 24 
 4486	100	2	76 24 
 4487	100	2	96 4 
 4488	100	2	100 0 
 4489	100	2	87 13 
 4490	100	2	85 15 
 4491	100	2	97 3 
 4492	100	2	100 0 
 4493	100	2	86 14 
 4494	100	2	85 15 
 4495	100	2	99 1 
 4496	100	2	70 30 
 4497	100	2	16 84 
 4498	100	2	100 0 
 4499	100	2	99 1 
 4500	100	2	96 4 
 4501	100	2	98 2 
 4502	100	2	99 1 
 4503	100	2	88 12 
 4504	100	2	88 12 
 4505	100	2	88 12 
 4506	100	2	88 12 
 4507	100	2	98 2 
 4508	100	2	98 2 
 4509	100	2	88 12 
 4510	100	2	98 2 
 4511	100	2	98 2 
 4512	100	2	99 1 
 4513	100	2	80 20 
 4514	100	2	88 12 
 4515	100	2	80 20 
 4516	100	2	100 0 
 4517	100	2	94 6 
 4518	100	2	93 7 
 4519	100	2	88 12 
 4520	100	2	93 7 
 4521	100	2	99 1 
 4522	100	2	7 93 
 4523	100	2	94 6 
 4524	100	2	99 1 
 4525	100	2	92 8 
 4526	100	2	96 4 
 4527	100	2	100 0 
 4528	100	2	94 6 
 4529	100	2	99 1 
 4530	100	2	3 97 
 4531	100	2	99 1 
 4532	100	2	92 8 
 4533	100	2	92 8 
 4534	100	2	86 14 
 4535	100	2	70 30 
 4536	100	2	70 30 
 4537	100	2	93 7 
 4538	100	2	78 22 
 4539	100	2	99 1 
 4540	100	2	99 1 
 4541	100	2	97 3 
 4542	100	2	97 3 
 4543	100	2	97 3 
 4544	100	2	98 2 
 4545	100	2	99 1 
 4546	100	2	25 75 
 4547	100	2	98 2 
 4548	100	2	46 54 
 4549	100	2	95 5 
 4550	100	2	46 54 
 4551	100	2	94 6 
 4552	100	2	100 0 
 4553	100	2	91 9 
 4554	100	2	97 3 
 4555	100	2	80 20 
 4556	100	2	98 2 
 4557	100	2	99 1 
 4558	100	2	98 2 
 4559	100	2	99 1 
 4560	100	2	97 3 
 4561	100	2	99 1 
 4562	100	2	96 4 
 4563	100	2	100 0 
 4564	100	2	87 13 
 4565	100	2	90 10 
 4566	100	2	99 1 
 4567	100	2	90 10 
 4568	100	2	90 10 
 4569	100	2	90 10 
 4570	100	2	91 9 
 4571	100	2	100 0 
 4572	100	2	98 2 
 4573	100	2	79 21 
 4574	100	2	99 1 
 4575	100	2	99 1 
 4576	100	2	100 0 
 4577	100	2	97 3 
 4578	100	2	98 2 
 4579	100	2	86 14 
 4580	100	2	76 24 
 4581	100	2	98 2 
 4582	100	2	73 27 
 4583	100	2	76 24 
 4584	100	2	99 1 
 4585	100	2	73 27 
 4586	100	2	100 0 
 4587	100	2	100 0 
 4588	100	2	99 1 
 4589	100	2	100 0 
 4590	100	2	78 22 
 4591	100	2	100 0 
 4592	100	2	96 4 
 4593	100	2	97 3 
 4594	100	2	97 3 
 4595	100	2	93 7 
 4596	100	2	99 1 
 4597	100	2	100 0 
 4598	100	2	98 2 
 4599	100	2	99 1 
 4600	100	2	100 0 
 4601	100	2	99 1 
 4602	100	2	100 0 
 4603	100	2	99 1 
 4604	100	2	100 0 
 4605	100	2	51 49 
 4606	100	2	95 5 
 4607	100	2	96 4 
 4608	100	2	99 1 
 4609	100	2	99 1 
 4610	100	2	99 1 
 4611	100	2	96 4 
 4612	100	2	99 1 
 4613	100	2	93 7 
 4614	100	2	97 3 
 4615	100	2	73 27 
 4616	100	2	99 1 
 4617	100	2	96 4 
 4618	100	2	98 2 
 4619	100	2	98 2 
 4620	100	2	99 1 
 4621	100	2	92 8 
 4622	100	2	78 22 
 4623	100	2	99 1 
 4624	100	2	81 19 
 4625	100	2	78 22 
 4626	100	2	79 21 
 4627	100	2	79 21 
 4628	100	2	94 6 
 4629	100	2	79 21 
 4630	100	2	13 87 
 4631	100	2	99 1 
 4632	100	2	99 1 
 4633	100	2	99 1 
 4634	100	2	83 17 
 4635	100	2	99 1 
 4636	100	2	100 0 
 4637	100	2	71 29 
 4638	100	2	97 3 
 4639	100	2	71 29 
 4640	100	2	11 89 
 4641	100	2	98 2 
 4642	100	2	68 32 
 4643	100	2	90 10 
 4644	100	2	11 89 
 4645	100	2	47 53 
 4646	100	2	98 2 
 4647	100	2	47 53 
 4648	100	2	36 64 
 4649	100	2	100 0 
 4650	100	2	99 1 
 4651	100	2	100 0 
 4652	100	2	99 1 
 4653	100	2	84 16 
 4654	100	2	99 1 
 4655	100	2	99 1 
 4656	100	2	99 1 
 4657	100	2	91 9 
 4658	100	2	99 1 
 4659	100	2	98 2 
 4660	100	2	99 1 
 4661	100	2	95 5 
 4662	100	2	99 1 
 4663	100	2	99 1 
 4664	100	2	99 1 
 4665	100	2	100 0 
 4666	100	2	99 1 
 4667	100	2	98 2 
 4668	100	2	100 0 
 4669	100	2	100 0 
 4670	100	2	97 3 
 4671	100	2	97 3 
 4672	100	2	100 0 
 4673	100	2	100 0 
 4674	100	2	100 0 
 4675	100	2	100 0 
 4676	100	2	100 0 
 4677	100	2	90 10 
 4678	100	2	83 17 
 4679	100	2	99 1 
 4680	100	2	97 3 
 4681	100	2	100 0 
 4682	100	2	99 1 
 4683	100	2	95 5 
 4684	100	2	87 13 
 4685	100	2	98 2 
 4686	100	2	98 2 
 4687	100	2	98 2 
 4688	100	2	100 0 
 4689	100	2	97 3 
 4690	100	2	98 2 
 4691	100	2	79 21 
 4692	100	2	94 6 
 4693	100	2	99 1 
 4694	100	2	100 0 
 4695	100	2	99 1 
 4696	100	2	30 70 
 4697	100	2	5 95 
 4698	100	2	100 0 
 4699	100	2	73 27 
 4700	100	2	99 1 
 4701	100	2	99 1 
 4702	100	2	99 1 
 4703	100	2	81 19 
 4704	100	2	100 0 
 4705	100	2	100 0 
 4706	100	2	98 2 
 4707	100	2	99 1 
 4708	100	2	100 0 
 4709	100	2	97 3 
 4710	100	2	18 82 
 4711	100	2	92 8 
 4712	100	2	97 3 
 4713	100	2	85 15 
 4714	100	2	99 1 
 4715	100	2	90 10 
 4716	100	2	90 10 
 4717	100	2	90 10 
 4718	100	2	93 7 
 4719	100	2	97 3 
 4720	100	2	99 1 
 4721	100	2	99 1 
 4722	100	2	99 1 
 4723	100	2	93 7 
 4724	100	2	94 6 
 4725	100	2	91 9 
 4726	100	2	98 2 
 4727	100	2	98 2 
 4728	100	2	97 3 
 4729	100	2	99 1 
 4730	100	2	98 2 
 4731	100	2	98 2 
 4732	100	2	100 0 
 4733	100	2	93 7 
 4734	100	2	100 0 
 4735	100	2	99 1 
 4736	100	2	90 10 
 4737	100	2	100 0 
 4738	100	2	90 10 
 4739	100	2	100 0 
 4740	100	2	70 30 
 4741	100	2	100 0 
 4742	100	2	70 30 
 4743	100	2	70 30 
 4744	100	2	99 1 
 4745	100	2	70 30 
 4746	100	2	100 0 
 4747	100	2	90 10 
 4748	100	2	96 4 
 4749	100	2	90 10 
 4750	100	2	49 51 
 4751	100	2	96 4 
 4752	100	2	96 4 
 4753	100	2	100 0 
 4754	100	2	98 2 
 4755	100	2	100 0 
 4756	100	2	27 73 
 4757	100	2	100 0 
 4758	100	2	96 4 
 4759	100	2	89 11 
 4760	100	2	94 6 
 4761	100	2	90 10 
 4762	100	2	96 4 
 4763	100	2	96 4 
 4764	100	2	97 3 
 4765	100	2	98 2 
 4766	100	2	100 0 
 4767	100	2	98 2 
 4768	100	2	98 2 
 4769	100	2	98 2 
 4770	100	2	98 2 
 4771	100	2	100 0 
 4772	100	2	97 3 
 4773	100	2	85 15 
 4774	100	2	99 1 
 4775	100	2	99 1 
 4776	100	2	99 1 
 4777	100	2	99 1 
 4778	100	2	100 0 
 4779	100	2	86 14 
 4780	100	2	99 1 
 4781	100	2	99 1 
 4782	100	2	69 31 
 4783	100	2	62 38 
 4784	100	2	99 1 
 4785	100	2	98 2 
 4786	100	2	99 1 
 4787	100	2	96 4 
 4788	100	2	62 38 
 4789	100	2	87 13 
 4790	100	2	90 10 
 4791	100	2	97 3 
 4792	100	2	99 1 
 4793	100	2	99 1 
 4794	100	2	94 6 
 4795	100	2	94 6 
 4796	100	2	100 0 
 4797	100	2	99 1 
 4798	100	2	100 0 
 4799	100	2	99 1 
 4800	100	2	97 3 
 4801	100	2	98 2 
 4802	100	2	99 1 
 4803	100	2	100 0 
 4804	100	2	72 28 
 4805	100	2	100 0 
 4806	100	2	100 0 
 4807	100	2	99 1 
 4808	100	2	99 1 
 4809	100	2	99 1 
 4810	100	2	96 4 
 4811	100	2	83 17 
 4812	100	2	99 1 
 4813	100	2	8 92 
 4814	100	2	98 2 
 4815	100	2	98 2 
 4816	100	2	98 2 
 4817	100	2	98 2 
 4818	100	2	100 0 
 4819	100	2	69 31 
 4820	100	2	98 2 
 4821	100	2	67 33 
 4822	100	2	85 15 
 4823	100	2	96 4 
 4824	100	2	82 18 
 4825	100	2	97 3 
 4826	100	2	98 2 
 4827	100	2	100 0 
 4828	100	2	99 1 
 4829	100	2	100 0 
 4830	100	2	99 1 
 4831	100	2	90 10 
 4832	100	2	98 2 
 4833	100	2	99 1 
 4834	100	2	92 8 
 4835	100	2	46 54 
 4836	100	2	46 54 
 4837	100	2	46 54 
 4838	100	2	54 46 
 4839	100	2	54 46 
 4840	100	2	54 46 
 4841	100	2	92 8 
 4842	100	2	46 54 
 4843	100	2	93 7 
 4844	100	2	93 7 
 4845	100	2	97 3 
 4846	100	2	99 1 
 4847	100	2	100 0 
 4848	100	2	93 7 
 4849	100	2	99 1 
 4850	100	2	99 1 
 4851	100	2	99 1 
 4852	100	2	99 1 
 4853	100	2	99 1 
 4854	100	2	98 2 
 4855	100	2	97 3 
 4856	100	2	99 1 
 4857	100	2	97 3 
 4858	100	2	97 3 
 4859	100	2	99 1 
 4860	100	2	100 0 
 4861	100	2	100 0 
 4862	100	2	77 23 
 4863	100	2	99 1 
 4864	100	2	100 0 
 4865	100	2	99 1 
 4866	100	2	99 1 
 4867	100	2	99 1 
 4868	100	2	97 3 
 4869	100	2	93 7 
 4870	100	2	93 7 
 4871	100	2	93 7 
 4872	100	2	73 27 
 4873	100	2	99 1 
 4874	100	2	99 1 
 4875	100	2	86 14 
 4876	100	2	98 2 
 4877	100	2	97 3 
 4878	100	2	99 1 
 4879	100	2	100 0 
 4880	100	2	98 2 
 4881	100	2	99 1 
 4882	100	2	84 16 
 4883	100	2	89 11 
 4884	100	2	97 3 
 4885	100	2	99 1 
 4886	100	2	99 1 
 4887	100	2	96 4 
 4888	100	2	99 1 
 4889	100	2	10 90 
 4890	100	2	63 37 
 4891	100	2	63 37 
 4892	100	2	100 0 
 4893	100	2	64 36 
 4894	100	2	91 9 
 4895	100	2	87 13 
 4896	100	2	91 9 
 4897	100	2	87 13 
 4898	100	2	87 13 
 4899	100	2	78 22 
 4900	100	2	100 0 
 4901	100	2	100 0 
 4902	100	2	99 1 
 4903	100	2	100 0 
 4904	100	2	87 13 
 4905	100	2	99 1 
 4906	100	2	95 5 
 4907	100	2	98 2 
 4908	100	2	99 1 
 4909	100	2	99 1 
 4910	100	2	98 2 
 4911	100	2	99 1 
 4912	100	2	99 1 
 4913	100	2	94 6 
 4914	100	2	91 9 
 4915	100	2	100 0 
 4916	100	2	92 8 
 4917	100	2	98 2 
 4918	100	2	91 9 
 4919	100	2	94 6 
 4920	100	2	99 1 
 4921	100	2	75 25 
 4922	100	2	97 3 
 4923	100	2	96 4 
 4924	100	2	100 0 
 4925	100	2	18 82 
 4926	100	2	98 2 
 4927	100	2	82 18 
 4928	100	2	95 5 
 4929	100	2	100 0 
 4930	100	2	94 6 
 4931	100	2	98 2 
 4932	100	2	99 1 
 4933	100	2	99 1 
 4934	100	2	99 1 
 4935	100	2	99 1 
 4936	100	2	98 2 
 4937	100	2	76 24 
 4938	100	2	78 22 
 4939	100	2	78 22 
 4940	100	2	76 24 
 4941	100	2	100 0 
 4942	100	2	42 58 
 4943	100	2	42 58 
 4944	100	2	42 58 
 4945	100	2	98 2 
 4946	100	2	80 20 
 4947	100	2	100 0 
 4948	100	2	80 20 
 4949	100	2	100 0 
 4950	100	2	97 3 
 4951	100	2	94 6 
 4952	100	2	94 6 
 4953	100	2	7 93 
 4954	100	2	96 4 
 4955	100	2	81 19 
 4956	100	2	96 4 
 4957	100	2	99 1 
 4958	100	2	98 2 
 4959	100	2	98 2 
 4960	100	2	98 2 
 4961	100	2	98 2 
 4962	100	2	19 81 
 4963	100	2	81 19 
 4964	100	2	100 0 
 4965	100	2	100 0 
 4966	100	2	100 0 
 4967	100	2	100 0 
 4968	100	2	97 3 
 4969	100	2	100 0 
 4970	100	2	100 0 
 4971	100	2	99 1 
 4972	100	2	82 18 
 4973	100	2	82 18 
 4974	100	2	82 18 
 4975	100	2	100 0 
 4976	100	2	59 41 
 4977	100	2	99 1 
 4978	100	2	98 2 
 4979	100	2	90 10 
 4980	100	2	97 3 
 4981	100	2	98 2 
 4982	100	2	89 11 
 4983	100	2	95 5 
 4984	100	2	98 2 
 4985	100	2	82 18 
 4986	100	2	99 1 
 4987	100	2	98 2 
 4988	100	2	3 97 
 4989	100	2	84 16 
 4990	100	2	93 7 
 4991	100	2	79 21 
 4992	100	2	88 12 
 4993	100	2	74 26 
 4994	100	2	89 11 
 4995	100	2	100 0 
 4996	100	2	74 26 
 4997	100	2	99 1 
 4998	100	2	91 9 
 4999	100	2	100 0 
 5000	100	2	86 14 
 5001	100	2	100 0 
 5002	100	2	96 4 
 5003	100	2	99 1 
 5004	100	2	99 1 
 5005	100	2	99 1 
 5006	100	2	98 2 
 5007	100	2	99 1 
 5008	100	2	99 1 
 5009	100	2	99 1 
 5010	100	2	99 1 
 5011	100	2	99 1 
 5012	100	2	100 0 
 5013	100	2	100 0 
 5014	100	2	99 1 
 5015	100	2	99 1 
 5016	100	2	99 1 
 5017	100	2	100 0 
 5018	100	2	99 1 
 5019	100	2	99 1 
 5020	100	2	99 1 
 5021	100	2	99 1 
 5022	100	2	98 2 
 5023	100	2	99 1 
 5024	100	2	99 1 
 5025	100	2	99 1 
 5026	100	2	99 1 
 5027	100	2	95 5 
 5028	100	2	99 1 
 5029	100	2	99 1 
 5030	100	2	96 4 
 5031	100	2	100 0 
 5032	100	2	99 1 
 5033	100	2	100 0 
 5034	100	2	99 1 
 5035	100	2	23 77 
 5036	100	2	23 77 
 5037	100	2	92 8 
 5038	100	2	23 77 
 5039	100	2	91 9 
 5040	100	2	98 2 
 5041	100	2	96 4 
 5042	100	2	99 1 
 5043	100	2	99 1 
 5044	100	2	100 0 
 5045	100	2	72 28 
 5046	100	2	97 3 
 5047	100	2	96 4 
 5048	100	2	97 3 
 5049	100	2	72 28 
 5050	100	2	72 28 
 5051	100	2	94 6 
 5052	100	2	99 1 
 5053	100	2	96 4 
 5054	100	2	97 3 
 5055	100	2	99 1 
 5056	100	2	99 1 
 5057	100	2	99 1 
 5058	100	2	99 1 
 5059	100	2	99 1 
 5060	100	2	99 1 
 5061	100	2	99 1 
 5062	100	2	100 0 
 5063	100	2	100 0 
 5064	100	2	99 1 
 5065	100	2	99 1 
 5066	100	2	90 10 
 5067	100	2	88 12 
 5068	100	2	99 1 
 5069	100	2	89 11 
 5070	100	2	98 2 
 5071	100	2	66 34 
 5072	100	2	93 7 
 5073	100	2	98 2 
 5074	100	2	94 6 
 5075	100	2	99 1 
 5076	100	2	100 0 
 5077	100	2	100 0 
 5078	100	2	98 2 
 5079	100	2	6 94 
 5080	100	2	69 31 
 5081	100	2	100 0 
 5082	100	2	99 1 
 5083	100	2	52 48 
 5084	100	2	49 51 
 5085	100	2	98 2 
 5086	100	2	94 6 
 5087	100	2	92 8 
 5088	100	2	16 84 
 5089	100	2	89 11 
 5090	100	2	96 4 
 5091	100	2	92 8 
 5092	100	2	99 1 
 5093	100	2	92 8 
 5094	100	2	92 8 
 5095	100	2	84 16 
 5096	100	2	96 4 
 5097	100	2	98 2 
 5098	100	2	100 0 
 5099	100	2	10 90 
 5100	100	2	74 26 
 5101	100	2	99 1 
 5102	100	2	19 81 
 5103	100	2	19 81 
 5104	100	2	99 1 
 5105	100	2	42 58 
 5106	100	2	95 5 
 5107	100	2	99 1 
 5108	100	2	18 82 
 5109	100	2	99 1 
 5110	100	2	99 1 
 5111	100	2	99 1 
 5112	100	2	99 1 
 5113	100	2	100 0 
 5114	100	2	98 2 
 5115	100	2	98 2 
 5116	100	2	100 0 
 5117	100	2	98 2 
 5118	100	2	82 18 
 5119	100	2	91 9 
 5120	100	2	100 0 
 5121	100	2	95 5 
 5122	100	2	99 1 
 5123	100	2	97 3 
 5124	100	2	87 13 
 5125	100	2	99 1 
 5126	100	2	94 6 
 5127	100	2	99 1 
 5128	100	2	97 3 
 5129	100	2	91 9 
 5130	100	2	88 12 
 5131	100	2	98 2 
 5132	100	2	97 3 
 5133	100	2	98 2 
 5134	100	2	100 0 
 5135	100	2	99 1 
 5136	100	2	94 6 
 5137	100	2	100 0 
 5138	100	2	100 0 
 5139	100	2	95 5 
 5140	100	2	98 2 
 5141	100	2	98 2 
 5142	100	2	100 0 
 5143	100	2	97 3 
 5144	100	2	100 0 
 5145	100	2	48 52 
 5146	100	2	60 40 
 5147	100	2	99 1 
 5148	100	2	98 2 
 5149	100	2	100 0 
 5150	100	2	11 89 
 5151	100	2	61 39 
 5152	100	2	97 3 
 5153	100	2	13 87 
 5154	100	2	93 7 
 5155	100	2	98 2 
 5156	100	2	98 2 
 5157	100	2	97 3 
 5158	100	2	99 1 
 5159	100	2	97 3 
 5160	100	2	99 1 
 5161	100	2	100 0 
 5162	100	2	89 11 
 5163	100	2	100 0 
 5164	100	2	99 1 
 5165	100	2	98 2 
 5166	100	2	97 3 
 5167	100	2	100 0 
 5168	100	2	99 1 
 5169	100	2	17 83 
 5170	100	2	99 1 
 5171	100	2	17 83 
 5172	100	2	99 1 
 5173	100	2	99 1 
 5174	100	2	99 1 
 5175	100	2	99 1 
 5176	100	2	99 1 
 5177	100	2	99 1 
 5178	100	2	99 1 
 5179	100	2	98 2 
 5180	100	2	20 80 
 5181	100	2	80 20 
 5182	100	2	1 99 
 5183	100	2	97 3 
 5184	100	2	100 0 
 5185	100	2	99 1 
 5186	100	2	57 43 
 5187	100	2	57 43 
 5188	100	2	99 1 
 5189	100	2	87 13 
 5190	100	2	99 1 
 5191	100	2	56 44 
 5192	100	2	94 6 
 5193	100	2	56 44 
 5194	100	2	24 76 
 5195	100	2	93 7 
 5196	100	2	97 3 
 5197	100	2	99 1 
 5198	100	2	100 0 
 5199	100	2	99 1 
 5200	100	2	96 4 
 5201	100	2	39 61 
 5202	100	2	19 81 
 5203	100	2	99 1 
 5204	100	2	100 0 
 5205	100	2	98 2 
 5206	100	2	95 5 
 5207	100	2	75 25 
 5208	100	2	94 6 
 5209	100	2	95 5 
 5210	100	2	44 56 
 5211	100	2	99 1 
 5212	100	2	57 43 
 5213	100	2	44 56 
 5214	100	2	94 6 
 5215	100	2	87 13 
 5216	100	2	98 2 
 5217	100	2	87 13 
 5218	100	2	95 5 
 5219	100	2	97 3 
 5220	100	2	98 2 
 5221	100	2	97 3 
 5222	100	2	89 11 
 5223	100	2	75 25 
 5224	100	2	99 1 
 5225	100	2	98 2 
 5226	100	2	97 3 
 5227	100	2	99 1 
 5228	100	2	91 9 
 5229	100	2	95 5 
 5230	100	2	100 0 
 5231	100	2	75 25 
 5232	100	2	99 1 
 5233	100	2	96 4 
 5234	100	2	95 5 
 5235	100	2	21 79 
 5236	100	2	92 8 
 5237	100	2	55 45 
 5238	100	2	99 1 
 5239	100	2	75 25 
 5240	100	2	95 5 
 5241	100	2	100 0 
 5242	100	2	99 1 
 5243	100	2	25 75 
 5244	100	2	76 24 
 5245	100	2	76 24 
 5246	100	2	72 28 
 5247	100	2	94 6 
 5248	100	2	100 0 
 5249	100	2	100 0 
 5250	100	2	98 2 
 5251	100	2	100 0 
 5252	100	2	22 78 
 5253	100	2	62 38 
 5254	100	2	88 12 
 5255	100	2	99 1 
 5256	100	2	99 1 
 5257	100	2	99 1 
 5258	100	2	100 0 
 5259	100	2	93 7 
 5260	100	2	99 1 
 5261	100	2	98 2 
 5262	100	2	100 0 
 5263	100	2	93 7 
 5264	100	2	99 1 
 5265	100	2	100 0 
 5266	100	2	93 7 
 5267	100	2	92 8 
 5268	100	2	99 1 
 5269	100	2	100 0 
 5270	100	2	99 1 
 5271	100	2	93 7 
 5272	100	2	21 79 
 5273	100	2	100 0 
 5274	100	2	49 51 
 5275	100	2	99 1 
 5276	100	2	98 2 
 5277	100	2	96 4 
 5278	100	2	98 2 
 5279	100	2	99 1 
 5280	100	2	99 1 
 5281	100	2	99 1 
 5282	100	2	100 0 
 5283	100	2	96 4 
 5284	100	2	100 0 
 5285	100	2	96 4 
 5286	100	2	98 2 
 5287	100	2	97 3 
 5288	100	2	99 1 
 5289	100	2	97 3 
 5290	100	2	97 3 
 5291	100	2	97 3 
 5292	100	2	58 42 
 5293	100	2	15 85 
 5294	100	2	99 1 
 5295	100	2	100 0 
 5296	100	2	100 0 
 5297	100	2	100 0 
 5298	100	2	99 1 
 5299	100	2	98 2 
 5300	100	2	99 1 
 5301	100	2	99 1 
 5302	100	2	100 0 
 5303	100	2	99 1 
 5304	100	2	74 26 
 5305	100	2	100 0 
 5306	100	2	99 1 
 5307	100	2	1 99 
 5308	100	2	97 3 
 5309	100	2	100 0 
 5310	100	2	100 0 
 5311	100	2	99 1 
 5312	100	2	99 1 
 5313	100	2	99 1 
 5314	100	2	96 4 
 5315	100	2	96 4 
 5316	100	2	80 20 
 5317	100	2	98 2 
 5318	100	2	100 0 
 5319	100	2	99 1 
 5320	100	2	100 0 
 5321	100	2	99 1 
 5322	100	2	99 1 
 5323	100	2	82 18 
 5324	100	2	99 1 
 5325	100	2	99 1 
 5326	100	2	61 39 
 5327	100	2	99 1 
 5328	100	2	99 1 
 5329	100	2	91 9 
 5330	100	2	93 7 
 5331	100	2	100 0 
 5332	100	2	99 1 
 5333	100	2	55 45 
 5334	100	2	88 12 
 5335	100	2	98 2 
 5336	100	2	12 88 
 5337	100	2	12 88 
 5338	100	2	98 2 
 5339	100	2	99 1 
 5340	100	2	99 1 
 5341	100	2	97 3 
 5342	100	2	98 2 
 5343	100	2	77 23 
 5344	100	2	53 47 
 5345	100	2	97 3 
 5346	100	2	92 8 
 5347	100	2	21 79 
 5348	100	2	92 8 
 5349	100	2	43 57 
 5350	100	2	100 0 
 5351	100	2	66 34 
 5352	100	2	100 0 
 5353	100	2	99 1 
 5354	100	2	98 2 
 5355	100	2	99 1 
 5356	100	2	99 1 
 5357	100	2	99 1 
 5358	100	2	99 1 
 5359	100	2	98 2 
 5360	100	2	99 1 
 5361	100	2	99 1 
 5362	100	2	99 1 
 5363	100	2	97 3 
 5364	100	2	85 15 
 5365	100	2	98 2 
 5366	100	2	99 1 
 5367	100	2	100 0 
 5368	100	2	99 1 
 5369	100	2	99 1 
 5370	100	2	99 1 
 5371	100	2	96 4 
 5372	100	2	94 6 
 5373	100	2	99 1 
 5374	100	2	99 1 
 5375	100	2	100 0 
 5376	100	2	100 0 
 5377	100	2	100 0 
 5378	100	2	98 2 
 5379	100	2	99 1 
 5380	100	2	97 3 
 5381	100	2	99 1 
 5382	100	2	87 13 
 5383	100	2	87 13 
 5384	100	2	87 13 
 5385	100	2	100 0 
 5386	100	2	99 1 
 5387	100	2	100 0 
 5388	100	2	98 2 
 5389	100	2	53 47 
 5390	100	2	99 1 
 5391	100	2	46 54 
 5392	100	2	100 0 
 5393	100	2	100 0 
 5394	100	2	88 12 
 5395	100	2	98 2 
 5396	100	2	99 1 
 5397	100	2	99 1 
 5398	100	2	99 1 
 5399	100	2	99 1 
 5400	100	2	99 1 
 5401	100	2	99 1 
 5402	100	2	99 1 
 5403	100	2	99 1 
 5404	100	2	99 1 
 5405	100	2	99 1 
 5406	100	2	92 8 
 5407	100	2	98 2 
 5408	100	2	100 0 
 5409	100	2	92 8 
 5410	100	2	100 0 
 5411	100	2	87 13 
 5412	100	2	100 0 
 5413	100	2	98 2 
 5414	100	2	100 0 
 5415	100	2	100 0 
 5416	100	2	87 13 
 5417	100	2	99 1 
 5418	100	2	100 0 
 5419	100	2	86 14 
 5420	100	2	100 0 
 5421	100	2	100 0 
 5422	100	2	79 21 
 5423	100	2	87 13 
 5424	100	2	99 1 
 5425	100	2	99 1 
 5426	100	2	100 0 

[pop]=2
 1	58	2	49 9 
 2	58	2	58 0 
 3	58	2	49 9 
 4	58	2	51 7 
 5	58	2	58 0 
 6	58	2	56 2 
 7	58	2	53 5 
 8	58	2	53 5 
 9	58	2	53 5 
 10	58	2	53 5 
 11	58	2	35 23 
 12	58	2	35 23 
 13	58	2	40 18 
 14	58	2	56 2 
 15	58	2	57 1 
 16	58	2	56 2 
 17	58	2	55 3 
 18	58	2	53 5 
 19	58	2	56 2 
 20	58	2	54 4 
 21	58	2	57 1 
 22	58	2	57 1 
 23	58	2	40 18 
 24	58	2	58 0 
 25	58	2	58 0 
 26	58	2	58 0 
 27	58	2	58 0 
 28	58	2	32 26 
 29	58	2	57 1 
 30	58	2	57 1 
 31	58	2	57 1 
 32	58	2	54 4 
 33	58	2	58 0 
 34	58	2	57 1 
 35	58	2	40 18 
 36	58	2	51 7 
 37	58	2	49 9 
 38	58	2	53 5 
 39	58	2	58 0 
 40	58	2	58 0 
 41	58	2	40 18 
 42	58	2	58 0 
 43	58	2	27 31 
 44	58	2	58 0 
 45	58	2	58 0 
 46	58	2	58 0 
 47	58	2	58 0 
 48	58	2	53 5 
 49	58	2	58 0 
 50	58	2	58 0 
 51	58	2	57 1 
 52	58	2	57 1 
 53	58	2	58 0 
 54	58	2	44 14 
 55	58	2	58 0 
 56	58	2	58 0 
 57	58	2	54 4 
 58	58	2	54 4 
 59	58	2	12 46 
 60	58	2	50 8 
 61	58	2	12 46 
 62	58	2	51 7 
 63	58	2	58 0 
 64	58	2	58 0 
 65	58	2	57 1 
 66	58	2	58 0 
 67	58	2	58 0 
 68	58	2	58 0 
 69	58	2	54 4 
 70	58	2	58 0 
 71	58	2	54 4 
 72	58	2	58 0 
 73	58	2	55 3 
 74	58	2	54 4 
 75	58	2	56 2 
 76	58	2	58 0 
 77	58	2	57 1 
 78	58	2	58 0 
 79	58	2	58 0 
 80	58	2	56 2 
 81	58	2	57 1 
 82	58	2	57 1 
 83	58	2	58 0 
 84	58	2	58 0 
 85	58	2	48 10 
 86	58	2	46 12 
 87	58	2	46 12 
 88	58	2	58 0 
 89	58	2	58 0 
 90	58	2	58 0 
 91	58	2	51 7 
 92	58	2	57 1 
 93	58	2	57 1 
 94	58	2	58 0 
 95	58	2	53 5 
 96	58	2	57 1 
 97	58	2	58 0 
 98	58	2	57 1 
 99	58	2	51 7 
 100	58	2	47 11 
 101	58	2	54 4 
 102	58	2	4 54 
 103	58	2	57 1 
 104	58	2	46 12 
 105	58	2	50 8 
 106	58	2	50 8 
 107	58	2	50 8 
 108	58	2	58 0 
 109	58	2	50 8 
 110	58	2	57 1 
 111	58	2	58 0 
 112	58	2	58 0 
 113	58	2	43 15 
 114	58	2	58 0 
 115	58	2	49 9 
 116	58	2	0 58 
 117	58	2	0 58 
 118	58	2	49 9 
 119	58	2	58 0 
 120	58	2	57 1 
 121	58	2	58 0 
 122	58	2	43 15 
 123	58	2	43 15 
 124	58	2	43 15 
 125	58	2	43 15 
 126	58	2	57 1 
 127	58	2	39 19 
 128	58	2	58 0 
 129	58	2	57 1 
 130	58	2	36 22 
 131	58	2	36 22 
 132	58	2	56 2 
 133	58	2	58 0 
 134	58	2	56 2 
 135	58	2	55 3 
 136	58	2	37 21 
 137	58	2	58 0 
 138	58	2	57 1 
 139	58	2	57 1 
 140	58	2	57 1 
 141	58	2	58 0 
 142	58	2	33 25 
 143	58	2	43 15 
 144	58	2	58 0 
 145	58	2	56 2 
 146	58	2	57 1 
 147	58	2	58 0 
 148	58	2	58 0 
 149	58	2	51 7 
 150	58	2	54 4 
 151	58	2	58 0 
 152	58	2	12 46 
 153	58	2	58 0 
 154	58	2	58 0 
 155	58	2	56 2 
 156	58	2	55 3 
 157	58	2	26 32 
 158	58	2	56 2 
 159	58	2	58 0 
 160	58	2	47 11 
 161	58	2	56 2 
 162	58	2	56 2 
 163	58	2	56 2 
 164	58	2	57 1 
 165	58	2	56 2 
 166	58	2	56 2 
 167	58	2	57 1 
 168	58	2	56 2 
 169	58	2	58 0 
 170	58	2	41 17 
 171	58	2	58 0 
 172	58	2	54 4 
 173	58	2	58 0 
 174	58	2	58 0 
 175	58	2	58 0 
 176	58	2	58 0 
 177	58	2	58 0 
 178	58	2	58 0 
 179	58	2	58 0 
 180	58	2	58 0 
 181	58	2	58 0 
 182	58	2	57 1 
 183	58	2	58 0 
 184	58	2	58 0 
 185	58	2	51 7 
 186	58	2	58 0 
 187	58	2	58 0 
 188	58	2	57 1 
 189	58	2	55 3 
 190	58	2	56 2 
 191	58	2	58 0 
 192	58	2	58 0 
 193	58	2	58 0 
 194	58	2	36 22 
 195	58	2	58 0 
 196	58	2	0 58 
 197	58	2	58 0 
 198	58	2	58 0 
 199	58	2	57 1 
 200	58	2	56 2 
 201	58	2	58 0 
 202	58	2	47 11 
 203	58	2	58 0 
 204	58	2	33 25 
 205	58	2	33 25 
 206	58	2	58 0 
 207	58	2	58 0 
 208	58	2	37 21 
 209	58	2	58 0 
 210	58	2	58 0 
 211	58	2	57 1 
 212	58	2	58 0 
 213	58	2	57 1 
 214	58	2	58 0 
 215	58	2	58 0 
 216	58	2	32 26 
 217	58	2	26 32 
 218	58	2	32 26 
 219	58	2	26 32 
 220	58	2	46 12 
 221	58	2	46 12 
 222	58	2	58 0 
 223	58	2	58 0 
 224	58	2	58 0 
 225	58	2	56 2 
 226	58	2	58 0 
 227	58	2	58 0 
 228	58	2	58 0 
 229	58	2	58 0 
 230	58	2	55 3 
 231	58	2	54 4 
 232	58	2	56 2 
 233	58	2	57 1 
 234	58	2	57 1 
 235	58	2	56 2 
 236	58	2	58 0 
 237	58	2	31 27 
 238	58	2	33 25 
 239	58	2	33 25 
 240	58	2	58 0 
 241	58	2	58 0 
 242	58	2	56 2 
 243	58	2	57 1 
 244	58	2	36 22 
 245	58	2	56 2 
 246	58	2	56 2 
 247	58	2	58 0 
 248	58	2	53 5 
 249	58	2	57 1 
 250	58	2	58 0 
 251	58	2	56 2 
 252	58	2	56 2 
 253	58	2	53 5 
 254	58	2	15 43 
 255	58	2	58 0 
 256	58	2	58 0 
 257	58	2	41 17 
 258	58	2	15 43 
 259	58	2	57 1 
 260	58	2	57 1 
 261	58	2	44 14 
 262	58	2	57 1 
 263	58	2	55 3 
 264	58	2	54 4 
 265	58	2	58 0 
 266	58	2	58 0 
 267	58	2	47 11 
 268	58	2	58 0 
 269	58	2	57 1 
 270	58	2	57 1 
 271	58	2	55 3 
 272	58	2	57 1 
 273	58	2	57 1 
 274	58	2	56 2 
 275	58	2	56 2 
 276	58	2	56 2 
 277	58	2	58 0 
 278	58	2	56 2 
 279	58	2	56 2 
 280	58	2	56 2 
 281	58	2	53 5 
 282	58	2	53 5 
 283	58	2	48 10 
 284	58	2	45 13 
 285	58	2	57 1 
 286	58	2	58 0 
 287	58	2	28 30 
 288	58	2	58 0 
 289	58	2	43 15 
 290	58	2	58 0 
 291	58	2	53 5 
 292	58	2	58 0 
 293	58	2	53 5 
 294	58	2	58 0 
 295	58	2	58 0 
 296	58	2	58 0 
 297	58	2	58 0 
 298	58	2	56 2 
 299	58	2	58 0 
 300	58	2	58 0 
 301	58	2	58 0 
 302	58	2	2 56 
 303	58	2	58 0 
 304	58	2	58 0 
 305	58	2	56 2 
 306	58	2	56 2 
 307	58	2	55 3 
 308	58	2	58 0 
 309	58	2	58 0 
 310	58	2	58 0 
 311	58	2	41 17 
 312	58	2	58 0 
 313	58	2	57 1 
 314	58	2	58 0 
 315	58	2	15 43 
 316	58	2	55 3 
 317	58	2	58 0 
 318	58	2	57 1 
 319	58	2	26 32 
 320	58	2	5 53 
 321	58	2	58 0 
 322	58	2	58 0 
 323	58	2	53 5 
 324	58	2	56 2 
 325	58	2	58 0 
 326	58	2	51 7 
 327	58	2	56 2 
 328	58	2	49 9 
 329	58	2	58 0 
 330	58	2	57 1 
 331	58	2	57 1 
 332	58	2	58 0 
 333	58	2	58 0 
 334	58	2	58 0 
 335	58	2	52 6 
 336	58	2	57 1 
 337	58	2	58 0 
 338	58	2	57 1 
 339	58	2	55 3 
 340	58	2	56 2 
 341	58	2	57 1 
 342	58	2	58 0 
 343	58	2	42 16 
 344	58	2	58 0 
 345	58	2	46 12 
 346	58	2	52 6 
 347	58	2	53 5 
 348	58	2	55 3 
 349	58	2	53 5 
 350	58	2	42 16 
 351	58	2	56 2 
 352	58	2	27 31 
 353	58	2	57 1 
 354	58	2	50 8 
 355	58	2	58 0 
 356	58	2	58 0 
 357	58	2	57 1 
 358	58	2	58 0 
 359	58	2	56 2 
 360	58	2	57 1 
 361	58	2	58 0 
 362	58	2	55 3 
 363	58	2	15 43 
 364	58	2	56 2 
 365	58	2	57 1 
 366	58	2	57 1 
 367	58	2	56 2 
 368	58	2	56 2 
 369	58	2	0 58 
 370	58	2	29 29 
 371	58	2	58 0 
 372	58	2	1 57 
 373	58	2	58 0 
 374	58	2	58 0 
 375	58	2	0 58 
 376	58	2	38 20 
 377	58	2	57 1 
 378	58	2	58 0 
 379	58	2	58 0 
 380	58	2	58 0 
 381	58	2	38 20 
 382	58	2	58 0 
 383	58	2	58 0 
 384	58	2	58 0 
 385	58	2	57 1 
 386	58	2	58 0 
 387	58	2	58 0 
 388	58	2	57 1 
 389	58	2	57 1 
 390	58	2	58 0 
 391	58	2	56 2 
 392	58	2	58 0 
 393	58	2	0 58 
 394	58	2	58 0 
 395	58	2	58 0 
 396	58	2	56 2 
 397	58	2	58 0 
 398	58	2	53 5 
 399	58	2	53 5 
 400	58	2	53 5 
 401	58	2	53 5 
 402	58	2	53 5 
 403	58	2	57 1 
 404	58	2	53 5 
 405	58	2	58 0 
 406	58	2	55 3 
 407	58	2	58 0 
 408	58	2	58 0 
 409	58	2	58 0 
 410	58	2	58 0 
 411	58	2	58 0 
 412	58	2	57 1 
 413	58	2	57 1 
 414	58	2	54 4 
 415	58	2	53 5 
 416	58	2	54 4 
 417	58	2	48 10 
 418	58	2	58 0 
 419	58	2	57 1 
 420	58	2	52 6 
 421	58	2	58 0 
 422	58	2	55 3 
 423	58	2	58 0 
 424	58	2	54 4 
 425	58	2	54 4 
 426	58	2	54 4 
 427	58	2	56 2 
 428	58	2	58 0 
 429	58	2	57 1 
 430	58	2	55 3 
 431	58	2	58 0 
 432	58	2	56 2 
 433	58	2	57 1 
 434	58	2	47 11 
 435	58	2	57 1 
 436	58	2	56 2 
 437	58	2	33 25 
 438	58	2	56 2 
 439	58	2	55 3 
 440	58	2	49 9 
 441	58	2	58 0 
 442	58	2	58 0 
 443	58	2	54 4 
 444	58	2	56 2 
 445	58	2	48 10 
 446	58	2	58 0 
 447	58	2	48 10 
 448	58	2	58 0 
 449	58	2	57 1 
 450	58	2	12 46 
 451	58	2	50 8 
 452	58	2	27 31 
 453	58	2	57 1 
 454	58	2	55 3 
 455	58	2	58 0 
 456	58	2	58 0 
 457	58	2	58 0 
 458	58	2	58 0 
 459	58	2	58 0 
 460	58	2	58 0 
 461	58	2	58 0 
 462	58	2	58 0 
 463	58	2	54 4 
 464	58	2	58 0 
 465	58	2	58 0 
 466	58	2	58 0 
 467	58	2	58 0 
 468	58	2	58 0 
 469	58	2	58 0 
 470	58	2	47 11 
 471	58	2	54 4 
 472	58	2	58 0 
 473	58	2	56 2 
 474	58	2	1 57 
 475	58	2	58 0 
 476	58	2	10 48 
 477	58	2	58 0 
 478	58	2	56 2 
 479	58	2	58 0 
 480	58	2	58 0 
 481	58	2	25 33 
 482	58	2	55 3 
 483	58	2	58 0 
 484	58	2	58 0 
 485	58	2	57 1 
 486	58	2	2 56 
 487	58	2	49 9 
 488	58	2	49 9 
 489	58	2	57 1 
 490	58	2	53 5 
 491	58	2	57 1 
 492	58	2	58 0 
 493	58	2	33 25 
 494	58	2	58 0 
 495	58	2	58 0 
 496	58	2	56 2 
 497	58	2	55 3 
 498	58	2	58 0 
 499	58	2	28 30 
 500	58	2	28 30 
 501	58	2	57 1 
 502	58	2	55 3 
 503	58	2	58 0 
 504	58	2	50 8 
 505	58	2	51 7 
 506	58	2	58 0 
 507	58	2	58 0 
 508	58	2	58 0 
 509	58	2	58 0 
 510	58	2	57 1 
 511	58	2	36 22 
 512	58	2	57 1 
 513	58	2	57 1 
 514	58	2	58 0 
 515	58	2	53 5 
 516	58	2	56 2 
 517	58	2	56 2 
 518	58	2	53 5 
 519	58	2	56 2 
 520	58	2	53 5 
 521	58	2	40 18 
 522	58	2	18 40 
 523	58	2	58 0 
 524	58	2	58 0 
 525	58	2	58 0 
 526	58	2	58 0 
 527	58	2	58 0 
 528	58	2	57 1 
 529	58	2	55 3 
 530	58	2	58 0 
 531	58	2	58 0 
 532	58	2	57 1 
 533	58	2	39 19 
 534	58	2	56 2 
 535	58	2	58 0 
 536	58	2	57 1 
 537	58	2	57 1 
 538	58	2	57 1 
 539	58	2	38 20 
 540	58	2	8 50 
 541	58	2	53 5 
 542	58	2	53 5 
 543	58	2	58 0 
 544	58	2	58 0 
 545	58	2	50 8 
 546	58	2	58 0 
 547	58	2	39 19 
 548	58	2	58 0 
 549	58	2	57 1 
 550	58	2	57 1 
 551	58	2	55 3 
 552	58	2	55 3 
 553	58	2	57 1 
 554	58	2	55 3 
 555	58	2	55 3 
 556	58	2	54 4 
 557	58	2	0 58 
 558	58	2	55 3 
 559	58	2	51 7 
 560	58	2	58 0 
 561	58	2	58 0 
 562	58	2	58 0 
 563	58	2	58 0 
 564	58	2	54 4 
 565	58	2	56 2 
 566	58	2	58 0 
 567	58	2	58 0 
 568	58	2	58 0 
 569	58	2	58 0 
 570	58	2	37 21 
 571	58	2	58 0 
 572	58	2	58 0 
 573	58	2	57 1 
 574	58	2	58 0 
 575	58	2	57 1 
 576	58	2	49 9 
 577	58	2	10 48 
 578	58	2	57 1 
 579	58	2	58 0 
 580	58	2	58 0 
 581	58	2	55 3 
 582	58	2	57 1 
 583	58	2	58 0 
 584	58	2	48 10 
 585	58	2	50 8 
 586	58	2	58 0 
 587	58	2	49 9 
 588	58	2	55 3 
 589	58	2	57 1 
 590	58	2	32 26 
 591	58	2	32 26 
 592	58	2	58 0 
 593	58	2	57 1 
 594	58	2	57 1 
 595	58	2	49 9 
 596	58	2	54 4 
 597	58	2	58 0 
 598	58	2	58 0 
 599	58	2	58 0 
 600	58	2	55 3 
 601	58	2	58 0 
 602	58	2	56 2 
 603	58	2	57 1 
 604	58	2	56 2 
 605	58	2	48 10 
 606	58	2	37 21 
 607	58	2	57 1 
 608	58	2	57 1 
 609	58	2	9 49 
 610	58	2	58 0 
 611	58	2	45 13 
 612	58	2	58 0 
 613	58	2	45 13 
 614	58	2	57 1 
 615	58	2	58 0 
 616	58	2	58 0 
 617	58	2	14 44 
 618	58	2	58 0 
 619	58	2	58 0 
 620	58	2	18 40 
 621	58	2	58 0 
 622	58	2	58 0 
 623	58	2	16 42 
 624	58	2	50 8 
 625	58	2	55 3 
 626	58	2	49 9 
 627	58	2	58 0 
 628	58	2	55 3 
 629	58	2	57 1 
 630	58	2	56 2 
 631	58	2	58 0 
 632	58	2	10 48 
 633	58	2	56 2 
 634	58	2	58 0 
 635	58	2	55 3 
 636	58	2	57 1 
 637	58	2	58 0 
 638	58	2	44 14 
 639	58	2	44 14 
 640	58	2	58 0 
 641	58	2	57 1 
 642	58	2	58 0 
 643	58	2	58 0 
 644	58	2	57 1 
 645	58	2	56 2 
 646	58	2	49 9 
 647	58	2	58 0 
 648	58	2	58 0 
 649	58	2	0 58 
 650	58	2	31 27 
 651	58	2	56 2 
 652	58	2	58 0 
 653	58	2	58 0 
 654	58	2	50 8 
 655	58	2	58 0 
 656	58	2	56 2 
 657	58	2	58 0 
 658	58	2	56 2 
 659	58	2	15 43 
 660	58	2	45 13 
 661	58	2	58 0 
 662	58	2	58 0 
 663	58	2	37 21 
 664	58	2	21 37 
 665	58	2	58 0 
 666	58	2	58 0 
 667	58	2	57 1 
 668	58	2	37 21 
 669	58	2	58 0 
 670	58	2	58 0 
 671	58	2	58 0 
 672	58	2	57 1 
 673	58	2	58 0 
 674	58	2	58 0 
 675	58	2	58 0 
 676	58	2	57 1 
 677	58	2	56 2 
 678	58	2	58 0 
 679	58	2	58 0 
 680	58	2	46 12 
 681	58	2	54 4 
 682	58	2	58 0 
 683	58	2	56 2 
 684	58	2	58 0 
 685	58	2	35 23 
 686	58	2	56 2 
 687	58	2	51 7 
 688	58	2	54 4 
 689	58	2	58 0 
 690	58	2	53 5 
 691	58	2	57 1 
 692	58	2	52 6 
 693	58	2	58 0 
 694	58	2	42 16 
 695	58	2	57 1 
 696	58	2	54 4 
 697	58	2	38 20 
 698	58	2	55 3 
 699	58	2	58 0 
 700	58	2	3 55 
 701	58	2	7 51 
 702	58	2	57 1 
 703	58	2	58 0 
 704	58	2	52 6 
 705	58	2	54 4 
 706	58	2	54 4 
 707	58	2	57 1 
 708	58	2	58 0 
 709	58	2	58 0 
 710	58	2	58 0 
 711	58	2	58 0 
 712	58	2	48 10 
 713	58	2	58 0 
 714	58	2	58 0 
 715	58	2	58 0 
 716	58	2	52 6 
 717	58	2	51 7 
 718	58	2	52 6 
 719	58	2	52 6 
 720	58	2	52 6 
 721	58	2	52 6 
 722	58	2	57 1 
 723	58	2	58 0 
 724	58	2	43 15 
 725	58	2	43 15 
 726	58	2	56 2 
 727	58	2	54 4 
 728	58	2	54 4 
 729	58	2	54 4 
 730	58	2	55 3 
 731	58	2	31 27 
 732	58	2	31 27 
 733	58	2	55 3 
 734	58	2	46 12 
 735	58	2	57 1 
 736	58	2	48 10 
 737	58	2	58 0 
 738	58	2	58 0 
 739	58	2	58 0 
 740	58	2	58 0 
 741	58	2	58 0 
 742	58	2	48 10 
 743	58	2	54 4 
 744	58	2	48 10 
 745	58	2	57 1 
 746	58	2	57 1 
 747	58	2	58 0 
 748	58	2	53 5 
 749	58	2	57 1 
 750	58	2	58 0 
 751	58	2	58 0 
 752	58	2	56 2 
 753	58	2	58 0 
 754	58	2	58 0 
 755	58	2	58 0 
 756	58	2	54 4 
 757	58	2	43 15 
 758	58	2	58 0 
 759	58	2	57 1 
 760	58	2	58 0 
 761	58	2	57 1 
 762	58	2	7 51 
 763	58	2	33 25 
 764	58	2	57 1 
 765	58	2	57 1 
 766	58	2	58 0 
 767	58	2	53 5 
 768	58	2	58 0 
 769	58	2	40 18 
 770	58	2	40 18 
 771	58	2	51 7 
 772	58	2	40 18 
 773	58	2	40 18 
 774	58	2	27 31 
 775	58	2	58 0 
 776	58	2	58 0 
 777	58	2	57 1 
 778	58	2	27 31 
 779	58	2	57 1 
 780	58	2	2 56 
 781	58	2	58 0 
 782	58	2	58 0 
 783	58	2	58 0 
 784	58	2	56 2 
 785	58	2	56 2 
 786	58	2	57 1 
 787	58	2	57 1 
 788	58	2	57 1 
 789	58	2	57 1 
 790	58	2	57 1 
 791	58	2	58 0 
 792	58	2	56 2 
 793	58	2	43 15 
 794	58	2	58 0 
 795	58	2	58 0 
 796	58	2	56 2 
 797	58	2	58 0 
 798	58	2	48 10 
 799	58	2	58 0 
 800	58	2	58 0 
 801	58	2	57 1 
 802	58	2	57 1 
 803	58	2	58 0 
 804	58	2	56 2 
 805	58	2	57 1 
 806	58	2	57 1 
 807	58	2	57 1 
 808	58	2	57 1 
 809	58	2	57 1 
 810	58	2	57 1 
 811	58	2	57 1 
 812	58	2	57 1 
 813	58	2	58 0 
 814	58	2	58 0 
 815	58	2	11 47 
 816	58	2	11 47 
 817	58	2	54 4 
 818	58	2	47 11 
 819	58	2	58 0 
 820	58	2	0 58 
 821	58	2	58 0 
 822	58	2	58 0 
 823	58	2	57 1 
 824	58	2	53 5 
 825	58	2	22 36 
 826	58	2	57 1 
 827	58	2	58 0 
 828	58	2	56 2 
 829	58	2	3 55 
 830	58	2	53 5 
 831	58	2	58 0 
 832	58	2	58 0 
 833	58	2	58 0 
 834	58	2	58 0 
 835	58	2	56 2 
 836	58	2	56 2 
 837	58	2	57 1 
 838	58	2	56 2 
 839	58	2	11 47 
 840	58	2	58 0 
 841	58	2	53 5 
 842	58	2	58 0 
 843	58	2	58 0 
 844	58	2	57 1 
 845	58	2	56 2 
 846	58	2	57 1 
 847	58	2	51 7 
 848	58	2	57 1 
 849	58	2	58 0 
 850	58	2	52 6 
 851	58	2	58 0 
 852	58	2	58 0 
 853	58	2	21 37 
 854	58	2	58 0 
 855	58	2	58 0 
 856	58	2	58 0 
 857	58	2	51 7 
 858	58	2	58 0 
 859	58	2	58 0 
 860	58	2	58 0 
 861	58	2	57 1 
 862	58	2	57 1 
 863	58	2	58 0 
 864	58	2	58 0 
 865	58	2	58 0 
 866	58	2	52 6 
 867	58	2	22 36 
 868	58	2	58 0 
 869	58	2	52 6 
 870	58	2	57 1 
 871	58	2	56 2 
 872	58	2	58 0 
 873	58	2	58 0 
 874	58	2	58 0 
 875	58	2	58 0 
 876	58	2	58 0 
 877	58	2	57 1 
 878	58	2	55 3 
 879	58	2	58 0 
 880	58	2	58 0 
 881	58	2	58 0 
 882	58	2	58 0 
 883	58	2	58 0 
 884	58	2	56 2 
 885	58	2	58 0 
 886	58	2	56 2 
 887	58	2	58 0 
 888	58	2	56 2 
 889	58	2	58 0 
 890	58	2	51 7 
 891	58	2	0 58 
 892	58	2	58 0 
 893	58	2	57 1 
 894	58	2	56 2 
 895	58	2	53 5 
 896	58	2	53 5 
 897	58	2	57 1 
 898	58	2	55 3 
 899	58	2	55 3 
 900	58	2	55 3 
 901	58	2	56 2 
 902	58	2	53 5 
 903	58	2	57 1 
 904	58	2	41 17 
 905	58	2	41 17 
 906	58	2	41 17 
 907	58	2	41 17 
 908	58	2	58 0 
 909	58	2	6 52 
 910	58	2	39 19 
 911	58	2	51 7 
 912	58	2	58 0 
 913	58	2	58 0 
 914	58	2	57 1 
 915	58	2	5 53 
 916	58	2	56 2 
 917	58	2	44 14 
 918	58	2	58 0 
 919	58	2	57 1 
 920	58	2	58 0 
 921	58	2	57 1 
 922	58	2	57 1 
 923	58	2	57 1 
 924	58	2	57 1 
 925	58	2	46 12 
 926	58	2	58 0 
 927	58	2	55 3 
 928	58	2	44 14 
 929	58	2	58 0 
 930	58	2	58 0 
 931	58	2	58 0 
 932	58	2	58 0 
 933	58	2	58 0 
 934	58	2	56 2 
 935	58	2	58 0 
 936	58	2	56 2 
 937	58	2	56 2 
 938	58	2	57 1 
 939	58	2	40 18 
 940	58	2	58 0 
 941	58	2	53 5 
 942	58	2	58 0 
 943	58	2	56 2 
 944	58	2	58 0 
 945	58	2	58 0 
 946	58	2	58 0 
 947	58	2	57 1 
 948	58	2	58 0 
 949	58	2	54 4 
 950	58	2	58 0 
 951	58	2	58 0 
 952	58	2	48 10 
 953	58	2	58 0 
 954	58	2	51 7 
 955	58	2	55 3 
 956	58	2	28 30 
 957	58	2	28 30 
 958	58	2	58 0 
 959	58	2	57 1 
 960	58	2	57 1 
 961	58	2	58 0 
 962	58	2	58 0 
 963	58	2	54 4 
 964	58	2	58 0 
 965	58	2	46 12 
 966	58	2	58 0 
 967	58	2	28 30 
 968	58	2	28 30 
 969	58	2	58 0 
 970	58	2	54 4 
 971	58	2	53 5 
 972	58	2	58 0 
 973	58	2	58 0 
 974	58	2	58 0 
 975	58	2	54 4 
 976	58	2	58 0 
 977	58	2	46 12 
 978	58	2	55 3 
 979	58	2	46 12 
 980	58	2	58 0 
 981	58	2	58 0 
 982	58	2	55 3 
 983	58	2	55 3 
 984	58	2	55 3 
 985	58	2	58 0 
 986	58	2	58 0 
 987	58	2	7 51 
 988	58	2	58 0 
 989	58	2	57 1 
 990	58	2	55 3 
 991	58	2	54 4 
 992	58	2	56 2 
 993	58	2	57 1 
 994	58	2	54 4 
 995	58	2	56 2 
 996	58	2	57 1 
 997	58	2	56 2 
 998	58	2	58 0 
 999	58	2	58 0 
 1000	58	2	53 5 
 1001	58	2	19 39 
 1002	58	2	58 0 
 1003	58	2	58 0 
 1004	58	2	58 0 
 1005	58	2	58 0 
 1006	58	2	58 0 
 1007	58	2	58 0 
 1008	58	2	26 32 
 1009	58	2	58 0 
 1010	58	2	58 0 
 1011	58	2	47 11 
 1012	58	2	54 4 
 1013	58	2	47 11 
 1014	58	2	43 15 
 1015	58	2	43 15 
 1016	58	2	49 9 
 1017	58	2	58 0 
 1018	58	2	22 36 
 1019	58	2	22 36 
 1020	58	2	52 6 
 1021	58	2	58 0 
 1022	58	2	58 0 
 1023	58	2	26 32 
 1024	58	2	32 26 
 1025	58	2	56 2 
 1026	58	2	58 0 
 1027	58	2	56 2 
 1028	58	2	58 0 
 1029	58	2	56 2 
 1030	58	2	35 23 
 1031	58	2	35 23 
 1032	58	2	10 48 
 1033	58	2	36 22 
 1034	58	2	57 1 
 1035	58	2	58 0 
 1036	58	2	58 0 
 1037	58	2	57 1 
 1038	58	2	26 32 
 1039	58	2	58 0 
 1040	58	2	26 32 
 1041	58	2	38 20 
 1042	58	2	58 0 
 1043	58	2	38 20 
 1044	58	2	46 12 
 1045	58	2	58 0 
 1046	58	2	52 6 
 1047	58	2	57 1 
 1048	58	2	46 12 
 1049	58	2	40 18 
 1050	58	2	55 3 
 1051	58	2	58 0 
 1052	58	2	57 1 
 1053	58	2	58 0 
 1054	58	2	57 1 
 1055	58	2	58 0 
 1056	58	2	58 0 
 1057	58	2	58 0 
 1058	58	2	58 0 
 1059	58	2	58 0 
 1060	58	2	58 0 
 1061	58	2	58 0 
 1062	58	2	57 1 
 1063	58	2	43 15 
 1064	58	2	57 1 
 1065	58	2	57 1 
 1066	58	2	57 1 
 1067	58	2	57 1 
 1068	58	2	57 1 
 1069	58	2	51 7 
 1070	58	2	58 0 
 1071	58	2	54 4 
 1072	58	2	55 3 
 1073	58	2	57 1 
 1074	58	2	57 1 
 1075	58	2	58 0 
 1076	58	2	58 0 
 1077	58	2	58 0 
 1078	58	2	58 0 
 1079	58	2	52 6 
 1080	58	2	56 2 
 1081	58	2	58 0 
 1082	58	2	55 3 
 1083	58	2	55 3 
 1084	58	2	57 1 
 1085	58	2	55 3 
 1086	58	2	57 1 
 1087	58	2	56 2 
 1088	58	2	55 3 
 1089	58	2	58 0 
 1090	58	2	57 1 
 1091	58	2	57 1 
 1092	58	2	57 1 
 1093	58	2	55 3 
 1094	58	2	58 0 
 1095	58	2	58 0 
 1096	58	2	57 1 
 1097	58	2	58 0 
 1098	58	2	57 1 
 1099	58	2	58 0 
 1100	58	2	58 0 
 1101	58	2	57 1 
 1102	58	2	58 0 
 1103	58	2	58 0 
 1104	58	2	58 0 
 1105	58	2	52 6 
 1106	58	2	58 0 
 1107	58	2	32 26 
 1108	58	2	26 32 
 1109	58	2	58 0 
 1110	58	2	58 0 
 1111	58	2	58 0 
 1112	58	2	56 2 
 1113	58	2	48 10 
 1114	58	2	58 0 
 1115	58	2	52 6 
 1116	58	2	56 2 
 1117	58	2	58 0 
 1118	58	2	58 0 
 1119	58	2	44 14 
 1120	58	2	54 4 
 1121	58	2	53 5 
 1122	58	2	58 0 
 1123	58	2	52 6 
 1124	58	2	19 39 
 1125	58	2	56 2 
 1126	58	2	57 1 
 1127	58	2	12 46 
 1128	58	2	49 9 
 1129	58	2	58 0 
 1130	58	2	10 48 
 1131	58	2	2 56 
 1132	58	2	57 1 
 1133	58	2	58 0 
 1134	58	2	32 26 
 1135	58	2	58 0 
 1136	58	2	56 2 
 1137	58	2	58 0 
 1138	58	2	57 1 
 1139	58	2	56 2 
 1140	58	2	44 14 
 1141	58	2	57 1 
 1142	58	2	57 1 
 1143	58	2	57 1 
 1144	58	2	56 2 
 1145	58	2	58 0 
 1146	58	2	57 1 
 1147	58	2	56 2 
 1148	58	2	58 0 
 1149	58	2	58 0 
 1150	58	2	57 1 
 1151	58	2	56 2 
 1152	58	2	57 1 
 1153	58	2	58 0 
 1154	58	2	44 14 
 1155	58	2	58 0 
 1156	58	2	56 2 
 1157	58	2	45 13 
 1158	58	2	56 2 
 1159	58	2	45 13 
 1160	58	2	57 1 
 1161	58	2	58 0 
 1162	58	2	58 0 
 1163	58	2	58 0 
 1164	58	2	57 1 
 1165	58	2	58 0 
 1166	58	2	58 0 
 1167	58	2	58 0 
 1168	58	2	50 8 
 1169	58	2	58 0 
 1170	58	2	58 0 
 1171	58	2	58 0 
 1172	58	2	58 0 
 1173	58	2	55 3 
 1174	58	2	58 0 
 1175	58	2	51 7 
 1176	58	2	58 0 
 1177	58	2	58 0 
 1178	58	2	58 0 
 1179	58	2	58 0 
 1180	58	2	58 0 
 1181	58	2	58 0 
 1182	58	2	58 0 
 1183	58	2	52 6 
 1184	58	2	58 0 
 1185	58	2	8 50 
 1186	58	2	58 0 
 1187	58	2	57 1 
 1188	58	2	25 33 
 1189	58	2	57 1 
 1190	58	2	57 1 
 1191	58	2	56 2 
 1192	58	2	57 1 
 1193	58	2	57 1 
 1194	58	2	55 3 
 1195	58	2	55 3 
 1196	58	2	57 1 
 1197	58	2	57 1 
 1198	58	2	56 2 
 1199	58	2	55 3 
 1200	58	2	58 0 
 1201	58	2	56 2 
 1202	58	2	56 2 
 1203	58	2	46 12 
 1204	58	2	31 27 
 1205	58	2	57 1 
 1206	58	2	57 1 
 1207	58	2	58 0 
 1208	58	2	41 17 
 1209	58	2	58 0 
 1210	58	2	54 4 
 1211	58	2	58 0 
 1212	58	2	53 5 
 1213	58	2	57 1 
 1214	58	2	58 0 
 1215	58	2	56 2 
 1216	58	2	58 0 
 1217	58	2	58 0 
 1218	58	2	58 0 
 1219	58	2	47 11 
 1220	58	2	58 0 
 1221	58	2	46 12 
 1222	58	2	57 1 
 1223	58	2	57 1 
 1224	58	2	50 8 
 1225	58	2	47 11 
 1226	58	2	47 11 
 1227	58	2	51 7 
 1228	58	2	55 3 
 1229	58	2	58 0 
 1230	58	2	47 11 
 1231	58	2	58 0 
 1232	58	2	58 0 
 1233	58	2	58 0 
 1234	58	2	57 1 
 1235	58	2	58 0 
 1236	58	2	57 1 
 1237	58	2	58 0 
 1238	58	2	38 20 
 1239	58	2	56 2 
 1240	58	2	58 0 
 1241	58	2	56 2 
 1242	58	2	56 2 
 1243	58	2	58 0 
 1244	58	2	28 30 
 1245	58	2	56 2 
 1246	58	2	36 22 
 1247	58	2	52 6 
 1248	58	2	58 0 
 1249	58	2	56 2 
 1250	58	2	58 0 
 1251	58	2	55 3 
 1252	58	2	58 0 
 1253	58	2	52 6 
 1254	58	2	52 6 
 1255	58	2	58 0 
 1256	58	2	58 0 
 1257	58	2	58 0 
 1258	58	2	58 0 
 1259	58	2	50 8 
 1260	58	2	56 2 
 1261	58	2	58 0 
 1262	58	2	55 3 
 1263	58	2	58 0 
 1264	58	2	58 0 
 1265	58	2	58 0 
 1266	58	2	58 0 
 1267	58	2	58 0 
 1268	58	2	56 2 
 1269	58	2	45 13 
 1270	58	2	45 13 
 1271	58	2	45 13 
 1272	58	2	45 13 
 1273	58	2	58 0 
 1274	58	2	45 13 
 1275	58	2	56 2 
 1276	58	2	58 0 
 1277	58	2	55 3 
 1278	58	2	58 0 
 1279	58	2	57 1 
 1280	58	2	58 0 
 1281	58	2	58 0 
 1282	58	2	55 3 
 1283	58	2	58 0 
 1284	58	2	58 0 
 1285	58	2	58 0 
 1286	58	2	4 54 
 1287	58	2	57 1 
 1288	58	2	51 7 
 1289	58	2	58 0 
 1290	58	2	58 0 
 1291	58	2	58 0 
 1292	58	2	8 50 
 1293	58	2	58 0 
 1294	58	2	58 0 
 1295	58	2	50 8 
 1296	58	2	58 0 
 1297	58	2	0 58 
 1298	58	2	56 2 
 1299	58	2	57 1 
 1300	58	2	55 3 
 1301	58	2	46 12 
 1302	58	2	58 0 
 1303	58	2	58 0 
 1304	58	2	53 5 
 1305	58	2	56 2 
 1306	58	2	57 1 
 1307	58	2	10 48 
 1308	58	2	57 1 
 1309	58	2	58 0 
 1310	58	2	58 0 
 1311	58	2	55 3 
 1312	58	2	57 1 
 1313	58	2	58 0 
 1314	58	2	48 10 
 1315	58	2	50 8 
 1316	58	2	58 0 
 1317	58	2	49 9 
 1318	58	2	55 3 
 1319	58	2	57 1 
 1320	58	2	32 26 
 1321	58	2	32 26 
 1322	58	2	58 0 
 1323	58	2	0 58 
 1324	58	2	58 0 
 1325	58	2	54 4 
 1326	58	2	58 0 
 1327	58	2	41 17 
 1328	58	2	17 41 
 1329	58	2	17 41 
 1330	58	2	58 0 
 1331	58	2	17 41 
 1332	58	2	17 41 
 1333	58	2	58 0 
 1334	58	2	56 2 
 1335	58	2	58 0 
 1336	58	2	55 3 
 1337	58	2	52 6 
 1338	58	2	58 0 
 1339	58	2	58 0 
 1340	58	2	58 0 
 1341	58	2	58 0 
 1342	58	2	51 7 
 1343	58	2	52 6 
 1344	58	2	58 0 
 1345	58	2	57 1 
 1346	58	2	52 6 
 1347	58	2	58 0 
 1348	58	2	57 1 
 1349	58	2	57 1 
 1350	58	2	9 49 
 1351	58	2	10 48 
 1352	58	2	10 48 
 1353	58	2	58 0 
 1354	58	2	57 1 
 1355	58	2	58 0 
 1356	58	2	57 1 
 1357	58	2	34 24 
 1358	58	2	55 3 
 1359	58	2	57 1 
 1360	58	2	58 0 
 1361	58	2	58 0 
 1362	58	2	56 2 
 1363	58	2	58 0 
 1364	58	2	58 0 
 1365	58	2	58 0 
 1366	58	2	56 2 
 1367	58	2	55 3 
 1368	58	2	58 0 
 1369	58	2	57 1 
 1370	58	2	58 0 
 1371	58	2	2 56 
 1372	58	2	21 37 
 1373	58	2	58 0 
 1374	58	2	57 1 
 1375	58	2	58 0 
 1376	58	2	57 1 
 1377	58	2	57 1 
 1378	58	2	55 3 
 1379	58	2	41 17 
 1380	58	2	57 1 
 1381	58	2	58 0 
 1382	58	2	56 2 
 1383	58	2	58 0 
 1384	58	2	58 0 
 1385	58	2	57 1 
 1386	58	2	58 0 
 1387	58	2	58 0 
 1388	58	2	55 3 
 1389	58	2	53 5 
 1390	58	2	57 1 
 1391	58	2	54 4 
 1392	58	2	15 43 
 1393	58	2	56 2 
 1394	58	2	15 43 
 1395	58	2	58 0 
 1396	58	2	58 0 
 1397	58	2	15 43 
 1398	58	2	0 58 
 1399	58	2	55 3 
 1400	58	2	28 30 
 1401	58	2	0 58 
 1402	58	2	54 4 
 1403	58	2	45 13 
 1404	58	2	58 0 
 1405	58	2	58 0 
 1406	58	2	51 7 
 1407	58	2	58 0 
 1408	58	2	58 0 
 1409	58	2	58 0 
 1410	58	2	57 1 
 1411	58	2	57 1 
 1412	58	2	58 0 
 1413	58	2	58 0 
 1414	58	2	57 1 
 1415	58	2	58 0 
 1416	58	2	57 1 
 1417	58	2	9 49 
 1418	58	2	57 1 
 1419	58	2	58 0 
 1420	58	2	58 0 
 1421	58	2	55 3 
 1422	58	2	0 58 
 1423	58	2	57 1 
 1424	58	2	58 0 
 1425	58	2	53 5 
 1426	58	2	57 1 
 1427	58	2	53 5 
 1428	58	2	58 0 
 1429	58	2	38 20 
 1430	58	2	53 5 
 1431	58	2	58 0 
 1432	58	2	57 1 
 1433	58	2	8 50 
 1434	58	2	57 1 
 1435	58	2	57 1 
 1436	58	2	3 55 
 1437	58	2	11 47 
 1438	58	2	36 22 
 1439	58	2	58 0 
 1440	58	2	55 3 
 1441	58	2	58 0 
 1442	58	2	58 0 
 1443	58	2	58 0 
 1444	58	2	40 18 
 1445	58	2	40 18 
 1446	58	2	48 10 
 1447	58	2	55 3 
 1448	58	2	48 10 
 1449	58	2	57 1 
 1450	58	2	58 0 
 1451	58	2	54 4 
 1452	58	2	58 0 
 1453	58	2	58 0 
 1454	58	2	53 5 
 1455	58	2	57 1 
 1456	58	2	58 0 
 1457	58	2	54 4 
 1458	58	2	57 1 
 1459	58	2	57 1 
 1460	58	2	58 0 
 1461	58	2	54 4 
 1462	58	2	19 39 
 1463	58	2	58 0 
 1464	58	2	19 39 
 1465	58	2	58 0 
 1466	58	2	56 2 
 1467	58	2	19 39 
 1468	58	2	58 0 
 1469	58	2	58 0 
 1470	58	2	58 0 
 1471	58	2	58 0 
 1472	58	2	56 2 
 1473	58	2	47 11 
 1474	58	2	56 2 
 1475	58	2	40 18 
 1476	58	2	56 2 
 1477	58	2	53 5 
 1478	58	2	58 0 
 1479	58	2	47 11 
 1480	58	2	58 0 
 1481	58	2	58 0 
 1482	58	2	58 0 
 1483	58	2	56 2 
 1484	58	2	56 2 
 1485	58	2	56 2 
 1486	58	2	56 2 
 1487	58	2	56 2 
 1488	58	2	57 1 
 1489	58	2	58 0 
 1490	58	2	58 0 
 1491	58	2	57 1 
 1492	58	2	57 1 
 1493	58	2	56 2 
 1494	58	2	58 0 
 1495	58	2	56 2 
 1496	58	2	39 19 
 1497	58	2	58 0 
 1498	58	2	58 0 
 1499	58	2	58 0 
 1500	58	2	57 1 
 1501	58	2	58 0 
 1502	58	2	57 1 
 1503	58	2	58 0 
 1504	58	2	58 0 
 1505	58	2	56 2 
 1506	58	2	58 0 
 1507	58	2	54 4 
 1508	58	2	0 58 
 1509	58	2	55 3 
 1510	58	2	43 15 
 1511	58	2	51 7 
 1512	58	2	51 7 
 1513	58	2	55 3 
 1514	58	2	54 4 
 1515	58	2	51 7 
 1516	58	2	55 3 
 1517	58	2	54 4 
 1518	58	2	32 26 
 1519	58	2	58 0 
 1520	58	2	58 0 
 1521	58	2	58 0 
 1522	58	2	58 0 
 1523	58	2	58 0 
 1524	58	2	11 47 
 1525	58	2	47 11 
 1526	58	2	56 2 
 1527	58	2	56 2 
 1528	58	2	56 2 
 1529	58	2	56 2 
 1530	58	2	58 0 
 1531	58	2	55 3 
 1532	58	2	58 0 
 1533	58	2	31 27 
 1534	58	2	27 31 
 1535	58	2	27 31 
 1536	58	2	53 5 
 1537	58	2	56 2 
 1538	58	2	58 0 
 1539	58	2	53 5 
 1540	58	2	56 2 
 1541	58	2	50 8 
 1542	58	2	58 0 
 1543	58	2	58 0 
 1544	58	2	55 3 
 1545	58	2	58 0 
 1546	58	2	50 8 
 1547	58	2	56 2 
 1548	58	2	51 7 
 1549	58	2	50 8 
 1550	58	2	58 0 
 1551	58	2	54 4 
 1552	58	2	0 58 
 1553	58	2	56 2 
 1554	58	2	56 2 
 1555	58	2	58 0 
 1556	58	2	55 3 
 1557	58	2	57 1 
 1558	58	2	51 7 
 1559	58	2	39 19 
 1560	58	2	19 39 
 1561	58	2	58 0 
 1562	58	2	58 0 
 1563	58	2	58 0 
 1564	58	2	57 1 
 1565	58	2	58 0 
 1566	58	2	54 4 
 1567	58	2	57 1 
 1568	58	2	58 0 
 1569	58	2	58 0 
 1570	58	2	55 3 
 1571	58	2	31 27 
 1572	58	2	58 0 
 1573	58	2	50 8 
 1574	58	2	53 5 
 1575	58	2	58 0 
 1576	58	2	58 0 
 1577	58	2	58 0 
 1578	58	2	58 0 
 1579	58	2	58 0 
 1580	58	2	57 1 
 1581	58	2	58 0 
 1582	58	2	55 3 
 1583	58	2	55 3 
 1584	58	2	55 3 
 1585	58	2	55 3 
 1586	58	2	55 3 
 1587	58	2	55 3 
 1588	58	2	57 1 
 1589	58	2	57 1 
 1590	58	2	52 6 
 1591	58	2	55 3 
 1592	58	2	58 0 
 1593	58	2	58 0 
 1594	58	2	58 0 
 1595	58	2	58 0 
 1596	58	2	58 0 
 1597	58	2	58 0 
 1598	58	2	58 0 
 1599	58	2	58 0 
 1600	58	2	58 0 
 1601	58	2	50 8 
 1602	58	2	58 0 
 1603	58	2	8 50 
 1604	58	2	57 1 
 1605	58	2	26 32 
 1606	58	2	58 0 
 1607	58	2	58 0 
 1608	58	2	58 0 
 1609	58	2	58 0 
 1610	58	2	58 0 
 1611	58	2	54 4 
 1612	58	2	57 1 
 1613	58	2	56 2 
 1614	58	2	54 4 
 1615	58	2	58 0 
 1616	58	2	46 12 
 1617	58	2	58 0 
 1618	58	2	58 0 
 1619	58	2	35 23 
 1620	58	2	57 1 
 1621	58	2	45 13 
 1622	58	2	50 8 
 1623	58	2	53 5 
 1624	58	2	38 20 
 1625	58	2	53 5 
 1626	58	2	53 5 
 1627	58	2	55 3 
 1628	58	2	57 1 
 1629	58	2	25 33 
 1630	58	2	50 8 
 1631	58	2	58 0 
 1632	58	2	56 2 
 1633	58	2	49 9 
 1634	58	2	45 13 
 1635	58	2	18 40 
 1636	58	2	58 0 
 1637	58	2	58 0 
 1638	58	2	56 2 
 1639	58	2	57 1 
 1640	58	2	52 6 
 1641	58	2	58 0 
 1642	58	2	57 1 
 1643	58	2	58 0 
 1644	58	2	58 0 
 1645	58	2	56 2 
 1646	58	2	45 13 
 1647	58	2	58 0 
 1648	58	2	46 12 
 1649	58	2	57 1 
 1650	58	2	45 13 
 1651	58	2	58 0 
 1652	58	2	57 1 
 1653	58	2	51 7 
 1654	58	2	56 2 
 1655	58	2	21 37 
 1656	58	2	58 0 
 1657	58	2	58 0 
 1658	58	2	58 0 
 1659	58	2	31 27 
 1660	58	2	56 2 
 1661	58	2	57 1 
 1662	58	2	58 0 
 1663	58	2	10 48 
 1664	58	2	58 0 
 1665	58	2	58 0 
 1666	58	2	57 1 
 1667	58	2	57 1 
 1668	58	2	58 0 
 1669	58	2	57 1 
 1670	58	2	58 0 
 1671	58	2	57 1 
 1672	58	2	58 0 
 1673	58	2	57 1 
 1674	58	2	57 1 
 1675	58	2	57 1 
 1676	58	2	53 5 
 1677	58	2	58 0 
 1678	58	2	54 4 
 1679	58	2	58 0 
 1680	58	2	44 14 
 1681	58	2	22 36 
 1682	58	2	57 1 
 1683	58	2	31 27 
 1684	58	2	55 3 
 1685	58	2	54 4 
 1686	58	2	52 6 
 1687	58	2	57 1 
 1688	58	2	57 1 
 1689	58	2	54 4 
 1690	58	2	57 1 
 1691	58	2	57 1 
 1692	58	2	44 14 
 1693	58	2	58 0 
 1694	58	2	58 0 
 1695	58	2	58 0 
 1696	58	2	55 3 
 1697	58	2	58 0 
 1698	58	2	47 11 
 1699	58	2	47 11 
 1700	58	2	44 14 
 1701	58	2	58 0 
 1702	58	2	53 5 
 1703	58	2	58 0 
 1704	58	2	58 0 
 1705	58	2	50 8 
 1706	58	2	58 0 
 1707	58	2	58 0 
 1708	58	2	58 0 
 1709	58	2	56 2 
 1710	58	2	20 38 
 1711	58	2	52 6 
 1712	58	2	53 5 
 1713	58	2	49 9 
 1714	58	2	58 0 
 1715	58	2	52 6 
 1716	58	2	58 0 
 1717	58	2	58 0 
 1718	58	2	0 58 
 1719	58	2	58 0 
 1720	58	2	58 0 
 1721	58	2	0 58 
 1722	58	2	56 2 
 1723	58	2	57 1 
 1724	58	2	56 2 
 1725	58	2	50 8 
 1726	58	2	58 0 
 1727	58	2	45 13 
 1728	58	2	51 7 
 1729	58	2	58 0 
 1730	58	2	51 7 
 1731	58	2	58 0 
 1732	58	2	27 31 
 1733	58	2	49 9 
 1734	58	2	47 11 
 1735	58	2	45 13 
 1736	58	2	51 7 
 1737	58	2	38 20 
 1738	58	2	45 13 
 1739	58	2	51 7 
 1740	58	2	51 7 
 1741	58	2	27 31 
 1742	58	2	49 9 
 1743	58	2	47 11 
 1744	58	2	45 13 
 1745	58	2	51 7 
 1746	58	2	45 13 
 1747	58	2	58 0 
 1748	58	2	47 11 
 1749	58	2	58 0 
 1750	58	2	57 1 
 1751	58	2	57 1 
 1752	58	2	55 3 
 1753	58	2	58 0 
 1754	58	2	55 3 
 1755	58	2	56 2 
 1756	58	2	58 0 
 1757	58	2	49 9 
 1758	58	2	58 0 
 1759	58	2	58 0 
 1760	58	2	58 0 
 1761	58	2	42 16 
 1762	58	2	57 1 
 1763	58	2	21 37 
 1764	58	2	58 0 
 1765	58	2	58 0 
 1766	58	2	58 0 
 1767	58	2	56 2 
 1768	58	2	57 1 
 1769	58	2	47 11 
 1770	58	2	49 9 
 1771	58	2	57 1 
 1772	58	2	53 5 
 1773	58	2	57 1 
 1774	58	2	58 0 
 1775	58	2	58 0 
 1776	58	2	58 0 
 1777	58	2	57 1 
 1778	58	2	50 8 
 1779	58	2	55 3 
 1780	58	2	57 1 
 1781	58	2	58 0 
 1782	58	2	45 13 
 1783	58	2	58 0 
 1784	58	2	56 2 
 1785	58	2	58 0 
 1786	58	2	58 0 
 1787	58	2	58 0 
 1788	58	2	58 0 
 1789	58	2	58 0 
 1790	58	2	56 2 
 1791	58	2	57 1 
 1792	58	2	58 0 
 1793	58	2	53 5 
 1794	58	2	27 31 
 1795	58	2	1 57 
 1796	58	2	1 57 
 1797	58	2	1 57 
 1798	58	2	1 57 
 1799	58	2	57 1 
 1800	58	2	57 1 
 1801	58	2	58 0 
 1802	58	2	56 2 
 1803	58	2	56 2 
 1804	58	2	13 45 
 1805	58	2	58 0 
 1806	58	2	56 2 
 1807	58	2	46 12 
 1808	58	2	54 4 
 1809	58	2	57 1 
 1810	58	2	58 0 
 1811	58	2	57 1 
 1812	58	2	57 1 
 1813	58	2	55 3 
 1814	58	2	58 0 
 1815	58	2	58 0 
 1816	58	2	56 2 
 1817	58	2	58 0 
 1818	58	2	55 3 
 1819	58	2	58 0 
 1820	58	2	56 2 
 1821	58	2	57 1 
 1822	58	2	58 0 
 1823	58	2	57 1 
 1824	58	2	58 0 
 1825	58	2	58 0 
 1826	58	2	56 2 
 1827	58	2	58 0 
 1828	58	2	48 10 
 1829	58	2	58 0 
 1830	58	2	42 16 
 1831	58	2	58 0 
 1832	58	2	56 2 
 1833	58	2	54 4 
 1834	58	2	32 26 
 1835	58	2	22 36 
 1836	58	2	56 2 
 1837	58	2	57 1 
 1838	58	2	55 3 
 1839	58	2	45 13 
 1840	58	2	58 0 
 1841	58	2	58 0 
 1842	58	2	57 1 
 1843	58	2	58 0 
 1844	58	2	53 5 
 1845	58	2	53 5 
 1846	58	2	53 5 
 1847	58	2	57 1 
 1848	58	2	57 1 
 1849	58	2	58 0 
 1850	58	2	57 1 
 1851	58	2	57 1 
 1852	58	2	57 1 
 1853	58	2	58 0 
 1854	58	2	58 0 
 1855	58	2	29 29 
 1856	58	2	58 0 
 1857	58	2	43 15 
 1858	58	2	57 1 
 1859	58	2	58 0 
 1860	58	2	57 1 
 1861	58	2	57 1 
 1862	58	2	58 0 
 1863	58	2	58 0 
 1864	58	2	4 54 
 1865	58	2	57 1 
 1866	58	2	57 1 
 1867	58	2	54 4 
 1868	58	2	58 0 
 1869	58	2	42 16 
 1870	58	2	58 0 
 1871	58	2	24 34 
 1872	58	2	16 42 
 1873	58	2	46 12 
 1874	58	2	58 0 
 1875	58	2	57 1 
 1876	58	2	42 16 
 1877	58	2	47 11 
 1878	58	2	58 0 
 1879	58	2	7 51 
 1880	58	2	58 0 
 1881	58	2	58 0 
 1882	58	2	45 13 
 1883	58	2	58 0 
 1884	58	2	58 0 
 1885	58	2	58 0 
 1886	58	2	58 0 
 1887	58	2	56 2 
 1888	58	2	58 0 
 1889	58	2	54 4 
 1890	58	2	58 0 
 1891	58	2	57 1 
 1892	58	2	57 1 
 1893	58	2	18 40 
 1894	58	2	58 0 
 1895	58	2	38 20 
 1896	58	2	58 0 
 1897	58	2	58 0 
 1898	58	2	58 0 
 1899	58	2	58 0 
 1900	58	2	56 2 
 1901	58	2	58 0 
 1902	58	2	7 51 
 1903	58	2	51 7 
 1904	58	2	58 0 
 1905	58	2	58 0 
 1906	58	2	58 0 
 1907	58	2	58 0 
 1908	58	2	36 22 
 1909	58	2	58 0 
 1910	58	2	36 22 
 1911	58	2	58 0 
 1912	58	2	54 4 
 1913	58	2	12 46 
 1914	58	2	58 0 
 1915	58	2	49 9 
 1916	58	2	58 0 
 1917	58	2	57 1 
 1918	58	2	58 0 
 1919	58	2	32 26 
 1920	58	2	44 14 
 1921	58	2	9 49 
 1922	58	2	58 0 
 1923	58	2	58 0 
 1924	58	2	58 0 
 1925	58	2	44 14 
 1926	58	2	56 2 
 1927	58	2	57 1 
 1928	58	2	32 26 
 1929	58	2	32 26 
 1930	58	2	12 46 
 1931	58	2	57 1 
 1932	58	2	57 1 
 1933	58	2	55 3 
 1934	58	2	58 0 
 1935	58	2	58 0 
 1936	58	2	58 0 
 1937	58	2	57 1 
 1938	58	2	56 2 
 1939	58	2	57 1 
 1940	58	2	57 1 
 1941	58	2	48 10 
 1942	58	2	50 8 
 1943	58	2	21 37 
 1944	58	2	58 0 
 1945	58	2	26 32 
 1946	58	2	26 32 
 1947	58	2	58 0 
 1948	58	2	10 48 
 1949	58	2	58 0 
 1950	58	2	55 3 
 1951	58	2	53 5 
 1952	58	2	15 43 
 1953	58	2	56 2 
 1954	58	2	57 1 
 1955	58	2	57 1 
 1956	58	2	57 1 
 1957	58	2	55 3 
 1958	58	2	58 0 
 1959	58	2	57 1 
 1960	58	2	55 3 
 1961	58	2	57 1 
 1962	58	2	58 0 
 1963	58	2	58 0 
 1964	58	2	52 6 
 1965	58	2	58 0 
 1966	58	2	53 5 
 1967	58	2	48 10 
 1968	58	2	10 48 
 1969	58	2	10 48 
 1970	58	2	56 2 
 1971	58	2	58 0 
 1972	58	2	47 11 
 1973	58	2	58 0 
 1974	58	2	58 0 
 1975	58	2	56 2 
 1976	58	2	58 0 
 1977	58	2	52 6 
 1978	58	2	51 7 
 1979	58	2	58 0 
 1980	58	2	58 0 
 1981	58	2	58 0 
 1982	58	2	58 0 
 1983	58	2	58 0 
 1984	58	2	56 2 
 1985	58	2	58 0 
 1986	58	2	57 1 
 1987	58	2	58 0 
 1988	58	2	58 0 
 1989	58	2	58 0 
 1990	58	2	58 0 
 1991	58	2	58 0 
 1992	58	2	58 0 
 1993	58	2	53 5 
 1994	58	2	53 5 
 1995	58	2	53 5 
 1996	58	2	58 0 
 1997	58	2	58 0 
 1998	58	2	52 6 
 1999	58	2	57 1 
 2000	58	2	0 58 
 2001	58	2	58 0 
 2002	58	2	58 0 
 2003	58	2	56 2 
 2004	58	2	56 2 
 2005	58	2	56 2 
 2006	58	2	56 2 
 2007	58	2	58 0 
 2008	58	2	56 2 
 2009	58	2	56 2 
 2010	58	2	57 1 
 2011	58	2	34 24 
 2012	58	2	56 2 
 2013	58	2	22 36 
 2014	58	2	42 16 
 2015	58	2	58 0 
 2016	58	2	16 42 
 2017	58	2	22 36 
 2018	58	2	57 1 
 2019	58	2	58 0 
 2020	58	2	58 0 
 2021	58	2	56 2 
 2022	58	2	57 1 
 2023	58	2	55 3 
 2024	58	2	4 54 
 2025	58	2	36 22 
 2026	58	2	58 0 
 2027	58	2	44 14 
 2028	58	2	44 14 
 2029	58	2	55 3 
 2030	58	2	34 24 
 2031	58	2	14 44 
 2032	58	2	58 0 
 2033	58	2	56 2 
 2034	58	2	58 0 
 2035	58	2	56 2 
 2036	58	2	58 0 
 2037	58	2	28 30 
 2038	58	2	56 2 
 2039	58	2	56 2 
 2040	58	2	58 0 
 2041	58	2	55 3 
 2042	58	2	47 11 
 2043	58	2	56 2 
 2044	58	2	54 4 
 2045	58	2	58 0 
 2046	58	2	58 0 
 2047	58	2	56 2 
 2048	58	2	45 13 
 2049	58	2	58 0 
 2050	58	2	58 0 
 2051	58	2	58 0 
 2052	58	2	31 27 
 2053	58	2	58 0 
 2054	58	2	58 0 
 2055	58	2	57 1 
 2056	58	2	58 0 
 2057	58	2	58 0 
 2058	58	2	54 4 
 2059	58	2	58 0 
 2060	58	2	56 2 
 2061	58	2	57 1 
 2062	58	2	54 4 
 2063	58	2	54 4 
 2064	58	2	52 6 
 2065	58	2	52 6 
 2066	58	2	33 25 
 2067	58	2	58 0 
 2068	58	2	58 0 
 2069	58	2	58 0 
 2070	58	2	58 0 
 2071	58	2	58 0 
 2072	58	2	56 2 
 2073	58	2	57 1 
 2074	58	2	58 0 
 2075	58	2	58 0 
 2076	58	2	58 0 
 2077	58	2	57 1 
 2078	58	2	57 1 
 2079	58	2	24 34 
 2080	58	2	58 0 
 2081	58	2	57 1 
 2082	58	2	58 0 
 2083	58	2	57 1 
 2084	58	2	58 0 
 2085	58	2	58 0 
 2086	58	2	55 3 
 2087	58	2	57 1 
 2088	58	2	58 0 
 2089	58	2	58 0 
 2090	58	2	57 1 
 2091	58	2	58 0 
 2092	58	2	58 0 
 2093	58	2	27 31 
 2094	58	2	58 0 
 2095	58	2	58 0 
 2096	58	2	43 15 
 2097	58	2	58 0 
 2098	58	2	56 2 
 2099	58	2	27 31 
 2100	58	2	27 31 
 2101	58	2	56 2 
 2102	58	2	58 0 
 2103	58	2	32 26 
 2104	58	2	58 0 
 2105	58	2	58 0 
 2106	58	2	32 26 
 2107	58	2	58 0 
 2108	58	2	32 26 
 2109	58	2	57 1 
 2110	58	2	26 32 
 2111	58	2	58 0 
 2112	58	2	58 0 
 2113	58	2	57 1 
 2114	58	2	57 1 
 2115	58	2	58 0 
 2116	58	2	56 2 
 2117	58	2	55 3 
 2118	58	2	57 1 
 2119	58	2	57 1 
 2120	58	2	58 0 
 2121	58	2	41 17 
 2122	58	2	58 0 
 2123	58	2	51 7 
 2124	58	2	44 14 
 2125	58	2	36 22 
 2126	58	2	50 8 
 2127	58	2	22 36 
 2128	58	2	51 7 
 2129	58	2	39 19 
 2130	58	2	54 4 
 2131	58	2	39 19 
 2132	58	2	54 4 
 2133	58	2	46 12 
 2134	58	2	58 0 
 2135	58	2	55 3 
 2136	58	2	58 0 
 2137	58	2	58 0 
 2138	58	2	58 0 
 2139	58	2	58 0 
 2140	58	2	56 2 
 2141	58	2	58 0 
 2142	58	2	58 0 
 2143	58	2	58 0 
 2144	58	2	58 0 
 2145	58	2	53 5 
 2146	58	2	58 0 
 2147	58	2	58 0 
 2148	58	2	5 53 
 2149	58	2	55 3 
 2150	58	2	58 0 
 2151	58	2	57 1 
 2152	58	2	38 20 
 2153	58	2	21 37 
 2154	58	2	53 5 
 2155	58	2	48 10 
 2156	58	2	58 0 
 2157	58	2	43 15 
 2158	58	2	58 0 
 2159	58	2	21 37 
 2160	58	2	51 7 
 2161	58	2	55 3 
 2162	58	2	47 11 
 2163	58	2	26 32 
 2164	58	2	57 1 
 2165	58	2	58 0 
 2166	58	2	58 0 
 2167	58	2	58 0 
 2168	58	2	9 49 
 2169	58	2	9 49 
 2170	58	2	9 49 
 2171	58	2	58 0 
 2172	58	2	9 49 
 2173	58	2	26 32 
 2174	58	2	58 0 
 2175	58	2	55 3 
 2176	58	2	26 32 
 2177	58	2	57 1 
 2178	58	2	58 0 
 2179	58	2	57 1 
 2180	58	2	58 0 
 2181	58	2	57 1 
 2182	58	2	58 0 
 2183	58	2	58 0 
 2184	58	2	54 4 
 2185	58	2	53 5 
 2186	58	2	58 0 
 2187	58	2	14 44 
 2188	58	2	58 0 
 2189	58	2	53 5 
 2190	58	2	57 1 
 2191	58	2	58 0 
 2192	58	2	58 0 
 2193	58	2	49 9 
 2194	58	2	58 0 
 2195	58	2	58 0 
 2196	58	2	58 0 
 2197	58	2	7 51 
 2198	58	2	57 1 
 2199	58	2	58 0 
 2200	58	2	58 0 
 2201	58	2	58 0 
 2202	58	2	57 1 
 2203	58	2	57 1 
 2204	58	2	58 0 
 2205	58	2	57 1 
 2206	58	2	57 1 
 2207	58	2	52 6 
 2208	58	2	58 0 
 2209	58	2	25 33 
 2210	58	2	49 9 
 2211	58	2	57 1 
 2212	58	2	58 0 
 2213	58	2	58 0 
 2214	58	2	44 14 
 2215	58	2	56 2 
 2216	58	2	55 3 
 2217	58	2	55 3 
 2218	58	2	15 43 
 2219	58	2	57 1 
 2220	58	2	58 0 
 2221	58	2	58 0 
 2222	58	2	57 1 
 2223	58	2	58 0 
 2224	58	2	57 1 
 2225	58	2	52 6 
 2226	58	2	57 1 
 2227	58	2	57 1 
 2228	58	2	54 4 
 2229	58	2	58 0 
 2230	58	2	58 0 
 2231	58	2	58 0 
 2232	58	2	1 57 
 2233	58	2	57 1 
 2234	58	2	58 0 
 2235	58	2	58 0 
 2236	58	2	46 12 
 2237	58	2	57 1 
 2238	58	2	48 10 
 2239	58	2	54 4 
 2240	58	2	57 1 
 2241	58	2	58 0 
 2242	58	2	58 0 
 2243	58	2	50 8 
 2244	58	2	58 0 
 2245	58	2	54 4 
 2246	58	2	57 1 
 2247	58	2	56 2 
 2248	58	2	58 0 
 2249	58	2	32 26 
 2250	58	2	58 0 
 2251	58	2	58 0 
 2252	58	2	58 0 
 2253	58	2	58 0 
 2254	58	2	49 9 
 2255	58	2	54 4 
 2256	58	2	58 0 
 2257	58	2	58 0 
 2258	58	2	54 4 
 2259	58	2	58 0 
 2260	58	2	58 0 
 2261	58	2	57 1 
 2262	58	2	58 0 
 2263	58	2	56 2 
 2264	58	2	58 0 
 2265	58	2	58 0 
 2266	58	2	46 12 
 2267	58	2	55 3 
 2268	58	2	54 4 
 2269	58	2	58 0 
 2270	58	2	53 5 
 2271	58	2	58 0 
 2272	58	2	58 0 
 2273	58	2	35 23 
 2274	58	2	35 23 
 2275	58	2	56 2 
 2276	58	2	58 0 
 2277	58	2	35 23 
 2278	58	2	39 19 
 2279	58	2	58 0 
 2280	58	2	58 0 
 2281	58	2	42 16 
 2282	58	2	57 1 
 2283	58	2	58 0 
 2284	58	2	57 1 
 2285	58	2	42 16 
 2286	58	2	58 0 
 2287	58	2	53 5 
 2288	58	2	54 4 
 2289	58	2	52 6 
 2290	58	2	58 0 
 2291	58	2	53 5 
 2292	58	2	51 7 
 2293	58	2	57 1 
 2294	58	2	37 21 
 2295	58	2	37 21 
 2296	58	2	57 1 
 2297	58	2	37 21 
 2298	58	2	58 0 
 2299	58	2	37 21 
 2300	58	2	58 0 
 2301	58	2	54 4 
 2302	58	2	54 4 
 2303	58	2	57 1 
 2304	58	2	58 0 
 2305	58	2	56 2 
 2306	58	2	58 0 
 2307	58	2	49 9 
 2308	58	2	58 0 
 2309	58	2	58 0 
 2310	58	2	58 0 
 2311	58	2	57 1 
 2312	58	2	58 0 
 2313	58	2	58 0 
 2314	58	2	41 17 
 2315	58	2	58 0 
 2316	58	2	55 3 
 2317	58	2	58 0 
 2318	58	2	57 1 
 2319	58	2	57 1 
 2320	58	2	58 0 
 2321	58	2	58 0 
 2322	58	2	37 21 
 2323	58	2	58 0 
 2324	58	2	57 1 
 2325	58	2	35 23 
 2326	58	2	57 1 
 2327	58	2	14 44 
 2328	58	2	58 0 
 2329	58	2	56 2 
 2330	58	2	48 10 
 2331	58	2	56 2 
 2332	58	2	44 14 
 2333	58	2	14 44 
 2334	58	2	58 0 
 2335	58	2	57 1 
 2336	58	2	12 46 
 2337	58	2	58 0 
 2338	58	2	55 3 
 2339	58	2	58 0 
 2340	58	2	58 0 
 2341	58	2	58 0 
 2342	58	2	56 2 
 2343	58	2	58 0 
 2344	58	2	58 0 
 2345	58	2	53 5 
 2346	58	2	56 2 
 2347	58	2	56 2 
 2348	58	2	50 8 
 2349	58	2	51 7 
 2350	58	2	56 2 
 2351	58	2	58 0 
 2352	58	2	56 2 
 2353	58	2	58 0 
 2354	58	2	56 2 
 2355	58	2	53 5 
 2356	58	2	58 0 
 2357	58	2	54 4 
 2358	58	2	56 2 
 2359	58	2	56 2 
 2360	58	2	56 2 
 2361	58	2	1 57 
 2362	58	2	58 0 
 2363	58	2	58 0 
 2364	58	2	50 8 
 2365	58	2	47 11 
 2366	58	2	58 0 
 2367	58	2	58 0 
 2368	58	2	56 2 
 2369	58	2	51 7 
 2370	58	2	58 0 
 2371	58	2	58 0 
 2372	58	2	58 0 
 2373	58	2	58 0 
 2374	58	2	58 0 
 2375	58	2	58 0 
 2376	58	2	57 1 
 2377	58	2	58 0 
 2378	58	2	58 0 
 2379	58	2	58 0 
 2380	58	2	58 0 
 2381	58	2	58 0 
 2382	58	2	58 0 
 2383	58	2	13 45 
 2384	58	2	58 0 
 2385	58	2	58 0 
 2386	58	2	57 1 
 2387	58	2	57 1 
 2388	58	2	57 1 
 2389	58	2	58 0 
 2390	58	2	55 3 
 2391	58	2	55 3 
 2392	58	2	52 6 
 2393	58	2	49 9 
 2394	58	2	58 0 
 2395	58	2	58 0 
 2396	58	2	50 8 
 2397	58	2	58 0 
 2398	58	2	58 0 
 2399	58	2	50 8 
 2400	58	2	50 8 
 2401	58	2	50 8 
 2402	58	2	58 0 
 2403	58	2	29 29 
 2404	58	2	58 0 
 2405	58	2	58 0 
 2406	58	2	57 1 
 2407	58	2	58 0 
 2408	58	2	55 3 
 2409	58	2	57 1 
 2410	58	2	57 1 
 2411	58	2	58 0 
 2412	58	2	58 0 
 2413	58	2	21 37 
 2414	58	2	21 37 
 2415	58	2	58 0 
 2416	58	2	58 0 
 2417	58	2	57 1 
 2418	58	2	4 54 
 2419	58	2	57 1 
 2420	58	2	58 0 
 2421	58	2	4 54 
 2422	58	2	57 1 
 2423	58	2	58 0 
 2424	58	2	58 0 
 2425	58	2	57 1 
 2426	58	2	58 0 
 2427	58	2	58 0 
 2428	58	2	51 7 
 2429	58	2	58 0 
 2430	58	2	57 1 
 2431	58	2	49 9 
 2432	58	2	58 0 
 2433	58	2	9 49 
 2434	58	2	52 6 
 2435	58	2	56 2 
 2436	58	2	58 0 
 2437	58	2	58 0 
 2438	58	2	21 37 
 2439	58	2	58 0 
 2440	58	2	52 6 
 2441	58	2	4 54 
 2442	58	2	56 2 
 2443	58	2	58 0 
 2444	58	2	58 0 
 2445	58	2	58 0 
 2446	58	2	58 0 
 2447	58	2	58 0 
 2448	58	2	58 0 
 2449	58	2	58 0 
 2450	58	2	47 11 
 2451	58	2	57 1 
 2452	58	2	57 1 
 2453	58	2	57 1 
 2454	58	2	57 1 
 2455	58	2	58 0 
 2456	58	2	58 0 
 2457	58	2	58 0 
 2458	58	2	58 0 
 2459	58	2	6 52 
 2460	58	2	26 32 
 2461	58	2	26 32 
 2462	58	2	32 26 
 2463	58	2	6 52 
 2464	58	2	25 33 
 2465	58	2	52 6 
 2466	58	2	43 15 
 2467	58	2	58 0 
 2468	58	2	46 12 
 2469	58	2	57 1 
 2470	58	2	57 1 
 2471	58	2	58 0 
 2472	58	2	44 14 
 2473	58	2	56 2 
 2474	58	2	58 0 
 2475	58	2	15 43 
 2476	58	2	56 2 
 2477	58	2	56 2 
 2478	58	2	57 1 
 2479	58	2	57 1 
 2480	58	2	57 1 
 2481	58	2	56 2 
 2482	58	2	57 1 
 2483	58	2	56 2 
 2484	58	2	51 7 
 2485	58	2	37 21 
 2486	58	2	58 0 
 2487	58	2	39 19 
 2488	58	2	39 19 
 2489	58	2	39 19 
 2490	58	2	58 0 
 2491	58	2	39 19 
 2492	58	2	58 0 
 2493	58	2	58 0 
 2494	58	2	58 0 
 2495	58	2	58 0 
 2496	58	2	58 0 
 2497	58	2	58 0 
 2498	58	2	45 13 
 2499	58	2	54 4 
 2500	58	2	55 3 
 2501	58	2	55 3 
 2502	58	2	52 6 
 2503	58	2	52 6 
 2504	58	2	56 2 
 2505	58	2	52 6 
 2506	58	2	56 2 
 2507	58	2	47 11 
 2508	58	2	58 0 
 2509	58	2	58 0 
 2510	58	2	56 2 
 2511	58	2	35 23 
 2512	58	2	58 0 
 2513	58	2	31 27 
 2514	58	2	58 0 
 2515	58	2	57 1 
 2516	58	2	58 0 
 2517	58	2	58 0 
 2518	58	2	58 0 
 2519	58	2	58 0 
 2520	58	2	58 0 
 2521	58	2	58 0 
 2522	58	2	58 0 
 2523	58	2	56 2 
 2524	58	2	57 1 
 2525	58	2	58 0 
 2526	58	2	49 9 
 2527	58	2	55 3 
 2528	58	2	54 4 
 2529	58	2	58 0 
 2530	58	2	52 6 
 2531	58	2	58 0 
 2532	58	2	40 18 
 2533	58	2	47 11 
 2534	58	2	40 18 
 2535	58	2	40 18 
 2536	58	2	56 2 
 2537	58	2	56 2 
 2538	58	2	56 2 
 2539	58	2	58 0 
 2540	58	2	56 2 
 2541	58	2	58 0 
 2542	58	2	58 0 
 2543	58	2	58 0 
 2544	58	2	58 0 
 2545	58	2	58 0 
 2546	58	2	58 0 
 2547	58	2	58 0 
 2548	58	2	58 0 
 2549	58	2	58 0 
 2550	58	2	58 0 
 2551	58	2	53 5 
 2552	58	2	58 0 
 2553	58	2	58 0 
 2554	58	2	58 0 
 2555	58	2	58 0 
 2556	58	2	49 9 
 2557	58	2	58 0 
 2558	58	2	44 14 
 2559	58	2	42 16 
 2560	58	2	58 0 
 2561	58	2	22 36 
 2562	58	2	20 38 
 2563	58	2	1 57 
 2564	58	2	58 0 
 2565	58	2	58 0 
 2566	58	2	58 0 
 2567	58	2	44 14 
 2568	58	2	57 1 
 2569	58	2	57 1 
 2570	58	2	57 1 
 2571	58	2	58 0 
 2572	58	2	58 0 
 2573	58	2	39 19 
 2574	58	2	56 2 
 2575	58	2	56 2 
 2576	58	2	55 3 
 2577	58	2	57 1 
 2578	58	2	58 0 
 2579	58	2	57 1 
 2580	58	2	57 1 
 2581	58	2	57 1 
 2582	58	2	58 0 
 2583	58	2	57 1 
 2584	58	2	58 0 
 2585	58	2	58 0 
 2586	58	2	58 0 
 2587	58	2	58 0 
 2588	58	2	57 1 
 2589	58	2	37 21 
 2590	58	2	58 0 
 2591	58	2	37 21 
 2592	58	2	37 21 
 2593	58	2	57 1 
 2594	58	2	58 0 
 2595	58	2	58 0 
 2596	58	2	41 17 
 2597	58	2	56 2 
 2598	58	2	53 5 
 2599	58	2	53 5 
 2600	58	2	57 1 
 2601	58	2	57 1 
 2602	58	2	57 1 
 2603	58	2	58 0 
 2604	58	2	57 1 
 2605	58	2	57 1 
 2606	58	2	58 0 
 2607	58	2	54 4 
 2608	58	2	58 0 
 2609	58	2	52 6 
 2610	58	2	58 0 
 2611	58	2	58 0 
 2612	58	2	53 5 
 2613	58	2	53 5 
 2614	58	2	55 3 
 2615	58	2	58 0 
 2616	58	2	58 0 
 2617	58	2	32 26 
 2618	58	2	55 3 
 2619	58	2	56 2 
 2620	58	2	58 0 
 2621	58	2	58 0 
 2622	58	2	56 2 
 2623	58	2	58 0 
 2624	58	2	57 1 
 2625	58	2	57 1 
 2626	58	2	57 1 
 2627	58	2	57 1 
 2628	58	2	58 0 
 2629	58	2	57 1 
 2630	58	2	57 1 
 2631	58	2	57 1 
 2632	58	2	50 8 
 2633	58	2	5 53 
 2634	58	2	51 7 
 2635	58	2	57 1 
 2636	58	2	57 1 
 2637	58	2	0 58 
 2638	58	2	58 0 
 2639	58	2	55 3 
 2640	58	2	55 3 
 2641	58	2	57 1 
 2642	58	2	55 3 
 2643	58	2	58 0 
 2644	58	2	58 0 
 2645	58	2	58 0 
 2646	58	2	56 2 
 2647	58	2	58 0 
 2648	58	2	55 3 
 2649	58	2	55 3 
 2650	58	2	58 0 
 2651	58	2	58 0 
 2652	58	2	58 0 
 2653	58	2	58 0 
 2654	58	2	56 2 
 2655	58	2	56 2 
 2656	58	2	57 1 
 2657	58	2	58 0 
 2658	58	2	56 2 
 2659	58	2	58 0 
 2660	58	2	58 0 
 2661	58	2	58 0 
 2662	58	2	56 2 
 2663	58	2	50 8 
 2664	58	2	53 5 
 2665	58	2	50 8 
 2666	58	2	57 1 
 2667	58	2	50 8 
 2668	58	2	50 8 
 2669	58	2	56 2 
 2670	58	2	57 1 
 2671	58	2	56 2 
 2672	58	2	58 0 
 2673	58	2	58 0 
 2674	58	2	58 0 
 2675	58	2	58 0 
 2676	58	2	58 0 
 2677	58	2	58 0 
 2678	58	2	58 0 
 2679	58	2	58 0 
 2680	58	2	58 0 
 2681	58	2	57 1 
 2682	58	2	58 0 
 2683	58	2	56 2 
 2684	58	2	58 0 
 2685	58	2	58 0 
 2686	58	2	56 2 
 2687	58	2	2 56 
 2688	58	2	53 5 
 2689	58	2	57 1 
 2690	58	2	57 1 
 2691	58	2	58 0 
 2692	58	2	58 0 
 2693	58	2	56 2 
 2694	58	2	58 0 
 2695	58	2	57 1 
 2696	58	2	56 2 
 2697	58	2	58 0 
 2698	58	2	57 1 
 2699	58	2	55 3 
 2700	58	2	58 0 
 2701	58	2	46 12 
 2702	58	2	57 1 
 2703	58	2	46 12 
 2704	58	2	57 1 
 2705	58	2	58 0 
 2706	58	2	55 3 
 2707	58	2	55 3 
 2708	58	2	58 0 
 2709	58	2	55 3 
 2710	58	2	58 0 
 2711	58	2	49 9 
 2712	58	2	56 2 
 2713	58	2	56 2 
 2714	58	2	58 0 
 2715	58	2	58 0 
 2716	58	2	58 0 
 2717	58	2	56 2 
 2718	58	2	58 0 
 2719	58	2	58 0 
 2720	58	2	58 0 
 2721	58	2	56 2 
 2722	58	2	57 1 
 2723	58	2	57 1 
 2724	58	2	58 0 
 2725	58	2	55 3 
 2726	58	2	24 34 
 2727	58	2	58 0 
 2728	58	2	25 33 
 2729	58	2	25 33 
 2730	58	2	58 0 
 2731	58	2	58 0 
 2732	58	2	58 0 
 2733	58	2	58 0 
 2734	58	2	12 46 
 2735	58	2	58 0 
 2736	58	2	58 0 
 2737	58	2	24 34 
 2738	58	2	58 0 
 2739	58	2	56 2 
 2740	58	2	58 0 
 2741	58	2	17 41 
 2742	58	2	36 22 
 2743	58	2	53 5 
 2744	58	2	52 6 
 2745	58	2	58 0 
 2746	58	2	58 0 
 2747	58	2	58 0 
 2748	58	2	32 26 
 2749	58	2	54 4 
 2750	58	2	57 1 
 2751	58	2	55 3 
 2752	58	2	58 0 
 2753	58	2	58 0 
 2754	58	2	58 0 
 2755	58	2	50 8 
 2756	58	2	58 0 
 2757	58	2	58 0 
 2758	58	2	58 0 
 2759	58	2	58 0 
 2760	58	2	56 2 
 2761	58	2	56 2 
 2762	58	2	54 4 
 2763	58	2	57 1 
 2764	58	2	57 1 
 2765	58	2	57 1 
 2766	58	2	58 0 
 2767	58	2	57 1 
 2768	58	2	57 1 
 2769	58	2	52 6 
 2770	58	2	58 0 
 2771	58	2	3 55 
 2772	58	2	49 9 
 2773	58	2	54 4 
 2774	58	2	58 0 
 2775	58	2	52 6 
 2776	58	2	13 45 
 2777	58	2	26 32 
 2778	58	2	32 26 
 2779	58	2	53 5 
 2780	58	2	53 5 
 2781	58	2	53 5 
 2782	58	2	58 0 
 2783	58	2	4 54 
 2784	58	2	58 0 
 2785	58	2	55 3 
 2786	58	2	28 30 
 2787	58	2	36 22 
 2788	58	2	58 0 
 2789	58	2	58 0 
 2790	58	2	58 0 
 2791	58	2	57 1 
 2792	58	2	58 0 
 2793	58	2	55 3 
 2794	58	2	58 0 
 2795	58	2	29 29 
 2796	58	2	43 15 
 2797	58	2	58 0 
 2798	58	2	43 15 
 2799	58	2	58 0 
 2800	58	2	57 1 
 2801	58	2	58 0 
 2802	58	2	45 13 
 2803	58	2	57 1 
 2804	58	2	12 46 
 2805	58	2	12 46 
 2806	58	2	58 0 
 2807	58	2	58 0 
 2808	58	2	58 0 
 2809	58	2	57 1 
 2810	58	2	56 2 
 2811	58	2	58 0 
 2812	58	2	57 1 
 2813	58	2	58 0 
 2814	58	2	50 8 
 2815	58	2	48 10 
 2816	58	2	58 0 
 2817	58	2	0 58 
 2818	58	2	57 1 
 2819	58	2	58 0 
 2820	58	2	58 0 
 2821	58	2	24 34 
 2822	58	2	58 0 
 2823	58	2	58 0 
 2824	58	2	57 1 
 2825	58	2	57 1 
 2826	58	2	56 2 
 2827	58	2	58 0 
 2828	58	2	57 1 
 2829	58	2	57 1 
 2830	58	2	50 8 
 2831	58	2	57 1 
 2832	58	2	57 1 
 2833	58	2	57 1 
 2834	58	2	57 1 
 2835	58	2	58 0 
 2836	58	2	58 0 
 2837	58	2	58 0 
 2838	58	2	40 18 
 2839	58	2	56 2 
 2840	58	2	58 0 
 2841	58	2	44 14 
 2842	58	2	56 2 
 2843	58	2	58 0 
 2844	58	2	49 9 
 2845	58	2	58 0 
 2846	58	2	58 0 
 2847	58	2	58 0 
 2848	58	2	49 9 
 2849	58	2	58 0 
 2850	58	2	57 1 
 2851	58	2	58 0 
 2852	58	2	50 8 
 2853	58	2	49 9 
 2854	58	2	58 0 
 2855	58	2	57 1 
 2856	58	2	54 4 
 2857	58	2	47 11 
 2858	58	2	49 9 
 2859	58	2	58 0 
 2860	58	2	52 6 
 2861	58	2	52 6 
 2862	58	2	52 6 
 2863	58	2	49 9 
 2864	58	2	52 6 
 2865	58	2	58 0 
 2866	58	2	58 0 
 2867	58	2	58 0 
 2868	58	2	58 0 
 2869	58	2	18 40 
 2870	58	2	56 2 
 2871	58	2	31 27 
 2872	58	2	58 0 
 2873	58	2	56 2 
 2874	58	2	43 15 
 2875	58	2	56 2 
 2876	58	2	58 0 
 2877	58	2	56 2 
 2878	58	2	58 0 
 2879	58	2	58 0 
 2880	58	2	57 1 
 2881	58	2	53 5 
 2882	58	2	58 0 
 2883	58	2	57 1 
 2884	58	2	58 0 
 2885	58	2	58 0 
 2886	58	2	53 5 
 2887	58	2	57 1 
 2888	58	2	58 0 
 2889	58	2	57 1 
 2890	58	2	52 6 
 2891	58	2	53 5 
 2892	58	2	1 57 
 2893	58	2	56 2 
 2894	58	2	58 0 
 2895	58	2	56 2 
 2896	58	2	58 0 
 2897	58	2	58 0 
 2898	58	2	50 8 
 2899	58	2	58 0 
 2900	58	2	50 8 
 2901	58	2	58 0 
 2902	58	2	58 0 
 2903	58	2	28 30 
 2904	58	2	56 2 
 2905	58	2	56 2 
 2906	58	2	55 3 
 2907	58	2	5 53 
 2908	58	2	5 53 
 2909	58	2	57 1 
 2910	58	2	50 8 
 2911	58	2	50 8 
 2912	58	2	57 1 
 2913	58	2	58 0 
 2914	58	2	58 0 
 2915	58	2	55 3 
 2916	58	2	58 0 
 2917	58	2	58 0 
 2918	58	2	58 0 
 2919	58	2	57 1 
 2920	58	2	57 1 
 2921	58	2	57 1 
 2922	58	2	57 1 
 2923	58	2	56 2 
 2924	58	2	10 48 
 2925	58	2	40 18 
 2926	58	2	58 0 
 2927	58	2	58 0 
 2928	58	2	39 19 
 2929	58	2	39 19 
 2930	58	2	17 41 
 2931	58	2	56 2 
 2932	58	2	56 2 
 2933	58	2	51 7 
 2934	58	2	57 1 
 2935	58	2	50 8 
 2936	58	2	55 3 
 2937	58	2	58 0 
 2938	58	2	58 0 
 2939	58	2	56 2 
 2940	58	2	57 1 
 2941	58	2	57 1 
 2942	58	2	58 0 
 2943	58	2	58 0 
 2944	58	2	58 0 
 2945	58	2	58 0 
 2946	58	2	51 7 
 2947	58	2	15 43 
 2948	58	2	56 2 
 2949	58	2	15 43 
 2950	58	2	58 0 
 2951	58	2	56 2 
 2952	58	2	58 0 
 2953	58	2	54 4 
 2954	58	2	58 0 
 2955	58	2	57 1 
 2956	58	2	57 1 
 2957	58	2	56 2 
 2958	58	2	58 0 
 2959	58	2	41 17 
 2960	58	2	58 0 
 2961	58	2	41 17 
 2962	58	2	53 5 
 2963	58	2	58 0 
 2964	58	2	56 2 
 2965	58	2	58 0 
 2966	58	2	57 1 
 2967	58	2	56 2 
 2968	58	2	58 0 
 2969	58	2	58 0 
 2970	58	2	58 0 
 2971	58	2	46 12 
 2972	58	2	58 0 
 2973	58	2	57 1 
 2974	58	2	58 0 
 2975	58	2	58 0 
 2976	58	2	55 3 
 2977	58	2	49 9 
 2978	58	2	57 1 
 2979	58	2	45 13 
 2980	58	2	45 13 
 2981	58	2	45 13 
 2982	58	2	58 0 
 2983	58	2	56 2 
 2984	58	2	58 0 
 2985	58	2	58 0 
 2986	58	2	58 0 
 2987	58	2	57 1 
 2988	58	2	58 0 
 2989	58	2	57 1 
 2990	58	2	58 0 
 2991	58	2	58 0 
 2992	58	2	56 2 
 2993	58	2	58 0 
 2994	58	2	58 0 
 2995	58	2	57 1 
 2996	58	2	53 5 
 2997	58	2	44 14 
 2998	58	2	58 0 
 2999	58	2	58 0 
 3000	58	2	29 29 
 3001	58	2	52 6 
 3002	58	2	52 6 
 3003	58	2	58 0 
 3004	58	2	16 42 
 3005	58	2	13 45 
 3006	58	2	16 42 
 3007	58	2	16 42 
 3008	58	2	13 45 
 3009	58	2	57 1 
 3010	58	2	49 9 
 3011	58	2	49 9 
 3012	58	2	49 9 
 3013	58	2	58 0 
 3014	58	2	49 9 
 3015	58	2	49 9 
 3016	58	2	49 9 
 3017	58	2	58 0 
 3018	58	2	46 12 
 3019	58	2	58 0 
 3020	58	2	58 0 
 3021	58	2	0 58 
 3022	58	2	58 0 
 3023	58	2	58 0 
 3024	58	2	52 6 
 3025	58	2	11 47 
 3026	58	2	52 6 
 3027	58	2	57 1 
 3028	58	2	57 1 
 3029	58	2	27 31 
 3030	58	2	58 0 
 3031	58	2	58 0 
 3032	58	2	58 0 
 3033	58	2	58 0 
 3034	58	2	56 2 
 3035	58	2	11 47 
 3036	58	2	56 2 
 3037	58	2	52 6 
 3038	58	2	53 5 
 3039	58	2	58 0 
 3040	58	2	58 0 
 3041	58	2	58 0 
 3042	58	2	58 0 
 3043	58	2	58 0 
 3044	58	2	58 0 
 3045	58	2	58 0 
 3046	58	2	56 2 
 3047	58	2	57 1 
 3048	58	2	57 1 
 3049	58	2	58 0 
 3050	58	2	58 0 
 3051	58	2	45 13 
 3052	58	2	20 38 
 3053	58	2	51 7 
 3054	58	2	56 2 
 3055	58	2	52 6 
 3056	58	2	58 0 
 3057	58	2	57 1 
 3058	58	2	52 6 
 3059	58	2	57 1 
 3060	58	2	56 2 
 3061	58	2	39 19 
 3062	58	2	9 49 
 3063	58	2	58 0 
 3064	58	2	58 0 
 3065	58	2	55 3 
 3066	58	2	55 3 
 3067	58	2	58 0 
 3068	58	2	55 3 
 3069	58	2	46 12 
 3070	58	2	58 0 
 3071	58	2	53 5 
 3072	58	2	47 11 
 3073	58	2	56 2 
 3074	58	2	57 1 
 3075	58	2	58 0 
 3076	58	2	58 0 
 3077	58	2	58 0 
 3078	58	2	19 39 
 3079	58	2	39 19 
 3080	58	2	48 10 
 3081	58	2	58 0 
 3082	58	2	58 0 
 3083	58	2	56 2 
 3084	58	2	57 1 
 3085	58	2	57 1 
 3086	58	2	48 10 
 3087	58	2	58 0 
 3088	58	2	56 2 
 3089	58	2	58 0 
 3090	58	2	58 0 
 3091	58	2	58 0 
 3092	58	2	55 3 
 3093	58	2	58 0 
 3094	58	2	58 0 
 3095	58	2	58 0 
 3096	58	2	58 0 
 3097	58	2	57 1 
 3098	58	2	57 1 
 3099	58	2	57 1 
 3100	58	2	57 1 
 3101	58	2	57 1 
 3102	58	2	58 0 
 3103	58	2	40 18 
 3104	58	2	58 0 
 3105	58	2	58 0 
 3106	58	2	51 7 
 3107	58	2	55 3 
 3108	58	2	58 0 
 3109	58	2	30 28 
 3110	58	2	19 39 
 3111	58	2	58 0 
 3112	58	2	54 4 
 3113	58	2	54 4 
 3114	58	2	58 0 
 3115	58	2	54 4 
 3116	58	2	57 1 
 3117	58	2	58 0 
 3118	58	2	58 0 
 3119	58	2	55 3 
 3120	58	2	58 0 
 3121	58	2	58 0 
 3122	58	2	58 0 
 3123	58	2	58 0 
 3124	58	2	58 0 
 3125	58	2	58 0 
 3126	58	2	50 8 
 3127	58	2	56 2 
 3128	58	2	11 47 
 3129	58	2	47 11 
 3130	58	2	47 11 
 3131	58	2	58 0 
 3132	58	2	51 7 
 3133	58	2	58 0 
 3134	58	2	40 18 
 3135	58	2	58 0 
 3136	58	2	55 3 
 3137	58	2	31 27 
 3138	58	2	55 3 
 3139	58	2	55 3 
 3140	58	2	44 14 
 3141	58	2	47 11 
 3142	58	2	23 35 
 3143	58	2	56 2 
 3144	58	2	50 8 
 3145	58	2	58 0 
 3146	58	2	57 1 
 3147	58	2	58 0 
 3148	58	2	58 0 
 3149	58	2	46 12 
 3150	58	2	58 0 
 3151	58	2	51 7 
 3152	58	2	39 19 
 3153	58	2	58 0 
 3154	58	2	58 0 
 3155	58	2	58 0 
 3156	58	2	46 12 
 3157	58	2	57 1 
 3158	58	2	58 0 
 3159	58	2	57 1 
 3160	58	2	54 4 
 3161	58	2	52 6 
 3162	58	2	58 0 
 3163	58	2	57 1 
 3164	58	2	57 1 
 3165	58	2	56 2 
 3166	58	2	55 3 
 3167	58	2	56 2 
 3168	58	2	56 2 
 3169	58	2	56 2 
 3170	58	2	56 2 
 3171	58	2	56 2 
 3172	58	2	58 0 
 3173	58	2	58 0 
 3174	58	2	58 0 
 3175	58	2	45 13 
 3176	58	2	3 55 
 3177	58	2	56 2 
 3178	58	2	57 1 
 3179	58	2	58 0 
 3180	58	2	58 0 
 3181	58	2	53 5 
 3182	58	2	56 2 
 3183	58	2	57 1 
 3184	58	2	58 0 
 3185	58	2	58 0 
 3186	58	2	56 2 
 3187	58	2	23 35 
 3188	58	2	57 1 
 3189	58	2	58 0 
 3190	58	2	20 38 
 3191	58	2	57 1 
 3192	58	2	58 0 
 3193	58	2	57 1 
 3194	58	2	58 0 
 3195	58	2	58 0 
 3196	58	2	55 3 
 3197	58	2	49 9 
 3198	58	2	28 30 
 3199	58	2	49 9 
 3200	58	2	58 0 
 3201	58	2	58 0 
 3202	58	2	57 1 
 3203	58	2	56 2 
 3204	58	2	58 0 
 3205	58	2	58 0 
 3206	58	2	58 0 
 3207	58	2	58 0 
 3208	58	2	58 0 
 3209	58	2	58 0 
 3210	58	2	54 4 
 3211	58	2	58 0 
 3212	58	2	58 0 
 3213	58	2	37 21 
 3214	58	2	58 0 
 3215	58	2	46 12 
 3216	58	2	53 5 
 3217	58	2	57 1 
 3218	58	2	57 1 
 3219	58	2	57 1 
 3220	58	2	57 1 
 3221	58	2	57 1 
 3222	58	2	53 5 
 3223	58	2	58 0 
 3224	58	2	58 0 
 3225	58	2	57 1 
 3226	58	2	54 4 
 3227	58	2	54 4 
 3228	58	2	53 5 
 3229	58	2	58 0 
 3230	58	2	57 1 
 3231	58	2	57 1 
 3232	58	2	58 0 
 3233	58	2	57 1 
 3234	58	2	2 56 
 3235	58	2	58 0 
 3236	58	2	50 8 
 3237	58	2	56 2 
 3238	58	2	48 10 
 3239	58	2	56 2 
 3240	58	2	58 0 
 3241	58	2	46 12 
 3242	58	2	58 0 
 3243	58	2	58 0 
 3244	58	2	57 1 
 3245	58	2	42 16 
 3246	58	2	47 11 
 3247	58	2	53 5 
 3248	58	2	47 11 
 3249	58	2	58 0 
 3250	58	2	42 16 
 3251	58	2	44 14 
 3252	58	2	58 0 
 3253	58	2	44 14 
 3254	58	2	58 0 
 3255	58	2	58 0 
 3256	58	2	57 1 
 3257	58	2	58 0 
 3258	58	2	56 2 
 3259	58	2	58 0 
 3260	58	2	58 0 
 3261	58	2	58 0 
 3262	58	2	53 5 
 3263	58	2	53 5 
 3264	58	2	50 8 
 3265	58	2	58 0 
 3266	58	2	56 2 
 3267	58	2	55 3 
 3268	58	2	43 15 
 3269	58	2	58 0 
 3270	58	2	29 29 
 3271	58	2	43 15 
 3272	58	2	29 29 
 3273	58	2	43 15 
 3274	58	2	55 3 
 3275	58	2	58 0 
 3276	58	2	25 33 
 3277	58	2	55 3 
 3278	58	2	58 0 
 3279	58	2	58 0 
 3280	58	2	52 6 
 3281	58	2	58 0 
 3282	58	2	57 1 
 3283	58	2	57 1 
 3284	58	2	58 0 
 3285	58	2	53 5 
 3286	58	2	57 1 
 3287	58	2	58 0 
 3288	58	2	58 0 
 3289	58	2	58 0 
 3290	58	2	57 1 
 3291	58	2	55 3 
 3292	58	2	51 7 
 3293	58	2	56 2 
 3294	58	2	51 7 
 3295	58	2	53 5 
 3296	58	2	56 2 
 3297	58	2	51 7 
 3298	58	2	56 2 
 3299	58	2	56 2 
 3300	58	2	58 0 
 3301	58	2	3 55 
 3302	58	2	3 55 
 3303	58	2	57 1 
 3304	58	2	51 7 
 3305	58	2	53 5 
 3306	58	2	53 5 
 3307	58	2	57 1 
 3308	58	2	51 7 
 3309	58	2	58 0 
 3310	58	2	25 33 
 3311	58	2	58 0 
 3312	58	2	58 0 
 3313	58	2	58 0 
 3314	58	2	58 0 
 3315	58	2	20 38 
 3316	58	2	57 1 
 3317	58	2	57 1 
 3318	58	2	21 37 
 3319	58	2	21 37 
 3320	58	2	51 7 
 3321	58	2	51 7 
 3322	58	2	53 5 
 3323	58	2	58 0 
 3324	58	2	58 0 
 3325	58	2	55 3 
 3326	58	2	43 15 
 3327	58	2	57 1 
 3328	58	2	53 5 
 3329	58	2	58 0 
 3330	58	2	1 57 
 3331	58	2	47 11 
 3332	58	2	57 1 
 3333	58	2	51 7 
 3334	58	2	57 1 
 3335	58	2	55 3 
 3336	58	2	53 5 
 3337	58	2	58 0 
 3338	58	2	5 53 
 3339	58	2	30 28 
 3340	58	2	58 0 
 3341	58	2	50 8 
 3342	58	2	0 58 
 3343	58	2	43 15 
 3344	58	2	55 3 
 3345	58	2	24 34 
 3346	58	2	50 8 
 3347	58	2	57 1 
 3348	58	2	58 0 
 3349	58	2	57 1 
 3350	58	2	57 1 
 3351	58	2	57 1 
 3352	58	2	49 9 
 3353	58	2	58 0 
 3354	58	2	58 0 
 3355	58	2	58 0 
 3356	58	2	58 0 
 3357	58	2	48 10 
 3358	58	2	56 2 
 3359	58	2	56 2 
 3360	58	2	58 0 
 3361	58	2	57 1 
 3362	58	2	58 0 
 3363	58	2	45 13 
 3364	58	2	49 9 
 3365	58	2	47 11 
 3366	58	2	49 9 
 3367	58	2	53 5 
 3368	58	2	58 0 
 3369	58	2	58 0 
 3370	58	2	57 1 
 3371	58	2	57 1 
 3372	58	2	58 0 
 3373	58	2	58 0 
 3374	58	2	58 0 
 3375	58	2	51 7 
 3376	58	2	55 3 
 3377	58	2	54 4 
 3378	58	2	58 0 
 3379	58	2	55 3 
 3380	58	2	52 6 
 3381	58	2	48 10 
 3382	58	2	58 0 
 3383	58	2	57 1 
 3384	58	2	58 0 
 3385	58	2	58 0 
 3386	58	2	2 56 
 3387	58	2	40 18 
 3388	58	2	58 0 
 3389	58	2	51 7 
 3390	58	2	57 1 
 3391	58	2	41 17 
 3392	58	2	52 6 
 3393	58	2	57 1 
 3394	58	2	58 0 
 3395	58	2	57 1 
 3396	58	2	2 56 
 3397	58	2	58 0 
 3398	58	2	58 0 
 3399	58	2	57 1 
 3400	58	2	58 0 
 3401	58	2	57 1 
 3402	58	2	57 1 
 3403	58	2	57 1 
 3404	58	2	52 6 
 3405	58	2	58 0 
 3406	58	2	57 1 
 3407	58	2	4 54 
 3408	58	2	41 17 
 3409	58	2	58 0 
 3410	58	2	58 0 
 3411	58	2	58 0 
 3412	58	2	49 9 
 3413	58	2	57 1 
 3414	58	2	58 0 
 3415	58	2	57 1 
 3416	58	2	53 5 
 3417	58	2	58 0 
 3418	58	2	58 0 
 3419	58	2	42 16 
 3420	58	2	58 0 
 3421	58	2	42 16 
 3422	58	2	57 1 
 3423	58	2	58 0 
 3424	58	2	58 0 
 3425	58	2	56 2 
 3426	58	2	42 16 
 3427	58	2	58 0 
 3428	58	2	58 0 
 3429	58	2	58 0 
 3430	58	2	58 0 
 3431	58	2	58 0 
 3432	58	2	58 0 
 3433	58	2	42 16 
 3434	58	2	58 0 
 3435	58	2	58 0 
 3436	58	2	58 0 
 3437	58	2	58 0 
 3438	58	2	58 0 
 3439	58	2	17 41 
 3440	58	2	58 0 
 3441	58	2	57 1 
 3442	58	2	57 1 
 3443	58	2	58 0 
 3444	58	2	57 1 
 3445	58	2	57 1 
 3446	58	2	54 4 
 3447	58	2	58 0 
 3448	58	2	57 1 
 3449	58	2	58 0 
 3450	58	2	56 2 
 3451	58	2	55 3 
 3452	58	2	58 0 
 3453	58	2	31 27 
 3454	58	2	25 33 
 3455	58	2	58 0 
 3456	58	2	58 0 
 3457	58	2	58 0 
 3458	58	2	12 46 
 3459	58	2	12 46 
 3460	58	2	57 1 
 3461	58	2	53 5 
 3462	58	2	1 57 
 3463	58	2	57 1 
 3464	58	2	55 3 
 3465	58	2	58 0 
 3466	58	2	57 1 
 3467	58	2	58 0 
 3468	58	2	57 1 
 3469	58	2	55 3 
 3470	58	2	55 3 
 3471	58	2	58 0 
 3472	58	2	58 0 
 3473	58	2	58 0 
 3474	58	2	57 1 
 3475	58	2	58 0 
 3476	58	2	58 0 
 3477	58	2	57 1 
 3478	58	2	57 1 
 3479	58	2	58 0 
 3480	58	2	58 0 
 3481	58	2	58 0 
 3482	58	2	58 0 
 3483	58	2	51 7 
 3484	58	2	58 0 
 3485	58	2	58 0 
 3486	58	2	58 0 
 3487	58	2	57 1 
 3488	58	2	57 1 
 3489	58	2	58 0 
 3490	58	2	58 0 
 3491	58	2	57 1 
 3492	58	2	54 4 
 3493	58	2	57 1 
 3494	58	2	58 0 
 3495	58	2	54 4 
 3496	58	2	57 1 
 3497	58	2	53 5 
 3498	58	2	26 32 
 3499	58	2	55 3 
 3500	58	2	57 1 
 3501	58	2	54 4 
 3502	58	2	54 4 
 3503	58	2	48 10 
 3504	58	2	57 1 
 3505	58	2	22 36 
 3506	58	2	38 20 
 3507	58	2	58 0 
 3508	58	2	50 8 
 3509	58	2	38 20 
 3510	58	2	38 20 
 3511	58	2	38 20 
 3512	58	2	50 8 
 3513	58	2	39 19 
 3514	58	2	58 0 
 3515	58	2	58 0 
 3516	58	2	56 2 
 3517	58	2	57 1 
 3518	58	2	58 0 
 3519	58	2	57 1 
 3520	58	2	58 0 
 3521	58	2	57 1 
 3522	58	2	58 0 
 3523	58	2	49 9 
 3524	58	2	58 0 
 3525	58	2	54 4 
 3526	58	2	58 0 
 3527	58	2	37 21 
 3528	58	2	36 22 
 3529	58	2	58 0 
 3530	58	2	58 0 
 3531	58	2	57 1 
 3532	58	2	58 0 
 3533	58	2	56 2 
 3534	58	2	58 0 
 3535	58	2	57 1 
 3536	58	2	47 11 
 3537	58	2	36 22 
 3538	58	2	56 2 
 3539	58	2	58 0 
 3540	58	2	56 2 
 3541	58	2	57 1 
 3542	58	2	58 0 
 3543	58	2	55 3 
 3544	58	2	14 44 
 3545	58	2	57 1 
 3546	58	2	55 3 
 3547	58	2	14 44 
 3548	58	2	58 0 
 3549	58	2	41 17 
 3550	58	2	58 0 
 3551	58	2	58 0 
 3552	58	2	58 0 
 3553	58	2	58 0 
 3554	58	2	58 0 
 3555	58	2	57 1 
 3556	58	2	0 58 
 3557	58	2	58 0 
 3558	58	2	58 0 
 3559	58	2	58 0 
 3560	58	2	50 8 
 3561	58	2	58 0 
 3562	58	2	58 0 
 3563	58	2	58 0 
 3564	58	2	58 0 
 3565	58	2	37 21 
 3566	58	2	56 2 
 3567	58	2	55 3 
 3568	58	2	55 3 
 3569	58	2	57 1 
 3570	58	2	58 0 
 3571	58	2	58 0 
 3572	58	2	52 6 
 3573	58	2	56 2 
 3574	58	2	48 10 
 3575	58	2	48 10 
 3576	58	2	57 1 
 3577	58	2	54 4 
 3578	58	2	57 1 
 3579	58	2	58 0 
 3580	58	2	56 2 
 3581	58	2	57 1 
 3582	58	2	58 0 
 3583	58	2	56 2 
 3584	58	2	58 0 
 3585	58	2	57 1 
 3586	58	2	58 0 
 3587	58	2	58 0 
 3588	58	2	58 0 
 3589	58	2	58 0 
 3590	58	2	58 0 
 3591	58	2	42 16 
 3592	58	2	51 7 
 3593	58	2	58 0 
 3594	58	2	58 0 
 3595	58	2	51 7 
 3596	58	2	58 0 
 3597	58	2	57 1 
 3598	58	2	58 0 
 3599	58	2	58 0 
 3600	58	2	57 1 
 3601	58	2	58 0 
 3602	58	2	58 0 
 3603	58	2	58 0 
 3604	58	2	58 0 
 3605	58	2	58 0 
 3606	58	2	58 0 
 3607	58	2	58 0 
 3608	58	2	53 5 
 3609	58	2	56 2 
 3610	58	2	50 8 
 3611	58	2	58 0 
 3612	58	2	24 34 
 3613	58	2	50 8 
 3614	58	2	57 1 
 3615	58	2	58 0 
 3616	58	2	49 9 
 3617	58	2	55 3 
 3618	58	2	50 8 
 3619	58	2	56 2 
 3620	58	2	58 0 
 3621	58	2	57 1 
 3622	58	2	58 0 
 3623	58	2	58 0 
 3624	58	2	42 16 
 3625	58	2	10 48 
 3626	58	2	57 1 
 3627	58	2	58 0 
 3628	58	2	55 3 
 3629	58	2	58 0 
 3630	58	2	57 1 
 3631	58	2	58 0 
 3632	58	2	57 1 
 3633	58	2	56 2 
 3634	58	2	43 15 
 3635	58	2	35 23 
 3636	58	2	58 0 
 3637	58	2	23 35 
 3638	58	2	58 0 
 3639	58	2	15 43 
 3640	58	2	58 0 
 3641	58	2	39 19 
 3642	58	2	58 0 
 3643	58	2	51 7 
 3644	58	2	51 7 
 3645	58	2	57 1 
 3646	58	2	58 0 
 3647	58	2	58 0 
 3648	58	2	56 2 
 3649	58	2	55 3 
 3650	58	2	58 0 
 3651	58	2	58 0 
 3652	58	2	58 0 
 3653	58	2	57 1 
 3654	58	2	43 15 
 3655	58	2	58 0 
 3656	58	2	43 15 
 3657	58	2	58 0 
 3658	58	2	58 0 
 3659	58	2	58 0 
 3660	58	2	57 1 
 3661	58	2	58 0 
 3662	58	2	53 5 
 3663	58	2	58 0 
 3664	58	2	48 10 
 3665	58	2	58 0 
 3666	58	2	58 0 
 3667	58	2	56 2 
 3668	58	2	57 1 
 3669	58	2	4 54 
 3670	58	2	58 0 
 3671	58	2	57 1 
 3672	58	2	57 1 
 3673	58	2	41 17 
 3674	58	2	43 15 
 3675	58	2	58 0 
 3676	58	2	41 17 
 3677	58	2	43 15 
 3678	58	2	41 17 
 3679	58	2	58 0 
 3680	58	2	57 1 
 3681	58	2	45 13 
 3682	58	2	45 13 
 3683	58	2	45 13 
 3684	58	2	58 0 
 3685	58	2	45 13 
 3686	58	2	58 0 
 3687	58	2	58 0 
 3688	58	2	58 0 
 3689	58	2	31 27 
 3690	58	2	57 1 
 3691	58	2	57 1 
 3692	58	2	45 13 
 3693	58	2	58 0 
 3694	58	2	58 0 
 3695	58	2	58 0 
 3696	58	2	57 1 
 3697	58	2	52 6 
 3698	58	2	54 4 
 3699	58	2	35 23 
 3700	58	2	58 0 
 3701	58	2	58 0 
 3702	58	2	40 18 
 3703	58	2	58 0 
 3704	58	2	58 0 
 3705	58	2	58 0 
 3706	58	2	58 0 
 3707	58	2	58 0 
 3708	58	2	58 0 
 3709	58	2	47 11 
 3710	58	2	58 0 
 3711	58	2	58 0 
 3712	58	2	58 0 
 3713	58	2	46 12 
 3714	58	2	58 0 
 3715	58	2	58 0 
 3716	58	2	58 0 
 3717	58	2	57 1 
 3718	58	2	58 0 
 3719	58	2	9 49 
 3720	58	2	9 49 
 3721	58	2	54 4 
 3722	58	2	9 49 
 3723	58	2	58 0 
 3724	58	2	55 3 
 3725	58	2	57 1 
 3726	58	2	58 0 
 3727	58	2	58 0 
 3728	58	2	58 0 
 3729	58	2	58 0 
 3730	58	2	57 1 
 3731	58	2	58 0 
 3732	58	2	57 1 
 3733	58	2	50 8 
 3734	58	2	49 9 
 3735	58	2	57 1 
 3736	58	2	43 15 
 3737	58	2	58 0 
 3738	58	2	13 45 
 3739	58	2	55 3 
 3740	58	2	55 3 
 3741	58	2	55 3 
 3742	58	2	42 16 
 3743	58	2	58 0 
 3744	58	2	55 3 
 3745	58	2	58 0 
 3746	58	2	3 55 
 3747	58	2	56 2 
 3748	58	2	58 0 
 3749	58	2	52 6 
 3750	58	2	58 0 
 3751	58	2	49 9 
 3752	58	2	58 0 
 3753	58	2	58 0 
 3754	58	2	58 0 
 3755	58	2	57 1 
 3756	58	2	58 0 
 3757	58	2	58 0 
 3758	58	2	58 0 
 3759	58	2	35 23 
 3760	58	2	24 34 
 3761	58	2	58 0 
 3762	58	2	53 5 
 3763	58	2	58 0 
 3764	58	2	48 10 
 3765	58	2	58 0 
 3766	58	2	58 0 
 3767	58	2	50 8 
 3768	58	2	51 7 
 3769	58	2	58 0 
 3770	58	2	57 1 
 3771	58	2	50 8 
 3772	58	2	58 0 
 3773	58	2	58 0 
 3774	58	2	50 8 
 3775	58	2	58 0 
 3776	58	2	58 0 
 3777	58	2	43 15 
 3778	58	2	44 14 
 3779	58	2	49 9 
 3780	58	2	58 0 
 3781	58	2	49 9 
 3782	58	2	43 15 
 3783	58	2	55 3 
 3784	58	2	55 3 
 3785	58	2	55 3 
 3786	58	2	28 30 
 3787	58	2	58 0 
 3788	58	2	57 1 
 3789	58	2	52 6 
 3790	58	2	52 6 
 3791	58	2	57 1 
 3792	58	2	52 6 
 3793	58	2	58 0 
 3794	58	2	54 4 
 3795	58	2	58 0 
 3796	58	2	58 0 
 3797	58	2	58 0 
 3798	58	2	56 2 
 3799	58	2	9 49 
 3800	58	2	58 0 
 3801	58	2	51 7 
 3802	58	2	55 3 
 3803	58	2	56 2 
 3804	58	2	56 2 
 3805	58	2	58 0 
 3806	58	2	58 0 
 3807	58	2	56 2 
 3808	58	2	56 2 
 3809	58	2	58 0 
 3810	58	2	48 10 
 3811	58	2	24 34 
 3812	58	2	24 34 
 3813	58	2	24 34 
 3814	58	2	24 34 
 3815	58	2	58 0 
 3816	58	2	58 0 
 3817	58	2	58 0 
 3818	58	2	58 0 
 3819	58	2	58 0 
 3820	58	2	58 0 
 3821	58	2	42 16 
 3822	58	2	58 0 
 3823	58	2	58 0 
 3824	58	2	58 0 
 3825	58	2	58 0 
 3826	58	2	58 0 
 3827	58	2	58 0 
 3828	58	2	58 0 
 3829	58	2	58 0 
 3830	58	2	58 0 
 3831	58	2	55 3 
 3832	58	2	49 9 
 3833	58	2	58 0 
 3834	58	2	49 9 
 3835	58	2	55 3 
 3836	58	2	46 12 
 3837	58	2	54 4 
 3838	58	2	56 2 
 3839	58	2	58 0 
 3840	58	2	58 0 
 3841	58	2	55 3 
 3842	58	2	57 1 
 3843	58	2	58 0 
 3844	58	2	1 57 
 3845	58	2	51 7 
 3846	58	2	56 2 
 3847	58	2	58 0 
 3848	58	2	57 1 
 3849	58	2	56 2 
 3850	58	2	58 0 
 3851	58	2	58 0 
 3852	58	2	50 8 
 3853	58	2	57 1 
 3854	58	2	52 6 
 3855	58	2	38 20 
 3856	58	2	57 1 
 3857	58	2	30 28 
 3858	58	2	56 2 
 3859	58	2	13 45 
 3860	58	2	57 1 
 3861	58	2	53 5 
 3862	58	2	58 0 
 3863	58	2	55 3 
 3864	58	2	50 8 
 3865	58	2	58 0 
 3866	58	2	56 2 
 3867	58	2	58 0 
 3868	58	2	57 1 
 3869	58	2	58 0 
 3870	58	2	58 0 
 3871	58	2	58 0 
 3872	58	2	58 0 
 3873	58	2	45 13 
 3874	58	2	58 0 
 3875	58	2	58 0 
 3876	58	2	57 1 
 3877	58	2	53 5 
 3878	58	2	53 5 
 3879	58	2	53 5 
 3880	58	2	58 0 
 3881	58	2	57 1 
 3882	58	2	52 6 
 3883	58	2	53 5 
 3884	58	2	57 1 
 3885	58	2	58 0 
 3886	58	2	56 2 
 3887	58	2	57 1 
 3888	58	2	55 3 
 3889	58	2	58 0 
 3890	58	2	55 3 
 3891	58	2	57 1 
 3892	58	2	52 6 
 3893	58	2	56 2 
 3894	58	2	58 0 
 3895	58	2	38 20 
 3896	58	2	58 0 
 3897	58	2	58 0 
 3898	58	2	34 24 
 3899	58	2	47 11 
 3900	58	2	58 0 
 3901	58	2	56 2 
 3902	58	2	58 0 
 3903	58	2	58 0 
 3904	58	2	58 0 
 3905	58	2	57 1 
 3906	58	2	56 2 
 3907	58	2	58 0 
 3908	58	2	0 58 
 3909	58	2	58 0 
 3910	58	2	57 1 
 3911	58	2	58 0 
 3912	58	2	56 2 
 3913	58	2	56 2 
 3914	58	2	56 2 
 3915	58	2	56 2 
 3916	58	2	58 0 
 3917	58	2	56 2 
 3918	58	2	57 1 
 3919	58	2	48 10 
 3920	58	2	56 2 
 3921	58	2	58 0 
 3922	58	2	53 5 
 3923	58	2	57 1 
 3924	58	2	57 1 
 3925	58	2	38 20 
 3926	58	2	58 0 
 3927	58	2	57 1 
 3928	58	2	57 1 
 3929	58	2	57 1 
 3930	58	2	58 0 
 3931	58	2	18 40 
 3932	58	2	53 5 
 3933	58	2	44 14 
 3934	58	2	57 1 
 3935	58	2	57 1 
 3936	58	2	57 1 
 3937	58	2	57 1 
 3938	58	2	57 1 
 3939	58	2	57 1 
 3940	58	2	52 6 
 3941	58	2	58 0 
 3942	58	2	58 0 
 3943	58	2	35 23 
 3944	58	2	56 2 
 3945	58	2	52 6 
 3946	58	2	42 16 
 3947	58	2	58 0 
 3948	58	2	8 50 
 3949	58	2	58 0 
 3950	58	2	57 1 
 3951	58	2	58 0 
 3952	58	2	51 7 
 3953	58	2	25 33 
 3954	58	2	56 2 
 3955	58	2	58 0 
 3956	58	2	57 1 
 3957	58	2	44 14 
 3958	58	2	28 30 
 3959	58	2	57 1 
 3960	58	2	55 3 
 3961	58	2	58 0 
 3962	58	2	40 18 
 3963	58	2	40 18 
 3964	58	2	57 1 
 3965	58	2	56 2 
 3966	58	2	58 0 
 3967	58	2	57 1 
 3968	58	2	57 1 
 3969	58	2	58 0 
 3970	58	2	52 6 
 3971	58	2	21 37 
 3972	58	2	37 21 
 3973	58	2	58 0 
 3974	58	2	58 0 
 3975	58	2	57 1 
 3976	58	2	56 2 
 3977	58	2	58 0 
 3978	58	2	49 9 
 3979	58	2	54 4 
 3980	58	2	58 0 
 3981	58	2	58 0 
 3982	58	2	57 1 
 3983	58	2	58 0 
 3984	58	2	55 3 
 3985	58	2	58 0 
 3986	58	2	58 0 
 3987	58	2	58 0 
 3988	58	2	58 0 
 3989	58	2	57 1 
 3990	58	2	58 0 
 3991	58	2	57 1 
 3992	58	2	57 1 
 3993	58	2	37 21 
 3994	58	2	53 5 
 3995	58	2	55 3 
 3996	58	2	58 0 
 3997	58	2	58 0 
 3998	58	2	58 0 
 3999	58	2	58 0 
 4000	58	2	57 1 
 4001	58	2	58 0 
 4002	58	2	56 2 
 4003	58	2	48 10 
 4004	58	2	46 12 
 4005	58	2	56 2 
 4006	58	2	54 4 
 4007	58	2	58 0 
 4008	58	2	57 1 
 4009	58	2	45 13 
 4010	58	2	58 0 
 4011	58	2	57 1 
 4012	58	2	58 0 
 4013	58	2	58 0 
 4014	58	2	57 1 
 4015	58	2	58 0 
 4016	58	2	58 0 
 4017	58	2	48 10 
 4018	58	2	45 13 
 4019	58	2	55 3 
 4020	58	2	58 0 
 4021	58	2	58 0 
 4022	58	2	48 10 
 4023	58	2	48 10 
 4024	58	2	58 0 
 4025	58	2	3 55 
 4026	58	2	48 10 
 4027	58	2	57 1 
 4028	58	2	56 2 
 4029	58	2	56 2 
 4030	58	2	58 0 
 4031	58	2	54 4 
 4032	58	2	30 28 
 4033	58	2	20 38 
 4034	58	2	58 0 
 4035	58	2	53 5 
 4036	58	2	58 0 
 4037	58	2	20 38 
 4038	58	2	58 0 
 4039	58	2	53 5 
 4040	58	2	58 0 
 4041	58	2	58 0 
 4042	58	2	57 1 
 4043	58	2	57 1 
 4044	58	2	57 1 
 4045	58	2	55 3 
 4046	58	2	55 3 
 4047	58	2	56 2 
 4048	58	2	57 1 
 4049	58	2	15 43 
 4050	58	2	56 2 
 4051	58	2	57 1 
 4052	58	2	56 2 
 4053	58	2	57 1 
 4054	58	2	55 3 
 4055	58	2	56 2 
 4056	58	2	58 0 
 4057	58	2	58 0 
 4058	58	2	58 0 
 4059	58	2	55 3 
 4060	58	2	52 6 
 4061	58	2	58 0 
 4062	58	2	57 1 
 4063	58	2	51 7 
 4064	58	2	58 0 
 4065	58	2	58 0 
 4066	58	2	58 0 
 4067	58	2	57 1 
 4068	58	2	57 1 
 4069	58	2	57 1 
 4070	58	2	57 1 
 4071	58	2	58 0 
 4072	58	2	58 0 
 4073	58	2	58 0 
 4074	58	2	57 1 
 4075	58	2	58 0 
 4076	58	2	58 0 
 4077	58	2	58 0 
 4078	58	2	58 0 
 4079	58	2	58 0 
 4080	58	2	58 0 
 4081	58	2	58 0 
 4082	58	2	58 0 
 4083	58	2	57 1 
 4084	58	2	58 0 
 4085	58	2	58 0 
 4086	58	2	58 0 
 4087	58	2	58 0 
 4088	58	2	51 7 
 4089	58	2	45 13 
 4090	58	2	55 3 
 4091	58	2	58 0 
 4092	58	2	58 0 
 4093	58	2	57 1 
 4094	58	2	58 0 
 4095	58	2	57 1 
 4096	58	2	58 0 
 4097	58	2	57 1 
 4098	58	2	18 40 
 4099	58	2	57 1 
 4100	58	2	49 9 
 4101	58	2	40 18 
 4102	58	2	18 40 
 4103	58	2	18 40 
 4104	58	2	58 0 
 4105	58	2	57 1 
 4106	58	2	58 0 
 4107	58	2	58 0 
 4108	58	2	51 7 
 4109	58	2	58 0 
 4110	58	2	58 0 
 4111	58	2	51 7 
 4112	58	2	54 4 
 4113	58	2	45 13 
 4114	58	2	54 4 
 4115	58	2	51 7 
 4116	58	2	54 4 
 4117	58	2	52 6 
 4118	58	2	45 13 
 4119	58	2	28 30 
 4120	58	2	53 5 
 4121	58	2	58 0 
 4122	58	2	56 2 
 4123	58	2	34 24 
 4124	58	2	53 5 
 4125	58	2	13 45 
 4126	58	2	30 28 
 4127	58	2	54 4 
 4128	58	2	57 1 
 4129	58	2	0 58 
 4130	58	2	58 0 
 4131	58	2	58 0 
 4132	58	2	57 1 
 4133	58	2	57 1 
 4134	58	2	41 17 
 4135	58	2	57 1 
 4136	58	2	57 1 
 4137	58	2	42 16 
 4138	58	2	54 4 
 4139	58	2	58 0 
 4140	58	2	57 1 
 4141	58	2	58 0 
 4142	58	2	18 40 
 4143	58	2	31 27 
 4144	58	2	58 0 
 4145	58	2	57 1 
 4146	58	2	58 0 
 4147	58	2	58 0 
 4148	58	2	0 58 
 4149	58	2	58 0 
 4150	58	2	57 1 
 4151	58	2	58 0 
 4152	58	2	57 1 
 4153	58	2	58 0 
 4154	58	2	57 1 
 4155	58	2	58 0 
 4156	58	2	55 3 
 4157	58	2	58 0 
 4158	58	2	36 22 
 4159	58	2	57 1 
 4160	58	2	53 5 
 4161	58	2	52 6 
 4162	58	2	57 1 
 4163	58	2	57 1 
 4164	58	2	46 12 
 4165	58	2	58 0 
 4166	58	2	57 1 
 4167	58	2	58 0 
 4168	58	2	44 14 
 4169	58	2	58 0 
 4170	58	2	58 0 
 4171	58	2	57 1 
 4172	58	2	56 2 
 4173	58	2	57 1 
 4174	58	2	56 2 
 4175	58	2	57 1 
 4176	58	2	44 14 
 4177	58	2	54 4 
 4178	58	2	58 0 
 4179	58	2	52 6 
 4180	58	2	44 14 
 4181	58	2	50 8 
 4182	58	2	58 0 
 4183	58	2	58 0 
 4184	58	2	58 0 
 4185	58	2	58 0 
 4186	58	2	58 0 
 4187	58	2	56 2 
 4188	58	2	58 0 
 4189	58	2	58 0 
 4190	58	2	58 0 
 4191	58	2	58 0 
 4192	58	2	58 0 
 4193	58	2	58 0 
 4194	58	2	58 0 
 4195	58	2	58 0 
 4196	58	2	44 14 
 4197	58	2	51 7 
 4198	58	2	58 0 
 4199	58	2	58 0 
 4200	58	2	58 0 
 4201	58	2	58 0 
 4202	58	2	58 0 
 4203	58	2	58 0 
 4204	58	2	50 8 
 4205	58	2	50 8 
 4206	58	2	44 14 
 4207	58	2	14 44 
 4208	58	2	58 0 
 4209	58	2	11 47 
 4210	58	2	58 0 
 4211	58	2	50 8 
 4212	58	2	50 8 
 4213	58	2	58 0 
 4214	58	2	50 8 
 4215	58	2	50 8 
 4216	58	2	54 4 
 4217	58	2	21 37 
 4218	58	2	57 1 
 4219	58	2	57 1 
 4220	58	2	58 0 
 4221	58	2	57 1 
 4222	58	2	54 4 
 4223	58	2	57 1 
 4224	58	2	57 1 
 4225	58	2	20 38 
 4226	58	2	58 0 
 4227	58	2	38 20 
 4228	58	2	51 7 
 4229	58	2	49 9 
 4230	58	2	58 0 
 4231	58	2	47 11 
 4232	58	2	57 1 
 4233	58	2	58 0 
 4234	58	2	54 4 
 4235	58	2	57 1 
 4236	58	2	58 0 
 4237	58	2	58 0 
 4238	58	2	1 57 
 4239	58	2	57 1 
 4240	58	2	1 57 
 4241	58	2	1 57 
 4242	58	2	44 14 
 4243	58	2	1 57 
 4244	58	2	1 57 
 4245	58	2	57 1 
 4246	58	2	50 8 
 4247	58	2	57 1 
 4248	58	2	58 0 
 4249	58	2	51 7 
 4250	58	2	58 0 
 4251	58	2	56 2 
 4252	58	2	58 0 
 4253	58	2	57 1 
 4254	58	2	58 0 
 4255	58	2	58 0 
 4256	58	2	58 0 
 4257	58	2	58 0 
 4258	58	2	57 1 
 4259	58	2	57 1 
 4260	58	2	58 0 
 4261	58	2	57 1 
 4262	58	2	58 0 
 4263	58	2	57 1 
 4264	58	2	57 1 
 4265	58	2	57 1 
 4266	58	2	57 1 
 4267	58	2	40 18 
 4268	58	2	56 2 
 4269	58	2	57 1 
 4270	58	2	58 0 
 4271	58	2	57 1 
 4272	58	2	58 0 
 4273	58	2	58 0 
 4274	58	2	58 0 
 4275	58	2	57 1 
 4276	58	2	46 12 
 4277	58	2	58 0 
 4278	58	2	58 0 
 4279	58	2	57 1 
 4280	58	2	58 0 
 4281	58	2	51 7 
 4282	58	2	55 3 
 4283	58	2	55 3 
 4284	58	2	57 1 
 4285	58	2	51 7 
 4286	58	2	51 7 
 4287	58	2	58 0 
 4288	58	2	56 2 
 4289	58	2	48 10 
 4290	58	2	55 3 
 4291	58	2	58 0 
 4292	58	2	48 10 
 4293	58	2	58 0 
 4294	58	2	53 5 
 4295	58	2	53 5 
 4296	58	2	43 15 
 4297	58	2	57 1 
 4298	58	2	58 0 
 4299	58	2	57 1 
 4300	58	2	57 1 
 4301	58	2	50 8 
 4302	58	2	57 1 
 4303	58	2	44 14 
 4304	58	2	57 1 
 4305	58	2	0 58 
 4306	58	2	0 58 
 4307	58	2	58 0 
 4308	58	2	0 58 
 4309	58	2	43 15 
 4310	58	2	58 0 
 4311	58	2	58 0 
 4312	58	2	58 0 
 4313	58	2	58 0 
 4314	58	2	58 0 
 4315	58	2	58 0 
 4316	58	2	58 0 
 4317	58	2	58 0 
 4318	58	2	58 0 
 4319	58	2	58 0 
 4320	58	2	58 0 
 4321	58	2	52 6 
 4322	58	2	52 6 
 4323	58	2	58 0 
 4324	58	2	55 3 
 4325	58	2	58 0 
 4326	58	2	47 11 
 4327	58	2	56 2 
 4328	58	2	54 4 
 4329	58	2	26 32 
 4330	58	2	56 2 
 4331	58	2	58 0 
 4332	58	2	52 6 
 4333	58	2	57 1 
 4334	58	2	57 1 
 4335	58	2	57 1 
 4336	58	2	58 0 
 4337	58	2	57 1 
 4338	58	2	58 0 
 4339	58	2	58 0 
 4340	58	2	56 2 
 4341	58	2	58 0 
 4342	58	2	50 8 
 4343	58	2	57 1 
 4344	58	2	58 0 
 4345	58	2	50 8 
 4346	58	2	28 30 
 4347	58	2	36 22 
 4348	58	2	36 22 
 4349	58	2	58 0 
 4350	58	2	58 0 
 4351	58	2	57 1 
 4352	58	2	30 28 
 4353	58	2	47 11 
 4354	58	2	31 27 
 4355	58	2	30 28 
 4356	58	2	30 28 
 4357	58	2	51 7 
 4358	58	2	58 0 
 4359	58	2	58 0 
 4360	58	2	58 0 
 4361	58	2	54 4 
 4362	58	2	48 10 
 4363	58	2	58 0 
 4364	58	2	48 10 
 4365	58	2	48 10 
 4366	58	2	58 0 
 4367	58	2	57 1 
 4368	58	2	57 1 
 4369	58	2	57 1 
 4370	58	2	57 1 
 4371	58	2	58 0 
 4372	58	2	1 57 
 4373	58	2	58 0 
 4374	58	2	39 19 
 4375	58	2	10 48 
 4376	58	2	0 58 
 4377	58	2	51 7 
 4378	58	2	57 1 
 4379	58	2	55 3 
 4380	58	2	45 13 
 4381	58	2	57 1 
 4382	58	2	58 0 
 4383	58	2	58 0 
 4384	58	2	57 1 
 4385	58	2	50 8 
 4386	58	2	57 1 
 4387	58	2	57 1 
 4388	58	2	57 1 
 4389	58	2	54 4 
 4390	58	2	57 1 
 4391	58	2	57 1 
 4392	58	2	49 9 
 4393	58	2	58 0 
 4394	58	2	58 0 
 4395	58	2	56 2 
 4396	58	2	55 3 
 4397	58	2	56 2 
 4398	58	2	57 1 
 4399	58	2	58 0 
 4400	58	2	57 1 
 4401	58	2	58 0 
 4402	58	2	58 0 
 4403	58	2	57 1 
 4404	58	2	52 6 
 4405	58	2	58 0 
 4406	58	2	58 0 
 4407	58	2	58 0 
 4408	58	2	58 0 
 4409	58	2	57 1 
 4410	58	2	56 2 
 4411	58	2	56 2 
 4412	58	2	58 0 
 4413	58	2	54 4 
 4414	58	2	58 0 
 4415	58	2	56 2 
 4416	58	2	58 0 
 4417	58	2	57 1 
 4418	58	2	55 3 
 4419	58	2	46 12 
 4420	58	2	10 48 
 4421	58	2	11 47 
 4422	58	2	57 1 
 4423	58	2	48 10 
 4424	58	2	57 1 
 4425	58	2	57 1 
 4426	58	2	57 1 
 4427	58	2	48 10 
 4428	58	2	48 10 
 4429	58	2	56 2 
 4430	58	2	56 2 
 4431	58	2	58 0 
 4432	58	2	58 0 
 4433	58	2	55 3 
 4434	58	2	57 1 
 4435	58	2	58 0 
 4436	58	2	56 2 
 4437	58	2	49 9 
 4438	58	2	54 4 
 4439	58	2	58 0 
 4440	58	2	54 4 
 4441	58	2	53 5 
 4442	58	2	58 0 
 4443	58	2	56 2 
 4444	58	2	58 0 
 4445	58	2	55 3 
 4446	58	2	58 0 
 4447	58	2	58 0 
 4448	58	2	51 7 
 4449	58	2	58 0 
 4450	58	2	48 10 
 4451	58	2	55 3 
 4452	58	2	55 3 
 4453	58	2	55 3 
 4454	58	2	55 3 
 4455	58	2	55 3 
 4456	58	2	58 0 
 4457	58	2	49 9 
 4458	58	2	57 1 
 4459	58	2	56 2 
 4460	58	2	55 3 
 4461	58	2	58 0 
 4462	58	2	57 1 
 4463	58	2	58 0 
 4464	58	2	55 3 
 4465	58	2	51 7 
 4466	58	2	55 3 
 4467	58	2	51 7 
 4468	58	2	58 0 
 4469	58	2	58 0 
 4470	58	2	58 0 
 4471	58	2	57 1 
 4472	58	2	48 10 
 4473	58	2	58 0 
 4474	58	2	55 3 
 4475	58	2	57 1 
 4476	58	2	49 9 
 4477	58	2	49 9 
 4478	58	2	49 9 
 4479	58	2	58 0 
 4480	58	2	58 0 
 4481	58	2	49 9 
 4482	58	2	58 0 
 4483	58	2	50 8 
 4484	58	2	50 8 
 4485	58	2	50 8 
 4486	58	2	50 8 
 4487	58	2	57 1 
 4488	58	2	57 1 
 4489	58	2	43 15 
 4490	58	2	56 2 
 4491	58	2	58 0 
 4492	58	2	57 1 
 4493	58	2	47 11 
 4494	58	2	56 2 
 4495	58	2	58 0 
 4496	58	2	51 7 
 4497	58	2	20 38 
 4498	58	2	56 2 
 4499	58	2	55 3 
 4500	58	2	56 2 
 4501	58	2	56 2 
 4502	58	2	58 0 
 4503	58	2	52 6 
 4504	58	2	52 6 
 4505	58	2	52 6 
 4506	58	2	52 6 
 4507	58	2	58 0 
 4508	58	2	56 2 
 4509	58	2	52 6 
 4510	58	2	56 2 
 4511	58	2	56 2 
 4512	58	2	57 1 
 4513	58	2	53 5 
 4514	58	2	57 1 
 4515	58	2	53 5 
 4516	58	2	57 1 
 4517	58	2	51 7 
 4518	58	2	58 0 
 4519	58	2	49 9 
 4520	58	2	58 0 
 4521	58	2	57 1 
 4522	58	2	0 58 
 4523	58	2	51 7 
 4524	58	2	57 1 
 4525	58	2	56 2 
 4526	58	2	53 5 
 4527	58	2	57 1 
 4528	58	2	58 0 
 4529	58	2	56 2 
 4530	58	2	1 57 
 4531	58	2	58 0 
 4532	58	2	55 3 
 4533	58	2	55 3 
 4534	58	2	55 3 
 4535	58	2	50 8 
 4536	58	2	50 8 
 4537	58	2	58 0 
 4538	58	2	53 5 
 4539	58	2	58 0 
 4540	58	2	58 0 
 4541	58	2	58 0 
 4542	58	2	58 0 
 4543	58	2	58 0 
 4544	58	2	58 0 
 4545	58	2	58 0 
 4546	58	2	11 47 
 4547	58	2	58 0 
 4548	58	2	25 33 
 4549	58	2	57 1 
 4550	58	2	25 33 
 4551	58	2	58 0 
 4552	58	2	56 2 
 4553	58	2	53 5 
 4554	58	2	57 1 
 4555	58	2	49 9 
 4556	58	2	57 1 
 4557	58	2	58 0 
 4558	58	2	56 2 
 4559	58	2	58 0 
 4560	58	2	58 0 
 4561	58	2	58 0 
 4562	58	2	58 0 
 4563	58	2	57 1 
 4564	58	2	57 1 
 4565	58	2	51 7 
 4566	58	2	56 2 
 4567	58	2	51 7 
 4568	58	2	51 7 
 4569	58	2	51 7 
 4570	58	2	45 13 
 4571	58	2	52 6 
 4572	58	2	54 4 
 4573	58	2	37 21 
 4574	58	2	58 0 
 4575	58	2	58 0 
 4576	58	2	56 2 
 4577	58	2	56 2 
 4578	58	2	58 0 
 4579	58	2	44 14 
 4580	58	2	53 5 
 4581	58	2	58 0 
 4582	58	2	30 28 
 4583	58	2	53 5 
 4584	58	2	57 1 
 4585	58	2	41 17 
 4586	58	2	56 2 
 4587	58	2	56 2 
 4588	58	2	58 0 
 4589	58	2	57 1 
 4590	58	2	45 13 
 4591	58	2	55 3 
 4592	58	2	54 4 
 4593	58	2	57 1 
 4594	58	2	58 0 
 4595	58	2	52 6 
 4596	58	2	58 0 
 4597	58	2	57 1 
 4598	58	2	58 0 
 4599	58	2	58 0 
 4600	58	2	57 1 
 4601	58	2	57 1 
 4602	58	2	57 1 
 4603	58	2	58 0 
 4604	58	2	57 1 
 4605	58	2	37 21 
 4606	58	2	58 0 
 4607	58	2	56 2 
 4608	58	2	56 2 
 4609	58	2	58 0 
 4610	58	2	58 0 
 4611	58	2	58 0 
 4612	58	2	57 1 
 4613	58	2	55 3 
 4614	58	2	53 5 
 4615	58	2	33 25 
 4616	58	2	58 0 
 4617	58	2	56 2 
 4618	58	2	58 0 
 4619	58	2	58 0 
 4620	58	2	58 0 
 4621	58	2	57 1 
 4622	58	2	33 25 
 4623	58	2	49 9 
 4624	58	2	33 25 
 4625	58	2	33 25 
 4626	58	2	45 13 
 4627	58	2	45 13 
 4628	58	2	51 7 
 4629	58	2	45 13 
 4630	58	2	5 53 
 4631	58	2	58 0 
 4632	58	2	58 0 
 4633	58	2	58 0 
 4634	58	2	55 3 
 4635	58	2	56 2 
 4636	58	2	56 2 
 4637	58	2	44 14 
 4638	58	2	55 3 
 4639	58	2	44 14 
 4640	58	2	5 53 
 4641	58	2	57 1 
 4642	58	2	28 30 
 4643	58	2	56 2 
 4644	58	2	1 57 
 4645	58	2	32 26 
 4646	58	2	57 1 
 4647	58	2	32 26 
 4648	58	2	31 27 
 4649	58	2	57 1 
 4650	58	2	58 0 
 4651	58	2	57 1 
 4652	58	2	58 0 
 4653	58	2	49 9 
 4654	58	2	58 0 
 4655	58	2	55 3 
 4656	58	2	58 0 
 4657	58	2	58 0 
 4658	58	2	58 0 
 4659	58	2	54 4 
 4660	58	2	58 0 
 4661	58	2	56 2 
 4662	58	2	58 0 
 4663	58	2	56 2 
 4664	58	2	58 0 
 4665	58	2	57 1 
 4666	58	2	58 0 
 4667	58	2	58 0 
 4668	58	2	56 2 
 4669	58	2	56 2 
 4670	58	2	57 1 
 4671	58	2	57 1 
 4672	58	2	56 2 
 4673	58	2	56 2 
 4674	58	2	56 2 
 4675	58	2	57 1 
 4676	58	2	56 2 
 4677	58	2	45 13 
 4678	58	2	46 12 
 4679	58	2	58 0 
 4680	58	2	57 1 
 4681	58	2	54 4 
 4682	58	2	57 1 
 4683	58	2	57 1 
 4684	58	2	53 5 
 4685	58	2	57 1 
 4686	58	2	58 0 
 4687	58	2	58 0 
 4688	58	2	56 2 
 4689	58	2	56 2 
 4690	58	2	58 0 
 4691	58	2	49 9 
 4692	58	2	55 3 
 4693	58	2	56 2 
 4694	58	2	50 8 
 4695	58	2	50 8 
 4696	58	2	20 38 
 4697	58	2	1 57 
 4698	58	2	48 10 
 4699	58	2	47 11 
 4700	58	2	56 2 
 4701	58	2	57 1 
 4702	58	2	58 0 
 4703	58	2	54 4 
 4704	58	2	57 1 
 4705	58	2	51 7 
 4706	58	2	58 0 
 4707	58	2	58 0 
 4708	58	2	55 3 
 4709	58	2	53 5 
 4710	58	2	4 54 
 4711	58	2	58 0 
 4712	58	2	53 5 
 4713	58	2	49 9 
 4714	58	2	58 0 
 4715	58	2	54 4 
 4716	58	2	54 4 
 4717	58	2	54 4 
 4718	58	2	54 4 
 4719	58	2	58 0 
 4720	58	2	58 0 
 4721	58	2	57 1 
 4722	58	2	58 0 
 4723	58	2	57 1 
 4724	58	2	50 8 
 4725	58	2	58 0 
 4726	58	2	57 1 
 4727	58	2	54 4 
 4728	58	2	57 1 
 4729	58	2	58 0 
 4730	58	2	58 0 
 4731	58	2	58 0 
 4732	58	2	57 1 
 4733	58	2	51 7 
 4734	58	2	56 2 
 4735	58	2	58 0 
 4736	58	2	43 15 
 4737	58	2	57 1 
 4738	58	2	56 2 
 4739	58	2	57 1 
 4740	58	2	32 26 
 4741	58	2	57 1 
 4742	58	2	32 26 
 4743	58	2	32 26 
 4744	58	2	58 0 
 4745	58	2	32 26 
 4746	58	2	56 2 
 4747	58	2	54 4 
 4748	58	2	57 1 
 4749	58	2	54 4 
 4750	58	2	39 19 
 4751	58	2	57 1 
 4752	58	2	49 9 
 4753	58	2	57 1 
 4754	58	2	58 0 
 4755	58	2	55 3 
 4756	58	2	5 53 
 4757	58	2	57 1 
 4758	58	2	57 1 
 4759	58	2	52 6 
 4760	58	2	55 3 
 4761	58	2	54 4 
 4762	58	2	58 0 
 4763	58	2	58 0 
 4764	58	2	58 0 
 4765	58	2	58 0 
 4766	58	2	57 1 
 4767	58	2	56 2 
 4768	58	2	58 0 
 4769	58	2	58 0 
 4770	58	2	57 1 
 4771	58	2	56 2 
 4772	58	2	57 1 
 4773	58	2	53 5 
 4774	58	2	58 0 
 4775	58	2	58 0 
 4776	58	2	58 0 
 4777	58	2	58 0 
 4778	58	2	57 1 
 4779	58	2	56 2 
 4780	58	2	58 0 
 4781	58	2	58 0 
 4782	58	2	34 24 
 4783	58	2	41 17 
 4784	58	2	58 0 
 4785	58	2	58 0 
 4786	58	2	58 0 
 4787	58	2	58 0 
 4788	58	2	22 36 
 4789	58	2	43 15 
 4790	58	2	43 15 
 4791	58	2	57 1 
 4792	58	2	58 0 
 4793	58	2	57 1 
 4794	58	2	57 1 
 4795	58	2	57 1 
 4796	58	2	53 5 
 4797	58	2	58 0 
 4798	58	2	53 5 
 4799	58	2	58 0 
 4800	58	2	58 0 
 4801	58	2	54 4 
 4802	58	2	54 4 
 4803	58	2	56 2 
 4804	58	2	45 13 
 4805	58	2	57 1 
 4806	58	2	51 7 
 4807	58	2	58 0 
 4808	58	2	58 0 
 4809	58	2	57 1 
 4810	58	2	58 0 
 4811	58	2	53 5 
 4812	58	2	56 2 
 4813	58	2	2 56 
 4814	58	2	58 0 
 4815	58	2	58 0 
 4816	58	2	58 0 
 4817	58	2	57 1 
 4818	58	2	55 3 
 4819	58	2	55 3 
 4820	58	2	58 0 
 4821	58	2	40 18 
 4822	58	2	53 5 
 4823	58	2	55 3 
 4824	58	2	43 15 
 4825	58	2	58 0 
 4826	58	2	58 0 
 4827	58	2	57 1 
 4828	58	2	58 0 
 4829	58	2	57 1 
 4830	58	2	58 0 
 4831	58	2	43 15 
 4832	58	2	58 0 
 4833	58	2	58 0 
 4834	58	2	51 7 
 4835	58	2	31 27 
 4836	58	2	31 27 
 4837	58	2	31 27 
 4838	58	2	27 31 
 4839	58	2	27 31 
 4840	58	2	27 31 
 4841	58	2	51 7 
 4842	58	2	22 36 
 4843	58	2	57 1 
 4844	58	2	57 1 
 4845	58	2	57 1 
 4846	58	2	58 0 
 4847	58	2	57 1 
 4848	58	2	57 1 
 4849	58	2	58 0 
 4850	58	2	58 0 
 4851	58	2	51 7 
 4852	58	2	58 0 
 4853	58	2	58 0 
 4854	58	2	58 0 
 4855	58	2	43 15 
 4856	58	2	58 0 
 4857	58	2	43 15 
 4858	58	2	57 1 
 4859	58	2	58 0 
 4860	58	2	57 1 
 4861	58	2	57 1 
 4862	58	2	41 17 
 4863	58	2	58 0 
 4864	58	2	57 1 
 4865	58	2	58 0 
 4866	58	2	58 0 
 4867	58	2	58 0 
 4868	58	2	55 3 
 4869	58	2	54 4 
 4870	58	2	54 4 
 4871	58	2	54 4 
 4872	58	2	43 15 
 4873	58	2	58 0 
 4874	58	2	58 0 
 4875	58	2	58 0 
 4876	58	2	48 10 
 4877	58	2	58 0 
 4878	58	2	53 5 
 4879	58	2	57 1 
 4880	58	2	53 5 
 4881	58	2	57 1 
 4882	58	2	52 6 
 4883	58	2	56 2 
 4884	58	2	55 3 
 4885	58	2	58 0 
 4886	58	2	58 0 
 4887	58	2	56 2 
 4888	58	2	58 0 
 4889	58	2	10 48 
 4890	58	2	34 24 
 4891	58	2	34 24 
 4892	58	2	57 1 
 4893	58	2	24 34 
 4894	58	2	47 11 
 4895	58	2	48 10 
 4896	58	2	47 11 
 4897	58	2	48 10 
 4898	58	2	48 10 
 4899	58	2	37 21 
 4900	58	2	57 1 
 4901	58	2	57 1 
 4902	58	2	56 2 
 4903	58	2	57 1 
 4904	58	2	52 6 
 4905	58	2	58 0 
 4906	58	2	57 1 
 4907	58	2	58 0 
 4908	58	2	58 0 
 4909	58	2	58 0 
 4910	58	2	58 0 
 4911	58	2	58 0 
 4912	58	2	58 0 
 4913	58	2	55 3 
 4914	58	2	58 0 
 4915	58	2	56 2 
 4916	58	2	57 1 
 4917	58	2	57 1 
 4918	58	2	53 5 
 4919	58	2	58 0 
 4920	58	2	58 0 
 4921	58	2	36 22 
 4922	58	2	58 0 
 4923	58	2	58 0 
 4924	58	2	57 1 
 4925	58	2	17 41 
 4926	58	2	57 1 
 4927	58	2	41 17 
 4928	58	2	54 4 
 4929	58	2	57 1 
 4930	58	2	49 9 
 4931	58	2	58 0 
 4932	58	2	58 0 
 4933	58	2	58 0 
 4934	58	2	58 0 
 4935	58	2	58 0 
 4936	58	2	56 2 
 4937	58	2	44 14 
 4938	58	2	46 12 
 4939	58	2	46 12 
 4940	58	2	44 14 
 4941	58	2	57 1 
 4942	58	2	27 31 
 4943	58	2	27 31 
 4944	58	2	27 31 
 4945	58	2	58 0 
 4946	58	2	52 6 
 4947	58	2	57 1 
 4948	58	2	52 6 
 4949	58	2	57 1 
 4950	58	2	51 7 
 4951	58	2	55 3 
 4952	58	2	55 3 
 4953	58	2	0 58 
 4954	58	2	58 0 
 4955	58	2	51 7 
 4956	58	2	58 0 
 4957	58	2	58 0 
 4958	58	2	58 0 
 4959	58	2	54 4 
 4960	58	2	54 4 
 4961	58	2	58 0 
 4962	58	2	5 53 
 4963	58	2	53 5 
 4964	58	2	57 1 
 4965	58	2	53 5 
 4966	58	2	57 1 
 4967	58	2	57 1 
 4968	58	2	57 1 
 4969	58	2	57 1 
 4970	58	2	57 1 
 4971	58	2	58 0 
 4972	58	2	43 15 
 4973	58	2	43 15 
 4974	58	2	43 15 
 4975	58	2	57 1 
 4976	58	2	50 8 
 4977	58	2	58 0 
 4978	58	2	58 0 
 4979	58	2	53 5 
 4980	58	2	55 3 
 4981	58	2	57 1 
 4982	58	2	31 27 
 4983	58	2	34 24 
 4984	58	2	57 1 
 4985	58	2	53 5 
 4986	58	2	57 1 
 4987	58	2	58 0 
 4988	58	2	0 58 
 4989	58	2	47 11 
 4990	58	2	57 1 
 4991	58	2	35 23 
 4992	58	2	51 7 
 4993	58	2	50 8 
 4994	58	2	52 6 
 4995	58	2	57 1 
 4996	58	2	49 9 
 4997	58	2	58 0 
 4998	58	2	47 11 
 4999	58	2	57 1 
 5000	58	2	57 1 
 5001	58	2	57 1 
 5002	58	2	58 0 
 5003	58	2	58 0 
 5004	58	2	56 2 
 5005	58	2	56 2 
 5006	58	2	58 0 
 5007	58	2	56 2 
 5008	58	2	50 8 
 5009	58	2	48 10 
 5010	58	2	50 8 
 5011	58	2	57 1 
 5012	58	2	57 1 
 5013	58	2	56 2 
 5014	58	2	58 0 
 5015	58	2	58 0 
 5016	58	2	58 0 
 5017	58	2	56 2 
 5018	58	2	57 1 
 5019	58	2	58 0 
 5020	58	2	55 3 
 5021	58	2	55 3 
 5022	58	2	58 0 
 5023	58	2	53 5 
 5024	58	2	58 0 
 5025	58	2	58 0 
 5026	58	2	58 0 
 5027	58	2	58 0 
 5028	58	2	58 0 
 5029	58	2	58 0 
 5030	58	2	58 0 
 5031	58	2	53 5 
 5032	58	2	58 0 
 5033	58	2	57 1 
 5034	58	2	58 0 
 5035	58	2	13 45 
 5036	58	2	13 45 
 5037	58	2	58 0 
 5038	58	2	13 45 
 5039	58	2	58 0 
 5040	58	2	58 0 
 5041	58	2	58 0 
 5042	58	2	57 1 
 5043	58	2	58 0 
 5044	58	2	54 4 
 5045	58	2	41 17 
 5046	58	2	53 5 
 5047	58	2	54 4 
 5048	58	2	58 0 
 5049	58	2	41 17 
 5050	58	2	41 17 
 5051	58	2	58 0 
 5052	58	2	58 0 
 5053	58	2	54 4 
 5054	58	2	58 0 
 5055	58	2	57 1 
 5056	58	2	56 2 
 5057	58	2	58 0 
 5058	58	2	58 0 
 5059	58	2	58 0 
 5060	58	2	58 0 
 5061	58	2	58 0 
 5062	58	2	56 2 
 5063	58	2	56 2 
 5064	58	2	58 0 
 5065	58	2	58 0 
 5066	58	2	52 6 
 5067	58	2	52 6 
 5068	58	2	56 2 
 5069	58	2	52 6 
 5070	58	2	57 1 
 5071	58	2	39 19 
 5072	58	2	57 1 
 5073	58	2	58 0 
 5074	58	2	56 2 
 5075	58	2	58 0 
 5076	58	2	56 2 
 5077	58	2	56 2 
 5078	58	2	58 0 
 5079	58	2	4 54 
 5080	58	2	38 20 
 5081	58	2	57 1 
 5082	58	2	58 0 
 5083	58	2	30 28 
 5084	58	2	30 28 
 5085	58	2	58 0 
 5086	58	2	57 1 
 5087	58	2	56 2 
 5088	58	2	4 54 
 5089	58	2	53 5 
 5090	58	2	58 0 
 5091	58	2	53 5 
 5092	58	2	55 3 
 5093	58	2	53 5 
 5094	58	2	53 5 
 5095	58	2	54 4 
 5096	58	2	58 0 
 5097	58	2	58 0 
 5098	58	2	56 2 
 5099	58	2	1 57 
 5100	58	2	43 15 
 5101	58	2	58 0 
 5102	58	2	2 56 
 5103	58	2	2 56 
 5104	58	2	58 0 
 5105	58	2	14 44 
 5106	58	2	47 11 
 5107	58	2	57 1 
 5108	58	2	2 56 
 5109	58	2	58 0 
 5110	58	2	58 0 
 5111	58	2	58 0 
 5112	58	2	58 0 
 5113	58	2	57 1 
 5114	58	2	58 0 
 5115	58	2	58 0 
 5116	58	2	57 1 
 5117	58	2	57 1 
 5118	58	2	38 20 
 5119	58	2	53 5 
 5120	58	2	57 1 
 5121	58	2	58 0 
 5122	58	2	52 6 
 5123	58	2	58 0 
 5124	58	2	53 5 
 5125	58	2	52 6 
 5126	58	2	55 3 
 5127	58	2	52 6 
 5128	58	2	52 6 
 5129	58	2	49 9 
 5130	58	2	49 9 
 5131	58	2	55 3 
 5132	58	2	58 0 
 5133	58	2	58 0 
 5134	58	2	57 1 
 5135	58	2	58 0 
 5136	58	2	55 3 
 5137	58	2	52 6 
 5138	58	2	57 1 
 5139	58	2	57 1 
 5140	58	2	57 1 
 5141	58	2	57 1 
 5142	58	2	56 2 
 5143	58	2	57 1 
 5144	58	2	55 3 
 5145	58	2	22 36 
 5146	58	2	26 32 
 5147	58	2	58 0 
 5148	58	2	58 0 
 5149	58	2	52 6 
 5150	58	2	4 54 
 5151	58	2	26 32 
 5152	58	2	56 2 
 5153	58	2	4 54 
 5154	58	2	58 0 
 5155	58	2	45 13 
 5156	58	2	57 1 
 5157	58	2	56 2 
 5158	58	2	58 0 
 5159	58	2	57 1 
 5160	58	2	57 1 
 5161	58	2	57 1 
 5162	58	2	55 3 
 5163	58	2	57 1 
 5164	58	2	58 0 
 5165	58	2	57 1 
 5166	58	2	56 2 
 5167	58	2	57 1 
 5168	58	2	57 1 
 5169	58	2	1 57 
 5170	58	2	58 0 
 5171	58	2	1 57 
 5172	58	2	58 0 
 5173	58	2	57 1 
 5174	58	2	58 0 
 5175	58	2	56 2 
 5176	58	2	57 1 
 5177	58	2	58 0 
 5178	58	2	57 1 
 5179	58	2	55 3 
 5180	58	2	21 37 
 5181	58	2	37 21 
 5182	58	2	0 58 
 5183	58	2	58 0 
 5184	58	2	56 2 
 5185	58	2	58 0 
 5186	58	2	29 29 
 5187	58	2	29 29 
 5188	58	2	58 0 
 5189	58	2	53 5 
 5190	58	2	58 0 
 5191	58	2	29 29 
 5192	58	2	52 6 
 5193	58	2	29 29 
 5194	58	2	7 51 
 5195	58	2	52 6 
 5196	58	2	55 3 
 5197	58	2	58 0 
 5198	58	2	55 3 
 5199	58	2	58 0 
 5200	58	2	51 7 
 5201	58	2	20 38 
 5202	58	2	4 54 
 5203	58	2	58 0 
 5204	58	2	55 3 
 5205	58	2	58 0 
 5206	58	2	53 5 
 5207	58	2	52 6 
 5208	58	2	57 1 
 5209	58	2	55 3 
 5210	58	2	11 47 
 5211	58	2	58 0 
 5212	58	2	19 39 
 5213	58	2	11 47 
 5214	58	2	43 15 
 5215	58	2	50 8 
 5216	58	2	43 15 
 5217	58	2	50 8 
 5218	58	2	58 0 
 5219	58	2	57 1 
 5220	58	2	57 1 
 5221	58	2	58 0 
 5222	58	2	53 5 
 5223	58	2	43 15 
 5224	58	2	58 0 
 5225	58	2	57 1 
 5226	58	2	58 0 
 5227	58	2	58 0 
 5228	58	2	55 3 
 5229	58	2	53 5 
 5230	58	2	55 3 
 5231	58	2	43 15 
 5232	58	2	58 0 
 5233	58	2	57 1 
 5234	58	2	47 11 
 5235	58	2	7 51 
 5236	58	2	26 32 
 5237	58	2	46 12 
 5238	58	2	58 0 
 5239	58	2	31 27 
 5240	58	2	51 7 
 5241	58	2	56 2 
 5242	58	2	58 0 
 5243	58	2	27 31 
 5244	58	2	46 12 
 5245	58	2	46 12 
 5246	58	2	56 2 
 5247	58	2	50 8 
 5248	58	2	56 2 
 5249	58	2	56 2 
 5250	58	2	57 1 
 5251	58	2	56 2 
 5252	58	2	10 48 
 5253	58	2	30 28 
 5254	58	2	49 9 
 5255	58	2	58 0 
 5256	58	2	56 2 
 5257	58	2	58 0 
 5258	58	2	57 1 
 5259	58	2	47 11 
 5260	58	2	58 0 
 5261	58	2	57 1 
 5262	58	2	57 1 
 5263	58	2	54 4 
 5264	58	2	58 0 
 5265	58	2	54 4 
 5266	58	2	47 11 
 5267	58	2	46 12 
 5268	58	2	57 1 
 5269	58	2	57 1 
 5270	58	2	58 0 
 5271	58	2	47 11 
 5272	58	2	19 39 
 5273	58	2	57 1 
 5274	58	2	15 43 
 5275	58	2	55 3 
 5276	58	2	57 1 
 5277	58	2	58 0 
 5278	58	2	58 0 
 5279	58	2	58 0 
 5280	58	2	58 0 
 5281	58	2	58 0 
 5282	58	2	53 5 
 5283	58	2	58 0 
 5284	58	2	57 1 
 5285	58	2	56 2 
 5286	58	2	53 5 
 5287	58	2	58 0 
 5288	58	2	57 1 
 5289	58	2	55 3 
 5290	58	2	58 0 
 5291	58	2	55 3 
 5292	58	2	25 33 
 5293	58	2	28 30 
 5294	58	2	58 0 
 5295	58	2	55 3 
 5296	58	2	55 3 
 5297	58	2	55 3 
 5298	58	2	58 0 
 5299	58	2	58 0 
 5300	58	2	58 0 
 5301	58	2	58 0 
 5302	58	2	57 1 
 5303	58	2	58 0 
 5304	58	2	45 13 
 5305	58	2	57 1 
 5306	58	2	58 0 
 5307	58	2	0 58 
 5308	58	2	58 0 
 5309	58	2	57 1 
 5310	58	2	57 1 
 5311	58	2	58 0 
 5312	58	2	58 0 
 5313	58	2	58 0 
 5314	58	2	58 0 
 5315	58	2	58 0 
 5316	58	2	45 13 
 5317	58	2	58 0 
 5318	58	2	57 1 
 5319	58	2	58 0 
 5320	58	2	56 2 
 5321	58	2	58 0 
 5322	58	2	57 1 
 5323	58	2	52 6 
 5324	58	2	57 1 
 5325	58	2	57 1 
 5326	58	2	37 21 
 5327	58	2	57 1 
 5328	58	2	57 1 
 5329	58	2	48 10 
 5330	58	2	56 2 
 5331	58	2	56 2 
 5332	58	2	58 0 
 5333	58	2	40 18 
 5334	58	2	48 10 
 5335	58	2	58 0 
 5336	58	2	10 48 
 5337	58	2	10 48 
 5338	58	2	58 0 
 5339	58	2	58 0 
 5340	58	2	58 0 
 5341	58	2	58 0 
 5342	58	2	55 3 
 5343	58	2	43 15 
 5344	58	2	31 27 
 5345	58	2	58 0 
 5346	58	2	58 0 
 5347	58	2	9 49 
 5348	58	2	58 0 
 5349	58	2	23 35 
 5350	58	2	57 1 
 5351	58	2	41 17 
 5352	58	2	57 1 
 5353	58	2	55 3 
 5354	58	2	55 3 
 5355	58	2	58 0 
 5356	58	2	58 0 
 5357	58	2	57 1 
 5358	58	2	58 0 
 5359	58	2	58 0 
 5360	58	2	54 4 
 5361	58	2	58 0 
 5362	58	2	54 4 
 5363	58	2	57 1 
 5364	58	2	52 6 
 5365	58	2	56 2 
 5366	58	2	58 0 
 5367	58	2	57 1 
 5368	58	2	58 0 
 5369	58	2	58 0 
 5370	58	2	58 0 
 5371	58	2	58 0 
 5372	58	2	55 3 
 5373	58	2	58 0 
 5374	58	2	58 0 
 5375	58	2	57 1 
 5376	58	2	56 2 
 5377	58	2	57 1 
 5378	58	2	58 0 
 5379	58	2	58 0 
 5380	58	2	58 0 
 5381	58	2	58 0 
 5382	58	2	50 8 
 5383	58	2	50 8 
 5384	58	2	50 8 
 5385	58	2	52 6 
 5386	58	2	52 6 
 5387	58	2	56 2 
 5388	58	2	58 0 
 5389	58	2	48 10 
 5390	58	2	57 1 
 5391	58	2	48 10 
 5392	58	2	56 2 
 5393	58	2	56 2 
 5394	58	2	42 16 
 5395	58	2	52 6 
 5396	58	2	58 0 
 5397	58	2	57 1 
 5398	58	2	58 0 
 5399	58	2	57 1 
 5400	58	2	57 1 
 5401	58	2	57 1 
 5402	58	2	58 0 
 5403	58	2	58 0 
 5404	58	2	52 6 
 5405	58	2	56 2 
 5406	58	2	54 4 
 5407	58	2	58 0 
 5408	58	2	57 1 
 5409	58	2	54 4 
 5410	58	2	57 1 
 5411	58	2	50 8 
 5412	58	2	56 2 
 5413	58	2	58 0 
 5414	58	2	57 1 
 5415	58	2	57 1 
 5416	58	2	50 8 
 5417	58	2	58 0 
 5418	58	2	52 6 
 5419	58	2	53 5 
 5420	58	2	57 1 
 5421	58	2	57 1 
 5422	58	2	45 13 
 5423	58	2	50 8 
 5424	58	2	58 0 
 5425	58	2	58 0 
 5426	58	2	57 1 

