[loci]=5426

[populations]=9

[pop]=1
 1	20	2	15 5 
 2	20	2	19 1 
 3	20	2	15 5 
 4	20	2	15 5 
 5	20	2	15 5 
 6	20	2	20 0 
 7	20	2	20 0 
 8	20	2	20 0 
 9	20	2	20 0 
 10	20	2	20 0 
 11	20	2	17 3 
 12	20	2	17 3 
 13	20	2	17 3 
 14	20	2	20 0 
 15	20	2	20 0 
 16	20	2	18 2 
 17	20	2	20 0 
 18	20	2	19 1 
 19	20	2	20 0 
 20	20	2	20 0 
 21	20	2	20 0 
 22	20	2	20 0 
 23	20	2	15 5 
 24	20	2	20 0 
 25	20	2	20 0 
 26	20	2	20 0 
 27	20	2	20 0 
 28	20	2	14 6 
 29	20	2	20 0 
 30	20	2	18 2 
 31	20	2	18 2 
 32	20	2	16 4 
 33	20	2	18 2 
 34	20	2	20 0 
 35	20	2	14 6 
 36	20	2	20 0 
 37	20	2	20 0 
 38	20	2	20 0 
 39	20	2	19 1 
 40	20	2	20 0 
 41	20	2	14 6 
 42	20	2	20 0 
 43	20	2	10 10 
 44	20	2	18 2 
 45	20	2	19 1 
 46	20	2	20 0 
 47	20	2	19 1 
 48	20	2	17 3 
 49	20	2	18 2 
 50	20	2	20 0 
 51	20	2	20 0 
 52	20	2	18 2 
 53	20	2	20 0 
 54	20	2	8 12 
 55	20	2	20 0 
 56	20	2	20 0 
 57	20	2	17 3 
 58	20	2	19 1 
 59	20	2	7 13 
 60	20	2	20 0 
 61	20	2	8 12 
 62	20	2	18 2 
 63	20	2	19 1 
 64	20	2	19 1 
 65	20	2	20 0 
 66	20	2	19 1 
 67	20	2	19 1 
 68	20	2	19 1 
 69	20	2	20 0 
 70	20	2	20 0 
 71	20	2	19 1 
 72	20	2	20 0 
 73	20	2	20 0 
 74	20	2	19 1 
 75	20	2	20 0 
 76	20	2	20 0 
 77	20	2	20 0 
 78	20	2	19 1 
 79	20	2	20 0 
 80	20	2	20 0 
 81	20	2	20 0 
 82	20	2	17 3 
 83	20	2	19 1 
 84	20	2	19 1 
 85	20	2	18 2 
 86	20	2	17 3 
 87	20	2	17 3 
 88	20	2	20 0 
 89	20	2	20 0 
 90	20	2	20 0 
 91	20	2	17 3 
 92	20	2	20 0 
 93	20	2	20 0 
 94	20	2	20 0 
 95	20	2	18 2 
 96	20	2	20 0 
 97	20	2	19 1 
 98	20	2	20 0 
 99	20	2	17 3 
 100	20	2	15 5 
 101	20	2	18 2 
 102	20	2	4 16 
 103	20	2	20 0 
 104	20	2	13 7 
 105	20	2	17 3 
 106	20	2	17 3 
 107	20	2	17 3 
 108	20	2	20 0 
 109	20	2	17 3 
 110	20	2	20 0 
 111	20	2	20 0 
 112	20	2	20 0 
 113	20	2	15 5 
 114	20	2	19 1 
 115	20	2	14 6 
 116	20	2	1 19 
 117	20	2	2 18 
 118	20	2	14 6 
 119	20	2	19 1 
 120	20	2	19 1 
 121	20	2	19 1 
 122	20	2	19 1 
 123	20	2	19 1 
 124	20	2	19 1 
 125	20	2	19 1 
 126	20	2	20 0 
 127	20	2	15 5 
 128	20	2	18 2 
 129	20	2	20 0 
 130	20	2	15 5 
 131	20	2	15 5 
 132	20	2	20 0 
 133	20	2	20 0 
 134	20	2	20 0 
 135	20	2	17 3 
 136	20	2	14 6 
 137	20	2	19 1 
 138	20	2	19 1 
 139	20	2	19 1 
 140	20	2	20 0 
 141	20	2	19 1 
 142	20	2	12 8 
 143	20	2	19 1 
 144	20	2	19 1 
 145	20	2	20 0 
 146	20	2	20 0 
 147	20	2	20 0 
 148	20	2	19 1 
 149	20	2	19 1 
 150	20	2	18 2 
 151	20	2	20 0 
 152	20	2	2 18 
 153	20	2	17 3 
 154	20	2	20 0 
 155	20	2	17 3 
 156	20	2	19 1 
 157	20	2	9 11 
 158	20	2	17 3 
 159	20	2	20 0 
 160	20	2	19 1 
 161	20	2	19 1 
 162	20	2	19 1 
 163	20	2	17 3 
 164	20	2	20 0 
 165	20	2	17 3 
 166	20	2	19 1 
 167	20	2	20 0 
 168	20	2	20 0 
 169	20	2	20 0 
 170	20	2	15 5 
 171	20	2	20 0 
 172	20	2	18 2 
 173	20	2	20 0 
 174	20	2	18 2 
 175	20	2	20 0 
 176	20	2	20 0 
 177	20	2	20 0 
 178	20	2	20 0 
 179	20	2	20 0 
 180	20	2	20 0 
 181	20	2	18 2 
 182	20	2	20 0 
 183	20	2	20 0 
 184	20	2	20 0 
 185	20	2	20 0 
 186	20	2	20 0 
 187	20	2	19 1 
 188	20	2	20 0 
 189	20	2	20 0 
 190	20	2	20 0 
 191	20	2	19 1 
 192	20	2	19 1 
 193	20	2	19 1 
 194	20	2	13 7 
 195	20	2	19 1 
 196	20	2	2 18 
 197	20	2	19 1 
 198	20	2	18 2 
 199	20	2	20 0 
 200	20	2	20 0 
 201	20	2	19 1 
 202	20	2	19 1 
 203	20	2	20 0 
 204	20	2	9 11 
 205	20	2	9 11 
 206	20	2	20 0 
 207	20	2	20 0 
 208	20	2	10 10 
 209	20	2	20 0 
 210	20	2	20 0 
 211	20	2	20 0 
 212	20	2	20 0 
 213	20	2	20 0 
 214	20	2	20 0 
 215	20	2	20 0 
 216	20	2	12 8 
 217	20	2	8 12 
 218	20	2	12 8 
 219	20	2	8 12 
 220	20	2	15 5 
 221	20	2	19 1 
 222	20	2	20 0 
 223	20	2	20 0 
 224	20	2	20 0 
 225	20	2	20 0 
 226	20	2	20 0 
 227	20	2	20 0 
 228	20	2	20 0 
 229	20	2	20 0 
 230	20	2	19 1 
 231	20	2	19 1 
 232	20	2	20 0 
 233	20	2	19 1 
 234	20	2	19 1 
 235	20	2	20 0 
 236	20	2	19 1 
 237	20	2	18 2 
 238	20	2	18 2 
 239	20	2	18 2 
 240	20	2	20 0 
 241	20	2	19 1 
 242	20	2	16 4 
 243	20	2	20 0 
 244	20	2	9 11 
 245	20	2	20 0 
 246	20	2	19 1 
 247	20	2	20 0 
 248	20	2	20 0 
 249	20	2	20 0 
 250	20	2	20 0 
 251	20	2	20 0 
 252	20	2	20 0 
 253	20	2	19 1 
 254	20	2	4 16 
 255	20	2	19 1 
 256	20	2	19 1 
 257	20	2	13 7 
 258	20	2	4 16 
 259	20	2	20 0 
 260	20	2	20 0 
 261	20	2	14 6 
 262	20	2	20 0 
 263	20	2	17 3 
 264	20	2	20 0 
 265	20	2	20 0 
 266	20	2	20 0 
 267	20	2	18 2 
 268	20	2	19 1 
 269	20	2	20 0 
 270	20	2	20 0 
 271	20	2	20 0 
 272	20	2	20 0 
 273	20	2	20 0 
 274	20	2	20 0 
 275	20	2	20 0 
 276	20	2	20 0 
 277	20	2	20 0 
 278	20	2	20 0 
 279	20	2	20 0 
 280	20	2	19 1 
 281	20	2	16 4 
 282	20	2	17 3 
 283	20	2	18 2 
 284	20	2	16 4 
 285	20	2	20 0 
 286	20	2	19 1 
 287	20	2	11 9 
 288	20	2	20 0 
 289	20	2	17 3 
 290	20	2	19 1 
 291	20	2	18 2 
 292	20	2	19 1 
 293	20	2	18 2 
 294	20	2	19 1 
 295	20	2	19 1 
 296	20	2	19 1 
 297	20	2	19 1 
 298	20	2	20 0 
 299	20	2	18 2 
 300	20	2	18 2 
 301	20	2	20 0 
 302	20	2	1 19 
 303	20	2	18 2 
 304	20	2	20 0 
 305	20	2	19 1 
 306	20	2	20 0 
 307	20	2	18 2 
 308	20	2	20 0 
 309	20	2	18 2 
 310	20	2	20 0 
 311	20	2	9 11 
 312	20	2	20 0 
 313	20	2	19 1 
 314	20	2	20 0 
 315	20	2	5 15 
 316	20	2	20 0 
 317	20	2	20 0 
 318	20	2	20 0 
 319	20	2	9 11 
 320	20	2	3 17 
 321	20	2	18 2 
 322	20	2	20 0 
 323	20	2	18 2 
 324	20	2	20 0 
 325	20	2	20 0 
 326	20	2	16 4 
 327	20	2	20 0 
 328	20	2	19 1 
 329	20	2	20 0 
 330	20	2	20 0 
 331	20	2	20 0 
 332	20	2	18 2 
 333	20	2	20 0 
 334	20	2	20 0 
 335	20	2	17 3 
 336	20	2	18 2 
 337	20	2	20 0 
 338	20	2	20 0 
 339	20	2	20 0 
 340	20	2	20 0 
 341	20	2	18 2 
 342	20	2	20 0 
 343	20	2	12 8 
 344	20	2	20 0 
 345	20	2	17 3 
 346	20	2	19 1 
 347	20	2	19 1 
 348	20	2	19 1 
 349	20	2	19 1 
 350	20	2	12 8 
 351	20	2	20 0 
 352	20	2	8 12 
 353	20	2	20 0 
 354	20	2	17 3 
 355	20	2	20 0 
 356	20	2	20 0 
 357	20	2	20 0 
 358	20	2	20 0 
 359	20	2	20 0 
 360	20	2	20 0 
 361	20	2	17 3 
 362	20	2	20 0 
 363	20	2	2 18 
 364	20	2	20 0 
 365	20	2	19 1 
 366	20	2	19 1 
 367	20	2	19 1 
 368	20	2	19 1 
 369	20	2	1 19 
 370	20	2	7 13 
 371	20	2	19 1 
 372	20	2	1 19 
 373	20	2	19 1 
 374	20	2	19 1 
 375	20	2	2 18 
 376	20	2	19 1 
 377	20	2	20 0 
 378	20	2	19 1 
 379	20	2	20 0 
 380	20	2	20 0 
 381	20	2	19 1 
 382	20	2	19 1 
 383	20	2	19 1 
 384	20	2	19 1 
 385	20	2	20 0 
 386	20	2	19 1 
 387	20	2	20 0 
 388	20	2	20 0 
 389	20	2	20 0 
 390	20	2	20 0 
 391	20	2	20 0 
 392	20	2	20 0 
 393	20	2	1 19 
 394	20	2	20 0 
 395	20	2	20 0 
 396	20	2	20 0 
 397	20	2	20 0 
 398	20	2	19 1 
 399	20	2	19 1 
 400	20	2	19 1 
 401	20	2	19 1 
 402	20	2	19 1 
 403	20	2	20 0 
 404	20	2	19 1 
 405	20	2	19 1 
 406	20	2	20 0 
 407	20	2	20 0 
 408	20	2	20 0 
 409	20	2	20 0 
 410	20	2	20 0 
 411	20	2	20 0 
 412	20	2	20 0 
 413	20	2	20 0 
 414	20	2	15 5 
 415	20	2	15 5 
 416	20	2	15 5 
 417	20	2	18 2 
 418	20	2	20 0 
 419	20	2	20 0 
 420	20	2	18 2 
 421	20	2	20 0 
 422	20	2	20 0 
 423	20	2	20 0 
 424	20	2	17 3 
 425	20	2	17 3 
 426	20	2	17 3 
 427	20	2	16 4 
 428	20	2	20 0 
 429	20	2	20 0 
 430	20	2	20 0 
 431	20	2	19 1 
 432	20	2	20 0 
 433	20	2	19 1 
 434	20	2	15 5 
 435	20	2	20 0 
 436	20	2	20 0 
 437	20	2	7 13 
 438	20	2	20 0 
 439	20	2	20 0 
 440	20	2	13 7 
 441	20	2	19 1 
 442	20	2	20 0 
 443	20	2	20 0 
 444	20	2	20 0 
 445	20	2	18 2 
 446	20	2	19 1 
 447	20	2	18 2 
 448	20	2	20 0 
 449	20	2	20 0 
 450	20	2	8 12 
 451	20	2	17 3 
 452	20	2	13 7 
 453	20	2	20 0 
 454	20	2	20 0 
 455	20	2	19 1 
 456	20	2	20 0 
 457	20	2	20 0 
 458	20	2	20 0 
 459	20	2	19 1 
 460	20	2	19 1 
 461	20	2	19 1 
 462	20	2	19 1 
 463	20	2	20 0 
 464	20	2	19 1 
 465	20	2	19 1 
 466	20	2	19 1 
 467	20	2	19 1 
 468	20	2	19 1 
 469	20	2	20 0 
 470	20	2	17 3 
 471	20	2	18 2 
 472	20	2	17 3 
 473	20	2	19 1 
 474	20	2	2 18 
 475	20	2	19 1 
 476	20	2	8 12 
 477	20	2	20 0 
 478	20	2	20 0 
 479	20	2	20 0 
 480	20	2	20 0 
 481	20	2	11 9 
 482	20	2	20 0 
 483	20	2	19 1 
 484	20	2	19 1 
 485	20	2	20 0 
 486	20	2	2 18 
 487	20	2	17 3 
 488	20	2	16 4 
 489	20	2	20 0 
 490	20	2	20 0 
 491	20	2	20 0 
 492	20	2	19 1 
 493	20	2	17 3 
 494	20	2	19 1 
 495	20	2	20 0 
 496	20	2	20 0 
 497	20	2	19 1 
 498	20	2	19 1 
 499	20	2	11 9 
 500	20	2	11 9 
 501	20	2	20 0 
 502	20	2	19 1 
 503	20	2	20 0 
 504	20	2	19 1 
 505	20	2	17 3 
 506	20	2	18 2 
 507	20	2	19 1 
 508	20	2	18 2 
 509	20	2	19 1 
 510	20	2	18 2 
 511	20	2	19 1 
 512	20	2	20 0 
 513	20	2	20 0 
 514	20	2	20 0 
 515	20	2	17 3 
 516	20	2	20 0 
 517	20	2	20 0 
 518	20	2	19 1 
 519	20	2	20 0 
 520	20	2	17 3 
 521	20	2	8 12 
 522	20	2	12 8 
 523	20	2	20 0 
 524	20	2	19 1 
 525	20	2	19 1 
 526	20	2	19 1 
 527	20	2	20 0 
 528	20	2	17 3 
 529	20	2	20 0 
 530	20	2	20 0 
 531	20	2	20 0 
 532	20	2	19 1 
 533	20	2	12 8 
 534	20	2	18 2 
 535	20	2	20 0 
 536	20	2	19 1 
 537	20	2	19 1 
 538	20	2	20 0 
 539	20	2	15 5 
 540	20	2	4 16 
 541	20	2	18 2 
 542	20	2	18 2 
 543	20	2	20 0 
 544	20	2	20 0 
 545	20	2	16 4 
 546	20	2	20 0 
 547	20	2	10 10 
 548	20	2	20 0 
 549	20	2	20 0 
 550	20	2	20 0 
 551	20	2	20 0 
 552	20	2	20 0 
 553	20	2	20 0 
 554	20	2	19 1 
 555	20	2	19 1 
 556	20	2	20 0 
 557	20	2	1 19 
 558	20	2	19 1 
 559	20	2	20 0 
 560	20	2	20 0 
 561	20	2	19 1 
 562	20	2	19 1 
 563	20	2	19 1 
 564	20	2	20 0 
 565	20	2	20 0 
 566	20	2	20 0 
 567	20	2	20 0 
 568	20	2	19 1 
 569	20	2	20 0 
 570	20	2	12 8 
 571	20	2	19 1 
 572	20	2	20 0 
 573	20	2	20 0 
 574	20	2	20 0 
 575	20	2	20 0 
 576	20	2	14 6 
 577	20	2	6 14 
 578	20	2	19 1 
 579	20	2	20 0 
 580	20	2	20 0 
 581	20	2	19 1 
 582	20	2	20 0 
 583	20	2	15 5 
 584	20	2	14 6 
 585	20	2	17 3 
 586	20	2	20 0 
 587	20	2	14 6 
 588	20	2	20 0 
 589	20	2	19 1 
 590	20	2	16 4 
 591	20	2	16 4 
 592	20	2	20 0 
 593	20	2	20 0 
 594	20	2	20 0 
 595	20	2	20 0 
 596	20	2	17 3 
 597	20	2	19 1 
 598	20	2	19 1 
 599	20	2	19 1 
 600	20	2	19 1 
 601	20	2	20 0 
 602	20	2	18 2 
 603	20	2	20 0 
 604	20	2	20 0 
 605	20	2	16 4 
 606	20	2	16 4 
 607	20	2	20 0 
 608	20	2	20 0 
 609	20	2	5 15 
 610	20	2	20 0 
 611	20	2	19 1 
 612	20	2	20 0 
 613	20	2	19 1 
 614	20	2	20 0 
 615	20	2	20 0 
 616	20	2	18 2 
 617	20	2	2 18 
 618	20	2	20 0 
 619	20	2	20 0 
 620	20	2	9 11 
 621	20	2	20 0 
 622	20	2	20 0 
 623	20	2	5 15 
 624	20	2	16 4 
 625	20	2	19 1 
 626	20	2	19 1 
 627	20	2	20 0 
 628	20	2	17 3 
 629	20	2	19 1 
 630	20	2	18 2 
 631	20	2	20 0 
 632	20	2	10 10 
 633	20	2	20 0 
 634	20	2	20 0 
 635	20	2	19 1 
 636	20	2	17 3 
 637	20	2	20 0 
 638	20	2	14 6 
 639	20	2	14 6 
 640	20	2	20 0 
 641	20	2	20 0 
 642	20	2	19 1 
 643	20	2	19 1 
 644	20	2	20 0 
 645	20	2	20 0 
 646	20	2	18 2 
 647	20	2	20 0 
 648	20	2	20 0 
 649	20	2	1 19 
 650	20	2	13 7 
 651	20	2	17 3 
 652	20	2	20 0 
 653	20	2	20 0 
 654	20	2	19 1 
 655	20	2	19 1 
 656	20	2	19 1 
 657	20	2	19 1 
 658	20	2	18 2 
 659	20	2	11 9 
 660	20	2	20 0 
 661	20	2	20 0 
 662	20	2	20 0 
 663	20	2	15 5 
 664	20	2	6 14 
 665	20	2	20 0 
 666	20	2	20 0 
 667	20	2	20 0 
 668	20	2	14 6 
 669	20	2	20 0 
 670	20	2	20 0 
 671	20	2	20 0 
 672	20	2	20 0 
 673	20	2	20 0 
 674	20	2	20 0 
 675	20	2	20 0 
 676	20	2	20 0 
 677	20	2	20 0 
 678	20	2	19 1 
 679	20	2	19 1 
 680	20	2	18 2 
 681	20	2	20 0 
 682	20	2	20 0 
 683	20	2	20 0 
 684	20	2	20 0 
 685	20	2	12 8 
 686	20	2	20 0 
 687	20	2	16 4 
 688	20	2	20 0 
 689	20	2	19 1 
 690	20	2	20 0 
 691	20	2	18 2 
 692	20	2	19 1 
 693	20	2	20 0 
 694	20	2	18 2 
 695	20	2	20 0 
 696	20	2	18 2 
 697	20	2	14 6 
 698	20	2	18 2 
 699	20	2	20 0 
 700	20	2	1 19 
 701	20	2	4 16 
 702	20	2	19 1 
 703	20	2	20 0 
 704	20	2	15 5 
 705	20	2	17 3 
 706	20	2	17 3 
 707	20	2	20 0 
 708	20	2	20 0 
 709	20	2	20 0 
 710	20	2	20 0 
 711	20	2	20 0 
 712	20	2	15 5 
 713	20	2	20 0 
 714	20	2	20 0 
 715	20	2	20 0 
 716	20	2	18 2 
 717	20	2	16 4 
 718	20	2	18 2 
 719	20	2	18 2 
 720	20	2	18 2 
 721	20	2	18 2 
 722	20	2	20 0 
 723	20	2	19 1 
 724	20	2	8 12 
 725	20	2	8 12 
 726	20	2	20 0 
 727	20	2	20 0 
 728	20	2	20 0 
 729	20	2	20 0 
 730	20	2	20 0 
 731	20	2	8 12 
 732	20	2	8 12 
 733	20	2	18 2 
 734	20	2	19 1 
 735	20	2	20 0 
 736	20	2	20 0 
 737	20	2	19 1 
 738	20	2	19 1 
 739	20	2	19 1 
 740	20	2	19 1 
 741	20	2	20 0 
 742	20	2	13 7 
 743	20	2	15 5 
 744	20	2	13 7 
 745	20	2	20 0 
 746	20	2	20 0 
 747	20	2	19 1 
 748	20	2	19 1 
 749	20	2	20 0 
 750	20	2	19 1 
 751	20	2	20 0 
 752	20	2	20 0 
 753	20	2	19 1 
 754	20	2	19 1 
 755	20	2	19 1 
 756	20	2	18 2 
 757	20	2	14 6 
 758	20	2	20 0 
 759	20	2	20 0 
 760	20	2	19 1 
 761	20	2	20 0 
 762	20	2	7 13 
 763	20	2	12 8 
 764	20	2	20 0 
 765	20	2	20 0 
 766	20	2	19 1 
 767	20	2	20 0 
 768	20	2	19 1 
 769	20	2	17 3 
 770	20	2	17 3 
 771	20	2	20 0 
 772	20	2	17 3 
 773	20	2	17 3 
 774	20	2	7 13 
 775	20	2	19 1 
 776	20	2	19 1 
 777	20	2	20 0 
 778	20	2	9 11 
 779	20	2	20 0 
 780	20	2	2 18 
 781	20	2	19 1 
 782	20	2	19 1 
 783	20	2	18 2 
 784	20	2	20 0 
 785	20	2	20 0 
 786	20	2	20 0 
 787	20	2	20 0 
 788	20	2	20 0 
 789	20	2	20 0 
 790	20	2	17 3 
 791	20	2	20 0 
 792	20	2	19 1 
 793	20	2	19 1 
 794	20	2	19 1 
 795	20	2	19 1 
 796	20	2	19 1 
 797	20	2	20 0 
 798	20	2	20 0 
 799	20	2	20 0 
 800	20	2	19 1 
 801	20	2	20 0 
 802	20	2	20 0 
 803	20	2	20 0 
 804	20	2	20 0 
 805	20	2	19 1 
 806	20	2	19 1 
 807	20	2	20 0 
 808	20	2	20 0 
 809	20	2	19 1 
 810	20	2	19 1 
 811	20	2	19 1 
 812	20	2	20 0 
 813	20	2	20 0 
 814	20	2	19 1 
 815	20	2	2 18 
 816	20	2	5 15 
 817	20	2	16 4 
 818	20	2	15 5 
 819	20	2	19 1 
 820	20	2	1 19 
 821	20	2	20 0 
 822	20	2	18 2 
 823	20	2	18 2 
 824	20	2	18 2 
 825	20	2	7 13 
 826	20	2	19 1 
 827	20	2	20 0 
 828	20	2	20 0 
 829	20	2	2 18 
 830	20	2	20 0 
 831	20	2	19 1 
 832	20	2	19 1 
 833	20	2	19 1 
 834	20	2	19 1 
 835	20	2	20 0 
 836	20	2	20 0 
 837	20	2	20 0 
 838	20	2	17 3 
 839	20	2	7 13 
 840	20	2	19 1 
 841	20	2	17 3 
 842	20	2	19 1 
 843	20	2	19 1 
 844	20	2	20 0 
 845	20	2	20 0 
 846	20	2	20 0 
 847	20	2	20 0 
 848	20	2	20 0 
 849	20	2	19 1 
 850	20	2	20 0 
 851	20	2	19 1 
 852	20	2	18 2 
 853	20	2	13 7 
 854	20	2	20 0 
 855	20	2	20 0 
 856	20	2	19 1 
 857	20	2	16 4 
 858	20	2	20 0 
 859	20	2	19 1 
 860	20	2	20 0 
 861	20	2	20 0 
 862	20	2	20 0 
 863	20	2	19 1 
 864	20	2	20 0 
 865	20	2	19 1 
 866	20	2	19 1 
 867	20	2	5 15 
 868	20	2	19 1 
 869	20	2	19 1 
 870	20	2	20 0 
 871	20	2	20 0 
 872	20	2	20 0 
 873	20	2	19 1 
 874	20	2	20 0 
 875	20	2	20 0 
 876	20	2	20 0 
 877	20	2	20 0 
 878	20	2	17 3 
 879	20	2	19 1 
 880	20	2	19 1 
 881	20	2	19 1 
 882	20	2	19 1 
 883	20	2	19 1 
 884	20	2	20 0 
 885	20	2	20 0 
 886	20	2	20 0 
 887	20	2	19 1 
 888	20	2	20 0 
 889	20	2	19 1 
 890	20	2	20 0 
 891	20	2	1 19 
 892	20	2	20 0 
 893	20	2	20 0 
 894	20	2	20 0 
 895	20	2	19 1 
 896	20	2	19 1 
 897	20	2	20 0 
 898	20	2	20 0 
 899	20	2	19 1 
 900	20	2	19 1 
 901	20	2	16 4 
 902	20	2	20 0 
 903	20	2	19 1 
 904	20	2	20 0 
 905	20	2	20 0 
 906	20	2	20 0 
 907	20	2	20 0 
 908	20	2	19 1 
 909	20	2	2 18 
 910	20	2	12 8 
 911	20	2	15 5 
 912	20	2	19 1 
 913	20	2	20 0 
 914	20	2	20 0 
 915	20	2	5 15 
 916	20	2	20 0 
 917	20	2	7 13 
 918	20	2	20 0 
 919	20	2	20 0 
 920	20	2	20 0 
 921	20	2	20 0 
 922	20	2	19 1 
 923	20	2	20 0 
 924	20	2	20 0 
 925	20	2	19 1 
 926	20	2	19 1 
 927	20	2	19 1 
 928	20	2	14 6 
 929	20	2	19 1 
 930	20	2	19 1 
 931	20	2	19 1 
 932	20	2	19 1 
 933	20	2	18 2 
 934	20	2	18 2 
 935	20	2	19 1 
 936	20	2	19 1 
 937	20	2	18 2 
 938	20	2	20 0 
 939	20	2	12 8 
 940	20	2	19 1 
 941	20	2	20 0 
 942	20	2	19 1 
 943	20	2	20 0 
 944	20	2	13 7 
 945	20	2	18 2 
 946	20	2	19 1 
 947	20	2	19 1 
 948	20	2	19 1 
 949	20	2	20 0 
 950	20	2	20 0 
 951	20	2	20 0 
 952	20	2	19 1 
 953	20	2	20 0 
 954	20	2	17 3 
 955	20	2	15 5 
 956	20	2	8 12 
 957	20	2	8 12 
 958	20	2	20 0 
 959	20	2	20 0 
 960	20	2	20 0 
 961	20	2	20 0 
 962	20	2	20 0 
 963	20	2	18 2 
 964	20	2	19 1 
 965	20	2	18 2 
 966	20	2	17 3 
 967	20	2	13 7 
 968	20	2	13 7 
 969	20	2	20 0 
 970	20	2	20 0 
 971	20	2	17 3 
 972	20	2	19 1 
 973	20	2	20 0 
 974	20	2	20 0 
 975	20	2	20 0 
 976	20	2	20 0 
 977	20	2	16 4 
 978	20	2	20 0 
 979	20	2	16 4 
 980	20	2	20 0 
 981	20	2	20 0 
 982	20	2	19 1 
 983	20	2	20 0 
 984	20	2	20 0 
 985	20	2	19 1 
 986	20	2	20 0 
 987	20	2	3 17 
 988	20	2	20 0 
 989	20	2	20 0 
 990	20	2	18 2 
 991	20	2	17 3 
 992	20	2	20 0 
 993	20	2	20 0 
 994	20	2	17 3 
 995	20	2	19 1 
 996	20	2	20 0 
 997	20	2	20 0 
 998	20	2	19 1 
 999	20	2	19 1 
 1000	20	2	20 0 
 1001	20	2	10 10 
 1002	20	2	19 1 
 1003	20	2	20 0 
 1004	20	2	20 0 
 1005	20	2	20 0 
 1006	20	2	18 2 
 1007	20	2	19 1 
 1008	20	2	7 13 
 1009	20	2	20 0 
 1010	20	2	20 0 
 1011	20	2	14 6 
 1012	20	2	18 2 
 1013	20	2	14 6 
 1014	20	2	19 1 
 1015	20	2	12 8 
 1016	20	2	16 4 
 1017	20	2	19 1 
 1018	20	2	11 9 
 1019	20	2	11 9 
 1020	20	2	20 0 
 1021	20	2	18 2 
 1022	20	2	20 0 
 1023	20	2	12 8 
 1024	20	2	8 12 
 1025	20	2	20 0 
 1026	20	2	19 1 
 1027	20	2	20 0 
 1028	20	2	18 2 
 1029	20	2	20 0 
 1030	20	2	10 10 
 1031	20	2	10 10 
 1032	20	2	5 15 
 1033	20	2	19 1 
 1034	20	2	16 4 
 1035	20	2	19 1 
 1036	20	2	20 0 
 1037	20	2	18 2 
 1038	20	2	6 14 
 1039	20	2	20 0 
 1040	20	2	7 13 
 1041	20	2	18 2 
 1042	20	2	20 0 
 1043	20	2	18 2 
 1044	20	2	14 6 
 1045	20	2	20 0 
 1046	20	2	17 3 
 1047	20	2	20 0 
 1048	20	2	14 6 
 1049	20	2	11 9 
 1050	20	2	20 0 
 1051	20	2	20 0 
 1052	20	2	19 1 
 1053	20	2	20 0 
 1054	20	2	20 0 
 1055	20	2	20 0 
 1056	20	2	20 0 
 1057	20	2	20 0 
 1058	20	2	20 0 
 1059	20	2	20 0 
 1060	20	2	20 0 
 1061	20	2	20 0 
 1062	20	2	20 0 
 1063	20	2	14 6 
 1064	20	2	20 0 
 1065	20	2	19 1 
 1066	20	2	20 0 
 1067	20	2	20 0 
 1068	20	2	20 0 
 1069	20	2	19 1 
 1070	20	2	19 1 
 1071	20	2	18 2 
 1072	20	2	20 0 
 1073	20	2	20 0 
 1074	20	2	20 0 
 1075	20	2	20 0 
 1076	20	2	20 0 
 1077	20	2	20 0 
 1078	20	2	20 0 
 1079	20	2	20 0 
 1080	20	2	20 0 
 1081	20	2	19 1 
 1082	20	2	15 5 
 1083	20	2	15 5 
 1084	20	2	19 1 
 1085	20	2	20 0 
 1086	20	2	20 0 
 1087	20	2	16 4 
 1088	20	2	19 1 
 1089	20	2	19 1 
 1090	20	2	20 0 
 1091	20	2	16 4 
 1092	20	2	16 4 
 1093	20	2	20 0 
 1094	20	2	20 0 
 1095	20	2	19 1 
 1096	20	2	20 0 
 1097	20	2	19 1 
 1098	20	2	20 0 
 1099	20	2	18 2 
 1100	20	2	18 2 
 1101	20	2	17 3 
 1102	20	2	18 2 
 1103	20	2	19 1 
 1104	20	2	18 2 
 1105	20	2	20 0 
 1106	20	2	20 0 
 1107	20	2	16 4 
 1108	20	2	4 16 
 1109	20	2	20 0 
 1110	20	2	20 0 
 1111	20	2	20 0 
 1112	20	2	20 0 
 1113	20	2	15 5 
 1114	20	2	20 0 
 1115	20	2	19 1 
 1116	20	2	18 2 
 1117	20	2	20 0 
 1118	20	2	19 1 
 1119	20	2	18 2 
 1120	20	2	17 3 
 1121	20	2	20 0 
 1122	20	2	19 1 
 1123	20	2	18 2 
 1124	20	2	8 12 
 1125	20	2	20 0 
 1126	20	2	20 0 
 1127	20	2	6 14 
 1128	20	2	20 0 
 1129	20	2	20 0 
 1130	20	2	9 11 
 1131	20	2	2 18 
 1132	20	2	20 0 
 1133	20	2	19 1 
 1134	20	2	18 2 
 1135	20	2	19 1 
 1136	20	2	20 0 
 1137	20	2	20 0 
 1138	20	2	18 2 
 1139	20	2	20 0 
 1140	20	2	18 2 
 1141	20	2	20 0 
 1142	20	2	20 0 
 1143	20	2	20 0 
 1144	20	2	20 0 
 1145	20	2	18 2 
 1146	20	2	20 0 
 1147	20	2	20 0 
 1148	20	2	19 1 
 1149	20	2	20 0 
 1150	20	2	20 0 
 1151	20	2	18 2 
 1152	20	2	17 3 
 1153	20	2	19 1 
 1154	20	2	17 3 
 1155	20	2	20 0 
 1156	20	2	19 1 
 1157	20	2	17 3 
 1158	20	2	20 0 
 1159	20	2	17 3 
 1160	20	2	19 1 
 1161	20	2	20 0 
 1162	20	2	20 0 
 1163	20	2	20 0 
 1164	20	2	20 0 
 1165	20	2	20 0 
 1166	20	2	18 2 
 1167	20	2	20 0 
 1168	20	2	16 4 
 1169	20	2	18 2 
 1170	20	2	20 0 
 1171	20	2	18 2 
 1172	20	2	20 0 
 1173	20	2	20 0 
 1174	20	2	20 0 
 1175	20	2	20 0 
 1176	20	2	20 0 
 1177	20	2	18 2 
 1178	20	2	20 0 
 1179	20	2	20 0 
 1180	20	2	20 0 
 1181	20	2	20 0 
 1182	20	2	20 0 
 1183	20	2	19 1 
 1184	20	2	20 0 
 1185	20	2	3 17 
 1186	20	2	20 0 
 1187	20	2	18 2 
 1188	20	2	10 10 
 1189	20	2	19 1 
 1190	20	2	20 0 
 1191	20	2	19 1 
 1192	20	2	18 2 
 1193	20	2	18 2 
 1194	20	2	19 1 
 1195	20	2	18 2 
 1196	20	2	20 0 
 1197	20	2	20 0 
 1198	20	2	20 0 
 1199	20	2	20 0 
 1200	20	2	20 0 
 1201	20	2	20 0 
 1202	20	2	20 0 
 1203	20	2	18 2 
 1204	20	2	16 4 
 1205	20	2	19 1 
 1206	20	2	19 1 
 1207	20	2	19 1 
 1208	20	2	15 5 
 1209	20	2	19 1 
 1210	20	2	20 0 
 1211	20	2	20 0 
 1212	20	2	18 2 
 1213	20	2	20 0 
 1214	20	2	20 0 
 1215	20	2	20 0 
 1216	20	2	20 0 
 1217	20	2	18 2 
 1218	20	2	20 0 
 1219	20	2	19 1 
 1220	20	2	20 0 
 1221	20	2	19 1 
 1222	20	2	20 0 
 1223	20	2	20 0 
 1224	20	2	19 1 
 1225	20	2	18 2 
 1226	20	2	19 1 
 1227	20	2	20 0 
 1228	20	2	20 0 
 1229	20	2	20 0 
 1230	20	2	19 1 
 1231	20	2	19 1 
 1232	20	2	20 0 
 1233	20	2	20 0 
 1234	20	2	20 0 
 1235	20	2	20 0 
 1236	20	2	20 0 
 1237	20	2	20 0 
 1238	20	2	17 3 
 1239	20	2	20 0 
 1240	20	2	20 0 
 1241	20	2	18 2 
 1242	20	2	20 0 
 1243	20	2	20 0 
 1244	20	2	6 14 
 1245	20	2	20 0 
 1246	20	2	11 9 
 1247	20	2	20 0 
 1248	20	2	20 0 
 1249	20	2	20 0 
 1250	20	2	20 0 
 1251	20	2	15 5 
 1252	20	2	20 0 
 1253	20	2	20 0 
 1254	20	2	20 0 
 1255	20	2	19 1 
 1256	20	2	20 0 
 1257	20	2	20 0 
 1258	20	2	18 2 
 1259	20	2	19 1 
 1260	20	2	20 0 
 1261	20	2	18 2 
 1262	20	2	19 1 
 1263	20	2	20 0 
 1264	20	2	18 2 
 1265	20	2	18 2 
 1266	20	2	18 2 
 1267	20	2	20 0 
 1268	20	2	18 2 
 1269	20	2	18 2 
 1270	20	2	18 2 
 1271	20	2	18 2 
 1272	20	2	18 2 
 1273	20	2	20 0 
 1274	20	2	18 2 
 1275	20	2	20 0 
 1276	20	2	19 1 
 1277	20	2	20 0 
 1278	20	2	20 0 
 1279	20	2	20 0 
 1280	20	2	20 0 
 1281	20	2	20 0 
 1282	20	2	20 0 
 1283	20	2	19 1 
 1284	20	2	20 0 
 1285	20	2	20 0 
 1286	20	2	2 18 
 1287	20	2	20 0 
 1288	20	2	15 5 
 1289	20	2	20 0 
 1290	20	2	19 1 
 1291	20	2	20 0 
 1292	20	2	6 14 
 1293	20	2	20 0 
 1294	20	2	20 0 
 1295	20	2	17 3 
 1296	20	2	20 0 
 1297	20	2	1 19 
 1298	20	2	19 1 
 1299	20	2	20 0 
 1300	20	2	19 1 
 1301	20	2	19 1 
 1302	20	2	19 1 
 1303	20	2	20 0 
 1304	20	2	19 1 
 1305	20	2	20 0 
 1306	20	2	20 0 
 1307	20	2	6 14 
 1308	20	2	19 1 
 1309	20	2	20 0 
 1310	20	2	20 0 
 1311	20	2	19 1 
 1312	20	2	20 0 
 1313	20	2	15 5 
 1314	20	2	14 6 
 1315	20	2	17 3 
 1316	20	2	20 0 
 1317	20	2	14 6 
 1318	20	2	20 0 
 1319	20	2	19 1 
 1320	20	2	16 4 
 1321	20	2	16 4 
 1322	20	2	15 5 
 1323	20	2	5 15 
 1324	20	2	20 0 
 1325	20	2	19 1 
 1326	20	2	20 0 
 1327	20	2	14 6 
 1328	20	2	6 14 
 1329	20	2	6 14 
 1330	20	2	20 0 
 1331	20	2	6 14 
 1332	20	2	6 14 
 1333	20	2	20 0 
 1334	20	2	20 0 
 1335	20	2	20 0 
 1336	20	2	18 2 
 1337	20	2	16 4 
 1338	20	2	20 0 
 1339	20	2	20 0 
 1340	20	2	20 0 
 1341	20	2	20 0 
 1342	20	2	20 0 
 1343	20	2	16 4 
 1344	20	2	20 0 
 1345	20	2	20 0 
 1346	20	2	16 4 
 1347	20	2	20 0 
 1348	20	2	20 0 
 1349	20	2	20 0 
 1350	20	2	1 19 
 1351	20	2	5 15 
 1352	20	2	5 15 
 1353	20	2	20 0 
 1354	20	2	20 0 
 1355	20	2	20 0 
 1356	20	2	20 0 
 1357	20	2	18 2 
 1358	20	2	20 0 
 1359	20	2	20 0 
 1360	20	2	19 1 
 1361	20	2	20 0 
 1362	20	2	20 0 
 1363	20	2	20 0 
 1364	20	2	20 0 
 1365	20	2	20 0 
 1366	20	2	20 0 
 1367	20	2	19 1 
 1368	20	2	20 0 
 1369	20	2	20 0 
 1370	20	2	20 0 
 1371	20	2	11 9 
 1372	20	2	11 9 
 1373	20	2	20 0 
 1374	20	2	20 0 
 1375	20	2	20 0 
 1376	20	2	20 0 
 1377	20	2	20 0 
 1378	20	2	20 0 
 1379	20	2	14 6 
 1380	20	2	20 0 
 1381	20	2	19 1 
 1382	20	2	20 0 
 1383	20	2	20 0 
 1384	20	2	20 0 
 1385	20	2	20 0 
 1386	20	2	20 0 
 1387	20	2	20 0 
 1388	20	2	20 0 
 1389	20	2	19 1 
 1390	20	2	20 0 
 1391	20	2	20 0 
 1392	20	2	3 17 
 1393	20	2	20 0 
 1394	20	2	5 15 
 1395	20	2	20 0 
 1396	20	2	20 0 
 1397	20	2	5 15 
 1398	20	2	2 18 
 1399	20	2	20 0 
 1400	20	2	13 7 
 1401	20	2	2 18 
 1402	20	2	18 2 
 1403	20	2	12 8 
 1404	20	2	18 2 
 1405	20	2	18 2 
 1406	20	2	16 4 
 1407	20	2	19 1 
 1408	20	2	20 0 
 1409	20	2	20 0 
 1410	20	2	20 0 
 1411	20	2	20 0 
 1412	20	2	19 1 
 1413	20	2	19 1 
 1414	20	2	20 0 
 1415	20	2	20 0 
 1416	20	2	19 1 
 1417	20	2	5 15 
 1418	20	2	20 0 
 1419	20	2	20 0 
 1420	20	2	20 0 
 1421	20	2	20 0 
 1422	20	2	1 19 
 1423	20	2	19 1 
 1424	20	2	20 0 
 1425	20	2	20 0 
 1426	20	2	20 0 
 1427	20	2	20 0 
 1428	20	2	20 0 
 1429	20	2	14 6 
 1430	20	2	20 0 
 1431	20	2	20 0 
 1432	20	2	20 0 
 1433	20	2	5 15 
 1434	20	2	20 0 
 1435	20	2	20 0 
 1436	20	2	1 19 
 1437	20	2	9 11 
 1438	20	2	14 6 
 1439	20	2	20 0 
 1440	20	2	16 4 
 1441	20	2	20 0 
 1442	20	2	20 0 
 1443	20	2	20 0 
 1444	20	2	20 0 
 1445	20	2	20 0 
 1446	20	2	14 6 
 1447	20	2	20 0 
 1448	20	2	14 6 
 1449	20	2	20 0 
 1450	20	2	20 0 
 1451	20	2	17 3 
 1452	20	2	20 0 
 1453	20	2	20 0 
 1454	20	2	20 0 
 1455	20	2	20 0 
 1456	20	2	20 0 
 1457	20	2	16 4 
 1458	20	2	20 0 
 1459	20	2	20 0 
 1460	20	2	20 0 
 1461	20	2	16 4 
 1462	20	2	5 15 
 1463	20	2	19 1 
 1464	20	2	5 15 
 1465	20	2	19 1 
 1466	20	2	20 0 
 1467	20	2	5 15 
 1468	20	2	20 0 
 1469	20	2	20 0 
 1470	20	2	20 0 
 1471	20	2	19 1 
 1472	20	2	19 1 
 1473	20	2	20 0 
 1474	20	2	17 3 
 1475	20	2	13 7 
 1476	20	2	17 3 
 1477	20	2	18 2 
 1478	20	2	20 0 
 1479	20	2	18 2 
 1480	20	2	18 2 
 1481	20	2	18 2 
 1482	20	2	20 0 
 1483	20	2	17 3 
 1484	20	2	17 3 
 1485	20	2	17 3 
 1486	20	2	17 3 
 1487	20	2	20 0 
 1488	20	2	20 0 
 1489	20	2	19 1 
 1490	20	2	20 0 
 1491	20	2	20 0 
 1492	20	2	20 0 
 1493	20	2	20 0 
 1494	20	2	20 0 
 1495	20	2	19 1 
 1496	20	2	10 10 
 1497	20	2	18 2 
 1498	20	2	20 0 
 1499	20	2	19 1 
 1500	20	2	19 1 
 1501	20	2	20 0 
 1502	20	2	20 0 
 1503	20	2	20 0 
 1504	20	2	20 0 
 1505	20	2	19 1 
 1506	20	2	19 1 
 1507	20	2	19 1 
 1508	20	2	3 17 
 1509	20	2	20 0 
 1510	20	2	14 6 
 1511	20	2	20 0 
 1512	20	2	20 0 
 1513	20	2	20 0 
 1514	20	2	20 0 
 1515	20	2	20 0 
 1516	20	2	20 0 
 1517	20	2	20 0 
 1518	20	2	15 5 
 1519	20	2	19 1 
 1520	20	2	19 1 
 1521	20	2	20 0 
 1522	20	2	20 0 
 1523	20	2	20 0 
 1524	20	2	5 15 
 1525	20	2	15 5 
 1526	20	2	20 0 
 1527	20	2	20 0 
 1528	20	2	20 0 
 1529	20	2	20 0 
 1530	20	2	20 0 
 1531	20	2	19 1 
 1532	20	2	20 0 
 1533	20	2	15 5 
 1534	20	2	5 15 
 1535	20	2	5 15 
 1536	20	2	20 0 
 1537	20	2	19 1 
 1538	20	2	20 0 
 1539	20	2	20 0 
 1540	20	2	20 0 
 1541	20	2	20 0 
 1542	20	2	18 2 
 1543	20	2	20 0 
 1544	20	2	20 0 
 1545	20	2	20 0 
 1546	20	2	19 1 
 1547	20	2	20 0 
 1548	20	2	20 0 
 1549	20	2	20 0 
 1550	20	2	19 1 
 1551	20	2	20 0 
 1552	20	2	1 19 
 1553	20	2	19 1 
 1554	20	2	19 1 
 1555	20	2	20 0 
 1556	20	2	20 0 
 1557	20	2	20 0 
 1558	20	2	18 2 
 1559	20	2	15 5 
 1560	20	2	5 15 
 1561	20	2	19 1 
 1562	20	2	18 2 
 1563	20	2	20 0 
 1564	20	2	20 0 
 1565	20	2	20 0 
 1566	20	2	20 0 
 1567	20	2	19 1 
 1568	20	2	20 0 
 1569	20	2	20 0 
 1570	20	2	20 0 
 1571	20	2	13 7 
 1572	20	2	20 0 
 1573	20	2	18 2 
 1574	20	2	19 1 
 1575	20	2	20 0 
 1576	20	2	20 0 
 1577	20	2	19 1 
 1578	20	2	20 0 
 1579	20	2	19 1 
 1580	20	2	19 1 
 1581	20	2	20 0 
 1582	20	2	18 2 
 1583	20	2	18 2 
 1584	20	2	18 2 
 1585	20	2	18 2 
 1586	20	2	18 2 
 1587	20	2	18 2 
 1588	20	2	20 0 
 1589	20	2	20 0 
 1590	20	2	18 2 
 1591	20	2	20 0 
 1592	20	2	19 1 
 1593	20	2	20 0 
 1594	20	2	20 0 
 1595	20	2	20 0 
 1596	20	2	20 0 
 1597	20	2	20 0 
 1598	20	2	20 0 
 1599	20	2	20 0 
 1600	20	2	20 0 
 1601	20	2	18 2 
 1602	20	2	20 0 
 1603	20	2	2 18 
 1604	20	2	20 0 
 1605	20	2	10 10 
 1606	20	2	19 1 
 1607	20	2	20 0 
 1608	20	2	19 1 
 1609	20	2	20 0 
 1610	20	2	19 1 
 1611	20	2	20 0 
 1612	20	2	19 1 
 1613	20	2	20 0 
 1614	20	2	20 0 
 1615	20	2	17 3 
 1616	20	2	16 4 
 1617	20	2	20 0 
 1618	20	2	20 0 
 1619	20	2	14 6 
 1620	20	2	19 1 
 1621	20	2	16 4 
 1622	20	2	17 3 
 1623	20	2	19 1 
 1624	20	2	14 6 
 1625	20	2	19 1 
 1626	20	2	19 1 
 1627	20	2	19 1 
 1628	20	2	20 0 
 1629	20	2	14 6 
 1630	20	2	20 0 
 1631	20	2	20 0 
 1632	20	2	18 2 
 1633	20	2	14 6 
 1634	20	2	17 3 
 1635	20	2	7 13 
 1636	20	2	20 0 
 1637	20	2	19 1 
 1638	20	2	20 0 
 1639	20	2	20 0 
 1640	20	2	18 2 
 1641	20	2	19 1 
 1642	20	2	20 0 
 1643	20	2	20 0 
 1644	20	2	18 2 
 1645	20	2	20 0 
 1646	20	2	12 8 
 1647	20	2	20 0 
 1648	20	2	13 7 
 1649	20	2	19 1 
 1650	20	2	12 8 
 1651	20	2	20 0 
 1652	20	2	19 1 
 1653	20	2	19 1 
 1654	20	2	20 0 
 1655	20	2	9 11 
 1656	20	2	18 2 
 1657	20	2	19 1 
 1658	20	2	19 1 
 1659	20	2	11 9 
 1660	20	2	20 0 
 1661	20	2	20 0 
 1662	20	2	19 1 
 1663	20	2	7 13 
 1664	20	2	19 1 
 1665	20	2	20 0 
 1666	20	2	19 1 
 1667	20	2	19 1 
 1668	20	2	20 0 
 1669	20	2	20 0 
 1670	20	2	20 0 
 1671	20	2	20 0 
 1672	20	2	20 0 
 1673	20	2	19 1 
 1674	20	2	20 0 
 1675	20	2	20 0 
 1676	20	2	19 1 
 1677	20	2	20 0 
 1678	20	2	20 0 
 1679	20	2	20 0 
 1680	20	2	18 2 
 1681	20	2	8 12 
 1682	20	2	20 0 
 1683	20	2	6 14 
 1684	20	2	18 2 
 1685	20	2	20 0 
 1686	20	2	19 1 
 1687	20	2	19 1 
 1688	20	2	20 0 
 1689	20	2	20 0 
 1690	20	2	19 1 
 1691	20	2	19 1 
 1692	20	2	14 6 
 1693	20	2	20 0 
 1694	20	2	20 0 
 1695	20	2	20 0 
 1696	20	2	20 0 
 1697	20	2	18 2 
 1698	20	2	15 5 
 1699	20	2	15 5 
 1700	20	2	12 8 
 1701	20	2	19 1 
 1702	20	2	19 1 
 1703	20	2	20 0 
 1704	20	2	19 1 
 1705	20	2	15 5 
 1706	20	2	19 1 
 1707	20	2	19 1 
 1708	20	2	20 0 
 1709	20	2	20 0 
 1710	20	2	10 10 
 1711	20	2	19 1 
 1712	20	2	17 3 
 1713	20	2	18 2 
 1714	20	2	19 1 
 1715	20	2	19 1 
 1716	20	2	20 0 
 1717	20	2	19 1 
 1718	20	2	3 17 
 1719	20	2	20 0 
 1720	20	2	17 3 
 1721	20	2	3 17 
 1722	20	2	19 1 
 1723	20	2	19 1 
 1724	20	2	20 0 
 1725	20	2	18 2 
 1726	20	2	20 0 
 1727	20	2	12 8 
 1728	20	2	18 2 
 1729	20	2	20 0 
 1730	20	2	20 0 
 1731	20	2	20 0 
 1732	20	2	7 13 
 1733	20	2	16 4 
 1734	20	2	18 2 
 1735	20	2	12 8 
 1736	20	2	18 2 
 1737	20	2	9 11 
 1738	20	2	12 8 
 1739	20	2	18 2 
 1740	20	2	20 0 
 1741	20	2	7 13 
 1742	20	2	16 4 
 1743	20	2	18 2 
 1744	20	2	12 8 
 1745	20	2	18 2 
 1746	20	2	16 4 
 1747	20	2	20 0 
 1748	20	2	18 2 
 1749	20	2	19 1 
 1750	20	2	19 1 
 1751	20	2	20 0 
 1752	20	2	20 0 
 1753	20	2	19 1 
 1754	20	2	20 0 
 1755	20	2	20 0 
 1756	20	2	20 0 
 1757	20	2	15 5 
 1758	20	2	20 0 
 1759	20	2	17 3 
 1760	20	2	20 0 
 1761	20	2	18 2 
 1762	20	2	20 0 
 1763	20	2	4 16 
 1764	20	2	20 0 
 1765	20	2	20 0 
 1766	20	2	20 0 
 1767	20	2	20 0 
 1768	20	2	20 0 
 1769	20	2	15 5 
 1770	20	2	18 2 
 1771	20	2	20 0 
 1772	20	2	20 0 
 1773	20	2	20 0 
 1774	20	2	20 0 
 1775	20	2	19 1 
 1776	20	2	20 0 
 1777	20	2	20 0 
 1778	20	2	20 0 
 1779	20	2	20 0 
 1780	20	2	20 0 
 1781	20	2	20 0 
 1782	20	2	17 3 
 1783	20	2	20 0 
 1784	20	2	20 0 
 1785	20	2	19 1 
 1786	20	2	20 0 
 1787	20	2	20 0 
 1788	20	2	20 0 
 1789	20	2	20 0 
 1790	20	2	19 1 
 1791	20	2	19 1 
 1792	20	2	20 0 
 1793	20	2	18 2 
 1794	20	2	7 13 
 1795	20	2	2 18 
 1796	20	2	2 18 
 1797	20	2	2 18 
 1798	20	2	2 18 
 1799	20	2	20 0 
 1800	20	2	20 0 
 1801	20	2	19 1 
 1802	20	2	19 1 
 1803	20	2	19 1 
 1804	20	2	1 19 
 1805	20	2	18 2 
 1806	20	2	20 0 
 1807	20	2	12 8 
 1808	20	2	20 0 
 1809	20	2	20 0 
 1810	20	2	19 1 
 1811	20	2	20 0 
 1812	20	2	20 0 
 1813	20	2	20 0 
 1814	20	2	20 0 
 1815	20	2	18 2 
 1816	20	2	14 6 
 1817	20	2	20 0 
 1818	20	2	20 0 
 1819	20	2	20 0 
 1820	20	2	19 1 
 1821	20	2	20 0 
 1822	20	2	20 0 
 1823	20	2	20 0 
 1824	20	2	20 0 
 1825	20	2	19 1 
 1826	20	2	20 0 
 1827	20	2	19 1 
 1828	20	2	17 3 
 1829	20	2	20 0 
 1830	20	2	13 7 
 1831	20	2	19 1 
 1832	20	2	20 0 
 1833	20	2	20 0 
 1834	20	2	12 8 
 1835	20	2	6 14 
 1836	20	2	20 0 
 1837	20	2	20 0 
 1838	20	2	20 0 
 1839	20	2	19 1 
 1840	20	2	20 0 
 1841	20	2	19 1 
 1842	20	2	20 0 
 1843	20	2	20 0 
 1844	20	2	20 0 
 1845	20	2	20 0 
 1846	20	2	20 0 
 1847	20	2	20 0 
 1848	20	2	19 1 
 1849	20	2	19 1 
 1850	20	2	19 1 
 1851	20	2	19 1 
 1852	20	2	20 0 
 1853	20	2	19 1 
 1854	20	2	20 0 
 1855	20	2	13 7 
 1856	20	2	19 1 
 1857	20	2	10 10 
 1858	20	2	20 0 
 1859	20	2	20 0 
 1860	20	2	20 0 
 1861	20	2	20 0 
 1862	20	2	20 0 
 1863	20	2	20 0 
 1864	20	2	1 19 
 1865	20	2	20 0 
 1866	20	2	18 2 
 1867	20	2	20 0 
 1868	20	2	20 0 
 1869	20	2	15 5 
 1870	20	2	20 0 
 1871	20	2	7 13 
 1872	20	2	5 15 
 1873	20	2	19 1 
 1874	20	2	20 0 
 1875	20	2	20 0 
 1876	20	2	15 5 
 1877	20	2	15 5 
 1878	20	2	20 0 
 1879	20	2	7 13 
 1880	20	2	20 0 
 1881	20	2	20 0 
 1882	20	2	12 8 
 1883	20	2	20 0 
 1884	20	2	18 2 
 1885	20	2	20 0 
 1886	20	2	20 0 
 1887	20	2	20 0 
 1888	20	2	20 0 
 1889	20	2	20 0 
 1890	20	2	20 0 
 1891	20	2	18 2 
 1892	20	2	20 0 
 1893	20	2	12 8 
 1894	20	2	20 0 
 1895	20	2	12 8 
 1896	20	2	20 0 
 1897	20	2	20 0 
 1898	20	2	20 0 
 1899	20	2	20 0 
 1900	20	2	20 0 
 1901	20	2	20 0 
 1902	20	2	1 19 
 1903	20	2	19 1 
 1904	20	2	20 0 
 1905	20	2	20 0 
 1906	20	2	20 0 
 1907	20	2	19 1 
 1908	20	2	15 5 
 1909	20	2	20 0 
 1910	20	2	15 5 
 1911	20	2	20 0 
 1912	20	2	20 0 
 1913	20	2	7 13 
 1914	20	2	19 1 
 1915	20	2	17 3 
 1916	20	2	19 1 
 1917	20	2	20 0 
 1918	20	2	20 0 
 1919	20	2	14 6 
 1920	20	2	17 3 
 1921	20	2	4 16 
 1922	20	2	20 0 
 1923	20	2	20 0 
 1924	20	2	18 2 
 1925	20	2	17 3 
 1926	20	2	18 2 
 1927	20	2	20 0 
 1928	20	2	14 6 
 1929	20	2	14 6 
 1930	20	2	7 13 
 1931	20	2	20 0 
 1932	20	2	20 0 
 1933	20	2	20 0 
 1934	20	2	18 2 
 1935	20	2	20 0 
 1936	20	2	20 0 
 1937	20	2	20 0 
 1938	20	2	20 0 
 1939	20	2	20 0 
 1940	20	2	20 0 
 1941	20	2	15 5 
 1942	20	2	15 5 
 1943	20	2	15 5 
 1944	20	2	18 2 
 1945	20	2	15 5 
 1946	20	2	15 5 
 1947	20	2	20 0 
 1948	20	2	8 12 
 1949	20	2	20 0 
 1950	20	2	20 0 
 1951	20	2	20 0 
 1952	20	2	6 14 
 1953	20	2	19 1 
 1954	20	2	18 2 
 1955	20	2	18 2 
 1956	20	2	20 0 
 1957	20	2	20 0 
 1958	20	2	18 2 
 1959	20	2	20 0 
 1960	20	2	20 0 
 1961	20	2	20 0 
 1962	20	2	20 0 
 1963	20	2	20 0 
 1964	20	2	19 1 
 1965	20	2	20 0 
 1966	20	2	20 0 
 1967	20	2	13 7 
 1968	20	2	7 13 
 1969	20	2	7 13 
 1970	20	2	20 0 
 1971	20	2	20 0 
 1972	20	2	16 4 
 1973	20	2	19 1 
 1974	20	2	20 0 
 1975	20	2	20 0 
 1976	20	2	19 1 
 1977	20	2	20 0 
 1978	20	2	19 1 
 1979	20	2	20 0 
 1980	20	2	20 0 
 1981	20	2	19 1 
 1982	20	2	19 1 
 1983	20	2	20 0 
 1984	20	2	20 0 
 1985	20	2	19 1 
 1986	20	2	20 0 
 1987	20	2	20 0 
 1988	20	2	19 1 
 1989	20	2	20 0 
 1990	20	2	19 1 
 1991	20	2	19 1 
 1992	20	2	20 0 
 1993	20	2	20 0 
 1994	20	2	20 0 
 1995	20	2	20 0 
 1996	20	2	19 1 
 1997	20	2	20 0 
 1998	20	2	20 0 
 1999	20	2	20 0 
 2000	20	2	2 18 
 2001	20	2	20 0 
 2002	20	2	20 0 
 2003	20	2	19 1 
 2004	20	2	19 1 
 2005	20	2	20 0 
 2006	20	2	20 0 
 2007	20	2	20 0 
 2008	20	2	20 0 
 2009	20	2	20 0 
 2010	20	2	20 0 
 2011	20	2	6 14 
 2012	20	2	20 0 
 2013	20	2	14 6 
 2014	20	2	9 11 
 2015	20	2	20 0 
 2016	20	2	11 9 
 2017	20	2	14 6 
 2018	20	2	19 1 
 2019	20	2	20 0 
 2020	20	2	20 0 
 2021	20	2	18 2 
 2022	20	2	20 0 
 2023	20	2	20 0 
 2024	20	2	5 15 
 2025	20	2	18 2 
 2026	20	2	20 0 
 2027	20	2	19 1 
 2028	20	2	19 1 
 2029	20	2	19 1 
 2030	20	2	16 4 
 2031	20	2	5 15 
 2032	20	2	19 1 
 2033	20	2	20 0 
 2034	20	2	20 0 
 2035	20	2	20 0 
 2036	20	2	19 1 
 2037	20	2	7 13 
 2038	20	2	20 0 
 2039	20	2	14 6 
 2040	20	2	20 0 
 2041	20	2	17 3 
 2042	20	2	16 4 
 2043	20	2	14 6 
 2044	20	2	20 0 
 2045	20	2	20 0 
 2046	20	2	20 0 
 2047	20	2	20 0 
 2048	20	2	9 11 
 2049	20	2	20 0 
 2050	20	2	20 0 
 2051	20	2	20 0 
 2052	20	2	8 12 
 2053	20	2	20 0 
 2054	20	2	20 0 
 2055	20	2	20 0 
 2056	20	2	19 1 
 2057	20	2	19 1 
 2058	20	2	19 1 
 2059	20	2	20 0 
 2060	20	2	20 0 
 2061	20	2	20 0 
 2062	20	2	19 1 
 2063	20	2	19 1 
 2064	20	2	19 1 
 2065	20	2	19 1 
 2066	20	2	17 3 
 2067	20	2	19 1 
 2068	20	2	19 1 
 2069	20	2	20 0 
 2070	20	2	20 0 
 2071	20	2	20 0 
 2072	20	2	20 0 
 2073	20	2	19 1 
 2074	20	2	19 1 
 2075	20	2	19 1 
 2076	20	2	19 1 
 2077	20	2	19 1 
 2078	20	2	19 1 
 2079	20	2	4 16 
 2080	20	2	19 1 
 2081	20	2	20 0 
 2082	20	2	20 0 
 2083	20	2	19 1 
 2084	20	2	20 0 
 2085	20	2	16 4 
 2086	20	2	20 0 
 2087	20	2	20 0 
 2088	20	2	16 4 
 2089	20	2	20 0 
 2090	20	2	20 0 
 2091	20	2	20 0 
 2092	20	2	20 0 
 2093	20	2	14 6 
 2094	20	2	20 0 
 2095	20	2	20 0 
 2096	20	2	11 9 
 2097	20	2	19 1 
 2098	20	2	19 1 
 2099	20	2	14 6 
 2100	20	2	14 6 
 2101	20	2	19 1 
 2102	20	2	20 0 
 2103	20	2	5 15 
 2104	20	2	20 0 
 2105	20	2	20 0 
 2106	20	2	5 15 
 2107	20	2	20 0 
 2108	20	2	5 15 
 2109	20	2	19 1 
 2110	20	2	15 5 
 2111	20	2	20 0 
 2112	20	2	20 0 
 2113	20	2	20 0 
 2114	20	2	20 0 
 2115	20	2	20 0 
 2116	20	2	20 0 
 2117	20	2	20 0 
 2118	20	2	20 0 
 2119	20	2	20 0 
 2120	20	2	20 0 
 2121	20	2	20 0 
 2122	20	2	20 0 
 2123	20	2	20 0 
 2124	20	2	8 12 
 2125	20	2	4 16 
 2126	20	2	17 3 
 2127	20	2	16 4 
 2128	20	2	20 0 
 2129	20	2	16 4 
 2130	20	2	19 1 
 2131	20	2	16 4 
 2132	20	2	19 1 
 2133	20	2	18 2 
 2134	20	2	17 3 
 2135	20	2	20 0 
 2136	20	2	20 0 
 2137	20	2	20 0 
 2138	20	2	20 0 
 2139	20	2	20 0 
 2140	20	2	20 0 
 2141	20	2	20 0 
 2142	20	2	20 0 
 2143	20	2	20 0 
 2144	20	2	20 0 
 2145	20	2	20 0 
 2146	20	2	20 0 
 2147	20	2	20 0 
 2148	20	2	7 13 
 2149	20	2	19 1 
 2150	20	2	20 0 
 2151	20	2	20 0 
 2152	20	2	15 5 
 2153	20	2	5 15 
 2154	20	2	19 1 
 2155	20	2	20 0 
 2156	20	2	20 0 
 2157	20	2	19 1 
 2158	20	2	20 0 
 2159	20	2	3 17 
 2160	20	2	19 1 
 2161	20	2	12 8 
 2162	20	2	19 1 
 2163	20	2	5 15 
 2164	20	2	20 0 
 2165	20	2	20 0 
 2166	20	2	18 2 
 2167	20	2	20 0 
 2168	20	2	4 16 
 2169	20	2	4 16 
 2170	20	2	4 16 
 2171	20	2	20 0 
 2172	20	2	4 16 
 2173	20	2	11 9 
 2174	20	2	20 0 
 2175	20	2	20 0 
 2176	20	2	11 9 
 2177	20	2	20 0 
 2178	20	2	19 1 
 2179	20	2	20 0 
 2180	20	2	20 0 
 2181	20	2	20 0 
 2182	20	2	19 1 
 2183	20	2	20 0 
 2184	20	2	19 1 
 2185	20	2	15 5 
 2186	20	2	17 3 
 2187	20	2	7 13 
 2188	20	2	20 0 
 2189	20	2	19 1 
 2190	20	2	18 2 
 2191	20	2	20 0 
 2192	20	2	20 0 
 2193	20	2	19 1 
 2194	20	2	20 0 
 2195	20	2	20 0 
 2196	20	2	20 0 
 2197	20	2	4 16 
 2198	20	2	20 0 
 2199	20	2	19 1 
 2200	20	2	20 0 
 2201	20	2	19 1 
 2202	20	2	20 0 
 2203	20	2	19 1 
 2204	20	2	20 0 
 2205	20	2	20 0 
 2206	20	2	20 0 
 2207	20	2	17 3 
 2208	20	2	20 0 
 2209	20	2	9 11 
 2210	20	2	18 2 
 2211	20	2	20 0 
 2212	20	2	20 0 
 2213	20	2	20 0 
 2214	20	2	14 6 
 2215	20	2	20 0 
 2216	20	2	17 3 
 2217	20	2	17 3 
 2218	20	2	5 15 
 2219	20	2	20 0 
 2220	20	2	20 0 
 2221	20	2	19 1 
 2222	20	2	20 0 
 2223	20	2	20 0 
 2224	20	2	20 0 
 2225	20	2	16 4 
 2226	20	2	20 0 
 2227	20	2	20 0 
 2228	20	2	20 0 
 2229	20	2	20 0 
 2230	20	2	18 2 
 2231	20	2	18 2 
 2232	20	2	3 17 
 2233	20	2	19 1 
 2234	20	2	18 2 
 2235	20	2	19 1 
 2236	20	2	19 1 
 2237	20	2	19 1 
 2238	20	2	12 8 
 2239	20	2	20 0 
 2240	20	2	19 1 
 2241	20	2	19 1 
 2242	20	2	19 1 
 2243	20	2	18 2 
 2244	20	2	20 0 
 2245	20	2	19 1 
 2246	20	2	20 0 
 2247	20	2	20 0 
 2248	20	2	20 0 
 2249	20	2	10 10 
 2250	20	2	19 1 
 2251	20	2	19 1 
 2252	20	2	19 1 
 2253	20	2	19 1 
 2254	20	2	15 5 
 2255	20	2	20 0 
 2256	20	2	19 1 
 2257	20	2	20 0 
 2258	20	2	20 0 
 2259	20	2	20 0 
 2260	20	2	20 0 
 2261	20	2	20 0 
 2262	20	2	20 0 
 2263	20	2	19 1 
 2264	20	2	20 0 
 2265	20	2	20 0 
 2266	20	2	18 2 
 2267	20	2	19 1 
 2268	20	2	20 0 
 2269	20	2	19 1 
 2270	20	2	18 2 
 2271	20	2	19 1 
 2272	20	2	20 0 
 2273	20	2	20 0 
 2274	20	2	20 0 
 2275	20	2	18 2 
 2276	20	2	20 0 
 2277	20	2	20 0 
 2278	20	2	8 12 
 2279	20	2	20 0 
 2280	20	2	20 0 
 2281	20	2	8 12 
 2282	20	2	20 0 
 2283	20	2	19 1 
 2284	20	2	20 0 
 2285	20	2	8 12 
 2286	20	2	19 1 
 2287	20	2	19 1 
 2288	20	2	20 0 
 2289	20	2	20 0 
 2290	20	2	19 1 
 2291	20	2	19 1 
 2292	20	2	20 0 
 2293	20	2	20 0 
 2294	20	2	18 2 
 2295	20	2	18 2 
 2296	20	2	20 0 
 2297	20	2	18 2 
 2298	20	2	19 1 
 2299	20	2	18 2 
 2300	20	2	19 1 
 2301	20	2	20 0 
 2302	20	2	20 0 
 2303	20	2	20 0 
 2304	20	2	20 0 
 2305	20	2	19 1 
 2306	20	2	20 0 
 2307	20	2	16 4 
 2308	20	2	20 0 
 2309	20	2	20 0 
 2310	20	2	20 0 
 2311	20	2	20 0 
 2312	20	2	20 0 
 2313	20	2	20 0 
 2314	20	2	9 11 
 2315	20	2	20 0 
 2316	20	2	17 3 
 2317	20	2	19 1 
 2318	20	2	19 1 
 2319	20	2	19 1 
 2320	20	2	20 0 
 2321	20	2	19 1 
 2322	20	2	13 7 
 2323	20	2	19 1 
 2324	20	2	20 0 
 2325	20	2	10 10 
 2326	20	2	20 0 
 2327	20	2	4 16 
 2328	20	2	20 0 
 2329	20	2	19 1 
 2330	20	2	17 3 
 2331	20	2	19 1 
 2332	20	2	16 4 
 2333	20	2	4 16 
 2334	20	2	20 0 
 2335	20	2	20 0 
 2336	20	2	1 19 
 2337	20	2	19 1 
 2338	20	2	20 0 
 2339	20	2	20 0 
 2340	20	2	18 2 
 2341	20	2	20 0 
 2342	20	2	20 0 
 2343	20	2	20 0 
 2344	20	2	20 0 
 2345	20	2	19 1 
 2346	20	2	20 0 
 2347	20	2	19 1 
 2348	20	2	19 1 
 2349	20	2	17 3 
 2350	20	2	19 1 
 2351	20	2	19 1 
 2352	20	2	20 0 
 2353	20	2	20 0 
 2354	20	2	20 0 
 2355	20	2	19 1 
 2356	20	2	20 0 
 2357	20	2	19 1 
 2358	20	2	20 0 
 2359	20	2	20 0 
 2360	20	2	20 0 
 2361	20	2	2 18 
 2362	20	2	20 0 
 2363	20	2	20 0 
 2364	20	2	20 0 
 2365	20	2	15 5 
 2366	20	2	19 1 
 2367	20	2	20 0 
 2368	20	2	20 0 
 2369	20	2	17 3 
 2370	20	2	19 1 
 2371	20	2	20 0 
 2372	20	2	20 0 
 2373	20	2	20 0 
 2374	20	2	20 0 
 2375	20	2	20 0 
 2376	20	2	20 0 
 2377	20	2	20 0 
 2378	20	2	20 0 
 2379	20	2	20 0 
 2380	20	2	20 0 
 2381	20	2	20 0 
 2382	20	2	18 2 
 2383	20	2	4 16 
 2384	20	2	20 0 
 2385	20	2	19 1 
 2386	20	2	20 0 
 2387	20	2	20 0 
 2388	20	2	20 0 
 2389	20	2	20 0 
 2390	20	2	17 3 
 2391	20	2	20 0 
 2392	20	2	16 4 
 2393	20	2	20 0 
 2394	20	2	19 1 
 2395	20	2	19 1 
 2396	20	2	19 1 
 2397	20	2	19 1 
 2398	20	2	20 0 
 2399	20	2	19 1 
 2400	20	2	20 0 
 2401	20	2	20 0 
 2402	20	2	20 0 
 2403	20	2	6 14 
 2404	20	2	20 0 
 2405	20	2	20 0 
 2406	20	2	20 0 
 2407	20	2	20 0 
 2408	20	2	20 0 
 2409	20	2	20 0 
 2410	20	2	20 0 
 2411	20	2	20 0 
 2412	20	2	20 0 
 2413	20	2	12 8 
 2414	20	2	12 8 
 2415	20	2	20 0 
 2416	20	2	20 0 
 2417	20	2	20 0 
 2418	20	2	4 16 
 2419	20	2	20 0 
 2420	20	2	20 0 
 2421	20	2	4 16 
 2422	20	2	20 0 
 2423	20	2	20 0 
 2424	20	2	20 0 
 2425	20	2	20 0 
 2426	20	2	20 0 
 2427	20	2	20 0 
 2428	20	2	17 3 
 2429	20	2	18 2 
 2430	20	2	19 1 
 2431	20	2	17 3 
 2432	20	2	20 0 
 2433	20	2	3 17 
 2434	20	2	18 2 
 2435	20	2	20 0 
 2436	20	2	20 0 
 2437	20	2	19 1 
 2438	20	2	5 15 
 2439	20	2	19 1 
 2440	20	2	18 2 
 2441	20	2	4 16 
 2442	20	2	17 3 
 2443	20	2	20 0 
 2444	20	2	20 0 
 2445	20	2	20 0 
 2446	20	2	20 0 
 2447	20	2	20 0 
 2448	20	2	20 0 
 2449	20	2	20 0 
 2450	20	2	18 2 
 2451	20	2	20 0 
 2452	20	2	20 0 
 2453	20	2	20 0 
 2454	20	2	20 0 
 2455	20	2	20 0 
 2456	20	2	20 0 
 2457	20	2	20 0 
 2458	20	2	20 0 
 2459	20	2	5 15 
 2460	20	2	3 17 
 2461	20	2	3 17 
 2462	20	2	8 12 
 2463	20	2	5 15 
 2464	20	2	3 17 
 2465	20	2	15 5 
 2466	20	2	12 8 
 2467	20	2	20 0 
 2468	20	2	16 4 
 2469	20	2	20 0 
 2470	20	2	20 0 
 2471	20	2	20 0 
 2472	20	2	12 8 
 2473	20	2	18 2 
 2474	20	2	18 2 
 2475	20	2	4 16 
 2476	20	2	18 2 
 2477	20	2	18 2 
 2478	20	2	20 0 
 2479	20	2	19 1 
 2480	20	2	20 0 
 2481	20	2	18 2 
 2482	20	2	20 0 
 2483	20	2	20 0 
 2484	20	2	16 4 
 2485	20	2	16 4 
 2486	20	2	19 1 
 2487	20	2	17 3 
 2488	20	2	17 3 
 2489	20	2	17 3 
 2490	20	2	19 1 
 2491	20	2	17 3 
 2492	20	2	20 0 
 2493	20	2	19 1 
 2494	20	2	19 1 
 2495	20	2	20 0 
 2496	20	2	20 0 
 2497	20	2	20 0 
 2498	20	2	13 7 
 2499	20	2	18 2 
 2500	20	2	19 1 
 2501	20	2	20 0 
 2502	20	2	19 1 
 2503	20	2	19 1 
 2504	20	2	20 0 
 2505	20	2	18 2 
 2506	20	2	20 0 
 2507	20	2	17 3 
 2508	20	2	20 0 
 2509	20	2	20 0 
 2510	20	2	20 0 
 2511	20	2	19 1 
 2512	20	2	20 0 
 2513	20	2	15 5 
 2514	20	2	20 0 
 2515	20	2	20 0 
 2516	20	2	19 1 
 2517	20	2	19 1 
 2518	20	2	20 0 
 2519	20	2	19 1 
 2520	20	2	19 1 
 2521	20	2	20 0 
 2522	20	2	19 1 
 2523	20	2	20 0 
 2524	20	2	20 0 
 2525	20	2	20 0 
 2526	20	2	20 0 
 2527	20	2	20 0 
 2528	20	2	18 2 
 2529	20	2	20 0 
 2530	20	2	19 1 
 2531	20	2	18 2 
 2532	20	2	12 8 
 2533	20	2	15 5 
 2534	20	2	12 8 
 2535	20	2	12 8 
 2536	20	2	20 0 
 2537	20	2	19 1 
 2538	20	2	19 1 
 2539	20	2	20 0 
 2540	20	2	20 0 
 2541	20	2	20 0 
 2542	20	2	20 0 
 2543	20	2	20 0 
 2544	20	2	20 0 
 2545	20	2	20 0 
 2546	20	2	20 0 
 2547	20	2	20 0 
 2548	20	2	19 1 
 2549	20	2	19 1 
 2550	20	2	20 0 
 2551	20	2	17 3 
 2552	20	2	19 1 
 2553	20	2	19 1 
 2554	20	2	20 0 
 2555	20	2	20 0 
 2556	20	2	19 1 
 2557	20	2	19 1 
 2558	20	2	20 0 
 2559	20	2	19 1 
 2560	20	2	20 0 
 2561	20	2	6 14 
 2562	20	2	6 14 
 2563	20	2	3 17 
 2564	20	2	20 0 
 2565	20	2	20 0 
 2566	20	2	20 0 
 2567	20	2	13 7 
 2568	20	2	20 0 
 2569	20	2	20 0 
 2570	20	2	20 0 
 2571	20	2	19 1 
 2572	20	2	17 3 
 2573	20	2	18 2 
 2574	20	2	20 0 
 2575	20	2	20 0 
 2576	20	2	20 0 
 2577	20	2	20 0 
 2578	20	2	20 0 
 2579	20	2	20 0 
 2580	20	2	20 0 
 2581	20	2	20 0 
 2582	20	2	19 1 
 2583	20	2	20 0 
 2584	20	2	18 2 
 2585	20	2	18 2 
 2586	20	2	18 2 
 2587	20	2	19 1 
 2588	20	2	18 2 
 2589	20	2	13 7 
 2590	20	2	20 0 
 2591	20	2	12 8 
 2592	20	2	12 8 
 2593	20	2	20 0 
 2594	20	2	19 1 
 2595	20	2	19 1 
 2596	20	2	13 7 
 2597	20	2	20 0 
 2598	20	2	20 0 
 2599	20	2	20 0 
 2600	20	2	20 0 
 2601	20	2	20 0 
 2602	20	2	20 0 
 2603	20	2	20 0 
 2604	20	2	20 0 
 2605	20	2	20 0 
 2606	20	2	20 0 
 2607	20	2	19 1 
 2608	20	2	20 0 
 2609	20	2	16 4 
 2610	20	2	20 0 
 2611	20	2	20 0 
 2612	20	2	17 3 
 2613	20	2	17 3 
 2614	20	2	18 2 
 2615	20	2	19 1 
 2616	20	2	19 1 
 2617	20	2	11 9 
 2618	20	2	17 3 
 2619	20	2	20 0 
 2620	20	2	20 0 
 2621	20	2	20 0 
 2622	20	2	19 1 
 2623	20	2	20 0 
 2624	20	2	20 0 
 2625	20	2	20 0 
 2626	20	2	18 2 
 2627	20	2	18 2 
 2628	20	2	19 1 
 2629	20	2	18 2 
 2630	20	2	18 2 
 2631	20	2	18 2 
 2632	20	2	19 1 
 2633	20	2	4 16 
 2634	20	2	20 0 
 2635	20	2	20 0 
 2636	20	2	20 0 
 2637	20	2	1 19 
 2638	20	2	19 1 
 2639	20	2	20 0 
 2640	20	2	20 0 
 2641	20	2	20 0 
 2642	20	2	20 0 
 2643	20	2	20 0 
 2644	20	2	20 0 
 2645	20	2	20 0 
 2646	20	2	20 0 
 2647	20	2	19 1 
 2648	20	2	20 0 
 2649	20	2	20 0 
 2650	20	2	20 0 
 2651	20	2	20 0 
 2652	20	2	20 0 
 2653	20	2	19 1 
 2654	20	2	20 0 
 2655	20	2	20 0 
 2656	20	2	20 0 
 2657	20	2	20 0 
 2658	20	2	20 0 
 2659	20	2	20 0 
 2660	20	2	20 0 
 2661	20	2	19 1 
 2662	20	2	20 0 
 2663	20	2	19 1 
 2664	20	2	20 0 
 2665	20	2	19 1 
 2666	20	2	19 1 
 2667	20	2	19 1 
 2668	20	2	19 1 
 2669	20	2	20 0 
 2670	20	2	20 0 
 2671	20	2	20 0 
 2672	20	2	20 0 
 2673	20	2	20 0 
 2674	20	2	20 0 
 2675	20	2	20 0 
 2676	20	2	20 0 
 2677	20	2	20 0 
 2678	20	2	20 0 
 2679	20	2	20 0 
 2680	20	2	19 1 
 2681	20	2	20 0 
 2682	20	2	19 1 
 2683	20	2	20 0 
 2684	20	2	19 1 
 2685	20	2	19 1 
 2686	20	2	19 1 
 2687	20	2	1 19 
 2688	20	2	19 1 
 2689	20	2	19 1 
 2690	20	2	19 1 
 2691	20	2	19 1 
 2692	20	2	19 1 
 2693	20	2	20 0 
 2694	20	2	19 1 
 2695	20	2	20 0 
 2696	20	2	20 0 
 2697	20	2	19 1 
 2698	20	2	20 0 
 2699	20	2	20 0 
 2700	20	2	20 0 
 2701	20	2	20 0 
 2702	20	2	19 1 
 2703	20	2	20 0 
 2704	20	2	20 0 
 2705	20	2	20 0 
 2706	20	2	19 1 
 2707	20	2	19 1 
 2708	20	2	18 2 
 2709	20	2	19 1 
 2710	20	2	20 0 
 2711	20	2	20 0 
 2712	20	2	18 2 
 2713	20	2	18 2 
 2714	20	2	19 1 
 2715	20	2	19 1 
 2716	20	2	19 1 
 2717	20	2	18 2 
 2718	20	2	19 1 
 2719	20	2	20 0 
 2720	20	2	20 0 
 2721	20	2	16 4 
 2722	20	2	20 0 
 2723	20	2	16 4 
 2724	20	2	19 1 
 2725	20	2	15 5 
 2726	20	2	9 11 
 2727	20	2	20 0 
 2728	20	2	14 6 
 2729	20	2	15 5 
 2730	20	2	18 2 
 2731	20	2	19 1 
 2732	20	2	18 2 
 2733	20	2	19 1 
 2734	20	2	4 16 
 2735	20	2	18 2 
 2736	20	2	18 2 
 2737	20	2	11 9 
 2738	20	2	20 0 
 2739	20	2	20 0 
 2740	20	2	19 1 
 2741	20	2	10 10 
 2742	20	2	9 11 
 2743	20	2	19 1 
 2744	20	2	20 0 
 2745	20	2	20 0 
 2746	20	2	19 1 
 2747	20	2	19 1 
 2748	20	2	4 16 
 2749	20	2	15 5 
 2750	20	2	20 0 
 2751	20	2	19 1 
 2752	20	2	20 0 
 2753	20	2	20 0 
 2754	20	2	19 1 
 2755	20	2	17 3 
 2756	20	2	20 0 
 2757	20	2	20 0 
 2758	20	2	20 0 
 2759	20	2	20 0 
 2760	20	2	18 2 
 2761	20	2	20 0 
 2762	20	2	18 2 
 2763	20	2	20 0 
 2764	20	2	17 3 
 2765	20	2	17 3 
 2766	20	2	20 0 
 2767	20	2	17 3 
 2768	20	2	17 3 
 2769	20	2	20 0 
 2770	20	2	20 0 
 2771	20	2	3 17 
 2772	20	2	17 3 
 2773	20	2	17 3 
 2774	20	2	20 0 
 2775	20	2	18 2 
 2776	20	2	2 18 
 2777	20	2	9 11 
 2778	20	2	11 9 
 2779	20	2	18 2 
 2780	20	2	18 2 
 2781	20	2	18 2 
 2782	20	2	19 1 
 2783	20	2	1 19 
 2784	20	2	20 0 
 2785	20	2	20 0 
 2786	20	2	10 10 
 2787	20	2	11 9 
 2788	20	2	20 0 
 2789	20	2	20 0 
 2790	20	2	20 0 
 2791	20	2	20 0 
 2792	20	2	20 0 
 2793	20	2	17 3 
 2794	20	2	20 0 
 2795	20	2	10 10 
 2796	20	2	15 5 
 2797	20	2	20 0 
 2798	20	2	15 5 
 2799	20	2	20 0 
 2800	20	2	20 0 
 2801	20	2	19 1 
 2802	20	2	14 6 
 2803	20	2	19 1 
 2804	20	2	6 14 
 2805	20	2	6 14 
 2806	20	2	20 0 
 2807	20	2	20 0 
 2808	20	2	20 0 
 2809	20	2	20 0 
 2810	20	2	19 1 
 2811	20	2	20 0 
 2812	20	2	20 0 
 2813	20	2	20 0 
 2814	20	2	18 2 
 2815	20	2	17 3 
 2816	20	2	19 1 
 2817	20	2	1 19 
 2818	20	2	19 1 
 2819	20	2	20 0 
 2820	20	2	20 0 
 2821	20	2	13 7 
 2822	20	2	20 0 
 2823	20	2	20 0 
 2824	20	2	20 0 
 2825	20	2	20 0 
 2826	20	2	19 1 
 2827	20	2	20 0 
 2828	20	2	19 1 
 2829	20	2	20 0 
 2830	20	2	18 2 
 2831	20	2	20 0 
 2832	20	2	19 1 
 2833	20	2	19 1 
 2834	20	2	19 1 
 2835	20	2	20 0 
 2836	20	2	19 1 
 2837	20	2	19 1 
 2838	20	2	17 3 
 2839	20	2	17 3 
 2840	20	2	20 0 
 2841	20	2	20 0 
 2842	20	2	20 0 
 2843	20	2	20 0 
 2844	20	2	18 2 
 2845	20	2	18 2 
 2846	20	2	20 0 
 2847	20	2	18 2 
 2848	20	2	18 2 
 2849	20	2	18 2 
 2850	20	2	20 0 
 2851	20	2	18 2 
 2852	20	2	20 0 
 2853	20	2	18 2 
 2854	20	2	18 2 
 2855	20	2	20 0 
 2856	20	2	19 1 
 2857	20	2	18 2 
 2858	20	2	18 2 
 2859	20	2	19 1 
 2860	20	2	14 6 
 2861	20	2	17 3 
 2862	20	2	14 6 
 2863	20	2	20 0 
 2864	20	2	18 2 
 2865	20	2	19 1 
 2866	20	2	18 2 
 2867	20	2	19 1 
 2868	20	2	20 0 
 2869	20	2	8 12 
 2870	20	2	20 0 
 2871	20	2	9 11 
 2872	20	2	19 1 
 2873	20	2	20 0 
 2874	20	2	16 4 
 2875	20	2	20 0 
 2876	20	2	20 0 
 2877	20	2	17 3 
 2878	20	2	20 0 
 2879	20	2	20 0 
 2880	20	2	20 0 
 2881	20	2	19 1 
 2882	20	2	20 0 
 2883	20	2	20 0 
 2884	20	2	20 0 
 2885	20	2	20 0 
 2886	20	2	17 3 
 2887	20	2	20 0 
 2888	20	2	20 0 
 2889	20	2	20 0 
 2890	20	2	20 0 
 2891	20	2	16 4 
 2892	20	2	1 19 
 2893	20	2	20 0 
 2894	20	2	19 1 
 2895	20	2	17 3 
 2896	20	2	20 0 
 2897	20	2	20 0 
 2898	20	2	19 1 
 2899	20	2	20 0 
 2900	20	2	19 1 
 2901	20	2	20 0 
 2902	20	2	20 0 
 2903	20	2	16 4 
 2904	20	2	20 0 
 2905	20	2	20 0 
 2906	20	2	19 1 
 2907	20	2	4 16 
 2908	20	2	5 15 
 2909	20	2	20 0 
 2910	20	2	20 0 
 2911	20	2	20 0 
 2912	20	2	20 0 
 2913	20	2	19 1 
 2914	20	2	19 1 
 2915	20	2	18 2 
 2916	20	2	20 0 
 2917	20	2	20 0 
 2918	20	2	20 0 
 2919	20	2	20 0 
 2920	20	2	20 0 
 2921	20	2	20 0 
 2922	20	2	20 0 
 2923	20	2	20 0 
 2924	20	2	7 13 
 2925	20	2	15 5 
 2926	20	2	20 0 
 2927	20	2	20 0 
 2928	20	2	15 5 
 2929	20	2	15 5 
 2930	20	2	3 17 
 2931	20	2	18 2 
 2932	20	2	20 0 
 2933	20	2	17 3 
 2934	20	2	20 0 
 2935	20	2	15 5 
 2936	20	2	20 0 
 2937	20	2	19 1 
 2938	20	2	19 1 
 2939	20	2	20 0 
 2940	20	2	20 0 
 2941	20	2	20 0 
 2942	20	2	19 1 
 2943	20	2	19 1 
 2944	20	2	19 1 
 2945	20	2	20 0 
 2946	20	2	14 6 
 2947	20	2	10 10 
 2948	20	2	20 0 
 2949	20	2	9 11 
 2950	20	2	20 0 
 2951	20	2	20 0 
 2952	20	2	20 0 
 2953	20	2	17 3 
 2954	20	2	20 0 
 2955	20	2	20 0 
 2956	20	2	20 0 
 2957	20	2	20 0 
 2958	20	2	19 1 
 2959	20	2	14 6 
 2960	20	2	19 1 
 2961	20	2	14 6 
 2962	20	2	20 0 
 2963	20	2	20 0 
 2964	20	2	20 0 
 2965	20	2	19 1 
 2966	20	2	19 1 
 2967	20	2	20 0 
 2968	20	2	20 0 
 2969	20	2	20 0 
 2970	20	2	20 0 
 2971	20	2	15 5 
 2972	20	2	20 0 
 2973	20	2	20 0 
 2974	20	2	19 1 
 2975	20	2	19 1 
 2976	20	2	18 2 
 2977	20	2	18 2 
 2978	20	2	20 0 
 2979	20	2	17 3 
 2980	20	2	17 3 
 2981	20	2	17 3 
 2982	20	2	19 1 
 2983	20	2	20 0 
 2984	20	2	17 3 
 2985	20	2	19 1 
 2986	20	2	19 1 
 2987	20	2	19 1 
 2988	20	2	19 1 
 2989	20	2	20 0 
 2990	20	2	20 0 
 2991	20	2	20 0 
 2992	20	2	19 1 
 2993	20	2	20 0 
 2994	20	2	20 0 
 2995	20	2	20 0 
 2996	20	2	18 2 
 2997	20	2	20 0 
 2998	20	2	18 2 
 2999	20	2	19 1 
 3000	20	2	9 11 
 3001	20	2	16 4 
 3002	20	2	16 4 
 3003	20	2	19 1 
 3004	20	2	8 12 
 3005	20	2	7 13 
 3006	20	2	8 12 
 3007	20	2	8 12 
 3008	20	2	7 13 
 3009	20	2	20 0 
 3010	20	2	19 1 
 3011	20	2	19 1 
 3012	20	2	19 1 
 3013	20	2	20 0 
 3014	20	2	19 1 
 3015	20	2	19 1 
 3016	20	2	19 1 
 3017	20	2	20 0 
 3018	20	2	20 0 
 3019	20	2	19 1 
 3020	20	2	19 1 
 3021	20	2	1 19 
 3022	20	2	19 1 
 3023	20	2	19 1 
 3024	20	2	20 0 
 3025	20	2	5 15 
 3026	20	2	19 1 
 3027	20	2	20 0 
 3028	20	2	20 0 
 3029	20	2	5 15 
 3030	20	2	19 1 
 3031	20	2	19 1 
 3032	20	2	20 0 
 3033	20	2	20 0 
 3034	20	2	20 0 
 3035	20	2	5 15 
 3036	20	2	20 0 
 3037	20	2	20 0 
 3038	20	2	18 2 
 3039	20	2	20 0 
 3040	20	2	20 0 
 3041	20	2	19 1 
 3042	20	2	19 1 
 3043	20	2	19 1 
 3044	20	2	19 1 
 3045	20	2	19 1 
 3046	20	2	20 0 
 3047	20	2	20 0 
 3048	20	2	19 1 
 3049	20	2	19 1 
 3050	20	2	20 0 
 3051	20	2	17 3 
 3052	20	2	10 10 
 3053	20	2	20 0 
 3054	20	2	19 1 
 3055	20	2	20 0 
 3056	20	2	20 0 
 3057	20	2	19 1 
 3058	20	2	20 0 
 3059	20	2	20 0 
 3060	20	2	20 0 
 3061	20	2	11 9 
 3062	20	2	3 17 
 3063	20	2	20 0 
 3064	20	2	20 0 
 3065	20	2	16 4 
 3066	20	2	16 4 
 3067	20	2	20 0 
 3068	20	2	16 4 
 3069	20	2	13 7 
 3070	20	2	20 0 
 3071	20	2	19 1 
 3072	20	2	15 5 
 3073	20	2	20 0 
 3074	20	2	18 2 
 3075	20	2	20 0 
 3076	20	2	20 0 
 3077	20	2	20 0 
 3078	20	2	8 12 
 3079	20	2	12 8 
 3080	20	2	18 2 
 3081	20	2	20 0 
 3082	20	2	19 1 
 3083	20	2	18 2 
 3084	20	2	20 0 
 3085	20	2	18 2 
 3086	20	2	20 0 
 3087	20	2	18 2 
 3088	20	2	20 0 
 3089	20	2	20 0 
 3090	20	2	19 1 
 3091	20	2	20 0 
 3092	20	2	20 0 
 3093	20	2	20 0 
 3094	20	2	18 2 
 3095	20	2	20 0 
 3096	20	2	20 0 
 3097	20	2	20 0 
 3098	20	2	20 0 
 3099	20	2	20 0 
 3100	20	2	20 0 
 3101	20	2	20 0 
 3102	20	2	20 0 
 3103	20	2	14 6 
 3104	20	2	20 0 
 3105	20	2	20 0 
 3106	20	2	17 3 
 3107	20	2	20 0 
 3108	20	2	19 1 
 3109	20	2	14 6 
 3110	20	2	8 12 
 3111	20	2	18 2 
 3112	20	2	20 0 
 3113	20	2	18 2 
 3114	20	2	20 0 
 3115	20	2	18 2 
 3116	20	2	20 0 
 3117	20	2	19 1 
 3118	20	2	20 0 
 3119	20	2	20 0 
 3120	20	2	20 0 
 3121	20	2	20 0 
 3122	20	2	20 0 
 3123	20	2	20 0 
 3124	20	2	20 0 
 3125	20	2	20 0 
 3126	20	2	16 4 
 3127	20	2	20 0 
 3128	20	2	5 15 
 3129	20	2	16 4 
 3130	20	2	16 4 
 3131	20	2	19 1 
 3132	20	2	20 0 
 3133	20	2	19 1 
 3134	20	2	15 5 
 3135	20	2	18 2 
 3136	20	2	19 1 
 3137	20	2	7 13 
 3138	20	2	17 3 
 3139	20	2	19 1 
 3140	20	2	16 4 
 3141	20	2	19 1 
 3142	20	2	12 8 
 3143	20	2	20 0 
 3144	20	2	19 1 
 3145	20	2	20 0 
 3146	20	2	20 0 
 3147	20	2	20 0 
 3148	20	2	19 1 
 3149	20	2	14 6 
 3150	20	2	20 0 
 3151	20	2	20 0 
 3152	20	2	12 8 
 3153	20	2	20 0 
 3154	20	2	20 0 
 3155	20	2	19 1 
 3156	20	2	16 4 
 3157	20	2	20 0 
 3158	20	2	20 0 
 3159	20	2	20 0 
 3160	20	2	20 0 
 3161	20	2	20 0 
 3162	20	2	20 0 
 3163	20	2	20 0 
 3164	20	2	20 0 
 3165	20	2	19 1 
 3166	20	2	19 1 
 3167	20	2	19 1 
 3168	20	2	19 1 
 3169	20	2	19 1 
 3170	20	2	19 1 
 3171	20	2	18 2 
 3172	20	2	19 1 
 3173	20	2	20 0 
 3174	20	2	20 0 
 3175	20	2	18 2 
 3176	20	2	2 18 
 3177	20	2	20 0 
 3178	20	2	20 0 
 3179	20	2	20 0 
 3180	20	2	20 0 
 3181	20	2	20 0 
 3182	20	2	20 0 
 3183	20	2	20 0 
 3184	20	2	20 0 
 3185	20	2	20 0 
 3186	20	2	20 0 
 3187	20	2	4 16 
 3188	20	2	17 3 
 3189	20	2	20 0 
 3190	20	2	4 16 
 3191	20	2	17 3 
 3192	20	2	20 0 
 3193	20	2	20 0 
 3194	20	2	20 0 
 3195	20	2	20 0 
 3196	20	2	20 0 
 3197	20	2	20 0 
 3198	20	2	11 9 
 3199	20	2	20 0 
 3200	20	2	20 0 
 3201	20	2	20 0 
 3202	20	2	20 0 
 3203	20	2	19 1 
 3204	20	2	20 0 
 3205	20	2	20 0 
 3206	20	2	19 1 
 3207	20	2	20 0 
 3208	20	2	20 0 
 3209	20	2	19 1 
 3210	20	2	16 4 
 3211	20	2	19 1 
 3212	20	2	20 0 
 3213	20	2	12 8 
 3214	20	2	20 0 
 3215	20	2	17 3 
 3216	20	2	20 0 
 3217	20	2	20 0 
 3218	20	2	19 1 
 3219	20	2	20 0 
 3220	20	2	20 0 
 3221	20	2	20 0 
 3222	20	2	20 0 
 3223	20	2	20 0 
 3224	20	2	19 1 
 3225	20	2	20 0 
 3226	20	2	20 0 
 3227	20	2	20 0 
 3228	20	2	20 0 
 3229	20	2	20 0 
 3230	20	2	20 0 
 3231	20	2	18 2 
 3232	20	2	19 1 
 3233	20	2	20 0 
 3234	20	2	3 17 
 3235	20	2	20 0 
 3236	20	2	14 6 
 3237	20	2	17 3 
 3238	20	2	12 8 
 3239	20	2	20 0 
 3240	20	2	20 0 
 3241	20	2	18 2 
 3242	20	2	20 0 
 3243	20	2	20 0 
 3244	20	2	20 0 
 3245	20	2	12 8 
 3246	20	2	18 2 
 3247	20	2	14 6 
 3248	20	2	18 2 
 3249	20	2	20 0 
 3250	20	2	12 8 
 3251	20	2	15 5 
 3252	20	2	20 0 
 3253	20	2	15 5 
 3254	20	2	20 0 
 3255	20	2	20 0 
 3256	20	2	19 1 
 3257	20	2	20 0 
 3258	20	2	20 0 
 3259	20	2	19 1 
 3260	20	2	20 0 
 3261	20	2	20 0 
 3262	20	2	20 0 
 3263	20	2	20 0 
 3264	20	2	20 0 
 3265	20	2	20 0 
 3266	20	2	20 0 
 3267	20	2	19 1 
 3268	20	2	17 3 
 3269	20	2	20 0 
 3270	20	2	12 8 
 3271	20	2	17 3 
 3272	20	2	12 8 
 3273	20	2	17 3 
 3274	20	2	20 0 
 3275	20	2	19 1 
 3276	20	2	7 13 
 3277	20	2	20 0 
 3278	20	2	19 1 
 3279	20	2	20 0 
 3280	20	2	20 0 
 3281	20	2	19 1 
 3282	20	2	20 0 
 3283	20	2	20 0 
 3284	20	2	20 0 
 3285	20	2	20 0 
 3286	20	2	20 0 
 3287	20	2	20 0 
 3288	20	2	20 0 
 3289	20	2	20 0 
 3290	20	2	20 0 
 3291	20	2	20 0 
 3292	20	2	13 7 
 3293	20	2	20 0 
 3294	20	2	13 7 
 3295	20	2	15 5 
 3296	20	2	20 0 
 3297	20	2	13 7 
 3298	20	2	20 0 
 3299	20	2	20 0 
 3300	20	2	20 0 
 3301	20	2	3 17 
 3302	20	2	3 17 
 3303	20	2	17 3 
 3304	20	2	19 1 
 3305	20	2	19 1 
 3306	20	2	19 1 
 3307	20	2	20 0 
 3308	20	2	17 3 
 3309	20	2	20 0 
 3310	20	2	7 13 
 3311	20	2	20 0 
 3312	20	2	20 0 
 3313	20	2	20 0 
 3314	20	2	20 0 
 3315	20	2	7 13 
 3316	20	2	19 1 
 3317	20	2	20 0 
 3318	20	2	7 13 
 3319	20	2	6 14 
 3320	20	2	19 1 
 3321	20	2	18 2 
 3322	20	2	20 0 
 3323	20	2	20 0 
 3324	20	2	19 1 
 3325	20	2	20 0 
 3326	20	2	19 1 
 3327	20	2	19 1 
 3328	20	2	19 1 
 3329	20	2	20 0 
 3330	20	2	3 17 
 3331	20	2	18 2 
 3332	20	2	20 0 
 3333	20	2	19 1 
 3334	20	2	20 0 
 3335	20	2	20 0 
 3336	20	2	15 5 
 3337	20	2	20 0 
 3338	20	2	5 15 
 3339	20	2	15 5 
 3340	20	2	20 0 
 3341	20	2	18 2 
 3342	20	2	1 19 
 3343	20	2	18 2 
 3344	20	2	19 1 
 3345	20	2	7 13 
 3346	20	2	18 2 
 3347	20	2	18 2 
 3348	20	2	20 0 
 3349	20	2	20 0 
 3350	20	2	20 0 
 3351	20	2	20 0 
 3352	20	2	18 2 
 3353	20	2	20 0 
 3354	20	2	19 1 
 3355	20	2	20 0 
 3356	20	2	19 1 
 3357	20	2	16 4 
 3358	20	2	20 0 
 3359	20	2	20 0 
 3360	20	2	19 1 
 3361	20	2	20 0 
 3362	20	2	19 1 
 3363	20	2	6 14 
 3364	20	2	17 3 
 3365	20	2	15 5 
 3366	20	2	17 3 
 3367	20	2	20 0 
 3368	20	2	20 0 
 3369	20	2	20 0 
 3370	20	2	20 0 
 3371	20	2	20 0 
 3372	20	2	20 0 
 3373	20	2	20 0 
 3374	20	2	20 0 
 3375	20	2	20 0 
 3376	20	2	20 0 
 3377	20	2	16 4 
 3378	20	2	20 0 
 3379	20	2	20 0 
 3380	20	2	13 7 
 3381	20	2	13 7 
 3382	20	2	20 0 
 3383	20	2	20 0 
 3384	20	2	19 1 
 3385	20	2	20 0 
 3386	20	2	1 19 
 3387	20	2	18 2 
 3388	20	2	20 0 
 3389	20	2	16 4 
 3390	20	2	20 0 
 3391	20	2	18 2 
 3392	20	2	18 2 
 3393	20	2	20 0 
 3394	20	2	19 1 
 3395	20	2	20 0 
 3396	20	2	1 19 
 3397	20	2	20 0 
 3398	20	2	20 0 
 3399	20	2	16 4 
 3400	20	2	20 0 
 3401	20	2	19 1 
 3402	20	2	16 4 
 3403	20	2	20 0 
 3404	20	2	16 4 
 3405	20	2	20 0 
 3406	20	2	20 0 
 3407	20	2	2 18 
 3408	20	2	18 2 
 3409	20	2	20 0 
 3410	20	2	20 0 
 3411	20	2	20 0 
 3412	20	2	20 0 
 3413	20	2	19 1 
 3414	20	2	20 0 
 3415	20	2	20 0 
 3416	20	2	20 0 
 3417	20	2	19 1 
 3418	20	2	20 0 
 3419	20	2	19 1 
 3420	20	2	20 0 
 3421	20	2	20 0 
 3422	20	2	19 1 
 3423	20	2	20 0 
 3424	20	2	20 0 
 3425	20	2	20 0 
 3426	20	2	20 0 
 3427	20	2	19 1 
 3428	20	2	20 0 
 3429	20	2	20 0 
 3430	20	2	20 0 
 3431	20	2	20 0 
 3432	20	2	20 0 
 3433	20	2	20 0 
 3434	20	2	20 0 
 3435	20	2	20 0 
 3436	20	2	20 0 
 3437	20	2	20 0 
 3438	20	2	20 0 
 3439	20	2	5 15 
 3440	20	2	20 0 
 3441	20	2	19 1 
 3442	20	2	20 0 
 3443	20	2	20 0 
 3444	20	2	20 0 
 3445	20	2	20 0 
 3446	20	2	20 0 
 3447	20	2	20 0 
 3448	20	2	20 0 
 3449	20	2	20 0 
 3450	20	2	19 1 
 3451	20	2	19 1 
 3452	20	2	19 1 
 3453	20	2	14 6 
 3454	20	2	6 14 
 3455	20	2	19 1 
 3456	20	2	20 0 
 3457	20	2	19 1 
 3458	20	2	4 16 
 3459	20	2	4 16 
 3460	20	2	19 1 
 3461	20	2	19 1 
 3462	20	2	7 13 
 3463	20	2	13 7 
 3464	20	2	20 0 
 3465	20	2	19 1 
 3466	20	2	20 0 
 3467	20	2	20 0 
 3468	20	2	19 1 
 3469	20	2	20 0 
 3470	20	2	20 0 
 3471	20	2	20 0 
 3472	20	2	19 1 
 3473	20	2	20 0 
 3474	20	2	18 2 
 3475	20	2	19 1 
 3476	20	2	19 1 
 3477	20	2	19 1 
 3478	20	2	20 0 
 3479	20	2	20 0 
 3480	20	2	19 1 
 3481	20	2	20 0 
 3482	20	2	20 0 
 3483	20	2	20 0 
 3484	20	2	19 1 
 3485	20	2	19 1 
 3486	20	2	19 1 
 3487	20	2	20 0 
 3488	20	2	19 1 
 3489	20	2	15 5 
 3490	20	2	20 0 
 3491	20	2	19 1 
 3492	20	2	19 1 
 3493	20	2	20 0 
 3494	20	2	20 0 
 3495	20	2	18 2 
 3496	20	2	20 0 
 3497	20	2	19 1 
 3498	20	2	11 9 
 3499	20	2	17 3 
 3500	20	2	20 0 
 3501	20	2	17 3 
 3502	20	2	18 2 
 3503	20	2	20 0 
 3504	20	2	20 0 
 3505	20	2	10 10 
 3506	20	2	16 4 
 3507	20	2	19 1 
 3508	20	2	17 3 
 3509	20	2	16 4 
 3510	20	2	16 4 
 3511	20	2	16 4 
 3512	20	2	17 3 
 3513	20	2	16 4 
 3514	20	2	19 1 
 3515	20	2	20 0 
 3516	20	2	18 2 
 3517	20	2	20 0 
 3518	20	2	20 0 
 3519	20	2	20 0 
 3520	20	2	20 0 
 3521	20	2	20 0 
 3522	20	2	20 0 
 3523	20	2	15 5 
 3524	20	2	20 0 
 3525	20	2	19 1 
 3526	20	2	19 1 
 3527	20	2	12 8 
 3528	20	2	12 8 
 3529	20	2	19 1 
 3530	20	2	18 2 
 3531	20	2	18 2 
 3532	20	2	20 0 
 3533	20	2	20 0 
 3534	20	2	20 0 
 3535	20	2	18 2 
 3536	20	2	15 5 
 3537	20	2	13 7 
 3538	20	2	19 1 
 3539	20	2	20 0 
 3540	20	2	19 1 
 3541	20	2	20 0 
 3542	20	2	20 0 
 3543	20	2	19 1 
 3544	20	2	7 13 
 3545	20	2	19 1 
 3546	20	2	19 1 
 3547	20	2	7 13 
 3548	20	2	19 1 
 3549	20	2	15 5 
 3550	20	2	20 0 
 3551	20	2	20 0 
 3552	20	2	19 1 
 3553	20	2	19 1 
 3554	20	2	19 1 
 3555	20	2	20 0 
 3556	20	2	1 19 
 3557	20	2	20 0 
 3558	20	2	20 0 
 3559	20	2	20 0 
 3560	20	2	18 2 
 3561	20	2	20 0 
 3562	20	2	20 0 
 3563	20	2	20 0 
 3564	20	2	20 0 
 3565	20	2	16 4 
 3566	20	2	20 0 
 3567	20	2	18 2 
 3568	20	2	18 2 
 3569	20	2	20 0 
 3570	20	2	19 1 
 3571	20	2	20 0 
 3572	20	2	19 1 
 3573	20	2	19 1 
 3574	20	2	17 3 
 3575	20	2	17 3 
 3576	20	2	20 0 
 3577	20	2	20 0 
 3578	20	2	20 0 
 3579	20	2	20 0 
 3580	20	2	20 0 
 3581	20	2	20 0 
 3582	20	2	20 0 
 3583	20	2	20 0 
 3584	20	2	20 0 
 3585	20	2	19 1 
 3586	20	2	20 0 
 3587	20	2	20 0 
 3588	20	2	20 0 
 3589	20	2	20 0 
 3590	20	2	20 0 
 3591	20	2	17 3 
 3592	20	2	20 0 
 3593	20	2	20 0 
 3594	20	2	20 0 
 3595	20	2	20 0 
 3596	20	2	20 0 
 3597	20	2	20 0 
 3598	20	2	20 0 
 3599	20	2	20 0 
 3600	20	2	20 0 
 3601	20	2	19 1 
 3602	20	2	19 1 
 3603	20	2	19 1 
 3604	20	2	19 1 
 3605	20	2	19 1 
 3606	20	2	20 0 
 3607	20	2	20 0 
 3608	20	2	20 0 
 3609	20	2	20 0 
 3610	20	2	19 1 
 3611	20	2	20 0 
 3612	20	2	12 8 
 3613	20	2	19 1 
 3614	20	2	20 0 
 3615	20	2	20 0 
 3616	20	2	14 6 
 3617	20	2	20 0 
 3618	20	2	13 7 
 3619	20	2	20 0 
 3620	20	2	19 1 
 3621	20	2	20 0 
 3622	20	2	19 1 
 3623	20	2	19 1 
 3624	20	2	15 5 
 3625	20	2	3 17 
 3626	20	2	20 0 
 3627	20	2	20 0 
 3628	20	2	20 0 
 3629	20	2	19 1 
 3630	20	2	20 0 
 3631	20	2	19 1 
 3632	20	2	18 2 
 3633	20	2	20 0 
 3634	20	2	13 7 
 3635	20	2	13 7 
 3636	20	2	20 0 
 3637	20	2	7 13 
 3638	20	2	20 0 
 3639	20	2	5 15 
 3640	20	2	20 0 
 3641	20	2	13 7 
 3642	20	2	20 0 
 3643	20	2	18 2 
 3644	20	2	18 2 
 3645	20	2	20 0 
 3646	20	2	17 3 
 3647	20	2	18 2 
 3648	20	2	17 3 
 3649	20	2	20 0 
 3650	20	2	20 0 
 3651	20	2	20 0 
 3652	20	2	20 0 
 3653	20	2	19 1 
 3654	20	2	20 0 
 3655	20	2	20 0 
 3656	20	2	13 7 
 3657	20	2	19 1 
 3658	20	2	20 0 
 3659	20	2	20 0 
 3660	20	2	19 1 
 3661	20	2	18 2 
 3662	20	2	20 0 
 3663	20	2	20 0 
 3664	20	2	18 2 
 3665	20	2	20 0 
 3666	20	2	20 0 
 3667	20	2	19 1 
 3668	20	2	20 0 
 3669	20	2	4 16 
 3670	20	2	19 1 
 3671	20	2	20 0 
 3672	20	2	20 0 
 3673	20	2	13 7 
 3674	20	2	14 6 
 3675	20	2	19 1 
 3676	20	2	13 7 
 3677	20	2	14 6 
 3678	20	2	13 7 
 3679	20	2	20 0 
 3680	20	2	20 0 
 3681	20	2	20 0 
 3682	20	2	20 0 
 3683	20	2	20 0 
 3684	20	2	20 0 
 3685	20	2	20 0 
 3686	20	2	19 1 
 3687	20	2	20 0 
 3688	20	2	20 0 
 3689	20	2	14 6 
 3690	20	2	20 0 
 3691	20	2	20 0 
 3692	20	2	10 10 
 3693	20	2	20 0 
 3694	20	2	20 0 
 3695	20	2	19 1 
 3696	20	2	19 1 
 3697	20	2	17 3 
 3698	20	2	20 0 
 3699	20	2	6 14 
 3700	20	2	20 0 
 3701	20	2	20 0 
 3702	20	2	15 5 
 3703	20	2	20 0 
 3704	20	2	18 2 
 3705	20	2	20 0 
 3706	20	2	19 1 
 3707	20	2	19 1 
 3708	20	2	20 0 
 3709	20	2	20 0 
 3710	20	2	18 2 
 3711	20	2	18 2 
 3712	20	2	18 2 
 3713	20	2	16 4 
 3714	20	2	20 0 
 3715	20	2	20 0 
 3716	20	2	20 0 
 3717	20	2	20 0 
 3718	20	2	19 1 
 3719	20	2	7 13 
 3720	20	2	7 13 
 3721	20	2	18 2 
 3722	20	2	7 13 
 3723	20	2	20 0 
 3724	20	2	20 0 
 3725	20	2	19 1 
 3726	20	2	20 0 
 3727	20	2	20 0 
 3728	20	2	20 0 
 3729	20	2	20 0 
 3730	20	2	20 0 
 3731	20	2	19 1 
 3732	20	2	20 0 
 3733	20	2	19 1 
 3734	20	2	19 1 
 3735	20	2	20 0 
 3736	20	2	16 4 
 3737	20	2	20 0 
 3738	20	2	2 18 
 3739	20	2	19 1 
 3740	20	2	19 1 
 3741	20	2	19 1 
 3742	20	2	17 3 
 3743	20	2	19 1 
 3744	20	2	19 1 
 3745	20	2	20 0 
 3746	20	2	5 15 
 3747	20	2	20 0 
 3748	20	2	20 0 
 3749	20	2	20 0 
 3750	20	2	18 2 
 3751	20	2	18 2 
 3752	20	2	20 0 
 3753	20	2	20 0 
 3754	20	2	20 0 
 3755	20	2	20 0 
 3756	20	2	20 0 
 3757	20	2	20 0 
 3758	20	2	19 1 
 3759	20	2	14 6 
 3760	20	2	14 6 
 3761	20	2	18 2 
 3762	20	2	20 0 
 3763	20	2	19 1 
 3764	20	2	16 4 
 3765	20	2	20 0 
 3766	20	2	20 0 
 3767	20	2	20 0 
 3768	20	2	20 0 
 3769	20	2	20 0 
 3770	20	2	20 0 
 3771	20	2	20 0 
 3772	20	2	20 0 
 3773	20	2	20 0 
 3774	20	2	20 0 
 3775	20	2	20 0 
 3776	20	2	19 1 
 3777	20	2	20 0 
 3778	20	2	20 0 
 3779	20	2	20 0 
 3780	20	2	19 1 
 3781	20	2	20 0 
 3782	20	2	20 0 
 3783	20	2	18 2 
 3784	20	2	18 2 
 3785	20	2	19 1 
 3786	20	2	8 12 
 3787	20	2	20 0 
 3788	20	2	20 0 
 3789	20	2	20 0 
 3790	20	2	20 0 
 3791	20	2	19 1 
 3792	20	2	20 0 
 3793	20	2	20 0 
 3794	20	2	19 1 
 3795	20	2	20 0 
 3796	20	2	20 0 
 3797	20	2	20 0 
 3798	20	2	20 0 
 3799	20	2	5 15 
 3800	20	2	20 0 
 3801	20	2	20 0 
 3802	20	2	18 2 
 3803	20	2	20 0 
 3804	20	2	20 0 
 3805	20	2	19 1 
 3806	20	2	19 1 
 3807	20	2	20 0 
 3808	20	2	20 0 
 3809	20	2	20 0 
 3810	20	2	19 1 
 3811	20	2	5 15 
 3812	20	2	5 15 
 3813	20	2	5 15 
 3814	20	2	5 15 
 3815	20	2	20 0 
 3816	20	2	19 1 
 3817	20	2	19 1 
 3818	20	2	20 0 
 3819	20	2	20 0 
 3820	20	2	20 0 
 3821	20	2	17 3 
 3822	20	2	19 1 
 3823	20	2	19 1 
 3824	20	2	19 1 
 3825	20	2	19 1 
 3826	20	2	19 1 
 3827	20	2	19 1 
 3828	20	2	20 0 
 3829	20	2	20 0 
 3830	20	2	20 0 
 3831	20	2	20 0 
 3832	20	2	13 7 
 3833	20	2	20 0 
 3834	20	2	13 7 
 3835	20	2	20 0 
 3836	20	2	15 5 
 3837	20	2	20 0 
 3838	20	2	19 1 
 3839	20	2	20 0 
 3840	20	2	20 0 
 3841	20	2	18 2 
 3842	20	2	20 0 
 3843	20	2	20 0 
 3844	20	2	2 18 
 3845	20	2	19 1 
 3846	20	2	19 1 
 3847	20	2	20 0 
 3848	20	2	20 0 
 3849	20	2	19 1 
 3850	20	2	20 0 
 3851	20	2	20 0 
 3852	20	2	16 4 
 3853	20	2	20 0 
 3854	20	2	19 1 
 3855	20	2	16 4 
 3856	20	2	20 0 
 3857	20	2	16 4 
 3858	20	2	19 1 
 3859	20	2	9 11 
 3860	20	2	20 0 
 3861	20	2	19 1 
 3862	20	2	20 0 
 3863	20	2	20 0 
 3864	20	2	17 3 
 3865	20	2	19 1 
 3866	20	2	20 0 
 3867	20	2	17 3 
 3868	20	2	20 0 
 3869	20	2	20 0 
 3870	20	2	20 0 
 3871	20	2	20 0 
 3872	20	2	20 0 
 3873	20	2	17 3 
 3874	20	2	20 0 
 3875	20	2	20 0 
 3876	20	2	20 0 
 3877	20	2	19 1 
 3878	20	2	19 1 
 3879	20	2	19 1 
 3880	20	2	20 0 
 3881	20	2	20 0 
 3882	20	2	20 0 
 3883	20	2	19 1 
 3884	20	2	18 2 
 3885	20	2	20 0 
 3886	20	2	20 0 
 3887	20	2	20 0 
 3888	20	2	20 0 
 3889	20	2	19 1 
 3890	20	2	20 0 
 3891	20	2	20 0 
 3892	20	2	20 0 
 3893	20	2	19 1 
 3894	20	2	20 0 
 3895	20	2	15 5 
 3896	20	2	20 0 
 3897	20	2	19 1 
 3898	20	2	11 9 
 3899	20	2	19 1 
 3900	20	2	18 2 
 3901	20	2	20 0 
 3902	20	2	19 1 
 3903	20	2	20 0 
 3904	20	2	20 0 
 3905	20	2	20 0 
 3906	20	2	20 0 
 3907	20	2	17 3 
 3908	20	2	1 19 
 3909	20	2	20 0 
 3910	20	2	20 0 
 3911	20	2	20 0 
 3912	20	2	19 1 
 3913	20	2	19 1 
 3914	20	2	19 1 
 3915	20	2	19 1 
 3916	20	2	20 0 
 3917	20	2	19 1 
 3918	20	2	20 0 
 3919	20	2	18 2 
 3920	20	2	19 1 
 3921	20	2	20 0 
 3922	20	2	17 3 
 3923	20	2	20 0 
 3924	20	2	20 0 
 3925	20	2	14 6 
 3926	20	2	17 3 
 3927	20	2	15 5 
 3928	20	2	15 5 
 3929	20	2	15 5 
 3930	20	2	20 0 
 3931	20	2	12 8 
 3932	20	2	17 3 
 3933	20	2	15 5 
 3934	20	2	20 0 
 3935	20	2	20 0 
 3936	20	2	20 0 
 3937	20	2	20 0 
 3938	20	2	20 0 
 3939	20	2	20 0 
 3940	20	2	18 2 
 3941	20	2	19 1 
 3942	20	2	19 1 
 3943	20	2	17 3 
 3944	20	2	20 0 
 3945	20	2	20 0 
 3946	20	2	17 3 
 3947	20	2	19 1 
 3948	20	2	2 18 
 3949	20	2	20 0 
 3950	20	2	18 2 
 3951	20	2	20 0 
 3952	20	2	20 0 
 3953	20	2	13 7 
 3954	20	2	19 1 
 3955	20	2	19 1 
 3956	20	2	20 0 
 3957	20	2	18 2 
 3958	20	2	14 6 
 3959	20	2	19 1 
 3960	20	2	20 0 
 3961	20	2	19 1 
 3962	20	2	19 1 
 3963	20	2	19 1 
 3964	20	2	20 0 
 3965	20	2	20 0 
 3966	20	2	20 0 
 3967	20	2	20 0 
 3968	20	2	20 0 
 3969	20	2	20 0 
 3970	20	2	20 0 
 3971	20	2	5 15 
 3972	20	2	15 5 
 3973	20	2	20 0 
 3974	20	2	20 0 
 3975	20	2	20 0 
 3976	20	2	20 0 
 3977	20	2	20 0 
 3978	20	2	19 1 
 3979	20	2	18 2 
 3980	20	2	20 0 
 3981	20	2	20 0 
 3982	20	2	18 2 
 3983	20	2	20 0 
 3984	20	2	18 2 
 3985	20	2	20 0 
 3986	20	2	20 0 
 3987	20	2	20 0 
 3988	20	2	20 0 
 3989	20	2	20 0 
 3990	20	2	19 1 
 3991	20	2	20 0 
 3992	20	2	20 0 
 3993	20	2	9 11 
 3994	20	2	19 1 
 3995	20	2	19 1 
 3996	20	2	20 0 
 3997	20	2	20 0 
 3998	20	2	20 0 
 3999	20	2	20 0 
 4000	20	2	19 1 
 4001	20	2	20 0 
 4002	20	2	20 0 
 4003	20	2	16 4 
 4004	20	2	20 0 
 4005	20	2	20 0 
 4006	20	2	20 0 
 4007	20	2	19 1 
 4008	20	2	19 1 
 4009	20	2	15 5 
 4010	20	2	20 0 
 4011	20	2	20 0 
 4012	20	2	20 0 
 4013	20	2	20 0 
 4014	20	2	20 0 
 4015	20	2	19 1 
 4016	20	2	20 0 
 4017	20	2	19 1 
 4018	20	2	11 9 
 4019	20	2	16 4 
 4020	20	2	18 2 
 4021	20	2	20 0 
 4022	20	2	15 5 
 4023	20	2	15 5 
 4024	20	2	20 0 
 4025	20	2	4 16 
 4026	20	2	15 5 
 4027	20	2	20 0 
 4028	20	2	18 2 
 4029	20	2	18 2 
 4030	20	2	20 0 
 4031	20	2	18 2 
 4032	20	2	15 5 
 4033	20	2	9 11 
 4034	20	2	19 1 
 4035	20	2	20 0 
 4036	20	2	19 1 
 4037	20	2	9 11 
 4038	20	2	20 0 
 4039	20	2	12 8 
 4040	20	2	20 0 
 4041	20	2	20 0 
 4042	20	2	20 0 
 4043	20	2	20 0 
 4044	20	2	20 0 
 4045	20	2	20 0 
 4046	20	2	20 0 
 4047	20	2	19 1 
 4048	20	2	20 0 
 4049	20	2	12 8 
 4050	20	2	19 1 
 4051	20	2	19 1 
 4052	20	2	19 1 
 4053	20	2	20 0 
 4054	20	2	18 2 
 4055	20	2	20 0 
 4056	20	2	19 1 
 4057	20	2	19 1 
 4058	20	2	19 1 
 4059	20	2	20 0 
 4060	20	2	17 3 
 4061	20	2	19 1 
 4062	20	2	20 0 
 4063	20	2	15 5 
 4064	20	2	19 1 
 4065	20	2	20 0 
 4066	20	2	19 1 
 4067	20	2	19 1 
 4068	20	2	19 1 
 4069	20	2	19 1 
 4070	20	2	20 0 
 4071	20	2	19 1 
 4072	20	2	20 0 
 4073	20	2	20 0 
 4074	20	2	20 0 
 4075	20	2	17 3 
 4076	20	2	19 1 
 4077	20	2	17 3 
 4078	20	2	20 0 
 4079	20	2	19 1 
 4080	20	2	19 1 
 4081	20	2	20 0 
 4082	20	2	17 3 
 4083	20	2	20 0 
 4084	20	2	20 0 
 4085	20	2	20 0 
 4086	20	2	20 0 
 4087	20	2	20 0 
 4088	20	2	20 0 
 4089	20	2	15 5 
 4090	20	2	19 1 
 4091	20	2	20 0 
 4092	20	2	20 0 
 4093	20	2	20 0 
 4094	20	2	20 0 
 4095	20	2	19 1 
 4096	20	2	20 0 
 4097	20	2	19 1 
 4098	20	2	8 12 
 4099	20	2	20 0 
 4100	20	2	20 0 
 4101	20	2	12 8 
 4102	20	2	8 12 
 4103	20	2	8 12 
 4104	20	2	18 2 
 4105	20	2	20 0 
 4106	20	2	18 2 
 4107	20	2	19 1 
 4108	20	2	19 1 
 4109	20	2	20 0 
 4110	20	2	19 1 
 4111	20	2	20 0 
 4112	20	2	20 0 
 4113	20	2	11 9 
 4114	20	2	20 0 
 4115	20	2	20 0 
 4116	20	2	20 0 
 4117	20	2	20 0 
 4118	20	2	11 9 
 4119	20	2	14 6 
 4120	20	2	20 0 
 4121	20	2	19 1 
 4122	20	2	19 1 
 4123	20	2	15 5 
 4124	20	2	20 0 
 4125	20	2	11 9 
 4126	20	2	6 14 
 4127	20	2	13 7 
 4128	20	2	18 2 
 4129	20	2	1 19 
 4130	20	2	20 0 
 4131	20	2	20 0 
 4132	20	2	20 0 
 4133	20	2	20 0 
 4134	20	2	18 2 
 4135	20	2	20 0 
 4136	20	2	20 0 
 4137	20	2	18 2 
 4138	20	2	19 1 
 4139	20	2	20 0 
 4140	20	2	20 0 
 4141	20	2	20 0 
 4142	20	2	4 16 
 4143	20	2	16 4 
 4144	20	2	19 1 
 4145	20	2	18 2 
 4146	20	2	20 0 
 4147	20	2	19 1 
 4148	20	2	1 19 
 4149	20	2	19 1 
 4150	20	2	20 0 
 4151	20	2	20 0 
 4152	20	2	20 0 
 4153	20	2	20 0 
 4154	20	2	20 0 
 4155	20	2	19 1 
 4156	20	2	18 2 
 4157	20	2	20 0 
 4158	20	2	8 12 
 4159	20	2	19 1 
 4160	20	2	19 1 
 4161	20	2	20 0 
 4162	20	2	14 6 
 4163	20	2	20 0 
 4164	20	2	17 3 
 4165	20	2	19 1 
 4166	20	2	20 0 
 4167	20	2	20 0 
 4168	20	2	18 2 
 4169	20	2	20 0 
 4170	20	2	20 0 
 4171	20	2	20 0 
 4172	20	2	18 2 
 4173	20	2	20 0 
 4174	20	2	20 0 
 4175	20	2	19 1 
 4176	20	2	20 0 
 4177	20	2	20 0 
 4178	20	2	16 4 
 4179	20	2	20 0 
 4180	20	2	20 0 
 4181	20	2	20 0 
 4182	20	2	17 3 
 4183	20	2	17 3 
 4184	20	2	17 3 
 4185	20	2	19 1 
 4186	20	2	20 0 
 4187	20	2	20 0 
 4188	20	2	20 0 
 4189	20	2	20 0 
 4190	20	2	20 0 
 4191	20	2	19 1 
 4192	20	2	19 1 
 4193	20	2	19 1 
 4194	20	2	19 1 
 4195	20	2	20 0 
 4196	20	2	16 4 
 4197	20	2	20 0 
 4198	20	2	20 0 
 4199	20	2	19 1 
 4200	20	2	20 0 
 4201	20	2	19 1 
 4202	20	2	19 1 
 4203	20	2	20 0 
 4204	20	2	16 4 
 4205	20	2	16 4 
 4206	20	2	18 2 
 4207	20	2	11 9 
 4208	20	2	20 0 
 4209	20	2	4 16 
 4210	20	2	20 0 
 4211	20	2	20 0 
 4212	20	2	20 0 
 4213	20	2	20 0 
 4214	20	2	20 0 
 4215	20	2	20 0 
 4216	20	2	19 1 
 4217	20	2	8 12 
 4218	20	2	20 0 
 4219	20	2	20 0 
 4220	20	2	20 0 
 4221	20	2	20 0 
 4222	20	2	20 0 
 4223	20	2	20 0 
 4224	20	2	19 1 
 4225	20	2	6 14 
 4226	20	2	19 1 
 4227	20	2	14 6 
 4228	20	2	19 1 
 4229	20	2	15 5 
 4230	20	2	19 1 
 4231	20	2	17 3 
 4232	20	2	18 2 
 4233	20	2	20 0 
 4234	20	2	20 0 
 4235	20	2	20 0 
 4236	20	2	20 0 
 4237	20	2	20 0 
 4238	20	2	5 15 
 4239	20	2	15 5 
 4240	20	2	5 15 
 4241	20	2	4 16 
 4242	20	2	13 7 
 4243	20	2	5 15 
 4244	20	2	5 15 
 4245	20	2	15 5 
 4246	20	2	14 6 
 4247	20	2	20 0 
 4248	20	2	20 0 
 4249	20	2	17 3 
 4250	20	2	19 1 
 4251	20	2	19 1 
 4252	20	2	16 4 
 4253	20	2	19 1 
 4254	20	2	20 0 
 4255	20	2	20 0 
 4256	20	2	20 0 
 4257	20	2	20 0 
 4258	20	2	19 1 
 4259	20	2	19 1 
 4260	20	2	20 0 
 4261	20	2	19 1 
 4262	20	2	20 0 
 4263	20	2	19 1 
 4264	20	2	19 1 
 4265	20	2	20 0 
 4266	20	2	19 1 
 4267	20	2	15 5 
 4268	20	2	18 2 
 4269	20	2	20 0 
 4270	20	2	19 1 
 4271	20	2	19 1 
 4272	20	2	19 1 
 4273	20	2	20 0 
 4274	20	2	19 1 
 4275	20	2	19 1 
 4276	20	2	18 2 
 4277	20	2	16 4 
 4278	20	2	19 1 
 4279	20	2	20 0 
 4280	20	2	20 0 
 4281	20	2	19 1 
 4282	20	2	20 0 
 4283	20	2	20 0 
 4284	20	2	20 0 
 4285	20	2	19 1 
 4286	20	2	19 1 
 4287	20	2	19 1 
 4288	20	2	20 0 
 4289	20	2	19 1 
 4290	20	2	20 0 
 4291	20	2	20 0 
 4292	20	2	19 1 
 4293	20	2	20 0 
 4294	20	2	19 1 
 4295	20	2	19 1 
 4296	20	2	16 4 
 4297	20	2	20 0 
 4298	20	2	20 0 
 4299	20	2	20 0 
 4300	20	2	20 0 
 4301	20	2	19 1 
 4302	20	2	20 0 
 4303	20	2	15 5 
 4304	20	2	20 0 
 4305	20	2	1 19 
 4306	20	2	1 19 
 4307	20	2	19 1 
 4308	20	2	1 19 
 4309	20	2	17 3 
 4310	20	2	20 0 
 4311	20	2	20 0 
 4312	20	2	20 0 
 4313	20	2	20 0 
 4314	20	2	20 0 
 4315	20	2	20 0 
 4316	20	2	20 0 
 4317	20	2	20 0 
 4318	20	2	20 0 
 4319	20	2	20 0 
 4320	20	2	20 0 
 4321	20	2	20 0 
 4322	20	2	20 0 
 4323	20	2	19 1 
 4324	20	2	18 2 
 4325	20	2	20 0 
 4326	20	2	20 0 
 4327	20	2	19 1 
 4328	20	2	19 1 
 4329	20	2	11 9 
 4330	20	2	19 1 
 4331	20	2	20 0 
 4332	20	2	19 1 
 4333	20	2	20 0 
 4334	20	2	20 0 
 4335	20	2	20 0 
 4336	20	2	20 0 
 4337	20	2	20 0 
 4338	20	2	20 0 
 4339	20	2	20 0 
 4340	20	2	18 2 
 4341	20	2	19 1 
 4342	20	2	16 4 
 4343	20	2	20 0 
 4344	20	2	19 1 
 4345	20	2	20 0 
 4346	20	2	9 11 
 4347	20	2	9 11 
 4348	20	2	9 11 
 4349	20	2	20 0 
 4350	20	2	20 0 
 4351	20	2	20 0 
 4352	20	2	17 3 
 4353	20	2	19 1 
 4354	20	2	17 3 
 4355	20	2	17 3 
 4356	20	2	17 3 
 4357	20	2	12 8 
 4358	20	2	20 0 
 4359	20	2	20 0 
 4360	20	2	20 0 
 4361	20	2	20 0 
 4362	20	2	17 3 
 4363	20	2	20 0 
 4364	20	2	17 3 
 4365	20	2	17 3 
 4366	20	2	18 2 
 4367	20	2	20 0 
 4368	20	2	20 0 
 4369	20	2	19 1 
 4370	20	2	19 1 
 4371	20	2	20 0 
 4372	20	2	1 19 
 4373	20	2	20 0 
 4374	20	2	19 1 
 4375	20	2	11 9 
 4376	20	2	1 19 
 4377	20	2	20 0 
 4378	20	2	19 1 
 4379	20	2	20 0 
 4380	20	2	20 0 
 4381	20	2	20 0 
 4382	20	2	20 0 
 4383	20	2	20 0 
 4384	20	2	18 2 
 4385	20	2	19 1 
 4386	20	2	20 0 
 4387	20	2	20 0 
 4388	20	2	20 0 
 4389	20	2	20 0 
 4390	20	2	20 0 
 4391	20	2	19 1 
 4392	20	2	20 0 
 4393	20	2	19 1 
 4394	20	2	19 1 
 4395	20	2	20 0 
 4396	20	2	18 2 
 4397	20	2	16 4 
 4398	20	2	18 2 
 4399	20	2	20 0 
 4400	20	2	16 4 
 4401	20	2	19 1 
 4402	20	2	19 1 
 4403	20	2	20 0 
 4404	20	2	19 1 
 4405	20	2	19 1 
 4406	20	2	20 0 
 4407	20	2	20 0 
 4408	20	2	20 0 
 4409	20	2	20 0 
 4410	20	2	18 2 
 4411	20	2	18 2 
 4412	20	2	20 0 
 4413	20	2	17 3 
 4414	20	2	20 0 
 4415	20	2	18 2 
 4416	20	2	20 0 
 4417	20	2	20 0 
 4418	20	2	19 1 
 4419	20	2	10 10 
 4420	20	2	7 13 
 4421	20	2	8 12 
 4422	20	2	20 0 
 4423	20	2	20 0 
 4424	20	2	19 1 
 4425	20	2	19 1 
 4426	20	2	19 1 
 4427	20	2	13 7 
 4428	20	2	13 7 
 4429	20	2	20 0 
 4430	20	2	19 1 
 4431	20	2	19 1 
 4432	20	2	20 0 
 4433	20	2	20 0 
 4434	20	2	18 2 
 4435	20	2	19 1 
 4436	20	2	19 1 
 4437	20	2	14 6 
 4438	20	2	19 1 
 4439	20	2	20 0 
 4440	20	2	20 0 
 4441	20	2	20 0 
 4442	20	2	20 0 
 4443	20	2	20 0 
 4444	20	2	20 0 
 4445	20	2	17 3 
 4446	20	2	20 0 
 4447	20	2	20 0 
 4448	20	2	19 1 
 4449	20	2	19 1 
 4450	20	2	16 4 
 4451	20	2	20 0 
 4452	20	2	20 0 
 4453	20	2	20 0 
 4454	20	2	17 3 
 4455	20	2	20 0 
 4456	20	2	20 0 
 4457	20	2	20 0 
 4458	20	2	20 0 
 4459	20	2	20 0 
 4460	20	2	19 1 
 4461	20	2	20 0 
 4462	20	2	15 5 
 4463	20	2	20 0 
 4464	20	2	19 1 
 4465	20	2	19 1 
 4466	20	2	19 1 
 4467	20	2	20 0 
 4468	20	2	20 0 
 4469	20	2	18 2 
 4470	20	2	19 1 
 4471	20	2	20 0 
 4472	20	2	16 4 
 4473	20	2	20 0 
 4474	20	2	20 0 
 4475	20	2	20 0 
 4476	20	2	14 6 
 4477	20	2	14 6 
 4478	20	2	14 6 
 4479	20	2	19 1 
 4480	20	2	19 1 
 4481	20	2	14 6 
 4482	20	2	19 1 
 4483	20	2	14 6 
 4484	20	2	14 6 
 4485	20	2	14 6 
 4486	20	2	14 6 
 4487	20	2	20 0 
 4488	20	2	20 0 
 4489	20	2	18 2 
 4490	20	2	18 2 
 4491	20	2	19 1 
 4492	20	2	20 0 
 4493	20	2	20 0 
 4494	20	2	18 2 
 4495	20	2	20 0 
 4496	20	2	13 7 
 4497	20	2	6 14 
 4498	20	2	20 0 
 4499	20	2	20 0 
 4500	20	2	18 2 
 4501	20	2	19 1 
 4502	20	2	19 1 
 4503	20	2	17 3 
 4504	20	2	17 3 
 4505	20	2	17 3 
 4506	20	2	17 3 
 4507	20	2	20 0 
 4508	20	2	20 0 
 4509	20	2	17 3 
 4510	20	2	20 0 
 4511	20	2	19 1 
 4512	20	2	20 0 
 4513	20	2	17 3 
 4514	20	2	18 2 
 4515	20	2	17 3 
 4516	20	2	20 0 
 4517	20	2	18 2 
 4518	20	2	18 2 
 4519	20	2	16 4 
 4520	20	2	18 2 
 4521	20	2	20 0 
 4522	20	2	2 18 
 4523	20	2	18 2 
 4524	20	2	20 0 
 4525	20	2	19 1 
 4526	20	2	20 0 
 4527	20	2	20 0 
 4528	20	2	19 1 
 4529	20	2	20 0 
 4530	20	2	2 18 
 4531	20	2	20 0 
 4532	20	2	19 1 
 4533	20	2	19 1 
 4534	20	2	16 4 
 4535	20	2	12 8 
 4536	20	2	12 8 
 4537	20	2	19 1 
 4538	20	2	13 7 
 4539	20	2	20 0 
 4540	20	2	19 1 
 4541	20	2	17 3 
 4542	20	2	17 3 
 4543	20	2	17 3 
 4544	20	2	20 0 
 4545	20	2	20 0 
 4546	20	2	6 14 
 4547	20	2	20 0 
 4548	20	2	4 16 
 4549	20	2	18 2 
 4550	20	2	4 16 
 4551	20	2	18 2 
 4552	20	2	20 0 
 4553	20	2	17 3 
 4554	20	2	20 0 
 4555	20	2	18 2 
 4556	20	2	20 0 
 4557	20	2	20 0 
 4558	20	2	19 1 
 4559	20	2	20 0 
 4560	20	2	20 0 
 4561	20	2	20 0 
 4562	20	2	20 0 
 4563	20	2	20 0 
 4564	20	2	19 1 
 4565	20	2	19 1 
 4566	20	2	20 0 
 4567	20	2	19 1 
 4568	20	2	19 1 
 4569	20	2	19 1 
 4570	20	2	19 1 
 4571	20	2	20 0 
 4572	20	2	18 2 
 4573	20	2	18 2 
 4574	20	2	20 0 
 4575	20	2	19 1 
 4576	20	2	20 0 
 4577	20	2	20 0 
 4578	20	2	19 1 
 4579	20	2	17 3 
 4580	20	2	16 4 
 4581	20	2	20 0 
 4582	20	2	16 4 
 4583	20	2	16 4 
 4584	20	2	20 0 
 4585	20	2	15 5 
 4586	20	2	20 0 
 4587	20	2	20 0 
 4588	20	2	20 0 
 4589	20	2	20 0 
 4590	20	2	17 3 
 4591	20	2	20 0 
 4592	20	2	20 0 
 4593	20	2	20 0 
 4594	20	2	20 0 
 4595	20	2	18 2 
 4596	20	2	20 0 
 4597	20	2	20 0 
 4598	20	2	20 0 
 4599	20	2	20 0 
 4600	20	2	20 0 
 4601	20	2	20 0 
 4602	20	2	20 0 
 4603	20	2	19 1 
 4604	20	2	20 0 
 4605	20	2	11 9 
 4606	20	2	20 0 
 4607	20	2	19 1 
 4608	20	2	19 1 
 4609	20	2	20 0 
 4610	20	2	19 1 
 4611	20	2	17 3 
 4612	20	2	20 0 
 4613	20	2	16 4 
 4614	20	2	19 1 
 4615	20	2	15 5 
 4616	20	2	20 0 
 4617	20	2	19 1 
 4618	20	2	20 0 
 4619	20	2	18 2 
 4620	20	2	20 0 
 4621	20	2	19 1 
 4622	20	2	16 4 
 4623	20	2	20 0 
 4624	20	2	16 4 
 4625	20	2	16 4 
 4626	20	2	18 2 
 4627	20	2	18 2 
 4628	20	2	20 0 
 4629	20	2	18 2 
 4630	20	2	3 17 
 4631	20	2	20 0 
 4632	20	2	20 0 
 4633	20	2	20 0 
 4634	20	2	12 8 
 4635	20	2	20 0 
 4636	20	2	20 0 
 4637	20	2	16 4 
 4638	20	2	19 1 
 4639	20	2	16 4 
 4640	20	2	2 18 
 4641	20	2	20 0 
 4642	20	2	13 7 
 4643	20	2	18 2 
 4644	20	2	2 18 
 4645	20	2	10 10 
 4646	20	2	20 0 
 4647	20	2	10 10 
 4648	20	2	8 12 
 4649	20	2	20 0 
 4650	20	2	19 1 
 4651	20	2	20 0 
 4652	20	2	20 0 
 4653	20	2	15 5 
 4654	20	2	20 0 
 4655	20	2	20 0 
 4656	20	2	20 0 
 4657	20	2	18 2 
 4658	20	2	19 1 
 4659	20	2	20 0 
 4660	20	2	20 0 
 4661	20	2	20 0 
 4662	20	2	20 0 
 4663	20	2	19 1 
 4664	20	2	20 0 
 4665	20	2	20 0 
 4666	20	2	20 0 
 4667	20	2	18 2 
 4668	20	2	20 0 
 4669	20	2	20 0 
 4670	20	2	18 2 
 4671	20	2	18 2 
 4672	20	2	20 0 
 4673	20	2	20 0 
 4674	20	2	20 0 
 4675	20	2	20 0 
 4676	20	2	20 0 
 4677	20	2	16 4 
 4678	20	2	15 5 
 4679	20	2	20 0 
 4680	20	2	20 0 
 4681	20	2	20 0 
 4682	20	2	19 1 
 4683	20	2	19 1 
 4684	20	2	17 3 
 4685	20	2	20 0 
 4686	20	2	20 0 
 4687	20	2	20 0 
 4688	20	2	20 0 
 4689	20	2	20 0 
 4690	20	2	20 0 
 4691	20	2	16 4 
 4692	20	2	19 1 
 4693	20	2	19 1 
 4694	20	2	20 0 
 4695	20	2	20 0 
 4696	20	2	6 14 
 4697	20	2	1 19 
 4698	20	2	20 0 
 4699	20	2	16 4 
 4700	20	2	20 0 
 4701	20	2	20 0 
 4702	20	2	19 1 
 4703	20	2	19 1 
 4704	20	2	20 0 
 4705	20	2	20 0 
 4706	20	2	20 0 
 4707	20	2	20 0 
 4708	20	2	20 0 
 4709	20	2	20 0 
 4710	20	2	3 17 
 4711	20	2	15 5 
 4712	20	2	20 0 
 4713	20	2	18 2 
 4714	20	2	20 0 
 4715	20	2	16 4 
 4716	20	2	16 4 
 4717	20	2	16 4 
 4718	20	2	17 3 
 4719	20	2	19 1 
 4720	20	2	19 1 
 4721	20	2	19 1 
 4722	20	2	20 0 
 4723	20	2	19 1 
 4724	20	2	18 2 
 4725	20	2	20 0 
 4726	20	2	20 0 
 4727	20	2	20 0 
 4728	20	2	20 0 
 4729	20	2	20 0 
 4730	20	2	19 1 
 4731	20	2	19 1 
 4732	20	2	20 0 
 4733	20	2	19 1 
 4734	20	2	20 0 
 4735	20	2	19 1 
 4736	20	2	16 4 
 4737	20	2	20 0 
 4738	20	2	15 5 
 4739	20	2	20 0 
 4740	20	2	15 5 
 4741	20	2	20 0 
 4742	20	2	15 5 
 4743	20	2	15 5 
 4744	20	2	20 0 
 4745	20	2	15 5 
 4746	20	2	20 0 
 4747	20	2	19 1 
 4748	20	2	20 0 
 4749	20	2	19 1 
 4750	20	2	5 15 
 4751	20	2	20 0 
 4752	20	2	20 0 
 4753	20	2	20 0 
 4754	20	2	19 1 
 4755	20	2	20 0 
 4756	20	2	7 13 
 4757	20	2	20 0 
 4758	20	2	19 1 
 4759	20	2	18 2 
 4760	20	2	19 1 
 4761	20	2	17 3 
 4762	20	2	19 1 
 4763	20	2	19 1 
 4764	20	2	20 0 
 4765	20	2	18 2 
 4766	20	2	20 0 
 4767	20	2	18 2 
 4768	20	2	18 2 
 4769	20	2	19 1 
 4770	20	2	19 1 
 4771	20	2	20 0 
 4772	20	2	20 0 
 4773	20	2	18 2 
 4774	20	2	20 0 
 4775	20	2	19 1 
 4776	20	2	19 1 
 4777	20	2	20 0 
 4778	20	2	20 0 
 4779	20	2	17 3 
 4780	20	2	20 0 
 4781	20	2	19 1 
 4782	20	2	15 5 
 4783	20	2	12 8 
 4784	20	2	20 0 
 4785	20	2	20 0 
 4786	20	2	20 0 
 4787	20	2	18 2 
 4788	20	2	14 6 
 4789	20	2	18 2 
 4790	20	2	20 0 
 4791	20	2	20 0 
 4792	20	2	20 0 
 4793	20	2	20 0 
 4794	20	2	19 1 
 4795	20	2	19 1 
 4796	20	2	20 0 
 4797	20	2	20 0 
 4798	20	2	20 0 
 4799	20	2	20 0 
 4800	20	2	20 0 
 4801	20	2	20 0 
 4802	20	2	20 0 
 4803	20	2	20 0 
 4804	20	2	13 7 
 4805	20	2	20 0 
 4806	20	2	20 0 
 4807	20	2	20 0 
 4808	20	2	20 0 
 4809	20	2	20 0 
 4810	20	2	19 1 
 4811	20	2	16 4 
 4812	20	2	20 0 
 4813	20	2	2 18 
 4814	20	2	19 1 
 4815	20	2	19 1 
 4816	20	2	19 1 
 4817	20	2	20 0 
 4818	20	2	20 0 
 4819	20	2	15 5 
 4820	20	2	20 0 
 4821	20	2	13 7 
 4822	20	2	17 3 
 4823	20	2	20 0 
 4824	20	2	18 2 
 4825	20	2	18 2 
 4826	20	2	20 0 
 4827	20	2	20 0 
 4828	20	2	19 1 
 4829	20	2	20 0 
 4830	20	2	19 1 
 4831	20	2	18 2 
 4832	20	2	20 0 
 4833	20	2	19 1 
 4834	20	2	18 2 
 4835	20	2	12 8 
 4836	20	2	12 8 
 4837	20	2	12 8 
 4838	20	2	8 12 
 4839	20	2	8 12 
 4840	20	2	8 12 
 4841	20	2	18 2 
 4842	20	2	8 12 
 4843	20	2	17 3 
 4844	20	2	17 3 
 4845	20	2	20 0 
 4846	20	2	19 1 
 4847	20	2	20 0 
 4848	20	2	17 3 
 4849	20	2	19 1 
 4850	20	2	20 0 
 4851	20	2	20 0 
 4852	20	2	19 1 
 4853	20	2	19 1 
 4854	20	2	18 2 
 4855	20	2	18 2 
 4856	20	2	19 1 
 4857	20	2	18 2 
 4858	20	2	19 1 
 4859	20	2	20 0 
 4860	20	2	20 0 
 4861	20	2	20 0 
 4862	20	2	13 7 
 4863	20	2	19 1 
 4864	20	2	20 0 
 4865	20	2	19 1 
 4866	20	2	20 0 
 4867	20	2	19 1 
 4868	20	2	19 1 
 4869	20	2	18 2 
 4870	20	2	18 2 
 4871	20	2	18 2 
 4872	20	2	12 8 
 4873	20	2	20 0 
 4874	20	2	19 1 
 4875	20	2	19 1 
 4876	20	2	19 1 
 4877	20	2	20 0 
 4878	20	2	20 0 
 4879	20	2	20 0 
 4880	20	2	20 0 
 4881	20	2	20 0 
 4882	20	2	15 5 
 4883	20	2	14 6 
 4884	20	2	19 1 
 4885	20	2	20 0 
 4886	20	2	20 0 
 4887	20	2	18 2 
 4888	20	2	20 0 
 4889	20	2	5 15 
 4890	20	2	14 6 
 4891	20	2	14 6 
 4892	20	2	20 0 
 4893	20	2	13 7 
 4894	20	2	17 3 
 4895	20	2	16 4 
 4896	20	2	17 3 
 4897	20	2	16 4 
 4898	20	2	16 4 
 4899	20	2	13 7 
 4900	20	2	20 0 
 4901	20	2	20 0 
 4902	20	2	20 0 
 4903	20	2	20 0 
 4904	20	2	17 3 
 4905	20	2	19 1 
 4906	20	2	20 0 
 4907	20	2	20 0 
 4908	20	2	19 1 
 4909	20	2	19 1 
 4910	20	2	20 0 
 4911	20	2	20 0 
 4912	20	2	20 0 
 4913	20	2	18 2 
 4914	20	2	19 1 
 4915	20	2	20 0 
 4916	20	2	20 0 
 4917	20	2	20 0 
 4918	20	2	20 0 
 4919	20	2	19 1 
 4920	20	2	20 0 
 4921	20	2	18 2 
 4922	20	2	20 0 
 4923	20	2	18 2 
 4924	20	2	20 0 
 4925	20	2	5 15 
 4926	20	2	18 2 
 4927	20	2	15 5 
 4928	20	2	20 0 
 4929	20	2	20 0 
 4930	20	2	19 1 
 4931	20	2	19 1 
 4932	20	2	19 1 
 4933	20	2	19 1 
 4934	20	2	19 1 
 4935	20	2	20 0 
 4936	20	2	18 2 
 4937	20	2	17 3 
 4938	20	2	18 2 
 4939	20	2	18 2 
 4940	20	2	17 3 
 4941	20	2	20 0 
 4942	20	2	10 10 
 4943	20	2	10 10 
 4944	20	2	10 10 
 4945	20	2	20 0 
 4946	20	2	17 3 
 4947	20	2	20 0 
 4948	20	2	17 3 
 4949	20	2	20 0 
 4950	20	2	18 2 
 4951	20	2	19 1 
 4952	20	2	19 1 
 4953	20	2	1 19 
 4954	20	2	20 0 
 4955	20	2	14 6 
 4956	20	2	19 1 
 4957	20	2	20 0 
 4958	20	2	20 0 
 4959	20	2	18 2 
 4960	20	2	18 2 
 4961	20	2	18 2 
 4962	20	2	5 15 
 4963	20	2	15 5 
 4964	20	2	20 0 
 4965	20	2	20 0 
 4966	20	2	20 0 
 4967	20	2	20 0 
 4968	20	2	19 1 
 4969	20	2	20 0 
 4970	20	2	20 0 
 4971	20	2	19 1 
 4972	20	2	13 7 
 4973	20	2	13 7 
 4974	20	2	13 7 
 4975	20	2	20 0 
 4976	20	2	13 7 
 4977	20	2	20 0 
 4978	20	2	19 1 
 4979	20	2	18 2 
 4980	20	2	18 2 
 4981	20	2	20 0 
 4982	20	2	16 4 
 4983	20	2	19 1 
 4984	20	2	20 0 
 4985	20	2	17 3 
 4986	20	2	19 1 
 4987	20	2	20 0 
 4988	20	2	1 19 
 4989	20	2	18 2 
 4990	20	2	19 1 
 4991	20	2	17 3 
 4992	20	2	18 2 
 4993	20	2	17 3 
 4994	20	2	18 2 
 4995	20	2	20 0 
 4996	20	2	17 3 
 4997	20	2	19 1 
 4998	20	2	19 1 
 4999	20	2	20 0 
 5000	20	2	19 1 
 5001	20	2	20 0 
 5002	20	2	20 0 
 5003	20	2	20 0 
 5004	20	2	20 0 
 5005	20	2	20 0 
 5006	20	2	20 0 
 5007	20	2	20 0 
 5008	20	2	20 0 
 5009	20	2	20 0 
 5010	20	2	20 0 
 5011	20	2	19 1 
 5012	20	2	20 0 
 5013	20	2	20 0 
 5014	20	2	20 0 
 5015	20	2	20 0 
 5016	20	2	20 0 
 5017	20	2	20 0 
 5018	20	2	20 0 
 5019	20	2	20 0 
 5020	20	2	20 0 
 5021	20	2	20 0 
 5022	20	2	20 0 
 5023	20	2	20 0 
 5024	20	2	20 0 
 5025	20	2	19 1 
 5026	20	2	20 0 
 5027	20	2	18 2 
 5028	20	2	20 0 
 5029	20	2	19 1 
 5030	20	2	19 1 
 5031	20	2	20 0 
 5032	20	2	20 0 
 5033	20	2	20 0 
 5034	20	2	19 1 
 5035	20	2	2 18 
 5036	20	2	2 18 
 5037	20	2	19 1 
 5038	20	2	2 18 
 5039	20	2	20 0 
 5040	20	2	18 2 
 5041	20	2	20 0 
 5042	20	2	20 0 
 5043	20	2	19 1 
 5044	20	2	20 0 
 5045	20	2	13 7 
 5046	20	2	20 0 
 5047	20	2	18 2 
 5048	20	2	20 0 
 5049	20	2	13 7 
 5050	20	2	13 7 
 5051	20	2	20 0 
 5052	20	2	20 0 
 5053	20	2	18 2 
 5054	20	2	20 0 
 5055	20	2	20 0 
 5056	20	2	19 1 
 5057	20	2	19 1 
 5058	20	2	19 1 
 5059	20	2	19 1 
 5060	20	2	19 1 
 5061	20	2	20 0 
 5062	20	2	20 0 
 5063	20	2	20 0 
 5064	20	2	20 0 
 5065	20	2	20 0 
 5066	20	2	16 4 
 5067	20	2	16 4 
 5068	20	2	20 0 
 5069	20	2	16 4 
 5070	20	2	20 0 
 5071	20	2	12 8 
 5072	20	2	16 4 
 5073	20	2	20 0 
 5074	20	2	19 1 
 5075	20	2	20 0 
 5076	20	2	20 0 
 5077	20	2	20 0 
 5078	20	2	19 1 
 5079	20	2	3 17 
 5080	20	2	12 8 
 5081	20	2	20 0 
 5082	20	2	20 0 
 5083	20	2	10 10 
 5084	20	2	10 10 
 5085	20	2	20 0 
 5086	20	2	20 0 
 5087	20	2	15 5 
 5088	20	2	2 18 
 5089	20	2	19 1 
 5090	20	2	19 1 
 5091	20	2	18 2 
 5092	20	2	20 0 
 5093	20	2	18 2 
 5094	20	2	18 2 
 5095	20	2	15 5 
 5096	20	2	19 1 
 5097	20	2	19 1 
 5098	20	2	20 0 
 5099	20	2	2 18 
 5100	20	2	12 8 
 5101	20	2	20 0 
 5102	20	2	4 16 
 5103	20	2	4 16 
 5104	20	2	19 1 
 5105	20	2	6 14 
 5106	20	2	19 1 
 5107	20	2	20 0 
 5108	20	2	4 16 
 5109	20	2	20 0 
 5110	20	2	20 0 
 5111	20	2	20 0 
 5112	20	2	20 0 
 5113	20	2	20 0 
 5114	20	2	18 2 
 5115	20	2	18 2 
 5116	20	2	20 0 
 5117	20	2	20 0 
 5118	20	2	15 5 
 5119	20	2	18 2 
 5120	20	2	20 0 
 5121	20	2	18 2 
 5122	20	2	20 0 
 5123	20	2	20 0 
 5124	20	2	19 1 
 5125	20	2	20 0 
 5126	20	2	19 1 
 5127	20	2	20 0 
 5128	20	2	19 1 
 5129	20	2	18 2 
 5130	20	2	18 2 
 5131	20	2	18 2 
 5132	20	2	20 0 
 5133	20	2	18 2 
 5134	20	2	20 0 
 5135	20	2	20 0 
 5136	20	2	20 0 
 5137	20	2	20 0 
 5138	20	2	20 0 
 5139	20	2	18 2 
 5140	20	2	20 0 
 5141	20	2	19 1 
 5142	20	2	20 0 
 5143	20	2	19 1 
 5144	20	2	20 0 
 5145	20	2	6 14 
 5146	20	2	9 11 
 5147	20	2	20 0 
 5148	20	2	20 0 
 5149	20	2	20 0 
 5150	20	2	3 17 
 5151	20	2	10 10 
 5152	20	2	20 0 
 5153	20	2	3 17 
 5154	20	2	18 2 
 5155	20	2	19 1 
 5156	20	2	20 0 
 5157	20	2	20 0 
 5158	20	2	20 0 
 5159	20	2	20 0 
 5160	20	2	20 0 
 5161	20	2	20 0 
 5162	20	2	18 2 
 5163	20	2	20 0 
 5164	20	2	20 0 
 5165	20	2	20 0 
 5166	20	2	20 0 
 5167	20	2	20 0 
 5168	20	2	19 1 
 5169	20	2	5 15 
 5170	20	2	20 0 
 5171	20	2	5 15 
 5172	20	2	20 0 
 5173	20	2	20 0 
 5174	20	2	20 0 
 5175	20	2	20 0 
 5176	20	2	20 0 
 5177	20	2	20 0 
 5178	20	2	20 0 
 5179	20	2	20 0 
 5180	20	2	3 17 
 5181	20	2	17 3 
 5182	20	2	1 19 
 5183	20	2	19 1 
 5184	20	2	20 0 
 5185	20	2	19 1 
 5186	20	2	15 5 
 5187	20	2	15 5 
 5188	20	2	20 0 
 5189	20	2	19 1 
 5190	20	2	20 0 
 5191	20	2	15 5 
 5192	20	2	18 2 
 5193	20	2	15 5 
 5194	20	2	5 15 
 5195	20	2	18 2 
 5196	20	2	19 1 
 5197	20	2	20 0 
 5198	20	2	20 0 
 5199	20	2	20 0 
 5200	20	2	20 0 
 5201	20	2	10 10 
 5202	20	2	3 17 
 5203	20	2	20 0 
 5204	20	2	20 0 
 5205	20	2	19 1 
 5206	20	2	18 2 
 5207	20	2	18 2 
 5208	20	2	17 3 
 5209	20	2	18 2 
 5210	20	2	10 10 
 5211	20	2	20 0 
 5212	20	2	12 8 
 5213	20	2	10 10 
 5214	20	2	20 0 
 5215	20	2	18 2 
 5216	20	2	20 0 
 5217	20	2	18 2 
 5218	20	2	18 2 
 5219	20	2	19 1 
 5220	20	2	19 1 
 5221	20	2	19 1 
 5222	20	2	15 5 
 5223	20	2	18 2 
 5224	20	2	20 0 
 5225	20	2	20 0 
 5226	20	2	19 1 
 5227	20	2	19 1 
 5228	20	2	19 1 
 5229	20	2	20 0 
 5230	20	2	20 0 
 5231	20	2	18 2 
 5232	20	2	19 1 
 5233	20	2	20 0 
 5234	20	2	19 1 
 5235	20	2	5 15 
 5236	20	2	18 2 
 5237	20	2	11 9 
 5238	20	2	19 1 
 5239	20	2	16 4 
 5240	20	2	20 0 
 5241	20	2	20 0 
 5242	20	2	19 1 
 5243	20	2	4 16 
 5244	20	2	14 6 
 5245	20	2	14 6 
 5246	20	2	12 8 
 5247	20	2	20 0 
 5248	20	2	20 0 
 5249	20	2	20 0 
 5250	20	2	20 0 
 5251	20	2	20 0 
 5252	20	2	3 17 
 5253	20	2	13 7 
 5254	20	2	16 4 
 5255	20	2	20 0 
 5256	20	2	19 1 
 5257	20	2	20 0 
 5258	20	2	20 0 
 5259	20	2	17 3 
 5260	20	2	20 0 
 5261	20	2	20 0 
 5262	20	2	20 0 
 5263	20	2	19 1 
 5264	20	2	20 0 
 5265	20	2	20 0 
 5266	20	2	17 3 
 5267	20	2	17 3 
 5268	20	2	20 0 
 5269	20	2	20 0 
 5270	20	2	19 1 
 5271	20	2	17 3 
 5272	20	2	6 14 
 5273	20	2	20 0 
 5274	20	2	12 8 
 5275	20	2	20 0 
 5276	20	2	20 0 
 5277	20	2	19 1 
 5278	20	2	20 0 
 5279	20	2	20 0 
 5280	20	2	20 0 
 5281	20	2	19 1 
 5282	20	2	20 0 
 5283	20	2	19 1 
 5284	20	2	20 0 
 5285	20	2	19 1 
 5286	20	2	19 1 
 5287	20	2	20 0 
 5288	20	2	20 0 
 5289	20	2	20 0 
 5290	20	2	20 0 
 5291	20	2	20 0 
 5292	20	2	14 6 
 5293	20	2	3 17 
 5294	20	2	20 0 
 5295	20	2	20 0 
 5296	20	2	20 0 
 5297	20	2	20 0 
 5298	20	2	19 1 
 5299	20	2	20 0 
 5300	20	2	19 1 
 5301	20	2	19 1 
 5302	20	2	20 0 
 5303	20	2	20 0 
 5304	20	2	15 5 
 5305	20	2	20 0 
 5306	20	2	20 0 
 5307	20	2	1 19 
 5308	20	2	19 1 
 5309	20	2	20 0 
 5310	20	2	20 0 
 5311	20	2	20 0 
 5312	20	2	20 0 
 5313	20	2	20 0 
 5314	20	2	19 1 
 5315	20	2	19 1 
 5316	20	2	14 6 
 5317	20	2	19 1 
 5318	20	2	20 0 
 5319	20	2	20 0 
 5320	20	2	20 0 
 5321	20	2	19 1 
 5322	20	2	20 0 
 5323	20	2	19 1 
 5324	20	2	20 0 
 5325	20	2	20 0 
 5326	20	2	15 5 
 5327	20	2	20 0 
 5328	20	2	20 0 
 5329	20	2	19 1 
 5330	20	2	19 1 
 5331	20	2	20 0 
 5332	20	2	19 1 
 5333	20	2	14 6 
 5334	20	2	17 3 
 5335	20	2	20 0 
 5336	20	2	3 17 
 5337	20	2	3 17 
 5338	20	2	20 0 
 5339	20	2	19 1 
 5340	20	2	19 1 
 5341	20	2	20 0 
 5342	20	2	20 0 
 5343	20	2	16 4 
 5344	20	2	10 10 
 5345	20	2	20 0 
 5346	20	2	18 2 
 5347	20	2	4 16 
 5348	20	2	19 1 
 5349	20	2	8 12 
 5350	20	2	20 0 
 5351	20	2	14 6 
 5352	20	2	20 0 
 5353	20	2	19 1 
 5354	20	2	20 0 
 5355	20	2	19 1 
 5356	20	2	19 1 
 5357	20	2	20 0 
 5358	20	2	19 1 
 5359	20	2	20 0 
 5360	20	2	19 1 
 5361	20	2	20 0 
 5362	20	2	19 1 
 5363	20	2	18 2 
 5364	20	2	18 2 
 5365	20	2	20 0 
 5366	20	2	19 1 
 5367	20	2	20 0 
 5368	20	2	20 0 
 5369	20	2	19 1 
 5370	20	2	20 0 
 5371	20	2	20 0 
 5372	20	2	20 0 
 5373	20	2	19 1 
 5374	20	2	20 0 
 5375	20	2	20 0 
 5376	20	2	20 0 
 5377	20	2	20 0 
 5378	20	2	20 0 
 5379	20	2	20 0 
 5380	20	2	20 0 
 5381	20	2	20 0 
 5382	20	2	17 3 
 5383	20	2	17 3 
 5384	20	2	17 3 
 5385	20	2	20 0 
 5386	20	2	20 0 
 5387	20	2	20 0 
 5388	20	2	20 0 
 5389	20	2	11 9 
 5390	20	2	20 0 
 5391	20	2	10 10 
 5392	20	2	20 0 
 5393	20	2	20 0 
 5394	20	2	19 1 
 5395	20	2	20 0 
 5396	20	2	19 1 
 5397	20	2	19 1 
 5398	20	2	19 1 
 5399	20	2	19 1 
 5400	20	2	19 1 
 5401	20	2	19 1 
 5402	20	2	19 1 
 5403	20	2	19 1 
 5404	20	2	20 0 
 5405	20	2	20 0 
 5406	20	2	18 2 
 5407	20	2	18 2 
 5408	20	2	20 0 
 5409	20	2	18 2 
 5410	20	2	20 0 
 5411	20	2	20 0 
 5412	20	2	20 0 
 5413	20	2	20 0 
 5414	20	2	20 0 
 5415	20	2	20 0 
 5416	20	2	20 0 
 5417	20	2	20 0 
 5418	20	2	20 0 
 5419	20	2	20 0 
 5420	20	2	20 0 
 5421	20	2	20 0 
 5422	20	2	18 2 
 5423	20	2	20 0 
 5424	20	2	19 1 
 5425	20	2	20 0 
 5426	20	2	20 0 

[pop]=2
 1	20	2	18 2 
 2	20	2	20 0 
 3	20	2	18 2 
 4	20	2	18 2 
 5	20	2	19 1 
 6	20	2	20 0 
 7	20	2	18 2 
 8	20	2	18 2 
 9	20	2	18 2 
 10	20	2	18 2 
 11	20	2	14 6 
 12	20	2	14 6 
 13	20	2	14 6 
 14	20	2	20 0 
 15	20	2	20 0 
 16	20	2	15 5 
 17	20	2	20 0 
 18	20	2	20 0 
 19	20	2	20 0 
 20	20	2	20 0 
 21	20	2	20 0 
 22	20	2	20 0 
 23	20	2	5 15 
 24	20	2	20 0 
 25	20	2	20 0 
 26	20	2	19 1 
 27	20	2	20 0 
 28	20	2	14 6 
 29	20	2	20 0 
 30	20	2	19 1 
 31	20	2	19 1 
 32	20	2	16 4 
 33	20	2	20 0 
 34	20	2	20 0 
 35	20	2	11 9 
 36	20	2	20 0 
 37	20	2	18 2 
 38	20	2	20 0 
 39	20	2	20 0 
 40	20	2	20 0 
 41	20	2	12 8 
 42	20	2	20 0 
 43	20	2	8 12 
 44	20	2	20 0 
 45	20	2	20 0 
 46	20	2	19 1 
 47	20	2	20 0 
 48	20	2	19 1 
 49	20	2	20 0 
 50	20	2	20 0 
 51	20	2	20 0 
 52	20	2	18 2 
 53	20	2	19 1 
 54	20	2	10 10 
 55	20	2	20 0 
 56	20	2	20 0 
 57	20	2	20 0 
 58	20	2	20 0 
 59	20	2	9 11 
 60	20	2	20 0 
 61	20	2	9 11 
 62	20	2	18 2 
 63	20	2	20 0 
 64	20	2	18 2 
 65	20	2	20 0 
 66	20	2	18 2 
 67	20	2	18 2 
 68	20	2	20 0 
 69	20	2	20 0 
 70	20	2	20 0 
 71	20	2	20 0 
 72	20	2	20 0 
 73	20	2	13 7 
 74	20	2	20 0 
 75	20	2	20 0 
 76	20	2	20 0 
 77	20	2	20 0 
 78	20	2	19 1 
 79	20	2	20 0 
 80	20	2	19 1 
 81	20	2	20 0 
 82	20	2	20 0 
 83	20	2	19 1 
 84	20	2	19 1 
 85	20	2	17 3 
 86	20	2	20 0 
 87	20	2	20 0 
 88	20	2	20 0 
 89	20	2	19 1 
 90	20	2	20 0 
 91	20	2	18 2 
 92	20	2	20 0 
 93	20	2	20 0 
 94	20	2	19 1 
 95	20	2	17 3 
 96	20	2	19 1 
 97	20	2	20 0 
 98	20	2	20 0 
 99	20	2	18 2 
 100	20	2	17 3 
 101	20	2	19 1 
 102	20	2	2 18 
 103	20	2	20 0 
 104	20	2	16 4 
 105	20	2	18 2 
 106	20	2	18 2 
 107	20	2	18 2 
 108	20	2	19 1 
 109	20	2	18 2 
 110	20	2	20 0 
 111	20	2	20 0 
 112	20	2	20 0 
 113	20	2	12 8 
 114	20	2	19 1 
 115	20	2	13 7 
 116	20	2	0 20 
 117	20	2	0 20 
 118	20	2	13 7 
 119	20	2	20 0 
 120	20	2	16 4 
 121	20	2	20 0 
 122	20	2	19 1 
 123	20	2	19 1 
 124	20	2	19 1 
 125	20	2	19 1 
 126	20	2	20 0 
 127	20	2	15 5 
 128	20	2	20 0 
 129	20	2	19 1 
 130	20	2	12 8 
 131	20	2	12 8 
 132	20	2	20 0 
 133	20	2	20 0 
 134	20	2	20 0 
 135	20	2	20 0 
 136	20	2	15 5 
 137	20	2	20 0 
 138	20	2	17 3 
 139	20	2	20 0 
 140	20	2	20 0 
 141	20	2	18 2 
 142	20	2	10 10 
 143	20	2	14 6 
 144	20	2	19 1 
 145	20	2	20 0 
 146	20	2	19 1 
 147	20	2	20 0 
 148	20	2	20 0 
 149	20	2	20 0 
 150	20	2	17 3 
 151	20	2	19 1 
 152	20	2	1 19 
 153	20	2	20 0 
 154	20	2	20 0 
 155	20	2	19 1 
 156	20	2	20 0 
 157	20	2	6 14 
 158	20	2	19 1 
 159	20	2	20 0 
 160	20	2	20 0 
 161	20	2	19 1 
 162	20	2	19 1 
 163	20	2	19 1 
 164	20	2	20 0 
 165	20	2	19 1 
 166	20	2	19 1 
 167	20	2	18 2 
 168	20	2	17 3 
 169	20	2	20 0 
 170	20	2	16 4 
 171	20	2	20 0 
 172	20	2	17 3 
 173	20	2	20 0 
 174	20	2	20 0 
 175	20	2	20 0 
 176	20	2	20 0 
 177	20	2	20 0 
 178	20	2	20 0 
 179	20	2	20 0 
 180	20	2	20 0 
 181	20	2	20 0 
 182	20	2	20 0 
 183	20	2	20 0 
 184	20	2	16 4 
 185	20	2	20 0 
 186	20	2	20 0 
 187	20	2	20 0 
 188	20	2	20 0 
 189	20	2	20 0 
 190	20	2	19 1 
 191	20	2	20 0 
 192	20	2	20 0 
 193	20	2	20 0 
 194	20	2	15 5 
 195	20	2	20 0 
 196	20	2	0 20 
 197	20	2	20 0 
 198	20	2	20 0 
 199	20	2	19 1 
 200	20	2	18 2 
 201	20	2	20 0 
 202	20	2	20 0 
 203	20	2	20 0 
 204	20	2	11 9 
 205	20	2	11 9 
 206	20	2	20 0 
 207	20	2	20 0 
 208	20	2	13 7 
 209	20	2	20 0 
 210	20	2	20 0 
 211	20	2	20 0 
 212	20	2	20 0 
 213	20	2	20 0 
 214	20	2	18 2 
 215	20	2	18 2 
 216	20	2	14 6 
 217	20	2	6 14 
 218	20	2	14 6 
 219	20	2	6 14 
 220	20	2	17 3 
 221	20	2	17 3 
 222	20	2	20 0 
 223	20	2	20 0 
 224	20	2	20 0 
 225	20	2	20 0 
 226	20	2	20 0 
 227	20	2	20 0 
 228	20	2	18 2 
 229	20	2	20 0 
 230	20	2	17 3 
 231	20	2	17 3 
 232	20	2	20 0 
 233	20	2	20 0 
 234	20	2	20 0 
 235	20	2	20 0 
 236	20	2	18 2 
 237	20	2	16 4 
 238	20	2	17 3 
 239	20	2	17 3 
 240	20	2	20 0 
 241	20	2	20 0 
 242	20	2	18 2 
 243	20	2	20 0 
 244	20	2	8 12 
 245	20	2	18 2 
 246	20	2	20 0 
 247	20	2	20 0 
 248	20	2	20 0 
 249	20	2	20 0 
 250	20	2	20 0 
 251	20	2	20 0 
 252	20	2	20 0 
 253	20	2	20 0 
 254	20	2	6 14 
 255	20	2	20 0 
 256	20	2	20 0 
 257	20	2	11 9 
 258	20	2	6 14 
 259	20	2	20 0 
 260	20	2	20 0 
 261	20	2	13 7 
 262	20	2	20 0 
 263	20	2	20 0 
 264	20	2	20 0 
 265	20	2	20 0 
 266	20	2	20 0 
 267	20	2	19 1 
 268	20	2	20 0 
 269	20	2	19 1 
 270	20	2	19 1 
 271	20	2	19 1 
 272	20	2	19 1 
 273	20	2	20 0 
 274	20	2	19 1 
 275	20	2	19 1 
 276	20	2	19 1 
 277	20	2	20 0 
 278	20	2	20 0 
 279	20	2	20 0 
 280	20	2	19 1 
 281	20	2	20 0 
 282	20	2	20 0 
 283	20	2	18 2 
 284	20	2	14 6 
 285	20	2	20 0 
 286	20	2	19 1 
 287	20	2	6 14 
 288	20	2	20 0 
 289	20	2	11 9 
 290	20	2	19 1 
 291	20	2	20 0 
 292	20	2	19 1 
 293	20	2	20 0 
 294	20	2	19 1 
 295	20	2	19 1 
 296	20	2	19 1 
 297	20	2	19 1 
 298	20	2	20 0 
 299	20	2	20 0 
 300	20	2	20 0 
 301	20	2	20 0 
 302	20	2	0 20 
 303	20	2	20 0 
 304	20	2	20 0 
 305	20	2	20 0 
 306	20	2	20 0 
 307	20	2	20 0 
 308	20	2	20 0 
 309	20	2	20 0 
 310	20	2	20 0 
 311	20	2	12 8 
 312	20	2	20 0 
 313	20	2	18 2 
 314	20	2	20 0 
 315	20	2	7 13 
 316	20	2	20 0 
 317	20	2	20 0 
 318	20	2	20 0 
 319	20	2	6 14 
 320	20	2	0 20 
 321	20	2	20 0 
 322	20	2	20 0 
 323	20	2	20 0 
 324	20	2	20 0 
 325	20	2	20 0 
 326	20	2	16 4 
 327	20	2	20 0 
 328	20	2	19 1 
 329	20	2	19 1 
 330	20	2	20 0 
 331	20	2	20 0 
 332	20	2	16 4 
 333	20	2	19 1 
 334	20	2	18 2 
 335	20	2	15 5 
 336	20	2	19 1 
 337	20	2	20 0 
 338	20	2	20 0 
 339	20	2	19 1 
 340	20	2	20 0 
 341	20	2	18 2 
 342	20	2	20 0 
 343	20	2	14 6 
 344	20	2	19 1 
 345	20	2	18 2 
 346	20	2	18 2 
 347	20	2	18 2 
 348	20	2	18 2 
 349	20	2	18 2 
 350	20	2	14 6 
 351	20	2	20 0 
 352	20	2	10 10 
 353	20	2	20 0 
 354	20	2	19 1 
 355	20	2	20 0 
 356	20	2	19 1 
 357	20	2	20 0 
 358	20	2	20 0 
 359	20	2	20 0 
 360	20	2	20 0 
 361	20	2	20 0 
 362	20	2	20 0 
 363	20	2	7 13 
 364	20	2	19 1 
 365	20	2	17 3 
 366	20	2	17 3 
 367	20	2	17 3 
 368	20	2	20 0 
 369	20	2	0 20 
 370	20	2	7 13 
 371	20	2	20 0 
 372	20	2	3 17 
 373	20	2	20 0 
 374	20	2	20 0 
 375	20	2	0 20 
 376	20	2	20 0 
 377	20	2	20 0 
 378	20	2	20 0 
 379	20	2	20 0 
 380	20	2	20 0 
 381	20	2	20 0 
 382	20	2	20 0 
 383	20	2	20 0 
 384	20	2	20 0 
 385	20	2	20 0 
 386	20	2	20 0 
 387	20	2	20 0 
 388	20	2	20 0 
 389	20	2	20 0 
 390	20	2	20 0 
 391	20	2	20 0 
 392	20	2	18 2 
 393	20	2	0 20 
 394	20	2	20 0 
 395	20	2	20 0 
 396	20	2	20 0 
 397	20	2	18 2 
 398	20	2	19 1 
 399	20	2	19 1 
 400	20	2	19 1 
 401	20	2	19 1 
 402	20	2	19 1 
 403	20	2	20 0 
 404	20	2	19 1 
 405	20	2	20 0 
 406	20	2	20 0 
 407	20	2	20 0 
 408	20	2	20 0 
 409	20	2	19 1 
 410	20	2	19 1 
 411	20	2	20 0 
 412	20	2	19 1 
 413	20	2	19 1 
 414	20	2	19 1 
 415	20	2	18 2 
 416	20	2	19 1 
 417	20	2	20 0 
 418	20	2	18 2 
 419	20	2	20 0 
 420	20	2	16 4 
 421	20	2	18 2 
 422	20	2	20 0 
 423	20	2	19 1 
 424	20	2	19 1 
 425	20	2	19 1 
 426	20	2	19 1 
 427	20	2	17 3 
 428	20	2	17 3 
 429	20	2	20 0 
 430	20	2	20 0 
 431	20	2	20 0 
 432	20	2	15 5 
 433	20	2	20 0 
 434	20	2	15 5 
 435	20	2	20 0 
 436	20	2	19 1 
 437	20	2	5 15 
 438	20	2	16 4 
 439	20	2	16 4 
 440	20	2	15 5 
 441	20	2	20 0 
 442	20	2	20 0 
 443	20	2	18 2 
 444	20	2	20 0 
 445	20	2	17 3 
 446	20	2	20 0 
 447	20	2	17 3 
 448	20	2	20 0 
 449	20	2	18 2 
 450	20	2	4 16 
 451	20	2	19 1 
 452	20	2	13 7 
 453	20	2	20 0 
 454	20	2	20 0 
 455	20	2	20 0 
 456	20	2	20 0 
 457	20	2	20 0 
 458	20	2	17 3 
 459	20	2	20 0 
 460	20	2	20 0 
 461	20	2	20 0 
 462	20	2	20 0 
 463	20	2	17 3 
 464	20	2	20 0 
 465	20	2	20 0 
 466	20	2	20 0 
 467	20	2	20 0 
 468	20	2	20 0 
 469	20	2	20 0 
 470	20	2	16 4 
 471	20	2	18 2 
 472	20	2	18 2 
 473	20	2	20 0 
 474	20	2	0 20 
 475	20	2	20 0 
 476	20	2	2 18 
 477	20	2	19 1 
 478	20	2	20 0 
 479	20	2	20 0 
 480	20	2	19 1 
 481	20	2	8 12 
 482	20	2	20 0 
 483	20	2	20 0 
 484	20	2	20 0 
 485	20	2	20 0 
 486	20	2	2 18 
 487	20	2	18 2 
 488	20	2	18 2 
 489	20	2	20 0 
 490	20	2	19 1 
 491	20	2	20 0 
 492	20	2	20 0 
 493	20	2	20 0 
 494	20	2	20 0 
 495	20	2	20 0 
 496	20	2	20 0 
 497	20	2	20 0 
 498	20	2	20 0 
 499	20	2	13 7 
 500	20	2	13 7 
 501	20	2	20 0 
 502	20	2	17 3 
 503	20	2	20 0 
 504	20	2	20 0 
 505	20	2	17 3 
 506	20	2	20 0 
 507	20	2	20 0 
 508	20	2	20 0 
 509	20	2	20 0 
 510	20	2	19 1 
 511	20	2	15 5 
 512	20	2	18 2 
 513	20	2	19 1 
 514	20	2	19 1 
 515	20	2	20 0 
 516	20	2	20 0 
 517	20	2	20 0 
 518	20	2	17 3 
 519	20	2	20 0 
 520	20	2	17 3 
 521	20	2	8 12 
 522	20	2	12 8 
 523	20	2	19 1 
 524	20	2	20 0 
 525	20	2	20 0 
 526	20	2	20 0 
 527	20	2	20 0 
 528	20	2	18 2 
 529	20	2	20 0 
 530	20	2	20 0 
 531	20	2	20 0 
 532	20	2	20 0 
 533	20	2	9 11 
 534	20	2	20 0 
 535	20	2	20 0 
 536	20	2	19 1 
 537	20	2	19 1 
 538	20	2	20 0 
 539	20	2	16 4 
 540	20	2	0 20 
 541	20	2	20 0 
 542	20	2	20 0 
 543	20	2	20 0 
 544	20	2	18 2 
 545	20	2	20 0 
 546	20	2	19 1 
 547	20	2	16 4 
 548	20	2	20 0 
 549	20	2	19 1 
 550	20	2	19 1 
 551	20	2	20 0 
 552	20	2	20 0 
 553	20	2	20 0 
 554	20	2	19 1 
 555	20	2	19 1 
 556	20	2	20 0 
 557	20	2	0 20 
 558	20	2	19 1 
 559	20	2	20 0 
 560	20	2	19 1 
 561	20	2	20 0 
 562	20	2	20 0 
 563	20	2	20 0 
 564	20	2	20 0 
 565	20	2	19 1 
 566	20	2	20 0 
 567	20	2	20 0 
 568	20	2	20 0 
 569	20	2	20 0 
 570	20	2	12 8 
 571	20	2	20 0 
 572	20	2	18 2 
 573	20	2	20 0 
 574	20	2	20 0 
 575	20	2	20 0 
 576	20	2	18 2 
 577	20	2	6 14 
 578	20	2	20 0 
 579	20	2	20 0 
 580	20	2	20 0 
 581	20	2	17 3 
 582	20	2	20 0 
 583	20	2	19 1 
 584	20	2	14 6 
 585	20	2	16 4 
 586	20	2	20 0 
 587	20	2	15 5 
 588	20	2	20 0 
 589	20	2	20 0 
 590	20	2	16 4 
 591	20	2	16 4 
 592	20	2	20 0 
 593	20	2	19 1 
 594	20	2	19 1 
 595	20	2	20 0 
 596	20	2	17 3 
 597	20	2	20 0 
 598	20	2	20 0 
 599	20	2	20 0 
 600	20	2	20 0 
 601	20	2	19 1 
 602	20	2	20 0 
 603	20	2	20 0 
 604	20	2	19 1 
 605	20	2	15 5 
 606	20	2	14 6 
 607	20	2	19 1 
 608	20	2	20 0 
 609	20	2	2 18 
 610	20	2	20 0 
 611	20	2	13 7 
 612	20	2	19 1 
 613	20	2	13 7 
 614	20	2	20 0 
 615	20	2	20 0 
 616	20	2	20 0 
 617	20	2	1 19 
 618	20	2	19 1 
 619	20	2	19 1 
 620	20	2	11 9 
 621	20	2	19 1 
 622	20	2	19 1 
 623	20	2	7 13 
 624	20	2	17 3 
 625	20	2	20 0 
 626	20	2	15 5 
 627	20	2	20 0 
 628	20	2	19 1 
 629	20	2	19 1 
 630	20	2	16 4 
 631	20	2	20 0 
 632	20	2	9 11 
 633	20	2	16 4 
 634	20	2	20 0 
 635	20	2	20 0 
 636	20	2	19 1 
 637	20	2	20 0 
 638	20	2	16 4 
 639	20	2	16 4 
 640	20	2	20 0 
 641	20	2	20 0 
 642	20	2	20 0 
 643	20	2	20 0 
 644	20	2	16 4 
 645	20	2	19 1 
 646	20	2	18 2 
 647	20	2	19 1 
 648	20	2	20 0 
 649	20	2	0 20 
 650	20	2	9 11 
 651	20	2	20 0 
 652	20	2	20 0 
 653	20	2	19 1 
 654	20	2	20 0 
 655	20	2	20 0 
 656	20	2	19 1 
 657	20	2	16 4 
 658	20	2	19 1 
 659	20	2	11 9 
 660	20	2	20 0 
 661	20	2	20 0 
 662	20	2	20 0 
 663	20	2	11 9 
 664	20	2	9 11 
 665	20	2	19 1 
 666	20	2	20 0 
 667	20	2	19 1 
 668	20	2	11 9 
 669	20	2	20 0 
 670	20	2	20 0 
 671	20	2	20 0 
 672	20	2	20 0 
 673	20	2	20 0 
 674	20	2	20 0 
 675	20	2	19 1 
 676	20	2	20 0 
 677	20	2	20 0 
 678	20	2	20 0 
 679	20	2	20 0 
 680	20	2	20 0 
 681	20	2	20 0 
 682	20	2	20 0 
 683	20	2	19 1 
 684	20	2	20 0 
 685	20	2	13 7 
 686	20	2	19 1 
 687	20	2	19 1 
 688	20	2	20 0 
 689	20	2	20 0 
 690	20	2	18 2 
 691	20	2	20 0 
 692	20	2	16 4 
 693	20	2	20 0 
 694	20	2	18 2 
 695	20	2	20 0 
 696	20	2	20 0 
 697	20	2	16 4 
 698	20	2	17 3 
 699	20	2	20 0 
 700	20	2	3 17 
 701	20	2	1 19 
 702	20	2	18 2 
 703	20	2	20 0 
 704	20	2	15 5 
 705	20	2	17 3 
 706	20	2	17 3 
 707	20	2	20 0 
 708	20	2	20 0 
 709	20	2	20 0 
 710	20	2	19 1 
 711	20	2	20 0 
 712	20	2	13 7 
 713	20	2	20 0 
 714	20	2	20 0 
 715	20	2	20 0 
 716	20	2	20 0 
 717	20	2	20 0 
 718	20	2	20 0 
 719	20	2	20 0 
 720	20	2	20 0 
 721	20	2	20 0 
 722	20	2	20 0 
 723	20	2	20 0 
 724	20	2	10 10 
 725	20	2	10 10 
 726	20	2	18 2 
 727	20	2	18 2 
 728	20	2	18 2 
 729	20	2	18 2 
 730	20	2	20 0 
 731	20	2	11 9 
 732	20	2	11 9 
 733	20	2	14 6 
 734	20	2	16 4 
 735	20	2	20 0 
 736	20	2	17 3 
 737	20	2	20 0 
 738	20	2	20 0 
 739	20	2	20 0 
 740	20	2	20 0 
 741	20	2	20 0 
 742	20	2	12 8 
 743	20	2	19 1 
 744	20	2	12 8 
 745	20	2	20 0 
 746	20	2	20 0 
 747	20	2	20 0 
 748	20	2	20 0 
 749	20	2	20 0 
 750	20	2	20 0 
 751	20	2	18 2 
 752	20	2	20 0 
 753	20	2	20 0 
 754	20	2	20 0 
 755	20	2	20 0 
 756	20	2	17 3 
 757	20	2	14 6 
 758	20	2	20 0 
 759	20	2	20 0 
 760	20	2	20 0 
 761	20	2	20 0 
 762	20	2	5 15 
 763	20	2	12 8 
 764	20	2	20 0 
 765	20	2	20 0 
 766	20	2	20 0 
 767	20	2	20 0 
 768	20	2	20 0 
 769	20	2	17 3 
 770	20	2	17 3 
 771	20	2	20 0 
 772	20	2	17 3 
 773	20	2	17 3 
 774	20	2	12 8 
 775	20	2	20 0 
 776	20	2	20 0 
 777	20	2	20 0 
 778	20	2	12 8 
 779	20	2	20 0 
 780	20	2	4 16 
 781	20	2	20 0 
 782	20	2	20 0 
 783	20	2	20 0 
 784	20	2	20 0 
 785	20	2	20 0 
 786	20	2	20 0 
 787	20	2	20 0 
 788	20	2	20 0 
 789	20	2	20 0 
 790	20	2	19 1 
 791	20	2	19 1 
 792	20	2	20 0 
 793	20	2	20 0 
 794	20	2	20 0 
 795	20	2	20 0 
 796	20	2	20 0 
 797	20	2	18 2 
 798	20	2	17 3 
 799	20	2	19 1 
 800	20	2	20 0 
 801	20	2	20 0 
 802	20	2	20 0 
 803	20	2	20 0 
 804	20	2	17 3 
 805	20	2	20 0 
 806	20	2	18 2 
 807	20	2	20 0 
 808	20	2	20 0 
 809	20	2	18 2 
 810	20	2	18 2 
 811	20	2	18 2 
 812	20	2	19 1 
 813	20	2	20 0 
 814	20	2	19 1 
 815	20	2	1 19 
 816	20	2	2 18 
 817	20	2	19 1 
 818	20	2	18 2 
 819	20	2	17 3 
 820	20	2	0 20 
 821	20	2	19 1 
 822	20	2	20 0 
 823	20	2	20 0 
 824	20	2	18 2 
 825	20	2	8 12 
 826	20	2	19 1 
 827	20	2	20 0 
 828	20	2	20 0 
 829	20	2	2 18 
 830	20	2	20 0 
 831	20	2	20 0 
 832	20	2	20 0 
 833	20	2	20 0 
 834	20	2	20 0 
 835	20	2	20 0 
 836	20	2	18 2 
 837	20	2	20 0 
 838	20	2	20 0 
 839	20	2	4 16 
 840	20	2	20 0 
 841	20	2	20 0 
 842	20	2	19 1 
 843	20	2	19 1 
 844	20	2	20 0 
 845	20	2	19 1 
 846	20	2	20 0 
 847	20	2	20 0 
 848	20	2	19 1 
 849	20	2	19 1 
 850	20	2	20 0 
 851	20	2	19 1 
 852	20	2	20 0 
 853	20	2	16 4 
 854	20	2	19 1 
 855	20	2	19 1 
 856	20	2	20 0 
 857	20	2	14 6 
 858	20	2	20 0 
 859	20	2	20 0 
 860	20	2	20 0 
 861	20	2	20 0 
 862	20	2	20 0 
 863	20	2	20 0 
 864	20	2	20 0 
 865	20	2	20 0 
 866	20	2	14 6 
 867	20	2	11 9 
 868	20	2	20 0 
 869	20	2	14 6 
 870	20	2	20 0 
 871	20	2	20 0 
 872	20	2	19 1 
 873	20	2	20 0 
 874	20	2	19 1 
 875	20	2	19 1 
 876	20	2	20 0 
 877	20	2	20 0 
 878	20	2	14 6 
 879	20	2	20 0 
 880	20	2	20 0 
 881	20	2	20 0 
 882	20	2	20 0 
 883	20	2	20 0 
 884	20	2	20 0 
 885	20	2	19 1 
 886	20	2	20 0 
 887	20	2	20 0 
 888	20	2	20 0 
 889	20	2	20 0 
 890	20	2	20 0 
 891	20	2	0 20 
 892	20	2	20 0 
 893	20	2	19 1 
 894	20	2	20 0 
 895	20	2	19 1 
 896	20	2	19 1 
 897	20	2	19 1 
 898	20	2	20 0 
 899	20	2	20 0 
 900	20	2	20 0 
 901	20	2	20 0 
 902	20	2	20 0 
 903	20	2	18 2 
 904	20	2	20 0 
 905	20	2	20 0 
 906	20	2	20 0 
 907	20	2	20 0 
 908	20	2	18 2 
 909	20	2	7 13 
 910	20	2	17 3 
 911	20	2	13 7 
 912	20	2	20 0 
 913	20	2	20 0 
 914	20	2	20 0 
 915	20	2	0 20 
 916	20	2	20 0 
 917	20	2	10 10 
 918	20	2	20 0 
 919	20	2	20 0 
 920	20	2	18 2 
 921	20	2	20 0 
 922	20	2	19 1 
 923	20	2	20 0 
 924	20	2	20 0 
 925	20	2	18 2 
 926	20	2	20 0 
 927	20	2	20 0 
 928	20	2	16 4 
 929	20	2	20 0 
 930	20	2	20 0 
 931	20	2	20 0 
 932	20	2	20 0 
 933	20	2	20 0 
 934	20	2	20 0 
 935	20	2	20 0 
 936	20	2	20 0 
 937	20	2	20 0 
 938	20	2	20 0 
 939	20	2	13 7 
 940	20	2	20 0 
 941	20	2	20 0 
 942	20	2	20 0 
 943	20	2	20 0 
 944	20	2	18 2 
 945	20	2	20 0 
 946	20	2	20 0 
 947	20	2	20 0 
 948	20	2	20 0 
 949	20	2	20 0 
 950	20	2	18 2 
 951	20	2	20 0 
 952	20	2	20 0 
 953	20	2	20 0 
 954	20	2	13 7 
 955	20	2	16 4 
 956	20	2	5 15 
 957	20	2	5 15 
 958	20	2	20 0 
 959	20	2	20 0 
 960	20	2	20 0 
 961	20	2	20 0 
 962	20	2	20 0 
 963	20	2	18 2 
 964	20	2	20 0 
 965	20	2	17 3 
 966	20	2	19 1 
 967	20	2	7 13 
 968	20	2	7 13 
 969	20	2	20 0 
 970	20	2	20 0 
 971	20	2	17 3 
 972	20	2	20 0 
 973	20	2	20 0 
 974	20	2	20 0 
 975	20	2	19 1 
 976	20	2	20 0 
 977	20	2	19 1 
 978	20	2	20 0 
 979	20	2	19 1 
 980	20	2	20 0 
 981	20	2	20 0 
 982	20	2	20 0 
 983	20	2	20 0 
 984	20	2	20 0 
 985	20	2	18 2 
 986	20	2	20 0 
 987	20	2	4 16 
 988	20	2	20 0 
 989	20	2	20 0 
 990	20	2	20 0 
 991	20	2	20 0 
 992	20	2	20 0 
 993	20	2	20 0 
 994	20	2	19 1 
 995	20	2	18 2 
 996	20	2	20 0 
 997	20	2	20 0 
 998	20	2	20 0 
 999	20	2	20 0 
 1000	20	2	20 0 
 1001	20	2	12 8 
 1002	20	2	20 0 
 1003	20	2	20 0 
 1004	20	2	18 2 
 1005	20	2	20 0 
 1006	20	2	20 0 
 1007	20	2	20 0 
 1008	20	2	14 6 
 1009	20	2	20 0 
 1010	20	2	20 0 
 1011	20	2	13 7 
 1012	20	2	18 2 
 1013	20	2	13 7 
 1014	20	2	13 7 
 1015	20	2	7 13 
 1016	20	2	18 2 
 1017	20	2	20 0 
 1018	20	2	8 12 
 1019	20	2	8 12 
 1020	20	2	19 1 
 1021	20	2	20 0 
 1022	20	2	20 0 
 1023	20	2	13 7 
 1024	20	2	7 13 
 1025	20	2	20 0 
 1026	20	2	20 0 
 1027	20	2	20 0 
 1028	20	2	20 0 
 1029	20	2	20 0 
 1030	20	2	13 7 
 1031	20	2	13 7 
 1032	20	2	5 15 
 1033	20	2	19 1 
 1034	20	2	13 7 
 1035	20	2	18 2 
 1036	20	2	19 1 
 1037	20	2	20 0 
 1038	20	2	2 18 
 1039	20	2	20 0 
 1040	20	2	4 16 
 1041	20	2	15 5 
 1042	20	2	20 0 
 1043	20	2	15 5 
 1044	20	2	13 7 
 1045	20	2	20 0 
 1046	20	2	17 3 
 1047	20	2	20 0 
 1048	20	2	14 6 
 1049	20	2	10 10 
 1050	20	2	20 0 
 1051	20	2	20 0 
 1052	20	2	19 1 
 1053	20	2	20 0 
 1054	20	2	20 0 
 1055	20	2	20 0 
 1056	20	2	20 0 
 1057	20	2	20 0 
 1058	20	2	20 0 
 1059	20	2	20 0 
 1060	20	2	20 0 
 1061	20	2	20 0 
 1062	20	2	20 0 
 1063	20	2	10 10 
 1064	20	2	20 0 
 1065	20	2	19 1 
 1066	20	2	20 0 
 1067	20	2	18 2 
 1068	20	2	20 0 
 1069	20	2	17 3 
 1070	20	2	18 2 
 1071	20	2	20 0 
 1072	20	2	20 0 
 1073	20	2	20 0 
 1074	20	2	20 0 
 1075	20	2	20 0 
 1076	20	2	20 0 
 1077	20	2	20 0 
 1078	20	2	19 1 
 1079	20	2	20 0 
 1080	20	2	20 0 
 1081	20	2	20 0 
 1082	20	2	17 3 
 1083	20	2	17 3 
 1084	20	2	19 1 
 1085	20	2	18 2 
 1086	20	2	20 0 
 1087	20	2	18 2 
 1088	20	2	14 6 
 1089	20	2	20 0 
 1090	20	2	19 1 
 1091	20	2	19 1 
 1092	20	2	19 1 
 1093	20	2	20 0 
 1094	20	2	20 0 
 1095	20	2	20 0 
 1096	20	2	20 0 
 1097	20	2	20 0 
 1098	20	2	20 0 
 1099	20	2	20 0 
 1100	20	2	20 0 
 1101	20	2	19 1 
 1102	20	2	20 0 
 1103	20	2	19 1 
 1104	20	2	20 0 
 1105	20	2	20 0 
 1106	20	2	19 1 
 1107	20	2	9 11 
 1108	20	2	11 9 
 1109	20	2	20 0 
 1110	20	2	20 0 
 1111	20	2	20 0 
 1112	20	2	20 0 
 1113	20	2	16 4 
 1114	20	2	20 0 
 1115	20	2	20 0 
 1116	20	2	19 1 
 1117	20	2	20 0 
 1118	20	2	20 0 
 1119	20	2	16 4 
 1120	20	2	20 0 
 1121	20	2	20 0 
 1122	20	2	20 0 
 1123	20	2	18 2 
 1124	20	2	6 14 
 1125	20	2	20 0 
 1126	20	2	20 0 
 1127	20	2	4 16 
 1128	20	2	19 1 
 1129	20	2	20 0 
 1130	20	2	8 12 
 1131	20	2	0 20 
 1132	20	2	20 0 
 1133	20	2	20 0 
 1134	20	2	18 2 
 1135	20	2	20 0 
 1136	20	2	20 0 
 1137	20	2	19 1 
 1138	20	2	19 1 
 1139	20	2	20 0 
 1140	20	2	16 4 
 1141	20	2	20 0 
 1142	20	2	20 0 
 1143	20	2	20 0 
 1144	20	2	20 0 
 1145	20	2	18 2 
 1146	20	2	20 0 
 1147	20	2	20 0 
 1148	20	2	20 0 
 1149	20	2	20 0 
 1150	20	2	20 0 
 1151	20	2	19 1 
 1152	20	2	20 0 
 1153	20	2	20 0 
 1154	20	2	17 3 
 1155	20	2	20 0 
 1156	20	2	19 1 
 1157	20	2	17 3 
 1158	20	2	20 0 
 1159	20	2	17 3 
 1160	20	2	20 0 
 1161	20	2	20 0 
 1162	20	2	20 0 
 1163	20	2	20 0 
 1164	20	2	20 0 
 1165	20	2	20 0 
 1166	20	2	20 0 
 1167	20	2	20 0 
 1168	20	2	20 0 
 1169	20	2	20 0 
 1170	20	2	20 0 
 1171	20	2	20 0 
 1172	20	2	20 0 
 1173	20	2	19 1 
 1174	20	2	18 2 
 1175	20	2	18 2 
 1176	20	2	20 0 
 1177	20	2	20 0 
 1178	20	2	20 0 
 1179	20	2	19 1 
 1180	20	2	20 0 
 1181	20	2	20 0 
 1182	20	2	20 0 
 1183	20	2	20 0 
 1184	20	2	19 1 
 1185	20	2	1 19 
 1186	20	2	18 2 
 1187	20	2	20 0 
 1188	20	2	7 13 
 1189	20	2	20 0 
 1190	20	2	20 0 
 1191	20	2	20 0 
 1192	20	2	18 2 
 1193	20	2	18 2 
 1194	20	2	20 0 
 1195	20	2	18 2 
 1196	20	2	20 0 
 1197	20	2	20 0 
 1198	20	2	19 1 
 1199	20	2	20 0 
 1200	20	2	20 0 
 1201	20	2	19 1 
 1202	20	2	20 0 
 1203	20	2	19 1 
 1204	20	2	9 11 
 1205	20	2	18 2 
 1206	20	2	18 2 
 1207	20	2	19 1 
 1208	20	2	9 11 
 1209	20	2	20 0 
 1210	20	2	19 1 
 1211	20	2	20 0 
 1212	20	2	20 0 
 1213	20	2	20 0 
 1214	20	2	20 0 
 1215	20	2	19 1 
 1216	20	2	20 0 
 1217	20	2	20 0 
 1218	20	2	20 0 
 1219	20	2	18 2 
 1220	20	2	20 0 
 1221	20	2	18 2 
 1222	20	2	20 0 
 1223	20	2	20 0 
 1224	20	2	20 0 
 1225	20	2	20 0 
 1226	20	2	20 0 
 1227	20	2	20 0 
 1228	20	2	20 0 
 1229	20	2	20 0 
 1230	20	2	18 2 
 1231	20	2	20 0 
 1232	20	2	20 0 
 1233	20	2	20 0 
 1234	20	2	19 1 
 1235	20	2	19 1 
 1236	20	2	20 0 
 1237	20	2	19 1 
 1238	20	2	16 4 
 1239	20	2	19 1 
 1240	20	2	20 0 
 1241	20	2	13 7 
 1242	20	2	20 0 
 1243	20	2	18 2 
 1244	20	2	11 9 
 1245	20	2	20 0 
 1246	20	2	7 13 
 1247	20	2	20 0 
 1248	20	2	20 0 
 1249	20	2	20 0 
 1250	20	2	20 0 
 1251	20	2	17 3 
 1252	20	2	19 1 
 1253	20	2	19 1 
 1254	20	2	19 1 
 1255	20	2	19 1 
 1256	20	2	20 0 
 1257	20	2	20 0 
 1258	20	2	19 1 
 1259	20	2	18 2 
 1260	20	2	17 3 
 1261	20	2	19 1 
 1262	20	2	19 1 
 1263	20	2	20 0 
 1264	20	2	19 1 
 1265	20	2	19 1 
 1266	20	2	19 1 
 1267	20	2	20 0 
 1268	20	2	19 1 
 1269	20	2	18 2 
 1270	20	2	18 2 
 1271	20	2	18 2 
 1272	20	2	18 2 
 1273	20	2	20 0 
 1274	20	2	18 2 
 1275	20	2	20 0 
 1276	20	2	19 1 
 1277	20	2	20 0 
 1278	20	2	20 0 
 1279	20	2	20 0 
 1280	20	2	20 0 
 1281	20	2	20 0 
 1282	20	2	20 0 
 1283	20	2	20 0 
 1284	20	2	20 0 
 1285	20	2	20 0 
 1286	20	2	3 17 
 1287	20	2	20 0 
 1288	20	2	12 8 
 1289	20	2	20 0 
 1290	20	2	19 1 
 1291	20	2	20 0 
 1292	20	2	8 12 
 1293	20	2	20 0 
 1294	20	2	20 0 
 1295	20	2	13 7 
 1296	20	2	20 0 
 1297	20	2	0 20 
 1298	20	2	20 0 
 1299	20	2	20 0 
 1300	20	2	20 0 
 1301	20	2	17 3 
 1302	20	2	20 0 
 1303	20	2	20 0 
 1304	20	2	18 2 
 1305	20	2	20 0 
 1306	20	2	20 0 
 1307	20	2	6 14 
 1308	20	2	20 0 
 1309	20	2	20 0 
 1310	20	2	20 0 
 1311	20	2	17 3 
 1312	20	2	20 0 
 1313	20	2	19 1 
 1314	20	2	14 6 
 1315	20	2	16 4 
 1316	20	2	20 0 
 1317	20	2	15 5 
 1318	20	2	20 0 
 1319	20	2	20 0 
 1320	20	2	16 4 
 1321	20	2	16 4 
 1322	20	2	19 1 
 1323	20	2	1 19 
 1324	20	2	20 0 
 1325	20	2	19 1 
 1326	20	2	20 0 
 1327	20	2	10 10 
 1328	20	2	10 10 
 1329	20	2	10 10 
 1330	20	2	20 0 
 1331	20	2	10 10 
 1332	20	2	10 10 
 1333	20	2	19 1 
 1334	20	2	20 0 
 1335	20	2	18 2 
 1336	20	2	20 0 
 1337	20	2	19 1 
 1338	20	2	20 0 
 1339	20	2	20 0 
 1340	20	2	18 2 
 1341	20	2	18 2 
 1342	20	2	20 0 
 1343	20	2	19 1 
 1344	20	2	20 0 
 1345	20	2	19 1 
 1346	20	2	19 1 
 1347	20	2	20 0 
 1348	20	2	20 0 
 1349	20	2	20 0 
 1350	20	2	6 14 
 1351	20	2	8 12 
 1352	20	2	8 12 
 1353	20	2	19 1 
 1354	20	2	19 1 
 1355	20	2	20 0 
 1356	20	2	20 0 
 1357	20	2	15 5 
 1358	20	2	19 1 
 1359	20	2	20 0 
 1360	20	2	18 2 
 1361	20	2	19 1 
 1362	20	2	20 0 
 1363	20	2	19 1 
 1364	20	2	20 0 
 1365	20	2	19 1 
 1366	20	2	20 0 
 1367	20	2	20 0 
 1368	20	2	19 1 
 1369	20	2	20 0 
 1370	20	2	19 1 
 1371	20	2	2 18 
 1372	20	2	10 10 
 1373	20	2	20 0 
 1374	20	2	20 0 
 1375	20	2	20 0 
 1376	20	2	20 0 
 1377	20	2	17 3 
 1378	20	2	20 0 
 1379	20	2	17 3 
 1380	20	2	20 0 
 1381	20	2	18 2 
 1382	20	2	20 0 
 1383	20	2	19 1 
 1384	20	2	19 1 
 1385	20	2	20 0 
 1386	20	2	20 0 
 1387	20	2	20 0 
 1388	20	2	20 0 
 1389	20	2	20 0 
 1390	20	2	20 0 
 1391	20	2	20 0 
 1392	20	2	6 14 
 1393	20	2	20 0 
 1394	20	2	6 14 
 1395	20	2	20 0 
 1396	20	2	20 0 
 1397	20	2	6 14 
 1398	20	2	0 20 
 1399	20	2	20 0 
 1400	20	2	9 11 
 1401	20	2	0 20 
 1402	20	2	18 2 
 1403	20	2	14 6 
 1404	20	2	20 0 
 1405	20	2	20 0 
 1406	20	2	15 5 
 1407	20	2	20 0 
 1408	20	2	20 0 
 1409	20	2	20 0 
 1410	20	2	20 0 
 1411	20	2	20 0 
 1412	20	2	20 0 
 1413	20	2	20 0 
 1414	20	2	20 0 
 1415	20	2	20 0 
 1416	20	2	20 0 
 1417	20	2	1 19 
 1418	20	2	20 0 
 1419	20	2	20 0 
 1420	20	2	19 1 
 1421	20	2	20 0 
 1422	20	2	0 20 
 1423	20	2	20 0 
 1424	20	2	20 0 
 1425	20	2	19 1 
 1426	20	2	20 0 
 1427	20	2	18 2 
 1428	20	2	19 1 
 1429	20	2	12 8 
 1430	20	2	20 0 
 1431	20	2	19 1 
 1432	20	2	20 0 
 1433	20	2	4 16 
 1434	20	2	20 0 
 1435	20	2	20 0 
 1436	20	2	2 18 
 1437	20	2	5 15 
 1438	20	2	11 9 
 1439	20	2	19 1 
 1440	20	2	12 8 
 1441	20	2	20 0 
 1442	20	2	18 2 
 1443	20	2	19 1 
 1444	20	2	18 2 
 1445	20	2	18 2 
 1446	20	2	12 8 
 1447	20	2	20 0 
 1448	20	2	12 8 
 1449	20	2	20 0 
 1450	20	2	19 1 
 1451	20	2	17 3 
 1452	20	2	18 2 
 1453	20	2	18 2 
 1454	20	2	20 0 
 1455	20	2	20 0 
 1456	20	2	20 0 
 1457	20	2	17 3 
 1458	20	2	20 0 
 1459	20	2	20 0 
 1460	20	2	19 1 
 1461	20	2	17 3 
 1462	20	2	12 8 
 1463	20	2	20 0 
 1464	20	2	12 8 
 1465	20	2	20 0 
 1466	20	2	20 0 
 1467	20	2	12 8 
 1468	20	2	18 2 
 1469	20	2	19 1 
 1470	20	2	19 1 
 1471	20	2	19 1 
 1472	20	2	17 3 
 1473	20	2	16 4 
 1474	20	2	19 1 
 1475	20	2	15 5 
 1476	20	2	19 1 
 1477	20	2	20 0 
 1478	20	2	20 0 
 1479	20	2	15 5 
 1480	20	2	19 1 
 1481	20	2	19 1 
 1482	20	2	20 0 
 1483	20	2	19 1 
 1484	20	2	19 1 
 1485	20	2	19 1 
 1486	20	2	19 1 
 1487	20	2	20 0 
 1488	20	2	20 0 
 1489	20	2	20 0 
 1490	20	2	20 0 
 1491	20	2	19 1 
 1492	20	2	19 1 
 1493	20	2	20 0 
 1494	20	2	20 0 
 1495	20	2	20 0 
 1496	20	2	10 10 
 1497	20	2	20 0 
 1498	20	2	19 1 
 1499	20	2	20 0 
 1500	20	2	20 0 
 1501	20	2	20 0 
 1502	20	2	20 0 
 1503	20	2	20 0 
 1504	20	2	20 0 
 1505	20	2	19 1 
 1506	20	2	20 0 
 1507	20	2	16 4 
 1508	20	2	1 19 
 1509	20	2	20 0 
 1510	20	2	10 10 
 1511	20	2	16 4 
 1512	20	2	16 4 
 1513	20	2	20 0 
 1514	20	2	16 4 
 1515	20	2	16 4 
 1516	20	2	20 0 
 1517	20	2	16 4 
 1518	20	2	14 6 
 1519	20	2	20 0 
 1520	20	2	20 0 
 1521	20	2	20 0 
 1522	20	2	18 2 
 1523	20	2	20 0 
 1524	20	2	5 15 
 1525	20	2	15 5 
 1526	20	2	17 3 
 1527	20	2	17 3 
 1528	20	2	17 3 
 1529	20	2	17 3 
 1530	20	2	18 2 
 1531	20	2	20 0 
 1532	20	2	20 0 
 1533	20	2	7 13 
 1534	20	2	13 7 
 1535	20	2	13 7 
 1536	20	2	20 0 
 1537	20	2	20 0 
 1538	20	2	20 0 
 1539	20	2	20 0 
 1540	20	2	20 0 
 1541	20	2	17 3 
 1542	20	2	19 1 
 1543	20	2	19 1 
 1544	20	2	18 2 
 1545	20	2	20 0 
 1546	20	2	17 3 
 1547	20	2	17 3 
 1548	20	2	17 3 
 1549	20	2	17 3 
 1550	20	2	20 0 
 1551	20	2	17 3 
 1552	20	2	0 20 
 1553	20	2	20 0 
 1554	20	2	20 0 
 1555	20	2	20 0 
 1556	20	2	18 2 
 1557	20	2	20 0 
 1558	20	2	18 2 
 1559	20	2	15 5 
 1560	20	2	5 15 
 1561	20	2	20 0 
 1562	20	2	20 0 
 1563	20	2	19 1 
 1564	20	2	20 0 
 1565	20	2	19 1 
 1566	20	2	20 0 
 1567	20	2	20 0 
 1568	20	2	19 1 
 1569	20	2	18 2 
 1570	20	2	20 0 
 1571	20	2	7 13 
 1572	20	2	20 0 
 1573	20	2	20 0 
 1574	20	2	17 3 
 1575	20	2	19 1 
 1576	20	2	20 0 
 1577	20	2	20 0 
 1578	20	2	20 0 
 1579	20	2	20 0 
 1580	20	2	20 0 
 1581	20	2	20 0 
 1582	20	2	18 2 
 1583	20	2	18 2 
 1584	20	2	18 2 
 1585	20	2	18 2 
 1586	20	2	18 2 
 1587	20	2	18 2 
 1588	20	2	20 0 
 1589	20	2	20 0 
 1590	20	2	10 10 
 1591	20	2	20 0 
 1592	20	2	20 0 
 1593	20	2	20 0 
 1594	20	2	20 0 
 1595	20	2	20 0 
 1596	20	2	20 0 
 1597	20	2	20 0 
 1598	20	2	20 0 
 1599	20	2	20 0 
 1600	20	2	20 0 
 1601	20	2	15 5 
 1602	20	2	19 1 
 1603	20	2	5 15 
 1604	20	2	20 0 
 1605	20	2	10 10 
 1606	20	2	20 0 
 1607	20	2	18 2 
 1608	20	2	20 0 
 1609	20	2	19 1 
 1610	20	2	20 0 
 1611	20	2	20 0 
 1612	20	2	20 0 
 1613	20	2	20 0 
 1614	20	2	20 0 
 1615	20	2	17 3 
 1616	20	2	15 5 
 1617	20	2	20 0 
 1618	20	2	19 1 
 1619	20	2	18 2 
 1620	20	2	18 2 
 1621	20	2	11 9 
 1622	20	2	15 5 
 1623	20	2	16 4 
 1624	20	2	11 9 
 1625	20	2	16 4 
 1626	20	2	16 4 
 1627	20	2	20 0 
 1628	20	2	20 0 
 1629	20	2	14 6 
 1630	20	2	20 0 
 1631	20	2	18 2 
 1632	20	2	20 0 
 1633	20	2	16 4 
 1634	20	2	16 4 
 1635	20	2	7 13 
 1636	20	2	20 0 
 1637	20	2	20 0 
 1638	20	2	20 0 
 1639	20	2	19 1 
 1640	20	2	18 2 
 1641	20	2	20 0 
 1642	20	2	20 0 
 1643	20	2	20 0 
 1644	20	2	20 0 
 1645	20	2	20 0 
 1646	20	2	14 6 
 1647	20	2	20 0 
 1648	20	2	14 6 
 1649	20	2	20 0 
 1650	20	2	14 6 
 1651	20	2	20 0 
 1652	20	2	20 0 
 1653	20	2	16 4 
 1654	20	2	19 1 
 1655	20	2	3 17 
 1656	20	2	20 0 
 1657	20	2	20 0 
 1658	20	2	18 2 
 1659	20	2	10 10 
 1660	20	2	18 2 
 1661	20	2	20 0 
 1662	20	2	20 0 
 1663	20	2	5 15 
 1664	20	2	20 0 
 1665	20	2	19 1 
 1666	20	2	20 0 
 1667	20	2	20 0 
 1668	20	2	20 0 
 1669	20	2	20 0 
 1670	20	2	20 0 
 1671	20	2	20 0 
 1672	20	2	20 0 
 1673	20	2	19 1 
 1674	20	2	20 0 
 1675	20	2	20 0 
 1676	20	2	20 0 
 1677	20	2	20 0 
 1678	20	2	19 1 
 1679	20	2	20 0 
 1680	20	2	16 4 
 1681	20	2	12 8 
 1682	20	2	18 2 
 1683	20	2	5 15 
 1684	20	2	20 0 
 1685	20	2	20 0 
 1686	20	2	20 0 
 1687	20	2	17 3 
 1688	20	2	20 0 
 1689	20	2	20 0 
 1690	20	2	17 3 
 1691	20	2	17 3 
 1692	20	2	13 7 
 1693	20	2	20 0 
 1694	20	2	20 0 
 1695	20	2	20 0 
 1696	20	2	20 0 
 1697	20	2	20 0 
 1698	20	2	16 4 
 1699	20	2	16 4 
 1700	20	2	12 8 
 1701	20	2	20 0 
 1702	20	2	17 3 
 1703	20	2	20 0 
 1704	20	2	20 0 
 1705	20	2	15 5 
 1706	20	2	20 0 
 1707	20	2	20 0 
 1708	20	2	19 1 
 1709	20	2	20 0 
 1710	20	2	4 16 
 1711	20	2	13 7 
 1712	20	2	17 3 
 1713	20	2	20 0 
 1714	20	2	17 3 
 1715	20	2	20 0 
 1716	20	2	18 2 
 1717	20	2	20 0 
 1718	20	2	1 19 
 1719	20	2	20 0 
 1720	20	2	19 1 
 1721	20	2	1 19 
 1722	20	2	20 0 
 1723	20	2	20 0 
 1724	20	2	20 0 
 1725	20	2	17 3 
 1726	20	2	20 0 
 1727	20	2	19 1 
 1728	20	2	20 0 
 1729	20	2	20 0 
 1730	20	2	20 0 
 1731	20	2	20 0 
 1732	20	2	15 5 
 1733	20	2	16 4 
 1734	20	2	17 3 
 1735	20	2	19 1 
 1736	20	2	20 0 
 1737	20	2	18 2 
 1738	20	2	19 1 
 1739	20	2	20 0 
 1740	20	2	20 0 
 1741	20	2	15 5 
 1742	20	2	16 4 
 1743	20	2	17 3 
 1744	20	2	19 1 
 1745	20	2	20 0 
 1746	20	2	15 5 
 1747	20	2	20 0 
 1748	20	2	20 0 
 1749	20	2	20 0 
 1750	20	2	17 3 
 1751	20	2	20 0 
 1752	20	2	20 0 
 1753	20	2	20 0 
 1754	20	2	20 0 
 1755	20	2	18 2 
 1756	20	2	19 1 
 1757	20	2	19 1 
 1758	20	2	19 1 
 1759	20	2	20 0 
 1760	20	2	20 0 
 1761	20	2	14 6 
 1762	20	2	20 0 
 1763	20	2	11 9 
 1764	20	2	20 0 
 1765	20	2	20 0 
 1766	20	2	20 0 
 1767	20	2	19 1 
 1768	20	2	20 0 
 1769	20	2	15 5 
 1770	20	2	15 5 
 1771	20	2	20 0 
 1772	20	2	20 0 
 1773	20	2	20 0 
 1774	20	2	19 1 
 1775	20	2	20 0 
 1776	20	2	19 1 
 1777	20	2	20 0 
 1778	20	2	20 0 
 1779	20	2	19 1 
 1780	20	2	20 0 
 1781	20	2	19 1 
 1782	20	2	14 6 
 1783	20	2	20 0 
 1784	20	2	20 0 
 1785	20	2	20 0 
 1786	20	2	20 0 
 1787	20	2	20 0 
 1788	20	2	20 0 
 1789	20	2	19 1 
 1790	20	2	20 0 
 1791	20	2	19 1 
 1792	20	2	20 0 
 1793	20	2	18 2 
 1794	20	2	4 16 
 1795	20	2	1 19 
 1796	20	2	0 20 
 1797	20	2	1 19 
 1798	20	2	1 19 
 1799	20	2	20 0 
 1800	20	2	20 0 
 1801	20	2	19 1 
 1802	20	2	18 2 
 1803	20	2	18 2 
 1804	20	2	1 19 
 1805	20	2	20 0 
 1806	20	2	20 0 
 1807	20	2	13 7 
 1808	20	2	20 0 
 1809	20	2	20 0 
 1810	20	2	20 0 
 1811	20	2	20 0 
 1812	20	2	20 0 
 1813	20	2	20 0 
 1814	20	2	18 2 
 1815	20	2	20 0 
 1816	20	2	13 7 
 1817	20	2	19 1 
 1818	20	2	20 0 
 1819	20	2	20 0 
 1820	20	2	19 1 
 1821	20	2	20 0 
 1822	20	2	19 1 
 1823	20	2	20 0 
 1824	20	2	19 1 
 1825	20	2	20 0 
 1826	20	2	17 3 
 1827	20	2	20 0 
 1828	20	2	13 7 
 1829	20	2	20 0 
 1830	20	2	16 4 
 1831	20	2	20 0 
 1832	20	2	20 0 
 1833	20	2	20 0 
 1834	20	2	10 10 
 1835	20	2	8 12 
 1836	20	2	20 0 
 1837	20	2	20 0 
 1838	20	2	18 2 
 1839	20	2	20 0 
 1840	20	2	20 0 
 1841	20	2	18 2 
 1842	20	2	20 0 
 1843	20	2	20 0 
 1844	20	2	16 4 
 1845	20	2	16 4 
 1846	20	2	16 4 
 1847	20	2	20 0 
 1848	20	2	20 0 
 1849	20	2	20 0 
 1850	20	2	20 0 
 1851	20	2	20 0 
 1852	20	2	20 0 
 1853	20	2	20 0 
 1854	20	2	20 0 
 1855	20	2	12 8 
 1856	20	2	18 2 
 1857	20	2	5 15 
 1858	20	2	20 0 
 1859	20	2	20 0 
 1860	20	2	20 0 
 1861	20	2	20 0 
 1862	20	2	19 1 
 1863	20	2	19 1 
 1864	20	2	2 18 
 1865	20	2	20 0 
 1866	20	2	19 1 
 1867	20	2	20 0 
 1868	20	2	20 0 
 1869	20	2	9 11 
 1870	20	2	20 0 
 1871	20	2	7 13 
 1872	20	2	11 9 
 1873	20	2	20 0 
 1874	20	2	20 0 
 1875	20	2	20 0 
 1876	20	2	9 11 
 1877	20	2	19 1 
 1878	20	2	20 0 
 1879	20	2	5 15 
 1880	20	2	19 1 
 1881	20	2	20 0 
 1882	20	2	18 2 
 1883	20	2	20 0 
 1884	20	2	20 0 
 1885	20	2	20 0 
 1886	20	2	20 0 
 1887	20	2	20 0 
 1888	20	2	20 0 
 1889	20	2	19 1 
 1890	20	2	20 0 
 1891	20	2	18 2 
 1892	20	2	20 0 
 1893	20	2	8 12 
 1894	20	2	19 1 
 1895	20	2	17 3 
 1896	20	2	19 1 
 1897	20	2	20 0 
 1898	20	2	20 0 
 1899	20	2	20 0 
 1900	20	2	19 1 
 1901	20	2	20 0 
 1902	20	2	1 19 
 1903	20	2	19 1 
 1904	20	2	17 3 
 1905	20	2	19 1 
 1906	20	2	19 1 
 1907	20	2	20 0 
 1908	20	2	15 5 
 1909	20	2	20 0 
 1910	20	2	15 5 
 1911	20	2	19 1 
 1912	20	2	20 0 
 1913	20	2	8 12 
 1914	20	2	20 0 
 1915	20	2	19 1 
 1916	20	2	20 0 
 1917	20	2	20 0 
 1918	20	2	19 1 
 1919	20	2	10 10 
 1920	20	2	18 2 
 1921	20	2	6 14 
 1922	20	2	19 1 
 1923	20	2	19 1 
 1924	20	2	19 1 
 1925	20	2	18 2 
 1926	20	2	20 0 
 1927	20	2	20 0 
 1928	20	2	10 10 
 1929	20	2	10 10 
 1930	20	2	8 12 
 1931	20	2	20 0 
 1932	20	2	20 0 
 1933	20	2	20 0 
 1934	20	2	19 1 
 1935	20	2	20 0 
 1936	20	2	20 0 
 1937	20	2	20 0 
 1938	20	2	20 0 
 1939	20	2	20 0 
 1940	20	2	20 0 
 1941	20	2	15 5 
 1942	20	2	18 2 
 1943	20	2	5 15 
 1944	20	2	20 0 
 1945	20	2	6 14 
 1946	20	2	6 14 
 1947	20	2	20 0 
 1948	20	2	2 18 
 1949	20	2	20 0 
 1950	20	2	20 0 
 1951	20	2	19 1 
 1952	20	2	5 15 
 1953	20	2	19 1 
 1954	20	2	18 2 
 1955	20	2	20 0 
 1956	20	2	20 0 
 1957	20	2	20 0 
 1958	20	2	20 0 
 1959	20	2	20 0 
 1960	20	2	20 0 
 1961	20	2	19 1 
 1962	20	2	20 0 
 1963	20	2	20 0 
 1964	20	2	19 1 
 1965	20	2	20 0 
 1966	20	2	17 3 
 1967	20	2	16 4 
 1968	20	2	4 16 
 1969	20	2	4 16 
 1970	20	2	20 0 
 1971	20	2	20 0 
 1972	20	2	16 4 
 1973	20	2	20 0 
 1974	20	2	20 0 
 1975	20	2	19 1 
 1976	20	2	20 0 
 1977	20	2	17 3 
 1978	20	2	20 0 
 1979	20	2	19 1 
 1980	20	2	20 0 
 1981	20	2	20 0 
 1982	20	2	20 0 
 1983	20	2	20 0 
 1984	20	2	20 0 
 1985	20	2	20 0 
 1986	20	2	20 0 
 1987	20	2	20 0 
 1988	20	2	20 0 
 1989	20	2	20 0 
 1990	20	2	20 0 
 1991	20	2	20 0 
 1992	20	2	20 0 
 1993	20	2	18 2 
 1994	20	2	18 2 
 1995	20	2	18 2 
 1996	20	2	20 0 
 1997	20	2	20 0 
 1998	20	2	20 0 
 1999	20	2	20 0 
 2000	20	2	0 20 
 2001	20	2	20 0 
 2002	20	2	18 2 
 2003	20	2	17 3 
 2004	20	2	18 2 
 2005	20	2	19 1 
 2006	20	2	20 0 
 2007	20	2	19 1 
 2008	20	2	20 0 
 2009	20	2	20 0 
 2010	20	2	20 0 
 2011	20	2	11 9 
 2012	20	2	20 0 
 2013	20	2	9 11 
 2014	20	2	15 5 
 2015	20	2	20 0 
 2016	20	2	5 15 
 2017	20	2	9 11 
 2018	20	2	18 2 
 2019	20	2	20 0 
 2020	20	2	20 0 
 2021	20	2	16 4 
 2022	20	2	18 2 
 2023	20	2	20 0 
 2024	20	2	3 17 
 2025	20	2	16 4 
 2026	20	2	20 0 
 2027	20	2	16 4 
 2028	20	2	16 4 
 2029	20	2	18 2 
 2030	20	2	16 4 
 2031	20	2	2 18 
 2032	20	2	20 0 
 2033	20	2	20 0 
 2034	20	2	19 1 
 2035	20	2	20 0 
 2036	20	2	19 1 
 2037	20	2	12 8 
 2038	20	2	19 1 
 2039	20	2	17 3 
 2040	20	2	18 2 
 2041	20	2	20 0 
 2042	20	2	11 9 
 2043	20	2	17 3 
 2044	20	2	16 4 
 2045	20	2	20 0 
 2046	20	2	19 1 
 2047	20	2	20 0 
 2048	20	2	13 7 
 2049	20	2	20 0 
 2050	20	2	19 1 
 2051	20	2	20 0 
 2052	20	2	3 17 
 2053	20	2	20 0 
 2054	20	2	19 1 
 2055	20	2	20 0 
 2056	20	2	19 1 
 2057	20	2	19 1 
 2058	20	2	19 1 
 2059	20	2	20 0 
 2060	20	2	19 1 
 2061	20	2	20 0 
 2062	20	2	19 1 
 2063	20	2	19 1 
 2064	20	2	19 1 
 2065	20	2	19 1 
 2066	20	2	16 4 
 2067	20	2	20 0 
 2068	20	2	20 0 
 2069	20	2	18 2 
 2070	20	2	20 0 
 2071	20	2	20 0 
 2072	20	2	20 0 
 2073	20	2	20 0 
 2074	20	2	19 1 
 2075	20	2	19 1 
 2076	20	2	19 1 
 2077	20	2	20 0 
 2078	20	2	20 0 
 2079	20	2	10 10 
 2080	20	2	19 1 
 2081	20	2	20 0 
 2082	20	2	19 1 
 2083	20	2	18 2 
 2084	20	2	19 1 
 2085	20	2	17 3 
 2086	20	2	20 0 
 2087	20	2	20 0 
 2088	20	2	17 3 
 2089	20	2	18 2 
 2090	20	2	20 0 
 2091	20	2	20 0 
 2092	20	2	20 0 
 2093	20	2	14 6 
 2094	20	2	20 0 
 2095	20	2	19 1 
 2096	20	2	15 5 
 2097	20	2	20 0 
 2098	20	2	20 0 
 2099	20	2	14 6 
 2100	20	2	8 12 
 2101	20	2	20 0 
 2102	20	2	20 0 
 2103	20	2	8 12 
 2104	20	2	20 0 
 2105	20	2	20 0 
 2106	20	2	8 12 
 2107	20	2	20 0 
 2108	20	2	8 12 
 2109	20	2	20 0 
 2110	20	2	12 8 
 2111	20	2	19 1 
 2112	20	2	20 0 
 2113	20	2	20 0 
 2114	20	2	20 0 
 2115	20	2	19 1 
 2116	20	2	20 0 
 2117	20	2	20 0 
 2118	20	2	20 0 
 2119	20	2	20 0 
 2120	20	2	18 2 
 2121	20	2	19 1 
 2122	20	2	20 0 
 2123	20	2	20 0 
 2124	20	2	9 11 
 2125	20	2	9 11 
 2126	20	2	20 0 
 2127	20	2	11 9 
 2128	20	2	20 0 
 2129	20	2	13 7 
 2130	20	2	18 2 
 2131	20	2	13 7 
 2132	20	2	18 2 
 2133	20	2	17 3 
 2134	20	2	20 0 
 2135	20	2	20 0 
 2136	20	2	19 1 
 2137	20	2	20 0 
 2138	20	2	20 0 
 2139	20	2	20 0 
 2140	20	2	20 0 
 2141	20	2	20 0 
 2142	20	2	20 0 
 2143	20	2	20 0 
 2144	20	2	20 0 
 2145	20	2	19 1 
 2146	20	2	20 0 
 2147	20	2	20 0 
 2148	20	2	3 17 
 2149	20	2	18 2 
 2150	20	2	20 0 
 2151	20	2	20 0 
 2152	20	2	8 12 
 2153	20	2	12 8 
 2154	20	2	20 0 
 2155	20	2	20 0 
 2156	20	2	20 0 
 2157	20	2	18 2 
 2158	20	2	18 2 
 2159	20	2	11 9 
 2160	20	2	20 0 
 2161	20	2	15 5 
 2162	20	2	20 0 
 2163	20	2	11 9 
 2164	20	2	20 0 
 2165	20	2	20 0 
 2166	20	2	20 0 
 2167	20	2	20 0 
 2168	20	2	2 18 
 2169	20	2	2 18 
 2170	20	2	2 18 
 2171	20	2	20 0 
 2172	20	2	2 18 
 2173	20	2	12 8 
 2174	20	2	20 0 
 2175	20	2	19 1 
 2176	20	2	12 8 
 2177	20	2	20 0 
 2178	20	2	20 0 
 2179	20	2	20 0 
 2180	20	2	20 0 
 2181	20	2	20 0 
 2182	20	2	20 0 
 2183	20	2	20 0 
 2184	20	2	18 2 
 2185	20	2	18 2 
 2186	20	2	19 1 
 2187	20	2	5 15 
 2188	20	2	19 1 
 2189	20	2	19 1 
 2190	20	2	20 0 
 2191	20	2	19 1 
 2192	20	2	19 1 
 2193	20	2	19 1 
 2194	20	2	18 2 
 2195	20	2	18 2 
 2196	20	2	20 0 
 2197	20	2	10 10 
 2198	20	2	19 1 
 2199	20	2	20 0 
 2200	20	2	18 2 
 2201	20	2	20 0 
 2202	20	2	20 0 
 2203	20	2	19 1 
 2204	20	2	19 1 
 2205	20	2	19 1 
 2206	20	2	19 1 
 2207	20	2	13 7 
 2208	20	2	19 1 
 2209	20	2	14 6 
 2210	20	2	17 3 
 2211	20	2	20 0 
 2212	20	2	20 0 
 2213	20	2	20 0 
 2214	20	2	10 10 
 2215	20	2	16 4 
 2216	20	2	20 0 
 2217	20	2	20 0 
 2218	20	2	7 13 
 2219	20	2	20 0 
 2220	20	2	20 0 
 2221	20	2	20 0 
 2222	20	2	19 1 
 2223	20	2	20 0 
 2224	20	2	20 0 
 2225	20	2	16 4 
 2226	20	2	18 2 
 2227	20	2	20 0 
 2228	20	2	20 0 
 2229	20	2	20 0 
 2230	20	2	20 0 
 2231	20	2	20 0 
 2232	20	2	1 19 
 2233	20	2	20 0 
 2234	20	2	20 0 
 2235	20	2	20 0 
 2236	20	2	18 2 
 2237	20	2	18 2 
 2238	20	2	15 5 
 2239	20	2	17 3 
 2240	20	2	18 2 
 2241	20	2	20 0 
 2242	20	2	20 0 
 2243	20	2	20 0 
 2244	20	2	20 0 
 2245	20	2	20 0 
 2246	20	2	20 0 
 2247	20	2	20 0 
 2248	20	2	20 0 
 2249	20	2	7 13 
 2250	20	2	20 0 
 2251	20	2	19 1 
 2252	20	2	20 0 
 2253	20	2	20 0 
 2254	20	2	19 1 
 2255	20	2	19 1 
 2256	20	2	20 0 
 2257	20	2	19 1 
 2258	20	2	19 1 
 2259	20	2	19 1 
 2260	20	2	20 0 
 2261	20	2	19 1 
 2262	20	2	20 0 
 2263	20	2	17 3 
 2264	20	2	20 0 
 2265	20	2	20 0 
 2266	20	2	17 3 
 2267	20	2	20 0 
 2268	20	2	19 1 
 2269	20	2	20 0 
 2270	20	2	20 0 
 2271	20	2	20 0 
 2272	20	2	19 1 
 2273	20	2	18 2 
 2274	20	2	18 2 
 2275	20	2	19 1 
 2276	20	2	20 0 
 2277	20	2	18 2 
 2278	20	2	17 3 
 2279	20	2	19 1 
 2280	20	2	20 0 
 2281	20	2	13 7 
 2282	20	2	20 0 
 2283	20	2	20 0 
 2284	20	2	20 0 
 2285	20	2	13 7 
 2286	20	2	20 0 
 2287	20	2	20 0 
 2288	20	2	20 0 
 2289	20	2	20 0 
 2290	20	2	20 0 
 2291	20	2	20 0 
 2292	20	2	20 0 
 2293	20	2	20 0 
 2294	20	2	19 1 
 2295	20	2	19 1 
 2296	20	2	20 0 
 2297	20	2	19 1 
 2298	20	2	19 1 
 2299	20	2	19 1 
 2300	20	2	18 2 
 2301	20	2	20 0 
 2302	20	2	20 0 
 2303	20	2	20 0 
 2304	20	2	19 1 
 2305	20	2	20 0 
 2306	20	2	20 0 
 2307	20	2	12 8 
 2308	20	2	20 0 
 2309	20	2	20 0 
 2310	20	2	20 0 
 2311	20	2	20 0 
 2312	20	2	20 0 
 2313	20	2	20 0 
 2314	20	2	15 5 
 2315	20	2	20 0 
 2316	20	2	19 1 
 2317	20	2	20 0 
 2318	20	2	19 1 
 2319	20	2	19 1 
 2320	20	2	20 0 
 2321	20	2	20 0 
 2322	20	2	15 5 
 2323	20	2	20 0 
 2324	20	2	20 0 
 2325	20	2	10 10 
 2326	20	2	20 0 
 2327	20	2	6 14 
 2328	20	2	18 2 
 2329	20	2	20 0 
 2330	20	2	20 0 
 2331	20	2	17 3 
 2332	20	2	15 5 
 2333	20	2	6 14 
 2334	20	2	20 0 
 2335	20	2	20 0 
 2336	20	2	1 19 
 2337	20	2	20 0 
 2338	20	2	20 0 
 2339	20	2	20 0 
 2340	20	2	20 0 
 2341	20	2	20 0 
 2342	20	2	20 0 
 2343	20	2	20 0 
 2344	20	2	20 0 
 2345	20	2	19 1 
 2346	20	2	20 0 
 2347	20	2	20 0 
 2348	20	2	20 0 
 2349	20	2	19 1 
 2350	20	2	20 0 
 2351	20	2	20 0 
 2352	20	2	20 0 
 2353	20	2	20 0 
 2354	20	2	20 0 
 2355	20	2	20 0 
 2356	20	2	18 2 
 2357	20	2	19 1 
 2358	20	2	20 0 
 2359	20	2	20 0 
 2360	20	2	20 0 
 2361	20	2	0 20 
 2362	20	2	20 0 
 2363	20	2	17 3 
 2364	20	2	11 9 
 2365	20	2	16 4 
 2366	20	2	20 0 
 2367	20	2	20 0 
 2368	20	2	20 0 
 2369	20	2	20 0 
 2370	20	2	20 0 
 2371	20	2	19 1 
 2372	20	2	19 1 
 2373	20	2	19 1 
 2374	20	2	19 1 
 2375	20	2	19 1 
 2376	20	2	19 1 
 2377	20	2	19 1 
 2378	20	2	20 0 
 2379	20	2	20 0 
 2380	20	2	20 0 
 2381	20	2	20 0 
 2382	20	2	19 1 
 2383	20	2	2 18 
 2384	20	2	19 1 
 2385	20	2	20 0 
 2386	20	2	20 0 
 2387	20	2	20 0 
 2388	20	2	20 0 
 2389	20	2	20 0 
 2390	20	2	17 3 
 2391	20	2	19 1 
 2392	20	2	16 4 
 2393	20	2	17 3 
 2394	20	2	20 0 
 2395	20	2	19 1 
 2396	20	2	18 2 
 2397	20	2	20 0 
 2398	20	2	20 0 
 2399	20	2	18 2 
 2400	20	2	18 2 
 2401	20	2	15 5 
 2402	20	2	20 0 
 2403	20	2	4 16 
 2404	20	2	20 0 
 2405	20	2	19 1 
 2406	20	2	20 0 
 2407	20	2	20 0 
 2408	20	2	18 2 
 2409	20	2	20 0 
 2410	20	2	20 0 
 2411	20	2	19 1 
 2412	20	2	20 0 
 2413	20	2	12 8 
 2414	20	2	12 8 
 2415	20	2	16 4 
 2416	20	2	20 0 
 2417	20	2	20 0 
 2418	20	2	1 19 
 2419	20	2	20 0 
 2420	20	2	20 0 
 2421	20	2	1 19 
 2422	20	2	20 0 
 2423	20	2	15 5 
 2424	20	2	16 4 
 2425	20	2	18 2 
 2426	20	2	20 0 
 2427	20	2	19 1 
 2428	20	2	15 5 
 2429	20	2	20 0 
 2430	20	2	20 0 
 2431	20	2	14 6 
 2432	20	2	19 1 
 2433	20	2	6 14 
 2434	20	2	19 1 
 2435	20	2	19 1 
 2436	20	2	20 0 
 2437	20	2	20 0 
 2438	20	2	8 12 
 2439	20	2	20 0 
 2440	20	2	19 1 
 2441	20	2	6 14 
 2442	20	2	19 1 
 2443	20	2	19 1 
 2444	20	2	20 0 
 2445	20	2	20 0 
 2446	20	2	20 0 
 2447	20	2	20 0 
 2448	20	2	20 0 
 2449	20	2	19 1 
 2450	20	2	19 1 
 2451	20	2	20 0 
 2452	20	2	20 0 
 2453	20	2	20 0 
 2454	20	2	20 0 
 2455	20	2	20 0 
 2456	20	2	19 1 
 2457	20	2	20 0 
 2458	20	2	19 1 
 2459	20	2	3 17 
 2460	20	2	10 10 
 2461	20	2	10 10 
 2462	20	2	13 7 
 2463	20	2	3 17 
 2464	20	2	10 10 
 2465	20	2	17 3 
 2466	20	2	15 5 
 2467	20	2	20 0 
 2468	20	2	18 2 
 2469	20	2	19 1 
 2470	20	2	19 1 
 2471	20	2	19 1 
 2472	20	2	16 4 
 2473	20	2	15 5 
 2474	20	2	19 1 
 2475	20	2	6 14 
 2476	20	2	15 5 
 2477	20	2	15 5 
 2478	20	2	20 0 
 2479	20	2	20 0 
 2480	20	2	20 0 
 2481	20	2	20 0 
 2482	20	2	20 0 
 2483	20	2	19 1 
 2484	20	2	11 9 
 2485	20	2	17 3 
 2486	20	2	20 0 
 2487	20	2	20 0 
 2488	20	2	20 0 
 2489	20	2	20 0 
 2490	20	2	20 0 
 2491	20	2	20 0 
 2492	20	2	20 0 
 2493	20	2	20 0 
 2494	20	2	20 0 
 2495	20	2	20 0 
 2496	20	2	20 0 
 2497	20	2	19 1 
 2498	20	2	12 8 
 2499	20	2	17 3 
 2500	20	2	19 1 
 2501	20	2	19 1 
 2502	20	2	18 2 
 2503	20	2	18 2 
 2504	20	2	20 0 
 2505	20	2	17 3 
 2506	20	2	20 0 
 2507	20	2	17 3 
 2508	20	2	20 0 
 2509	20	2	20 0 
 2510	20	2	20 0 
 2511	20	2	18 2 
 2512	20	2	20 0 
 2513	20	2	10 10 
 2514	20	2	20 0 
 2515	20	2	20 0 
 2516	20	2	20 0 
 2517	20	2	20 0 
 2518	20	2	19 1 
 2519	20	2	20 0 
 2520	20	2	20 0 
 2521	20	2	20 0 
 2522	20	2	20 0 
 2523	20	2	20 0 
 2524	20	2	20 0 
 2525	20	2	20 0 
 2526	20	2	20 0 
 2527	20	2	20 0 
 2528	20	2	17 3 
 2529	20	2	20 0 
 2530	20	2	17 3 
 2531	20	2	17 3 
 2532	20	2	17 3 
 2533	20	2	19 1 
 2534	20	2	17 3 
 2535	20	2	17 3 
 2536	20	2	19 1 
 2537	20	2	19 1 
 2538	20	2	20 0 
 2539	20	2	20 0 
 2540	20	2	20 0 
 2541	20	2	20 0 
 2542	20	2	20 0 
 2543	20	2	20 0 
 2544	20	2	20 0 
 2545	20	2	20 0 
 2546	20	2	20 0 
 2547	20	2	20 0 
 2548	20	2	20 0 
 2549	20	2	20 0 
 2550	20	2	20 0 
 2551	20	2	20 0 
 2552	20	2	20 0 
 2553	20	2	20 0 
 2554	20	2	20 0 
 2555	20	2	19 1 
 2556	20	2	18 2 
 2557	20	2	20 0 
 2558	20	2	18 2 
 2559	20	2	18 2 
 2560	20	2	20 0 
 2561	20	2	4 16 
 2562	20	2	2 18 
 2563	20	2	2 18 
 2564	20	2	19 1 
 2565	20	2	20 0 
 2566	20	2	18 2 
 2567	20	2	14 6 
 2568	20	2	19 1 
 2569	20	2	20 0 
 2570	20	2	20 0 
 2571	20	2	20 0 
 2572	20	2	17 3 
 2573	20	2	20 0 
 2574	20	2	20 0 
 2575	20	2	20 0 
 2576	20	2	19 1 
 2577	20	2	20 0 
 2578	20	2	20 0 
 2579	20	2	20 0 
 2580	20	2	20 0 
 2581	20	2	20 0 
 2582	20	2	20 0 
 2583	20	2	20 0 
 2584	20	2	20 0 
 2585	20	2	20 0 
 2586	20	2	20 0 
 2587	20	2	20 0 
 2588	20	2	20 0 
 2589	20	2	16 4 
 2590	20	2	20 0 
 2591	20	2	16 4 
 2592	20	2	16 4 
 2593	20	2	19 1 
 2594	20	2	20 0 
 2595	20	2	20 0 
 2596	20	2	18 2 
 2597	20	2	20 0 
 2598	20	2	16 4 
 2599	20	2	16 4 
 2600	20	2	20 0 
 2601	20	2	20 0 
 2602	20	2	20 0 
 2603	20	2	19 1 
 2604	20	2	20 0 
 2605	20	2	18 2 
 2606	20	2	20 0 
 2607	20	2	20 0 
 2608	20	2	20 0 
 2609	20	2	17 3 
 2610	20	2	19 1 
 2611	20	2	20 0 
 2612	20	2	18 2 
 2613	20	2	18 2 
 2614	20	2	18 2 
 2615	20	2	20 0 
 2616	20	2	20 0 
 2617	20	2	17 3 
 2618	20	2	18 2 
 2619	20	2	20 0 
 2620	20	2	20 0 
 2621	20	2	20 0 
 2622	20	2	20 0 
 2623	20	2	19 1 
 2624	20	2	20 0 
 2625	20	2	19 1 
 2626	20	2	19 1 
 2627	20	2	19 1 
 2628	20	2	20 0 
 2629	20	2	19 1 
 2630	20	2	19 1 
 2631	20	2	19 1 
 2632	20	2	20 0 
 2633	20	2	4 16 
 2634	20	2	20 0 
 2635	20	2	20 0 
 2636	20	2	20 0 
 2637	20	2	0 20 
 2638	20	2	15 5 
 2639	20	2	20 0 
 2640	20	2	20 0 
 2641	20	2	19 1 
 2642	20	2	20 0 
 2643	20	2	20 0 
 2644	20	2	20 0 
 2645	20	2	20 0 
 2646	20	2	20 0 
 2647	20	2	20 0 
 2648	20	2	20 0 
 2649	20	2	20 0 
 2650	20	2	19 1 
 2651	20	2	20 0 
 2652	20	2	19 1 
 2653	20	2	20 0 
 2654	20	2	20 0 
 2655	20	2	19 1 
 2656	20	2	20 0 
 2657	20	2	18 2 
 2658	20	2	20 0 
 2659	20	2	20 0 
 2660	20	2	18 2 
 2661	20	2	20 0 
 2662	20	2	20 0 
 2663	20	2	15 5 
 2664	20	2	18 2 
 2665	20	2	15 5 
 2666	20	2	20 0 
 2667	20	2	15 5 
 2668	20	2	15 5 
 2669	20	2	20 0 
 2670	20	2	20 0 
 2671	20	2	19 1 
 2672	20	2	18 2 
 2673	20	2	20 0 
 2674	20	2	19 1 
 2675	20	2	20 0 
 2676	20	2	20 0 
 2677	20	2	20 0 
 2678	20	2	20 0 
 2679	20	2	20 0 
 2680	20	2	20 0 
 2681	20	2	20 0 
 2682	20	2	20 0 
 2683	20	2	20 0 
 2684	20	2	20 0 
 2685	20	2	20 0 
 2686	20	2	20 0 
 2687	20	2	0 20 
 2688	20	2	20 0 
 2689	20	2	20 0 
 2690	20	2	19 1 
 2691	20	2	20 0 
 2692	20	2	20 0 
 2693	20	2	17 3 
 2694	20	2	20 0 
 2695	20	2	20 0 
 2696	20	2	20 0 
 2697	20	2	20 0 
 2698	20	2	20 0 
 2699	20	2	20 0 
 2700	20	2	20 0 
 2701	20	2	19 1 
 2702	20	2	18 2 
 2703	20	2	19 1 
 2704	20	2	20 0 
 2705	20	2	20 0 
 2706	20	2	19 1 
 2707	20	2	19 1 
 2708	20	2	18 2 
 2709	20	2	20 0 
 2710	20	2	20 0 
 2711	20	2	20 0 
 2712	20	2	17 3 
 2713	20	2	17 3 
 2714	20	2	19 1 
 2715	20	2	19 1 
 2716	20	2	19 1 
 2717	20	2	17 3 
 2718	20	2	19 1 
 2719	20	2	18 2 
 2720	20	2	19 1 
 2721	20	2	19 1 
 2722	20	2	18 2 
 2723	20	2	20 0 
 2724	20	2	20 0 
 2725	20	2	20 0 
 2726	20	2	7 13 
 2727	20	2	20 0 
 2728	20	2	7 13 
 2729	20	2	7 13 
 2730	20	2	20 0 
 2731	20	2	20 0 
 2732	20	2	20 0 
 2733	20	2	20 0 
 2734	20	2	3 17 
 2735	20	2	20 0 
 2736	20	2	20 0 
 2737	20	2	6 14 
 2738	20	2	19 1 
 2739	20	2	20 0 
 2740	20	2	20 0 
 2741	20	2	9 11 
 2742	20	2	10 10 
 2743	20	2	19 1 
 2744	20	2	20 0 
 2745	20	2	19 1 
 2746	20	2	20 0 
 2747	20	2	20 0 
 2748	20	2	8 12 
 2749	20	2	18 2 
 2750	20	2	20 0 
 2751	20	2	20 0 
 2752	20	2	20 0 
 2753	20	2	20 0 
 2754	20	2	20 0 
 2755	20	2	17 3 
 2756	20	2	19 1 
 2757	20	2	20 0 
 2758	20	2	20 0 
 2759	20	2	20 0 
 2760	20	2	19 1 
 2761	20	2	20 0 
 2762	20	2	18 2 
 2763	20	2	20 0 
 2764	20	2	18 2 
 2765	20	2	18 2 
 2766	20	2	19 1 
 2767	20	2	18 2 
 2768	20	2	18 2 
 2769	20	2	18 2 
 2770	20	2	20 0 
 2771	20	2	4 16 
 2772	20	2	12 8 
 2773	20	2	17 3 
 2774	20	2	19 1 
 2775	20	2	19 1 
 2776	20	2	1 19 
 2777	20	2	12 8 
 2778	20	2	8 12 
 2779	20	2	20 0 
 2780	20	2	20 0 
 2781	20	2	20 0 
 2782	20	2	20 0 
 2783	20	2	1 19 
 2784	20	2	19 1 
 2785	20	2	20 0 
 2786	20	2	4 16 
 2787	20	2	17 3 
 2788	20	2	18 2 
 2789	20	2	20 0 
 2790	20	2	20 0 
 2791	20	2	20 0 
 2792	20	2	20 0 
 2793	20	2	17 3 
 2794	20	2	18 2 
 2795	20	2	6 14 
 2796	20	2	14 6 
 2797	20	2	20 0 
 2798	20	2	14 6 
 2799	20	2	20 0 
 2800	20	2	19 1 
 2801	20	2	20 0 
 2802	20	2	18 2 
 2803	20	2	20 0 
 2804	20	2	4 16 
 2805	20	2	4 16 
 2806	20	2	19 1 
 2807	20	2	18 2 
 2808	20	2	20 0 
 2809	20	2	20 0 
 2810	20	2	18 2 
 2811	20	2	20 0 
 2812	20	2	20 0 
 2813	20	2	20 0 
 2814	20	2	19 1 
 2815	20	2	17 3 
 2816	20	2	19 1 
 2817	20	2	1 19 
 2818	20	2	19 1 
 2819	20	2	19 1 
 2820	20	2	20 0 
 2821	20	2	8 12 
 2822	20	2	20 0 
 2823	20	2	20 0 
 2824	20	2	20 0 
 2825	20	2	20 0 
 2826	20	2	18 2 
 2827	20	2	20 0 
 2828	20	2	20 0 
 2829	20	2	17 3 
 2830	20	2	20 0 
 2831	20	2	19 1 
 2832	20	2	16 4 
 2833	20	2	16 4 
 2834	20	2	16 4 
 2835	20	2	19 1 
 2836	20	2	19 1 
 2837	20	2	20 0 
 2838	20	2	16 4 
 2839	20	2	17 3 
 2840	20	2	20 0 
 2841	20	2	17 3 
 2842	20	2	20 0 
 2843	20	2	20 0 
 2844	20	2	19 1 
 2845	20	2	20 0 
 2846	20	2	20 0 
 2847	20	2	20 0 
 2848	20	2	19 1 
 2849	20	2	20 0 
 2850	20	2	20 0 
 2851	20	2	19 1 
 2852	20	2	19 1 
 2853	20	2	19 1 
 2854	20	2	20 0 
 2855	20	2	20 0 
 2856	20	2	20 0 
 2857	20	2	19 1 
 2858	20	2	19 1 
 2859	20	2	18 2 
 2860	20	2	16 4 
 2861	20	2	16 4 
 2862	20	2	16 4 
 2863	20	2	20 0 
 2864	20	2	16 4 
 2865	20	2	19 1 
 2866	20	2	20 0 
 2867	20	2	20 0 
 2868	20	2	20 0 
 2869	20	2	6 14 
 2870	20	2	20 0 
 2871	20	2	8 12 
 2872	20	2	20 0 
 2873	20	2	20 0 
 2874	20	2	17 3 
 2875	20	2	20 0 
 2876	20	2	19 1 
 2877	20	2	16 4 
 2878	20	2	20 0 
 2879	20	2	20 0 
 2880	20	2	20 0 
 2881	20	2	20 0 
 2882	20	2	20 0 
 2883	20	2	20 0 
 2884	20	2	20 0 
 2885	20	2	19 1 
 2886	20	2	20 0 
 2887	20	2	20 0 
 2888	20	2	20 0 
 2889	20	2	20 0 
 2890	20	2	20 0 
 2891	20	2	16 4 
 2892	20	2	0 20 
 2893	20	2	18 2 
 2894	20	2	20 0 
 2895	20	2	18 2 
 2896	20	2	20 0 
 2897	20	2	20 0 
 2898	20	2	20 0 
 2899	20	2	20 0 
 2900	20	2	20 0 
 2901	20	2	20 0 
 2902	20	2	19 1 
 2903	20	2	13 7 
 2904	20	2	20 0 
 2905	20	2	20 0 
 2906	20	2	18 2 
 2907	20	2	3 17 
 2908	20	2	3 17 
 2909	20	2	20 0 
 2910	20	2	17 3 
 2911	20	2	17 3 
 2912	20	2	20 0 
 2913	20	2	20 0 
 2914	20	2	20 0 
 2915	20	2	17 3 
 2916	20	2	20 0 
 2917	20	2	20 0 
 2918	20	2	20 0 
 2919	20	2	20 0 
 2920	20	2	20 0 
 2921	20	2	20 0 
 2922	20	2	20 0 
 2923	20	2	20 0 
 2924	20	2	0 20 
 2925	20	2	14 6 
 2926	20	2	20 0 
 2927	20	2	20 0 
 2928	20	2	18 2 
 2929	20	2	18 2 
 2930	20	2	2 18 
 2931	20	2	19 1 
 2932	20	2	20 0 
 2933	20	2	18 2 
 2934	20	2	20 0 
 2935	20	2	16 4 
 2936	20	2	20 0 
 2937	20	2	18 2 
 2938	20	2	18 2 
 2939	20	2	20 0 
 2940	20	2	20 0 
 2941	20	2	20 0 
 2942	20	2	20 0 
 2943	20	2	20 0 
 2944	20	2	20 0 
 2945	20	2	20 0 
 2946	20	2	16 4 
 2947	20	2	6 14 
 2948	20	2	20 0 
 2949	20	2	6 14 
 2950	20	2	19 1 
 2951	20	2	20 0 
 2952	20	2	19 1 
 2953	20	2	13 7 
 2954	20	2	20 0 
 2955	20	2	20 0 
 2956	20	2	20 0 
 2957	20	2	20 0 
 2958	20	2	20 0 
 2959	20	2	13 7 
 2960	20	2	20 0 
 2961	20	2	13 7 
 2962	20	2	19 1 
 2963	20	2	19 1 
 2964	20	2	16 4 
 2965	20	2	20 0 
 2966	20	2	20 0 
 2967	20	2	19 1 
 2968	20	2	20 0 
 2969	20	2	20 0 
 2970	20	2	20 0 
 2971	20	2	19 1 
 2972	20	2	20 0 
 2973	20	2	20 0 
 2974	20	2	20 0 
 2975	20	2	20 0 
 2976	20	2	17 3 
 2977	20	2	19 1 
 2978	20	2	20 0 
 2979	20	2	13 7 
 2980	20	2	13 7 
 2981	20	2	13 7 
 2982	20	2	20 0 
 2983	20	2	19 1 
 2984	20	2	19 1 
 2985	20	2	20 0 
 2986	20	2	20 0 
 2987	20	2	17 3 
 2988	20	2	20 0 
 2989	20	2	20 0 
 2990	20	2	20 0 
 2991	20	2	20 0 
 2992	20	2	17 3 
 2993	20	2	20 0 
 2994	20	2	20 0 
 2995	20	2	20 0 
 2996	20	2	20 0 
 2997	20	2	20 0 
 2998	20	2	17 3 
 2999	20	2	20 0 
 3000	20	2	12 8 
 3001	20	2	20 0 
 3002	20	2	20 0 
 3003	20	2	20 0 
 3004	20	2	13 7 
 3005	20	2	13 7 
 3006	20	2	13 7 
 3007	20	2	13 7 
 3008	20	2	13 7 
 3009	20	2	18 2 
 3010	20	2	20 0 
 3011	20	2	20 0 
 3012	20	2	20 0 
 3013	20	2	20 0 
 3014	20	2	20 0 
 3015	20	2	20 0 
 3016	20	2	20 0 
 3017	20	2	20 0 
 3018	20	2	16 4 
 3019	20	2	20 0 
 3020	20	2	19 1 
 3021	20	2	0 20 
 3022	20	2	20 0 
 3023	20	2	20 0 
 3024	20	2	17 3 
 3025	20	2	6 14 
 3026	20	2	20 0 
 3027	20	2	20 0 
 3028	20	2	20 0 
 3029	20	2	10 10 
 3030	20	2	20 0 
 3031	20	2	20 0 
 3032	20	2	20 0 
 3033	20	2	20 0 
 3034	20	2	19 1 
 3035	20	2	6 14 
 3036	20	2	20 0 
 3037	20	2	20 0 
 3038	20	2	18 2 
 3039	20	2	17 3 
 3040	20	2	19 1 
 3041	20	2	19 1 
 3042	20	2	19 1 
 3043	20	2	19 1 
 3044	20	2	19 1 
 3045	20	2	19 1 
 3046	20	2	20 0 
 3047	20	2	20 0 
 3048	20	2	20 0 
 3049	20	2	20 0 
 3050	20	2	19 1 
 3051	20	2	20 0 
 3052	20	2	6 14 
 3053	20	2	20 0 
 3054	20	2	20 0 
 3055	20	2	20 0 
 3056	20	2	20 0 
 3057	20	2	18 2 
 3058	20	2	20 0 
 3059	20	2	18 2 
 3060	20	2	20 0 
 3061	20	2	9 11 
 3062	20	2	6 14 
 3063	20	2	19 1 
 3064	20	2	20 0 
 3065	20	2	17 3 
 3066	20	2	17 3 
 3067	20	2	20 0 
 3068	20	2	17 3 
 3069	20	2	11 9 
 3070	20	2	19 1 
 3071	20	2	17 3 
 3072	20	2	19 1 
 3073	20	2	20 0 
 3074	20	2	18 2 
 3075	20	2	19 1 
 3076	20	2	19 1 
 3077	20	2	20 0 
 3078	20	2	4 16 
 3079	20	2	16 4 
 3080	20	2	14 6 
 3081	20	2	20 0 
 3082	20	2	17 3 
 3083	20	2	17 3 
 3084	20	2	20 0 
 3085	20	2	17 3 
 3086	20	2	18 2 
 3087	20	2	19 1 
 3088	20	2	20 0 
 3089	20	2	20 0 
 3090	20	2	20 0 
 3091	20	2	19 1 
 3092	20	2	20 0 
 3093	20	2	20 0 
 3094	20	2	19 1 
 3095	20	2	20 0 
 3096	20	2	20 0 
 3097	20	2	20 0 
 3098	20	2	20 0 
 3099	20	2	20 0 
 3100	20	2	20 0 
 3101	20	2	20 0 
 3102	20	2	19 1 
 3103	20	2	17 3 
 3104	20	2	20 0 
 3105	20	2	18 2 
 3106	20	2	14 6 
 3107	20	2	20 0 
 3108	20	2	19 1 
 3109	20	2	13 7 
 3110	20	2	7 13 
 3111	20	2	20 0 
 3112	20	2	20 0 
 3113	20	2	20 0 
 3114	20	2	20 0 
 3115	20	2	20 0 
 3116	20	2	20 0 
 3117	20	2	20 0 
 3118	20	2	20 0 
 3119	20	2	20 0 
 3120	20	2	20 0 
 3121	20	2	19 1 
 3122	20	2	20 0 
 3123	20	2	19 1 
 3124	20	2	20 0 
 3125	20	2	20 0 
 3126	20	2	15 5 
 3127	20	2	20 0 
 3128	20	2	6 14 
 3129	20	2	14 6 
 3130	20	2	14 6 
 3131	20	2	20 0 
 3132	20	2	20 0 
 3133	20	2	20 0 
 3134	20	2	14 6 
 3135	20	2	20 0 
 3136	20	2	15 5 
 3137	20	2	5 15 
 3138	20	2	20 0 
 3139	20	2	18 2 
 3140	20	2	19 1 
 3141	20	2	16 4 
 3142	20	2	11 9 
 3143	20	2	17 3 
 3144	20	2	17 3 
 3145	20	2	20 0 
 3146	20	2	19 1 
 3147	20	2	19 1 
 3148	20	2	17 3 
 3149	20	2	15 5 
 3150	20	2	20 0 
 3151	20	2	20 0 
 3152	20	2	15 5 
 3153	20	2	20 0 
 3154	20	2	20 0 
 3155	20	2	20 0 
 3156	20	2	18 2 
 3157	20	2	20 0 
 3158	20	2	17 3 
 3159	20	2	20 0 
 3160	20	2	20 0 
 3161	20	2	19 1 
 3162	20	2	20 0 
 3163	20	2	20 0 
 3164	20	2	19 1 
 3165	20	2	20 0 
 3166	20	2	19 1 
 3167	20	2	20 0 
 3168	20	2	20 0 
 3169	20	2	20 0 
 3170	20	2	20 0 
 3171	20	2	17 3 
 3172	20	2	20 0 
 3173	20	2	14 6 
 3174	20	2	14 6 
 3175	20	2	18 2 
 3176	20	2	1 19 
 3177	20	2	20 0 
 3178	20	2	20 0 
 3179	20	2	20 0 
 3180	20	2	20 0 
 3181	20	2	20 0 
 3182	20	2	20 0 
 3183	20	2	20 0 
 3184	20	2	20 0 
 3185	20	2	20 0 
 3186	20	2	20 0 
 3187	20	2	6 14 
 3188	20	2	20 0 
 3189	20	2	20 0 
 3190	20	2	2 18 
 3191	20	2	20 0 
 3192	20	2	20 0 
 3193	20	2	20 0 
 3194	20	2	18 2 
 3195	20	2	20 0 
 3196	20	2	20 0 
 3197	20	2	20 0 
 3198	20	2	9 11 
 3199	20	2	20 0 
 3200	20	2	20 0 
 3201	20	2	20 0 
 3202	20	2	20 0 
 3203	20	2	20 0 
 3204	20	2	20 0 
 3205	20	2	20 0 
 3206	20	2	20 0 
 3207	20	2	19 1 
 3208	20	2	19 1 
 3209	20	2	18 2 
 3210	20	2	18 2 
 3211	20	2	20 0 
 3212	20	2	19 1 
 3213	20	2	16 4 
 3214	20	2	20 0 
 3215	20	2	19 1 
 3216	20	2	19 1 
 3217	20	2	20 0 
 3218	20	2	20 0 
 3219	20	2	20 0 
 3220	20	2	20 0 
 3221	20	2	20 0 
 3222	20	2	20 0 
 3223	20	2	20 0 
 3224	20	2	19 1 
 3225	20	2	19 1 
 3226	20	2	20 0 
 3227	20	2	19 1 
 3228	20	2	20 0 
 3229	20	2	19 1 
 3230	20	2	20 0 
 3231	20	2	18 2 
 3232	20	2	18 2 
 3233	20	2	20 0 
 3234	20	2	2 18 
 3235	20	2	19 1 
 3236	20	2	13 7 
 3237	20	2	18 2 
 3238	20	2	14 6 
 3239	20	2	20 0 
 3240	20	2	20 0 
 3241	20	2	19 1 
 3242	20	2	18 2 
 3243	20	2	18 2 
 3244	20	2	20 0 
 3245	20	2	7 13 
 3246	20	2	13 7 
 3247	20	2	14 6 
 3248	20	2	13 7 
 3249	20	2	20 0 
 3250	20	2	7 13 
 3251	20	2	16 4 
 3252	20	2	20 0 
 3253	20	2	16 4 
 3254	20	2	20 0 
 3255	20	2	20 0 
 3256	20	2	19 1 
 3257	20	2	20 0 
 3258	20	2	20 0 
 3259	20	2	20 0 
 3260	20	2	20 0 
 3261	20	2	20 0 
 3262	20	2	20 0 
 3263	20	2	20 0 
 3264	20	2	20 0 
 3265	20	2	20 0 
 3266	20	2	20 0 
 3267	20	2	20 0 
 3268	20	2	18 2 
 3269	20	2	20 0 
 3270	20	2	12 8 
 3271	20	2	18 2 
 3272	20	2	12 8 
 3273	20	2	18 2 
 3274	20	2	20 0 
 3275	20	2	20 0 
 3276	20	2	7 13 
 3277	20	2	20 0 
 3278	20	2	20 0 
 3279	20	2	20 0 
 3280	20	2	18 2 
 3281	20	2	20 0 
 3282	20	2	15 5 
 3283	20	2	20 0 
 3284	20	2	20 0 
 3285	20	2	20 0 
 3286	20	2	20 0 
 3287	20	2	20 0 
 3288	20	2	20 0 
 3289	20	2	20 0 
 3290	20	2	20 0 
 3291	20	2	20 0 
 3292	20	2	14 6 
 3293	20	2	20 0 
 3294	20	2	14 6 
 3295	20	2	16 4 
 3296	20	2	20 0 
 3297	20	2	14 6 
 3298	20	2	20 0 
 3299	20	2	20 0 
 3300	20	2	20 0 
 3301	20	2	0 20 
 3302	20	2	0 20 
 3303	20	2	20 0 
 3304	20	2	18 2 
 3305	20	2	19 1 
 3306	20	2	19 1 
 3307	20	2	20 0 
 3308	20	2	15 5 
 3309	20	2	20 0 
 3310	20	2	3 17 
 3311	20	2	20 0 
 3312	20	2	20 0 
 3313	20	2	20 0 
 3314	20	2	20 0 
 3315	20	2	5 15 
 3316	20	2	20 0 
 3317	20	2	20 0 
 3318	20	2	5 15 
 3319	20	2	4 16 
 3320	20	2	20 0 
 3321	20	2	20 0 
 3322	20	2	20 0 
 3323	20	2	18 2 
 3324	20	2	20 0 
 3325	20	2	20 0 
 3326	20	2	10 10 
 3327	20	2	19 1 
 3328	20	2	17 3 
 3329	20	2	20 0 
 3330	20	2	2 18 
 3331	20	2	20 0 
 3332	20	2	20 0 
 3333	20	2	18 2 
 3334	20	2	20 0 
 3335	20	2	19 1 
 3336	20	2	18 2 
 3337	20	2	20 0 
 3338	20	2	2 18 
 3339	20	2	11 9 
 3340	20	2	20 0 
 3341	20	2	15 5 
 3342	20	2	0 20 
 3343	20	2	17 3 
 3344	20	2	19 1 
 3345	20	2	9 11 
 3346	20	2	19 1 
 3347	20	2	20 0 
 3348	20	2	20 0 
 3349	20	2	20 0 
 3350	20	2	20 0 
 3351	20	2	19 1 
 3352	20	2	17 3 
 3353	20	2	20 0 
 3354	20	2	20 0 
 3355	20	2	20 0 
 3356	20	2	20 0 
 3357	20	2	16 4 
 3358	20	2	19 1 
 3359	20	2	19 1 
 3360	20	2	19 1 
 3361	20	2	20 0 
 3362	20	2	19 1 
 3363	20	2	11 9 
 3364	20	2	18 2 
 3365	20	2	16 4 
 3366	20	2	17 3 
 3367	20	2	20 0 
 3368	20	2	20 0 
 3369	20	2	20 0 
 3370	20	2	20 0 
 3371	20	2	18 2 
 3372	20	2	20 0 
 3373	20	2	20 0 
 3374	20	2	20 0 
 3375	20	2	17 3 
 3376	20	2	20 0 
 3377	20	2	19 1 
 3378	20	2	19 1 
 3379	20	2	19 1 
 3380	20	2	17 3 
 3381	20	2	14 6 
 3382	20	2	19 1 
 3383	20	2	20 0 
 3384	20	2	20 0 
 3385	20	2	20 0 
 3386	20	2	1 19 
 3387	20	2	15 5 
 3388	20	2	18 2 
 3389	20	2	16 4 
 3390	20	2	20 0 
 3391	20	2	15 5 
 3392	20	2	18 2 
 3393	20	2	20 0 
 3394	20	2	20 0 
 3395	20	2	19 1 
 3396	20	2	1 19 
 3397	20	2	20 0 
 3398	20	2	18 2 
 3399	20	2	20 0 
 3400	20	2	18 2 
 3401	20	2	20 0 
 3402	20	2	20 0 
 3403	20	2	20 0 
 3404	20	2	20 0 
 3405	20	2	19 1 
 3406	20	2	20 0 
 3407	20	2	0 20 
 3408	20	2	16 4 
 3409	20	2	20 0 
 3410	20	2	19 1 
 3411	20	2	20 0 
 3412	20	2	20 0 
 3413	20	2	20 0 
 3414	20	2	20 0 
 3415	20	2	20 0 
 3416	20	2	18 2 
 3417	20	2	20 0 
 3418	20	2	18 2 
 3419	20	2	14 6 
 3420	20	2	20 0 
 3421	20	2	19 1 
 3422	20	2	19 1 
 3423	20	2	19 1 
 3424	20	2	19 1 
 3425	20	2	20 0 
 3426	20	2	19 1 
 3427	20	2	20 0 
 3428	20	2	19 1 
 3429	20	2	19 1 
 3430	20	2	19 1 
 3431	20	2	19 1 
 3432	20	2	19 1 
 3433	20	2	19 1 
 3434	20	2	20 0 
 3435	20	2	19 1 
 3436	20	2	19 1 
 3437	20	2	19 1 
 3438	20	2	19 1 
 3439	20	2	7 13 
 3440	20	2	19 1 
 3441	20	2	20 0 
 3442	20	2	19 1 
 3443	20	2	20 0 
 3444	20	2	19 1 
 3445	20	2	20 0 
 3446	20	2	20 0 
 3447	20	2	19 1 
 3448	20	2	19 1 
 3449	20	2	20 0 
 3450	20	2	20 0 
 3451	20	2	18 2 
 3452	20	2	18 2 
 3453	20	2	11 9 
 3454	20	2	6 14 
 3455	20	2	20 0 
 3456	20	2	20 0 
 3457	20	2	19 1 
 3458	20	2	5 15 
 3459	20	2	5 15 
 3460	20	2	17 3 
 3461	20	2	18 2 
 3462	20	2	0 20 
 3463	20	2	20 0 
 3464	20	2	20 0 
 3465	20	2	20 0 
 3466	20	2	20 0 
 3467	20	2	19 1 
 3468	20	2	20 0 
 3469	20	2	20 0 
 3470	20	2	20 0 
 3471	20	2	20 0 
 3472	20	2	20 0 
 3473	20	2	20 0 
 3474	20	2	19 1 
 3475	20	2	20 0 
 3476	20	2	20 0 
 3477	20	2	20 0 
 3478	20	2	20 0 
 3479	20	2	20 0 
 3480	20	2	20 0 
 3481	20	2	20 0 
 3482	20	2	20 0 
 3483	20	2	18 2 
 3484	20	2	19 1 
 3485	20	2	19 1 
 3486	20	2	17 3 
 3487	20	2	19 1 
 3488	20	2	20 0 
 3489	20	2	20 0 
 3490	20	2	17 3 
 3491	20	2	20 0 
 3492	20	2	20 0 
 3493	20	2	20 0 
 3494	20	2	20 0 
 3495	20	2	20 0 
 3496	20	2	20 0 
 3497	20	2	18 2 
 3498	20	2	12 8 
 3499	20	2	19 1 
 3500	20	2	20 0 
 3501	20	2	19 1 
 3502	20	2	20 0 
 3503	20	2	20 0 
 3504	20	2	20 0 
 3505	20	2	12 8 
 3506	20	2	17 3 
 3507	20	2	20 0 
 3508	20	2	19 1 
 3509	20	2	17 3 
 3510	20	2	17 3 
 3511	20	2	17 3 
 3512	20	2	19 1 
 3513	20	2	17 3 
 3514	20	2	20 0 
 3515	20	2	20 0 
 3516	20	2	20 0 
 3517	20	2	20 0 
 3518	20	2	19 1 
 3519	20	2	20 0 
 3520	20	2	19 1 
 3521	20	2	20 0 
 3522	20	2	20 0 
 3523	20	2	19 1 
 3524	20	2	20 0 
 3525	20	2	20 0 
 3526	20	2	20 0 
 3527	20	2	12 8 
 3528	20	2	12 8 
 3529	20	2	20 0 
 3530	20	2	20 0 
 3531	20	2	19 1 
 3532	20	2	20 0 
 3533	20	2	20 0 
 3534	20	2	20 0 
 3535	20	2	19 1 
 3536	20	2	17 3 
 3537	20	2	14 6 
 3538	20	2	20 0 
 3539	20	2	20 0 
 3540	20	2	20 0 
 3541	20	2	19 1 
 3542	20	2	20 0 
 3543	20	2	20 0 
 3544	20	2	8 12 
 3545	20	2	20 0 
 3546	20	2	20 0 
 3547	20	2	9 11 
 3548	20	2	20 0 
 3549	20	2	13 7 
 3550	20	2	18 2 
 3551	20	2	20 0 
 3552	20	2	18 2 
 3553	20	2	20 0 
 3554	20	2	20 0 
 3555	20	2	18 2 
 3556	20	2	1 19 
 3557	20	2	20 0 
 3558	20	2	20 0 
 3559	20	2	20 0 
 3560	20	2	16 4 
 3561	20	2	19 1 
 3562	20	2	20 0 
 3563	20	2	20 0 
 3564	20	2	20 0 
 3565	20	2	15 5 
 3566	20	2	20 0 
 3567	20	2	20 0 
 3568	20	2	20 0 
 3569	20	2	20 0 
 3570	20	2	19 1 
 3571	20	2	20 0 
 3572	20	2	17 3 
 3573	20	2	19 1 
 3574	20	2	20 0 
 3575	20	2	20 0 
 3576	20	2	18 2 
 3577	20	2	20 0 
 3578	20	2	18 2 
 3579	20	2	19 1 
 3580	20	2	20 0 
 3581	20	2	18 2 
 3582	20	2	20 0 
 3583	20	2	20 0 
 3584	20	2	20 0 
 3585	20	2	20 0 
 3586	20	2	20 0 
 3587	20	2	20 0 
 3588	20	2	19 1 
 3589	20	2	20 0 
 3590	20	2	20 0 
 3591	20	2	19 1 
 3592	20	2	20 0 
 3593	20	2	17 3 
 3594	20	2	20 0 
 3595	20	2	20 0 
 3596	20	2	20 0 
 3597	20	2	20 0 
 3598	20	2	20 0 
 3599	20	2	20 0 
 3600	20	2	20 0 
 3601	20	2	20 0 
 3602	20	2	20 0 
 3603	20	2	20 0 
 3604	20	2	20 0 
 3605	20	2	20 0 
 3606	20	2	20 0 
 3607	20	2	20 0 
 3608	20	2	20 0 
 3609	20	2	19 1 
 3610	20	2	17 3 
 3611	20	2	20 0 
 3612	20	2	8 12 
 3613	20	2	17 3 
 3614	20	2	20 0 
 3615	20	2	20 0 
 3616	20	2	19 1 
 3617	20	2	16 4 
 3618	20	2	12 8 
 3619	20	2	19 1 
 3620	20	2	20 0 
 3621	20	2	20 0 
 3622	20	2	20 0 
 3623	20	2	20 0 
 3624	20	2	17 3 
 3625	20	2	3 17 
 3626	20	2	20 0 
 3627	20	2	20 0 
 3628	20	2	20 0 
 3629	20	2	20 0 
 3630	20	2	18 2 
 3631	20	2	20 0 
 3632	20	2	20 0 
 3633	20	2	20 0 
 3634	20	2	13 7 
 3635	20	2	13 7 
 3636	20	2	20 0 
 3637	20	2	7 13 
 3638	20	2	20 0 
 3639	20	2	4 16 
 3640	20	2	20 0 
 3641	20	2	15 5 
 3642	20	2	20 0 
 3643	20	2	19 1 
 3644	20	2	19 1 
 3645	20	2	18 2 
 3646	20	2	18 2 
 3647	20	2	16 4 
 3648	20	2	20 0 
 3649	20	2	20 0 
 3650	20	2	19 1 
 3651	20	2	19 1 
 3652	20	2	20 0 
 3653	20	2	19 1 
 3654	20	2	19 1 
 3655	20	2	20 0 
 3656	20	2	18 2 
 3657	20	2	20 0 
 3658	20	2	19 1 
 3659	20	2	20 0 
 3660	20	2	20 0 
 3661	20	2	17 3 
 3662	20	2	19 1 
 3663	20	2	19 1 
 3664	20	2	18 2 
 3665	20	2	20 0 
 3666	20	2	20 0 
 3667	20	2	20 0 
 3668	20	2	20 0 
 3669	20	2	5 15 
 3670	20	2	19 1 
 3671	20	2	20 0 
 3672	20	2	20 0 
 3673	20	2	20 0 
 3674	20	2	20 0 
 3675	20	2	20 0 
 3676	20	2	20 0 
 3677	20	2	20 0 
 3678	20	2	20 0 
 3679	20	2	20 0 
 3680	20	2	20 0 
 3681	20	2	20 0 
 3682	20	2	20 0 
 3683	20	2	20 0 
 3684	20	2	20 0 
 3685	20	2	20 0 
 3686	20	2	20 0 
 3687	20	2	20 0 
 3688	20	2	19 1 
 3689	20	2	18 2 
 3690	20	2	19 1 
 3691	20	2	19 1 
 3692	20	2	19 1 
 3693	20	2	20 0 
 3694	20	2	20 0 
 3695	20	2	20 0 
 3696	20	2	19 1 
 3697	20	2	19 1 
 3698	20	2	18 2 
 3699	20	2	10 10 
 3700	20	2	20 0 
 3701	20	2	18 2 
 3702	20	2	20 0 
 3703	20	2	20 0 
 3704	20	2	20 0 
 3705	20	2	20 0 
 3706	20	2	20 0 
 3707	20	2	20 0 
 3708	20	2	20 0 
 3709	20	2	19 1 
 3710	20	2	20 0 
 3711	20	2	19 1 
 3712	20	2	19 1 
 3713	20	2	17 3 
 3714	20	2	19 1 
 3715	20	2	19 1 
 3716	20	2	19 1 
 3717	20	2	20 0 
 3718	20	2	20 0 
 3719	20	2	6 14 
 3720	20	2	6 14 
 3721	20	2	18 2 
 3722	20	2	6 14 
 3723	20	2	20 0 
 3724	20	2	20 0 
 3725	20	2	15 5 
 3726	20	2	19 1 
 3727	20	2	19 1 
 3728	20	2	20 0 
 3729	20	2	19 1 
 3730	20	2	20 0 
 3731	20	2	15 5 
 3732	20	2	20 0 
 3733	20	2	18 2 
 3734	20	2	20 0 
 3735	20	2	20 0 
 3736	20	2	17 3 
 3737	20	2	19 1 
 3738	20	2	2 18 
 3739	20	2	20 0 
 3740	20	2	20 0 
 3741	20	2	20 0 
 3742	20	2	18 2 
 3743	20	2	20 0 
 3744	20	2	20 0 
 3745	20	2	19 1 
 3746	20	2	1 19 
 3747	20	2	19 1 
 3748	20	2	20 0 
 3749	20	2	20 0 
 3750	20	2	20 0 
 3751	20	2	13 7 
 3752	20	2	20 0 
 3753	20	2	19 1 
 3754	20	2	18 2 
 3755	20	2	20 0 
 3756	20	2	19 1 
 3757	20	2	19 1 
 3758	20	2	20 0 
 3759	20	2	15 5 
 3760	20	2	5 15 
 3761	20	2	19 1 
 3762	20	2	20 0 
 3763	20	2	18 2 
 3764	20	2	15 5 
 3765	20	2	19 1 
 3766	20	2	20 0 
 3767	20	2	20 0 
 3768	20	2	20 0 
 3769	20	2	20 0 
 3770	20	2	20 0 
 3771	20	2	20 0 
 3772	20	2	20 0 
 3773	20	2	20 0 
 3774	20	2	20 0 
 3775	20	2	20 0 
 3776	20	2	20 0 
 3777	20	2	20 0 
 3778	20	2	20 0 
 3779	20	2	20 0 
 3780	20	2	19 1 
 3781	20	2	20 0 
 3782	20	2	20 0 
 3783	20	2	18 2 
 3784	20	2	18 2 
 3785	20	2	16 4 
 3786	20	2	8 12 
 3787	20	2	20 0 
 3788	20	2	20 0 
 3789	20	2	17 3 
 3790	20	2	17 3 
 3791	20	2	14 6 
 3792	20	2	18 2 
 3793	20	2	20 0 
 3794	20	2	18 2 
 3795	20	2	20 0 
 3796	20	2	19 1 
 3797	20	2	20 0 
 3798	20	2	20 0 
 3799	20	2	2 18 
 3800	20	2	20 0 
 3801	20	2	20 0 
 3802	20	2	20 0 
 3803	20	2	20 0 
 3804	20	2	20 0 
 3805	20	2	20 0 
 3806	20	2	20 0 
 3807	20	2	20 0 
 3808	20	2	20 0 
 3809	20	2	19 1 
 3810	20	2	19 1 
 3811	20	2	12 8 
 3812	20	2	12 8 
 3813	20	2	12 8 
 3814	20	2	12 8 
 3815	20	2	20 0 
 3816	20	2	20 0 
 3817	20	2	20 0 
 3818	20	2	18 2 
 3819	20	2	20 0 
 3820	20	2	19 1 
 3821	20	2	16 4 
 3822	20	2	20 0 
 3823	20	2	20 0 
 3824	20	2	20 0 
 3825	20	2	20 0 
 3826	20	2	20 0 
 3827	20	2	20 0 
 3828	20	2	20 0 
 3829	20	2	20 0 
 3830	20	2	20 0 
 3831	20	2	19 1 
 3832	20	2	18 2 
 3833	20	2	20 0 
 3834	20	2	18 2 
 3835	20	2	20 0 
 3836	20	2	12 8 
 3837	20	2	19 1 
 3838	20	2	20 0 
 3839	20	2	19 1 
 3840	20	2	19 1 
 3841	20	2	20 0 
 3842	20	2	20 0 
 3843	20	2	17 3 
 3844	20	2	2 18 
 3845	20	2	17 3 
 3846	20	2	19 1 
 3847	20	2	19 1 
 3848	20	2	20 0 
 3849	20	2	17 3 
 3850	20	2	19 1 
 3851	20	2	20 0 
 3852	20	2	17 3 
 3853	20	2	20 0 
 3854	20	2	20 0 
 3855	20	2	14 6 
 3856	20	2	20 0 
 3857	20	2	15 5 
 3858	20	2	19 1 
 3859	20	2	5 15 
 3860	20	2	20 0 
 3861	20	2	20 0 
 3862	20	2	17 3 
 3863	20	2	18 2 
 3864	20	2	18 2 
 3865	20	2	20 0 
 3866	20	2	20 0 
 3867	20	2	19 1 
 3868	20	2	20 0 
 3869	20	2	20 0 
 3870	20	2	19 1 
 3871	20	2	20 0 
 3872	20	2	20 0 
 3873	20	2	15 5 
 3874	20	2	19 1 
 3875	20	2	20 0 
 3876	20	2	20 0 
 3877	20	2	20 0 
 3878	20	2	20 0 
 3879	20	2	20 0 
 3880	20	2	19 1 
 3881	20	2	20 0 
 3882	20	2	20 0 
 3883	20	2	20 0 
 3884	20	2	20 0 
 3885	20	2	19 1 
 3886	20	2	20 0 
 3887	20	2	20 0 
 3888	20	2	17 3 
 3889	20	2	20 0 
 3890	20	2	20 0 
 3891	20	2	20 0 
 3892	20	2	17 3 
 3893	20	2	19 1 
 3894	20	2	20 0 
 3895	20	2	18 2 
 3896	20	2	20 0 
 3897	20	2	20 0 
 3898	20	2	14 6 
 3899	20	2	20 0 
 3900	20	2	19 1 
 3901	20	2	20 0 
 3902	20	2	20 0 
 3903	20	2	20 0 
 3904	20	2	20 0 
 3905	20	2	20 0 
 3906	20	2	20 0 
 3907	20	2	20 0 
 3908	20	2	3 17 
 3909	20	2	20 0 
 3910	20	2	20 0 
 3911	20	2	20 0 
 3912	20	2	17 3 
 3913	20	2	17 3 
 3914	20	2	17 3 
 3915	20	2	17 3 
 3916	20	2	19 1 
 3917	20	2	18 2 
 3918	20	2	20 0 
 3919	20	2	15 5 
 3920	20	2	20 0 
 3921	20	2	19 1 
 3922	20	2	17 3 
 3923	20	2	20 0 
 3924	20	2	19 1 
 3925	20	2	18 2 
 3926	20	2	20 0 
 3927	20	2	19 1 
 3928	20	2	19 1 
 3929	20	2	19 1 
 3930	20	2	20 0 
 3931	20	2	8 12 
 3932	20	2	18 2 
 3933	20	2	15 5 
 3934	20	2	20 0 
 3935	20	2	20 0 
 3936	20	2	20 0 
 3937	20	2	20 0 
 3938	20	2	20 0 
 3939	20	2	20 0 
 3940	20	2	20 0 
 3941	20	2	20 0 
 3942	20	2	20 0 
 3943	20	2	18 2 
 3944	20	2	20 0 
 3945	20	2	20 0 
 3946	20	2	20 0 
 3947	20	2	20 0 
 3948	20	2	5 15 
 3949	20	2	19 1 
 3950	20	2	20 0 
 3951	20	2	20 0 
 3952	20	2	20 0 
 3953	20	2	14 6 
 3954	20	2	20 0 
 3955	20	2	20 0 
 3956	20	2	17 3 
 3957	20	2	18 2 
 3958	20	2	17 3 
 3959	20	2	20 0 
 3960	20	2	16 4 
 3961	20	2	20 0 
 3962	20	2	19 1 
 3963	20	2	19 1 
 3964	20	2	20 0 
 3965	20	2	20 0 
 3966	20	2	17 3 
 3967	20	2	20 0 
 3968	20	2	20 0 
 3969	20	2	19 1 
 3970	20	2	20 0 
 3971	20	2	10 10 
 3972	20	2	12 8 
 3973	20	2	18 2 
 3974	20	2	18 2 
 3975	20	2	20 0 
 3976	20	2	20 0 
 3977	20	2	20 0 
 3978	20	2	13 7 
 3979	20	2	19 1 
 3980	20	2	20 0 
 3981	20	2	20 0 
 3982	20	2	20 0 
 3983	20	2	20 0 
 3984	20	2	20 0 
 3985	20	2	20 0 
 3986	20	2	20 0 
 3987	20	2	19 1 
 3988	20	2	18 2 
 3989	20	2	20 0 
 3990	20	2	19 1 
 3991	20	2	20 0 
 3992	20	2	20 0 
 3993	20	2	7 13 
 3994	20	2	19 1 
 3995	20	2	20 0 
 3996	20	2	20 0 
 3997	20	2	20 0 
 3998	20	2	20 0 
 3999	20	2	20 0 
 4000	20	2	20 0 
 4001	20	2	20 0 
 4002	20	2	20 0 
 4003	20	2	10 10 
 4004	20	2	20 0 
 4005	20	2	20 0 
 4006	20	2	20 0 
 4007	20	2	20 0 
 4008	20	2	20 0 
 4009	20	2	11 9 
 4010	20	2	20 0 
 4011	20	2	20 0 
 4012	20	2	17 3 
 4013	20	2	20 0 
 4014	20	2	20 0 
 4015	20	2	20 0 
 4016	20	2	20 0 
 4017	20	2	20 0 
 4018	20	2	11 9 
 4019	20	2	15 5 
 4020	20	2	19 1 
 4021	20	2	18 2 
 4022	20	2	16 4 
 4023	20	2	16 4 
 4024	20	2	20 0 
 4025	20	2	5 15 
 4026	20	2	16 4 
 4027	20	2	18 2 
 4028	20	2	19 1 
 4029	20	2	19 1 
 4030	20	2	20 0 
 4031	20	2	16 4 
 4032	20	2	11 9 
 4033	20	2	10 10 
 4034	20	2	20 0 
 4035	20	2	17 3 
 4036	20	2	20 0 
 4037	20	2	10 10 
 4038	20	2	20 0 
 4039	20	2	16 4 
 4040	20	2	20 0 
 4041	20	2	19 1 
 4042	20	2	20 0 
 4043	20	2	20 0 
 4044	20	2	19 1 
 4045	20	2	20 0 
 4046	20	2	20 0 
 4047	20	2	20 0 
 4048	20	2	20 0 
 4049	20	2	12 8 
 4050	20	2	20 0 
 4051	20	2	20 0 
 4052	20	2	20 0 
 4053	20	2	20 0 
 4054	20	2	20 0 
 4055	20	2	20 0 
 4056	20	2	20 0 
 4057	20	2	20 0 
 4058	20	2	20 0 
 4059	20	2	15 5 
 4060	20	2	14 6 
 4061	20	2	20 0 
 4062	20	2	20 0 
 4063	20	2	18 2 
 4064	20	2	20 0 
 4065	20	2	19 1 
 4066	20	2	20 0 
 4067	20	2	20 0 
 4068	20	2	20 0 
 4069	20	2	20 0 
 4070	20	2	20 0 
 4071	20	2	20 0 
 4072	20	2	20 0 
 4073	20	2	20 0 
 4074	20	2	20 0 
 4075	20	2	20 0 
 4076	20	2	20 0 
 4077	20	2	20 0 
 4078	20	2	20 0 
 4079	20	2	20 0 
 4080	20	2	20 0 
 4081	20	2	20 0 
 4082	20	2	20 0 
 4083	20	2	20 0 
 4084	20	2	20 0 
 4085	20	2	20 0 
 4086	20	2	20 0 
 4087	20	2	20 0 
 4088	20	2	20 0 
 4089	20	2	17 3 
 4090	20	2	20 0 
 4091	20	2	20 0 
 4092	20	2	19 1 
 4093	20	2	19 1 
 4094	20	2	20 0 
 4095	20	2	17 3 
 4096	20	2	20 0 
 4097	20	2	17 3 
 4098	20	2	9 11 
 4099	20	2	20 0 
 4100	20	2	19 1 
 4101	20	2	11 9 
 4102	20	2	9 11 
 4103	20	2	9 11 
 4104	20	2	18 2 
 4105	20	2	20 0 
 4106	20	2	18 2 
 4107	20	2	20 0 
 4108	20	2	20 0 
 4109	20	2	20 0 
 4110	20	2	19 1 
 4111	20	2	18 2 
 4112	20	2	19 1 
 4113	20	2	9 11 
 4114	20	2	19 1 
 4115	20	2	18 2 
 4116	20	2	19 1 
 4117	20	2	18 2 
 4118	20	2	9 11 
 4119	20	2	14 6 
 4120	20	2	19 1 
 4121	20	2	20 0 
 4122	20	2	20 0 
 4123	20	2	16 4 
 4124	20	2	19 1 
 4125	20	2	12 8 
 4126	20	2	6 14 
 4127	20	2	8 12 
 4128	20	2	20 0 
 4129	20	2	0 20 
 4130	20	2	20 0 
 4131	20	2	20 0 
 4132	20	2	19 1 
 4133	20	2	19 1 
 4134	20	2	11 9 
 4135	20	2	19 1 
 4136	20	2	20 0 
 4137	20	2	12 8 
 4138	20	2	19 1 
 4139	20	2	20 0 
 4140	20	2	20 0 
 4141	20	2	20 0 
 4142	20	2	2 18 
 4143	20	2	17 3 
 4144	20	2	20 0 
 4145	20	2	20 0 
 4146	20	2	19 1 
 4147	20	2	20 0 
 4148	20	2	0 20 
 4149	20	2	20 0 
 4150	20	2	20 0 
 4151	20	2	20 0 
 4152	20	2	20 0 
 4153	20	2	18 2 
 4154	20	2	20 0 
 4155	20	2	20 0 
 4156	20	2	12 8 
 4157	20	2	18 2 
 4158	20	2	6 14 
 4159	20	2	20 0 
 4160	20	2	20 0 
 4161	20	2	20 0 
 4162	20	2	20 0 
 4163	20	2	20 0 
 4164	20	2	19 1 
 4165	20	2	20 0 
 4166	20	2	20 0 
 4167	20	2	20 0 
 4168	20	2	18 2 
 4169	20	2	20 0 
 4170	20	2	19 1 
 4171	20	2	20 0 
 4172	20	2	15 5 
 4173	20	2	20 0 
 4174	20	2	18 2 
 4175	20	2	20 0 
 4176	20	2	13 7 
 4177	20	2	18 2 
 4178	20	2	19 1 
 4179	20	2	20 0 
 4180	20	2	13 7 
 4181	20	2	13 7 
 4182	20	2	19 1 
 4183	20	2	19 1 
 4184	20	2	19 1 
 4185	20	2	20 0 
 4186	20	2	20 0 
 4187	20	2	20 0 
 4188	20	2	20 0 
 4189	20	2	20 0 
 4190	20	2	20 0 
 4191	20	2	20 0 
 4192	20	2	20 0 
 4193	20	2	20 0 
 4194	20	2	20 0 
 4195	20	2	20 0 
 4196	20	2	13 7 
 4197	20	2	17 3 
 4198	20	2	19 1 
 4199	20	2	20 0 
 4200	20	2	20 0 
 4201	20	2	20 0 
 4202	20	2	19 1 
 4203	20	2	19 1 
 4204	20	2	20 0 
 4205	20	2	20 0 
 4206	20	2	11 9 
 4207	20	2	5 15 
 4208	20	2	20 0 
 4209	20	2	2 18 
 4210	20	2	19 1 
 4211	20	2	18 2 
 4212	20	2	18 2 
 4213	20	2	19 1 
 4214	20	2	18 2 
 4215	20	2	18 2 
 4216	20	2	19 1 
 4217	20	2	10 10 
 4218	20	2	20 0 
 4219	20	2	20 0 
 4220	20	2	19 1 
 4221	20	2	20 0 
 4222	20	2	20 0 
 4223	20	2	20 0 
 4224	20	2	20 0 
 4225	20	2	8 12 
 4226	20	2	19 1 
 4227	20	2	12 8 
 4228	20	2	17 3 
 4229	20	2	15 5 
 4230	20	2	20 0 
 4231	20	2	15 5 
 4232	20	2	18 2 
 4233	20	2	20 0 
 4234	20	2	20 0 
 4235	20	2	20 0 
 4236	20	2	20 0 
 4237	20	2	20 0 
 4238	20	2	0 20 
 4239	20	2	20 0 
 4240	20	2	0 20 
 4241	20	2	0 20 
 4242	20	2	13 7 
 4243	20	2	0 20 
 4244	20	2	0 20 
 4245	20	2	20 0 
 4246	20	2	18 2 
 4247	20	2	20 0 
 4248	20	2	20 0 
 4249	20	2	18 2 
 4250	20	2	20 0 
 4251	20	2	20 0 
 4252	20	2	20 0 
 4253	20	2	19 1 
 4254	20	2	20 0 
 4255	20	2	20 0 
 4256	20	2	20 0 
 4257	20	2	20 0 
 4258	20	2	20 0 
 4259	20	2	20 0 
 4260	20	2	19 1 
 4261	20	2	20 0 
 4262	20	2	20 0 
 4263	20	2	20 0 
 4264	20	2	17 3 
 4265	20	2	20 0 
 4266	20	2	20 0 
 4267	20	2	16 4 
 4268	20	2	16 4 
 4269	20	2	20 0 
 4270	20	2	18 2 
 4271	20	2	20 0 
 4272	20	2	19 1 
 4273	20	2	19 1 
 4274	20	2	20 0 
 4275	20	2	20 0 
 4276	20	2	17 3 
 4277	20	2	19 1 
 4278	20	2	20 0 
 4279	20	2	20 0 
 4280	20	2	19 1 
 4281	20	2	19 1 
 4282	20	2	17 3 
 4283	20	2	17 3 
 4284	20	2	20 0 
 4285	20	2	19 1 
 4286	20	2	19 1 
 4287	20	2	20 0 
 4288	20	2	20 0 
 4289	20	2	16 4 
 4290	20	2	17 3 
 4291	20	2	20 0 
 4292	20	2	16 4 
 4293	20	2	20 0 
 4294	20	2	19 1 
 4295	20	2	19 1 
 4296	20	2	18 2 
 4297	20	2	20 0 
 4298	20	2	19 1 
 4299	20	2	20 0 
 4300	20	2	19 1 
 4301	20	2	13 7 
 4302	20	2	20 0 
 4303	20	2	11 9 
 4304	20	2	20 0 
 4305	20	2	2 18 
 4306	20	2	2 18 
 4307	20	2	18 2 
 4308	20	2	2 18 
 4309	20	2	16 4 
 4310	20	2	20 0 
 4311	20	2	20 0 
 4312	20	2	19 1 
 4313	20	2	20 0 
 4314	20	2	20 0 
 4315	20	2	20 0 
 4316	20	2	20 0 
 4317	20	2	20 0 
 4318	20	2	20 0 
 4319	20	2	20 0 
 4320	20	2	20 0 
 4321	20	2	20 0 
 4322	20	2	20 0 
 4323	20	2	20 0 
 4324	20	2	16 4 
 4325	20	2	20 0 
 4326	20	2	20 0 
 4327	20	2	20 0 
 4328	20	2	20 0 
 4329	20	2	9 11 
 4330	20	2	20 0 
 4331	20	2	19 1 
 4332	20	2	20 0 
 4333	20	2	20 0 
 4334	20	2	20 0 
 4335	20	2	20 0 
 4336	20	2	20 0 
 4337	20	2	20 0 
 4338	20	2	20 0 
 4339	20	2	20 0 
 4340	20	2	18 2 
 4341	20	2	20 0 
 4342	20	2	14 6 
 4343	20	2	20 0 
 4344	20	2	20 0 
 4345	20	2	20 0 
 4346	20	2	12 8 
 4347	20	2	12 8 
 4348	20	2	12 8 
 4349	20	2	20 0 
 4350	20	2	19 1 
 4351	20	2	20 0 
 4352	20	2	13 7 
 4353	20	2	18 2 
 4354	20	2	13 7 
 4355	20	2	13 7 
 4356	20	2	13 7 
 4357	20	2	17 3 
 4358	20	2	20 0 
 4359	20	2	19 1 
 4360	20	2	19 1 
 4361	20	2	20 0 
 4362	20	2	13 7 
 4363	20	2	19 1 
 4364	20	2	13 7 
 4365	20	2	13 7 
 4366	20	2	20 0 
 4367	20	2	19 1 
 4368	20	2	19 1 
 4369	20	2	17 3 
 4370	20	2	17 3 
 4371	20	2	20 0 
 4372	20	2	0 20 
 4373	20	2	20 0 
 4374	20	2	17 3 
 4375	20	2	11 9 
 4376	20	2	0 20 
 4377	20	2	19 1 
 4378	20	2	20 0 
 4379	20	2	20 0 
 4380	20	2	20 0 
 4381	20	2	20 0 
 4382	20	2	19 1 
 4383	20	2	20 0 
 4384	20	2	18 2 
 4385	20	2	15 5 
 4386	20	2	20 0 
 4387	20	2	20 0 
 4388	20	2	20 0 
 4389	20	2	19 1 
 4390	20	2	19 1 
 4391	20	2	19 1 
 4392	20	2	19 1 
 4393	20	2	20 0 
 4394	20	2	18 2 
 4395	20	2	20 0 
 4396	20	2	19 1 
 4397	20	2	17 3 
 4398	20	2	16 4 
 4399	20	2	19 1 
 4400	20	2	17 3 
 4401	20	2	20 0 
 4402	20	2	20 0 
 4403	20	2	20 0 
 4404	20	2	20 0 
 4405	20	2	17 3 
 4406	20	2	19 1 
 4407	20	2	20 0 
 4408	20	2	20 0 
 4409	20	2	20 0 
 4410	20	2	19 1 
 4411	20	2	19 1 
 4412	20	2	20 0 
 4413	20	2	18 2 
 4414	20	2	19 1 
 4415	20	2	19 1 
 4416	20	2	20 0 
 4417	20	2	20 0 
 4418	20	2	20 0 
 4419	20	2	12 8 
 4420	20	2	6 14 
 4421	20	2	7 13 
 4422	20	2	20 0 
 4423	20	2	16 4 
 4424	20	2	20 0 
 4425	20	2	20 0 
 4426	20	2	19 1 
 4427	20	2	14 6 
 4428	20	2	14 6 
 4429	20	2	19 1 
 4430	20	2	20 0 
 4431	20	2	18 2 
 4432	20	2	19 1 
 4433	20	2	20 0 
 4434	20	2	19 1 
 4435	20	2	20 0 
 4436	20	2	18 2 
 4437	20	2	18 2 
 4438	20	2	17 3 
 4439	20	2	20 0 
 4440	20	2	20 0 
 4441	20	2	19 1 
 4442	20	2	20 0 
 4443	20	2	20 0 
 4444	20	2	19 1 
 4445	20	2	18 2 
 4446	20	2	20 0 
 4447	20	2	20 0 
 4448	20	2	17 3 
 4449	20	2	20 0 
 4450	20	2	16 4 
 4451	20	2	19 1 
 4452	20	2	19 1 
 4453	20	2	19 1 
 4454	20	2	19 1 
 4455	20	2	19 1 
 4456	20	2	19 1 
 4457	20	2	20 0 
 4458	20	2	20 0 
 4459	20	2	20 0 
 4460	20	2	20 0 
 4461	20	2	17 3 
 4462	20	2	20 0 
 4463	20	2	19 1 
 4464	20	2	20 0 
 4465	20	2	18 2 
 4466	20	2	17 3 
 4467	20	2	19 1 
 4468	20	2	20 0 
 4469	20	2	20 0 
 4470	20	2	20 0 
 4471	20	2	20 0 
 4472	20	2	20 0 
 4473	20	2	20 0 
 4474	20	2	18 2 
 4475	20	2	20 0 
 4476	20	2	17 3 
 4477	20	2	17 3 
 4478	20	2	17 3 
 4479	20	2	19 1 
 4480	20	2	18 2 
 4481	20	2	17 3 
 4482	20	2	20 0 
 4483	20	2	17 3 
 4484	20	2	17 3 
 4485	20	2	17 3 
 4486	20	2	17 3 
 4487	20	2	19 1 
 4488	20	2	20 0 
 4489	20	2	18 2 
 4490	20	2	18 2 
 4491	20	2	20 0 
 4492	20	2	20 0 
 4493	20	2	17 3 
 4494	20	2	18 2 
 4495	20	2	20 0 
 4496	20	2	10 10 
 4497	20	2	1 19 
 4498	20	2	20 0 
 4499	20	2	19 1 
 4500	20	2	20 0 
 4501	20	2	19 1 
 4502	20	2	20 0 
 4503	20	2	17 3 
 4504	20	2	17 3 
 4505	20	2	17 3 
 4506	20	2	17 3 
 4507	20	2	19 1 
 4508	20	2	19 1 
 4509	20	2	17 3 
 4510	20	2	19 1 
 4511	20	2	19 1 
 4512	20	2	20 0 
 4513	20	2	17 3 
 4514	20	2	20 0 
 4515	20	2	17 3 
 4516	20	2	20 0 
 4517	20	2	20 0 
 4518	20	2	20 0 
 4519	20	2	20 0 
 4520	20	2	20 0 
 4521	20	2	20 0 
 4522	20	2	0 20 
 4523	20	2	20 0 
 4524	20	2	20 0 
 4525	20	2	18 2 
 4526	20	2	20 0 
 4527	20	2	20 0 
 4528	20	2	20 0 
 4529	20	2	20 0 
 4530	20	2	1 19 
 4531	20	2	19 1 
 4532	20	2	18 2 
 4533	20	2	18 2 
 4534	20	2	16 4 
 4535	20	2	14 6 
 4536	20	2	14 6 
 4537	20	2	17 3 
 4538	20	2	16 4 
 4539	20	2	20 0 
 4540	20	2	20 0 
 4541	20	2	20 0 
 4542	20	2	20 0 
 4543	20	2	20 0 
 4544	20	2	19 1 
 4545	20	2	19 1 
 4546	20	2	6 14 
 4547	20	2	20 0 
 4548	20	2	13 7 
 4549	20	2	17 3 
 4550	20	2	13 7 
 4551	20	2	19 1 
 4552	20	2	20 0 
 4553	20	2	17 3 
 4554	20	2	20 0 
 4555	20	2	16 4 
 4556	20	2	20 0 
 4557	20	2	20 0 
 4558	20	2	20 0 
 4559	20	2	20 0 
 4560	20	2	19 1 
 4561	20	2	19 1 
 4562	20	2	19 1 
 4563	20	2	20 0 
 4564	20	2	16 4 
 4565	20	2	19 1 
 4566	20	2	20 0 
 4567	20	2	19 1 
 4568	20	2	19 1 
 4569	20	2	19 1 
 4570	20	2	19 1 
 4571	20	2	20 0 
 4572	20	2	20 0 
 4573	20	2	19 1 
 4574	20	2	20 0 
 4575	20	2	20 0 
 4576	20	2	20 0 
 4577	20	2	19 1 
 4578	20	2	19 1 
 4579	20	2	17 3 
 4580	20	2	13 7 
 4581	20	2	20 0 
 4582	20	2	11 9 
 4583	20	2	13 7 
 4584	20	2	20 0 
 4585	20	2	16 4 
 4586	20	2	20 0 
 4587	20	2	20 0 
 4588	20	2	20 0 
 4589	20	2	20 0 
 4590	20	2	17 3 
 4591	20	2	20 0 
 4592	20	2	19 1 
 4593	20	2	19 1 
 4594	20	2	19 1 
 4595	20	2	20 0 
 4596	20	2	20 0 
 4597	20	2	20 0 
 4598	20	2	18 2 
 4599	20	2	20 0 
 4600	20	2	20 0 
 4601	20	2	20 0 
 4602	20	2	20 0 
 4603	20	2	20 0 
 4604	20	2	20 0 
 4605	20	2	10 10 
 4606	20	2	19 1 
 4607	20	2	19 1 
 4608	20	2	20 0 
 4609	20	2	20 0 
 4610	20	2	20 0 
 4611	20	2	20 0 
 4612	20	2	19 1 
 4613	20	2	19 1 
 4614	20	2	20 0 
 4615	20	2	13 7 
 4616	20	2	20 0 
 4617	20	2	20 0 
 4618	20	2	20 0 
 4619	20	2	20 0 
 4620	20	2	20 0 
 4621	20	2	18 2 
 4622	20	2	15 5 
 4623	20	2	20 0 
 4624	20	2	16 4 
 4625	20	2	15 5 
 4626	20	2	14 6 
 4627	20	2	14 6 
 4628	20	2	19 1 
 4629	20	2	14 6 
 4630	20	2	1 19 
 4631	20	2	20 0 
 4632	20	2	20 0 
 4633	20	2	20 0 
 4634	20	2	18 2 
 4635	20	2	20 0 
 4636	20	2	20 0 
 4637	20	2	14 6 
 4638	20	2	20 0 
 4639	20	2	14 6 
 4640	20	2	1 19 
 4641	20	2	20 0 
 4642	20	2	13 7 
 4643	20	2	16 4 
 4644	20	2	2 18 
 4645	20	2	9 11 
 4646	20	2	20 0 
 4647	20	2	9 11 
 4648	20	2	7 13 
 4649	20	2	20 0 
 4650	20	2	20 0 
 4651	20	2	20 0 
 4652	20	2	19 1 
 4653	20	2	18 2 
 4654	20	2	20 0 
 4655	20	2	19 1 
 4656	20	2	20 0 
 4657	20	2	19 1 
 4658	20	2	20 0 
 4659	20	2	20 0 
 4660	20	2	20 0 
 4661	20	2	18 2 
 4662	20	2	19 1 
 4663	20	2	20 0 
 4664	20	2	20 0 
 4665	20	2	20 0 
 4666	20	2	20 0 
 4667	20	2	20 0 
 4668	20	2	20 0 
 4669	20	2	20 0 
 4670	20	2	20 0 
 4671	20	2	20 0 
 4672	20	2	20 0 
 4673	20	2	20 0 
 4674	20	2	20 0 
 4675	20	2	20 0 
 4676	20	2	20 0 
 4677	20	2	19 1 
 4678	20	2	19 1 
 4679	20	2	20 0 
 4680	20	2	19 1 
 4681	20	2	20 0 
 4682	20	2	20 0 
 4683	20	2	19 1 
 4684	20	2	17 3 
 4685	20	2	20 0 
 4686	20	2	19 1 
 4687	20	2	19 1 
 4688	20	2	20 0 
 4689	20	2	19 1 
 4690	20	2	19 1 
 4691	20	2	17 3 
 4692	20	2	20 0 
 4693	20	2	20 0 
 4694	20	2	20 0 
 4695	20	2	20 0 
 4696	20	2	6 14 
 4697	20	2	2 18 
 4698	20	2	20 0 
 4699	20	2	12 8 
 4700	20	2	20 0 
 4701	20	2	20 0 
 4702	20	2	20 0 
 4703	20	2	15 5 
 4704	20	2	20 0 
 4705	20	2	20 0 
 4706	20	2	20 0 
 4707	20	2	20 0 
 4708	20	2	20 0 
 4709	20	2	18 2 
 4710	20	2	5 15 
 4711	20	2	19 1 
 4712	20	2	18 2 
 4713	20	2	17 3 
 4714	20	2	20 0 
 4715	20	2	19 1 
 4716	20	2	19 1 
 4717	20	2	19 1 
 4718	20	2	20 0 
 4719	20	2	19 1 
 4720	20	2	20 0 
 4721	20	2	20 0 
 4722	20	2	19 1 
 4723	20	2	19 1 
 4724	20	2	20 0 
 4725	20	2	20 0 
 4726	20	2	20 0 
 4727	20	2	20 0 
 4728	20	2	17 3 
 4729	20	2	20 0 
 4730	20	2	20 0 
 4731	20	2	20 0 
 4732	20	2	20 0 
 4733	20	2	19 1 
 4734	20	2	20 0 
 4735	20	2	20 0 
 4736	20	2	18 2 
 4737	20	2	20 0 
 4738	20	2	19 1 
 4739	20	2	20 0 
 4740	20	2	14 6 
 4741	20	2	20 0 
 4742	20	2	14 6 
 4743	20	2	14 6 
 4744	20	2	20 0 
 4745	20	2	14 6 
 4746	20	2	20 0 
 4747	20	2	18 2 
 4748	20	2	20 0 
 4749	20	2	18 2 
 4750	20	2	11 9 
 4751	20	2	20 0 
 4752	20	2	19 1 
 4753	20	2	20 0 
 4754	20	2	20 0 
 4755	20	2	20 0 
 4756	20	2	6 14 
 4757	20	2	20 0 
 4758	20	2	19 1 
 4759	20	2	19 1 
 4760	20	2	19 1 
 4761	20	2	19 1 
 4762	20	2	19 1 
 4763	20	2	19 1 
 4764	20	2	19 1 
 4765	20	2	20 0 
 4766	20	2	20 0 
 4767	20	2	20 0 
 4768	20	2	20 0 
 4769	20	2	20 0 
 4770	20	2	20 0 
 4771	20	2	20 0 
 4772	20	2	18 2 
 4773	20	2	16 4 
 4774	20	2	20 0 
 4775	20	2	20 0 
 4776	20	2	20 0 
 4777	20	2	20 0 
 4778	20	2	20 0 
 4779	20	2	17 3 
 4780	20	2	20 0 
 4781	20	2	20 0 
 4782	20	2	14 6 
 4783	20	2	10 10 
 4784	20	2	20 0 
 4785	20	2	20 0 
 4786	20	2	20 0 
 4787	20	2	20 0 
 4788	20	2	10 10 
 4789	20	2	18 2 
 4790	20	2	18 2 
 4791	20	2	20 0 
 4792	20	2	19 1 
 4793	20	2	20 0 
 4794	20	2	19 1 
 4795	20	2	19 1 
 4796	20	2	20 0 
 4797	20	2	19 1 
 4798	20	2	20 0 
 4799	20	2	19 1 
 4800	20	2	19 1 
 4801	20	2	19 1 
 4802	20	2	20 0 
 4803	20	2	20 0 
 4804	20	2	11 9 
 4805	20	2	20 0 
 4806	20	2	20 0 
 4807	20	2	20 0 
 4808	20	2	20 0 
 4809	20	2	20 0 
 4810	20	2	20 0 
 4811	20	2	18 2 
 4812	20	2	19 1 
 4813	20	2	2 18 
 4814	20	2	20 0 
 4815	20	2	20 0 
 4816	20	2	20 0 
 4817	20	2	19 1 
 4818	20	2	20 0 
 4819	20	2	12 8 
 4820	20	2	20 0 
 4821	20	2	12 8 
 4822	20	2	14 6 
 4823	20	2	20 0 
 4824	20	2	17 3 
 4825	20	2	20 0 
 4826	20	2	20 0 
 4827	20	2	20 0 
 4828	20	2	20 0 
 4829	20	2	20 0 
 4830	20	2	20 0 
 4831	20	2	17 3 
 4832	20	2	19 1 
 4833	20	2	20 0 
 4834	20	2	17 3 
 4835	20	2	9 11 
 4836	20	2	9 11 
 4837	20	2	9 11 
 4838	20	2	11 9 
 4839	20	2	11 9 
 4840	20	2	11 9 
 4841	20	2	17 3 
 4842	20	2	7 13 
 4843	20	2	19 1 
 4844	20	2	19 1 
 4845	20	2	19 1 
 4846	20	2	20 0 
 4847	20	2	20 0 
 4848	20	2	19 1 
 4849	20	2	20 0 
 4850	20	2	20 0 
 4851	20	2	19 1 
 4852	20	2	20 0 
 4853	20	2	20 0 
 4854	20	2	20 0 
 4855	20	2	20 0 
 4856	20	2	20 0 
 4857	20	2	20 0 
 4858	20	2	20 0 
 4859	20	2	19 1 
 4860	20	2	20 0 
 4861	20	2	20 0 
 4862	20	2	13 7 
 4863	20	2	20 0 
 4864	20	2	20 0 
 4865	20	2	20 0 
 4866	20	2	20 0 
 4867	20	2	20 0 
 4868	20	2	19 1 
 4869	20	2	19 1 
 4870	20	2	19 1 
 4871	20	2	19 1 
 4872	20	2	15 5 
 4873	20	2	20 0 
 4874	20	2	20 0 
 4875	20	2	16 4 
 4876	20	2	20 0 
 4877	20	2	19 1 
 4878	20	2	20 0 
 4879	20	2	20 0 
 4880	20	2	20 0 
 4881	20	2	19 1 
 4882	20	2	19 1 
 4883	20	2	19 1 
 4884	20	2	20 0 
 4885	20	2	19 1 
 4886	20	2	20 0 
 4887	20	2	20 0 
 4888	20	2	20 0 
 4889	20	2	1 19 
 4890	20	2	17 3 
 4891	20	2	17 3 
 4892	20	2	20 0 
 4893	20	2	14 6 
 4894	20	2	19 1 
 4895	20	2	18 2 
 4896	20	2	19 1 
 4897	20	2	18 2 
 4898	20	2	18 2 
 4899	20	2	17 3 
 4900	20	2	20 0 
 4901	20	2	20 0 
 4902	20	2	20 0 
 4903	20	2	20 0 
 4904	20	2	17 3 
 4905	20	2	20 0 
 4906	20	2	18 2 
 4907	20	2	20 0 
 4908	20	2	20 0 
 4909	20	2	20 0 
 4910	20	2	19 1 
 4911	20	2	20 0 
 4912	20	2	20 0 
 4913	20	2	20 0 
 4914	20	2	17 3 
 4915	20	2	20 0 
 4916	20	2	19 1 
 4917	20	2	20 0 
 4918	20	2	16 4 
 4919	20	2	19 1 
 4920	20	2	20 0 
 4921	20	2	17 3 
 4922	20	2	18 2 
 4923	20	2	20 0 
 4924	20	2	20 0 
 4925	20	2	4 16 
 4926	20	2	20 0 
 4927	20	2	16 4 
 4928	20	2	18 2 
 4929	20	2	20 0 
 4930	20	2	20 0 
 4931	20	2	19 1 
 4932	20	2	20 0 
 4933	20	2	20 0 
 4934	20	2	20 0 
 4935	20	2	20 0 
 4936	20	2	20 0 
 4937	20	2	16 4 
 4938	20	2	17 3 
 4939	20	2	17 3 
 4940	20	2	16 4 
 4941	20	2	20 0 
 4942	20	2	11 9 
 4943	20	2	11 9 
 4944	20	2	11 9 
 4945	20	2	18 2 
 4946	20	2	20 0 
 4947	20	2	20 0 
 4948	20	2	20 0 
 4949	20	2	20 0 
 4950	20	2	20 0 
 4951	20	2	20 0 
 4952	20	2	20 0 
 4953	20	2	3 17 
 4954	20	2	19 1 
 4955	20	2	15 5 
 4956	20	2	18 2 
 4957	20	2	19 1 
 4958	20	2	18 2 
 4959	20	2	20 0 
 4960	20	2	20 0 
 4961	20	2	20 0 
 4962	20	2	3 17 
 4963	20	2	17 3 
 4964	20	2	20 0 
 4965	20	2	20 0 
 4966	20	2	20 0 
 4967	20	2	20 0 
 4968	20	2	20 0 
 4969	20	2	20 0 
 4970	20	2	20 0 
 4971	20	2	20 0 
 4972	20	2	16 4 
 4973	20	2	16 4 
 4974	20	2	16 4 
 4975	20	2	20 0 
 4976	20	2	15 5 
 4977	20	2	20 0 
 4978	20	2	19 1 
 4979	20	2	18 2 
 4980	20	2	20 0 
 4981	20	2	19 1 
 4982	20	2	20 0 
 4983	20	2	20 0 
 4984	20	2	19 1 
 4985	20	2	13 7 
 4986	20	2	20 0 
 4987	20	2	20 0 
 4988	20	2	0 20 
 4989	20	2	17 3 
 4990	20	2	16 4 
 4991	20	2	16 4 
 4992	20	2	18 2 
 4993	20	2	14 6 
 4994	20	2	19 1 
 4995	20	2	20 0 
 4996	20	2	14 6 
 4997	20	2	20 0 
 4998	20	2	17 3 
 4999	20	2	20 0 
 5000	20	2	16 4 
 5001	20	2	20 0 
 5002	20	2	18 2 
 5003	20	2	20 0 
 5004	20	2	20 0 
 5005	20	2	20 0 
 5006	20	2	20 0 
 5007	20	2	20 0 
 5008	20	2	20 0 
 5009	20	2	20 0 
 5010	20	2	20 0 
 5011	20	2	20 0 
 5012	20	2	20 0 
 5013	20	2	20 0 
 5014	20	2	19 1 
 5015	20	2	20 0 
 5016	20	2	20 0 
 5017	20	2	20 0 
 5018	20	2	20 0 
 5019	20	2	20 0 
 5020	20	2	20 0 
 5021	20	2	20 0 
 5022	20	2	20 0 
 5023	20	2	20 0 
 5024	20	2	20 0 
 5025	20	2	20 0 
 5026	20	2	20 0 
 5027	20	2	19 1 
 5028	20	2	20 0 
 5029	20	2	20 0 
 5030	20	2	19 1 
 5031	20	2	20 0 
 5032	20	2	19 1 
 5033	20	2	20 0 
 5034	20	2	20 0 
 5035	20	2	3 17 
 5036	20	2	3 17 
 5037	20	2	20 0 
 5038	20	2	3 17 
 5039	20	2	17 3 
 5040	20	2	20 0 
 5041	20	2	20 0 
 5042	20	2	20 0 
 5043	20	2	20 0 
 5044	20	2	20 0 
 5045	20	2	15 5 
 5046	20	2	18 2 
 5047	20	2	20 0 
 5048	20	2	20 0 
 5049	20	2	15 5 
 5050	20	2	15 5 
 5051	20	2	19 1 
 5052	20	2	19 1 
 5053	20	2	20 0 
 5054	20	2	20 0 
 5055	20	2	19 1 
 5056	20	2	20 0 
 5057	20	2	20 0 
 5058	20	2	20 0 
 5059	20	2	20 0 
 5060	20	2	20 0 
 5061	20	2	20 0 
 5062	20	2	20 0 
 5063	20	2	20 0 
 5064	20	2	19 1 
 5065	20	2	20 0 
 5066	20	2	19 1 
 5067	20	2	19 1 
 5068	20	2	20 0 
 5069	20	2	17 3 
 5070	20	2	19 1 
 5071	20	2	11 9 
 5072	20	2	20 0 
 5073	20	2	20 0 
 5074	20	2	18 2 
 5075	20	2	20 0 
 5076	20	2	20 0 
 5077	20	2	20 0 
 5078	20	2	20 0 
 5079	20	2	2 18 
 5080	20	2	13 7 
 5081	20	2	20 0 
 5082	20	2	20 0 
 5083	20	2	12 8 
 5084	20	2	12 8 
 5085	20	2	20 0 
 5086	20	2	20 0 
 5087	20	2	20 0 
 5088	20	2	5 15 
 5089	20	2	19 1 
 5090	20	2	20 0 
 5091	20	2	19 1 
 5092	20	2	20 0 
 5093	20	2	19 1 
 5094	20	2	19 1 
 5095	20	2	17 3 
 5096	20	2	20 0 
 5097	20	2	20 0 
 5098	20	2	20 0 
 5099	20	2	1 19 
 5100	20	2	15 5 
 5101	20	2	19 1 
 5102	20	2	2 18 
 5103	20	2	2 18 
 5104	20	2	20 0 
 5105	20	2	7 13 
 5106	20	2	18 2 
 5107	20	2	20 0 
 5108	20	2	2 18 
 5109	20	2	20 0 
 5110	20	2	20 0 
 5111	20	2	20 0 
 5112	20	2	19 1 
 5113	20	2	20 0 
 5114	20	2	20 0 
 5115	20	2	20 0 
 5116	20	2	20 0 
 5117	20	2	20 0 
 5118	20	2	15 5 
 5119	20	2	19 1 
 5120	20	2	20 0 
 5121	20	2	19 1 
 5122	20	2	20 0 
 5123	20	2	20 0 
 5124	20	2	18 2 
 5125	20	2	20 0 
 5126	20	2	19 1 
 5127	20	2	20 0 
 5128	20	2	20 0 
 5129	20	2	19 1 
 5130	20	2	18 2 
 5131	20	2	20 0 
 5132	20	2	19 1 
 5133	20	2	20 0 
 5134	20	2	20 0 
 5135	20	2	20 0 
 5136	20	2	20 0 
 5137	20	2	20 0 
 5138	20	2	20 0 
 5139	20	2	18 2 
 5140	20	2	20 0 
 5141	20	2	20 0 
 5142	20	2	20 0 
 5143	20	2	19 1 
 5144	20	2	20 0 
 5145	20	2	6 14 
 5146	20	2	11 9 
 5147	20	2	19 1 
 5148	20	2	20 0 
 5149	20	2	20 0 
 5150	20	2	4 16 
 5151	20	2	11 9 
 5152	20	2	19 1 
 5153	20	2	4 16 
 5154	20	2	16 4 
 5155	20	2	20 0 
 5156	20	2	20 0 
 5157	20	2	19 1 
 5158	20	2	20 0 
 5159	20	2	20 0 
 5160	20	2	20 0 
 5161	20	2	20 0 
 5162	20	2	16 4 
 5163	20	2	20 0 
 5164	20	2	20 0 
 5165	20	2	20 0 
 5166	20	2	19 1 
 5167	20	2	20 0 
 5168	20	2	20 0 
 5169	20	2	6 14 
 5170	20	2	20 0 
 5171	20	2	6 14 
 5172	20	2	20 0 
 5173	20	2	20 0 
 5174	20	2	19 1 
 5175	20	2	20 0 
 5176	20	2	20 0 
 5177	20	2	20 0 
 5178	20	2	20 0 
 5179	20	2	20 0 
 5180	20	2	1 19 
 5181	20	2	19 1 
 5182	20	2	0 20 
 5183	20	2	20 0 
 5184	20	2	20 0 
 5185	20	2	20 0 
 5186	20	2	7 13 
 5187	20	2	7 13 
 5188	20	2	20 0 
 5189	20	2	16 4 
 5190	20	2	20 0 
 5191	20	2	7 13 
 5192	20	2	18 2 
 5193	20	2	7 13 
 5194	20	2	1 19 
 5195	20	2	17 3 
 5196	20	2	20 0 
 5197	20	2	20 0 
 5198	20	2	20 0 
 5199	20	2	20 0 
 5200	20	2	20 0 
 5201	20	2	9 11 
 5202	20	2	4 16 
 5203	20	2	20 0 
 5204	20	2	20 0 
 5205	20	2	19 1 
 5206	20	2	19 1 
 5207	20	2	15 5 
 5208	20	2	17 3 
 5209	20	2	18 2 
 5210	20	2	7 13 
 5211	20	2	20 0 
 5212	20	2	12 8 
 5213	20	2	7 13 
 5214	20	2	17 3 
 5215	20	2	15 5 
 5216	20	2	20 0 
 5217	20	2	15 5 
 5218	20	2	19 1 
 5219	20	2	20 0 
 5220	20	2	19 1 
 5221	20	2	20 0 
 5222	20	2	19 1 
 5223	20	2	16 4 
 5224	20	2	20 0 
 5225	20	2	18 2 
 5226	20	2	20 0 
 5227	20	2	20 0 
 5228	20	2	19 1 
 5229	20	2	17 3 
 5230	20	2	20 0 
 5231	20	2	16 4 
 5232	20	2	20 0 
 5233	20	2	19 1 
 5234	20	2	18 2 
 5235	20	2	2 18 
 5236	20	2	17 3 
 5237	20	2	12 8 
 5238	20	2	20 0 
 5239	20	2	16 4 
 5240	20	2	18 2 
 5241	20	2	20 0 
 5242	20	2	20 0 
 5243	20	2	4 16 
 5244	20	2	14 6 
 5245	20	2	14 6 
 5246	20	2	14 6 
 5247	20	2	19 1 
 5248	20	2	20 0 
 5249	20	2	20 0 
 5250	20	2	20 0 
 5251	20	2	20 0 
 5252	20	2	5 15 
 5253	20	2	10 10 
 5254	20	2	17 3 
 5255	20	2	20 0 
 5256	20	2	20 0 
 5257	20	2	19 1 
 5258	20	2	20 0 
 5259	20	2	20 0 
 5260	20	2	20 0 
 5261	20	2	19 1 
 5262	20	2	20 0 
 5263	20	2	18 2 
 5264	20	2	19 1 
 5265	20	2	20 0 
 5266	20	2	20 0 
 5267	20	2	19 1 
 5268	20	2	19 1 
 5269	20	2	20 0 
 5270	20	2	20 0 
 5271	20	2	20 0 
 5272	20	2	4 16 
 5273	20	2	20 0 
 5274	20	2	10 10 
 5275	20	2	20 0 
 5276	20	2	19 1 
 5277	20	2	19 1 
 5278	20	2	20 0 
 5279	20	2	19 1 
 5280	20	2	20 0 
 5281	20	2	20 0 
 5282	20	2	20 0 
 5283	20	2	20 0 
 5284	20	2	20 0 
 5285	20	2	18 2 
 5286	20	2	20 0 
 5287	20	2	19 1 
 5288	20	2	20 0 
 5289	20	2	20 0 
 5290	20	2	20 0 
 5291	20	2	20 0 
 5292	20	2	15 5 
 5293	20	2	2 18 
 5294	20	2	19 1 
 5295	20	2	20 0 
 5296	20	2	20 0 
 5297	20	2	20 0 
 5298	20	2	20 0 
 5299	20	2	20 0 
 5300	20	2	20 0 
 5301	20	2	20 0 
 5302	20	2	20 0 
 5303	20	2	20 0 
 5304	20	2	11 9 
 5305	20	2	20 0 
 5306	20	2	20 0 
 5307	20	2	0 20 
 5308	20	2	20 0 
 5309	20	2	20 0 
 5310	20	2	20 0 
 5311	20	2	20 0 
 5312	20	2	19 1 
 5313	20	2	19 1 
 5314	20	2	20 0 
 5315	20	2	20 0 
 5316	20	2	19 1 
 5317	20	2	20 0 
 5318	20	2	20 0 
 5319	20	2	19 1 
 5320	20	2	20 0 
 5321	20	2	20 0 
 5322	20	2	20 0 
 5323	20	2	13 7 
 5324	20	2	20 0 
 5325	20	2	20 0 
 5326	20	2	8 12 
 5327	20	2	20 0 
 5328	20	2	20 0 
 5329	20	2	18 2 
 5330	20	2	17 3 
 5331	20	2	20 0 
 5332	20	2	20 0 
 5333	20	2	8 12 
 5334	20	2	15 5 
 5335	20	2	18 2 
 5336	20	2	5 15 
 5337	20	2	5 15 
 5338	20	2	20 0 
 5339	20	2	20 0 
 5340	20	2	20 0 
 5341	20	2	19 1 
 5342	20	2	20 0 
 5343	20	2	18 2 
 5344	20	2	7 13 
 5345	20	2	19 1 
 5346	20	2	18 2 
 5347	20	2	3 17 
 5348	20	2	19 1 
 5349	20	2	10 10 
 5350	20	2	20 0 
 5351	20	2	16 4 
 5352	20	2	20 0 
 5353	20	2	20 0 
 5354	20	2	19 1 
 5355	20	2	20 0 
 5356	20	2	20 0 
 5357	20	2	20 0 
 5358	20	2	20 0 
 5359	20	2	19 1 
 5360	20	2	20 0 
 5361	20	2	20 0 
 5362	20	2	20 0 
 5363	20	2	20 0 
 5364	20	2	15 5 
 5365	20	2	20 0 
 5366	20	2	20 0 
 5367	20	2	20 0 
 5368	20	2	20 0 
 5369	20	2	20 0 
 5370	20	2	20 0 
 5371	20	2	19 1 
 5372	20	2	19 1 
 5373	20	2	20 0 
 5374	20	2	20 0 
 5375	20	2	20 0 
 5376	20	2	20 0 
 5377	20	2	20 0 
 5378	20	2	20 0 
 5379	20	2	20 0 
 5380	20	2	19 1 
 5381	20	2	20 0 
 5382	20	2	20 0 
 5383	20	2	20 0 
 5384	20	2	20 0 
 5385	20	2	20 0 
 5386	20	2	19 1 
 5387	20	2	20 0 
 5388	20	2	19 1 
 5389	20	2	10 10 
 5390	20	2	20 0 
 5391	20	2	8 12 
 5392	20	2	20 0 
 5393	20	2	20 0 
 5394	20	2	17 3 
 5395	20	2	19 1 
 5396	20	2	20 0 
 5397	20	2	20 0 
 5398	20	2	20 0 
 5399	20	2	20 0 
 5400	20	2	20 0 
 5401	20	2	20 0 
 5402	20	2	20 0 
 5403	20	2	20 0 
 5404	20	2	19 1 
 5405	20	2	20 0 
 5406	20	2	18 2 
 5407	20	2	20 0 
 5408	20	2	20 0 
 5409	20	2	18 2 
 5410	20	2	20 0 
 5411	20	2	16 4 
 5412	20	2	20 0 
 5413	20	2	18 2 
 5414	20	2	20 0 
 5415	20	2	20 0 
 5416	20	2	16 4 
 5417	20	2	20 0 
 5418	20	2	20 0 
 5419	20	2	16 4 
 5420	20	2	20 0 
 5421	20	2	20 0 
 5422	20	2	14 6 
 5423	20	2	16 4 
 5424	20	2	20 0 
 5425	20	2	20 0 
 5426	20	2	20 0 

[pop]=3
 1	20	2	17 3 
 2	20	2	20 0 
 3	20	2	17 3 
 4	20	2	17 3 
 5	20	2	18 2 
 6	20	2	19 1 
 7	20	2	16 4 
 8	20	2	16 4 
 9	20	2	16 4 
 10	20	2	16 4 
 11	20	2	11 9 
 12	20	2	11 9 
 13	20	2	11 9 
 14	20	2	19 1 
 15	20	2	20 0 
 16	20	2	15 5 
 17	20	2	20 0 
 18	20	2	20 0 
 19	20	2	19 1 
 20	20	2	20 0 
 21	20	2	20 0 
 22	20	2	20 0 
 23	20	2	13 7 
 24	20	2	20 0 
 25	20	2	18 2 
 26	20	2	20 0 
 27	20	2	20 0 
 28	20	2	15 5 
 29	20	2	20 0 
 30	20	2	19 1 
 31	20	2	19 1 
 32	20	2	17 3 
 33	20	2	19 1 
 34	20	2	20 0 
 35	20	2	16 4 
 36	20	2	19 1 
 37	20	2	18 2 
 38	20	2	19 1 
 39	20	2	20 0 
 40	20	2	20 0 
 41	20	2	16 4 
 42	20	2	19 1 
 43	20	2	10 10 
 44	20	2	20 0 
 45	20	2	19 1 
 46	20	2	15 5 
 47	20	2	20 0 
 48	20	2	20 0 
 49	20	2	20 0 
 50	20	2	20 0 
 51	20	2	20 0 
 52	20	2	19 1 
 53	20	2	20 0 
 54	20	2	9 11 
 55	20	2	20 0 
 56	20	2	20 0 
 57	20	2	17 3 
 58	20	2	20 0 
 59	20	2	6 14 
 60	20	2	18 2 
 61	20	2	8 12 
 62	20	2	16 4 
 63	20	2	18 2 
 64	20	2	18 2 
 65	20	2	20 0 
 66	20	2	18 2 
 67	20	2	18 2 
 68	20	2	20 0 
 69	20	2	20 0 
 70	20	2	20 0 
 71	20	2	20 0 
 72	20	2	20 0 
 73	20	2	20 0 
 74	20	2	20 0 
 75	20	2	20 0 
 76	20	2	20 0 
 77	20	2	20 0 
 78	20	2	19 1 
 79	20	2	19 1 
 80	20	2	20 0 
 81	20	2	20 0 
 82	20	2	18 2 
 83	20	2	20 0 
 84	20	2	20 0 
 85	20	2	16 4 
 86	20	2	13 7 
 87	20	2	13 7 
 88	20	2	19 1 
 89	20	2	20 0 
 90	20	2	19 1 
 91	20	2	18 2 
 92	20	2	19 1 
 93	20	2	20 0 
 94	20	2	20 0 
 95	20	2	19 1 
 96	20	2	18 2 
 97	20	2	20 0 
 98	20	2	20 0 
 99	20	2	14 6 
 100	20	2	11 9 
 101	20	2	18 2 
 102	20	2	4 16 
 103	20	2	20 0 
 104	20	2	14 6 
 105	20	2	18 2 
 106	20	2	18 2 
 107	20	2	18 2 
 108	20	2	20 0 
 109	20	2	18 2 
 110	20	2	20 0 
 111	20	2	20 0 
 112	20	2	20 0 
 113	20	2	19 1 
 114	20	2	20 0 
 115	20	2	11 9 
 116	20	2	0 20 
 117	20	2	0 20 
 118	20	2	11 9 
 119	20	2	20 0 
 120	20	2	20 0 
 121	20	2	19 1 
 122	20	2	15 5 
 123	20	2	15 5 
 124	20	2	15 5 
 125	20	2	15 5 
 126	20	2	20 0 
 127	20	2	13 7 
 128	20	2	18 2 
 129	20	2	19 1 
 130	20	2	12 8 
 131	20	2	12 8 
 132	20	2	20 0 
 133	20	2	19 1 
 134	20	2	20 0 
 135	20	2	18 2 
 136	20	2	12 8 
 137	20	2	20 0 
 138	20	2	20 0 
 139	20	2	20 0 
 140	20	2	20 0 
 141	20	2	20 0 
 142	20	2	13 7 
 143	20	2	13 7 
 144	20	2	20 0 
 145	20	2	20 0 
 146	20	2	20 0 
 147	20	2	20 0 
 148	20	2	20 0 
 149	20	2	19 1 
 150	20	2	17 3 
 151	20	2	20 0 
 152	20	2	1 19 
 153	20	2	20 0 
 154	20	2	19 1 
 155	20	2	18 2 
 156	20	2	18 2 
 157	20	2	9 11 
 158	20	2	18 2 
 159	20	2	20 0 
 160	20	2	19 1 
 161	20	2	18 2 
 162	20	2	18 2 
 163	20	2	18 2 
 164	20	2	20 0 
 165	20	2	18 2 
 166	20	2	18 2 
 167	20	2	19 1 
 168	20	2	17 3 
 169	20	2	20 0 
 170	20	2	16 4 
 171	20	2	19 1 
 172	20	2	17 3 
 173	20	2	19 1 
 174	20	2	20 0 
 175	20	2	19 1 
 176	20	2	19 1 
 177	20	2	20 0 
 178	20	2	19 1 
 179	20	2	19 1 
 180	20	2	19 1 
 181	20	2	20 0 
 182	20	2	20 0 
 183	20	2	19 1 
 184	20	2	20 0 
 185	20	2	18 2 
 186	20	2	20 0 
 187	20	2	20 0 
 188	20	2	20 0 
 189	20	2	20 0 
 190	20	2	18 2 
 191	20	2	20 0 
 192	20	2	20 0 
 193	20	2	20 0 
 194	20	2	14 6 
 195	20	2	20 0 
 196	20	2	0 20 
 197	20	2	20 0 
 198	20	2	20 0 
 199	20	2	20 0 
 200	20	2	18 2 
 201	20	2	20 0 
 202	20	2	19 1 
 203	20	2	20 0 
 204	20	2	14 6 
 205	20	2	14 6 
 206	20	2	19 1 
 207	20	2	19 1 
 208	20	2	16 4 
 209	20	2	19 1 
 210	20	2	19 1 
 211	20	2	20 0 
 212	20	2	19 1 
 213	20	2	20 0 
 214	20	2	18 2 
 215	20	2	20 0 
 216	20	2	10 10 
 217	20	2	10 10 
 218	20	2	10 10 
 219	20	2	10 10 
 220	20	2	14 6 
 221	20	2	16 4 
 222	20	2	20 0 
 223	20	2	20 0 
 224	20	2	20 0 
 225	20	2	20 0 
 226	20	2	20 0 
 227	20	2	19 1 
 228	20	2	20 0 
 229	20	2	19 1 
 230	20	2	17 3 
 231	20	2	17 3 
 232	20	2	18 2 
 233	20	2	20 0 
 234	20	2	20 0 
 235	20	2	20 0 
 236	20	2	15 5 
 237	20	2	13 7 
 238	20	2	13 7 
 239	20	2	13 7 
 240	20	2	20 0 
 241	20	2	20 0 
 242	20	2	18 2 
 243	20	2	20 0 
 244	20	2	7 13 
 245	20	2	20 0 
 246	20	2	20 0 
 247	20	2	20 0 
 248	20	2	18 2 
 249	20	2	20 0 
 250	20	2	19 1 
 251	20	2	20 0 
 252	20	2	20 0 
 253	20	2	19 1 
 254	20	2	7 13 
 255	20	2	20 0 
 256	20	2	20 0 
 257	20	2	10 10 
 258	20	2	7 13 
 259	20	2	20 0 
 260	20	2	20 0 
 261	20	2	9 11 
 262	20	2	20 0 
 263	20	2	18 2 
 264	20	2	20 0 
 265	20	2	20 0 
 266	20	2	20 0 
 267	20	2	20 0 
 268	20	2	20 0 
 269	20	2	20 0 
 270	20	2	20 0 
 271	20	2	20 0 
 272	20	2	20 0 
 273	20	2	20 0 
 274	20	2	19 1 
 275	20	2	19 1 
 276	20	2	19 1 
 277	20	2	19 1 
 278	20	2	18 2 
 279	20	2	18 2 
 280	20	2	18 2 
 281	20	2	17 3 
 282	20	2	17 3 
 283	20	2	16 4 
 284	20	2	19 1 
 285	20	2	20 0 
 286	20	2	19 1 
 287	20	2	10 10 
 288	20	2	20 0 
 289	20	2	17 3 
 290	20	2	19 1 
 291	20	2	18 2 
 292	20	2	19 1 
 293	20	2	18 2 
 294	20	2	19 1 
 295	20	2	19 1 
 296	20	2	19 1 
 297	20	2	19 1 
 298	20	2	20 0 
 299	20	2	20 0 
 300	20	2	20 0 
 301	20	2	20 0 
 302	20	2	0 20 
 303	20	2	20 0 
 304	20	2	20 0 
 305	20	2	20 0 
 306	20	2	20 0 
 307	20	2	20 0 
 308	20	2	19 1 
 309	20	2	20 0 
 310	20	2	19 1 
 311	20	2	11 9 
 312	20	2	19 1 
 313	20	2	20 0 
 314	20	2	19 1 
 315	20	2	7 13 
 316	20	2	20 0 
 317	20	2	19 1 
 318	20	2	20 0 
 319	20	2	6 14 
 320	20	2	1 19 
 321	20	2	18 2 
 322	20	2	19 1 
 323	20	2	20 0 
 324	20	2	20 0 
 325	20	2	20 0 
 326	20	2	18 2 
 327	20	2	20 0 
 328	20	2	16 4 
 329	20	2	20 0 
 330	20	2	20 0 
 331	20	2	20 0 
 332	20	2	18 2 
 333	20	2	20 0 
 334	20	2	17 3 
 335	20	2	14 6 
 336	20	2	20 0 
 337	20	2	20 0 
 338	20	2	20 0 
 339	20	2	20 0 
 340	20	2	20 0 
 341	20	2	18 2 
 342	20	2	19 1 
 343	20	2	12 8 
 344	20	2	20 0 
 345	20	2	17 3 
 346	20	2	17 3 
 347	20	2	12 8 
 348	20	2	18 2 
 349	20	2	12 8 
 350	20	2	12 8 
 351	20	2	20 0 
 352	20	2	7 13 
 353	20	2	18 2 
 354	20	2	13 7 
 355	20	2	20 0 
 356	20	2	20 0 
 357	20	2	20 0 
 358	20	2	20 0 
 359	20	2	20 0 
 360	20	2	20 0 
 361	20	2	20 0 
 362	20	2	19 1 
 363	20	2	4 16 
 364	20	2	20 0 
 365	20	2	16 4 
 366	20	2	16 4 
 367	20	2	16 4 
 368	20	2	20 0 
 369	20	2	0 20 
 370	20	2	9 11 
 371	20	2	20 0 
 372	20	2	4 16 
 373	20	2	20 0 
 374	20	2	20 0 
 375	20	2	0 20 
 376	20	2	20 0 
 377	20	2	20 0 
 378	20	2	20 0 
 379	20	2	19 1 
 380	20	2	20 0 
 381	20	2	20 0 
 382	20	2	20 0 
 383	20	2	20 0 
 384	20	2	19 1 
 385	20	2	20 0 
 386	20	2	20 0 
 387	20	2	20 0 
 388	20	2	20 0 
 389	20	2	20 0 
 390	20	2	20 0 
 391	20	2	20 0 
 392	20	2	20 0 
 393	20	2	2 18 
 394	20	2	20 0 
 395	20	2	19 1 
 396	20	2	20 0 
 397	20	2	20 0 
 398	20	2	19 1 
 399	20	2	19 1 
 400	20	2	19 1 
 401	20	2	19 1 
 402	20	2	19 1 
 403	20	2	20 0 
 404	20	2	19 1 
 405	20	2	20 0 
 406	20	2	20 0 
 407	20	2	17 3 
 408	20	2	19 1 
 409	20	2	18 2 
 410	20	2	20 0 
 411	20	2	20 0 
 412	20	2	20 0 
 413	20	2	20 0 
 414	20	2	20 0 
 415	20	2	20 0 
 416	20	2	20 0 
 417	20	2	20 0 
 418	20	2	20 0 
 419	20	2	20 0 
 420	20	2	19 1 
 421	20	2	20 0 
 422	20	2	20 0 
 423	20	2	20 0 
 424	20	2	20 0 
 425	20	2	20 0 
 426	20	2	20 0 
 427	20	2	17 3 
 428	20	2	20 0 
 429	20	2	19 1 
 430	20	2	20 0 
 431	20	2	20 0 
 432	20	2	14 6 
 433	20	2	20 0 
 434	20	2	14 6 
 435	20	2	19 1 
 436	20	2	19 1 
 437	20	2	6 14 
 438	20	2	20 0 
 439	20	2	20 0 
 440	20	2	10 10 
 441	20	2	19 1 
 442	20	2	20 0 
 443	20	2	18 2 
 444	20	2	20 0 
 445	20	2	17 3 
 446	20	2	20 0 
 447	20	2	17 3 
 448	20	2	19 1 
 449	20	2	20 0 
 450	20	2	9 11 
 451	20	2	19 1 
 452	20	2	14 6 
 453	20	2	20 0 
 454	20	2	20 0 
 455	20	2	20 0 
 456	20	2	19 1 
 457	20	2	19 1 
 458	20	2	18 2 
 459	20	2	20 0 
 460	20	2	20 0 
 461	20	2	20 0 
 462	20	2	20 0 
 463	20	2	20 0 
 464	20	2	20 0 
 465	20	2	20 0 
 466	20	2	20 0 
 467	20	2	20 0 
 468	20	2	20 0 
 469	20	2	20 0 
 470	20	2	16 4 
 471	20	2	18 2 
 472	20	2	20 0 
 473	20	2	18 2 
 474	20	2	1 19 
 475	20	2	20 0 
 476	20	2	1 19 
 477	20	2	20 0 
 478	20	2	19 1 
 479	20	2	20 0 
 480	20	2	20 0 
 481	20	2	8 12 
 482	20	2	20 0 
 483	20	2	20 0 
 484	20	2	20 0 
 485	20	2	20 0 
 486	20	2	3 17 
 487	20	2	19 1 
 488	20	2	19 1 
 489	20	2	20 0 
 490	20	2	20 0 
 491	20	2	20 0 
 492	20	2	20 0 
 493	20	2	18 2 
 494	20	2	20 0 
 495	20	2	19 1 
 496	20	2	20 0 
 497	20	2	19 1 
 498	20	2	20 0 
 499	20	2	10 10 
 500	20	2	10 10 
 501	20	2	20 0 
 502	20	2	18 2 
 503	20	2	20 0 
 504	20	2	18 2 
 505	20	2	18 2 
 506	20	2	20 0 
 507	20	2	20 0 
 508	20	2	20 0 
 509	20	2	20 0 
 510	20	2	18 2 
 511	20	2	13 7 
 512	20	2	19 1 
 513	20	2	20 0 
 514	20	2	20 0 
 515	20	2	20 0 
 516	20	2	20 0 
 517	20	2	20 0 
 518	20	2	18 2 
 519	20	2	20 0 
 520	20	2	14 6 
 521	20	2	15 5 
 522	20	2	5 15 
 523	20	2	20 0 
 524	20	2	20 0 
 525	20	2	20 0 
 526	20	2	20 0 
 527	20	2	20 0 
 528	20	2	20 0 
 529	20	2	20 0 
 530	20	2	20 0 
 531	20	2	20 0 
 532	20	2	19 1 
 533	20	2	16 4 
 534	20	2	20 0 
 535	20	2	20 0 
 536	20	2	18 2 
 537	20	2	19 1 
 538	20	2	20 0 
 539	20	2	14 6 
 540	20	2	2 18 
 541	20	2	20 0 
 542	20	2	20 0 
 543	20	2	18 2 
 544	20	2	20 0 
 545	20	2	17 3 
 546	20	2	20 0 
 547	20	2	8 12 
 548	20	2	20 0 
 549	20	2	19 1 
 550	20	2	19 1 
 551	20	2	20 0 
 552	20	2	20 0 
 553	20	2	20 0 
 554	20	2	20 0 
 555	20	2	20 0 
 556	20	2	20 0 
 557	20	2	0 20 
 558	20	2	20 0 
 559	20	2	20 0 
 560	20	2	19 1 
 561	20	2	20 0 
 562	20	2	20 0 
 563	20	2	20 0 
 564	20	2	20 0 
 565	20	2	20 0 
 566	20	2	20 0 
 567	20	2	20 0 
 568	20	2	20 0 
 569	20	2	19 1 
 570	20	2	15 5 
 571	20	2	20 0 
 572	20	2	19 1 
 573	20	2	20 0 
 574	20	2	20 0 
 575	20	2	20 0 
 576	20	2	19 1 
 577	20	2	3 17 
 578	20	2	19 1 
 579	20	2	20 0 
 580	20	2	20 0 
 581	20	2	16 4 
 582	20	2	20 0 
 583	20	2	20 0 
 584	20	2	17 3 
 585	20	2	18 2 
 586	20	2	19 1 
 587	20	2	17 3 
 588	20	2	20 0 
 589	20	2	19 1 
 590	20	2	15 5 
 591	20	2	15 5 
 592	20	2	20 0 
 593	20	2	19 1 
 594	20	2	19 1 
 595	20	2	20 0 
 596	20	2	17 3 
 597	20	2	19 1 
 598	20	2	19 1 
 599	20	2	19 1 
 600	20	2	20 0 
 601	20	2	19 1 
 602	20	2	20 0 
 603	20	2	19 1 
 604	20	2	20 0 
 605	20	2	14 6 
 606	20	2	13 7 
 607	20	2	18 2 
 608	20	2	20 0 
 609	20	2	3 17 
 610	20	2	20 0 
 611	20	2	16 4 
 612	20	2	19 1 
 613	20	2	16 4 
 614	20	2	20 0 
 615	20	2	20 0 
 616	20	2	20 0 
 617	20	2	2 18 
 618	20	2	20 0 
 619	20	2	20 0 
 620	20	2	6 14 
 621	20	2	20 0 
 622	20	2	20 0 
 623	20	2	7 13 
 624	20	2	17 3 
 625	20	2	20 0 
 626	20	2	18 2 
 627	20	2	19 1 
 628	20	2	19 1 
 629	20	2	20 0 
 630	20	2	18 2 
 631	20	2	18 2 
 632	20	2	5 15 
 633	20	2	19 1 
 634	20	2	20 0 
 635	20	2	19 1 
 636	20	2	20 0 
 637	20	2	20 0 
 638	20	2	11 9 
 639	20	2	11 9 
 640	20	2	20 0 
 641	20	2	20 0 
 642	20	2	20 0 
 643	20	2	20 0 
 644	20	2	18 2 
 645	20	2	20 0 
 646	20	2	19 1 
 647	20	2	20 0 
 648	20	2	20 0 
 649	20	2	0 20 
 650	20	2	11 9 
 651	20	2	19 1 
 652	20	2	20 0 
 653	20	2	20 0 
 654	20	2	20 0 
 655	20	2	20 0 
 656	20	2	20 0 
 657	20	2	19 1 
 658	20	2	17 3 
 659	20	2	4 16 
 660	20	2	20 0 
 661	20	2	20 0 
 662	20	2	19 1 
 663	20	2	16 4 
 664	20	2	5 15 
 665	20	2	18 2 
 666	20	2	19 1 
 667	20	2	20 0 
 668	20	2	15 5 
 669	20	2	19 1 
 670	20	2	20 0 
 671	20	2	20 0 
 672	20	2	20 0 
 673	20	2	20 0 
 674	20	2	20 0 
 675	20	2	20 0 
 676	20	2	20 0 
 677	20	2	20 0 
 678	20	2	20 0 
 679	20	2	20 0 
 680	20	2	16 4 
 681	20	2	17 3 
 682	20	2	18 2 
 683	20	2	20 0 
 684	20	2	19 1 
 685	20	2	9 11 
 686	20	2	20 0 
 687	20	2	16 4 
 688	20	2	19 1 
 689	20	2	20 0 
 690	20	2	19 1 
 691	20	2	20 0 
 692	20	2	18 2 
 693	20	2	20 0 
 694	20	2	20 0 
 695	20	2	20 0 
 696	20	2	19 1 
 697	20	2	14 6 
 698	20	2	19 1 
 699	20	2	20 0 
 700	20	2	1 19 
 701	20	2	4 16 
 702	20	2	15 5 
 703	20	2	19 1 
 704	20	2	17 3 
 705	20	2	20 0 
 706	20	2	20 0 
 707	20	2	20 0 
 708	20	2	20 0 
 709	20	2	20 0 
 710	20	2	19 1 
 711	20	2	20 0 
 712	20	2	14 6 
 713	20	2	19 1 
 714	20	2	20 0 
 715	20	2	20 0 
 716	20	2	20 0 
 717	20	2	20 0 
 718	20	2	20 0 
 719	20	2	20 0 
 720	20	2	20 0 
 721	20	2	20 0 
 722	20	2	20 0 
 723	20	2	19 1 
 724	20	2	10 10 
 725	20	2	10 10 
 726	20	2	20 0 
 727	20	2	20 0 
 728	20	2	20 0 
 729	20	2	20 0 
 730	20	2	20 0 
 731	20	2	12 8 
 732	20	2	12 8 
 733	20	2	20 0 
 734	20	2	19 1 
 735	20	2	20 0 
 736	20	2	20 0 
 737	20	2	20 0 
 738	20	2	20 0 
 739	20	2	20 0 
 740	20	2	20 0 
 741	20	2	20 0 
 742	20	2	8 12 
 743	20	2	17 3 
 744	20	2	8 12 
 745	20	2	20 0 
 746	20	2	20 0 
 747	20	2	20 0 
 748	20	2	17 3 
 749	20	2	20 0 
 750	20	2	20 0 
 751	20	2	20 0 
 752	20	2	20 0 
 753	20	2	20 0 
 754	20	2	20 0 
 755	20	2	20 0 
 756	20	2	20 0 
 757	20	2	7 13 
 758	20	2	19 1 
 759	20	2	20 0 
 760	20	2	20 0 
 761	20	2	20 0 
 762	20	2	0 20 
 763	20	2	6 14 
 764	20	2	20 0 
 765	20	2	20 0 
 766	20	2	20 0 
 767	20	2	19 1 
 768	20	2	20 0 
 769	20	2	17 3 
 770	20	2	17 3 
 771	20	2	20 0 
 772	20	2	17 3 
 773	20	2	17 3 
 774	20	2	16 4 
 775	20	2	20 0 
 776	20	2	20 0 
 777	20	2	20 0 
 778	20	2	16 4 
 779	20	2	20 0 
 780	20	2	3 17 
 781	20	2	20 0 
 782	20	2	20 0 
 783	20	2	20 0 
 784	20	2	19 1 
 785	20	2	19 1 
 786	20	2	20 0 
 787	20	2	20 0 
 788	20	2	20 0 
 789	20	2	20 0 
 790	20	2	19 1 
 791	20	2	19 1 
 792	20	2	19 1 
 793	20	2	20 0 
 794	20	2	20 0 
 795	20	2	20 0 
 796	20	2	19 1 
 797	20	2	20 0 
 798	20	2	19 1 
 799	20	2	19 1 
 800	20	2	20 0 
 801	20	2	20 0 
 802	20	2	20 0 
 803	20	2	20 0 
 804	20	2	15 5 
 805	20	2	20 0 
 806	20	2	17 3 
 807	20	2	20 0 
 808	20	2	20 0 
 809	20	2	17 3 
 810	20	2	17 3 
 811	20	2	17 3 
 812	20	2	19 1 
 813	20	2	19 1 
 814	20	2	20 0 
 815	20	2	1 19 
 816	20	2	3 17 
 817	20	2	19 1 
 818	20	2	17 3 
 819	20	2	18 2 
 820	20	2	0 20 
 821	20	2	16 4 
 822	20	2	20 0 
 823	20	2	19 1 
 824	20	2	19 1 
 825	20	2	2 18 
 826	20	2	20 0 
 827	20	2	19 1 
 828	20	2	19 1 
 829	20	2	2 18 
 830	20	2	20 0 
 831	20	2	20 0 
 832	20	2	20 0 
 833	20	2	20 0 
 834	20	2	20 0 
 835	20	2	20 0 
 836	20	2	20 0 
 837	20	2	20 0 
 838	20	2	18 2 
 839	20	2	3 17 
 840	20	2	20 0 
 841	20	2	16 4 
 842	20	2	20 0 
 843	20	2	20 0 
 844	20	2	20 0 
 845	20	2	18 2 
 846	20	2	20 0 
 847	20	2	18 2 
 848	20	2	20 0 
 849	20	2	20 0 
 850	20	2	20 0 
 851	20	2	20 0 
 852	20	2	20 0 
 853	20	2	11 9 
 854	20	2	18 2 
 855	20	2	18 2 
 856	20	2	20 0 
 857	20	2	19 1 
 858	20	2	19 1 
 859	20	2	20 0 
 860	20	2	19 1 
 861	20	2	20 0 
 862	20	2	20 0 
 863	20	2	20 0 
 864	20	2	19 1 
 865	20	2	20 0 
 866	20	2	19 1 
 867	20	2	2 18 
 868	20	2	20 0 
 869	20	2	19 1 
 870	20	2	20 0 
 871	20	2	20 0 
 872	20	2	20 0 
 873	20	2	20 0 
 874	20	2	20 0 
 875	20	2	20 0 
 876	20	2	20 0 
 877	20	2	20 0 
 878	20	2	15 5 
 879	20	2	20 0 
 880	20	2	20 0 
 881	20	2	20 0 
 882	20	2	20 0 
 883	20	2	20 0 
 884	20	2	20 0 
 885	20	2	20 0 
 886	20	2	20 0 
 887	20	2	20 0 
 888	20	2	20 0 
 889	20	2	20 0 
 890	20	2	19 1 
 891	20	2	0 20 
 892	20	2	20 0 
 893	20	2	20 0 
 894	20	2	20 0 
 895	20	2	20 0 
 896	20	2	20 0 
 897	20	2	20 0 
 898	20	2	15 5 
 899	20	2	19 1 
 900	20	2	19 1 
 901	20	2	20 0 
 902	20	2	20 0 
 903	20	2	20 0 
 904	20	2	18 2 
 905	20	2	18 2 
 906	20	2	18 2 
 907	20	2	18 2 
 908	20	2	20 0 
 909	20	2	0 20 
 910	20	2	15 5 
 911	20	2	20 0 
 912	20	2	20 0 
 913	20	2	20 0 
 914	20	2	20 0 
 915	20	2	3 17 
 916	20	2	20 0 
 917	20	2	15 5 
 918	20	2	20 0 
 919	20	2	20 0 
 920	20	2	20 0 
 921	20	2	20 0 
 922	20	2	19 1 
 923	20	2	20 0 
 924	20	2	20 0 
 925	20	2	17 3 
 926	20	2	20 0 
 927	20	2	19 1 
 928	20	2	15 5 
 929	20	2	20 0 
 930	20	2	20 0 
 931	20	2	20 0 
 932	20	2	20 0 
 933	20	2	20 0 
 934	20	2	19 1 
 935	20	2	20 0 
 936	20	2	20 0 
 937	20	2	19 1 
 938	20	2	20 0 
 939	20	2	15 5 
 940	20	2	20 0 
 941	20	2	19 1 
 942	20	2	20 0 
 943	20	2	20 0 
 944	20	2	19 1 
 945	20	2	20 0 
 946	20	2	20 0 
 947	20	2	19 1 
 948	20	2	20 0 
 949	20	2	20 0 
 950	20	2	20 0 
 951	20	2	18 2 
 952	20	2	16 4 
 953	20	2	19 1 
 954	20	2	20 0 
 955	20	2	15 5 
 956	20	2	9 11 
 957	20	2	6 14 
 958	20	2	20 0 
 959	20	2	20 0 
 960	20	2	18 2 
 961	20	2	20 0 
 962	20	2	20 0 
 963	20	2	19 1 
 964	20	2	20 0 
 965	20	2	15 5 
 966	20	2	18 2 
 967	20	2	12 8 
 968	20	2	12 8 
 969	20	2	18 2 
 970	20	2	20 0 
 971	20	2	20 0 
 972	20	2	20 0 
 973	20	2	20 0 
 974	20	2	20 0 
 975	20	2	20 0 
 976	20	2	20 0 
 977	20	2	19 1 
 978	20	2	20 0 
 979	20	2	19 1 
 980	20	2	20 0 
 981	20	2	20 0 
 982	20	2	20 0 
 983	20	2	20 0 
 984	20	2	20 0 
 985	20	2	20 0 
 986	20	2	19 1 
 987	20	2	4 16 
 988	20	2	20 0 
 989	20	2	20 0 
 990	20	2	18 2 
 991	20	2	18 2 
 992	20	2	20 0 
 993	20	2	20 0 
 994	20	2	18 2 
 995	20	2	20 0 
 996	20	2	20 0 
 997	20	2	19 1 
 998	20	2	20 0 
 999	20	2	20 0 
 1000	20	2	19 1 
 1001	20	2	16 4 
 1002	20	2	20 0 
 1003	20	2	19 1 
 1004	20	2	20 0 
 1005	20	2	20 0 
 1006	20	2	20 0 
 1007	20	2	20 0 
 1008	20	2	7 13 
 1009	20	2	18 2 
 1010	20	2	20 0 
 1011	20	2	20 0 
 1012	20	2	20 0 
 1013	20	2	20 0 
 1014	20	2	13 7 
 1015	20	2	14 6 
 1016	20	2	11 9 
 1017	20	2	20 0 
 1018	20	2	8 12 
 1019	20	2	8 12 
 1020	20	2	20 0 
 1021	20	2	20 0 
 1022	20	2	20 0 
 1023	20	2	10 10 
 1024	20	2	10 10 
 1025	20	2	20 0 
 1026	20	2	20 0 
 1027	20	2	20 0 
 1028	20	2	20 0 
 1029	20	2	20 0 
 1030	20	2	13 7 
 1031	20	2	13 7 
 1032	20	2	5 15 
 1033	20	2	17 3 
 1034	20	2	18 2 
 1035	20	2	20 0 
 1036	20	2	19 1 
 1037	20	2	20 0 
 1038	20	2	4 16 
 1039	20	2	20 0 
 1040	20	2	5 15 
 1041	20	2	16 4 
 1042	20	2	19 1 
 1043	20	2	16 4 
 1044	20	2	14 6 
 1045	20	2	19 1 
 1046	20	2	18 2 
 1047	20	2	20 0 
 1048	20	2	15 5 
 1049	20	2	11 9 
 1050	20	2	19 1 
 1051	20	2	20 0 
 1052	20	2	18 2 
 1053	20	2	20 0 
 1054	20	2	19 1 
 1055	20	2	20 0 
 1056	20	2	20 0 
 1057	20	2	20 0 
 1058	20	2	20 0 
 1059	20	2	20 0 
 1060	20	2	20 0 
 1061	20	2	20 0 
 1062	20	2	19 1 
 1063	20	2	14 6 
 1064	20	2	20 0 
 1065	20	2	18 2 
 1066	20	2	20 0 
 1067	20	2	19 1 
 1068	20	2	20 0 
 1069	20	2	19 1 
 1070	20	2	19 1 
 1071	20	2	20 0 
 1072	20	2	19 1 
 1073	20	2	20 0 
 1074	20	2	19 1 
 1075	20	2	20 0 
 1076	20	2	20 0 
 1077	20	2	20 0 
 1078	20	2	20 0 
 1079	20	2	14 6 
 1080	20	2	17 3 
 1081	20	2	19 1 
 1082	20	2	14 6 
 1083	20	2	14 6 
 1084	20	2	20 0 
 1085	20	2	20 0 
 1086	20	2	20 0 
 1087	20	2	16 4 
 1088	20	2	20 0 
 1089	20	2	20 0 
 1090	20	2	20 0 
 1091	20	2	17 3 
 1092	20	2	17 3 
 1093	20	2	19 1 
 1094	20	2	20 0 
 1095	20	2	20 0 
 1096	20	2	18 2 
 1097	20	2	20 0 
 1098	20	2	20 0 
 1099	20	2	19 1 
 1100	20	2	19 1 
 1101	20	2	19 1 
 1102	20	2	19 1 
 1103	20	2	19 1 
 1104	20	2	19 1 
 1105	20	2	20 0 
 1106	20	2	20 0 
 1107	20	2	11 9 
 1108	20	2	9 11 
 1109	20	2	18 2 
 1110	20	2	18 2 
 1111	20	2	18 2 
 1112	20	2	20 0 
 1113	20	2	16 4 
 1114	20	2	19 1 
 1115	20	2	20 0 
 1116	20	2	18 2 
 1117	20	2	19 1 
 1118	20	2	20 0 
 1119	20	2	18 2 
 1120	20	2	18 2 
 1121	20	2	20 0 
 1122	20	2	20 0 
 1123	20	2	20 0 
 1124	20	2	13 7 
 1125	20	2	20 0 
 1126	20	2	20 0 
 1127	20	2	3 17 
 1128	20	2	19 1 
 1129	20	2	19 1 
 1130	20	2	4 16 
 1131	20	2	0 20 
 1132	20	2	20 0 
 1133	20	2	20 0 
 1134	20	2	16 4 
 1135	20	2	20 0 
 1136	20	2	20 0 
 1137	20	2	20 0 
 1138	20	2	20 0 
 1139	20	2	20 0 
 1140	20	2	17 3 
 1141	20	2	20 0 
 1142	20	2	20 0 
 1143	20	2	20 0 
 1144	20	2	20 0 
 1145	20	2	20 0 
 1146	20	2	20 0 
 1147	20	2	20 0 
 1148	20	2	20 0 
 1149	20	2	19 1 
 1150	20	2	20 0 
 1151	20	2	18 2 
 1152	20	2	19 1 
 1153	20	2	19 1 
 1154	20	2	13 7 
 1155	20	2	20 0 
 1156	20	2	17 3 
 1157	20	2	13 7 
 1158	20	2	20 0 
 1159	20	2	13 7 
 1160	20	2	20 0 
 1161	20	2	20 0 
 1162	20	2	20 0 
 1163	20	2	20 0 
 1164	20	2	20 0 
 1165	20	2	20 0 
 1166	20	2	20 0 
 1167	20	2	20 0 
 1168	20	2	19 1 
 1169	20	2	20 0 
 1170	20	2	20 0 
 1171	20	2	20 0 
 1172	20	2	20 0 
 1173	20	2	18 2 
 1174	20	2	20 0 
 1175	20	2	19 1 
 1176	20	2	20 0 
 1177	20	2	20 0 
 1178	20	2	20 0 
 1179	20	2	20 0 
 1180	20	2	20 0 
 1181	20	2	20 0 
 1182	20	2	18 2 
 1183	20	2	19 1 
 1184	20	2	20 0 
 1185	20	2	0 20 
 1186	20	2	19 1 
 1187	20	2	20 0 
 1188	20	2	5 15 
 1189	20	2	20 0 
 1190	20	2	20 0 
 1191	20	2	18 2 
 1192	20	2	16 4 
 1193	20	2	16 4 
 1194	20	2	20 0 
 1195	20	2	19 1 
 1196	20	2	20 0 
 1197	20	2	20 0 
 1198	20	2	20 0 
 1199	20	2	19 1 
 1200	20	2	20 0 
 1201	20	2	20 0 
 1202	20	2	19 1 
 1203	20	2	20 0 
 1204	20	2	12 8 
 1205	20	2	20 0 
 1206	20	2	20 0 
 1207	20	2	18 2 
 1208	20	2	11 9 
 1209	20	2	19 1 
 1210	20	2	20 0 
 1211	20	2	20 0 
 1212	20	2	20 0 
 1213	20	2	20 0 
 1214	20	2	20 0 
 1215	20	2	15 5 
 1216	20	2	20 0 
 1217	20	2	20 0 
 1218	20	2	19 1 
 1219	20	2	16 4 
 1220	20	2	19 1 
 1221	20	2	16 4 
 1222	20	2	20 0 
 1223	20	2	19 1 
 1224	20	2	20 0 
 1225	20	2	18 2 
 1226	20	2	20 0 
 1227	20	2	20 0 
 1228	20	2	20 0 
 1229	20	2	18 2 
 1230	20	2	20 0 
 1231	20	2	20 0 
 1232	20	2	20 0 
 1233	20	2	20 0 
 1234	20	2	19 1 
 1235	20	2	19 1 
 1236	20	2	20 0 
 1237	20	2	19 1 
 1238	20	2	16 4 
 1239	20	2	19 1 
 1240	20	2	20 0 
 1241	20	2	16 4 
 1242	20	2	19 1 
 1243	20	2	20 0 
 1244	20	2	8 12 
 1245	20	2	20 0 
 1246	20	2	7 13 
 1247	20	2	19 1 
 1248	20	2	20 0 
 1249	20	2	20 0 
 1250	20	2	19 1 
 1251	20	2	15 5 
 1252	20	2	20 0 
 1253	20	2	20 0 
 1254	20	2	20 0 
 1255	20	2	19 1 
 1256	20	2	18 2 
 1257	20	2	19 1 
 1258	20	2	19 1 
 1259	20	2	20 0 
 1260	20	2	20 0 
 1261	20	2	19 1 
 1262	20	2	20 0 
 1263	20	2	19 1 
 1264	20	2	19 1 
 1265	20	2	19 1 
 1266	20	2	19 1 
 1267	20	2	20 0 
 1268	20	2	19 1 
 1269	20	2	15 5 
 1270	20	2	15 5 
 1271	20	2	15 5 
 1272	20	2	15 5 
 1273	20	2	20 0 
 1274	20	2	15 5 
 1275	20	2	20 0 
 1276	20	2	20 0 
 1277	20	2	20 0 
 1278	20	2	19 1 
 1279	20	2	20 0 
 1280	20	2	19 1 
 1281	20	2	19 1 
 1282	20	2	20 0 
 1283	20	2	20 0 
 1284	20	2	20 0 
 1285	20	2	20 0 
 1286	20	2	1 19 
 1287	20	2	20 0 
 1288	20	2	17 3 
 1289	20	2	20 0 
 1290	20	2	20 0 
 1291	20	2	19 1 
 1292	20	2	2 18 
 1293	20	2	20 0 
 1294	20	2	19 1 
 1295	20	2	18 2 
 1296	20	2	20 0 
 1297	20	2	0 20 
 1298	20	2	20 0 
 1299	20	2	20 0 
 1300	20	2	20 0 
 1301	20	2	19 1 
 1302	20	2	20 0 
 1303	20	2	17 3 
 1304	20	2	19 1 
 1305	20	2	20 0 
 1306	20	2	20 0 
 1307	20	2	3 17 
 1308	20	2	19 1 
 1309	20	2	20 0 
 1310	20	2	20 0 
 1311	20	2	16 4 
 1312	20	2	20 0 
 1313	20	2	20 0 
 1314	20	2	17 3 
 1315	20	2	18 2 
 1316	20	2	19 1 
 1317	20	2	17 3 
 1318	20	2	20 0 
 1319	20	2	19 1 
 1320	20	2	15 5 
 1321	20	2	15 5 
 1322	20	2	19 1 
 1323	20	2	1 19 
 1324	20	2	20 0 
 1325	20	2	18 2 
 1326	20	2	20 0 
 1327	20	2	12 8 
 1328	20	2	8 12 
 1329	20	2	8 12 
 1330	20	2	19 1 
 1331	20	2	8 12 
 1332	20	2	8 12 
 1333	20	2	20 0 
 1334	20	2	20 0 
 1335	20	2	20 0 
 1336	20	2	19 1 
 1337	20	2	17 3 
 1338	20	2	20 0 
 1339	20	2	20 0 
 1340	20	2	20 0 
 1341	20	2	20 0 
 1342	20	2	19 1 
 1343	20	2	17 3 
 1344	20	2	19 1 
 1345	20	2	19 1 
 1346	20	2	17 3 
 1347	20	2	20 0 
 1348	20	2	18 2 
 1349	20	2	20 0 
 1350	20	2	3 17 
 1351	20	2	6 14 
 1352	20	2	6 14 
 1353	20	2	20 0 
 1354	20	2	20 0 
 1355	20	2	19 1 
 1356	20	2	20 0 
 1357	20	2	9 11 
 1358	20	2	20 0 
 1359	20	2	20 0 
 1360	20	2	19 1 
 1361	20	2	20 0 
 1362	20	2	18 2 
 1363	20	2	20 0 
 1364	20	2	18 2 
 1365	20	2	20 0 
 1366	20	2	19 1 
 1367	20	2	20 0 
 1368	20	2	20 0 
 1369	20	2	20 0 
 1370	20	2	19 1 
 1371	20	2	2 18 
 1372	20	2	11 9 
 1373	20	2	20 0 
 1374	20	2	20 0 
 1375	20	2	19 1 
 1376	20	2	20 0 
 1377	20	2	18 2 
 1378	20	2	20 0 
 1379	20	2	14 6 
 1380	20	2	20 0 
 1381	20	2	18 2 
 1382	20	2	20 0 
 1383	20	2	20 0 
 1384	20	2	19 1 
 1385	20	2	19 1 
 1386	20	2	20 0 
 1387	20	2	16 4 
 1388	20	2	19 1 
 1389	20	2	19 1 
 1390	20	2	19 1 
 1391	20	2	20 0 
 1392	20	2	6 14 
 1393	20	2	20 0 
 1394	20	2	6 14 
 1395	20	2	20 0 
 1396	20	2	19 1 
 1397	20	2	6 14 
 1398	20	2	0 20 
 1399	20	2	20 0 
 1400	20	2	5 15 
 1401	20	2	0 20 
 1402	20	2	20 0 
 1403	20	2	15 5 
 1404	20	2	20 0 
 1405	20	2	20 0 
 1406	20	2	9 11 
 1407	20	2	20 0 
 1408	20	2	20 0 
 1409	20	2	20 0 
 1410	20	2	20 0 
 1411	20	2	20 0 
 1412	20	2	19 1 
 1413	20	2	20 0 
 1414	20	2	20 0 
 1415	20	2	19 1 
 1416	20	2	20 0 
 1417	20	2	3 17 
 1418	20	2	20 0 
 1419	20	2	20 0 
 1420	20	2	20 0 
 1421	20	2	20 0 
 1422	20	2	1 19 
 1423	20	2	20 0 
 1424	20	2	19 1 
 1425	20	2	18 2 
 1426	20	2	20 0 
 1427	20	2	17 3 
 1428	20	2	19 1 
 1429	20	2	10 10 
 1430	20	2	20 0 
 1431	20	2	20 0 
 1432	20	2	20 0 
 1433	20	2	5 15 
 1434	20	2	20 0 
 1435	20	2	20 0 
 1436	20	2	3 17 
 1437	20	2	5 15 
 1438	20	2	12 8 
 1439	20	2	20 0 
 1440	20	2	16 4 
 1441	20	2	20 0 
 1442	20	2	20 0 
 1443	20	2	20 0 
 1444	20	2	16 4 
 1445	20	2	16 4 
 1446	20	2	15 5 
 1447	20	2	20 0 
 1448	20	2	15 5 
 1449	20	2	20 0 
 1450	20	2	20 0 
 1451	20	2	16 4 
 1452	20	2	20 0 
 1453	20	2	20 0 
 1454	20	2	19 1 
 1455	20	2	20 0 
 1456	20	2	20 0 
 1457	20	2	20 0 
 1458	20	2	20 0 
 1459	20	2	20 0 
 1460	20	2	20 0 
 1461	20	2	20 0 
 1462	20	2	6 14 
 1463	20	2	20 0 
 1464	20	2	6 14 
 1465	20	2	20 0 
 1466	20	2	20 0 
 1467	20	2	6 14 
 1468	20	2	20 0 
 1469	20	2	19 1 
 1470	20	2	20 0 
 1471	20	2	20 0 
 1472	20	2	19 1 
 1473	20	2	19 1 
 1474	20	2	18 2 
 1475	20	2	14 6 
 1476	20	2	18 2 
 1477	20	2	20 0 
 1478	20	2	19 1 
 1479	20	2	14 6 
 1480	20	2	19 1 
 1481	20	2	19 1 
 1482	20	2	20 0 
 1483	20	2	18 2 
 1484	20	2	18 2 
 1485	20	2	18 2 
 1486	20	2	18 2 
 1487	20	2	20 0 
 1488	20	2	20 0 
 1489	20	2	20 0 
 1490	20	2	19 1 
 1491	20	2	19 1 
 1492	20	2	19 1 
 1493	20	2	20 0 
 1494	20	2	20 0 
 1495	20	2	20 0 
 1496	20	2	16 4 
 1497	20	2	20 0 
 1498	20	2	20 0 
 1499	20	2	20 0 
 1500	20	2	20 0 
 1501	20	2	19 1 
 1502	20	2	20 0 
 1503	20	2	20 0 
 1504	20	2	19 1 
 1505	20	2	18 2 
 1506	20	2	20 0 
 1507	20	2	20 0 
 1508	20	2	4 16 
 1509	20	2	20 0 
 1510	20	2	14 6 
 1511	20	2	19 1 
 1512	20	2	19 1 
 1513	20	2	20 0 
 1514	20	2	19 1 
 1515	20	2	19 1 
 1516	20	2	20 0 
 1517	20	2	19 1 
 1518	20	2	15 5 
 1519	20	2	20 0 
 1520	20	2	20 0 
 1521	20	2	19 1 
 1522	20	2	17 3 
 1523	20	2	20 0 
 1524	20	2	4 16 
 1525	20	2	16 4 
 1526	20	2	17 3 
 1527	20	2	17 3 
 1528	20	2	17 3 
 1529	20	2	17 3 
 1530	20	2	20 0 
 1531	20	2	18 2 
 1532	20	2	20 0 
 1533	20	2	10 10 
 1534	20	2	10 10 
 1535	20	2	10 10 
 1536	20	2	19 1 
 1537	20	2	20 0 
 1538	20	2	20 0 
 1539	20	2	19 1 
 1540	20	2	20 0 
 1541	20	2	16 4 
 1542	20	2	19 1 
 1543	20	2	20 0 
 1544	20	2	19 1 
 1545	20	2	20 0 
 1546	20	2	16 4 
 1547	20	2	20 0 
 1548	20	2	19 1 
 1549	20	2	16 4 
 1550	20	2	20 0 
 1551	20	2	18 2 
 1552	20	2	0 20 
 1553	20	2	20 0 
 1554	20	2	20 0 
 1555	20	2	20 0 
 1556	20	2	18 2 
 1557	20	2	20 0 
 1558	20	2	20 0 
 1559	20	2	15 5 
 1560	20	2	5 15 
 1561	20	2	20 0 
 1562	20	2	20 0 
 1563	20	2	20 0 
 1564	20	2	20 0 
 1565	20	2	19 1 
 1566	20	2	20 0 
 1567	20	2	20 0 
 1568	20	2	19 1 
 1569	20	2	19 1 
 1570	20	2	20 0 
 1571	20	2	13 7 
 1572	20	2	20 0 
 1573	20	2	17 3 
 1574	20	2	19 1 
 1575	20	2	20 0 
 1576	20	2	20 0 
 1577	20	2	20 0 
 1578	20	2	20 0 
 1579	20	2	20 0 
 1580	20	2	19 1 
 1581	20	2	20 0 
 1582	20	2	17 3 
 1583	20	2	17 3 
 1584	20	2	17 3 
 1585	20	2	17 3 
 1586	20	2	17 3 
 1587	20	2	17 3 
 1588	20	2	20 0 
 1589	20	2	20 0 
 1590	20	2	17 3 
 1591	20	2	20 0 
 1592	20	2	20 0 
 1593	20	2	20 0 
 1594	20	2	20 0 
 1595	20	2	20 0 
 1596	20	2	20 0 
 1597	20	2	20 0 
 1598	20	2	20 0 
 1599	20	2	20 0 
 1600	20	2	20 0 
 1601	20	2	16 4 
 1602	20	2	20 0 
 1603	20	2	4 16 
 1604	20	2	20 0 
 1605	20	2	7 13 
 1606	20	2	20 0 
 1607	20	2	20 0 
 1608	20	2	20 0 
 1609	20	2	19 1 
 1610	20	2	18 2 
 1611	20	2	20 0 
 1612	20	2	19 1 
 1613	20	2	20 0 
 1614	20	2	20 0 
 1615	20	2	20 0 
 1616	20	2	15 5 
 1617	20	2	19 1 
 1618	20	2	20 0 
 1619	20	2	18 2 
 1620	20	2	20 0 
 1621	20	2	17 3 
 1622	20	2	17 3 
 1623	20	2	20 0 
 1624	20	2	17 3 
 1625	20	2	20 0 
 1626	20	2	20 0 
 1627	20	2	20 0 
 1628	20	2	20 0 
 1629	20	2	10 10 
 1630	20	2	20 0 
 1631	20	2	17 3 
 1632	20	2	20 0 
 1633	20	2	13 7 
 1634	20	2	16 4 
 1635	20	2	1 19 
 1636	20	2	20 0 
 1637	20	2	19 1 
 1638	20	2	20 0 
 1639	20	2	19 1 
 1640	20	2	19 1 
 1641	20	2	19 1 
 1642	20	2	20 0 
 1643	20	2	19 1 
 1644	20	2	20 0 
 1645	20	2	18 2 
 1646	20	2	13 7 
 1647	20	2	20 0 
 1648	20	2	13 7 
 1649	20	2	20 0 
 1650	20	2	13 7 
 1651	20	2	19 1 
 1652	20	2	19 1 
 1653	20	2	17 3 
 1654	20	2	19 1 
 1655	20	2	7 13 
 1656	20	2	20 0 
 1657	20	2	20 0 
 1658	20	2	17 3 
 1659	20	2	10 10 
 1660	20	2	19 1 
 1661	20	2	20 0 
 1662	20	2	20 0 
 1663	20	2	3 17 
 1664	20	2	20 0 
 1665	20	2	20 0 
 1666	20	2	20 0 
 1667	20	2	20 0 
 1668	20	2	19 1 
 1669	20	2	18 2 
 1670	20	2	19 1 
 1671	20	2	18 2 
 1672	20	2	20 0 
 1673	20	2	19 1 
 1674	20	2	18 2 
 1675	20	2	20 0 
 1676	20	2	18 2 
 1677	20	2	19 1 
 1678	20	2	20 0 
 1679	20	2	19 1 
 1680	20	2	18 2 
 1681	20	2	9 11 
 1682	20	2	20 0 
 1683	20	2	12 8 
 1684	20	2	18 2 
 1685	20	2	19 1 
 1686	20	2	18 2 
 1687	20	2	19 1 
 1688	20	2	20 0 
 1689	20	2	20 0 
 1690	20	2	19 1 
 1691	20	2	19 1 
 1692	20	2	12 8 
 1693	20	2	19 1 
 1694	20	2	19 1 
 1695	20	2	20 0 
 1696	20	2	20 0 
 1697	20	2	20 0 
 1698	20	2	17 3 
 1699	20	2	17 3 
 1700	20	2	8 12 
 1701	20	2	20 0 
 1702	20	2	19 1 
 1703	20	2	19 1 
 1704	20	2	20 0 
 1705	20	2	19 1 
 1706	20	2	20 0 
 1707	20	2	20 0 
 1708	20	2	20 0 
 1709	20	2	20 0 
 1710	20	2	8 12 
 1711	20	2	17 3 
 1712	20	2	17 3 
 1713	20	2	20 0 
 1714	20	2	20 0 
 1715	20	2	19 1 
 1716	20	2	19 1 
 1717	20	2	20 0 
 1718	20	2	0 20 
 1719	20	2	19 1 
 1720	20	2	20 0 
 1721	20	2	0 20 
 1722	20	2	20 0 
 1723	20	2	20 0 
 1724	20	2	20 0 
 1725	20	2	17 3 
 1726	20	2	20 0 
 1727	20	2	14 6 
 1728	20	2	19 1 
 1729	20	2	20 0 
 1730	20	2	19 1 
 1731	20	2	20 0 
 1732	20	2	9 11 
 1733	20	2	17 3 
 1734	20	2	15 5 
 1735	20	2	14 6 
 1736	20	2	19 1 
 1737	20	2	13 7 
 1738	20	2	14 6 
 1739	20	2	19 1 
 1740	20	2	19 1 
 1741	20	2	9 11 
 1742	20	2	17 3 
 1743	20	2	15 5 
 1744	20	2	14 6 
 1745	20	2	19 1 
 1746	20	2	16 4 
 1747	20	2	20 0 
 1748	20	2	20 0 
 1749	20	2	20 0 
 1750	20	2	19 1 
 1751	20	2	19 1 
 1752	20	2	20 0 
 1753	20	2	20 0 
 1754	20	2	20 0 
 1755	20	2	20 0 
 1756	20	2	20 0 
 1757	20	2	19 1 
 1758	20	2	19 1 
 1759	20	2	19 1 
 1760	20	2	20 0 
 1761	20	2	17 3 
 1762	20	2	20 0 
 1763	20	2	7 13 
 1764	20	2	18 2 
 1765	20	2	18 2 
 1766	20	2	20 0 
 1767	20	2	20 0 
 1768	20	2	20 0 
 1769	20	2	18 2 
 1770	20	2	17 3 
 1771	20	2	20 0 
 1772	20	2	20 0 
 1773	20	2	20 0 
 1774	20	2	20 0 
 1775	20	2	20 0 
 1776	20	2	20 0 
 1777	20	2	20 0 
 1778	20	2	20 0 
 1779	20	2	19 1 
 1780	20	2	20 0 
 1781	20	2	20 0 
 1782	20	2	15 5 
 1783	20	2	20 0 
 1784	20	2	20 0 
 1785	20	2	20 0 
 1786	20	2	19 1 
 1787	20	2	19 1 
 1788	20	2	18 2 
 1789	20	2	20 0 
 1790	20	2	19 1 
 1791	20	2	18 2 
 1792	20	2	20 0 
 1793	20	2	15 5 
 1794	20	2	6 14 
 1795	20	2	5 15 
 1796	20	2	3 17 
 1797	20	2	5 15 
 1798	20	2	5 15 
 1799	20	2	20 0 
 1800	20	2	20 0 
 1801	20	2	18 2 
 1802	20	2	18 2 
 1803	20	2	18 2 
 1804	20	2	5 15 
 1805	20	2	20 0 
 1806	20	2	19 1 
 1807	20	2	16 4 
 1808	20	2	19 1 
 1809	20	2	20 0 
 1810	20	2	20 0 
 1811	20	2	20 0 
 1812	20	2	20 0 
 1813	20	2	20 0 
 1814	20	2	19 1 
 1815	20	2	20 0 
 1816	20	2	17 3 
 1817	20	2	20 0 
 1818	20	2	20 0 
 1819	20	2	17 3 
 1820	20	2	18 2 
 1821	20	2	20 0 
 1822	20	2	20 0 
 1823	20	2	20 0 
 1824	20	2	20 0 
 1825	20	2	20 0 
 1826	20	2	18 2 
 1827	20	2	20 0 
 1828	20	2	16 4 
 1829	20	2	18 2 
 1830	20	2	14 6 
 1831	20	2	20 0 
 1832	20	2	20 0 
 1833	20	2	20 0 
 1834	20	2	8 12 
 1835	20	2	7 13 
 1836	20	2	19 1 
 1837	20	2	20 0 
 1838	20	2	16 4 
 1839	20	2	19 1 
 1840	20	2	20 0 
 1841	20	2	19 1 
 1842	20	2	20 0 
 1843	20	2	20 0 
 1844	20	2	16 4 
 1845	20	2	16 4 
 1846	20	2	16 4 
 1847	20	2	20 0 
 1848	20	2	20 0 
 1849	20	2	20 0 
 1850	20	2	20 0 
 1851	20	2	20 0 
 1852	20	2	20 0 
 1853	20	2	20 0 
 1854	20	2	20 0 
 1855	20	2	4 16 
 1856	20	2	20 0 
 1857	20	2	11 9 
 1858	20	2	20 0 
 1859	20	2	20 0 
 1860	20	2	20 0 
 1861	20	2	19 1 
 1862	20	2	20 0 
 1863	20	2	20 0 
 1864	20	2	1 19 
 1865	20	2	20 0 
 1866	20	2	18 2 
 1867	20	2	20 0 
 1868	20	2	19 1 
 1869	20	2	11 9 
 1870	20	2	19 1 
 1871	20	2	7 13 
 1872	20	2	9 11 
 1873	20	2	20 0 
 1874	20	2	19 1 
 1875	20	2	20 0 
 1876	20	2	11 9 
 1877	20	2	19 1 
 1878	20	2	20 0 
 1879	20	2	4 16 
 1880	20	2	20 0 
 1881	20	2	20 0 
 1882	20	2	17 3 
 1883	20	2	20 0 
 1884	20	2	20 0 
 1885	20	2	19 1 
 1886	20	2	20 0 
 1887	20	2	20 0 
 1888	20	2	20 0 
 1889	20	2	20 0 
 1890	20	2	20 0 
 1891	20	2	19 1 
 1892	20	2	20 0 
 1893	20	2	8 12 
 1894	20	2	20 0 
 1895	20	2	15 5 
 1896	20	2	20 0 
 1897	20	2	18 2 
 1898	20	2	18 2 
 1899	20	2	18 2 
 1900	20	2	20 0 
 1901	20	2	18 2 
 1902	20	2	0 20 
 1903	20	2	20 0 
 1904	20	2	20 0 
 1905	20	2	20 0 
 1906	20	2	20 0 
 1907	20	2	20 0 
 1908	20	2	13 7 
 1909	20	2	20 0 
 1910	20	2	13 7 
 1911	20	2	20 0 
 1912	20	2	20 0 
 1913	20	2	8 12 
 1914	20	2	20 0 
 1915	20	2	20 0 
 1916	20	2	19 1 
 1917	20	2	20 0 
 1918	20	2	19 1 
 1919	20	2	16 4 
 1920	20	2	18 2 
 1921	20	2	5 15 
 1922	20	2	20 0 
 1923	20	2	20 0 
 1924	20	2	20 0 
 1925	20	2	18 2 
 1926	20	2	19 1 
 1927	20	2	20 0 
 1928	20	2	16 4 
 1929	20	2	16 4 
 1930	20	2	9 11 
 1931	20	2	20 0 
 1932	20	2	20 0 
 1933	20	2	20 0 
 1934	20	2	19 1 
 1935	20	2	20 0 
 1936	20	2	20 0 
 1937	20	2	20 0 
 1938	20	2	19 1 
 1939	20	2	20 0 
 1940	20	2	20 0 
 1941	20	2	19 1 
 1942	20	2	17 3 
 1943	20	2	8 12 
 1944	20	2	20 0 
 1945	20	2	8 12 
 1946	20	2	8 12 
 1947	20	2	20 0 
 1948	20	2	4 16 
 1949	20	2	20 0 
 1950	20	2	19 1 
 1951	20	2	20 0 
 1952	20	2	5 15 
 1953	20	2	19 1 
 1954	20	2	20 0 
 1955	20	2	20 0 
 1956	20	2	20 0 
 1957	20	2	20 0 
 1958	20	2	20 0 
 1959	20	2	20 0 
 1960	20	2	19 1 
 1961	20	2	20 0 
 1962	20	2	20 0 
 1963	20	2	19 1 
 1964	20	2	19 1 
 1965	20	2	19 1 
 1966	20	2	18 2 
 1967	20	2	17 3 
 1968	20	2	3 17 
 1969	20	2	3 17 
 1970	20	2	20 0 
 1971	20	2	20 0 
 1972	20	2	18 2 
 1973	20	2	20 0 
 1974	20	2	20 0 
 1975	20	2	16 4 
 1976	20	2	20 0 
 1977	20	2	20 0 
 1978	20	2	18 2 
 1979	20	2	20 0 
 1980	20	2	20 0 
 1981	20	2	20 0 
 1982	20	2	20 0 
 1983	20	2	20 0 
 1984	20	2	20 0 
 1985	20	2	20 0 
 1986	20	2	20 0 
 1987	20	2	20 0 
 1988	20	2	20 0 
 1989	20	2	20 0 
 1990	20	2	20 0 
 1991	20	2	18 2 
 1992	20	2	20 0 
 1993	20	2	18 2 
 1994	20	2	18 2 
 1995	20	2	18 2 
 1996	20	2	20 0 
 1997	20	2	19 1 
 1998	20	2	20 0 
 1999	20	2	20 0 
 2000	20	2	0 20 
 2001	20	2	19 1 
 2002	20	2	20 0 
 2003	20	2	20 0 
 2004	20	2	19 1 
 2005	20	2	20 0 
 2006	20	2	20 0 
 2007	20	2	20 0 
 2008	20	2	20 0 
 2009	20	2	20 0 
 2010	20	2	19 1 
 2011	20	2	9 11 
 2012	20	2	20 0 
 2013	20	2	11 9 
 2014	20	2	13 7 
 2015	20	2	19 1 
 2016	20	2	7 13 
 2017	20	2	11 9 
 2018	20	2	17 3 
 2019	20	2	18 2 
 2020	20	2	20 0 
 2021	20	2	17 3 
 2022	20	2	20 0 
 2023	20	2	19 1 
 2024	20	2	4 16 
 2025	20	2	15 5 
 2026	20	2	20 0 
 2027	20	2	15 5 
 2028	20	2	15 5 
 2029	20	2	19 1 
 2030	20	2	18 2 
 2031	20	2	8 12 
 2032	20	2	20 0 
 2033	20	2	20 0 
 2034	20	2	20 0 
 2035	20	2	20 0 
 2036	20	2	18 2 
 2037	20	2	6 14 
 2038	20	2	20 0 
 2039	20	2	19 1 
 2040	20	2	19 1 
 2041	20	2	20 0 
 2042	20	2	10 10 
 2043	20	2	19 1 
 2044	20	2	16 4 
 2045	20	2	19 1 
 2046	20	2	17 3 
 2047	20	2	20 0 
 2048	20	2	15 5 
 2049	20	2	20 0 
 2050	20	2	20 0 
 2051	20	2	20 0 
 2052	20	2	7 13 
 2053	20	2	20 0 
 2054	20	2	20 0 
 2055	20	2	20 0 
 2056	20	2	18 2 
 2057	20	2	18 2 
 2058	20	2	18 2 
 2059	20	2	20 0 
 2060	20	2	20 0 
 2061	20	2	20 0 
 2062	20	2	18 2 
 2063	20	2	18 2 
 2064	20	2	19 1 
 2065	20	2	19 1 
 2066	20	2	18 2 
 2067	20	2	20 0 
 2068	20	2	19 1 
 2069	20	2	20 0 
 2070	20	2	20 0 
 2071	20	2	20 0 
 2072	20	2	20 0 
 2073	20	2	20 0 
 2074	20	2	20 0 
 2075	20	2	20 0 
 2076	20	2	20 0 
 2077	20	2	20 0 
 2078	20	2	20 0 
 2079	20	2	10 10 
 2080	20	2	20 0 
 2081	20	2	20 0 
 2082	20	2	20 0 
 2083	20	2	18 2 
 2084	20	2	20 0 
 2085	20	2	18 2 
 2086	20	2	20 0 
 2087	20	2	20 0 
 2088	20	2	18 2 
 2089	20	2	17 3 
 2090	20	2	20 0 
 2091	20	2	20 0 
 2092	20	2	18 2 
 2093	20	2	6 14 
 2094	20	2	20 0 
 2095	20	2	20 0 
 2096	20	2	17 3 
 2097	20	2	20 0 
 2098	20	2	20 0 
 2099	20	2	4 16 
 2100	20	2	3 17 
 2101	20	2	20 0 
 2102	20	2	20 0 
 2103	20	2	12 8 
 2104	20	2	20 0 
 2105	20	2	20 0 
 2106	20	2	12 8 
 2107	20	2	20 0 
 2108	20	2	12 8 
 2109	20	2	20 0 
 2110	20	2	8 12 
 2111	20	2	20 0 
 2112	20	2	17 3 
 2113	20	2	20 0 
 2114	20	2	20 0 
 2115	20	2	20 0 
 2116	20	2	20 0 
 2117	20	2	20 0 
 2118	20	2	20 0 
 2119	20	2	20 0 
 2120	20	2	20 0 
 2121	20	2	19 1 
 2122	20	2	19 1 
 2123	20	2	20 0 
 2124	20	2	11 9 
 2125	20	2	11 9 
 2126	20	2	20 0 
 2127	20	2	10 10 
 2128	20	2	19 1 
 2129	20	2	14 6 
 2130	20	2	15 5 
 2131	20	2	14 6 
 2132	20	2	15 5 
 2133	20	2	20 0 
 2134	20	2	19 1 
 2135	20	2	20 0 
 2136	20	2	20 0 
 2137	20	2	20 0 
 2138	20	2	19 1 
 2139	20	2	20 0 
 2140	20	2	20 0 
 2141	20	2	20 0 
 2142	20	2	19 1 
 2143	20	2	20 0 
 2144	20	2	20 0 
 2145	20	2	19 1 
 2146	20	2	19 1 
 2147	20	2	20 0 
 2148	20	2	2 18 
 2149	20	2	19 1 
 2150	20	2	20 0 
 2151	20	2	20 0 
 2152	20	2	9 11 
 2153	20	2	11 9 
 2154	20	2	20 0 
 2155	20	2	20 0 
 2156	20	2	20 0 
 2157	20	2	19 1 
 2158	20	2	20 0 
 2159	20	2	12 8 
 2160	20	2	19 1 
 2161	20	2	15 5 
 2162	20	2	20 0 
 2163	20	2	13 7 
 2164	20	2	20 0 
 2165	20	2	19 1 
 2166	20	2	20 0 
 2167	20	2	20 0 
 2168	20	2	4 16 
 2169	20	2	4 16 
 2170	20	2	4 16 
 2171	20	2	18 2 
 2172	20	2	4 16 
 2173	20	2	15 5 
 2174	20	2	20 0 
 2175	20	2	20 0 
 2176	20	2	15 5 
 2177	20	2	20 0 
 2178	20	2	20 0 
 2179	20	2	19 1 
 2180	20	2	20 0 
 2181	20	2	18 2 
 2182	20	2	20 0 
 2183	20	2	20 0 
 2184	20	2	17 3 
 2185	20	2	19 1 
 2186	20	2	19 1 
 2187	20	2	3 17 
 2188	20	2	20 0 
 2189	20	2	20 0 
 2190	20	2	20 0 
 2191	20	2	20 0 
 2192	20	2	19 1 
 2193	20	2	20 0 
 2194	20	2	18 2 
 2195	20	2	20 0 
 2196	20	2	20 0 
 2197	20	2	7 13 
 2198	20	2	18 2 
 2199	20	2	20 0 
 2200	20	2	20 0 
 2201	20	2	20 0 
 2202	20	2	20 0 
 2203	20	2	20 0 
 2204	20	2	20 0 
 2205	20	2	18 2 
 2206	20	2	18 2 
 2207	20	2	13 7 
 2208	20	2	20 0 
 2209	20	2	8 12 
 2210	20	2	18 2 
 2211	20	2	19 1 
 2212	20	2	19 1 
 2213	20	2	19 1 
 2214	20	2	12 8 
 2215	20	2	19 1 
 2216	20	2	19 1 
 2217	20	2	19 1 
 2218	20	2	1 19 
 2219	20	2	20 0 
 2220	20	2	20 0 
 2221	20	2	19 1 
 2222	20	2	20 0 
 2223	20	2	20 0 
 2224	20	2	20 0 
 2225	20	2	17 3 
 2226	20	2	20 0 
 2227	20	2	20 0 
 2228	20	2	20 0 
 2229	20	2	20 0 
 2230	20	2	20 0 
 2231	20	2	20 0 
 2232	20	2	4 16 
 2233	20	2	20 0 
 2234	20	2	19 1 
 2235	20	2	20 0 
 2236	20	2	19 1 
 2237	20	2	20 0 
 2238	20	2	15 5 
 2239	20	2	20 0 
 2240	20	2	20 0 
 2241	20	2	20 0 
 2242	20	2	20 0 
 2243	20	2	18 2 
 2244	20	2	18 2 
 2245	20	2	18 2 
 2246	20	2	20 0 
 2247	20	2	20 0 
 2248	20	2	19 1 
 2249	20	2	7 13 
 2250	20	2	20 0 
 2251	20	2	20 0 
 2252	20	2	20 0 
 2253	20	2	20 0 
 2254	20	2	17 3 
 2255	20	2	20 0 
 2256	20	2	20 0 
 2257	20	2	20 0 
 2258	20	2	20 0 
 2259	20	2	20 0 
 2260	20	2	19 1 
 2261	20	2	19 1 
 2262	20	2	19 1 
 2263	20	2	19 1 
 2264	20	2	20 0 
 2265	20	2	20 0 
 2266	20	2	19 1 
 2267	20	2	20 0 
 2268	20	2	20 0 
 2269	20	2	20 0 
 2270	20	2	19 1 
 2271	20	2	19 1 
 2272	20	2	17 3 
 2273	20	2	19 1 
 2274	20	2	19 1 
 2275	20	2	16 4 
 2276	20	2	20 0 
 2277	20	2	19 1 
 2278	20	2	12 8 
 2279	20	2	20 0 
 2280	20	2	19 1 
 2281	20	2	14 6 
 2282	20	2	20 0 
 2283	20	2	20 0 
 2284	20	2	20 0 
 2285	20	2	14 6 
 2286	20	2	20 0 
 2287	20	2	20 0 
 2288	20	2	20 0 
 2289	20	2	20 0 
 2290	20	2	20 0 
 2291	20	2	20 0 
 2292	20	2	20 0 
 2293	20	2	20 0 
 2294	20	2	16 4 
 2295	20	2	16 4 
 2296	20	2	20 0 
 2297	20	2	16 4 
 2298	20	2	20 0 
 2299	20	2	16 4 
 2300	20	2	20 0 
 2301	20	2	20 0 
 2302	20	2	20 0 
 2303	20	2	19 1 
 2304	20	2	20 0 
 2305	20	2	19 1 
 2306	20	2	19 1 
 2307	20	2	10 10 
 2308	20	2	20 0 
 2309	20	2	19 1 
 2310	20	2	19 1 
 2311	20	2	20 0 
 2312	20	2	19 1 
 2313	20	2	20 0 
 2314	20	2	14 6 
 2315	20	2	20 0 
 2316	20	2	20 0 
 2317	20	2	19 1 
 2318	20	2	19 1 
 2319	20	2	18 2 
 2320	20	2	20 0 
 2321	20	2	19 1 
 2322	20	2	15 5 
 2323	20	2	20 0 
 2324	20	2	20 0 
 2325	20	2	11 9 
 2326	20	2	20 0 
 2327	20	2	4 16 
 2328	20	2	20 0 
 2329	20	2	20 0 
 2330	20	2	18 2 
 2331	20	2	18 2 
 2332	20	2	14 6 
 2333	20	2	3 17 
 2334	20	2	19 1 
 2335	20	2	20 0 
 2336	20	2	0 20 
 2337	20	2	20 0 
 2338	20	2	20 0 
 2339	20	2	19 1 
 2340	20	2	20 0 
 2341	20	2	20 0 
 2342	20	2	20 0 
 2343	20	2	20 0 
 2344	20	2	19 1 
 2345	20	2	19 1 
 2346	20	2	20 0 
 2347	20	2	19 1 
 2348	20	2	19 1 
 2349	20	2	18 2 
 2350	20	2	19 1 
 2351	20	2	20 0 
 2352	20	2	20 0 
 2353	20	2	20 0 
 2354	20	2	20 0 
 2355	20	2	20 0 
 2356	20	2	20 0 
 2357	20	2	17 3 
 2358	20	2	20 0 
 2359	20	2	20 0 
 2360	20	2	20 0 
 2361	20	2	2 18 
 2362	20	2	19 1 
 2363	20	2	17 3 
 2364	20	2	15 5 
 2365	20	2	14 6 
 2366	20	2	20 0 
 2367	20	2	19 1 
 2368	20	2	20 0 
 2369	20	2	18 2 
 2370	20	2	20 0 
 2371	20	2	20 0 
 2372	20	2	20 0 
 2373	20	2	20 0 
 2374	20	2	20 0 
 2375	20	2	20 0 
 2376	20	2	20 0 
 2377	20	2	20 0 
 2378	20	2	20 0 
 2379	20	2	20 0 
 2380	20	2	20 0 
 2381	20	2	20 0 
 2382	20	2	20 0 
 2383	20	2	0 20 
 2384	20	2	20 0 
 2385	20	2	20 0 
 2386	20	2	20 0 
 2387	20	2	20 0 
 2388	20	2	20 0 
 2389	20	2	19 1 
 2390	20	2	18 2 
 2391	20	2	19 1 
 2392	20	2	15 5 
 2393	20	2	18 2 
 2394	20	2	20 0 
 2395	20	2	19 1 
 2396	20	2	18 2 
 2397	20	2	18 2 
 2398	20	2	19 1 
 2399	20	2	18 2 
 2400	20	2	20 0 
 2401	20	2	19 1 
 2402	20	2	20 0 
 2403	20	2	3 17 
 2404	20	2	20 0 
 2405	20	2	20 0 
 2406	20	2	19 1 
 2407	20	2	20 0 
 2408	20	2	17 3 
 2409	20	2	20 0 
 2410	20	2	20 0 
 2411	20	2	20 0 
 2412	20	2	20 0 
 2413	20	2	14 6 
 2414	20	2	14 6 
 2415	20	2	20 0 
 2416	20	2	20 0 
 2417	20	2	20 0 
 2418	20	2	1 19 
 2419	20	2	20 0 
 2420	20	2	20 0 
 2421	20	2	1 19 
 2422	20	2	20 0 
 2423	20	2	20 0 
 2424	20	2	20 0 
 2425	20	2	19 1 
 2426	20	2	20 0 
 2427	20	2	19 1 
 2428	20	2	14 6 
 2429	20	2	19 1 
 2430	20	2	20 0 
 2431	20	2	18 2 
 2432	20	2	20 0 
 2433	20	2	2 18 
 2434	20	2	17 3 
 2435	20	2	20 0 
 2436	20	2	19 1 
 2437	20	2	19 1 
 2438	20	2	5 15 
 2439	20	2	20 0 
 2440	20	2	16 4 
 2441	20	2	6 14 
 2442	20	2	20 0 
 2443	20	2	20 0 
 2444	20	2	19 1 
 2445	20	2	19 1 
 2446	20	2	19 1 
 2447	20	2	19 1 
 2448	20	2	19 1 
 2449	20	2	20 0 
 2450	20	2	15 5 
 2451	20	2	20 0 
 2452	20	2	20 0 
 2453	20	2	20 0 
 2454	20	2	20 0 
 2455	20	2	20 0 
 2456	20	2	20 0 
 2457	20	2	20 0 
 2458	20	2	20 0 
 2459	20	2	2 18 
 2460	20	2	15 5 
 2461	20	2	15 5 
 2462	20	2	17 3 
 2463	20	2	2 18 
 2464	20	2	15 5 
 2465	20	2	18 2 
 2466	20	2	15 5 
 2467	20	2	20 0 
 2468	20	2	16 4 
 2469	20	2	20 0 
 2470	20	2	20 0 
 2471	20	2	20 0 
 2472	20	2	16 4 
 2473	20	2	18 2 
 2474	20	2	19 1 
 2475	20	2	4 16 
 2476	20	2	18 2 
 2477	20	2	18 2 
 2478	20	2	20 0 
 2479	20	2	20 0 
 2480	20	2	20 0 
 2481	20	2	16 4 
 2482	20	2	20 0 
 2483	20	2	20 0 
 2484	20	2	7 13 
 2485	20	2	12 8 
 2486	20	2	20 0 
 2487	20	2	19 1 
 2488	20	2	19 1 
 2489	20	2	19 1 
 2490	20	2	20 0 
 2491	20	2	19 1 
 2492	20	2	19 1 
 2493	20	2	18 2 
 2494	20	2	18 2 
 2495	20	2	19 1 
 2496	20	2	19 1 
 2497	20	2	20 0 
 2498	20	2	14 6 
 2499	20	2	17 3 
 2500	20	2	19 1 
 2501	20	2	20 0 
 2502	20	2	19 1 
 2503	20	2	19 1 
 2504	20	2	19 1 
 2505	20	2	17 3 
 2506	20	2	20 0 
 2507	20	2	17 3 
 2508	20	2	20 0 
 2509	20	2	18 2 
 2510	20	2	19 1 
 2511	20	2	15 5 
 2512	20	2	18 2 
 2513	20	2	10 10 
 2514	20	2	19 1 
 2515	20	2	20 0 
 2516	20	2	20 0 
 2517	20	2	19 1 
 2518	20	2	20 0 
 2519	20	2	20 0 
 2520	20	2	19 1 
 2521	20	2	19 1 
 2522	20	2	20 0 
 2523	20	2	18 2 
 2524	20	2	20 0 
 2525	20	2	20 0 
 2526	20	2	20 0 
 2527	20	2	20 0 
 2528	20	2	16 4 
 2529	20	2	18 2 
 2530	20	2	16 4 
 2531	20	2	20 0 
 2532	20	2	13 7 
 2533	20	2	16 4 
 2534	20	2	13 7 
 2535	20	2	13 7 
 2536	20	2	20 0 
 2537	20	2	20 0 
 2538	20	2	19 1 
 2539	20	2	19 1 
 2540	20	2	20 0 
 2541	20	2	19 1 
 2542	20	2	18 2 
 2543	20	2	19 1 
 2544	20	2	20 0 
 2545	20	2	20 0 
 2546	20	2	19 1 
 2547	20	2	20 0 
 2548	20	2	20 0 
 2549	20	2	20 0 
 2550	20	2	20 0 
 2551	20	2	20 0 
 2552	20	2	20 0 
 2553	20	2	20 0 
 2554	20	2	20 0 
 2555	20	2	19 1 
 2556	20	2	20 0 
 2557	20	2	20 0 
 2558	20	2	15 5 
 2559	20	2	15 5 
 2560	20	2	20 0 
 2561	20	2	5 15 
 2562	20	2	4 16 
 2563	20	2	1 19 
 2564	20	2	17 3 
 2565	20	2	20 0 
 2566	20	2	20 0 
 2567	20	2	15 5 
 2568	20	2	20 0 
 2569	20	2	20 0 
 2570	20	2	20 0 
 2571	20	2	20 0 
 2572	20	2	18 2 
 2573	20	2	20 0 
 2574	20	2	20 0 
 2575	20	2	20 0 
 2576	20	2	20 0 
 2577	20	2	20 0 
 2578	20	2	19 1 
 2579	20	2	20 0 
 2580	20	2	20 0 
 2581	20	2	20 0 
 2582	20	2	20 0 
 2583	20	2	20 0 
 2584	20	2	20 0 
 2585	20	2	20 0 
 2586	20	2	20 0 
 2587	20	2	20 0 
 2588	20	2	19 1 
 2589	20	2	18 2 
 2590	20	2	20 0 
 2591	20	2	18 2 
 2592	20	2	18 2 
 2593	20	2	19 1 
 2594	20	2	20 0 
 2595	20	2	20 0 
 2596	20	2	19 1 
 2597	20	2	20 0 
 2598	20	2	19 1 
 2599	20	2	19 1 
 2600	20	2	20 0 
 2601	20	2	20 0 
 2602	20	2	20 0 
 2603	20	2	20 0 
 2604	20	2	20 0 
 2605	20	2	20 0 
 2606	20	2	18 2 
 2607	20	2	19 1 
 2608	20	2	20 0 
 2609	20	2	15 5 
 2610	20	2	20 0 
 2611	20	2	20 0 
 2612	20	2	19 1 
 2613	20	2	19 1 
 2614	20	2	20 0 
 2615	20	2	20 0 
 2616	20	2	20 0 
 2617	20	2	14 6 
 2618	20	2	17 3 
 2619	20	2	20 0 
 2620	20	2	19 1 
 2621	20	2	19 1 
 2622	20	2	20 0 
 2623	20	2	20 0 
 2624	20	2	19 1 
 2625	20	2	20 0 
 2626	20	2	18 2 
 2627	20	2	18 2 
 2628	20	2	20 0 
 2629	20	2	18 2 
 2630	20	2	18 2 
 2631	20	2	18 2 
 2632	20	2	18 2 
 2633	20	2	5 15 
 2634	20	2	20 0 
 2635	20	2	20 0 
 2636	20	2	20 0 
 2637	20	2	0 20 
 2638	20	2	20 0 
 2639	20	2	20 0 
 2640	20	2	20 0 
 2641	20	2	18 2 
 2642	20	2	20 0 
 2643	20	2	19 1 
 2644	20	2	18 2 
 2645	20	2	20 0 
 2646	20	2	19 1 
 2647	20	2	18 2 
 2648	20	2	20 0 
 2649	20	2	20 0 
 2650	20	2	20 0 
 2651	20	2	20 0 
 2652	20	2	19 1 
 2653	20	2	20 0 
 2654	20	2	20 0 
 2655	20	2	20 0 
 2656	20	2	20 0 
 2657	20	2	20 0 
 2658	20	2	19 1 
 2659	20	2	20 0 
 2660	20	2	20 0 
 2661	20	2	20 0 
 2662	20	2	20 0 
 2663	20	2	16 4 
 2664	20	2	16 4 
 2665	20	2	16 4 
 2666	20	2	20 0 
 2667	20	2	16 4 
 2668	20	2	16 4 
 2669	20	2	19 1 
 2670	20	2	20 0 
 2671	20	2	20 0 
 2672	20	2	20 0 
 2673	20	2	19 1 
 2674	20	2	20 0 
 2675	20	2	20 0 
 2676	20	2	20 0 
 2677	20	2	20 0 
 2678	20	2	20 0 
 2679	20	2	20 0 
 2680	20	2	20 0 
 2681	20	2	20 0 
 2682	20	2	20 0 
 2683	20	2	20 0 
 2684	20	2	20 0 
 2685	20	2	20 0 
 2686	20	2	18 2 
 2687	20	2	2 18 
 2688	20	2	20 0 
 2689	20	2	17 3 
 2690	20	2	20 0 
 2691	20	2	18 2 
 2692	20	2	20 0 
 2693	20	2	20 0 
 2694	20	2	20 0 
 2695	20	2	20 0 
 2696	20	2	20 0 
 2697	20	2	18 2 
 2698	20	2	20 0 
 2699	20	2	20 0 
 2700	20	2	19 1 
 2701	20	2	19 1 
 2702	20	2	20 0 
 2703	20	2	20 0 
 2704	20	2	20 0 
 2705	20	2	20 0 
 2706	20	2	20 0 
 2707	20	2	20 0 
 2708	20	2	19 1 
 2709	20	2	20 0 
 2710	20	2	20 0 
 2711	20	2	20 0 
 2712	20	2	15 5 
 2713	20	2	15 5 
 2714	20	2	20 0 
 2715	20	2	20 0 
 2716	20	2	20 0 
 2717	20	2	15 5 
 2718	20	2	20 0 
 2719	20	2	19 1 
 2720	20	2	20 0 
 2721	20	2	20 0 
 2722	20	2	19 1 
 2723	20	2	20 0 
 2724	20	2	20 0 
 2725	20	2	18 2 
 2726	20	2	11 9 
 2727	20	2	20 0 
 2728	20	2	11 9 
 2729	20	2	11 9 
 2730	20	2	20 0 
 2731	20	2	20 0 
 2732	20	2	17 3 
 2733	20	2	20 0 
 2734	20	2	3 17 
 2735	20	2	20 0 
 2736	20	2	20 0 
 2737	20	2	10 10 
 2738	20	2	20 0 
 2739	20	2	20 0 
 2740	20	2	20 0 
 2741	20	2	7 13 
 2742	20	2	13 7 
 2743	20	2	20 0 
 2744	20	2	18 2 
 2745	20	2	20 0 
 2746	20	2	20 0 
 2747	20	2	20 0 
 2748	20	2	7 13 
 2749	20	2	14 6 
 2750	20	2	20 0 
 2751	20	2	20 0 
 2752	20	2	20 0 
 2753	20	2	20 0 
 2754	20	2	20 0 
 2755	20	2	18 2 
 2756	20	2	19 1 
 2757	20	2	19 1 
 2758	20	2	20 0 
 2759	20	2	20 0 
 2760	20	2	19 1 
 2761	20	2	20 0 
 2762	20	2	19 1 
 2763	20	2	20 0 
 2764	20	2	19 1 
 2765	20	2	19 1 
 2766	20	2	20 0 
 2767	20	2	19 1 
 2768	20	2	19 1 
 2769	20	2	19 1 
 2770	20	2	20 0 
 2771	20	2	4 16 
 2772	20	2	16 4 
 2773	20	2	17 3 
 2774	20	2	19 1 
 2775	20	2	20 0 
 2776	20	2	3 17 
 2777	20	2	11 9 
 2778	20	2	9 11 
 2779	20	2	20 0 
 2780	20	2	20 0 
 2781	20	2	20 0 
 2782	20	2	20 0 
 2783	20	2	3 17 
 2784	20	2	20 0 
 2785	20	2	19 1 
 2786	20	2	12 8 
 2787	20	2	11 9 
 2788	20	2	20 0 
 2789	20	2	19 1 
 2790	20	2	19 1 
 2791	20	2	19 1 
 2792	20	2	19 1 
 2793	20	2	17 3 
 2794	20	2	20 0 
 2795	20	2	10 10 
 2796	20	2	16 4 
 2797	20	2	20 0 
 2798	20	2	16 4 
 2799	20	2	19 1 
 2800	20	2	19 1 
 2801	20	2	20 0 
 2802	20	2	15 5 
 2803	20	2	19 1 
 2804	20	2	6 14 
 2805	20	2	6 14 
 2806	20	2	20 0 
 2807	20	2	20 0 
 2808	20	2	20 0 
 2809	20	2	20 0 
 2810	20	2	19 1 
 2811	20	2	20 0 
 2812	20	2	20 0 
 2813	20	2	19 1 
 2814	20	2	19 1 
 2815	20	2	16 4 
 2816	20	2	19 1 
 2817	20	2	1 19 
 2818	20	2	20 0 
 2819	20	2	19 1 
 2820	20	2	19 1 
 2821	20	2	8 12 
 2822	20	2	19 1 
 2823	20	2	20 0 
 2824	20	2	20 0 
 2825	20	2	20 0 
 2826	20	2	18 2 
 2827	20	2	20 0 
 2828	20	2	20 0 
 2829	20	2	20 0 
 2830	20	2	20 0 
 2831	20	2	19 1 
 2832	20	2	20 0 
 2833	20	2	20 0 
 2834	20	2	20 0 
 2835	20	2	20 0 
 2836	20	2	20 0 
 2837	20	2	20 0 
 2838	20	2	8 12 
 2839	20	2	19 1 
 2840	20	2	19 1 
 2841	20	2	19 1 
 2842	20	2	20 0 
 2843	20	2	20 0 
 2844	20	2	20 0 
 2845	20	2	20 0 
 2846	20	2	20 0 
 2847	20	2	20 0 
 2848	20	2	20 0 
 2849	20	2	20 0 
 2850	20	2	19 1 
 2851	20	2	18 2 
 2852	20	2	20 0 
 2853	20	2	20 0 
 2854	20	2	20 0 
 2855	20	2	20 0 
 2856	20	2	19 1 
 2857	20	2	20 0 
 2858	20	2	20 0 
 2859	20	2	19 1 
 2860	20	2	13 7 
 2861	20	2	15 5 
 2862	20	2	13 7 
 2863	20	2	20 0 
 2864	20	2	17 3 
 2865	20	2	20 0 
 2866	20	2	20 0 
 2867	20	2	20 0 
 2868	20	2	20 0 
 2869	20	2	4 16 
 2870	20	2	20 0 
 2871	20	2	8 12 
 2872	20	2	19 1 
 2873	20	2	20 0 
 2874	20	2	14 6 
 2875	20	2	20 0 
 2876	20	2	20 0 
 2877	20	2	12 8 
 2878	20	2	20 0 
 2879	20	2	20 0 
 2880	20	2	20 0 
 2881	20	2	18 2 
 2882	20	2	20 0 
 2883	20	2	19 1 
 2884	20	2	20 0 
 2885	20	2	20 0 
 2886	20	2	17 3 
 2887	20	2	20 0 
 2888	20	2	20 0 
 2889	20	2	20 0 
 2890	20	2	20 0 
 2891	20	2	14 6 
 2892	20	2	0 20 
 2893	20	2	20 0 
 2894	20	2	19 1 
 2895	20	2	20 0 
 2896	20	2	19 1 
 2897	20	2	19 1 
 2898	20	2	19 1 
 2899	20	2	20 0 
 2900	20	2	19 1 
 2901	20	2	19 1 
 2902	20	2	20 0 
 2903	20	2	11 9 
 2904	20	2	20 0 
 2905	20	2	20 0 
 2906	20	2	20 0 
 2907	20	2	8 12 
 2908	20	2	8 12 
 2909	20	2	18 2 
 2910	20	2	18 2 
 2911	20	2	18 2 
 2912	20	2	19 1 
 2913	20	2	20 0 
 2914	20	2	20 0 
 2915	20	2	20 0 
 2916	20	2	20 0 
 2917	20	2	20 0 
 2918	20	2	20 0 
 2919	20	2	20 0 
 2920	20	2	20 0 
 2921	20	2	20 0 
 2922	20	2	20 0 
 2923	20	2	20 0 
 2924	20	2	4 16 
 2925	20	2	15 5 
 2926	20	2	20 0 
 2927	20	2	20 0 
 2928	20	2	19 1 
 2929	20	2	19 1 
 2930	20	2	0 20 
 2931	20	2	20 0 
 2932	20	2	20 0 
 2933	20	2	14 6 
 2934	20	2	20 0 
 2935	20	2	16 4 
 2936	20	2	20 0 
 2937	20	2	19 1 
 2938	20	2	19 1 
 2939	20	2	20 0 
 2940	20	2	20 0 
 2941	20	2	20 0 
 2942	20	2	20 0 
 2943	20	2	20 0 
 2944	20	2	20 0 
 2945	20	2	19 1 
 2946	20	2	15 5 
 2947	20	2	7 13 
 2948	20	2	20 0 
 2949	20	2	6 14 
 2950	20	2	20 0 
 2951	20	2	20 0 
 2952	20	2	20 0 
 2953	20	2	17 3 
 2954	20	2	20 0 
 2955	20	2	20 0 
 2956	20	2	20 0 
 2957	20	2	20 0 
 2958	20	2	19 1 
 2959	20	2	12 8 
 2960	20	2	19 1 
 2961	20	2	12 8 
 2962	20	2	19 1 
 2963	20	2	20 0 
 2964	20	2	20 0 
 2965	20	2	20 0 
 2966	20	2	20 0 
 2967	20	2	19 1 
 2968	20	2	18 2 
 2969	20	2	19 1 
 2970	20	2	18 2 
 2971	20	2	15 5 
 2972	20	2	19 1 
 2973	20	2	19 1 
 2974	20	2	20 0 
 2975	20	2	20 0 
 2976	20	2	20 0 
 2977	20	2	19 1 
 2978	20	2	20 0 
 2979	20	2	12 8 
 2980	20	2	12 8 
 2981	20	2	12 8 
 2982	20	2	20 0 
 2983	20	2	20 0 
 2984	20	2	19 1 
 2985	20	2	20 0 
 2986	20	2	20 0 
 2987	20	2	18 2 
 2988	20	2	19 1 
 2989	20	2	20 0 
 2990	20	2	19 1 
 2991	20	2	20 0 
 2992	20	2	20 0 
 2993	20	2	19 1 
 2994	20	2	19 1 
 2995	20	2	20 0 
 2996	20	2	20 0 
 2997	20	2	20 0 
 2998	20	2	19 1 
 2999	20	2	20 0 
 3000	20	2	10 10 
 3001	20	2	18 2 
 3002	20	2	18 2 
 3003	20	2	20 0 
 3004	20	2	9 11 
 3005	20	2	7 13 
 3006	20	2	9 11 
 3007	20	2	9 11 
 3008	20	2	7 13 
 3009	20	2	17 3 
 3010	20	2	18 2 
 3011	20	2	18 2 
 3012	20	2	18 2 
 3013	20	2	20 0 
 3014	20	2	18 2 
 3015	20	2	18 2 
 3016	20	2	18 2 
 3017	20	2	20 0 
 3018	20	2	20 0 
 3019	20	2	20 0 
 3020	20	2	20 0 
 3021	20	2	0 20 
 3022	20	2	20 0 
 3023	20	2	20 0 
 3024	20	2	18 2 
 3025	20	2	5 15 
 3026	20	2	19 1 
 3027	20	2	20 0 
 3028	20	2	20 0 
 3029	20	2	9 11 
 3030	20	2	20 0 
 3031	20	2	19 1 
 3032	20	2	20 0 
 3033	20	2	20 0 
 3034	20	2	20 0 
 3035	20	2	2 18 
 3036	20	2	20 0 
 3037	20	2	20 0 
 3038	20	2	19 1 
 3039	20	2	19 1 
 3040	20	2	20 0 
 3041	20	2	17 3 
 3042	20	2	17 3 
 3043	20	2	17 3 
 3044	20	2	17 3 
 3045	20	2	17 3 
 3046	20	2	20 0 
 3047	20	2	17 3 
 3048	20	2	19 1 
 3049	20	2	20 0 
 3050	20	2	20 0 
 3051	20	2	20 0 
 3052	20	2	5 15 
 3053	20	2	16 4 
 3054	20	2	20 0 
 3055	20	2	20 0 
 3056	20	2	18 2 
 3057	20	2	20 0 
 3058	20	2	20 0 
 3059	20	2	19 1 
 3060	20	2	20 0 
 3061	20	2	10 10 
 3062	20	2	4 16 
 3063	20	2	19 1 
 3064	20	2	20 0 
 3065	20	2	15 5 
 3066	20	2	15 5 
 3067	20	2	20 0 
 3068	20	2	16 4 
 3069	20	2	11 9 
 3070	20	2	20 0 
 3071	20	2	20 0 
 3072	20	2	17 3 
 3073	20	2	20 0 
 3074	20	2	18 2 
 3075	20	2	20 0 
 3076	20	2	20 0 
 3077	20	2	20 0 
 3078	20	2	3 17 
 3079	20	2	17 3 
 3080	20	2	17 3 
 3081	20	2	19 1 
 3082	20	2	19 1 
 3083	20	2	20 0 
 3084	20	2	20 0 
 3085	20	2	17 3 
 3086	20	2	20 0 
 3087	20	2	18 2 
 3088	20	2	20 0 
 3089	20	2	20 0 
 3090	20	2	20 0 
 3091	20	2	19 1 
 3092	20	2	20 0 
 3093	20	2	19 1 
 3094	20	2	18 2 
 3095	20	2	19 1 
 3096	20	2	19 1 
 3097	20	2	20 0 
 3098	20	2	20 0 
 3099	20	2	20 0 
 3100	20	2	20 0 
 3101	20	2	20 0 
 3102	20	2	20 0 
 3103	20	2	17 3 
 3104	20	2	19 1 
 3105	20	2	20 0 
 3106	20	2	18 2 
 3107	20	2	20 0 
 3108	20	2	20 0 
 3109	20	2	15 5 
 3110	20	2	8 12 
 3111	20	2	20 0 
 3112	20	2	20 0 
 3113	20	2	16 4 
 3114	20	2	19 1 
 3115	20	2	16 4 
 3116	20	2	17 3 
 3117	20	2	20 0 
 3118	20	2	19 1 
 3119	20	2	20 0 
 3120	20	2	20 0 
 3121	20	2	19 1 
 3122	20	2	19 1 
 3123	20	2	20 0 
 3124	20	2	19 1 
 3125	20	2	19 1 
 3126	20	2	18 2 
 3127	20	2	20 0 
 3128	20	2	6 14 
 3129	20	2	14 6 
 3130	20	2	14 6 
 3131	20	2	20 0 
 3132	20	2	19 1 
 3133	20	2	20 0 
 3134	20	2	16 4 
 3135	20	2	20 0 
 3136	20	2	13 7 
 3137	20	2	6 14 
 3138	20	2	18 2 
 3139	20	2	16 4 
 3140	20	2	18 2 
 3141	20	2	15 5 
 3142	20	2	7 13 
 3143	20	2	19 1 
 3144	20	2	18 2 
 3145	20	2	20 0 
 3146	20	2	18 2 
 3147	20	2	19 1 
 3148	20	2	20 0 
 3149	20	2	14 6 
 3150	20	2	20 0 
 3151	20	2	20 0 
 3152	20	2	9 11 
 3153	20	2	19 1 
 3154	20	2	19 1 
 3155	20	2	20 0 
 3156	20	2	16 4 
 3157	20	2	20 0 
 3158	20	2	20 0 
 3159	20	2	20 0 
 3160	20	2	20 0 
 3161	20	2	16 4 
 3162	20	2	20 0 
 3163	20	2	20 0 
 3164	20	2	20 0 
 3165	20	2	19 1 
 3166	20	2	19 1 
 3167	20	2	19 1 
 3168	20	2	19 1 
 3169	20	2	19 1 
 3170	20	2	19 1 
 3171	20	2	19 1 
 3172	20	2	19 1 
 3173	20	2	17 3 
 3174	20	2	17 3 
 3175	20	2	20 0 
 3176	20	2	1 19 
 3177	20	2	20 0 
 3178	20	2	20 0 
 3179	20	2	18 2 
 3180	20	2	20 0 
 3181	20	2	20 0 
 3182	20	2	19 1 
 3183	20	2	20 0 
 3184	20	2	20 0 
 3185	20	2	19 1 
 3186	20	2	20 0 
 3187	20	2	4 16 
 3188	20	2	19 1 
 3189	20	2	19 1 
 3190	20	2	1 19 
 3191	20	2	18 2 
 3192	20	2	18 2 
 3193	20	2	20 0 
 3194	20	2	19 1 
 3195	20	2	20 0 
 3196	20	2	20 0 
 3197	20	2	20 0 
 3198	20	2	7 13 
 3199	20	2	20 0 
 3200	20	2	19 1 
 3201	20	2	20 0 
 3202	20	2	20 0 
 3203	20	2	20 0 
 3204	20	2	18 2 
 3205	20	2	20 0 
 3206	20	2	20 0 
 3207	20	2	20 0 
 3208	20	2	20 0 
 3209	20	2	19 1 
 3210	20	2	17 3 
 3211	20	2	19 1 
 3212	20	2	20 0 
 3213	20	2	12 8 
 3214	20	2	19 1 
 3215	20	2	19 1 
 3216	20	2	19 1 
 3217	20	2	19 1 
 3218	20	2	20 0 
 3219	20	2	20 0 
 3220	20	2	20 0 
 3221	20	2	20 0 
 3222	20	2	19 1 
 3223	20	2	19 1 
 3224	20	2	20 0 
 3225	20	2	19 1 
 3226	20	2	20 0 
 3227	20	2	20 0 
 3228	20	2	20 0 
 3229	20	2	20 0 
 3230	20	2	19 1 
 3231	20	2	19 1 
 3232	20	2	20 0 
 3233	20	2	20 0 
 3234	20	2	0 20 
 3235	20	2	20 0 
 3236	20	2	17 3 
 3237	20	2	20 0 
 3238	20	2	16 4 
 3239	20	2	18 2 
 3240	20	2	19 1 
 3241	20	2	16 4 
 3242	20	2	20 0 
 3243	20	2	20 0 
 3244	20	2	20 0 
 3245	20	2	16 4 
 3246	20	2	20 0 
 3247	20	2	16 4 
 3248	20	2	20 0 
 3249	20	2	20 0 
 3250	20	2	16 4 
 3251	20	2	14 6 
 3252	20	2	20 0 
 3253	20	2	14 6 
 3254	20	2	20 0 
 3255	20	2	19 1 
 3256	20	2	19 1 
 3257	20	2	20 0 
 3258	20	2	20 0 
 3259	20	2	20 0 
 3260	20	2	20 0 
 3261	20	2	19 1 
 3262	20	2	20 0 
 3263	20	2	20 0 
 3264	20	2	19 1 
 3265	20	2	19 1 
 3266	20	2	19 1 
 3267	20	2	20 0 
 3268	20	2	19 1 
 3269	20	2	20 0 
 3270	20	2	15 5 
 3271	20	2	15 5 
 3272	20	2	15 5 
 3273	20	2	15 5 
 3274	20	2	20 0 
 3275	20	2	19 1 
 3276	20	2	8 12 
 3277	20	2	20 0 
 3278	20	2	20 0 
 3279	20	2	19 1 
 3280	20	2	19 1 
 3281	20	2	20 0 
 3282	20	2	20 0 
 3283	20	2	20 0 
 3284	20	2	19 1 
 3285	20	2	20 0 
 3286	20	2	20 0 
 3287	20	2	20 0 
 3288	20	2	19 1 
 3289	20	2	20 0 
 3290	20	2	20 0 
 3291	20	2	20 0 
 3292	20	2	15 5 
 3293	20	2	20 0 
 3294	20	2	15 5 
 3295	20	2	15 5 
 3296	20	2	20 0 
 3297	20	2	15 5 
 3298	20	2	20 0 
 3299	20	2	20 0 
 3300	20	2	20 0 
 3301	20	2	0 20 
 3302	20	2	0 20 
 3303	20	2	20 0 
 3304	20	2	18 2 
 3305	20	2	19 1 
 3306	20	2	18 2 
 3307	20	2	20 0 
 3308	20	2	17 3 
 3309	20	2	20 0 
 3310	20	2	6 14 
 3311	20	2	20 0 
 3312	20	2	20 0 
 3313	20	2	20 0 
 3314	20	2	20 0 
 3315	20	2	5 15 
 3316	20	2	20 0 
 3317	20	2	20 0 
 3318	20	2	5 15 
 3319	20	2	9 11 
 3320	20	2	20 0 
 3321	20	2	20 0 
 3322	20	2	20 0 
 3323	20	2	19 1 
 3324	20	2	20 0 
 3325	20	2	20 0 
 3326	20	2	13 7 
 3327	20	2	19 1 
 3328	20	2	13 7 
 3329	20	2	19 1 
 3330	20	2	2 18 
 3331	20	2	19 1 
 3332	20	2	20 0 
 3333	20	2	15 5 
 3334	20	2	20 0 
 3335	20	2	19 1 
 3336	20	2	16 4 
 3337	20	2	19 1 
 3338	20	2	4 16 
 3339	20	2	13 7 
 3340	20	2	20 0 
 3341	20	2	13 7 
 3342	20	2	0 20 
 3343	20	2	17 3 
 3344	20	2	20 0 
 3345	20	2	8 12 
 3346	20	2	15 5 
 3347	20	2	18 2 
 3348	20	2	20 0 
 3349	20	2	20 0 
 3350	20	2	20 0 
 3351	20	2	19 1 
 3352	20	2	17 3 
 3353	20	2	20 0 
 3354	20	2	19 1 
 3355	20	2	19 1 
 3356	20	2	19 1 
 3357	20	2	16 4 
 3358	20	2	20 0 
 3359	20	2	20 0 
 3360	20	2	17 3 
 3361	20	2	20 0 
 3362	20	2	17 3 
 3363	20	2	14 6 
 3364	20	2	19 1 
 3365	20	2	16 4 
 3366	20	2	19 1 
 3367	20	2	18 2 
 3368	20	2	19 1 
 3369	20	2	20 0 
 3370	20	2	20 0 
 3371	20	2	20 0 
 3372	20	2	19 1 
 3373	20	2	20 0 
 3374	20	2	20 0 
 3375	20	2	19 1 
 3376	20	2	19 1 
 3377	20	2	17 3 
 3378	20	2	18 2 
 3379	20	2	19 1 
 3380	20	2	18 2 
 3381	20	2	17 3 
 3382	20	2	20 0 
 3383	20	2	20 0 
 3384	20	2	20 0 
 3385	20	2	20 0 
 3386	20	2	0 20 
 3387	20	2	15 5 
 3388	20	2	17 3 
 3389	20	2	17 3 
 3390	20	2	20 0 
 3391	20	2	19 1 
 3392	20	2	18 2 
 3393	20	2	20 0 
 3394	20	2	20 0 
 3395	20	2	20 0 
 3396	20	2	0 20 
 3397	20	2	20 0 
 3398	20	2	20 0 
 3399	20	2	20 0 
 3400	20	2	17 3 
 3401	20	2	20 0 
 3402	20	2	20 0 
 3403	20	2	20 0 
 3404	20	2	18 2 
 3405	20	2	20 0 
 3406	20	2	20 0 
 3407	20	2	0 20 
 3408	20	2	17 3 
 3409	20	2	20 0 
 3410	20	2	20 0 
 3411	20	2	20 0 
 3412	20	2	18 2 
 3413	20	2	20 0 
 3414	20	2	19 1 
 3415	20	2	20 0 
 3416	20	2	13 7 
 3417	20	2	20 0 
 3418	20	2	20 0 
 3419	20	2	9 11 
 3420	20	2	19 1 
 3421	20	2	20 0 
 3422	20	2	18 2 
 3423	20	2	20 0 
 3424	20	2	20 0 
 3425	20	2	20 0 
 3426	20	2	20 0 
 3427	20	2	18 2 
 3428	20	2	20 0 
 3429	20	2	20 0 
 3430	20	2	20 0 
 3431	20	2	20 0 
 3432	20	2	20 0 
 3433	20	2	20 0 
 3434	20	2	19 1 
 3435	20	2	19 1 
 3436	20	2	20 0 
 3437	20	2	20 0 
 3438	20	2	20 0 
 3439	20	2	9 11 
 3440	20	2	20 0 
 3441	20	2	19 1 
 3442	20	2	20 0 
 3443	20	2	20 0 
 3444	20	2	19 1 
 3445	20	2	20 0 
 3446	20	2	19 1 
 3447	20	2	20 0 
 3448	20	2	20 0 
 3449	20	2	20 0 
 3450	20	2	20 0 
 3451	20	2	18 2 
 3452	20	2	20 0 
 3453	20	2	11 9 
 3454	20	2	5 15 
 3455	20	2	20 0 
 3456	20	2	20 0 
 3457	20	2	20 0 
 3458	20	2	5 15 
 3459	20	2	5 15 
 3460	20	2	17 3 
 3461	20	2	19 1 
 3462	20	2	2 18 
 3463	20	2	19 1 
 3464	20	2	20 0 
 3465	20	2	20 0 
 3466	20	2	20 0 
 3467	20	2	20 0 
 3468	20	2	18 2 
 3469	20	2	20 0 
 3470	20	2	20 0 
 3471	20	2	19 1 
 3472	20	2	20 0 
 3473	20	2	20 0 
 3474	20	2	20 0 
 3475	20	2	20 0 
 3476	20	2	20 0 
 3477	20	2	19 1 
 3478	20	2	20 0 
 3479	20	2	19 1 
 3480	20	2	20 0 
 3481	20	2	19 1 
 3482	20	2	19 1 
 3483	20	2	20 0 
 3484	20	2	19 1 
 3485	20	2	19 1 
 3486	20	2	19 1 
 3487	20	2	19 1 
 3488	20	2	19 1 
 3489	20	2	20 0 
 3490	20	2	19 1 
 3491	20	2	19 1 
 3492	20	2	19 1 
 3493	20	2	20 0 
 3494	20	2	20 0 
 3495	20	2	17 3 
 3496	20	2	20 0 
 3497	20	2	19 1 
 3498	20	2	8 12 
 3499	20	2	19 1 
 3500	20	2	19 1 
 3501	20	2	19 1 
 3502	20	2	18 2 
 3503	20	2	19 1 
 3504	20	2	19 1 
 3505	20	2	11 9 
 3506	20	2	14 6 
 3507	20	2	20 0 
 3508	20	2	19 1 
 3509	20	2	14 6 
 3510	20	2	14 6 
 3511	20	2	14 6 
 3512	20	2	19 1 
 3513	20	2	14 6 
 3514	20	2	20 0 
 3515	20	2	20 0 
 3516	20	2	20 0 
 3517	20	2	20 0 
 3518	20	2	20 0 
 3519	20	2	20 0 
 3520	20	2	20 0 
 3521	20	2	20 0 
 3522	20	2	19 1 
 3523	20	2	18 2 
 3524	20	2	19 1 
 3525	20	2	19 1 
 3526	20	2	20 0 
 3527	20	2	18 2 
 3528	20	2	18 2 
 3529	20	2	20 0 
 3530	20	2	20 0 
 3531	20	2	19 1 
 3532	20	2	20 0 
 3533	20	2	20 0 
 3534	20	2	20 0 
 3535	20	2	19 1 
 3536	20	2	18 2 
 3537	20	2	18 2 
 3538	20	2	20 0 
 3539	20	2	20 0 
 3540	20	2	19 1 
 3541	20	2	20 0 
 3542	20	2	18 2 
 3543	20	2	18 2 
 3544	20	2	7 13 
 3545	20	2	20 0 
 3546	20	2	18 2 
 3547	20	2	7 13 
 3548	20	2	20 0 
 3549	20	2	10 10 
 3550	20	2	20 0 
 3551	20	2	19 1 
 3552	20	2	19 1 
 3553	20	2	20 0 
 3554	20	2	20 0 
 3555	20	2	18 2 
 3556	20	2	0 20 
 3557	20	2	19 1 
 3558	20	2	20 0 
 3559	20	2	18 2 
 3560	20	2	15 5 
 3561	20	2	20 0 
 3562	20	2	17 3 
 3563	20	2	19 1 
 3564	20	2	19 1 
 3565	20	2	18 2 
 3566	20	2	20 0 
 3567	20	2	19 1 
 3568	20	2	19 1 
 3569	20	2	20 0 
 3570	20	2	19 1 
 3571	20	2	19 1 
 3572	20	2	17 3 
 3573	20	2	20 0 
 3574	20	2	19 1 
 3575	20	2	19 1 
 3576	20	2	19 1 
 3577	20	2	20 0 
 3578	20	2	19 1 
 3579	20	2	20 0 
 3580	20	2	20 0 
 3581	20	2	20 0 
 3582	20	2	20 0 
 3583	20	2	20 0 
 3584	20	2	19 1 
 3585	20	2	20 0 
 3586	20	2	20 0 
 3587	20	2	20 0 
 3588	20	2	20 0 
 3589	20	2	20 0 
 3590	20	2	20 0 
 3591	20	2	18 2 
 3592	20	2	20 0 
 3593	20	2	20 0 
 3594	20	2	20 0 
 3595	20	2	19 1 
 3596	20	2	20 0 
 3597	20	2	17 3 
 3598	20	2	20 0 
 3599	20	2	20 0 
 3600	20	2	17 3 
 3601	20	2	20 0 
 3602	20	2	20 0 
 3603	20	2	20 0 
 3604	20	2	20 0 
 3605	20	2	20 0 
 3606	20	2	19 1 
 3607	20	2	19 1 
 3608	20	2	19 1 
 3609	20	2	20 0 
 3610	20	2	20 0 
 3611	20	2	19 1 
 3612	20	2	11 9 
 3613	20	2	20 0 
 3614	20	2	20 0 
 3615	20	2	20 0 
 3616	20	2	11 9 
 3617	20	2	20 0 
 3618	20	2	14 6 
 3619	20	2	20 0 
 3620	20	2	20 0 
 3621	20	2	20 0 
 3622	20	2	20 0 
 3623	20	2	20 0 
 3624	20	2	11 9 
 3625	20	2	7 13 
 3626	20	2	20 0 
 3627	20	2	19 1 
 3628	20	2	20 0 
 3629	20	2	20 0 
 3630	20	2	20 0 
 3631	20	2	19 1 
 3632	20	2	18 2 
 3633	20	2	20 0 
 3634	20	2	9 11 
 3635	20	2	10 10 
 3636	20	2	19 1 
 3637	20	2	10 10 
 3638	20	2	20 0 
 3639	20	2	8 12 
 3640	20	2	20 0 
 3641	20	2	16 4 
 3642	20	2	19 1 
 3643	20	2	17 3 
 3644	20	2	17 3 
 3645	20	2	19 1 
 3646	20	2	20 0 
 3647	20	2	20 0 
 3648	20	2	18 2 
 3649	20	2	20 0 
 3650	20	2	20 0 
 3651	20	2	20 0 
 3652	20	2	19 1 
 3653	20	2	20 0 
 3654	20	2	17 3 
 3655	20	2	19 1 
 3656	20	2	15 5 
 3657	20	2	20 0 
 3658	20	2	20 0 
 3659	20	2	20 0 
 3660	20	2	20 0 
 3661	20	2	19 1 
 3662	20	2	17 3 
 3663	20	2	18 2 
 3664	20	2	15 5 
 3665	20	2	20 0 
 3666	20	2	20 0 
 3667	20	2	20 0 
 3668	20	2	20 0 
 3669	20	2	2 18 
 3670	20	2	20 0 
 3671	20	2	20 0 
 3672	20	2	20 0 
 3673	20	2	15 5 
 3674	20	2	15 5 
 3675	20	2	20 0 
 3676	20	2	15 5 
 3677	20	2	15 5 
 3678	20	2	15 5 
 3679	20	2	20 0 
 3680	20	2	20 0 
 3681	20	2	20 0 
 3682	20	2	20 0 
 3683	20	2	20 0 
 3684	20	2	20 0 
 3685	20	2	20 0 
 3686	20	2	20 0 
 3687	20	2	20 0 
 3688	20	2	20 0 
 3689	20	2	15 5 
 3690	20	2	20 0 
 3691	20	2	20 0 
 3692	20	2	16 4 
 3693	20	2	19 1 
 3694	20	2	20 0 
 3695	20	2	19 1 
 3696	20	2	19 1 
 3697	20	2	19 1 
 3698	20	2	20 0 
 3699	20	2	6 14 
 3700	20	2	19 1 
 3701	20	2	20 0 
 3702	20	2	17 3 
 3703	20	2	20 0 
 3704	20	2	19 1 
 3705	20	2	19 1 
 3706	20	2	20 0 
 3707	20	2	20 0 
 3708	20	2	19 1 
 3709	20	2	20 0 
 3710	20	2	20 0 
 3711	20	2	20 0 
 3712	20	2	20 0 
 3713	20	2	20 0 
 3714	20	2	19 1 
 3715	20	2	19 1 
 3716	20	2	19 1 
 3717	20	2	20 0 
 3718	20	2	19 1 
 3719	20	2	6 14 
 3720	20	2	6 14 
 3721	20	2	17 3 
 3722	20	2	6 14 
 3723	20	2	19 1 
 3724	20	2	19 1 
 3725	20	2	18 2 
 3726	20	2	19 1 
 3727	20	2	20 0 
 3728	20	2	19 1 
 3729	20	2	19 1 
 3730	20	2	20 0 
 3731	20	2	18 2 
 3732	20	2	20 0 
 3733	20	2	20 0 
 3734	20	2	18 2 
 3735	20	2	20 0 
 3736	20	2	18 2 
 3737	20	2	20 0 
 3738	20	2	6 14 
 3739	20	2	20 0 
 3740	20	2	20 0 
 3741	20	2	20 0 
 3742	20	2	12 8 
 3743	20	2	20 0 
 3744	20	2	20 0 
 3745	20	2	19 1 
 3746	20	2	1 19 
 3747	20	2	20 0 
 3748	20	2	19 1 
 3749	20	2	19 1 
 3750	20	2	19 1 
 3751	20	2	14 6 
 3752	20	2	20 0 
 3753	20	2	20 0 
 3754	20	2	20 0 
 3755	20	2	20 0 
 3756	20	2	20 0 
 3757	20	2	20 0 
 3758	20	2	20 0 
 3759	20	2	17 3 
 3760	20	2	10 10 
 3761	20	2	20 0 
 3762	20	2	18 2 
 3763	20	2	20 0 
 3764	20	2	17 3 
 3765	20	2	20 0 
 3766	20	2	20 0 
 3767	20	2	19 1 
 3768	20	2	19 1 
 3769	20	2	20 0 
 3770	20	2	20 0 
 3771	20	2	19 1 
 3772	20	2	20 0 
 3773	20	2	20 0 
 3774	20	2	19 1 
 3775	20	2	20 0 
 3776	20	2	20 0 
 3777	20	2	18 2 
 3778	20	2	18 2 
 3779	20	2	19 1 
 3780	20	2	18 2 
 3781	20	2	19 1 
 3782	20	2	18 2 
 3783	20	2	19 1 
 3784	20	2	19 1 
 3785	20	2	19 1 
 3786	20	2	9 11 
 3787	20	2	20 0 
 3788	20	2	20 0 
 3789	20	2	19 1 
 3790	20	2	19 1 
 3791	20	2	17 3 
 3792	20	2	19 1 
 3793	20	2	20 0 
 3794	20	2	19 1 
 3795	20	2	20 0 
 3796	20	2	20 0 
 3797	20	2	19 1 
 3798	20	2	20 0 
 3799	20	2	2 18 
 3800	20	2	20 0 
 3801	20	2	20 0 
 3802	20	2	20 0 
 3803	20	2	20 0 
 3804	20	2	20 0 
 3805	20	2	20 0 
 3806	20	2	20 0 
 3807	20	2	20 0 
 3808	20	2	20 0 
 3809	20	2	20 0 
 3810	20	2	20 0 
 3811	20	2	8 12 
 3812	20	2	8 12 
 3813	20	2	8 12 
 3814	20	2	8 12 
 3815	20	2	20 0 
 3816	20	2	19 1 
 3817	20	2	19 1 
 3818	20	2	20 0 
 3819	20	2	19 1 
 3820	20	2	20 0 
 3821	20	2	16 4 
 3822	20	2	20 0 
 3823	20	2	19 1 
 3824	20	2	19 1 
 3825	20	2	20 0 
 3826	20	2	19 1 
 3827	20	2	19 1 
 3828	20	2	20 0 
 3829	20	2	19 1 
 3830	20	2	20 0 
 3831	20	2	20 0 
 3832	20	2	19 1 
 3833	20	2	20 0 
 3834	20	2	19 1 
 3835	20	2	20 0 
 3836	20	2	12 8 
 3837	20	2	19 1 
 3838	20	2	20 0 
 3839	20	2	20 0 
 3840	20	2	20 0 
 3841	20	2	20 0 
 3842	20	2	20 0 
 3843	20	2	20 0 
 3844	20	2	3 17 
 3845	20	2	18 2 
 3846	20	2	20 0 
 3847	20	2	20 0 
 3848	20	2	20 0 
 3849	20	2	16 4 
 3850	20	2	20 0 
 3851	20	2	20 0 
 3852	20	2	16 4 
 3853	20	2	20 0 
 3854	20	2	20 0 
 3855	20	2	16 4 
 3856	20	2	20 0 
 3857	20	2	16 4 
 3858	20	2	19 1 
 3859	20	2	6 14 
 3860	20	2	20 0 
 3861	20	2	20 0 
 3862	20	2	18 2 
 3863	20	2	19 1 
 3864	20	2	20 0 
 3865	20	2	20 0 
 3866	20	2	20 0 
 3867	20	2	20 0 
 3868	20	2	20 0 
 3869	20	2	20 0 
 3870	20	2	20 0 
 3871	20	2	20 0 
 3872	20	2	19 1 
 3873	20	2	13 7 
 3874	20	2	20 0 
 3875	20	2	20 0 
 3876	20	2	20 0 
 3877	20	2	20 0 
 3878	20	2	20 0 
 3879	20	2	20 0 
 3880	20	2	20 0 
 3881	20	2	20 0 
 3882	20	2	20 0 
 3883	20	2	20 0 
 3884	20	2	20 0 
 3885	20	2	20 0 
 3886	20	2	20 0 
 3887	20	2	20 0 
 3888	20	2	19 1 
 3889	20	2	20 0 
 3890	20	2	19 1 
 3891	20	2	20 0 
 3892	20	2	18 2 
 3893	20	2	20 0 
 3894	20	2	20 0 
 3895	20	2	18 2 
 3896	20	2	19 1 
 3897	20	2	20 0 
 3898	20	2	15 5 
 3899	20	2	19 1 
 3900	20	2	19 1 
 3901	20	2	20 0 
 3902	20	2	18 2 
 3903	20	2	20 0 
 3904	20	2	20 0 
 3905	20	2	20 0 
 3906	20	2	20 0 
 3907	20	2	20 0 
 3908	20	2	0 20 
 3909	20	2	20 0 
 3910	20	2	20 0 
 3911	20	2	18 2 
 3912	20	2	19 1 
 3913	20	2	19 1 
 3914	20	2	19 1 
 3915	20	2	19 1 
 3916	20	2	20 0 
 3917	20	2	19 1 
 3918	20	2	19 1 
 3919	20	2	20 0 
 3920	20	2	20 0 
 3921	20	2	20 0 
 3922	20	2	19 1 
 3923	20	2	20 0 
 3924	20	2	20 0 
 3925	20	2	11 9 
 3926	20	2	20 0 
 3927	20	2	16 4 
 3928	20	2	16 4 
 3929	20	2	16 4 
 3930	20	2	20 0 
 3931	20	2	17 3 
 3932	20	2	15 5 
 3933	20	2	16 4 
 3934	20	2	20 0 
 3935	20	2	20 0 
 3936	20	2	20 0 
 3937	20	2	20 0 
 3938	20	2	20 0 
 3939	20	2	20 0 
 3940	20	2	20 0 
 3941	20	2	20 0 
 3942	20	2	20 0 
 3943	20	2	14 6 
 3944	20	2	20 0 
 3945	20	2	17 3 
 3946	20	2	17 3 
 3947	20	2	20 0 
 3948	20	2	4 16 
 3949	20	2	19 1 
 3950	20	2	20 0 
 3951	20	2	20 0 
 3952	20	2	20 0 
 3953	20	2	7 13 
 3954	20	2	20 0 
 3955	20	2	20 0 
 3956	20	2	20 0 
 3957	20	2	13 7 
 3958	20	2	7 13 
 3959	20	2	20 0 
 3960	20	2	19 1 
 3961	20	2	20 0 
 3962	20	2	19 1 
 3963	20	2	19 1 
 3964	20	2	20 0 
 3965	20	2	20 0 
 3966	20	2	20 0 
 3967	20	2	20 0 
 3968	20	2	20 0 
 3969	20	2	20 0 
 3970	20	2	20 0 
 3971	20	2	10 10 
 3972	20	2	13 7 
 3973	20	2	17 3 
 3974	20	2	17 3 
 3975	20	2	20 0 
 3976	20	2	20 0 
 3977	20	2	20 0 
 3978	20	2	9 11 
 3979	20	2	18 2 
 3980	20	2	20 0 
 3981	20	2	20 0 
 3982	20	2	20 0 
 3983	20	2	20 0 
 3984	20	2	20 0 
 3985	20	2	20 0 
 3986	20	2	20 0 
 3987	20	2	20 0 
 3988	20	2	20 0 
 3989	20	2	20 0 
 3990	20	2	19 1 
 3991	20	2	20 0 
 3992	20	2	20 0 
 3993	20	2	8 12 
 3994	20	2	20 0 
 3995	20	2	17 3 
 3996	20	2	18 2 
 3997	20	2	20 0 
 3998	20	2	20 0 
 3999	20	2	19 1 
 4000	20	2	20 0 
 4001	20	2	20 0 
 4002	20	2	20 0 
 4003	20	2	17 3 
 4004	20	2	18 2 
 4005	20	2	20 0 
 4006	20	2	20 0 
 4007	20	2	20 0 
 4008	20	2	20 0 
 4009	20	2	16 4 
 4010	20	2	19 1 
 4011	20	2	20 0 
 4012	20	2	18 2 
 4013	20	2	18 2 
 4014	20	2	20 0 
 4015	20	2	20 0 
 4016	20	2	20 0 
 4017	20	2	20 0 
 4018	20	2	10 10 
 4019	20	2	16 4 
 4020	20	2	20 0 
 4021	20	2	20 0 
 4022	20	2	15 5 
 4023	20	2	15 5 
 4024	20	2	19 1 
 4025	20	2	5 15 
 4026	20	2	15 5 
 4027	20	2	20 0 
 4028	20	2	18 2 
 4029	20	2	18 2 
 4030	20	2	20 0 
 4031	20	2	16 4 
 4032	20	2	13 7 
 4033	20	2	7 13 
 4034	20	2	20 0 
 4035	20	2	19 1 
 4036	20	2	19 1 
 4037	20	2	7 13 
 4038	20	2	19 1 
 4039	20	2	18 2 
 4040	20	2	20 0 
 4041	20	2	20 0 
 4042	20	2	20 0 
 4043	20	2	20 0 
 4044	20	2	20 0 
 4045	20	2	19 1 
 4046	20	2	19 1 
 4047	20	2	20 0 
 4048	20	2	20 0 
 4049	20	2	10 10 
 4050	20	2	20 0 
 4051	20	2	20 0 
 4052	20	2	20 0 
 4053	20	2	20 0 
 4054	20	2	20 0 
 4055	20	2	19 1 
 4056	20	2	20 0 
 4057	20	2	20 0 
 4058	20	2	20 0 
 4059	20	2	17 3 
 4060	20	2	13 7 
 4061	20	2	20 0 
 4062	20	2	20 0 
 4063	20	2	18 2 
 4064	20	2	20 0 
 4065	20	2	20 0 
 4066	20	2	20 0 
 4067	20	2	20 0 
 4068	20	2	20 0 
 4069	20	2	20 0 
 4070	20	2	20 0 
 4071	20	2	20 0 
 4072	20	2	20 0 
 4073	20	2	20 0 
 4074	20	2	20 0 
 4075	20	2	20 0 
 4076	20	2	20 0 
 4077	20	2	20 0 
 4078	20	2	20 0 
 4079	20	2	20 0 
 4080	20	2	20 0 
 4081	20	2	19 1 
 4082	20	2	20 0 
 4083	20	2	20 0 
 4084	20	2	20 0 
 4085	20	2	19 1 
 4086	20	2	20 0 
 4087	20	2	20 0 
 4088	20	2	20 0 
 4089	20	2	19 1 
 4090	20	2	19 1 
 4091	20	2	20 0 
 4092	20	2	20 0 
 4093	20	2	20 0 
 4094	20	2	19 1 
 4095	20	2	19 1 
 4096	20	2	20 0 
 4097	20	2	19 1 
 4098	20	2	8 12 
 4099	20	2	20 0 
 4100	20	2	19 1 
 4101	20	2	12 8 
 4102	20	2	8 12 
 4103	20	2	8 12 
 4104	20	2	17 3 
 4105	20	2	20 0 
 4106	20	2	17 3 
 4107	20	2	20 0 
 4108	20	2	20 0 
 4109	20	2	19 1 
 4110	20	2	20 0 
 4111	20	2	18 2 
 4112	20	2	20 0 
 4113	20	2	11 9 
 4114	20	2	20 0 
 4115	20	2	18 2 
 4116	20	2	20 0 
 4117	20	2	18 2 
 4118	20	2	11 9 
 4119	20	2	12 8 
 4120	20	2	20 0 
 4121	20	2	20 0 
 4122	20	2	18 2 
 4123	20	2	15 5 
 4124	20	2	20 0 
 4125	20	2	11 9 
 4126	20	2	8 12 
 4127	20	2	9 11 
 4128	20	2	20 0 
 4129	20	2	0 20 
 4130	20	2	19 1 
 4131	20	2	19 1 
 4132	20	2	20 0 
 4133	20	2	20 0 
 4134	20	2	15 5 
 4135	20	2	20 0 
 4136	20	2	20 0 
 4137	20	2	17 3 
 4138	20	2	20 0 
 4139	20	2	19 1 
 4140	20	2	20 0 
 4141	20	2	18 2 
 4142	20	2	3 17 
 4143	20	2	20 0 
 4144	20	2	20 0 
 4145	20	2	20 0 
 4146	20	2	20 0 
 4147	20	2	20 0 
 4148	20	2	0 20 
 4149	20	2	20 0 
 4150	20	2	20 0 
 4151	20	2	20 0 
 4152	20	2	19 1 
 4153	20	2	20 0 
 4154	20	2	19 1 
 4155	20	2	19 1 
 4156	20	2	15 5 
 4157	20	2	20 0 
 4158	20	2	12 8 
 4159	20	2	20 0 
 4160	20	2	20 0 
 4161	20	2	20 0 
 4162	20	2	19 1 
 4163	20	2	20 0 
 4164	20	2	19 1 
 4165	20	2	20 0 
 4166	20	2	20 0 
 4167	20	2	19 1 
 4168	20	2	17 3 
 4169	20	2	19 1 
 4170	20	2	20 0 
 4171	20	2	17 3 
 4172	20	2	18 2 
 4173	20	2	20 0 
 4174	20	2	20 0 
 4175	20	2	19 1 
 4176	20	2	19 1 
 4177	20	2	19 1 
 4178	20	2	13 7 
 4179	20	2	20 0 
 4180	20	2	19 1 
 4181	20	2	19 1 
 4182	20	2	20 0 
 4183	20	2	20 0 
 4184	20	2	20 0 
 4185	20	2	20 0 
 4186	20	2	19 1 
 4187	20	2	20 0 
 4188	20	2	19 1 
 4189	20	2	19 1 
 4190	20	2	19 1 
 4191	20	2	20 0 
 4192	20	2	20 0 
 4193	20	2	20 0 
 4194	20	2	20 0 
 4195	20	2	19 1 
 4196	20	2	14 6 
 4197	20	2	20 0 
 4198	20	2	19 1 
 4199	20	2	20 0 
 4200	20	2	19 1 
 4201	20	2	19 1 
 4202	20	2	20 0 
 4203	20	2	20 0 
 4204	20	2	16 4 
 4205	20	2	16 4 
 4206	20	2	16 4 
 4207	20	2	7 13 
 4208	20	2	20 0 
 4209	20	2	3 17 
 4210	20	2	20 0 
 4211	20	2	20 0 
 4212	20	2	20 0 
 4213	20	2	20 0 
 4214	20	2	20 0 
 4215	20	2	20 0 
 4216	20	2	19 1 
 4217	20	2	12 8 
 4218	20	2	20 0 
 4219	20	2	20 0 
 4220	20	2	18 2 
 4221	20	2	20 0 
 4222	20	2	20 0 
 4223	20	2	20 0 
 4224	20	2	20 0 
 4225	20	2	8 12 
 4226	20	2	20 0 
 4227	20	2	12 8 
 4228	20	2	14 6 
 4229	20	2	14 6 
 4230	20	2	20 0 
 4231	20	2	12 8 
 4232	20	2	20 0 
 4233	20	2	19 1 
 4234	20	2	20 0 
 4235	20	2	20 0 
 4236	20	2	20 0 
 4237	20	2	20 0 
 4238	20	2	1 19 
 4239	20	2	19 1 
 4240	20	2	1 19 
 4241	20	2	1 19 
 4242	20	2	12 8 
 4243	20	2	1 19 
 4244	20	2	1 19 
 4245	20	2	19 1 
 4246	20	2	18 2 
 4247	20	2	20 0 
 4248	20	2	19 1 
 4249	20	2	19 1 
 4250	20	2	19 1 
 4251	20	2	20 0 
 4252	20	2	19 1 
 4253	20	2	17 3 
 4254	20	2	20 0 
 4255	20	2	20 0 
 4256	20	2	20 0 
 4257	20	2	19 1 
 4258	20	2	19 1 
 4259	20	2	19 1 
 4260	20	2	20 0 
 4261	20	2	19 1 
 4262	20	2	20 0 
 4263	20	2	20 0 
 4264	20	2	19 1 
 4265	20	2	20 0 
 4266	20	2	20 0 
 4267	20	2	13 7 
 4268	20	2	20 0 
 4269	20	2	20 0 
 4270	20	2	20 0 
 4271	20	2	20 0 
 4272	20	2	20 0 
 4273	20	2	20 0 
 4274	20	2	20 0 
 4275	20	2	20 0 
 4276	20	2	17 3 
 4277	20	2	18 2 
 4278	20	2	20 0 
 4279	20	2	20 0 
 4280	20	2	20 0 
 4281	20	2	19 1 
 4282	20	2	20 0 
 4283	20	2	20 0 
 4284	20	2	20 0 
 4285	20	2	19 1 
 4286	20	2	19 1 
 4287	20	2	19 1 
 4288	20	2	20 0 
 4289	20	2	19 1 
 4290	20	2	20 0 
 4291	20	2	19 1 
 4292	20	2	19 1 
 4293	20	2	19 1 
 4294	20	2	20 0 
 4295	20	2	20 0 
 4296	20	2	17 3 
 4297	20	2	20 0 
 4298	20	2	20 0 
 4299	20	2	20 0 
 4300	20	2	20 0 
 4301	20	2	19 1 
 4302	20	2	20 0 
 4303	20	2	16 4 
 4304	20	2	20 0 
 4305	20	2	4 16 
 4306	20	2	4 16 
 4307	20	2	16 4 
 4308	20	2	4 16 
 4309	20	2	18 2 
 4310	20	2	20 0 
 4311	20	2	20 0 
 4312	20	2	20 0 
 4313	20	2	20 0 
 4314	20	2	20 0 
 4315	20	2	20 0 
 4316	20	2	20 0 
 4317	20	2	20 0 
 4318	20	2	20 0 
 4319	20	2	20 0 
 4320	20	2	20 0 
 4321	20	2	19 1 
 4322	20	2	19 1 
 4323	20	2	20 0 
 4324	20	2	18 2 
 4325	20	2	20 0 
 4326	20	2	19 1 
 4327	20	2	20 0 
 4328	20	2	20 0 
 4329	20	2	9 11 
 4330	20	2	19 1 
 4331	20	2	20 0 
 4332	20	2	20 0 
 4333	20	2	19 1 
 4334	20	2	20 0 
 4335	20	2	20 0 
 4336	20	2	20 0 
 4337	20	2	20 0 
 4338	20	2	20 0 
 4339	20	2	20 0 
 4340	20	2	19 1 
 4341	20	2	20 0 
 4342	20	2	14 6 
 4343	20	2	20 0 
 4344	20	2	20 0 
 4345	20	2	20 0 
 4346	20	2	10 10 
 4347	20	2	10 10 
 4348	20	2	10 10 
 4349	20	2	20 0 
 4350	20	2	20 0 
 4351	20	2	20 0 
 4352	20	2	14 6 
 4353	20	2	19 1 
 4354	20	2	14 6 
 4355	20	2	14 6 
 4356	20	2	14 6 
 4357	20	2	15 5 
 4358	20	2	19 1 
 4359	20	2	20 0 
 4360	20	2	20 0 
 4361	20	2	20 0 
 4362	20	2	15 5 
 4363	20	2	18 2 
 4364	20	2	12 8 
 4365	20	2	15 5 
 4366	20	2	20 0 
 4367	20	2	20 0 
 4368	20	2	20 0 
 4369	20	2	20 0 
 4370	20	2	20 0 
 4371	20	2	20 0 
 4372	20	2	1 19 
 4373	20	2	19 1 
 4374	20	2	11 9 
 4375	20	2	4 16 
 4376	20	2	0 20 
 4377	20	2	19 1 
 4378	20	2	20 0 
 4379	20	2	19 1 
 4380	20	2	20 0 
 4381	20	2	20 0 
 4382	20	2	19 1 
 4383	20	2	20 0 
 4384	20	2	18 2 
 4385	20	2	16 4 
 4386	20	2	20 0 
 4387	20	2	20 0 
 4388	20	2	20 0 
 4389	20	2	20 0 
 4390	20	2	20 0 
 4391	20	2	19 1 
 4392	20	2	19 1 
 4393	20	2	20 0 
 4394	20	2	18 2 
 4395	20	2	20 0 
 4396	20	2	15 5 
 4397	20	2	19 1 
 4398	20	2	19 1 
 4399	20	2	20 0 
 4400	20	2	18 2 
 4401	20	2	20 0 
 4402	20	2	18 2 
 4403	20	2	20 0 
 4404	20	2	18 2 
 4405	20	2	20 0 
 4406	20	2	20 0 
 4407	20	2	19 1 
 4408	20	2	20 0 
 4409	20	2	20 0 
 4410	20	2	18 2 
 4411	20	2	18 2 
 4412	20	2	20 0 
 4413	20	2	20 0 
 4414	20	2	20 0 
 4415	20	2	18 2 
 4416	20	2	18 2 
 4417	20	2	20 0 
 4418	20	2	20 0 
 4419	20	2	14 6 
 4420	20	2	6 14 
 4421	20	2	6 14 
 4422	20	2	20 0 
 4423	20	2	18 2 
 4424	20	2	20 0 
 4425	20	2	20 0 
 4426	20	2	20 0 
 4427	20	2	14 6 
 4428	20	2	14 6 
 4429	20	2	20 0 
 4430	20	2	20 0 
 4431	20	2	19 1 
 4432	20	2	18 2 
 4433	20	2	20 0 
 4434	20	2	20 0 
 4435	20	2	20 0 
 4436	20	2	20 0 
 4437	20	2	19 1 
 4438	20	2	20 0 
 4439	20	2	19 1 
 4440	20	2	18 2 
 4441	20	2	16 4 
 4442	20	2	19 1 
 4443	20	2	19 1 
 4444	20	2	20 0 
 4445	20	2	17 3 
 4446	20	2	20 0 
 4447	20	2	20 0 
 4448	20	2	18 2 
 4449	20	2	20 0 
 4450	20	2	18 2 
 4451	20	2	19 1 
 4452	20	2	18 2 
 4453	20	2	18 2 
 4454	20	2	17 3 
 4455	20	2	18 2 
 4456	20	2	20 0 
 4457	20	2	18 2 
 4458	20	2	20 0 
 4459	20	2	19 1 
 4460	20	2	20 0 
 4461	20	2	18 2 
 4462	20	2	19 1 
 4463	20	2	20 0 
 4464	20	2	20 0 
 4465	20	2	18 2 
 4466	20	2	18 2 
 4467	20	2	20 0 
 4468	20	2	20 0 
 4469	20	2	20 0 
 4470	20	2	19 1 
 4471	20	2	20 0 
 4472	20	2	15 5 
 4473	20	2	20 0 
 4474	20	2	18 2 
 4475	20	2	20 0 
 4476	20	2	18 2 
 4477	20	2	18 2 
 4478	20	2	18 2 
 4479	20	2	19 1 
 4480	20	2	19 1 
 4481	20	2	18 2 
 4482	20	2	19 1 
 4483	20	2	18 2 
 4484	20	2	18 2 
 4485	20	2	18 2 
 4486	20	2	18 2 
 4487	20	2	19 1 
 4488	20	2	20 0 
 4489	20	2	19 1 
 4490	20	2	14 6 
 4491	20	2	20 0 
 4492	20	2	20 0 
 4493	20	2	17 3 
 4494	20	2	14 6 
 4495	20	2	19 1 
 4496	20	2	14 6 
 4497	20	2	2 18 
 4498	20	2	20 0 
 4499	20	2	20 0 
 4500	20	2	20 0 
 4501	20	2	20 0 
 4502	20	2	20 0 
 4503	20	2	17 3 
 4504	20	2	17 3 
 4505	20	2	17 3 
 4506	20	2	17 3 
 4507	20	2	20 0 
 4508	20	2	19 1 
 4509	20	2	17 3 
 4510	20	2	20 0 
 4511	20	2	20 0 
 4512	20	2	19 1 
 4513	20	2	17 3 
 4514	20	2	18 2 
 4515	20	2	17 3 
 4516	20	2	20 0 
 4517	20	2	19 1 
 4518	20	2	18 2 
 4519	20	2	18 2 
 4520	20	2	18 2 
 4521	20	2	20 0 
 4522	20	2	2 18 
 4523	20	2	19 1 
 4524	20	2	20 0 
 4525	20	2	17 3 
 4526	20	2	19 1 
 4527	20	2	20 0 
 4528	20	2	19 1 
 4529	20	2	19 1 
 4530	20	2	0 20 
 4531	20	2	20 0 
 4532	20	2	19 1 
 4533	20	2	19 1 
 4534	20	2	17 3 
 4535	20	2	13 7 
 4536	20	2	13 7 
 4537	20	2	19 1 
 4538	20	2	14 6 
 4539	20	2	20 0 
 4540	20	2	20 0 
 4541	20	2	20 0 
 4542	20	2	20 0 
 4543	20	2	20 0 
 4544	20	2	19 1 
 4545	20	2	20 0 
 4546	20	2	5 15 
 4547	20	2	20 0 
 4548	20	2	10 10 
 4549	20	2	20 0 
 4550	20	2	10 10 
 4551	20	2	19 1 
 4552	20	2	20 0 
 4553	20	2	20 0 
 4554	20	2	18 2 
 4555	20	2	17 3 
 4556	20	2	18 2 
 4557	20	2	20 0 
 4558	20	2	20 0 
 4559	20	2	20 0 
 4560	20	2	20 0 
 4561	20	2	20 0 
 4562	20	2	19 1 
 4563	20	2	20 0 
 4564	20	2	18 2 
 4565	20	2	18 2 
 4566	20	2	20 0 
 4567	20	2	18 2 
 4568	20	2	18 2 
 4569	20	2	18 2 
 4570	20	2	16 4 
 4571	20	2	20 0 
 4572	20	2	20 0 
 4573	20	2	12 8 
 4574	20	2	19 1 
 4575	20	2	20 0 
 4576	20	2	20 0 
 4577	20	2	19 1 
 4578	20	2	20 0 
 4579	20	2	17 3 
 4580	20	2	16 4 
 4581	20	2	20 0 
 4582	20	2	15 5 
 4583	20	2	16 4 
 4584	20	2	19 1 
 4585	20	2	15 5 
 4586	20	2	20 0 
 4587	20	2	20 0 
 4588	20	2	20 0 
 4589	20	2	20 0 
 4590	20	2	15 5 
 4591	20	2	20 0 
 4592	20	2	17 3 
 4593	20	2	20 0 
 4594	20	2	20 0 
 4595	20	2	20 0 
 4596	20	2	20 0 
 4597	20	2	20 0 
 4598	20	2	20 0 
 4599	20	2	20 0 
 4600	20	2	20 0 
 4601	20	2	20 0 
 4602	20	2	20 0 
 4603	20	2	20 0 
 4604	20	2	20 0 
 4605	20	2	8 12 
 4606	20	2	20 0 
 4607	20	2	20 0 
 4608	20	2	20 0 
 4609	20	2	19 1 
 4610	20	2	20 0 
 4611	20	2	20 0 
 4612	20	2	20 0 
 4613	20	2	20 0 
 4614	20	2	19 1 
 4615	20	2	15 5 
 4616	20	2	20 0 
 4617	20	2	19 1 
 4618	20	2	20 0 
 4619	20	2	20 0 
 4620	20	2	20 0 
 4621	20	2	17 3 
 4622	20	2	13 7 
 4623	20	2	19 1 
 4624	20	2	14 6 
 4625	20	2	13 7 
 4626	20	2	16 4 
 4627	20	2	16 4 
 4628	20	2	19 1 
 4629	20	2	16 4 
 4630	20	2	2 18 
 4631	20	2	20 0 
 4632	20	2	20 0 
 4633	20	2	19 1 
 4634	20	2	18 2 
 4635	20	2	20 0 
 4636	20	2	20 0 
 4637	20	2	13 7 
 4638	20	2	20 0 
 4639	20	2	13 7 
 4640	20	2	2 18 
 4641	20	2	20 0 
 4642	20	2	12 8 
 4643	20	2	19 1 
 4644	20	2	3 17 
 4645	20	2	11 9 
 4646	20	2	20 0 
 4647	20	2	11 9 
 4648	20	2	8 12 
 4649	20	2	20 0 
 4650	20	2	20 0 
 4651	20	2	20 0 
 4652	20	2	20 0 
 4653	20	2	15 5 
 4654	20	2	20 0 
 4655	20	2	20 0 
 4656	20	2	20 0 
 4657	20	2	18 2 
 4658	20	2	20 0 
 4659	20	2	20 0 
 4660	20	2	20 0 
 4661	20	2	19 1 
 4662	20	2	20 0 
 4663	20	2	20 0 
 4664	20	2	19 1 
 4665	20	2	20 0 
 4666	20	2	20 0 
 4667	20	2	20 0 
 4668	20	2	20 0 
 4669	20	2	20 0 
 4670	20	2	20 0 
 4671	20	2	20 0 
 4672	20	2	20 0 
 4673	20	2	20 0 
 4674	20	2	20 0 
 4675	20	2	20 0 
 4676	20	2	20 0 
 4677	20	2	18 2 
 4678	20	2	17 3 
 4679	20	2	19 1 
 4680	20	2	18 2 
 4681	20	2	20 0 
 4682	20	2	20 0 
 4683	20	2	18 2 
 4684	20	2	17 3 
 4685	20	2	18 2 
 4686	20	2	20 0 
 4687	20	2	20 0 
 4688	20	2	20 0 
 4689	20	2	20 0 
 4690	20	2	20 0 
 4691	20	2	15 5 
 4692	20	2	18 2 
 4693	20	2	20 0 
 4694	20	2	20 0 
 4695	20	2	20 0 
 4696	20	2	5 15 
 4697	20	2	2 18 
 4698	20	2	20 0 
 4699	20	2	13 7 
 4700	20	2	19 1 
 4701	20	2	19 1 
 4702	20	2	20 0 
 4703	20	2	15 5 
 4704	20	2	20 0 
 4705	20	2	20 0 
 4706	20	2	20 0 
 4707	20	2	20 0 
 4708	20	2	20 0 
 4709	20	2	20 0 
 4710	20	2	5 15 
 4711	20	2	20 0 
 4712	20	2	20 0 
 4713	20	2	17 3 
 4714	20	2	20 0 
 4715	20	2	17 3 
 4716	20	2	17 3 
 4717	20	2	17 3 
 4718	20	2	17 3 
 4719	20	2	20 0 
 4720	20	2	20 0 
 4721	20	2	20 0 
 4722	20	2	20 0 
 4723	20	2	19 1 
 4724	20	2	19 1 
 4725	20	2	17 3 
 4726	20	2	20 0 
 4727	20	2	20 0 
 4728	20	2	20 0 
 4729	20	2	20 0 
 4730	20	2	19 1 
 4731	20	2	19 1 
 4732	20	2	20 0 
 4733	20	2	18 2 
 4734	20	2	20 0 
 4735	20	2	20 0 
 4736	20	2	19 1 
 4737	20	2	20 0 
 4738	20	2	20 0 
 4739	20	2	20 0 
 4740	20	2	13 7 
 4741	20	2	20 0 
 4742	20	2	13 7 
 4743	20	2	13 7 
 4744	20	2	19 1 
 4745	20	2	13 7 
 4746	20	2	20 0 
 4747	20	2	16 4 
 4748	20	2	19 1 
 4749	20	2	16 4 
 4750	20	2	11 9 
 4751	20	2	19 1 
 4752	20	2	19 1 
 4753	20	2	20 0 
 4754	20	2	19 1 
 4755	20	2	20 0 
 4756	20	2	9 11 
 4757	20	2	20 0 
 4758	20	2	19 1 
 4759	20	2	17 3 
 4760	20	2	18 2 
 4761	20	2	19 1 
 4762	20	2	19 1 
 4763	20	2	19 1 
 4764	20	2	19 1 
 4765	20	2	20 0 
 4766	20	2	20 0 
 4767	20	2	20 0 
 4768	20	2	20 0 
 4769	20	2	19 1 
 4770	20	2	20 0 
 4771	20	2	20 0 
 4772	20	2	20 0 
 4773	20	2	17 3 
 4774	20	2	20 0 
 4775	20	2	20 0 
 4776	20	2	20 0 
 4777	20	2	19 1 
 4778	20	2	20 0 
 4779	20	2	20 0 
 4780	20	2	19 1 
 4781	20	2	20 0 
 4782	20	2	16 4 
 4783	20	2	13 7 
 4784	20	2	19 1 
 4785	20	2	19 1 
 4786	20	2	20 0 
 4787	20	2	20 0 
 4788	20	2	12 8 
 4789	20	2	17 3 
 4790	20	2	17 3 
 4791	20	2	19 1 
 4792	20	2	20 0 
 4793	20	2	20 0 
 4794	20	2	18 2 
 4795	20	2	18 2 
 4796	20	2	20 0 
 4797	20	2	20 0 
 4798	20	2	20 0 
 4799	20	2	20 0 
 4800	20	2	18 2 
 4801	20	2	20 0 
 4802	20	2	20 0 
 4803	20	2	20 0 
 4804	20	2	14 6 
 4805	20	2	20 0 
 4806	20	2	20 0 
 4807	20	2	20 0 
 4808	20	2	19 1 
 4809	20	2	20 0 
 4810	20	2	18 2 
 4811	20	2	16 4 
 4812	20	2	20 0 
 4813	20	2	0 20 
 4814	20	2	19 1 
 4815	20	2	19 1 
 4816	20	2	19 1 
 4817	20	2	20 0 
 4818	20	2	20 0 
 4819	20	2	13 7 
 4820	20	2	19 1 
 4821	20	2	14 6 
 4822	20	2	19 1 
 4823	20	2	20 0 
 4824	20	2	15 5 
 4825	20	2	19 1 
 4826	20	2	18 2 
 4827	20	2	20 0 
 4828	20	2	20 0 
 4829	20	2	20 0 
 4830	20	2	20 0 
 4831	20	2	18 2 
 4832	20	2	20 0 
 4833	20	2	20 0 
 4834	20	2	18 2 
 4835	20	2	8 12 
 4836	20	2	8 12 
 4837	20	2	8 12 
 4838	20	2	12 8 
 4839	20	2	12 8 
 4840	20	2	12 8 
 4841	20	2	18 2 
 4842	20	2	10 10 
 4843	20	2	19 1 
 4844	20	2	19 1 
 4845	20	2	20 0 
 4846	20	2	20 0 
 4847	20	2	20 0 
 4848	20	2	19 1 
 4849	20	2	20 0 
 4850	20	2	19 1 
 4851	20	2	20 0 
 4852	20	2	20 0 
 4853	20	2	20 0 
 4854	20	2	20 0 
 4855	20	2	20 0 
 4856	20	2	20 0 
 4857	20	2	20 0 
 4858	20	2	20 0 
 4859	20	2	20 0 
 4860	20	2	20 0 
 4861	20	2	20 0 
 4862	20	2	19 1 
 4863	20	2	20 0 
 4864	20	2	20 0 
 4865	20	2	20 0 
 4866	20	2	20 0 
 4867	20	2	20 0 
 4868	20	2	20 0 
 4869	20	2	17 3 
 4870	20	2	17 3 
 4871	20	2	17 3 
 4872	20	2	15 5 
 4873	20	2	20 0 
 4874	20	2	20 0 
 4875	20	2	15 5 
 4876	20	2	20 0 
 4877	20	2	20 0 
 4878	20	2	19 1 
 4879	20	2	20 0 
 4880	20	2	18 2 
 4881	20	2	20 0 
 4882	20	2	18 2 
 4883	20	2	19 1 
 4884	20	2	19 1 
 4885	20	2	20 0 
 4886	20	2	20 0 
 4887	20	2	19 1 
 4888	20	2	19 1 
 4889	20	2	1 19 
 4890	20	2	8 12 
 4891	20	2	8 12 
 4892	20	2	20 0 
 4893	20	2	13 7 
 4894	20	2	19 1 
 4895	20	2	16 4 
 4896	20	2	19 1 
 4897	20	2	16 4 
 4898	20	2	16 4 
 4899	20	2	15 5 
 4900	20	2	20 0 
 4901	20	2	20 0 
 4902	20	2	19 1 
 4903	20	2	20 0 
 4904	20	2	16 4 
 4905	20	2	20 0 
 4906	20	2	19 1 
 4907	20	2	20 0 
 4908	20	2	20 0 
 4909	20	2	20 0 
 4910	20	2	20 0 
 4911	20	2	20 0 
 4912	20	2	20 0 
 4913	20	2	19 1 
 4914	20	2	20 0 
 4915	20	2	20 0 
 4916	20	2	18 2 
 4917	20	2	19 1 
 4918	20	2	18 2 
 4919	20	2	19 1 
 4920	20	2	19 1 
 4921	20	2	16 4 
 4922	20	2	20 0 
 4923	20	2	20 0 
 4924	20	2	20 0 
 4925	20	2	3 17 
 4926	20	2	20 0 
 4927	20	2	17 3 
 4928	20	2	19 1 
 4929	20	2	20 0 
 4930	20	2	17 3 
 4931	20	2	20 0 
 4932	20	2	20 0 
 4933	20	2	20 0 
 4934	20	2	20 0 
 4935	20	2	19 1 
 4936	20	2	20 0 
 4937	20	2	13 7 
 4938	20	2	13 7 
 4939	20	2	13 7 
 4940	20	2	13 7 
 4941	20	2	20 0 
 4942	20	2	8 12 
 4943	20	2	8 12 
 4944	20	2	8 12 
 4945	20	2	20 0 
 4946	20	2	14 6 
 4947	20	2	20 0 
 4948	20	2	14 6 
 4949	20	2	20 0 
 4950	20	2	20 0 
 4951	20	2	18 2 
 4952	20	2	18 2 
 4953	20	2	0 20 
 4954	20	2	17 3 
 4955	20	2	19 1 
 4956	20	2	20 0 
 4957	20	2	20 0 
 4958	20	2	20 0 
 4959	20	2	20 0 
 4960	20	2	20 0 
 4961	20	2	20 0 
 4962	20	2	2 18 
 4963	20	2	18 2 
 4964	20	2	20 0 
 4965	20	2	20 0 
 4966	20	2	20 0 
 4967	20	2	20 0 
 4968	20	2	20 0 
 4969	20	2	20 0 
 4970	20	2	20 0 
 4971	20	2	20 0 
 4972	20	2	16 4 
 4973	20	2	16 4 
 4974	20	2	16 4 
 4975	20	2	20 0 
 4976	20	2	7 13 
 4977	20	2	20 0 
 4978	20	2	20 0 
 4979	20	2	19 1 
 4980	20	2	20 0 
 4981	20	2	20 0 
 4982	20	2	16 4 
 4983	20	2	17 3 
 4984	20	2	19 1 
 4985	20	2	17 3 
 4986	20	2	20 0 
 4987	20	2	20 0 
 4988	20	2	1 19 
 4989	20	2	17 3 
 4990	20	2	19 1 
 4991	20	2	17 3 
 4992	20	2	18 2 
 4993	20	2	11 9 
 4994	20	2	18 2 
 4995	20	2	20 0 
 4996	20	2	11 9 
 4997	20	2	20 0 
 4998	20	2	19 1 
 4999	20	2	20 0 
 5000	20	2	13 7 
 5001	20	2	20 0 
 5002	20	2	18 2 
 5003	20	2	20 0 
 5004	20	2	20 0 
 5005	20	2	20 0 
 5006	20	2	20 0 
 5007	20	2	20 0 
 5008	20	2	20 0 
 5009	20	2	20 0 
 5010	20	2	20 0 
 5011	20	2	20 0 
 5012	20	2	20 0 
 5013	20	2	20 0 
 5014	20	2	20 0 
 5015	20	2	20 0 
 5016	20	2	20 0 
 5017	20	2	20 0 
 5018	20	2	19 1 
 5019	20	2	19 1 
 5020	20	2	20 0 
 5021	20	2	20 0 
 5022	20	2	19 1 
 5023	20	2	20 0 
 5024	20	2	19 1 
 5025	20	2	20 0 
 5026	20	2	19 1 
 5027	20	2	19 1 
 5028	20	2	19 1 
 5029	20	2	20 0 
 5030	20	2	19 1 
 5031	20	2	20 0 
 5032	20	2	20 0 
 5033	20	2	20 0 
 5034	20	2	20 0 
 5035	20	2	6 14 
 5036	20	2	6 14 
 5037	20	2	17 3 
 5038	20	2	6 14 
 5039	20	2	19 1 
 5040	20	2	20 0 
 5041	20	2	19 1 
 5042	20	2	20 0 
 5043	20	2	20 0 
 5044	20	2	20 0 
 5045	20	2	14 6 
 5046	20	2	20 0 
 5047	20	2	18 2 
 5048	20	2	19 1 
 5049	20	2	14 6 
 5050	20	2	14 6 
 5051	20	2	19 1 
 5052	20	2	20 0 
 5053	20	2	18 2 
 5054	20	2	18 2 
 5055	20	2	20 0 
 5056	20	2	20 0 
 5057	20	2	20 0 
 5058	20	2	20 0 
 5059	20	2	20 0 
 5060	20	2	20 0 
 5061	20	2	19 1 
 5062	20	2	20 0 
 5063	20	2	20 0 
 5064	20	2	20 0 
 5065	20	2	19 1 
 5066	20	2	17 3 
 5067	20	2	15 5 
 5068	20	2	20 0 
 5069	20	2	19 1 
 5070	20	2	20 0 
 5071	20	2	16 4 
 5072	20	2	19 1 
 5073	20	2	19 1 
 5074	20	2	20 0 
 5075	20	2	20 0 
 5076	20	2	20 0 
 5077	20	2	20 0 
 5078	20	2	19 1 
 5079	20	2	1 19 
 5080	20	2	12 8 
 5081	20	2	20 0 
 5082	20	2	20 0 
 5083	20	2	12 8 
 5084	20	2	10 10 
 5085	20	2	19 1 
 5086	20	2	16 4 
 5087	20	2	19 1 
 5088	20	2	3 17 
 5089	20	2	18 2 
 5090	20	2	20 0 
 5091	20	2	17 3 
 5092	20	2	20 0 
 5093	20	2	17 3 
 5094	20	2	17 3 
 5095	20	2	18 2 
 5096	20	2	20 0 
 5097	20	2	20 0 
 5098	20	2	20 0 
 5099	20	2	3 17 
 5100	20	2	16 4 
 5101	20	2	20 0 
 5102	20	2	5 15 
 5103	20	2	5 15 
 5104	20	2	20 0 
 5105	20	2	9 11 
 5106	20	2	19 1 
 5107	20	2	20 0 
 5108	20	2	5 15 
 5109	20	2	19 1 
 5110	20	2	20 0 
 5111	20	2	20 0 
 5112	20	2	20 0 
 5113	20	2	20 0 
 5114	20	2	20 0 
 5115	20	2	20 0 
 5116	20	2	20 0 
 5117	20	2	19 1 
 5118	20	2	17 3 
 5119	20	2	18 2 
 5120	20	2	20 0 
 5121	20	2	20 0 
 5122	20	2	20 0 
 5123	20	2	20 0 
 5124	20	2	16 4 
 5125	20	2	20 0 
 5126	20	2	19 1 
 5127	20	2	20 0 
 5128	20	2	20 0 
 5129	20	2	19 1 
 5130	20	2	18 2 
 5131	20	2	20 0 
 5132	20	2	20 0 
 5133	20	2	20 0 
 5134	20	2	20 0 
 5135	20	2	20 0 
 5136	20	2	18 2 
 5137	20	2	20 0 
 5138	20	2	20 0 
 5139	20	2	20 0 
 5140	20	2	19 1 
 5141	20	2	20 0 
 5142	20	2	20 0 
 5143	20	2	20 0 
 5144	20	2	20 0 
 5145	20	2	10 10 
 5146	20	2	13 7 
 5147	20	2	20 0 
 5148	20	2	19 1 
 5149	20	2	20 0 
 5150	20	2	3 17 
 5151	20	2	13 7 
 5152	20	2	20 0 
 5153	20	2	3 17 
 5154	20	2	20 0 
 5155	20	2	20 0 
 5156	20	2	20 0 
 5157	20	2	19 1 
 5158	20	2	20 0 
 5159	20	2	19 1 
 5160	20	2	19 1 
 5161	20	2	20 0 
 5162	20	2	18 2 
 5163	20	2	20 0 
 5164	20	2	19 1 
 5165	20	2	20 0 
 5166	20	2	18 2 
 5167	20	2	20 0 
 5168	20	2	20 0 
 5169	20	2	4 16 
 5170	20	2	19 1 
 5171	20	2	4 16 
 5172	20	2	19 1 
 5173	20	2	19 1 
 5174	20	2	20 0 
 5175	20	2	20 0 
 5176	20	2	19 1 
 5177	20	2	19 1 
 5178	20	2	19 1 
 5179	20	2	20 0 
 5180	20	2	4 16 
 5181	20	2	16 4 
 5182	20	2	0 20 
 5183	20	2	20 0 
 5184	20	2	20 0 
 5185	20	2	20 0 
 5186	20	2	12 8 
 5187	20	2	12 8 
 5188	20	2	20 0 
 5189	20	2	17 3 
 5190	20	2	20 0 
 5191	20	2	12 8 
 5192	20	2	20 0 
 5193	20	2	12 8 
 5194	20	2	6 14 
 5195	20	2	20 0 
 5196	20	2	20 0 
 5197	20	2	19 1 
 5198	20	2	20 0 
 5199	20	2	20 0 
 5200	20	2	18 2 
 5201	20	2	9 11 
 5202	20	2	3 17 
 5203	20	2	19 1 
 5204	20	2	20 0 
 5205	20	2	20 0 
 5206	20	2	20 0 
 5207	20	2	19 1 
 5208	20	2	20 0 
 5209	20	2	19 1 
 5210	20	2	10 10 
 5211	20	2	19 1 
 5212	20	2	15 5 
 5213	20	2	10 10 
 5214	20	2	19 1 
 5215	20	2	15 5 
 5216	20	2	19 1 
 5217	20	2	15 5 
 5218	20	2	19 1 
 5219	20	2	20 0 
 5220	20	2	20 0 
 5221	20	2	20 0 
 5222	20	2	18 2 
 5223	20	2	17 3 
 5224	20	2	20 0 
 5225	20	2	20 0 
 5226	20	2	20 0 
 5227	20	2	20 0 
 5228	20	2	18 2 
 5229	20	2	20 0 
 5230	20	2	20 0 
 5231	20	2	17 3 
 5232	20	2	20 0 
 5233	20	2	20 0 
 5234	20	2	20 0 
 5235	20	2	4 16 
 5236	20	2	19 1 
 5237	20	2	9 11 
 5238	20	2	20 0 
 5239	20	2	14 6 
 5240	20	2	19 1 
 5241	20	2	20 0 
 5242	20	2	20 0 
 5243	20	2	6 14 
 5244	20	2	18 2 
 5245	20	2	18 2 
 5246	20	2	15 5 
 5247	20	2	18 2 
 5248	20	2	20 0 
 5249	20	2	20 0 
 5250	20	2	19 1 
 5251	20	2	20 0 
 5252	20	2	7 13 
 5253	20	2	10 10 
 5254	20	2	18 2 
 5255	20	2	20 0 
 5256	20	2	20 0 
 5257	20	2	20 0 
 5258	20	2	20 0 
 5259	20	2	18 2 
 5260	20	2	20 0 
 5261	20	2	19 1 
 5262	20	2	20 0 
 5263	20	2	18 2 
 5264	20	2	20 0 
 5265	20	2	20 0 
 5266	20	2	18 2 
 5267	20	2	18 2 
 5268	20	2	20 0 
 5269	20	2	20 0 
 5270	20	2	20 0 
 5271	20	2	18 2 
 5272	20	2	3 17 
 5273	20	2	20 0 
 5274	20	2	10 10 
 5275	20	2	20 0 
 5276	20	2	19 1 
 5277	20	2	19 1 
 5278	20	2	19 1 
 5279	20	2	20 0 
 5280	20	2	20 0 
 5281	20	2	20 0 
 5282	20	2	20 0 
 5283	20	2	19 1 
 5284	20	2	20 0 
 5285	20	2	19 1 
 5286	20	2	20 0 
 5287	20	2	18 2 
 5288	20	2	19 1 
 5289	20	2	18 2 
 5290	20	2	18 2 
 5291	20	2	18 2 
 5292	20	2	9 11 
 5293	20	2	4 16 
 5294	20	2	20 0 
 5295	20	2	20 0 
 5296	20	2	20 0 
 5297	20	2	20 0 
 5298	20	2	20 0 
 5299	20	2	19 1 
 5300	20	2	20 0 
 5301	20	2	20 0 
 5302	20	2	20 0 
 5303	20	2	20 0 
 5304	20	2	16 4 
 5305	20	2	20 0 
 5306	20	2	20 0 
 5307	20	2	0 20 
 5308	20	2	19 1 
 5309	20	2	20 0 
 5310	20	2	20 0 
 5311	20	2	19 1 
 5312	20	2	20 0 
 5313	20	2	20 0 
 5314	20	2	20 0 
 5315	20	2	20 0 
 5316	20	2	15 5 
 5317	20	2	19 1 
 5318	20	2	20 0 
 5319	20	2	20 0 
 5320	20	2	20 0 
 5321	20	2	20 0 
 5322	20	2	19 1 
 5323	20	2	18 2 
 5324	20	2	19 1 
 5325	20	2	19 1 
 5326	20	2	10 10 
 5327	20	2	19 1 
 5328	20	2	20 0 
 5329	20	2	15 5 
 5330	20	2	20 0 
 5331	20	2	20 0 
 5332	20	2	20 0 
 5333	20	2	9 11 
 5334	20	2	18 2 
 5335	20	2	20 0 
 5336	20	2	2 18 
 5337	20	2	2 18 
 5338	20	2	19 1 
 5339	20	2	20 0 
 5340	20	2	20 0 
 5341	20	2	18 2 
 5342	20	2	19 1 
 5343	20	2	12 8 
 5344	20	2	11 9 
 5345	20	2	18 2 
 5346	20	2	19 1 
 5347	20	2	2 18 
 5348	20	2	18 2 
 5349	20	2	9 11 
 5350	20	2	20 0 
 5351	20	2	14 6 
 5352	20	2	20 0 
 5353	20	2	20 0 
 5354	20	2	19 1 
 5355	20	2	20 0 
 5356	20	2	20 0 
 5357	20	2	19 1 
 5358	20	2	20 0 
 5359	20	2	20 0 
 5360	20	2	20 0 
 5361	20	2	19 1 
 5362	20	2	20 0 
 5363	20	2	20 0 
 5364	20	2	13 7 
 5365	20	2	20 0 
 5366	20	2	20 0 
 5367	20	2	20 0 
 5368	20	2	20 0 
 5369	20	2	20 0 
 5370	20	2	20 0 
 5371	20	2	20 0 
 5372	20	2	20 0 
 5373	20	2	20 0 
 5374	20	2	20 0 
 5375	20	2	20 0 
 5376	20	2	20 0 
 5377	20	2	20 0 
 5378	20	2	19 1 
 5379	20	2	20 0 
 5380	20	2	19 1 
 5381	20	2	20 0 
 5382	20	2	19 1 
 5383	20	2	19 1 
 5384	20	2	19 1 
 5385	20	2	20 0 
 5386	20	2	20 0 
 5387	20	2	20 0 
 5388	20	2	20 0 
 5389	20	2	9 11 
 5390	20	2	20 0 
 5391	20	2	9 11 
 5392	20	2	20 0 
 5393	20	2	20 0 
 5394	20	2	19 1 
 5395	20	2	19 1 
 5396	20	2	20 0 
 5397	20	2	20 0 
 5398	20	2	20 0 
 5399	20	2	20 0 
 5400	20	2	20 0 
 5401	20	2	20 0 
 5402	20	2	20 0 
 5403	20	2	20 0 
 5404	20	2	20 0 
 5405	20	2	19 1 
 5406	20	2	18 2 
 5407	20	2	20 0 
 5408	20	2	20 0 
 5409	20	2	18 2 
 5410	20	2	20 0 
 5411	20	2	17 3 
 5412	20	2	20 0 
 5413	20	2	20 0 
 5414	20	2	20 0 
 5415	20	2	20 0 
 5416	20	2	17 3 
 5417	20	2	19 1 
 5418	20	2	20 0 
 5419	20	2	15 5 
 5420	20	2	20 0 
 5421	20	2	20 0 
 5422	20	2	15 5 
 5423	20	2	17 3 
 5424	20	2	20 0 
 5425	20	2	20 0 
 5426	20	2	20 0 

[pop]=4
 1	20	2	15 5 
 2	20	2	20 0 
 3	20	2	15 5 
 4	20	2	15 5 
 5	20	2	16 4 
 6	20	2	20 0 
 7	20	2	19 1 
 8	20	2	19 1 
 9	20	2	19 1 
 10	20	2	19 1 
 11	20	2	14 6 
 12	20	2	14 6 
 13	20	2	14 6 
 14	20	2	19 1 
 15	20	2	20 0 
 16	20	2	19 1 
 17	20	2	20 0 
 18	20	2	20 0 
 19	20	2	20 0 
 20	20	2	20 0 
 21	20	2	20 0 
 22	20	2	20 0 
 23	20	2	12 8 
 24	20	2	19 1 
 25	20	2	19 1 
 26	20	2	20 0 
 27	20	2	19 1 
 28	20	2	12 8 
 29	20	2	20 0 
 30	20	2	20 0 
 31	20	2	20 0 
 32	20	2	18 2 
 33	20	2	20 0 
 34	20	2	20 0 
 35	20	2	13 7 
 36	20	2	20 0 
 37	20	2	20 0 
 38	20	2	20 0 
 39	20	2	20 0 
 40	20	2	18 2 
 41	20	2	13 7 
 42	20	2	18 2 
 43	20	2	6 14 
 44	20	2	20 0 
 45	20	2	19 1 
 46	20	2	15 5 
 47	20	2	20 0 
 48	20	2	19 1 
 49	20	2	20 0 
 50	20	2	19 1 
 51	20	2	20 0 
 52	20	2	16 4 
 53	20	2	20 0 
 54	20	2	10 10 
 55	20	2	19 1 
 56	20	2	19 1 
 57	20	2	15 5 
 58	20	2	18 2 
 59	20	2	8 12 
 60	20	2	18 2 
 61	20	2	10 10 
 62	20	2	16 4 
 63	20	2	18 2 
 64	20	2	20 0 
 65	20	2	20 0 
 66	20	2	20 0 
 67	20	2	20 0 
 68	20	2	20 0 
 69	20	2	20 0 
 70	20	2	20 0 
 71	20	2	19 1 
 72	20	2	19 1 
 73	20	2	19 1 
 74	20	2	19 1 
 75	20	2	20 0 
 76	20	2	20 0 
 77	20	2	20 0 
 78	20	2	19 1 
 79	20	2	18 2 
 80	20	2	20 0 
 81	20	2	20 0 
 82	20	2	19 1 
 83	20	2	20 0 
 84	20	2	20 0 
 85	20	2	16 4 
 86	20	2	16 4 
 87	20	2	16 4 
 88	20	2	20 0 
 89	20	2	20 0 
 90	20	2	20 0 
 91	20	2	20 0 
 92	20	2	20 0 
 93	20	2	20 0 
 94	20	2	20 0 
 95	20	2	19 1 
 96	20	2	18 2 
 97	20	2	20 0 
 98	20	2	20 0 
 99	20	2	15 5 
 100	20	2	14 6 
 101	20	2	20 0 
 102	20	2	1 19 
 103	20	2	20 0 
 104	20	2	17 3 
 105	20	2	18 2 
 106	20	2	18 2 
 107	20	2	18 2 
 108	20	2	20 0 
 109	20	2	18 2 
 110	20	2	20 0 
 111	20	2	19 1 
 112	20	2	20 0 
 113	20	2	16 4 
 114	20	2	20 0 
 115	20	2	14 6 
 116	20	2	0 20 
 117	20	2	0 20 
 118	20	2	14 6 
 119	20	2	20 0 
 120	20	2	20 0 
 121	20	2	19 1 
 122	20	2	15 5 
 123	20	2	15 5 
 124	20	2	15 5 
 125	20	2	15 5 
 126	20	2	20 0 
 127	20	2	14 6 
 128	20	2	20 0 
 129	20	2	20 0 
 130	20	2	19 1 
 131	20	2	19 1 
 132	20	2	20 0 
 133	20	2	20 0 
 134	20	2	20 0 
 135	20	2	19 1 
 136	20	2	12 8 
 137	20	2	20 0 
 138	20	2	18 2 
 139	20	2	20 0 
 140	20	2	20 0 
 141	20	2	19 1 
 142	20	2	11 9 
 143	20	2	14 6 
 144	20	2	20 0 
 145	20	2	20 0 
 146	20	2	19 1 
 147	20	2	18 2 
 148	20	2	20 0 
 149	20	2	19 1 
 150	20	2	16 4 
 151	20	2	20 0 
 152	20	2	1 19 
 153	20	2	20 0 
 154	20	2	20 0 
 155	20	2	20 0 
 156	20	2	20 0 
 157	20	2	7 13 
 158	20	2	20 0 
 159	20	2	20 0 
 160	20	2	20 0 
 161	20	2	20 0 
 162	20	2	20 0 
 163	20	2	20 0 
 164	20	2	20 0 
 165	20	2	20 0 
 166	20	2	20 0 
 167	20	2	19 1 
 168	20	2	19 1 
 169	20	2	20 0 
 170	20	2	15 5 
 171	20	2	20 0 
 172	20	2	16 4 
 173	20	2	20 0 
 174	20	2	20 0 
 175	20	2	20 0 
 176	20	2	20 0 
 177	20	2	19 1 
 178	20	2	20 0 
 179	20	2	20 0 
 180	20	2	20 0 
 181	20	2	20 0 
 182	20	2	20 0 
 183	20	2	20 0 
 184	20	2	20 0 
 185	20	2	20 0 
 186	20	2	20 0 
 187	20	2	20 0 
 188	20	2	20 0 
 189	20	2	20 0 
 190	20	2	20 0 
 191	20	2	20 0 
 192	20	2	20 0 
 193	20	2	20 0 
 194	20	2	15 5 
 195	20	2	20 0 
 196	20	2	0 20 
 197	20	2	20 0 
 198	20	2	18 2 
 199	20	2	20 0 
 200	20	2	20 0 
 201	20	2	20 0 
 202	20	2	20 0 
 203	20	2	20 0 
 204	20	2	15 5 
 205	20	2	15 5 
 206	20	2	20 0 
 207	20	2	20 0 
 208	20	2	16 4 
 209	20	2	20 0 
 210	20	2	20 0 
 211	20	2	20 0 
 212	20	2	20 0 
 213	20	2	20 0 
 214	20	2	20 0 
 215	20	2	20 0 
 216	20	2	13 7 
 217	20	2	7 13 
 218	20	2	13 7 
 219	20	2	7 13 
 220	20	2	16 4 
 221	20	2	17 3 
 222	20	2	20 0 
 223	20	2	20 0 
 224	20	2	20 0 
 225	20	2	20 0 
 226	20	2	20 0 
 227	20	2	20 0 
 228	20	2	20 0 
 229	20	2	20 0 
 230	20	2	15 5 
 231	20	2	15 5 
 232	20	2	19 1 
 233	20	2	18 2 
 234	20	2	18 2 
 235	20	2	20 0 
 236	20	2	19 1 
 237	20	2	16 4 
 238	20	2	16 4 
 239	20	2	16 4 
 240	20	2	20 0 
 241	20	2	20 0 
 242	20	2	18 2 
 243	20	2	19 1 
 244	20	2	9 11 
 245	20	2	20 0 
 246	20	2	20 0 
 247	20	2	20 0 
 248	20	2	20 0 
 249	20	2	20 0 
 250	20	2	20 0 
 251	20	2	20 0 
 252	20	2	20 0 
 253	20	2	18 2 
 254	20	2	4 16 
 255	20	2	20 0 
 256	20	2	20 0 
 257	20	2	6 14 
 258	20	2	4 16 
 259	20	2	20 0 
 260	20	2	20 0 
 261	20	2	10 10 
 262	20	2	20 0 
 263	20	2	18 2 
 264	20	2	20 0 
 265	20	2	19 1 
 266	20	2	20 0 
 267	20	2	16 4 
 268	20	2	20 0 
 269	20	2	18 2 
 270	20	2	18 2 
 271	20	2	20 0 
 272	20	2	18 2 
 273	20	2	20 0 
 274	20	2	20 0 
 275	20	2	20 0 
 276	20	2	20 0 
 277	20	2	19 1 
 278	20	2	18 2 
 279	20	2	18 2 
 280	20	2	17 3 
 281	20	2	19 1 
 282	20	2	19 1 
 283	20	2	17 3 
 284	20	2	17 3 
 285	20	2	20 0 
 286	20	2	20 0 
 287	20	2	5 15 
 288	20	2	20 0 
 289	20	2	16 4 
 290	20	2	20 0 
 291	20	2	16 4 
 292	20	2	20 0 
 293	20	2	16 4 
 294	20	2	20 0 
 295	20	2	20 0 
 296	20	2	20 0 
 297	20	2	20 0 
 298	20	2	20 0 
 299	20	2	20 0 
 300	20	2	20 0 
 301	20	2	20 0 
 302	20	2	0 20 
 303	20	2	20 0 
 304	20	2	20 0 
 305	20	2	20 0 
 306	20	2	20 0 
 307	20	2	20 0 
 308	20	2	19 1 
 309	20	2	20 0 
 310	20	2	20 0 
 311	20	2	13 7 
 312	20	2	20 0 
 313	20	2	19 1 
 314	20	2	20 0 
 315	20	2	4 16 
 316	20	2	19 1 
 317	20	2	20 0 
 318	20	2	19 1 
 319	20	2	4 16 
 320	20	2	0 20 
 321	20	2	19 1 
 322	20	2	20 0 
 323	20	2	19 1 
 324	20	2	19 1 
 325	20	2	20 0 
 326	20	2	17 3 
 327	20	2	19 1 
 328	20	2	19 1 
 329	20	2	20 0 
 330	20	2	20 0 
 331	20	2	20 0 
 332	20	2	17 3 
 333	20	2	19 1 
 334	20	2	17 3 
 335	20	2	18 2 
 336	20	2	19 1 
 337	20	2	20 0 
 338	20	2	20 0 
 339	20	2	18 2 
 340	20	2	19 1 
 341	20	2	19 1 
 342	20	2	19 1 
 343	20	2	11 9 
 344	20	2	20 0 
 345	20	2	20 0 
 346	20	2	20 0 
 347	20	2	14 6 
 348	20	2	18 2 
 349	20	2	14 6 
 350	20	2	11 9 
 351	20	2	20 0 
 352	20	2	9 11 
 353	20	2	20 0 
 354	20	2	14 6 
 355	20	2	19 1 
 356	20	2	19 1 
 357	20	2	20 0 
 358	20	2	20 0 
 359	20	2	20 0 
 360	20	2	20 0 
 361	20	2	20 0 
 362	20	2	20 0 
 363	20	2	4 16 
 364	20	2	19 1 
 365	20	2	19 1 
 366	20	2	19 1 
 367	20	2	19 1 
 368	20	2	19 1 
 369	20	2	0 20 
 370	20	2	9 11 
 371	20	2	20 0 
 372	20	2	1 19 
 373	20	2	20 0 
 374	20	2	20 0 
 375	20	2	0 20 
 376	20	2	17 3 
 377	20	2	20 0 
 378	20	2	20 0 
 379	20	2	19 1 
 380	20	2	19 1 
 381	20	2	19 1 
 382	20	2	20 0 
 383	20	2	20 0 
 384	20	2	20 0 
 385	20	2	20 0 
 386	20	2	20 0 
 387	20	2	19 1 
 388	20	2	20 0 
 389	20	2	20 0 
 390	20	2	19 1 
 391	20	2	20 0 
 392	20	2	20 0 
 393	20	2	1 19 
 394	20	2	20 0 
 395	20	2	20 0 
 396	20	2	19 1 
 397	20	2	20 0 
 398	20	2	19 1 
 399	20	2	19 1 
 400	20	2	19 1 
 401	20	2	19 1 
 402	20	2	19 1 
 403	20	2	20 0 
 404	20	2	19 1 
 405	20	2	20 0 
 406	20	2	19 1 
 407	20	2	20 0 
 408	20	2	20 0 
 409	20	2	20 0 
 410	20	2	20 0 
 411	20	2	19 1 
 412	20	2	20 0 
 413	20	2	20 0 
 414	20	2	20 0 
 415	20	2	20 0 
 416	20	2	20 0 
 417	20	2	18 2 
 418	20	2	20 0 
 419	20	2	20 0 
 420	20	2	18 2 
 421	20	2	20 0 
 422	20	2	20 0 
 423	20	2	20 0 
 424	20	2	18 2 
 425	20	2	18 2 
 426	20	2	18 2 
 427	20	2	17 3 
 428	20	2	19 1 
 429	20	2	18 2 
 430	20	2	20 0 
 431	20	2	20 0 
 432	20	2	17 3 
 433	20	2	20 0 
 434	20	2	14 6 
 435	20	2	19 1 
 436	20	2	19 1 
 437	20	2	6 14 
 438	20	2	19 1 
 439	20	2	19 1 
 440	20	2	14 6 
 441	20	2	18 2 
 442	20	2	20 0 
 443	20	2	17 3 
 444	20	2	20 0 
 445	20	2	14 6 
 446	20	2	20 0 
 447	20	2	14 6 
 448	20	2	20 0 
 449	20	2	20 0 
 450	20	2	8 12 
 451	20	2	18 2 
 452	20	2	14 6 
 453	20	2	20 0 
 454	20	2	20 0 
 455	20	2	20 0 
 456	20	2	20 0 
 457	20	2	20 0 
 458	20	2	20 0 
 459	20	2	20 0 
 460	20	2	20 0 
 461	20	2	20 0 
 462	20	2	20 0 
 463	20	2	18 2 
 464	20	2	20 0 
 465	20	2	20 0 
 466	20	2	20 0 
 467	20	2	20 0 
 468	20	2	20 0 
 469	20	2	18 2 
 470	20	2	10 10 
 471	20	2	19 1 
 472	20	2	19 1 
 473	20	2	17 3 
 474	20	2	0 20 
 475	20	2	20 0 
 476	20	2	5 15 
 477	20	2	20 0 
 478	20	2	20 0 
 479	20	2	18 2 
 480	20	2	20 0 
 481	20	2	15 5 
 482	20	2	20 0 
 483	20	2	20 0 
 484	20	2	20 0 
 485	20	2	20 0 
 486	20	2	2 18 
 487	20	2	18 2 
 488	20	2	18 2 
 489	20	2	20 0 
 490	20	2	20 0 
 491	20	2	20 0 
 492	20	2	18 2 
 493	20	2	14 6 
 494	20	2	20 0 
 495	20	2	20 0 
 496	20	2	20 0 
 497	20	2	18 2 
 498	20	2	19 1 
 499	20	2	15 5 
 500	20	2	15 5 
 501	20	2	20 0 
 502	20	2	20 0 
 503	20	2	19 1 
 504	20	2	19 1 
 505	20	2	17 3 
 506	20	2	20 0 
 507	20	2	20 0 
 508	20	2	20 0 
 509	20	2	20 0 
 510	20	2	18 2 
 511	20	2	17 3 
 512	20	2	19 1 
 513	20	2	20 0 
 514	20	2	20 0 
 515	20	2	20 0 
 516	20	2	19 1 
 517	20	2	19 1 
 518	20	2	19 1 
 519	20	2	19 1 
 520	20	2	19 1 
 521	20	2	13 7 
 522	20	2	7 13 
 523	20	2	20 0 
 524	20	2	20 0 
 525	20	2	20 0 
 526	20	2	20 0 
 527	20	2	18 2 
 528	20	2	19 1 
 529	20	2	20 0 
 530	20	2	20 0 
 531	20	2	20 0 
 532	20	2	19 1 
 533	20	2	14 6 
 534	20	2	20 0 
 535	20	2	19 1 
 536	20	2	20 0 
 537	20	2	20 0 
 538	20	2	20 0 
 539	20	2	12 8 
 540	20	2	1 19 
 541	20	2	20 0 
 542	20	2	20 0 
 543	20	2	20 0 
 544	20	2	20 0 
 545	20	2	15 5 
 546	20	2	20 0 
 547	20	2	8 12 
 548	20	2	20 0 
 549	20	2	19 1 
 550	20	2	19 1 
 551	20	2	20 0 
 552	20	2	20 0 
 553	20	2	20 0 
 554	20	2	20 0 
 555	20	2	20 0 
 556	20	2	20 0 
 557	20	2	0 20 
 558	20	2	20 0 
 559	20	2	20 0 
 560	20	2	19 1 
 561	20	2	20 0 
 562	20	2	20 0 
 563	20	2	20 0 
 564	20	2	20 0 
 565	20	2	20 0 
 566	20	2	19 1 
 567	20	2	19 1 
 568	20	2	19 1 
 569	20	2	20 0 
 570	20	2	13 7 
 571	20	2	20 0 
 572	20	2	20 0 
 573	20	2	20 0 
 574	20	2	20 0 
 575	20	2	20 0 
 576	20	2	17 3 
 577	20	2	8 12 
 578	20	2	20 0 
 579	20	2	19 1 
 580	20	2	19 1 
 581	20	2	19 1 
 582	20	2	18 2 
 583	20	2	18 2 
 584	20	2	12 8 
 585	20	2	19 1 
 586	20	2	20 0 
 587	20	2	17 3 
 588	20	2	19 1 
 589	20	2	20 0 
 590	20	2	14 6 
 591	20	2	14 6 
 592	20	2	19 1 
 593	20	2	19 1 
 594	20	2	19 1 
 595	20	2	20 0 
 596	20	2	19 1 
 597	20	2	20 0 
 598	20	2	20 0 
 599	20	2	20 0 
 600	20	2	20 0 
 601	20	2	20 0 
 602	20	2	18 2 
 603	20	2	20 0 
 604	20	2	18 2 
 605	20	2	8 12 
 606	20	2	15 5 
 607	20	2	20 0 
 608	20	2	20 0 
 609	20	2	0 20 
 610	20	2	20 0 
 611	20	2	12 8 
 612	20	2	20 0 
 613	20	2	12 8 
 614	20	2	20 0 
 615	20	2	20 0 
 616	20	2	19 1 
 617	20	2	0 20 
 618	20	2	20 0 
 619	20	2	20 0 
 620	20	2	4 16 
 621	20	2	20 0 
 622	20	2	20 0 
 623	20	2	7 13 
 624	20	2	17 3 
 625	20	2	20 0 
 626	20	2	15 5 
 627	20	2	20 0 
 628	20	2	20 0 
 629	20	2	20 0 
 630	20	2	16 4 
 631	20	2	20 0 
 632	20	2	5 15 
 633	20	2	20 0 
 634	20	2	20 0 
 635	20	2	20 0 
 636	20	2	19 1 
 637	20	2	20 0 
 638	20	2	16 4 
 639	20	2	16 4 
 640	20	2	19 1 
 641	20	2	20 0 
 642	20	2	20 0 
 643	20	2	20 0 
 644	20	2	18 2 
 645	20	2	20 0 
 646	20	2	20 0 
 647	20	2	20 0 
 648	20	2	20 0 
 649	20	2	0 20 
 650	20	2	8 12 
 651	20	2	19 1 
 652	20	2	19 1 
 653	20	2	20 0 
 654	20	2	20 0 
 655	20	2	20 0 
 656	20	2	20 0 
 657	20	2	20 0 
 658	20	2	18 2 
 659	20	2	7 13 
 660	20	2	20 0 
 661	20	2	19 1 
 662	20	2	20 0 
 663	20	2	14 6 
 664	20	2	6 14 
 665	20	2	19 1 
 666	20	2	20 0 
 667	20	2	20 0 
 668	20	2	14 6 
 669	20	2	20 0 
 670	20	2	20 0 
 671	20	2	18 2 
 672	20	2	20 0 
 673	20	2	18 2 
 674	20	2	20 0 
 675	20	2	20 0 
 676	20	2	20 0 
 677	20	2	20 0 
 678	20	2	20 0 
 679	20	2	20 0 
 680	20	2	19 1 
 681	20	2	19 1 
 682	20	2	20 0 
 683	20	2	19 1 
 684	20	2	20 0 
 685	20	2	14 6 
 686	20	2	19 1 
 687	20	2	19 1 
 688	20	2	19 1 
 689	20	2	20 0 
 690	20	2	17 3 
 691	20	2	20 0 
 692	20	2	17 3 
 693	20	2	18 2 
 694	20	2	19 1 
 695	20	2	20 0 
 696	20	2	20 0 
 697	20	2	15 5 
 698	20	2	18 2 
 699	20	2	20 0 
 700	20	2	2 18 
 701	20	2	5 15 
 702	20	2	18 2 
 703	20	2	20 0 
 704	20	2	15 5 
 705	20	2	19 1 
 706	20	2	19 1 
 707	20	2	20 0 
 708	20	2	20 0 
 709	20	2	19 1 
 710	20	2	18 2 
 711	20	2	20 0 
 712	20	2	14 6 
 713	20	2	20 0 
 714	20	2	19 1 
 715	20	2	19 1 
 716	20	2	19 1 
 717	20	2	20 0 
 718	20	2	19 1 
 719	20	2	19 1 
 720	20	2	19 1 
 721	20	2	19 1 
 722	20	2	20 0 
 723	20	2	18 2 
 724	20	2	9 11 
 725	20	2	9 11 
 726	20	2	20 0 
 727	20	2	20 0 
 728	20	2	20 0 
 729	20	2	20 0 
 730	20	2	20 0 
 731	20	2	14 6 
 732	20	2	14 6 
 733	20	2	17 3 
 734	20	2	16 4 
 735	20	2	20 0 
 736	20	2	20 0 
 737	20	2	20 0 
 738	20	2	20 0 
 739	20	2	20 0 
 740	20	2	20 0 
 741	20	2	19 1 
 742	20	2	11 9 
 743	20	2	16 4 
 744	20	2	11 9 
 745	20	2	20 0 
 746	20	2	20 0 
 747	20	2	20 0 
 748	20	2	20 0 
 749	20	2	20 0 
 750	20	2	20 0 
 751	20	2	20 0 
 752	20	2	19 1 
 753	20	2	20 0 
 754	20	2	20 0 
 755	20	2	20 0 
 756	20	2	19 1 
 757	20	2	13 7 
 758	20	2	20 0 
 759	20	2	20 0 
 760	20	2	20 0 
 761	20	2	19 1 
 762	20	2	5 15 
 763	20	2	12 8 
 764	20	2	20 0 
 765	20	2	20 0 
 766	20	2	20 0 
 767	20	2	17 3 
 768	20	2	20 0 
 769	20	2	13 7 
 770	20	2	13 7 
 771	20	2	18 2 
 772	20	2	13 7 
 773	20	2	13 7 
 774	20	2	4 16 
 775	20	2	20 0 
 776	20	2	20 0 
 777	20	2	20 0 
 778	20	2	4 16 
 779	20	2	20 0 
 780	20	2	1 19 
 781	20	2	20 0 
 782	20	2	20 0 
 783	20	2	19 1 
 784	20	2	20 0 
 785	20	2	20 0 
 786	20	2	20 0 
 787	20	2	20 0 
 788	20	2	20 0 
 789	20	2	20 0 
 790	20	2	19 1 
 791	20	2	20 0 
 792	20	2	20 0 
 793	20	2	20 0 
 794	20	2	20 0 
 795	20	2	20 0 
 796	20	2	20 0 
 797	20	2	20 0 
 798	20	2	19 1 
 799	20	2	18 2 
 800	20	2	20 0 
 801	20	2	20 0 
 802	20	2	20 0 
 803	20	2	20 0 
 804	20	2	18 2 
 805	20	2	20 0 
 806	20	2	20 0 
 807	20	2	20 0 
 808	20	2	20 0 
 809	20	2	20 0 
 810	20	2	20 0 
 811	20	2	20 0 
 812	20	2	20 0 
 813	20	2	20 0 
 814	20	2	20 0 
 815	20	2	3 17 
 816	20	2	5 15 
 817	20	2	19 1 
 818	20	2	15 5 
 819	20	2	19 1 
 820	20	2	0 20 
 821	20	2	17 3 
 822	20	2	20 0 
 823	20	2	20 0 
 824	20	2	20 0 
 825	20	2	4 16 
 826	20	2	20 0 
 827	20	2	20 0 
 828	20	2	18 2 
 829	20	2	2 18 
 830	20	2	20 0 
 831	20	2	20 0 
 832	20	2	20 0 
 833	20	2	20 0 
 834	20	2	20 0 
 835	20	2	20 0 
 836	20	2	20 0 
 837	20	2	20 0 
 838	20	2	16 4 
 839	20	2	2 18 
 840	20	2	20 0 
 841	20	2	17 3 
 842	20	2	20 0 
 843	20	2	20 0 
 844	20	2	20 0 
 845	20	2	20 0 
 846	20	2	20 0 
 847	20	2	20 0 
 848	20	2	20 0 
 849	20	2	20 0 
 850	20	2	20 0 
 851	20	2	20 0 
 852	20	2	20 0 
 853	20	2	15 5 
 854	20	2	18 2 
 855	20	2	20 0 
 856	20	2	20 0 
 857	20	2	17 3 
 858	20	2	20 0 
 859	20	2	20 0 
 860	20	2	20 0 
 861	20	2	20 0 
 862	20	2	18 2 
 863	20	2	20 0 
 864	20	2	20 0 
 865	20	2	20 0 
 866	20	2	17 3 
 867	20	2	7 13 
 868	20	2	20 0 
 869	20	2	17 3 
 870	20	2	20 0 
 871	20	2	20 0 
 872	20	2	20 0 
 873	20	2	20 0 
 874	20	2	19 1 
 875	20	2	20 0 
 876	20	2	19 1 
 877	20	2	18 2 
 878	20	2	14 6 
 879	20	2	20 0 
 880	20	2	20 0 
 881	20	2	20 0 
 882	20	2	20 0 
 883	20	2	20 0 
 884	20	2	20 0 
 885	20	2	20 0 
 886	20	2	20 0 
 887	20	2	20 0 
 888	20	2	20 0 
 889	20	2	20 0 
 890	20	2	17 3 
 891	20	2	0 20 
 892	20	2	19 1 
 893	20	2	19 1 
 894	20	2	18 2 
 895	20	2	20 0 
 896	20	2	20 0 
 897	20	2	19 1 
 898	20	2	17 3 
 899	20	2	18 2 
 900	20	2	18 2 
 901	20	2	19 1 
 902	20	2	20 0 
 903	20	2	19 1 
 904	20	2	17 3 
 905	20	2	17 3 
 906	20	2	17 3 
 907	20	2	17 3 
 908	20	2	20 0 
 909	20	2	0 20 
 910	20	2	11 9 
 911	20	2	18 2 
 912	20	2	20 0 
 913	20	2	19 1 
 914	20	2	20 0 
 915	20	2	4 16 
 916	20	2	20 0 
 917	20	2	16 4 
 918	20	2	20 0 
 919	20	2	20 0 
 920	20	2	19 1 
 921	20	2	20 0 
 922	20	2	18 2 
 923	20	2	20 0 
 924	20	2	20 0 
 925	20	2	15 5 
 926	20	2	20 0 
 927	20	2	20 0 
 928	20	2	17 3 
 929	20	2	20 0 
 930	20	2	20 0 
 931	20	2	20 0 
 932	20	2	20 0 
 933	20	2	20 0 
 934	20	2	20 0 
 935	20	2	20 0 
 936	20	2	19 1 
 937	20	2	20 0 
 938	20	2	20 0 
 939	20	2	9 11 
 940	20	2	20 0 
 941	20	2	20 0 
 942	20	2	20 0 
 943	20	2	20 0 
 944	20	2	18 2 
 945	20	2	20 0 
 946	20	2	20 0 
 947	20	2	20 0 
 948	20	2	20 0 
 949	20	2	20 0 
 950	20	2	20 0 
 951	20	2	20 0 
 952	20	2	18 2 
 953	20	2	20 0 
 954	20	2	15 5 
 955	20	2	15 5 
 956	20	2	6 14 
 957	20	2	6 14 
 958	20	2	20 0 
 959	20	2	20 0 
 960	20	2	20 0 
 961	20	2	17 3 
 962	20	2	19 1 
 963	20	2	19 1 
 964	20	2	20 0 
 965	20	2	18 2 
 966	20	2	16 4 
 967	20	2	13 7 
 968	20	2	13 7 
 969	20	2	20 0 
 970	20	2	20 0 
 971	20	2	14 6 
 972	20	2	20 0 
 973	20	2	20 0 
 974	20	2	19 1 
 975	20	2	20 0 
 976	20	2	19 1 
 977	20	2	15 5 
 978	20	2	20 0 
 979	20	2	15 5 
 980	20	2	20 0 
 981	20	2	20 0 
 982	20	2	20 0 
 983	20	2	20 0 
 984	20	2	20 0 
 985	20	2	18 2 
 986	20	2	20 0 
 987	20	2	6 14 
 988	20	2	20 0 
 989	20	2	20 0 
 990	20	2	17 3 
 991	20	2	17 3 
 992	20	2	20 0 
 993	20	2	20 0 
 994	20	2	17 3 
 995	20	2	20 0 
 996	20	2	20 0 
 997	20	2	19 1 
 998	20	2	20 0 
 999	20	2	20 0 
 1000	20	2	20 0 
 1001	20	2	9 11 
 1002	20	2	20 0 
 1003	20	2	19 1 
 1004	20	2	20 0 
 1005	20	2	20 0 
 1006	20	2	20 0 
 1007	20	2	20 0 
 1008	20	2	6 14 
 1009	20	2	20 0 
 1010	20	2	19 1 
 1011	20	2	18 2 
 1012	20	2	20 0 
 1013	20	2	18 2 
 1014	20	2	16 4 
 1015	20	2	13 7 
 1016	20	2	12 8 
 1017	20	2	20 0 
 1018	20	2	4 16 
 1019	20	2	4 16 
 1020	20	2	19 1 
 1021	20	2	20 0 
 1022	20	2	19 1 
 1023	20	2	13 7 
 1024	20	2	7 13 
 1025	20	2	20 0 
 1026	20	2	20 0 
 1027	20	2	20 0 
 1028	20	2	20 0 
 1029	20	2	20 0 
 1030	20	2	14 6 
 1031	20	2	14 6 
 1032	20	2	4 16 
 1033	20	2	18 2 
 1034	20	2	16 4 
 1035	20	2	20 0 
 1036	20	2	20 0 
 1037	20	2	20 0 
 1038	20	2	6 14 
 1039	20	2	20 0 
 1040	20	2	8 12 
 1041	20	2	11 9 
 1042	20	2	20 0 
 1043	20	2	11 9 
 1044	20	2	11 9 
 1045	20	2	20 0 
 1046	20	2	19 1 
 1047	20	2	20 0 
 1048	20	2	11 9 
 1049	20	2	9 11 
 1050	20	2	19 1 
 1051	20	2	19 1 
 1052	20	2	18 2 
 1053	20	2	20 0 
 1054	20	2	19 1 
 1055	20	2	20 0 
 1056	20	2	20 0 
 1057	20	2	20 0 
 1058	20	2	20 0 
 1059	20	2	20 0 
 1060	20	2	20 0 
 1061	20	2	20 0 
 1062	20	2	19 1 
 1063	20	2	8 12 
 1064	20	2	20 0 
 1065	20	2	18 2 
 1066	20	2	19 1 
 1067	20	2	19 1 
 1068	20	2	20 0 
 1069	20	2	18 2 
 1070	20	2	17 3 
 1071	20	2	20 0 
 1072	20	2	20 0 
 1073	20	2	20 0 
 1074	20	2	20 0 
 1075	20	2	19 1 
 1076	20	2	19 1 
 1077	20	2	19 1 
 1078	20	2	20 0 
 1079	20	2	18 2 
 1080	20	2	18 2 
 1081	20	2	20 0 
 1082	20	2	20 0 
 1083	20	2	20 0 
 1084	20	2	20 0 
 1085	20	2	20 0 
 1086	20	2	20 0 
 1087	20	2	16 4 
 1088	20	2	19 1 
 1089	20	2	20 0 
 1090	20	2	20 0 
 1091	20	2	15 5 
 1092	20	2	15 5 
 1093	20	2	20 0 
 1094	20	2	20 0 
 1095	20	2	20 0 
 1096	20	2	20 0 
 1097	20	2	20 0 
 1098	20	2	20 0 
 1099	20	2	17 3 
 1100	20	2	17 3 
 1101	20	2	17 3 
 1102	20	2	17 3 
 1103	20	2	19 1 
 1104	20	2	17 3 
 1105	20	2	20 0 
 1106	20	2	20 0 
 1107	20	2	14 6 
 1108	20	2	6 14 
 1109	20	2	19 1 
 1110	20	2	19 1 
 1111	20	2	19 1 
 1112	20	2	20 0 
 1113	20	2	18 2 
 1114	20	2	20 0 
 1115	20	2	20 0 
 1116	20	2	19 1 
 1117	20	2	19 1 
 1118	20	2	19 1 
 1119	20	2	14 6 
 1120	20	2	19 1 
 1121	20	2	20 0 
 1122	20	2	20 0 
 1123	20	2	18 2 
 1124	20	2	9 11 
 1125	20	2	20 0 
 1126	20	2	20 0 
 1127	20	2	3 17 
 1128	20	2	20 0 
 1129	20	2	20 0 
 1130	20	2	6 14 
 1131	20	2	1 19 
 1132	20	2	20 0 
 1133	20	2	20 0 
 1134	20	2	17 3 
 1135	20	2	20 0 
 1136	20	2	20 0 
 1137	20	2	20 0 
 1138	20	2	20 0 
 1139	20	2	20 0 
 1140	20	2	7 13 
 1141	20	2	20 0 
 1142	20	2	20 0 
 1143	20	2	20 0 
 1144	20	2	20 0 
 1145	20	2	20 0 
 1146	20	2	20 0 
 1147	20	2	20 0 
 1148	20	2	20 0 
 1149	20	2	20 0 
 1150	20	2	20 0 
 1151	20	2	19 1 
 1152	20	2	19 1 
 1153	20	2	20 0 
 1154	20	2	15 5 
 1155	20	2	19 1 
 1156	20	2	18 2 
 1157	20	2	15 5 
 1158	20	2	20 0 
 1159	20	2	15 5 
 1160	20	2	20 0 
 1161	20	2	19 1 
 1162	20	2	18 2 
 1163	20	2	20 0 
 1164	20	2	20 0 
 1165	20	2	18 2 
 1166	20	2	19 1 
 1167	20	2	19 1 
 1168	20	2	20 0 
 1169	20	2	19 1 
 1170	20	2	19 1 
 1171	20	2	19 1 
 1172	20	2	19 1 
 1173	20	2	19 1 
 1174	20	2	20 0 
 1175	20	2	17 3 
 1176	20	2	20 0 
 1177	20	2	20 0 
 1178	20	2	19 1 
 1179	20	2	19 1 
 1180	20	2	20 0 
 1181	20	2	19 1 
 1182	20	2	17 3 
 1183	20	2	20 0 
 1184	20	2	20 0 
 1185	20	2	1 19 
 1186	20	2	19 1 
 1187	20	2	20 0 
 1188	20	2	12 8 
 1189	20	2	19 1 
 1190	20	2	19 1 
 1191	20	2	17 3 
 1192	20	2	20 0 
 1193	20	2	20 0 
 1194	20	2	18 2 
 1195	20	2	20 0 
 1196	20	2	20 0 
 1197	20	2	20 0 
 1198	20	2	20 0 
 1199	20	2	20 0 
 1200	20	2	20 0 
 1201	20	2	20 0 
 1202	20	2	20 0 
 1203	20	2	20 0 
 1204	20	2	10 10 
 1205	20	2	20 0 
 1206	20	2	20 0 
 1207	20	2	20 0 
 1208	20	2	16 4 
 1209	20	2	20 0 
 1210	20	2	20 0 
 1211	20	2	19 1 
 1212	20	2	17 3 
 1213	20	2	19 1 
 1214	20	2	19 1 
 1215	20	2	20 0 
 1216	20	2	19 1 
 1217	20	2	20 0 
 1218	20	2	18 2 
 1219	20	2	17 3 
 1220	20	2	20 0 
 1221	20	2	17 3 
 1222	20	2	20 0 
 1223	20	2	20 0 
 1224	20	2	20 0 
 1225	20	2	19 1 
 1226	20	2	19 1 
 1227	20	2	20 0 
 1228	20	2	20 0 
 1229	20	2	18 2 
 1230	20	2	17 3 
 1231	20	2	20 0 
 1232	20	2	20 0 
 1233	20	2	20 0 
 1234	20	2	20 0 
 1235	20	2	18 2 
 1236	20	2	20 0 
 1237	20	2	18 2 
 1238	20	2	17 3 
 1239	20	2	17 3 
 1240	20	2	19 1 
 1241	20	2	20 0 
 1242	20	2	20 0 
 1243	20	2	20 0 
 1244	20	2	10 10 
 1245	20	2	20 0 
 1246	20	2	14 6 
 1247	20	2	19 1 
 1248	20	2	19 1 
 1249	20	2	20 0 
 1250	20	2	20 0 
 1251	20	2	18 2 
 1252	20	2	20 0 
 1253	20	2	20 0 
 1254	20	2	20 0 
 1255	20	2	20 0 
 1256	20	2	19 1 
 1257	20	2	20 0 
 1258	20	2	19 1 
 1259	20	2	18 2 
 1260	20	2	20 0 
 1261	20	2	19 1 
 1262	20	2	19 1 
 1263	20	2	20 0 
 1264	20	2	19 1 
 1265	20	2	19 1 
 1266	20	2	19 1 
 1267	20	2	20 0 
 1268	20	2	19 1 
 1269	20	2	20 0 
 1270	20	2	20 0 
 1271	20	2	20 0 
 1272	20	2	20 0 
 1273	20	2	19 1 
 1274	20	2	20 0 
 1275	20	2	20 0 
 1276	20	2	20 0 
 1277	20	2	20 0 
 1278	20	2	20 0 
 1279	20	2	20 0 
 1280	20	2	20 0 
 1281	20	2	20 0 
 1282	20	2	20 0 
 1283	20	2	20 0 
 1284	20	2	20 0 
 1285	20	2	19 1 
 1286	20	2	1 19 
 1287	20	2	20 0 
 1288	20	2	18 2 
 1289	20	2	19 1 
 1290	20	2	20 0 
 1291	20	2	20 0 
 1292	20	2	1 19 
 1293	20	2	19 1 
 1294	20	2	20 0 
 1295	20	2	19 1 
 1296	20	2	20 0 
 1297	20	2	0 20 
 1298	20	2	20 0 
 1299	20	2	20 0 
 1300	20	2	19 1 
 1301	20	2	19 1 
 1302	20	2	20 0 
 1303	20	2	20 0 
 1304	20	2	19 1 
 1305	20	2	20 0 
 1306	20	2	20 0 
 1307	20	2	8 12 
 1308	20	2	20 0 
 1309	20	2	19 1 
 1310	20	2	19 1 
 1311	20	2	19 1 
 1312	20	2	18 2 
 1313	20	2	18 2 
 1314	20	2	12 8 
 1315	20	2	19 1 
 1316	20	2	20 0 
 1317	20	2	17 3 
 1318	20	2	19 1 
 1319	20	2	20 0 
 1320	20	2	14 6 
 1321	20	2	14 6 
 1322	20	2	18 2 
 1323	20	2	2 18 
 1324	20	2	20 0 
 1325	20	2	19 1 
 1326	20	2	19 1 
 1327	20	2	15 5 
 1328	20	2	5 15 
 1329	20	2	5 15 
 1330	20	2	20 0 
 1331	20	2	5 15 
 1332	20	2	5 15 
 1333	20	2	20 0 
 1334	20	2	20 0 
 1335	20	2	20 0 
 1336	20	2	20 0 
 1337	20	2	19 1 
 1338	20	2	20 0 
 1339	20	2	20 0 
 1340	20	2	20 0 
 1341	20	2	20 0 
 1342	20	2	20 0 
 1343	20	2	19 1 
 1344	20	2	20 0 
 1345	20	2	18 2 
 1346	20	2	19 1 
 1347	20	2	19 1 
 1348	20	2	20 0 
 1349	20	2	20 0 
 1350	20	2	5 15 
 1351	20	2	8 12 
 1352	20	2	8 12 
 1353	20	2	20 0 
 1354	20	2	20 0 
 1355	20	2	20 0 
 1356	20	2	19 1 
 1357	20	2	10 10 
 1358	20	2	20 0 
 1359	20	2	20 0 
 1360	20	2	18 2 
 1361	20	2	19 1 
 1362	20	2	19 1 
 1363	20	2	20 0 
 1364	20	2	19 1 
 1365	20	2	20 0 
 1366	20	2	20 0 
 1367	20	2	20 0 
 1368	20	2	19 1 
 1369	20	2	20 0 
 1370	20	2	20 0 
 1371	20	2	2 18 
 1372	20	2	7 13 
 1373	20	2	18 2 
 1374	20	2	20 0 
 1375	20	2	20 0 
 1376	20	2	18 2 
 1377	20	2	18 2 
 1378	20	2	18 2 
 1379	20	2	18 2 
 1380	20	2	20 0 
 1381	20	2	19 1 
 1382	20	2	20 0 
 1383	20	2	20 0 
 1384	20	2	19 1 
 1385	20	2	20 0 
 1386	20	2	19 1 
 1387	20	2	16 4 
 1388	20	2	20 0 
 1389	20	2	20 0 
 1390	20	2	20 0 
 1391	20	2	20 0 
 1392	20	2	2 18 
 1393	20	2	20 0 
 1394	20	2	2 18 
 1395	20	2	19 1 
 1396	20	2	20 0 
 1397	20	2	2 18 
 1398	20	2	0 20 
 1399	20	2	20 0 
 1400	20	2	9 11 
 1401	20	2	0 20 
 1402	20	2	19 1 
 1403	20	2	12 8 
 1404	20	2	20 0 
 1405	20	2	20 0 
 1406	20	2	7 13 
 1407	20	2	19 1 
 1408	20	2	20 0 
 1409	20	2	20 0 
 1410	20	2	20 0 
 1411	20	2	20 0 
 1412	20	2	18 2 
 1413	20	2	20 0 
 1414	20	2	20 0 
 1415	20	2	18 2 
 1416	20	2	18 2 
 1417	20	2	2 18 
 1418	20	2	20 0 
 1419	20	2	20 0 
 1420	20	2	20 0 
 1421	20	2	20 0 
 1422	20	2	2 18 
 1423	20	2	18 2 
 1424	20	2	18 2 
 1425	20	2	20 0 
 1426	20	2	20 0 
 1427	20	2	20 0 
 1428	20	2	20 0 
 1429	20	2	7 13 
 1430	20	2	20 0 
 1431	20	2	20 0 
 1432	20	2	20 0 
 1433	20	2	2 18 
 1434	20	2	20 0 
 1435	20	2	20 0 
 1436	20	2	3 17 
 1437	20	2	2 18 
 1438	20	2	16 4 
 1439	20	2	20 0 
 1440	20	2	13 7 
 1441	20	2	19 1 
 1442	20	2	20 0 
 1443	20	2	20 0 
 1444	20	2	20 0 
 1445	20	2	20 0 
 1446	20	2	12 8 
 1447	20	2	20 0 
 1448	20	2	12 8 
 1449	20	2	20 0 
 1450	20	2	19 1 
 1451	20	2	15 5 
 1452	20	2	20 0 
 1453	20	2	20 0 
 1454	20	2	17 3 
 1455	20	2	20 0 
 1456	20	2	19 1 
 1457	20	2	19 1 
 1458	20	2	20 0 
 1459	20	2	20 0 
 1460	20	2	20 0 
 1461	20	2	18 2 
 1462	20	2	3 17 
 1463	20	2	20 0 
 1464	20	2	3 17 
 1465	20	2	20 0 
 1466	20	2	20 0 
 1467	20	2	3 17 
 1468	20	2	20 0 
 1469	20	2	20 0 
 1470	20	2	19 1 
 1471	20	2	20 0 
 1472	20	2	20 0 
 1473	20	2	19 1 
 1474	20	2	20 0 
 1475	20	2	15 5 
 1476	20	2	20 0 
 1477	20	2	20 0 
 1478	20	2	20 0 
 1479	20	2	14 6 
 1480	20	2	19 1 
 1481	20	2	19 1 
 1482	20	2	20 0 
 1483	20	2	20 0 
 1484	20	2	20 0 
 1485	20	2	20 0 
 1486	20	2	20 0 
 1487	20	2	20 0 
 1488	20	2	20 0 
 1489	20	2	20 0 
 1490	20	2	18 2 
 1491	20	2	17 3 
 1492	20	2	17 3 
 1493	20	2	20 0 
 1494	20	2	19 1 
 1495	20	2	18 2 
 1496	20	2	15 5 
 1497	20	2	20 0 
 1498	20	2	20 0 
 1499	20	2	20 0 
 1500	20	2	18 2 
 1501	20	2	20 0 
 1502	20	2	20 0 
 1503	20	2	20 0 
 1504	20	2	19 1 
 1505	20	2	18 2 
 1506	20	2	20 0 
 1507	20	2	17 3 
 1508	20	2	1 19 
 1509	20	2	20 0 
 1510	20	2	8 12 
 1511	20	2	18 2 
 1512	20	2	18 2 
 1513	20	2	20 0 
 1514	20	2	18 2 
 1515	20	2	18 2 
 1516	20	2	20 0 
 1517	20	2	18 2 
 1518	20	2	12 8 
 1519	20	2	20 0 
 1520	20	2	20 0 
 1521	20	2	20 0 
 1522	20	2	17 3 
 1523	20	2	19 1 
 1524	20	2	1 19 
 1525	20	2	18 2 
 1526	20	2	17 3 
 1527	20	2	17 3 
 1528	20	2	17 3 
 1529	20	2	16 4 
 1530	20	2	18 2 
 1531	20	2	20 0 
 1532	20	2	20 0 
 1533	20	2	9 11 
 1534	20	2	11 9 
 1535	20	2	11 9 
 1536	20	2	19 1 
 1537	20	2	19 1 
 1538	20	2	20 0 
 1539	20	2	19 1 
 1540	20	2	20 0 
 1541	20	2	17 3 
 1542	20	2	20 0 
 1543	20	2	20 0 
 1544	20	2	20 0 
 1545	20	2	19 1 
 1546	20	2	17 3 
 1547	20	2	18 2 
 1548	20	2	17 3 
 1549	20	2	17 3 
 1550	20	2	20 0 
 1551	20	2	17 3 
 1552	20	2	0 20 
 1553	20	2	19 1 
 1554	20	2	19 1 
 1555	20	2	18 2 
 1556	20	2	18 2 
 1557	20	2	20 0 
 1558	20	2	16 4 
 1559	20	2	14 6 
 1560	20	2	6 14 
 1561	20	2	19 1 
 1562	20	2	20 0 
 1563	20	2	20 0 
 1564	20	2	20 0 
 1565	20	2	18 2 
 1566	20	2	20 0 
 1567	20	2	17 3 
 1568	20	2	20 0 
 1569	20	2	20 0 
 1570	20	2	20 0 
 1571	20	2	12 8 
 1572	20	2	20 0 
 1573	20	2	17 3 
 1574	20	2	19 1 
 1575	20	2	20 0 
 1576	20	2	19 1 
 1577	20	2	20 0 
 1578	20	2	20 0 
 1579	20	2	20 0 
 1580	20	2	18 2 
 1581	20	2	20 0 
 1582	20	2	18 2 
 1583	20	2	16 4 
 1584	20	2	18 2 
 1585	20	2	18 2 
 1586	20	2	18 2 
 1587	20	2	18 2 
 1588	20	2	20 0 
 1589	20	2	20 0 
 1590	20	2	19 1 
 1591	20	2	20 0 
 1592	20	2	20 0 
 1593	20	2	19 1 
 1594	20	2	19 1 
 1595	20	2	19 1 
 1596	20	2	19 1 
 1597	20	2	19 1 
 1598	20	2	19 1 
 1599	20	2	19 1 
 1600	20	2	19 1 
 1601	20	2	18 2 
 1602	20	2	20 0 
 1603	20	2	2 18 
 1604	20	2	20 0 
 1605	20	2	12 8 
 1606	20	2	20 0 
 1607	20	2	19 1 
 1608	20	2	20 0 
 1609	20	2	20 0 
 1610	20	2	20 0 
 1611	20	2	20 0 
 1612	20	2	18 2 
 1613	20	2	20 0 
 1614	20	2	20 0 
 1615	20	2	20 0 
 1616	20	2	15 5 
 1617	20	2	18 2 
 1618	20	2	17 3 
 1619	20	2	16 4 
 1620	20	2	20 0 
 1621	20	2	16 4 
 1622	20	2	17 3 
 1623	20	2	19 1 
 1624	20	2	14 6 
 1625	20	2	19 1 
 1626	20	2	19 1 
 1627	20	2	19 1 
 1628	20	2	20 0 
 1629	20	2	13 7 
 1630	20	2	20 0 
 1631	20	2	19 1 
 1632	20	2	17 3 
 1633	20	2	17 3 
 1634	20	2	17 3 
 1635	20	2	3 17 
 1636	20	2	19 1 
 1637	20	2	20 0 
 1638	20	2	20 0 
 1639	20	2	20 0 
 1640	20	2	18 2 
 1641	20	2	20 0 
 1642	20	2	20 0 
 1643	20	2	20 0 
 1644	20	2	20 0 
 1645	20	2	20 0 
 1646	20	2	15 5 
 1647	20	2	20 0 
 1648	20	2	15 5 
 1649	20	2	20 0 
 1650	20	2	15 5 
 1651	20	2	20 0 
 1652	20	2	20 0 
 1653	20	2	17 3 
 1654	20	2	20 0 
 1655	20	2	7 13 
 1656	20	2	19 1 
 1657	20	2	19 1 
 1658	20	2	20 0 
 1659	20	2	8 12 
 1660	20	2	18 2 
 1661	20	2	19 1 
 1662	20	2	20 0 
 1663	20	2	5 15 
 1664	20	2	17 3 
 1665	20	2	20 0 
 1666	20	2	19 1 
 1667	20	2	19 1 
 1668	20	2	20 0 
 1669	20	2	18 2 
 1670	20	2	20 0 
 1671	20	2	18 2 
 1672	20	2	18 2 
 1673	20	2	18 2 
 1674	20	2	18 2 
 1675	20	2	20 0 
 1676	20	2	17 3 
 1677	20	2	20 0 
 1678	20	2	20 0 
 1679	20	2	20 0 
 1680	20	2	17 3 
 1681	20	2	10 10 
 1682	20	2	19 1 
 1683	20	2	13 7 
 1684	20	2	18 2 
 1685	20	2	20 0 
 1686	20	2	16 4 
 1687	20	2	20 0 
 1688	20	2	20 0 
 1689	20	2	20 0 
 1690	20	2	20 0 
 1691	20	2	20 0 
 1692	20	2	13 7 
 1693	20	2	20 0 
 1694	20	2	20 0 
 1695	20	2	19 1 
 1696	20	2	19 1 
 1697	20	2	20 0 
 1698	20	2	15 5 
 1699	20	2	15 5 
 1700	20	2	15 5 
 1701	20	2	20 0 
 1702	20	2	18 2 
 1703	20	2	20 0 
 1704	20	2	20 0 
 1705	20	2	20 0 
 1706	20	2	20 0 
 1707	20	2	20 0 
 1708	20	2	20 0 
 1709	20	2	20 0 
 1710	20	2	10 10 
 1711	20	2	19 1 
 1712	20	2	16 4 
 1713	20	2	18 2 
 1714	20	2	20 0 
 1715	20	2	18 2 
 1716	20	2	20 0 
 1717	20	2	20 0 
 1718	20	2	0 20 
 1719	20	2	19 1 
 1720	20	2	20 0 
 1721	20	2	0 20 
 1722	20	2	20 0 
 1723	20	2	20 0 
 1724	20	2	20 0 
 1725	20	2	15 5 
 1726	20	2	19 1 
 1727	20	2	17 3 
 1728	20	2	17 3 
 1729	20	2	19 1 
 1730	20	2	18 2 
 1731	20	2	19 1 
 1732	20	2	7 13 
 1733	20	2	14 6 
 1734	20	2	16 4 
 1735	20	2	17 3 
 1736	20	2	17 3 
 1737	20	2	11 9 
 1738	20	2	16 4 
 1739	20	2	17 3 
 1740	20	2	18 2 
 1741	20	2	8 12 
 1742	20	2	13 7 
 1743	20	2	17 3 
 1744	20	2	16 4 
 1745	20	2	17 3 
 1746	20	2	15 5 
 1747	20	2	20 0 
 1748	20	2	20 0 
 1749	20	2	20 0 
 1750	20	2	17 3 
 1751	20	2	20 0 
 1752	20	2	20 0 
 1753	20	2	20 0 
 1754	20	2	20 0 
 1755	20	2	20 0 
 1756	20	2	19 1 
 1757	20	2	18 2 
 1758	20	2	19 1 
 1759	20	2	19 1 
 1760	20	2	20 0 
 1761	20	2	14 6 
 1762	20	2	20 0 
 1763	20	2	13 7 
 1764	20	2	20 0 
 1765	20	2	20 0 
 1766	20	2	20 0 
 1767	20	2	19 1 
 1768	20	2	20 0 
 1769	20	2	18 2 
 1770	20	2	15 5 
 1771	20	2	20 0 
 1772	20	2	20 0 
 1773	20	2	20 0 
 1774	20	2	20 0 
 1775	20	2	20 0 
 1776	20	2	20 0 
 1777	20	2	20 0 
 1778	20	2	20 0 
 1779	20	2	17 3 
 1780	20	2	20 0 
 1781	20	2	20 0 
 1782	20	2	14 6 
 1783	20	2	20 0 
 1784	20	2	20 0 
 1785	20	2	20 0 
 1786	20	2	20 0 
 1787	20	2	20 0 
 1788	20	2	20 0 
 1789	20	2	19 1 
 1790	20	2	20 0 
 1791	20	2	19 1 
 1792	20	2	20 0 
 1793	20	2	16 4 
 1794	20	2	8 12 
 1795	20	2	4 16 
 1796	20	2	3 17 
 1797	20	2	4 16 
 1798	20	2	4 16 
 1799	20	2	20 0 
 1800	20	2	20 0 
 1801	20	2	20 0 
 1802	20	2	20 0 
 1803	20	2	20 0 
 1804	20	2	3 17 
 1805	20	2	20 0 
 1806	20	2	19 1 
 1807	20	2	12 8 
 1808	20	2	20 0 
 1809	20	2	20 0 
 1810	20	2	20 0 
 1811	20	2	20 0 
 1812	20	2	20 0 
 1813	20	2	20 0 
 1814	20	2	17 3 
 1815	20	2	19 1 
 1816	20	2	17 3 
 1817	20	2	20 0 
 1818	20	2	20 0 
 1819	20	2	20 0 
 1820	20	2	19 1 
 1821	20	2	20 0 
 1822	20	2	20 0 
 1823	20	2	20 0 
 1824	20	2	20 0 
 1825	20	2	20 0 
 1826	20	2	20 0 
 1827	20	2	20 0 
 1828	20	2	16 4 
 1829	20	2	19 1 
 1830	20	2	12 8 
 1831	20	2	20 0 
 1832	20	2	19 1 
 1833	20	2	20 0 
 1834	20	2	9 11 
 1835	20	2	6 14 
 1836	20	2	20 0 
 1837	20	2	19 1 
 1838	20	2	19 1 
 1839	20	2	19 1 
 1840	20	2	19 1 
 1841	20	2	19 1 
 1842	20	2	20 0 
 1843	20	2	19 1 
 1844	20	2	18 2 
 1845	20	2	18 2 
 1846	20	2	18 2 
 1847	20	2	20 0 
 1848	20	2	20 0 
 1849	20	2	19 1 
 1850	20	2	20 0 
 1851	20	2	20 0 
 1852	20	2	20 0 
 1853	20	2	19 1 
 1854	20	2	19 1 
 1855	20	2	7 13 
 1856	20	2	20 0 
 1857	20	2	10 10 
 1858	20	2	19 1 
 1859	20	2	18 2 
 1860	20	2	20 0 
 1861	20	2	20 0 
 1862	20	2	20 0 
 1863	20	2	20 0 
 1864	20	2	1 19 
 1865	20	2	20 0 
 1866	20	2	19 1 
 1867	20	2	20 0 
 1868	20	2	18 2 
 1869	20	2	10 10 
 1870	20	2	20 0 
 1871	20	2	6 14 
 1872	20	2	10 10 
 1873	20	2	18 2 
 1874	20	2	20 0 
 1875	20	2	19 1 
 1876	20	2	10 10 
 1877	20	2	19 1 
 1878	20	2	20 0 
 1879	20	2	6 14 
 1880	20	2	20 0 
 1881	20	2	20 0 
 1882	20	2	17 3 
 1883	20	2	20 0 
 1884	20	2	19 1 
 1885	20	2	20 0 
 1886	20	2	20 0 
 1887	20	2	20 0 
 1888	20	2	17 3 
 1889	20	2	20 0 
 1890	20	2	17 3 
 1891	20	2	20 0 
 1892	20	2	20 0 
 1893	20	2	7 13 
 1894	20	2	20 0 
 1895	20	2	17 3 
 1896	20	2	20 0 
 1897	20	2	20 0 
 1898	20	2	20 0 
 1899	20	2	20 0 
 1900	20	2	20 0 
 1901	20	2	20 0 
 1902	20	2	1 19 
 1903	20	2	19 1 
 1904	20	2	20 0 
 1905	20	2	20 0 
 1906	20	2	20 0 
 1907	20	2	20 0 
 1908	20	2	15 5 
 1909	20	2	20 0 
 1910	20	2	15 5 
 1911	20	2	20 0 
 1912	20	2	20 0 
 1913	20	2	7 13 
 1914	20	2	20 0 
 1915	20	2	18 2 
 1916	20	2	20 0 
 1917	20	2	20 0 
 1918	20	2	20 0 
 1919	20	2	15 5 
 1920	20	2	20 0 
 1921	20	2	8 12 
 1922	20	2	20 0 
 1923	20	2	20 0 
 1924	20	2	20 0 
 1925	20	2	20 0 
 1926	20	2	20 0 
 1927	20	2	20 0 
 1928	20	2	15 5 
 1929	20	2	15 5 
 1930	20	2	7 13 
 1931	20	2	20 0 
 1932	20	2	20 0 
 1933	20	2	20 0 
 1934	20	2	19 1 
 1935	20	2	20 0 
 1936	20	2	19 1 
 1937	20	2	20 0 
 1938	20	2	20 0 
 1939	20	2	19 1 
 1940	20	2	20 0 
 1941	20	2	15 5 
 1942	20	2	18 2 
 1943	20	2	7 13 
 1944	20	2	20 0 
 1945	20	2	8 12 
 1946	20	2	8 12 
 1947	20	2	20 0 
 1948	20	2	2 18 
 1949	20	2	19 1 
 1950	20	2	19 1 
 1951	20	2	20 0 
 1952	20	2	6 14 
 1953	20	2	18 2 
 1954	20	2	20 0 
 1955	20	2	18 2 
 1956	20	2	20 0 
 1957	20	2	18 2 
 1958	20	2	20 0 
 1959	20	2	20 0 
 1960	20	2	20 0 
 1961	20	2	20 0 
 1962	20	2	20 0 
 1963	20	2	20 0 
 1964	20	2	20 0 
 1965	20	2	20 0 
 1966	20	2	14 6 
 1967	20	2	16 4 
 1968	20	2	4 16 
 1969	20	2	4 16 
 1970	20	2	19 1 
 1971	20	2	18 2 
 1972	20	2	14 6 
 1973	20	2	20 0 
 1974	20	2	18 2 
 1975	20	2	20 0 
 1976	20	2	20 0 
 1977	20	2	20 0 
 1978	20	2	20 0 
 1979	20	2	20 0 
 1980	20	2	19 1 
 1981	20	2	20 0 
 1982	20	2	20 0 
 1983	20	2	20 0 
 1984	20	2	20 0 
 1985	20	2	20 0 
 1986	20	2	20 0 
 1987	20	2	20 0 
 1988	20	2	20 0 
 1989	20	2	19 1 
 1990	20	2	20 0 
 1991	20	2	20 0 
 1992	20	2	19 1 
 1993	20	2	19 1 
 1994	20	2	19 1 
 1995	20	2	19 1 
 1996	20	2	19 1 
 1997	20	2	20 0 
 1998	20	2	18 2 
 1999	20	2	20 0 
 2000	20	2	1 19 
 2001	20	2	17 3 
 2002	20	2	20 0 
 2003	20	2	20 0 
 2004	20	2	20 0 
 2005	20	2	20 0 
 2006	20	2	20 0 
 2007	20	2	20 0 
 2008	20	2	20 0 
 2009	20	2	20 0 
 2010	20	2	20 0 
 2011	20	2	8 12 
 2012	20	2	20 0 
 2013	20	2	12 8 
 2014	20	2	13 7 
 2015	20	2	20 0 
 2016	20	2	7 13 
 2017	20	2	12 8 
 2018	20	2	15 5 
 2019	20	2	20 0 
 2020	20	2	20 0 
 2021	20	2	19 1 
 2022	20	2	19 1 
 2023	20	2	19 1 
 2024	20	2	6 14 
 2025	20	2	16 4 
 2026	20	2	19 1 
 2027	20	2	19 1 
 2028	20	2	19 1 
 2029	20	2	18 2 
 2030	20	2	15 5 
 2031	20	2	4 16 
 2032	20	2	20 0 
 2033	20	2	20 0 
 2034	20	2	20 0 
 2035	20	2	20 0 
 2036	20	2	19 1 
 2037	20	2	13 7 
 2038	20	2	20 0 
 2039	20	2	16 4 
 2040	20	2	19 1 
 2041	20	2	20 0 
 2042	20	2	14 6 
 2043	20	2	16 4 
 2044	20	2	18 2 
 2045	20	2	20 0 
 2046	20	2	20 0 
 2047	20	2	20 0 
 2048	20	2	12 8 
 2049	20	2	20 0 
 2050	20	2	19 1 
 2051	20	2	17 3 
 2052	20	2	3 17 
 2053	20	2	20 0 
 2054	20	2	20 0 
 2055	20	2	20 0 
 2056	20	2	19 1 
 2057	20	2	19 1 
 2058	20	2	20 0 
 2059	20	2	20 0 
 2060	20	2	19 1 
 2061	20	2	20 0 
 2062	20	2	20 0 
 2063	20	2	20 0 
 2064	20	2	19 1 
 2065	20	2	19 1 
 2066	20	2	19 1 
 2067	20	2	20 0 
 2068	20	2	20 0 
 2069	20	2	20 0 
 2070	20	2	20 0 
 2071	20	2	20 0 
 2072	20	2	18 2 
 2073	20	2	18 2 
 2074	20	2	19 1 
 2075	20	2	19 1 
 2076	20	2	19 1 
 2077	20	2	20 0 
 2078	20	2	20 0 
 2079	20	2	7 13 
 2080	20	2	19 1 
 2081	20	2	20 0 
 2082	20	2	20 0 
 2083	20	2	20 0 
 2084	20	2	19 1 
 2085	20	2	20 0 
 2086	20	2	20 0 
 2087	20	2	20 0 
 2088	20	2	20 0 
 2089	20	2	19 1 
 2090	20	2	20 0 
 2091	20	2	20 0 
 2092	20	2	18 2 
 2093	20	2	13 7 
 2094	20	2	19 1 
 2095	20	2	20 0 
 2096	20	2	13 7 
 2097	20	2	20 0 
 2098	20	2	20 0 
 2099	20	2	11 9 
 2100	20	2	8 12 
 2101	20	2	20 0 
 2102	20	2	20 0 
 2103	20	2	7 13 
 2104	20	2	19 1 
 2105	20	2	19 1 
 2106	20	2	7 13 
 2107	20	2	20 0 
 2108	20	2	7 13 
 2109	20	2	20 0 
 2110	20	2	13 7 
 2111	20	2	20 0 
 2112	20	2	17 3 
 2113	20	2	20 0 
 2114	20	2	20 0 
 2115	20	2	19 1 
 2116	20	2	20 0 
 2117	20	2	20 0 
 2118	20	2	20 0 
 2119	20	2	20 0 
 2120	20	2	20 0 
 2121	20	2	20 0 
 2122	20	2	19 1 
 2123	20	2	20 0 
 2124	20	2	8 12 
 2125	20	2	7 13 
 2126	20	2	19 1 
 2127	20	2	13 7 
 2128	20	2	19 1 
 2129	20	2	17 3 
 2130	20	2	19 1 
 2131	20	2	17 3 
 2132	20	2	19 1 
 2133	20	2	20 0 
 2134	20	2	20 0 
 2135	20	2	20 0 
 2136	20	2	20 0 
 2137	20	2	19 1 
 2138	20	2	19 1 
 2139	20	2	19 1 
 2140	20	2	20 0 
 2141	20	2	19 1 
 2142	20	2	19 1 
 2143	20	2	19 1 
 2144	20	2	19 1 
 2145	20	2	20 0 
 2146	20	2	19 1 
 2147	20	2	19 1 
 2148	20	2	2 18 
 2149	20	2	20 0 
 2150	20	2	20 0 
 2151	20	2	18 2 
 2152	20	2	11 9 
 2153	20	2	10 10 
 2154	20	2	20 0 
 2155	20	2	20 0 
 2156	20	2	20 0 
 2157	20	2	19 1 
 2158	20	2	20 0 
 2159	20	2	11 9 
 2160	20	2	20 0 
 2161	20	2	17 3 
 2162	20	2	20 0 
 2163	20	2	15 5 
 2164	20	2	20 0 
 2165	20	2	19 1 
 2166	20	2	20 0 
 2167	20	2	20 0 
 2168	20	2	2 18 
 2169	20	2	2 18 
 2170	20	2	2 18 
 2171	20	2	20 0 
 2172	20	2	2 18 
 2173	20	2	14 6 
 2174	20	2	20 0 
 2175	20	2	20 0 
 2176	20	2	14 6 
 2177	20	2	20 0 
 2178	20	2	20 0 
 2179	20	2	19 1 
 2180	20	2	19 1 
 2181	20	2	20 0 
 2182	20	2	20 0 
 2183	20	2	20 0 
 2184	20	2	20 0 
 2185	20	2	20 0 
 2186	20	2	20 0 
 2187	20	2	7 13 
 2188	20	2	20 0 
 2189	20	2	18 2 
 2190	20	2	19 1 
 2191	20	2	20 0 
 2192	20	2	20 0 
 2193	20	2	16 4 
 2194	20	2	19 1 
 2195	20	2	20 0 
 2196	20	2	20 0 
 2197	20	2	3 17 
 2198	20	2	17 3 
 2199	20	2	20 0 
 2200	20	2	20 0 
 2201	20	2	20 0 
 2202	20	2	20 0 
 2203	20	2	20 0 
 2204	20	2	20 0 
 2205	20	2	17 3 
 2206	20	2	17 3 
 2207	20	2	17 3 
 2208	20	2	20 0 
 2209	20	2	10 10 
 2210	20	2	14 6 
 2211	20	2	20 0 
 2212	20	2	17 3 
 2213	20	2	20 0 
 2214	20	2	15 5 
 2215	20	2	20 0 
 2216	20	2	20 0 
 2217	20	2	20 0 
 2218	20	2	2 18 
 2219	20	2	20 0 
 2220	20	2	19 1 
 2221	20	2	20 0 
 2222	20	2	20 0 
 2223	20	2	18 2 
 2224	20	2	20 0 
 2225	20	2	20 0 
 2226	20	2	19 1 
 2227	20	2	20 0 
 2228	20	2	20 0 
 2229	20	2	20 0 
 2230	20	2	20 0 
 2231	20	2	20 0 
 2232	20	2	0 20 
 2233	20	2	20 0 
 2234	20	2	20 0 
 2235	20	2	20 0 
 2236	20	2	16 4 
 2237	20	2	20 0 
 2238	20	2	14 6 
 2239	20	2	20 0 
 2240	20	2	20 0 
 2241	20	2	20 0 
 2242	20	2	20 0 
 2243	20	2	17 3 
 2244	20	2	20 0 
 2245	20	2	19 1 
 2246	20	2	20 0 
 2247	20	2	20 0 
 2248	20	2	20 0 
 2249	20	2	11 9 
 2250	20	2	20 0 
 2251	20	2	19 1 
 2252	20	2	20 0 
 2253	20	2	20 0 
 2254	20	2	17 3 
 2255	20	2	19 1 
 2256	20	2	20 0 
 2257	20	2	20 0 
 2258	20	2	19 1 
 2259	20	2	20 0 
 2260	20	2	19 1 
 2261	20	2	19 1 
 2262	20	2	19 1 
 2263	20	2	20 0 
 2264	20	2	19 1 
 2265	20	2	19 1 
 2266	20	2	17 3 
 2267	20	2	20 0 
 2268	20	2	20 0 
 2269	20	2	20 0 
 2270	20	2	20 0 
 2271	20	2	20 0 
 2272	20	2	18 2 
 2273	20	2	16 4 
 2274	20	2	16 4 
 2275	20	2	16 4 
 2276	20	2	20 0 
 2277	20	2	16 4 
 2278	20	2	17 3 
 2279	20	2	20 0 
 2280	20	2	20 0 
 2281	20	2	13 7 
 2282	20	2	20 0 
 2283	20	2	20 0 
 2284	20	2	20 0 
 2285	20	2	13 7 
 2286	20	2	18 2 
 2287	20	2	16 4 
 2288	20	2	20 0 
 2289	20	2	20 0 
 2290	20	2	20 0 
 2291	20	2	16 4 
 2292	20	2	19 1 
 2293	20	2	19 1 
 2294	20	2	16 4 
 2295	20	2	16 4 
 2296	20	2	20 0 
 2297	20	2	16 4 
 2298	20	2	20 0 
 2299	20	2	16 4 
 2300	20	2	20 0 
 2301	20	2	20 0 
 2302	20	2	20 0 
 2303	20	2	20 0 
 2304	20	2	20 0 
 2305	20	2	19 1 
 2306	20	2	20 0 
 2307	20	2	9 11 
 2308	20	2	19 1 
 2309	20	2	20 0 
 2310	20	2	20 0 
 2311	20	2	20 0 
 2312	20	2	20 0 
 2313	20	2	20 0 
 2314	20	2	13 7 
 2315	20	2	20 0 
 2316	20	2	17 3 
 2317	20	2	19 1 
 2318	20	2	20 0 
 2319	20	2	20 0 
 2320	20	2	19 1 
 2321	20	2	19 1 
 2322	20	2	17 3 
 2323	20	2	20 0 
 2324	20	2	20 0 
 2325	20	2	13 7 
 2326	20	2	20 0 
 2327	20	2	8 12 
 2328	20	2	20 0 
 2329	20	2	20 0 
 2330	20	2	18 2 
 2331	20	2	18 2 
 2332	20	2	14 6 
 2333	20	2	1 19 
 2334	20	2	20 0 
 2335	20	2	20 0 
 2336	20	2	2 18 
 2337	20	2	20 0 
 2338	20	2	20 0 
 2339	20	2	20 0 
 2340	20	2	20 0 
 2341	20	2	20 0 
 2342	20	2	20 0 
 2343	20	2	19 1 
 2344	20	2	20 0 
 2345	20	2	20 0 
 2346	20	2	18 2 
 2347	20	2	20 0 
 2348	20	2	19 1 
 2349	20	2	19 1 
 2350	20	2	20 0 
 2351	20	2	20 0 
 2352	20	2	18 2 
 2353	20	2	19 1 
 2354	20	2	18 2 
 2355	20	2	20 0 
 2356	20	2	20 0 
 2357	20	2	18 2 
 2358	20	2	20 0 
 2359	20	2	20 0 
 2360	20	2	20 0 
 2361	20	2	3 17 
 2362	20	2	20 0 
 2363	20	2	19 1 
 2364	20	2	17 3 
 2365	20	2	14 6 
 2366	20	2	20 0 
 2367	20	2	20 0 
 2368	20	2	20 0 
 2369	20	2	20 0 
 2370	20	2	20 0 
 2371	20	2	20 0 
 2372	20	2	20 0 
 2373	20	2	20 0 
 2374	20	2	20 0 
 2375	20	2	20 0 
 2376	20	2	20 0 
 2377	20	2	20 0 
 2378	20	2	20 0 
 2379	20	2	20 0 
 2380	20	2	20 0 
 2381	20	2	20 0 
 2382	20	2	20 0 
 2383	20	2	3 17 
 2384	20	2	20 0 
 2385	20	2	19 1 
 2386	20	2	20 0 
 2387	20	2	20 0 
 2388	20	2	20 0 
 2389	20	2	16 4 
 2390	20	2	17 3 
 2391	20	2	19 1 
 2392	20	2	17 3 
 2393	20	2	16 4 
 2394	20	2	20 0 
 2395	20	2	20 0 
 2396	20	2	16 4 
 2397	20	2	20 0 
 2398	20	2	20 0 
 2399	20	2	16 4 
 2400	20	2	16 4 
 2401	20	2	16 4 
 2402	20	2	20 0 
 2403	20	2	4 16 
 2404	20	2	19 1 
 2405	20	2	20 0 
 2406	20	2	19 1 
 2407	20	2	19 1 
 2408	20	2	17 3 
 2409	20	2	19 1 
 2410	20	2	20 0 
 2411	20	2	20 0 
 2412	20	2	17 3 
 2413	20	2	15 5 
 2414	20	2	15 5 
 2415	20	2	20 0 
 2416	20	2	19 1 
 2417	20	2	20 0 
 2418	20	2	0 20 
 2419	20	2	20 0 
 2420	20	2	20 0 
 2421	20	2	0 20 
 2422	20	2	20 0 
 2423	20	2	20 0 
 2424	20	2	20 0 
 2425	20	2	20 0 
 2426	20	2	17 3 
 2427	20	2	20 0 
 2428	20	2	16 4 
 2429	20	2	20 0 
 2430	20	2	19 1 
 2431	20	2	14 6 
 2432	20	2	20 0 
 2433	20	2	6 14 
 2434	20	2	18 2 
 2435	20	2	20 0 
 2436	20	2	20 0 
 2437	20	2	19 1 
 2438	20	2	6 14 
 2439	20	2	20 0 
 2440	20	2	18 2 
 2441	20	2	4 16 
 2442	20	2	18 2 
 2443	20	2	19 1 
 2444	20	2	20 0 
 2445	20	2	20 0 
 2446	20	2	20 0 
 2447	20	2	20 0 
 2448	20	2	20 0 
 2449	20	2	20 0 
 2450	20	2	12 8 
 2451	20	2	20 0 
 2452	20	2	20 0 
 2453	20	2	20 0 
 2454	20	2	20 0 
 2455	20	2	20 0 
 2456	20	2	20 0 
 2457	20	2	20 0 
 2458	20	2	18 2 
 2459	20	2	1 19 
 2460	20	2	14 6 
 2461	20	2	14 6 
 2462	20	2	15 5 
 2463	20	2	1 19 
 2464	20	2	14 6 
 2465	20	2	19 1 
 2466	20	2	16 4 
 2467	20	2	20 0 
 2468	20	2	19 1 
 2469	20	2	20 0 
 2470	20	2	20 0 
 2471	20	2	20 0 
 2472	20	2	18 2 
 2473	20	2	16 4 
 2474	20	2	18 2 
 2475	20	2	2 18 
 2476	20	2	16 4 
 2477	20	2	16 4 
 2478	20	2	20 0 
 2479	20	2	20 0 
 2480	20	2	20 0 
 2481	20	2	20 0 
 2482	20	2	20 0 
 2483	20	2	20 0 
 2484	20	2	12 8 
 2485	20	2	12 8 
 2486	20	2	20 0 
 2487	20	2	18 2 
 2488	20	2	18 2 
 2489	20	2	18 2 
 2490	20	2	20 0 
 2491	20	2	18 2 
 2492	20	2	20 0 
 2493	20	2	20 0 
 2494	20	2	20 0 
 2495	20	2	20 0 
 2496	20	2	20 0 
 2497	20	2	20 0 
 2498	20	2	9 11 
 2499	20	2	17 3 
 2500	20	2	20 0 
 2501	20	2	20 0 
 2502	20	2	20 0 
 2503	20	2	20 0 
 2504	20	2	20 0 
 2505	20	2	20 0 
 2506	20	2	20 0 
 2507	20	2	20 0 
 2508	20	2	19 1 
 2509	20	2	19 1 
 2510	20	2	20 0 
 2511	20	2	15 5 
 2512	20	2	19 1 
 2513	20	2	13 7 
 2514	20	2	20 0 
 2515	20	2	20 0 
 2516	20	2	19 1 
 2517	20	2	20 0 
 2518	20	2	20 0 
 2519	20	2	20 0 
 2520	20	2	20 0 
 2521	20	2	20 0 
 2522	20	2	20 0 
 2523	20	2	19 1 
 2524	20	2	20 0 
 2525	20	2	20 0 
 2526	20	2	20 0 
 2527	20	2	20 0 
 2528	20	2	20 0 
 2529	20	2	19 1 
 2530	20	2	16 4 
 2531	20	2	20 0 
 2532	20	2	10 10 
 2533	20	2	14 6 
 2534	20	2	10 10 
 2535	20	2	10 10 
 2536	20	2	20 0 
 2537	20	2	20 0 
 2538	20	2	18 2 
 2539	20	2	20 0 
 2540	20	2	19 1 
 2541	20	2	20 0 
 2542	20	2	19 1 
 2543	20	2	20 0 
 2544	20	2	20 0 
 2545	20	2	20 0 
 2546	20	2	20 0 
 2547	20	2	20 0 
 2548	20	2	20 0 
 2549	20	2	20 0 
 2550	20	2	20 0 
 2551	20	2	18 2 
 2552	20	2	20 0 
 2553	20	2	20 0 
 2554	20	2	20 0 
 2555	20	2	20 0 
 2556	20	2	20 0 
 2557	20	2	20 0 
 2558	20	2	19 1 
 2559	20	2	19 1 
 2560	20	2	19 1 
 2561	20	2	3 17 
 2562	20	2	3 17 
 2563	20	2	1 19 
 2564	20	2	19 1 
 2565	20	2	20 0 
 2566	20	2	20 0 
 2567	20	2	16 4 
 2568	20	2	17 3 
 2569	20	2	20 0 
 2570	20	2	20 0 
 2571	20	2	20 0 
 2572	20	2	20 0 
 2573	20	2	16 4 
 2574	20	2	20 0 
 2575	20	2	20 0 
 2576	20	2	20 0 
 2577	20	2	20 0 
 2578	20	2	18 2 
 2579	20	2	20 0 
 2580	20	2	20 0 
 2581	20	2	20 0 
 2582	20	2	20 0 
 2583	20	2	20 0 
 2584	20	2	19 1 
 2585	20	2	19 1 
 2586	20	2	19 1 
 2587	20	2	20 0 
 2588	20	2	17 3 
 2589	20	2	16 4 
 2590	20	2	20 0 
 2591	20	2	16 4 
 2592	20	2	16 4 
 2593	20	2	19 1 
 2594	20	2	19 1 
 2595	20	2	20 0 
 2596	20	2	16 4 
 2597	20	2	20 0 
 2598	20	2	16 4 
 2599	20	2	16 4 
 2600	20	2	20 0 
 2601	20	2	20 0 
 2602	20	2	20 0 
 2603	20	2	20 0 
 2604	20	2	20 0 
 2605	20	2	20 0 
 2606	20	2	18 2 
 2607	20	2	19 1 
 2608	20	2	20 0 
 2609	20	2	17 3 
 2610	20	2	18 2 
 2611	20	2	18 2 
 2612	20	2	19 1 
 2613	20	2	19 1 
 2614	20	2	19 1 
 2615	20	2	20 0 
 2616	20	2	19 1 
 2617	20	2	16 4 
 2618	20	2	20 0 
 2619	20	2	20 0 
 2620	20	2	20 0 
 2621	20	2	20 0 
 2622	20	2	18 2 
 2623	20	2	20 0 
 2624	20	2	18 2 
 2625	20	2	20 0 
 2626	20	2	17 3 
 2627	20	2	17 3 
 2628	20	2	20 0 
 2629	20	2	17 3 
 2630	20	2	17 3 
 2631	20	2	17 3 
 2632	20	2	16 4 
 2633	20	2	3 17 
 2634	20	2	20 0 
 2635	20	2	20 0 
 2636	20	2	20 0 
 2637	20	2	0 20 
 2638	20	2	14 6 
 2639	20	2	20 0 
 2640	20	2	20 0 
 2641	20	2	20 0 
 2642	20	2	20 0 
 2643	20	2	20 0 
 2644	20	2	20 0 
 2645	20	2	19 1 
 2646	20	2	19 1 
 2647	20	2	20 0 
 2648	20	2	20 0 
 2649	20	2	20 0 
 2650	20	2	20 0 
 2651	20	2	20 0 
 2652	20	2	20 0 
 2653	20	2	20 0 
 2654	20	2	20 0 
 2655	20	2	19 1 
 2656	20	2	20 0 
 2657	20	2	20 0 
 2658	20	2	19 1 
 2659	20	2	19 1 
 2660	20	2	20 0 
 2661	20	2	20 0 
 2662	20	2	20 0 
 2663	20	2	16 4 
 2664	20	2	17 3 
 2665	20	2	16 4 
 2666	20	2	20 0 
 2667	20	2	16 4 
 2668	20	2	16 4 
 2669	20	2	19 1 
 2670	20	2	20 0 
 2671	20	2	19 1 
 2672	20	2	20 0 
 2673	20	2	20 0 
 2674	20	2	20 0 
 2675	20	2	19 1 
 2676	20	2	19 1 
 2677	20	2	19 1 
 2678	20	2	19 1 
 2679	20	2	19 1 
 2680	20	2	20 0 
 2681	20	2	20 0 
 2682	20	2	20 0 
 2683	20	2	20 0 
 2684	20	2	20 0 
 2685	20	2	20 0 
 2686	20	2	20 0 
 2687	20	2	1 19 
 2688	20	2	20 0 
 2689	20	2	20 0 
 2690	20	2	20 0 
 2691	20	2	19 1 
 2692	20	2	20 0 
 2693	20	2	19 1 
 2694	20	2	20 0 
 2695	20	2	20 0 
 2696	20	2	20 0 
 2697	20	2	19 1 
 2698	20	2	20 0 
 2699	20	2	20 0 
 2700	20	2	20 0 
 2701	20	2	19 1 
 2702	20	2	20 0 
 2703	20	2	19 1 
 2704	20	2	20 0 
 2705	20	2	19 1 
 2706	20	2	20 0 
 2707	20	2	20 0 
 2708	20	2	20 0 
 2709	20	2	18 2 
 2710	20	2	19 1 
 2711	20	2	20 0 
 2712	20	2	18 2 
 2713	20	2	18 2 
 2714	20	2	20 0 
 2715	20	2	20 0 
 2716	20	2	20 0 
 2717	20	2	18 2 
 2718	20	2	20 0 
 2719	20	2	20 0 
 2720	20	2	20 0 
 2721	20	2	20 0 
 2722	20	2	18 2 
 2723	20	2	20 0 
 2724	20	2	20 0 
 2725	20	2	19 1 
 2726	20	2	13 7 
 2727	20	2	20 0 
 2728	20	2	13 7 
 2729	20	2	13 7 
 2730	20	2	20 0 
 2731	20	2	20 0 
 2732	20	2	20 0 
 2733	20	2	20 0 
 2734	20	2	6 14 
 2735	20	2	20 0 
 2736	20	2	20 0 
 2737	20	2	13 7 
 2738	20	2	20 0 
 2739	20	2	20 0 
 2740	20	2	20 0 
 2741	20	2	12 8 
 2742	20	2	5 15 
 2743	20	2	17 3 
 2744	20	2	20 0 
 2745	20	2	20 0 
 2746	20	2	20 0 
 2747	20	2	20 0 
 2748	20	2	3 17 
 2749	20	2	18 2 
 2750	20	2	20 0 
 2751	20	2	19 1 
 2752	20	2	20 0 
 2753	20	2	20 0 
 2754	20	2	20 0 
 2755	20	2	17 3 
 2756	20	2	18 2 
 2757	20	2	20 0 
 2758	20	2	19 1 
 2759	20	2	19 1 
 2760	20	2	20 0 
 2761	20	2	20 0 
 2762	20	2	17 3 
 2763	20	2	20 0 
 2764	20	2	19 1 
 2765	20	2	19 1 
 2766	20	2	20 0 
 2767	20	2	19 1 
 2768	20	2	19 1 
 2769	20	2	19 1 
 2770	20	2	20 0 
 2771	20	2	4 16 
 2772	20	2	19 1 
 2773	20	2	19 1 
 2774	20	2	20 0 
 2775	20	2	17 3 
 2776	20	2	2 18 
 2777	20	2	4 16 
 2778	20	2	16 4 
 2779	20	2	20 0 
 2780	20	2	20 0 
 2781	20	2	20 0 
 2782	20	2	20 0 
 2783	20	2	7 13 
 2784	20	2	20 0 
 2785	20	2	19 1 
 2786	20	2	12 8 
 2787	20	2	15 5 
 2788	20	2	20 0 
 2789	20	2	20 0 
 2790	20	2	20 0 
 2791	20	2	20 0 
 2792	20	2	20 0 
 2793	20	2	14 6 
 2794	20	2	20 0 
 2795	20	2	13 7 
 2796	20	2	13 7 
 2797	20	2	20 0 
 2798	20	2	13 7 
 2799	20	2	20 0 
 2800	20	2	20 0 
 2801	20	2	20 0 
 2802	20	2	19 1 
 2803	20	2	20 0 
 2804	20	2	4 16 
 2805	20	2	4 16 
 2806	20	2	19 1 
 2807	20	2	20 0 
 2808	20	2	19 1 
 2809	20	2	19 1 
 2810	20	2	18 2 
 2811	20	2	20 0 
 2812	20	2	20 0 
 2813	20	2	20 0 
 2814	20	2	18 2 
 2815	20	2	17 3 
 2816	20	2	20 0 
 2817	20	2	0 20 
 2818	20	2	20 0 
 2819	20	2	20 0 
 2820	20	2	20 0 
 2821	20	2	8 12 
 2822	20	2	20 0 
 2823	20	2	19 1 
 2824	20	2	20 0 
 2825	20	2	20 0 
 2826	20	2	18 2 
 2827	20	2	19 1 
 2828	20	2	20 0 
 2829	20	2	20 0 
 2830	20	2	19 1 
 2831	20	2	19 1 
 2832	20	2	20 0 
 2833	20	2	19 1 
 2834	20	2	20 0 
 2835	20	2	20 0 
 2836	20	2	19 1 
 2837	20	2	20 0 
 2838	20	2	14 6 
 2839	20	2	20 0 
 2840	20	2	20 0 
 2841	20	2	19 1 
 2842	20	2	20 0 
 2843	20	2	19 1 
 2844	20	2	20 0 
 2845	20	2	20 0 
 2846	20	2	19 1 
 2847	20	2	20 0 
 2848	20	2	20 0 
 2849	20	2	20 0 
 2850	20	2	20 0 
 2851	20	2	18 2 
 2852	20	2	20 0 
 2853	20	2	20 0 
 2854	20	2	20 0 
 2855	20	2	20 0 
 2856	20	2	20 0 
 2857	20	2	19 1 
 2858	20	2	20 0 
 2859	20	2	17 3 
 2860	20	2	17 3 
 2861	20	2	17 3 
 2862	20	2	17 3 
 2863	20	2	20 0 
 2864	20	2	18 2 
 2865	20	2	18 2 
 2866	20	2	20 0 
 2867	20	2	20 0 
 2868	20	2	20 0 
 2869	20	2	6 14 
 2870	20	2	20 0 
 2871	20	2	10 10 
 2872	20	2	20 0 
 2873	20	2	20 0 
 2874	20	2	18 2 
 2875	20	2	20 0 
 2876	20	2	20 0 
 2877	20	2	17 3 
 2878	20	2	20 0 
 2879	20	2	19 1 
 2880	20	2	20 0 
 2881	20	2	19 1 
 2882	20	2	19 1 
 2883	20	2	20 0 
 2884	20	2	19 1 
 2885	20	2	20 0 
 2886	20	2	19 1 
 2887	20	2	20 0 
 2888	20	2	19 1 
 2889	20	2	20 0 
 2890	20	2	20 0 
 2891	20	2	16 4 
 2892	20	2	0 20 
 2893	20	2	20 0 
 2894	20	2	20 0 
 2895	20	2	20 0 
 2896	20	2	20 0 
 2897	20	2	20 0 
 2898	20	2	18 2 
 2899	20	2	19 1 
 2900	20	2	18 2 
 2901	20	2	20 0 
 2902	20	2	20 0 
 2903	20	2	12 8 
 2904	20	2	20 0 
 2905	20	2	20 0 
 2906	20	2	20 0 
 2907	20	2	4 16 
 2908	20	2	4 16 
 2909	20	2	20 0 
 2910	20	2	20 0 
 2911	20	2	20 0 
 2912	20	2	20 0 
 2913	20	2	19 1 
 2914	20	2	20 0 
 2915	20	2	17 3 
 2916	20	2	20 0 
 2917	20	2	20 0 
 2918	20	2	19 1 
 2919	20	2	20 0 
 2920	20	2	20 0 
 2921	20	2	20 0 
 2922	20	2	20 0 
 2923	20	2	20 0 
 2924	20	2	4 16 
 2925	20	2	17 3 
 2926	20	2	19 1 
 2927	20	2	19 1 
 2928	20	2	16 4 
 2929	20	2	16 4 
 2930	20	2	3 17 
 2931	20	2	19 1 
 2932	20	2	20 0 
 2933	20	2	17 3 
 2934	20	2	20 0 
 2935	20	2	15 5 
 2936	20	2	20 0 
 2937	20	2	20 0 
 2938	20	2	20 0 
 2939	20	2	19 1 
 2940	20	2	20 0 
 2941	20	2	20 0 
 2942	20	2	20 0 
 2943	20	2	20 0 
 2944	20	2	20 0 
 2945	20	2	20 0 
 2946	20	2	14 6 
 2947	20	2	7 13 
 2948	20	2	20 0 
 2949	20	2	7 13 
 2950	20	2	20 0 
 2951	20	2	20 0 
 2952	20	2	20 0 
 2953	20	2	17 3 
 2954	20	2	19 1 
 2955	20	2	20 0 
 2956	20	2	20 0 
 2957	20	2	20 0 
 2958	20	2	20 0 
 2959	20	2	13 7 
 2960	20	2	20 0 
 2961	20	2	13 7 
 2962	20	2	20 0 
 2963	20	2	20 0 
 2964	20	2	20 0 
 2965	20	2	20 0 
 2966	20	2	20 0 
 2967	20	2	16 4 
 2968	20	2	20 0 
 2969	20	2	20 0 
 2970	20	2	20 0 
 2971	20	2	17 3 
 2972	20	2	20 0 
 2973	20	2	20 0 
 2974	20	2	19 1 
 2975	20	2	20 0 
 2976	20	2	17 3 
 2977	20	2	19 1 
 2978	20	2	20 0 
 2979	20	2	15 5 
 2980	20	2	15 5 
 2981	20	2	15 5 
 2982	20	2	20 0 
 2983	20	2	18 2 
 2984	20	2	20 0 
 2985	20	2	20 0 
 2986	20	2	20 0 
 2987	20	2	19 1 
 2988	20	2	20 0 
 2989	20	2	20 0 
 2990	20	2	19 1 
 2991	20	2	19 1 
 2992	20	2	20 0 
 2993	20	2	18 2 
 2994	20	2	18 2 
 2995	20	2	20 0 
 2996	20	2	19 1 
 2997	20	2	20 0 
 2998	20	2	20 0 
 2999	20	2	20 0 
 3000	20	2	7 13 
 3001	20	2	18 2 
 3002	20	2	18 2 
 3003	20	2	20 0 
 3004	20	2	8 12 
 3005	20	2	8 12 
 3006	20	2	8 12 
 3007	20	2	8 12 
 3008	20	2	8 12 
 3009	20	2	17 3 
 3010	20	2	19 1 
 3011	20	2	19 1 
 3012	20	2	19 1 
 3013	20	2	19 1 
 3014	20	2	19 1 
 3015	20	2	19 1 
 3016	20	2	19 1 
 3017	20	2	19 1 
 3018	20	2	19 1 
 3019	20	2	20 0 
 3020	20	2	20 0 
 3021	20	2	0 20 
 3022	20	2	20 0 
 3023	20	2	20 0 
 3024	20	2	20 0 
 3025	20	2	6 14 
 3026	20	2	19 1 
 3027	20	2	19 1 
 3028	20	2	20 0 
 3029	20	2	10 10 
 3030	20	2	20 0 
 3031	20	2	20 0 
 3032	20	2	20 0 
 3033	20	2	20 0 
 3034	20	2	20 0 
 3035	20	2	5 15 
 3036	20	2	20 0 
 3037	20	2	18 2 
 3038	20	2	18 2 
 3039	20	2	18 2 
 3040	20	2	20 0 
 3041	20	2	20 0 
 3042	20	2	20 0 
 3043	20	2	20 0 
 3044	20	2	20 0 
 3045	20	2	20 0 
 3046	20	2	20 0 
 3047	20	2	19 1 
 3048	20	2	20 0 
 3049	20	2	20 0 
 3050	20	2	20 0 
 3051	20	2	20 0 
 3052	20	2	9 11 
 3053	20	2	20 0 
 3054	20	2	20 0 
 3055	20	2	20 0 
 3056	20	2	20 0 
 3057	20	2	20 0 
 3058	20	2	20 0 
 3059	20	2	18 2 
 3060	20	2	20 0 
 3061	20	2	11 9 
 3062	20	2	5 15 
 3063	20	2	18 2 
 3064	20	2	20 0 
 3065	20	2	16 4 
 3066	20	2	16 4 
 3067	20	2	20 0 
 3068	20	2	17 3 
 3069	20	2	11 9 
 3070	20	2	18 2 
 3071	20	2	19 1 
 3072	20	2	15 5 
 3073	20	2	20 0 
 3074	20	2	20 0 
 3075	20	2	20 0 
 3076	20	2	20 0 
 3077	20	2	20 0 
 3078	20	2	5 15 
 3079	20	2	15 5 
 3080	20	2	17 3 
 3081	20	2	19 1 
 3082	20	2	19 1 
 3083	20	2	18 2 
 3084	20	2	20 0 
 3085	20	2	20 0 
 3086	20	2	17 3 
 3087	20	2	18 2 
 3088	20	2	20 0 
 3089	20	2	20 0 
 3090	20	2	20 0 
 3091	20	2	20 0 
 3092	20	2	20 0 
 3093	20	2	20 0 
 3094	20	2	18 2 
 3095	20	2	20 0 
 3096	20	2	20 0 
 3097	20	2	20 0 
 3098	20	2	20 0 
 3099	20	2	20 0 
 3100	20	2	20 0 
 3101	20	2	20 0 
 3102	20	2	19 1 
 3103	20	2	13 7 
 3104	20	2	20 0 
 3105	20	2	20 0 
 3106	20	2	17 3 
 3107	20	2	20 0 
 3108	20	2	20 0 
 3109	20	2	17 3 
 3110	20	2	9 11 
 3111	20	2	19 1 
 3112	20	2	20 0 
 3113	20	2	19 1 
 3114	20	2	20 0 
 3115	20	2	19 1 
 3116	20	2	19 1 
 3117	20	2	20 0 
 3118	20	2	20 0 
 3119	20	2	20 0 
 3120	20	2	19 1 
 3121	20	2	20 0 
 3122	20	2	20 0 
 3123	20	2	20 0 
 3124	20	2	20 0 
 3125	20	2	20 0 
 3126	20	2	19 1 
 3127	20	2	20 0 
 3128	20	2	4 16 
 3129	20	2	16 4 
 3130	20	2	16 4 
 3131	20	2	20 0 
 3132	20	2	20 0 
 3133	20	2	20 0 
 3134	20	2	13 7 
 3135	20	2	20 0 
 3136	20	2	17 3 
 3137	20	2	10 10 
 3138	20	2	19 1 
 3139	20	2	13 7 
 3140	20	2	18 2 
 3141	20	2	15 5 
 3142	20	2	4 16 
 3143	20	2	18 2 
 3144	20	2	15 5 
 3145	20	2	17 3 
 3146	20	2	20 0 
 3147	20	2	19 1 
 3148	20	2	18 2 
 3149	20	2	15 5 
 3150	20	2	20 0 
 3151	20	2	20 0 
 3152	20	2	10 10 
 3153	20	2	20 0 
 3154	20	2	19 1 
 3155	20	2	20 0 
 3156	20	2	16 4 
 3157	20	2	20 0 
 3158	20	2	20 0 
 3159	20	2	20 0 
 3160	20	2	20 0 
 3161	20	2	18 2 
 3162	20	2	20 0 
 3163	20	2	20 0 
 3164	20	2	20 0 
 3165	20	2	20 0 
 3166	20	2	20 0 
 3167	20	2	20 0 
 3168	20	2	20 0 
 3169	20	2	20 0 
 3170	20	2	20 0 
 3171	20	2	20 0 
 3172	20	2	20 0 
 3173	20	2	17 3 
 3174	20	2	17 3 
 3175	20	2	19 1 
 3176	20	2	0 20 
 3177	20	2	20 0 
 3178	20	2	20 0 
 3179	20	2	20 0 
 3180	20	2	19 1 
 3181	20	2	20 0 
 3182	20	2	20 0 
 3183	20	2	20 0 
 3184	20	2	19 1 
 3185	20	2	20 0 
 3186	20	2	20 0 
 3187	20	2	6 14 
 3188	20	2	20 0 
 3189	20	2	20 0 
 3190	20	2	2 18 
 3191	20	2	20 0 
 3192	20	2	20 0 
 3193	20	2	20 0 
 3194	20	2	20 0 
 3195	20	2	20 0 
 3196	20	2	20 0 
 3197	20	2	20 0 
 3198	20	2	13 7 
 3199	20	2	20 0 
 3200	20	2	19 1 
 3201	20	2	18 2 
 3202	20	2	20 0 
 3203	20	2	20 0 
 3204	20	2	20 0 
 3205	20	2	20 0 
 3206	20	2	20 0 
 3207	20	2	20 0 
 3208	20	2	20 0 
 3209	20	2	20 0 
 3210	20	2	15 5 
 3211	20	2	20 0 
 3212	20	2	20 0 
 3213	20	2	15 5 
 3214	20	2	17 3 
 3215	20	2	20 0 
 3216	20	2	20 0 
 3217	20	2	20 0 
 3218	20	2	20 0 
 3219	20	2	20 0 
 3220	20	2	20 0 
 3221	20	2	20 0 
 3222	20	2	20 0 
 3223	20	2	19 1 
 3224	20	2	20 0 
 3225	20	2	20 0 
 3226	20	2	20 0 
 3227	20	2	20 0 
 3228	20	2	20 0 
 3229	20	2	20 0 
 3230	20	2	20 0 
 3231	20	2	17 3 
 3232	20	2	20 0 
 3233	20	2	20 0 
 3234	20	2	0 20 
 3235	20	2	20 0 
 3236	20	2	19 1 
 3237	20	2	20 0 
 3238	20	2	18 2 
 3239	20	2	20 0 
 3240	20	2	20 0 
 3241	20	2	17 3 
 3242	20	2	20 0 
 3243	20	2	19 1 
 3244	20	2	20 0 
 3245	20	2	12 8 
 3246	20	2	16 4 
 3247	20	2	16 4 
 3248	20	2	16 4 
 3249	20	2	20 0 
 3250	20	2	12 8 
 3251	20	2	14 6 
 3252	20	2	19 1 
 3253	20	2	14 6 
 3254	20	2	19 1 
 3255	20	2	20 0 
 3256	20	2	19 1 
 3257	20	2	20 0 
 3258	20	2	20 0 
 3259	20	2	20 0 
 3260	20	2	18 2 
 3261	20	2	20 0 
 3262	20	2	20 0 
 3263	20	2	20 0 
 3264	20	2	20 0 
 3265	20	2	20 0 
 3266	20	2	20 0 
 3267	20	2	20 0 
 3268	20	2	20 0 
 3269	20	2	19 1 
 3270	20	2	13 7 
 3271	20	2	15 5 
 3272	20	2	13 7 
 3273	20	2	15 5 
 3274	20	2	20 0 
 3275	20	2	19 1 
 3276	20	2	2 18 
 3277	20	2	20 0 
 3278	20	2	20 0 
 3279	20	2	19 1 
 3280	20	2	20 0 
 3281	20	2	20 0 
 3282	20	2	20 0 
 3283	20	2	20 0 
 3284	20	2	19 1 
 3285	20	2	20 0 
 3286	20	2	20 0 
 3287	20	2	19 1 
 3288	20	2	20 0 
 3289	20	2	18 2 
 3290	20	2	20 0 
 3291	20	2	19 1 
 3292	20	2	13 7 
 3293	20	2	20 0 
 3294	20	2	13 7 
 3295	20	2	13 7 
 3296	20	2	20 0 
 3297	20	2	13 7 
 3298	20	2	20 0 
 3299	20	2	20 0 
 3300	20	2	19 1 
 3301	20	2	2 18 
 3302	20	2	2 18 
 3303	20	2	20 0 
 3304	20	2	16 4 
 3305	20	2	19 1 
 3306	20	2	19 1 
 3307	20	2	20 0 
 3308	20	2	16 4 
 3309	20	2	19 1 
 3310	20	2	6 14 
 3311	20	2	19 1 
 3312	20	2	19 1 
 3313	20	2	19 1 
 3314	20	2	20 0 
 3315	20	2	6 14 
 3316	20	2	20 0 
 3317	20	2	20 0 
 3318	20	2	6 14 
 3319	20	2	7 13 
 3320	20	2	18 2 
 3321	20	2	17 3 
 3322	20	2	20 0 
 3323	20	2	19 1 
 3324	20	2	20 0 
 3325	20	2	20 0 
 3326	20	2	15 5 
 3327	20	2	20 0 
 3328	20	2	15 5 
 3329	20	2	20 0 
 3330	20	2	2 18 
 3331	20	2	20 0 
 3332	20	2	20 0 
 3333	20	2	18 2 
 3334	20	2	20 0 
 3335	20	2	20 0 
 3336	20	2	17 3 
 3337	20	2	20 0 
 3338	20	2	3 17 
 3339	20	2	8 12 
 3340	20	2	20 0 
 3341	20	2	14 6 
 3342	20	2	0 20 
 3343	20	2	20 0 
 3344	20	2	19 1 
 3345	20	2	7 13 
 3346	20	2	16 4 
 3347	20	2	17 3 
 3348	20	2	18 2 
 3349	20	2	20 0 
 3350	20	2	20 0 
 3351	20	2	19 1 
 3352	20	2	17 3 
 3353	20	2	20 0 
 3354	20	2	20 0 
 3355	20	2	20 0 
 3356	20	2	20 0 
 3357	20	2	17 3 
 3358	20	2	20 0 
 3359	20	2	20 0 
 3360	20	2	20 0 
 3361	20	2	20 0 
 3362	20	2	20 0 
 3363	20	2	11 9 
 3364	20	2	17 3 
 3365	20	2	17 3 
 3366	20	2	17 3 
 3367	20	2	19 1 
 3368	20	2	20 0 
 3369	20	2	20 0 
 3370	20	2	20 0 
 3371	20	2	17 3 
 3372	20	2	20 0 
 3373	20	2	20 0 
 3374	20	2	18 2 
 3375	20	2	17 3 
 3376	20	2	19 1 
 3377	20	2	17 3 
 3378	20	2	20 0 
 3379	20	2	18 2 
 3380	20	2	19 1 
 3381	20	2	13 7 
 3382	20	2	20 0 
 3383	20	2	20 0 
 3384	20	2	20 0 
 3385	20	2	20 0 
 3386	20	2	1 19 
 3387	20	2	16 4 
 3388	20	2	19 1 
 3389	20	2	14 6 
 3390	20	2	20 0 
 3391	20	2	19 1 
 3392	20	2	14 6 
 3393	20	2	20 0 
 3394	20	2	20 0 
 3395	20	2	19 1 
 3396	20	2	1 19 
 3397	20	2	19 1 
 3398	20	2	20 0 
 3399	20	2	20 0 
 3400	20	2	19 1 
 3401	20	2	20 0 
 3402	20	2	20 0 
 3403	20	2	20 0 
 3404	20	2	19 1 
 3405	20	2	20 0 
 3406	20	2	20 0 
 3407	20	2	0 20 
 3408	20	2	19 1 
 3409	20	2	19 1 
 3410	20	2	20 0 
 3411	20	2	20 0 
 3412	20	2	18 2 
 3413	20	2	18 2 
 3414	20	2	20 0 
 3415	20	2	20 0 
 3416	20	2	15 5 
 3417	20	2	20 0 
 3418	20	2	20 0 
 3419	20	2	14 6 
 3420	20	2	19 1 
 3421	20	2	19 1 
 3422	20	2	18 2 
 3423	20	2	19 1 
 3424	20	2	19 1 
 3425	20	2	20 0 
 3426	20	2	19 1 
 3427	20	2	20 0 
 3428	20	2	19 1 
 3429	20	2	19 1 
 3430	20	2	19 1 
 3431	20	2	19 1 
 3432	20	2	19 1 
 3433	20	2	19 1 
 3434	20	2	20 0 
 3435	20	2	20 0 
 3436	20	2	20 0 
 3437	20	2	20 0 
 3438	20	2	20 0 
 3439	20	2	8 12 
 3440	20	2	20 0 
 3441	20	2	20 0 
 3442	20	2	18 2 
 3443	20	2	19 1 
 3444	20	2	20 0 
 3445	20	2	20 0 
 3446	20	2	20 0 
 3447	20	2	19 1 
 3448	20	2	18 2 
 3449	20	2	19 1 
 3450	20	2	20 0 
 3451	20	2	19 1 
 3452	20	2	20 0 
 3453	20	2	14 6 
 3454	20	2	5 15 
 3455	20	2	20 0 
 3456	20	2	19 1 
 3457	20	2	17 3 
 3458	20	2	7 13 
 3459	20	2	7 13 
 3460	20	2	18 2 
 3461	20	2	14 6 
 3462	20	2	1 19 
 3463	20	2	19 1 
 3464	20	2	20 0 
 3465	20	2	20 0 
 3466	20	2	20 0 
 3467	20	2	20 0 
 3468	20	2	18 2 
 3469	20	2	20 0 
 3470	20	2	20 0 
 3471	20	2	20 0 
 3472	20	2	20 0 
 3473	20	2	20 0 
 3474	20	2	19 1 
 3475	20	2	20 0 
 3476	20	2	20 0 
 3477	20	2	20 0 
 3478	20	2	20 0 
 3479	20	2	20 0 
 3480	20	2	20 0 
 3481	20	2	20 0 
 3482	20	2	20 0 
 3483	20	2	20 0 
 3484	20	2	18 2 
 3485	20	2	18 2 
 3486	20	2	18 2 
 3487	20	2	20 0 
 3488	20	2	20 0 
 3489	20	2	19 1 
 3490	20	2	20 0 
 3491	20	2	20 0 
 3492	20	2	20 0 
 3493	20	2	20 0 
 3494	20	2	18 2 
 3495	20	2	20 0 
 3496	20	2	20 0 
 3497	20	2	19 1 
 3498	20	2	10 10 
 3499	20	2	19 1 
 3500	20	2	20 0 
 3501	20	2	19 1 
 3502	20	2	20 0 
 3503	20	2	19 1 
 3504	20	2	20 0 
 3505	20	2	9 11 
 3506	20	2	15 5 
 3507	20	2	20 0 
 3508	20	2	19 1 
 3509	20	2	15 5 
 3510	20	2	15 5 
 3511	20	2	15 5 
 3512	20	2	19 1 
 3513	20	2	15 5 
 3514	20	2	20 0 
 3515	20	2	20 0 
 3516	20	2	19 1 
 3517	20	2	20 0 
 3518	20	2	20 0 
 3519	20	2	20 0 
 3520	20	2	20 0 
 3521	20	2	20 0 
 3522	20	2	20 0 
 3523	20	2	19 1 
 3524	20	2	20 0 
 3525	20	2	19 1 
 3526	20	2	20 0 
 3527	20	2	14 6 
 3528	20	2	14 6 
 3529	20	2	20 0 
 3530	20	2	19 1 
 3531	20	2	20 0 
 3532	20	2	18 2 
 3533	20	2	20 0 
 3534	20	2	20 0 
 3535	20	2	20 0 
 3536	20	2	17 3 
 3537	20	2	17 3 
 3538	20	2	19 1 
 3539	20	2	20 0 
 3540	20	2	19 1 
 3541	20	2	20 0 
 3542	20	2	19 1 
 3543	20	2	19 1 
 3544	20	2	7 13 
 3545	20	2	19 1 
 3546	20	2	19 1 
 3547	20	2	7 13 
 3548	20	2	20 0 
 3549	20	2	16 4 
 3550	20	2	20 0 
 3551	20	2	20 0 
 3552	20	2	19 1 
 3553	20	2	20 0 
 3554	20	2	20 0 
 3555	20	2	20 0 
 3556	20	2	0 20 
 3557	20	2	20 0 
 3558	20	2	19 1 
 3559	20	2	20 0 
 3560	20	2	16 4 
 3561	20	2	20 0 
 3562	20	2	20 0 
 3563	20	2	20 0 
 3564	20	2	20 0 
 3565	20	2	16 4 
 3566	20	2	20 0 
 3567	20	2	20 0 
 3568	20	2	20 0 
 3569	20	2	19 1 
 3570	20	2	20 0 
 3571	20	2	20 0 
 3572	20	2	16 4 
 3573	20	2	19 1 
 3574	20	2	18 2 
 3575	20	2	18 2 
 3576	20	2	20 0 
 3577	20	2	19 1 
 3578	20	2	20 0 
 3579	20	2	20 0 
 3580	20	2	19 1 
 3581	20	2	20 0 
 3582	20	2	18 2 
 3583	20	2	20 0 
 3584	20	2	20 0 
 3585	20	2	20 0 
 3586	20	2	20 0 
 3587	20	2	19 1 
 3588	20	2	20 0 
 3589	20	2	19 1 
 3590	20	2	19 1 
 3591	20	2	18 2 
 3592	20	2	20 0 
 3593	20	2	20 0 
 3594	20	2	20 0 
 3595	20	2	20 0 
 3596	20	2	18 2 
 3597	20	2	17 3 
 3598	20	2	19 1 
 3599	20	2	20 0 
 3600	20	2	17 3 
 3601	20	2	20 0 
 3602	20	2	20 0 
 3603	20	2	20 0 
 3604	20	2	20 0 
 3605	20	2	20 0 
 3606	20	2	20 0 
 3607	20	2	20 0 
 3608	20	2	19 1 
 3609	20	2	20 0 
 3610	20	2	19 1 
 3611	20	2	20 0 
 3612	20	2	9 11 
 3613	20	2	19 1 
 3614	20	2	20 0 
 3615	20	2	19 1 
 3616	20	2	15 5 
 3617	20	2	20 0 
 3618	20	2	14 6 
 3619	20	2	20 0 
 3620	20	2	20 0 
 3621	20	2	20 0 
 3622	20	2	20 0 
 3623	20	2	20 0 
 3624	20	2	13 7 
 3625	20	2	3 17 
 3626	20	2	20 0 
 3627	20	2	20 0 
 3628	20	2	19 1 
 3629	20	2	19 1 
 3630	20	2	20 0 
 3631	20	2	20 0 
 3632	20	2	19 1 
 3633	20	2	20 0 
 3634	20	2	11 9 
 3635	20	2	15 5 
 3636	20	2	20 0 
 3637	20	2	5 15 
 3638	20	2	19 1 
 3639	20	2	3 17 
 3640	20	2	19 1 
 3641	20	2	17 3 
 3642	20	2	20 0 
 3643	20	2	16 4 
 3644	20	2	16 4 
 3645	20	2	19 1 
 3646	20	2	20 0 
 3647	20	2	20 0 
 3648	20	2	20 0 
 3649	20	2	20 0 
 3650	20	2	20 0 
 3651	20	2	20 0 
 3652	20	2	20 0 
 3653	20	2	19 1 
 3654	20	2	17 3 
 3655	20	2	20 0 
 3656	20	2	15 5 
 3657	20	2	20 0 
 3658	20	2	20 0 
 3659	20	2	20 0 
 3660	20	2	20 0 
 3661	20	2	20 0 
 3662	20	2	20 0 
 3663	20	2	19 1 
 3664	20	2	15 5 
 3665	20	2	19 1 
 3666	20	2	19 1 
 3667	20	2	19 1 
 3668	20	2	20 0 
 3669	20	2	3 17 
 3670	20	2	20 0 
 3671	20	2	20 0 
 3672	20	2	20 0 
 3673	20	2	16 4 
 3674	20	2	16 4 
 3675	20	2	20 0 
 3676	20	2	16 4 
 3677	20	2	16 4 
 3678	20	2	16 4 
 3679	20	2	19 1 
 3680	20	2	20 0 
 3681	20	2	17 3 
 3682	20	2	17 3 
 3683	20	2	17 3 
 3684	20	2	20 0 
 3685	20	2	17 3 
 3686	20	2	20 0 
 3687	20	2	20 0 
 3688	20	2	20 0 
 3689	20	2	17 3 
 3690	20	2	19 1 
 3691	20	2	19 1 
 3692	20	2	18 2 
 3693	20	2	20 0 
 3694	20	2	20 0 
 3695	20	2	20 0 
 3696	20	2	19 1 
 3697	20	2	18 2 
 3698	20	2	19 1 
 3699	20	2	8 12 
 3700	20	2	20 0 
 3701	20	2	20 0 
 3702	20	2	14 6 
 3703	20	2	19 1 
 3704	20	2	19 1 
 3705	20	2	20 0 
 3706	20	2	20 0 
 3707	20	2	19 1 
 3708	20	2	20 0 
 3709	20	2	19 1 
 3710	20	2	19 1 
 3711	20	2	18 2 
 3712	20	2	18 2 
 3713	20	2	16 4 
 3714	20	2	19 1 
 3715	20	2	19 1 
 3716	20	2	19 1 
 3717	20	2	20 0 
 3718	20	2	20 0 
 3719	20	2	2 18 
 3720	20	2	2 18 
 3721	20	2	17 3 
 3722	20	2	2 18 
 3723	20	2	20 0 
 3724	20	2	19 1 
 3725	20	2	19 1 
 3726	20	2	20 0 
 3727	20	2	20 0 
 3728	20	2	20 0 
 3729	20	2	20 0 
 3730	20	2	20 0 
 3731	20	2	19 1 
 3732	20	2	20 0 
 3733	20	2	18 2 
 3734	20	2	19 1 
 3735	20	2	20 0 
 3736	20	2	16 4 
 3737	20	2	20 0 
 3738	20	2	7 13 
 3739	20	2	17 3 
 3740	20	2	17 3 
 3741	20	2	17 3 
 3742	20	2	15 5 
 3743	20	2	20 0 
 3744	20	2	17 3 
 3745	20	2	19 1 
 3746	20	2	2 18 
 3747	20	2	20 0 
 3748	20	2	20 0 
 3749	20	2	20 0 
 3750	20	2	20 0 
 3751	20	2	14 6 
 3752	20	2	20 0 
 3753	20	2	20 0 
 3754	20	2	20 0 
 3755	20	2	20 0 
 3756	20	2	20 0 
 3757	20	2	20 0 
 3758	20	2	20 0 
 3759	20	2	18 2 
 3760	20	2	8 12 
 3761	20	2	20 0 
 3762	20	2	19 1 
 3763	20	2	18 2 
 3764	20	2	15 5 
 3765	20	2	18 2 
 3766	20	2	20 0 
 3767	20	2	20 0 
 3768	20	2	20 0 
 3769	20	2	20 0 
 3770	20	2	20 0 
 3771	20	2	20 0 
 3772	20	2	20 0 
 3773	20	2	20 0 
 3774	20	2	20 0 
 3775	20	2	19 1 
 3776	20	2	20 0 
 3777	20	2	16 4 
 3778	20	2	16 4 
 3779	20	2	17 3 
 3780	20	2	19 1 
 3781	20	2	17 3 
 3782	20	2	16 4 
 3783	20	2	20 0 
 3784	20	2	20 0 
 3785	20	2	20 0 
 3786	20	2	8 12 
 3787	20	2	19 1 
 3788	20	2	20 0 
 3789	20	2	15 5 
 3790	20	2	15 5 
 3791	20	2	19 1 
 3792	20	2	18 2 
 3793	20	2	19 1 
 3794	20	2	20 0 
 3795	20	2	19 1 
 3796	20	2	20 0 
 3797	20	2	20 0 
 3798	20	2	16 4 
 3799	20	2	1 19 
 3800	20	2	19 1 
 3801	20	2	20 0 
 3802	20	2	19 1 
 3803	20	2	20 0 
 3804	20	2	20 0 
 3805	20	2	19 1 
 3806	20	2	19 1 
 3807	20	2	20 0 
 3808	20	2	20 0 
 3809	20	2	20 0 
 3810	20	2	14 6 
 3811	20	2	3 17 
 3812	20	2	3 17 
 3813	20	2	3 17 
 3814	20	2	3 17 
 3815	20	2	20 0 
 3816	20	2	20 0 
 3817	20	2	20 0 
 3818	20	2	20 0 
 3819	20	2	20 0 
 3820	20	2	20 0 
 3821	20	2	18 2 
 3822	20	2	20 0 
 3823	20	2	20 0 
 3824	20	2	20 0 
 3825	20	2	20 0 
 3826	20	2	20 0 
 3827	20	2	20 0 
 3828	20	2	20 0 
 3829	20	2	20 0 
 3830	20	2	20 0 
 3831	20	2	20 0 
 3832	20	2	19 1 
 3833	20	2	20 0 
 3834	20	2	19 1 
 3835	20	2	20 0 
 3836	20	2	14 6 
 3837	20	2	20 0 
 3838	20	2	20 0 
 3839	20	2	20 0 
 3840	20	2	20 0 
 3841	20	2	18 2 
 3842	20	2	20 0 
 3843	20	2	20 0 
 3844	20	2	0 20 
 3845	20	2	17 3 
 3846	20	2	20 0 
 3847	20	2	20 0 
 3848	20	2	20 0 
 3849	20	2	19 1 
 3850	20	2	20 0 
 3851	20	2	20 0 
 3852	20	2	19 1 
 3853	20	2	20 0 
 3854	20	2	20 0 
 3855	20	2	14 6 
 3856	20	2	20 0 
 3857	20	2	17 3 
 3858	20	2	20 0 
 3859	20	2	8 12 
 3860	20	2	20 0 
 3861	20	2	20 0 
 3862	20	2	18 2 
 3863	20	2	19 1 
 3864	20	2	20 0 
 3865	20	2	20 0 
 3866	20	2	20 0 
 3867	20	2	16 4 
 3868	20	2	20 0 
 3869	20	2	20 0 
 3870	20	2	20 0 
 3871	20	2	20 0 
 3872	20	2	20 0 
 3873	20	2	12 8 
 3874	20	2	20 0 
 3875	20	2	19 1 
 3876	20	2	20 0 
 3877	20	2	18 2 
 3878	20	2	18 2 
 3879	20	2	18 2 
 3880	20	2	20 0 
 3881	20	2	20 0 
 3882	20	2	20 0 
 3883	20	2	18 2 
 3884	20	2	20 0 
 3885	20	2	20 0 
 3886	20	2	20 0 
 3887	20	2	20 0 
 3888	20	2	18 2 
 3889	20	2	20 0 
 3890	20	2	20 0 
 3891	20	2	20 0 
 3892	20	2	19 1 
 3893	20	2	20 0 
 3894	20	2	20 0 
 3895	20	2	20 0 
 3896	20	2	20 0 
 3897	20	2	19 1 
 3898	20	2	13 7 
 3899	20	2	20 0 
 3900	20	2	20 0 
 3901	20	2	20 0 
 3902	20	2	18 2 
 3903	20	2	19 1 
 3904	20	2	20 0 
 3905	20	2	20 0 
 3906	20	2	20 0 
 3907	20	2	20 0 
 3908	20	2	0 20 
 3909	20	2	19 1 
 3910	20	2	20 0 
 3911	20	2	20 0 
 3912	20	2	20 0 
 3913	20	2	20 0 
 3914	20	2	20 0 
 3915	20	2	20 0 
 3916	20	2	20 0 
 3917	20	2	20 0 
 3918	20	2	20 0 
 3919	20	2	15 5 
 3920	20	2	20 0 
 3921	20	2	20 0 
 3922	20	2	16 4 
 3923	20	2	20 0 
 3924	20	2	17 3 
 3925	20	2	13 7 
 3926	20	2	18 2 
 3927	20	2	16 4 
 3928	20	2	16 4 
 3929	20	2	16 4 
 3930	20	2	20 0 
 3931	20	2	13 7 
 3932	20	2	15 5 
 3933	20	2	17 3 
 3934	20	2	20 0 
 3935	20	2	20 0 
 3936	20	2	20 0 
 3937	20	2	20 0 
 3938	20	2	20 0 
 3939	20	2	20 0 
 3940	20	2	19 1 
 3941	20	2	20 0 
 3942	20	2	20 0 
 3943	20	2	17 3 
 3944	20	2	20 0 
 3945	20	2	19 1 
 3946	20	2	17 3 
 3947	20	2	20 0 
 3948	20	2	2 18 
 3949	20	2	19 1 
 3950	20	2	20 0 
 3951	20	2	19 1 
 3952	20	2	19 1 
 3953	20	2	10 10 
 3954	20	2	18 2 
 3955	20	2	20 0 
 3956	20	2	20 0 
 3957	20	2	16 4 
 3958	20	2	12 8 
 3959	20	2	20 0 
 3960	20	2	16 4 
 3961	20	2	20 0 
 3962	20	2	20 0 
 3963	20	2	20 0 
 3964	20	2	20 0 
 3965	20	2	20 0 
 3966	20	2	20 0 
 3967	20	2	20 0 
 3968	20	2	20 0 
 3969	20	2	20 0 
 3970	20	2	20 0 
 3971	20	2	9 11 
 3972	20	2	13 7 
 3973	20	2	18 2 
 3974	20	2	18 2 
 3975	20	2	20 0 
 3976	20	2	19 1 
 3977	20	2	20 0 
 3978	20	2	16 4 
 3979	20	2	19 1 
 3980	20	2	20 0 
 3981	20	2	19 1 
 3982	20	2	20 0 
 3983	20	2	19 1 
 3984	20	2	20 0 
 3985	20	2	19 1 
 3986	20	2	19 1 
 3987	20	2	20 0 
 3988	20	2	18 2 
 3989	20	2	20 0 
 3990	20	2	19 1 
 3991	20	2	20 0 
 3992	20	2	20 0 
 3993	20	2	6 14 
 3994	20	2	18 2 
 3995	20	2	19 1 
 3996	20	2	20 0 
 3997	20	2	19 1 
 3998	20	2	19 1 
 3999	20	2	19 1 
 4000	20	2	20 0 
 4001	20	2	19 1 
 4002	20	2	20 0 
 4003	20	2	18 2 
 4004	20	2	20 0 
 4005	20	2	20 0 
 4006	20	2	20 0 
 4007	20	2	20 0 
 4008	20	2	19 1 
 4009	20	2	13 7 
 4010	20	2	20 0 
 4011	20	2	20 0 
 4012	20	2	17 3 
 4013	20	2	19 1 
 4014	20	2	20 0 
 4015	20	2	20 0 
 4016	20	2	19 1 
 4017	20	2	20 0 
 4018	20	2	11 9 
 4019	20	2	16 4 
 4020	20	2	18 2 
 4021	20	2	20 0 
 4022	20	2	16 4 
 4023	20	2	16 4 
 4024	20	2	19 1 
 4025	20	2	5 15 
 4026	20	2	16 4 
 4027	20	2	20 0 
 4028	20	2	16 4 
 4029	20	2	16 4 
 4030	20	2	20 0 
 4031	20	2	16 4 
 4032	20	2	17 3 
 4033	20	2	11 9 
 4034	20	2	20 0 
 4035	20	2	19 1 
 4036	20	2	20 0 
 4037	20	2	11 9 
 4038	20	2	20 0 
 4039	20	2	16 4 
 4040	20	2	20 0 
 4041	20	2	20 0 
 4042	20	2	20 0 
 4043	20	2	20 0 
 4044	20	2	19 1 
 4045	20	2	20 0 
 4046	20	2	20 0 
 4047	20	2	18 2 
 4048	20	2	20 0 
 4049	20	2	12 8 
 4050	20	2	17 3 
 4051	20	2	20 0 
 4052	20	2	17 3 
 4053	20	2	20 0 
 4054	20	2	20 0 
 4055	20	2	19 1 
 4056	20	2	20 0 
 4057	20	2	20 0 
 4058	20	2	20 0 
 4059	20	2	16 4 
 4060	20	2	16 4 
 4061	20	2	20 0 
 4062	20	2	20 0 
 4063	20	2	17 3 
 4064	20	2	20 0 
 4065	20	2	20 0 
 4066	20	2	20 0 
 4067	20	2	20 0 
 4068	20	2	20 0 
 4069	20	2	20 0 
 4070	20	2	20 0 
 4071	20	2	20 0 
 4072	20	2	20 0 
 4073	20	2	18 2 
 4074	20	2	20 0 
 4075	20	2	20 0 
 4076	20	2	20 0 
 4077	20	2	20 0 
 4078	20	2	20 0 
 4079	20	2	20 0 
 4080	20	2	20 0 
 4081	20	2	20 0 
 4082	20	2	20 0 
 4083	20	2	20 0 
 4084	20	2	18 2 
 4085	20	2	19 1 
 4086	20	2	18 2 
 4087	20	2	18 2 
 4088	20	2	20 0 
 4089	20	2	19 1 
 4090	20	2	19 1 
 4091	20	2	18 2 
 4092	20	2	20 0 
 4093	20	2	20 0 
 4094	20	2	17 3 
 4095	20	2	19 1 
 4096	20	2	20 0 
 4097	20	2	19 1 
 4098	20	2	9 11 
 4099	20	2	20 0 
 4100	20	2	18 2 
 4101	20	2	11 9 
 4102	20	2	9 11 
 4103	20	2	9 11 
 4104	20	2	20 0 
 4105	20	2	20 0 
 4106	20	2	20 0 
 4107	20	2	20 0 
 4108	20	2	20 0 
 4109	20	2	18 2 
 4110	20	2	20 0 
 4111	20	2	19 1 
 4112	20	2	20 0 
 4113	20	2	16 4 
 4114	20	2	20 0 
 4115	20	2	19 1 
 4116	20	2	20 0 
 4117	20	2	19 1 
 4118	20	2	16 4 
 4119	20	2	4 16 
 4120	20	2	20 0 
 4121	20	2	20 0 
 4122	20	2	18 2 
 4123	20	2	7 13 
 4124	20	2	20 0 
 4125	20	2	4 16 
 4126	20	2	16 4 
 4127	20	2	17 3 
 4128	20	2	20 0 
 4129	20	2	0 20 
 4130	20	2	20 0 
 4131	20	2	20 0 
 4132	20	2	20 0 
 4133	20	2	20 0 
 4134	20	2	19 1 
 4135	20	2	20 0 
 4136	20	2	20 0 
 4137	20	2	19 1 
 4138	20	2	19 1 
 4139	20	2	19 1 
 4140	20	2	20 0 
 4141	20	2	19 1 
 4142	20	2	3 17 
 4143	20	2	18 2 
 4144	20	2	20 0 
 4145	20	2	20 0 
 4146	20	2	20 0 
 4147	20	2	20 0 
 4148	20	2	0 20 
 4149	20	2	20 0 
 4150	20	2	20 0 
 4151	20	2	20 0 
 4152	20	2	20 0 
 4153	20	2	19 1 
 4154	20	2	20 0 
 4155	20	2	20 0 
 4156	20	2	17 3 
 4157	20	2	19 1 
 4158	20	2	10 10 
 4159	20	2	19 1 
 4160	20	2	19 1 
 4161	20	2	20 0 
 4162	20	2	20 0 
 4163	20	2	20 0 
 4164	20	2	19 1 
 4165	20	2	20 0 
 4166	20	2	20 0 
 4167	20	2	20 0 
 4168	20	2	18 2 
 4169	20	2	20 0 
 4170	20	2	20 0 
 4171	20	2	20 0 
 4172	20	2	16 4 
 4173	20	2	20 0 
 4174	20	2	18 2 
 4175	20	2	20 0 
 4176	20	2	11 9 
 4177	20	2	18 2 
 4178	20	2	17 3 
 4179	20	2	19 1 
 4180	20	2	11 9 
 4181	20	2	12 8 
 4182	20	2	20 0 
 4183	20	2	20 0 
 4184	20	2	20 0 
 4185	20	2	20 0 
 4186	20	2	20 0 
 4187	20	2	20 0 
 4188	20	2	20 0 
 4189	20	2	20 0 
 4190	20	2	20 0 
 4191	20	2	20 0 
 4192	20	2	20 0 
 4193	20	2	20 0 
 4194	20	2	20 0 
 4195	20	2	20 0 
 4196	20	2	16 4 
 4197	20	2	20 0 
 4198	20	2	20 0 
 4199	20	2	20 0 
 4200	20	2	20 0 
 4201	20	2	19 1 
 4202	20	2	20 0 
 4203	20	2	20 0 
 4204	20	2	15 5 
 4205	20	2	15 5 
 4206	20	2	15 5 
 4207	20	2	10 10 
 4208	20	2	19 1 
 4209	20	2	2 18 
 4210	20	2	20 0 
 4211	20	2	17 3 
 4212	20	2	16 4 
 4213	20	2	18 2 
 4214	20	2	17 3 
 4215	20	2	17 3 
 4216	20	2	18 2 
 4217	20	2	3 17 
 4218	20	2	20 0 
 4219	20	2	20 0 
 4220	20	2	20 0 
 4221	20	2	20 0 
 4222	20	2	20 0 
 4223	20	2	20 0 
 4224	20	2	18 2 
 4225	20	2	3 17 
 4226	20	2	20 0 
 4227	20	2	17 3 
 4228	20	2	19 1 
 4229	20	2	19 1 
 4230	20	2	20 0 
 4231	20	2	17 3 
 4232	20	2	18 2 
 4233	20	2	20 0 
 4234	20	2	20 0 
 4235	20	2	20 0 
 4236	20	2	20 0 
 4237	20	2	20 0 
 4238	20	2	1 19 
 4239	20	2	19 1 
 4240	20	2	1 19 
 4241	20	2	1 19 
 4242	20	2	13 7 
 4243	20	2	1 19 
 4244	20	2	1 19 
 4245	20	2	19 1 
 4246	20	2	15 5 
 4247	20	2	20 0 
 4248	20	2	20 0 
 4249	20	2	16 4 
 4250	20	2	20 0 
 4251	20	2	20 0 
 4252	20	2	20 0 
 4253	20	2	19 1 
 4254	20	2	19 1 
 4255	20	2	19 1 
 4256	20	2	19 1 
 4257	20	2	19 1 
 4258	20	2	20 0 
 4259	20	2	20 0 
 4260	20	2	20 0 
 4261	20	2	20 0 
 4262	20	2	18 2 
 4263	20	2	20 0 
 4264	20	2	15 5 
 4265	20	2	20 0 
 4266	20	2	20 0 
 4267	20	2	15 5 
 4268	20	2	19 1 
 4269	20	2	20 0 
 4270	20	2	19 1 
 4271	20	2	20 0 
 4272	20	2	19 1 
 4273	20	2	20 0 
 4274	20	2	20 0 
 4275	20	2	20 0 
 4276	20	2	15 5 
 4277	20	2	19 1 
 4278	20	2	20 0 
 4279	20	2	20 0 
 4280	20	2	20 0 
 4281	20	2	17 3 
 4282	20	2	20 0 
 4283	20	2	20 0 
 4284	20	2	19 1 
 4285	20	2	17 3 
 4286	20	2	17 3 
 4287	20	2	20 0 
 4288	20	2	20 0 
 4289	20	2	17 3 
 4290	20	2	20 0 
 4291	20	2	20 0 
 4292	20	2	17 3 
 4293	20	2	19 1 
 4294	20	2	18 2 
 4295	20	2	18 2 
 4296	20	2	18 2 
 4297	20	2	20 0 
 4298	20	2	20 0 
 4299	20	2	20 0 
 4300	20	2	20 0 
 4301	20	2	15 5 
 4302	20	2	20 0 
 4303	20	2	9 11 
 4304	20	2	20 0 
 4305	20	2	2 18 
 4306	20	2	2 18 
 4307	20	2	18 2 
 4308	20	2	2 18 
 4309	20	2	18 2 
 4310	20	2	19 1 
 4311	20	2	19 1 
 4312	20	2	20 0 
 4313	20	2	19 1 
 4314	20	2	19 1 
 4315	20	2	19 1 
 4316	20	2	19 1 
 4317	20	2	19 1 
 4318	20	2	19 1 
 4319	20	2	19 1 
 4320	20	2	20 0 
 4321	20	2	19 1 
 4322	20	2	19 1 
 4323	20	2	20 0 
 4324	20	2	17 3 
 4325	20	2	19 1 
 4326	20	2	19 1 
 4327	20	2	19 1 
 4328	20	2	20 0 
 4329	20	2	10 10 
 4330	20	2	18 2 
 4331	20	2	20 0 
 4332	20	2	20 0 
 4333	20	2	20 0 
 4334	20	2	19 1 
 4335	20	2	19 1 
 4336	20	2	20 0 
 4337	20	2	19 1 
 4338	20	2	20 0 
 4339	20	2	18 2 
 4340	20	2	20 0 
 4341	20	2	20 0 
 4342	20	2	13 7 
 4343	20	2	20 0 
 4344	20	2	20 0 
 4345	20	2	20 0 
 4346	20	2	15 5 
 4347	20	2	15 5 
 4348	20	2	15 5 
 4349	20	2	20 0 
 4350	20	2	19 1 
 4351	20	2	20 0 
 4352	20	2	17 3 
 4353	20	2	19 1 
 4354	20	2	17 3 
 4355	20	2	17 3 
 4356	20	2	17 3 
 4357	20	2	13 7 
 4358	20	2	20 0 
 4359	20	2	20 0 
 4360	20	2	20 0 
 4361	20	2	20 0 
 4362	20	2	16 4 
 4363	20	2	19 1 
 4364	20	2	15 5 
 4365	20	2	16 4 
 4366	20	2	20 0 
 4367	20	2	20 0 
 4368	20	2	18 2 
 4369	20	2	20 0 
 4370	20	2	18 2 
 4371	20	2	19 1 
 4372	20	2	1 19 
 4373	20	2	20 0 
 4374	20	2	14 6 
 4375	20	2	2 18 
 4376	20	2	0 20 
 4377	20	2	19 1 
 4378	20	2	19 1 
 4379	20	2	20 0 
 4380	20	2	20 0 
 4381	20	2	20 0 
 4382	20	2	20 0 
 4383	20	2	20 0 
 4384	20	2	19 1 
 4385	20	2	18 2 
 4386	20	2	20 0 
 4387	20	2	20 0 
 4388	20	2	20 0 
 4389	20	2	20 0 
 4390	20	2	20 0 
 4391	20	2	20 0 
 4392	20	2	14 6 
 4393	20	2	20 0 
 4394	20	2	20 0 
 4395	20	2	20 0 
 4396	20	2	19 1 
 4397	20	2	18 2 
 4398	20	2	18 2 
 4399	20	2	20 0 
 4400	20	2	16 4 
 4401	20	2	20 0 
 4402	20	2	20 0 
 4403	20	2	20 0 
 4404	20	2	20 0 
 4405	20	2	20 0 
 4406	20	2	20 0 
 4407	20	2	20 0 
 4408	20	2	20 0 
 4409	20	2	20 0 
 4410	20	2	15 5 
 4411	20	2	13 7 
 4412	20	2	18 2 
 4413	20	2	19 1 
 4414	20	2	20 0 
 4415	20	2	13 7 
 4416	20	2	20 0 
 4417	20	2	20 0 
 4418	20	2	20 0 
 4419	20	2	11 9 
 4420	20	2	7 13 
 4421	20	2	8 12 
 4422	20	2	20 0 
 4423	20	2	16 4 
 4424	20	2	19 1 
 4425	20	2	20 0 
 4426	20	2	19 1 
 4427	20	2	13 7 
 4428	20	2	13 7 
 4429	20	2	20 0 
 4430	20	2	19 1 
 4431	20	2	19 1 
 4432	20	2	20 0 
 4433	20	2	20 0 
 4434	20	2	19 1 
 4435	20	2	20 0 
 4436	20	2	20 0 
 4437	20	2	18 2 
 4438	20	2	19 1 
 4439	20	2	20 0 
 4440	20	2	19 1 
 4441	20	2	18 2 
 4442	20	2	20 0 
 4443	20	2	20 0 
 4444	20	2	20 0 
 4445	20	2	19 1 
 4446	20	2	20 0 
 4447	20	2	20 0 
 4448	20	2	19 1 
 4449	20	2	20 0 
 4450	20	2	19 1 
 4451	20	2	19 1 
 4452	20	2	19 1 
 4453	20	2	19 1 
 4454	20	2	19 1 
 4455	20	2	19 1 
 4456	20	2	20 0 
 4457	20	2	19 1 
 4458	20	2	20 0 
 4459	20	2	20 0 
 4460	20	2	19 1 
 4461	20	2	20 0 
 4462	20	2	18 2 
 4463	20	2	20 0 
 4464	20	2	19 1 
 4465	20	2	17 3 
 4466	20	2	19 1 
 4467	20	2	19 1 
 4468	20	2	20 0 
 4469	20	2	20 0 
 4470	20	2	19 1 
 4471	20	2	20 0 
 4472	20	2	16 4 
 4473	20	2	19 1 
 4474	20	2	19 1 
 4475	20	2	20 0 
 4476	20	2	13 7 
 4477	20	2	13 7 
 4478	20	2	13 7 
 4479	20	2	20 0 
 4480	20	2	20 0 
 4481	20	2	13 7 
 4482	20	2	20 0 
 4483	20	2	13 7 
 4484	20	2	13 7 
 4485	20	2	13 7 
 4486	20	2	13 7 
 4487	20	2	20 0 
 4488	20	2	20 0 
 4489	20	2	16 4 
 4490	20	2	17 3 
 4491	20	2	19 1 
 4492	20	2	20 0 
 4493	20	2	16 4 
 4494	20	2	17 3 
 4495	20	2	20 0 
 4496	20	2	16 4 
 4497	20	2	2 18 
 4498	20	2	20 0 
 4499	20	2	20 0 
 4500	20	2	19 1 
 4501	20	2	20 0 
 4502	20	2	20 0 
 4503	20	2	19 1 
 4504	20	2	19 1 
 4505	20	2	19 1 
 4506	20	2	19 1 
 4507	20	2	19 1 
 4508	20	2	20 0 
 4509	20	2	19 1 
 4510	20	2	20 0 
 4511	20	2	20 0 
 4512	20	2	20 0 
 4513	20	2	12 8 
 4514	20	2	16 4 
 4515	20	2	12 8 
 4516	20	2	20 0 
 4517	20	2	17 3 
 4518	20	2	19 1 
 4519	20	2	14 6 
 4520	20	2	19 1 
 4521	20	2	20 0 
 4522	20	2	1 19 
 4523	20	2	17 3 
 4524	20	2	20 0 
 4525	20	2	19 1 
 4526	20	2	20 0 
 4527	20	2	20 0 
 4528	20	2	19 1 
 4529	20	2	20 0 
 4530	20	2	0 20 
 4531	20	2	20 0 
 4532	20	2	19 1 
 4533	20	2	19 1 
 4534	20	2	18 2 
 4535	20	2	17 3 
 4536	20	2	17 3 
 4537	20	2	18 2 
 4538	20	2	18 2 
 4539	20	2	20 0 
 4540	20	2	20 0 
 4541	20	2	20 0 
 4542	20	2	20 0 
 4543	20	2	20 0 
 4544	20	2	20 0 
 4545	20	2	20 0 
 4546	20	2	3 17 
 4547	20	2	20 0 
 4548	20	2	9 11 
 4549	20	2	20 0 
 4550	20	2	9 11 
 4551	20	2	19 1 
 4552	20	2	20 0 
 4553	20	2	20 0 
 4554	20	2	19 1 
 4555	20	2	13 7 
 4556	20	2	20 0 
 4557	20	2	20 0 
 4558	20	2	19 1 
 4559	20	2	20 0 
 4560	20	2	18 2 
 4561	20	2	20 0 
 4562	20	2	20 0 
 4563	20	2	20 0 
 4564	20	2	18 2 
 4565	20	2	17 3 
 4566	20	2	20 0 
 4567	20	2	17 3 
 4568	20	2	17 3 
 4569	20	2	17 3 
 4570	20	2	19 1 
 4571	20	2	20 0 
 4572	20	2	20 0 
 4573	20	2	16 4 
 4574	20	2	20 0 
 4575	20	2	20 0 
 4576	20	2	20 0 
 4577	20	2	19 1 
 4578	20	2	20 0 
 4579	20	2	18 2 
 4580	20	2	17 3 
 4581	20	2	19 1 
 4582	20	2	17 3 
 4583	20	2	17 3 
 4584	20	2	20 0 
 4585	20	2	11 9 
 4586	20	2	20 0 
 4587	20	2	20 0 
 4588	20	2	19 1 
 4589	20	2	20 0 
 4590	20	2	15 5 
 4591	20	2	20 0 
 4592	20	2	20 0 
 4593	20	2	20 0 
 4594	20	2	18 2 
 4595	20	2	17 3 
 4596	20	2	20 0 
 4597	20	2	20 0 
 4598	20	2	20 0 
 4599	20	2	19 1 
 4600	20	2	20 0 
 4601	20	2	20 0 
 4602	20	2	20 0 
 4603	20	2	20 0 
 4604	20	2	20 0 
 4605	20	2	11 9 
 4606	20	2	19 1 
 4607	20	2	20 0 
 4608	20	2	20 0 
 4609	20	2	20 0 
 4610	20	2	20 0 
 4611	20	2	20 0 
 4612	20	2	20 0 
 4613	20	2	20 0 
 4614	20	2	20 0 
 4615	20	2	16 4 
 4616	20	2	20 0 
 4617	20	2	18 2 
 4618	20	2	18 2 
 4619	20	2	20 0 
 4620	20	2	20 0 
 4621	20	2	18 2 
 4622	20	2	15 5 
 4623	20	2	20 0 
 4624	20	2	15 5 
 4625	20	2	15 5 
 4626	20	2	14 6 
 4627	20	2	14 6 
 4628	20	2	17 3 
 4629	20	2	14 6 
 4630	20	2	2 18 
 4631	20	2	20 0 
 4632	20	2	20 0 
 4633	20	2	20 0 
 4634	20	2	18 2 
 4635	20	2	20 0 
 4636	20	2	20 0 
 4637	20	2	13 7 
 4638	20	2	19 1 
 4639	20	2	13 7 
 4640	20	2	1 19 
 4641	20	2	20 0 
 4642	20	2	14 6 
 4643	20	2	19 1 
 4644	20	2	1 19 
 4645	20	2	7 13 
 4646	20	2	20 0 
 4647	20	2	7 13 
 4648	20	2	6 14 
 4649	20	2	20 0 
 4650	20	2	20 0 
 4651	20	2	20 0 
 4652	20	2	20 0 
 4653	20	2	19 1 
 4654	20	2	19 1 
 4655	20	2	20 0 
 4656	20	2	19 1 
 4657	20	2	16 4 
 4658	20	2	20 0 
 4659	20	2	18 2 
 4660	20	2	19 1 
 4661	20	2	19 1 
 4662	20	2	20 0 
 4663	20	2	20 0 
 4664	20	2	20 0 
 4665	20	2	20 0 
 4666	20	2	19 1 
 4667	20	2	20 0 
 4668	20	2	20 0 
 4669	20	2	20 0 
 4670	20	2	20 0 
 4671	20	2	20 0 
 4672	20	2	20 0 
 4673	20	2	20 0 
 4674	20	2	20 0 
 4675	20	2	20 0 
 4676	20	2	20 0 
 4677	20	2	17 3 
 4678	20	2	15 5 
 4679	20	2	20 0 
 4680	20	2	20 0 
 4681	20	2	20 0 
 4682	20	2	20 0 
 4683	20	2	20 0 
 4684	20	2	18 2 
 4685	20	2	20 0 
 4686	20	2	19 1 
 4687	20	2	19 1 
 4688	20	2	20 0 
 4689	20	2	18 2 
 4690	20	2	19 1 
 4691	20	2	18 2 
 4692	20	2	17 3 
 4693	20	2	20 0 
 4694	20	2	20 0 
 4695	20	2	19 1 
 4696	20	2	7 13 
 4697	20	2	0 20 
 4698	20	2	20 0 
 4699	20	2	16 4 
 4700	20	2	20 0 
 4701	20	2	20 0 
 4702	20	2	20 0 
 4703	20	2	16 4 
 4704	20	2	20 0 
 4705	20	2	20 0 
 4706	20	2	20 0 
 4707	20	2	19 1 
 4708	20	2	20 0 
 4709	20	2	19 1 
 4710	20	2	4 16 
 4711	20	2	19 1 
 4712	20	2	19 1 
 4713	20	2	16 4 
 4714	20	2	20 0 
 4715	20	2	19 1 
 4716	20	2	19 1 
 4717	20	2	19 1 
 4718	20	2	19 1 
 4719	20	2	20 0 
 4720	20	2	20 0 
 4721	20	2	20 0 
 4722	20	2	20 0 
 4723	20	2	17 3 
 4724	20	2	18 2 
 4725	20	2	17 3 
 4726	20	2	19 1 
 4727	20	2	19 1 
 4728	20	2	20 0 
 4729	20	2	19 1 
 4730	20	2	20 0 
 4731	20	2	20 0 
 4732	20	2	20 0 
 4733	20	2	18 2 
 4734	20	2	20 0 
 4735	20	2	20 0 
 4736	20	2	20 0 
 4737	20	2	20 0 
 4738	20	2	18 2 
 4739	20	2	20 0 
 4740	20	2	16 4 
 4741	20	2	20 0 
 4742	20	2	16 4 
 4743	20	2	16 4 
 4744	20	2	20 0 
 4745	20	2	16 4 
 4746	20	2	20 0 
 4747	20	2	18 2 
 4748	20	2	17 3 
 4749	20	2	18 2 
 4750	20	2	10 10 
 4751	20	2	17 3 
 4752	20	2	18 2 
 4753	20	2	20 0 
 4754	20	2	20 0 
 4755	20	2	20 0 
 4756	20	2	3 17 
 4757	20	2	20 0 
 4758	20	2	19 1 
 4759	20	2	20 0 
 4760	20	2	19 1 
 4761	20	2	18 2 
 4762	20	2	20 0 
 4763	20	2	20 0 
 4764	20	2	19 1 
 4765	20	2	20 0 
 4766	20	2	20 0 
 4767	20	2	20 0 
 4768	20	2	20 0 
 4769	20	2	20 0 
 4770	20	2	20 0 
 4771	20	2	20 0 
 4772	20	2	20 0 
 4773	20	2	16 4 
 4774	20	2	20 0 
 4775	20	2	20 0 
 4776	20	2	20 0 
 4777	20	2	20 0 
 4778	20	2	20 0 
 4779	20	2	17 3 
 4780	20	2	20 0 
 4781	20	2	20 0 
 4782	20	2	14 6 
 4783	20	2	11 9 
 4784	20	2	20 0 
 4785	20	2	20 0 
 4786	20	2	19 1 
 4787	20	2	18 2 
 4788	20	2	14 6 
 4789	20	2	15 5 
 4790	20	2	16 4 
 4791	20	2	19 1 
 4792	20	2	20 0 
 4793	20	2	19 1 
 4794	20	2	18 2 
 4795	20	2	18 2 
 4796	20	2	20 0 
 4797	20	2	20 0 
 4798	20	2	20 0 
 4799	20	2	20 0 
 4800	20	2	20 0 
 4801	20	2	19 1 
 4802	20	2	19 1 
 4803	20	2	20 0 
 4804	20	2	15 5 
 4805	20	2	20 0 
 4806	20	2	20 0 
 4807	20	2	20 0 
 4808	20	2	20 0 
 4809	20	2	20 0 
 4810	20	2	20 0 
 4811	20	2	14 6 
 4812	20	2	20 0 
 4813	20	2	1 19 
 4814	20	2	20 0 
 4815	20	2	20 0 
 4816	20	2	20 0 
 4817	20	2	19 1 
 4818	20	2	20 0 
 4819	20	2	12 8 
 4820	20	2	19 1 
 4821	20	2	13 7 
 4822	20	2	16 4 
 4823	20	2	18 2 
 4824	20	2	18 2 
 4825	20	2	20 0 
 4826	20	2	20 0 
 4827	20	2	20 0 
 4828	20	2	20 0 
 4829	20	2	20 0 
 4830	20	2	20 0 
 4831	20	2	18 2 
 4832	20	2	19 1 
 4833	20	2	20 0 
 4834	20	2	20 0 
 4835	20	2	7 13 
 4836	20	2	7 13 
 4837	20	2	7 13 
 4838	20	2	13 7 
 4839	20	2	13 7 
 4840	20	2	13 7 
 4841	20	2	20 0 
 4842	20	2	8 12 
 4843	20	2	19 1 
 4844	20	2	19 1 
 4845	20	2	19 1 
 4846	20	2	20 0 
 4847	20	2	20 0 
 4848	20	2	19 1 
 4849	20	2	20 0 
 4850	20	2	20 0 
 4851	20	2	20 0 
 4852	20	2	20 0 
 4853	20	2	20 0 
 4854	20	2	20 0 
 4855	20	2	19 1 
 4856	20	2	20 0 
 4857	20	2	19 1 
 4858	20	2	18 2 
 4859	20	2	20 0 
 4860	20	2	20 0 
 4861	20	2	20 0 
 4862	20	2	15 5 
 4863	20	2	20 0 
 4864	20	2	20 0 
 4865	20	2	20 0 
 4866	20	2	20 0 
 4867	20	2	20 0 
 4868	20	2	19 1 
 4869	20	2	19 1 
 4870	20	2	19 1 
 4871	20	2	19 1 
 4872	20	2	18 2 
 4873	20	2	19 1 
 4874	20	2	20 0 
 4875	20	2	17 3 
 4876	20	2	19 1 
 4877	20	2	18 2 
 4878	20	2	20 0 
 4879	20	2	20 0 
 4880	20	2	20 0 
 4881	20	2	20 0 
 4882	20	2	17 3 
 4883	20	2	18 2 
 4884	20	2	20 0 
 4885	20	2	20 0 
 4886	20	2	20 0 
 4887	20	2	20 0 
 4888	20	2	20 0 
 4889	20	2	1 19 
 4890	20	2	15 5 
 4891	20	2	15 5 
 4892	20	2	20 0 
 4893	20	2	10 10 
 4894	20	2	19 1 
 4895	20	2	20 0 
 4896	20	2	19 1 
 4897	20	2	20 0 
 4898	20	2	20 0 
 4899	20	2	19 1 
 4900	20	2	20 0 
 4901	20	2	20 0 
 4902	20	2	20 0 
 4903	20	2	20 0 
 4904	20	2	18 2 
 4905	20	2	20 0 
 4906	20	2	20 0 
 4907	20	2	19 1 
 4908	20	2	20 0 
 4909	20	2	20 0 
 4910	20	2	19 1 
 4911	20	2	19 1 
 4912	20	2	19 1 
 4913	20	2	19 1 
 4914	20	2	18 2 
 4915	20	2	20 0 
 4916	20	2	16 4 
 4917	20	2	20 0 
 4918	20	2	18 2 
 4919	20	2	19 1 
 4920	20	2	20 0 
 4921	20	2	13 7 
 4922	20	2	19 1 
 4923	20	2	19 1 
 4924	20	2	20 0 
 4925	20	2	3 17 
 4926	20	2	20 0 
 4927	20	2	17 3 
 4928	20	2	19 1 
 4929	20	2	20 0 
 4930	20	2	20 0 
 4931	20	2	20 0 
 4932	20	2	20 0 
 4933	20	2	20 0 
 4934	20	2	20 0 
 4935	20	2	20 0 
 4936	20	2	20 0 
 4937	20	2	15 5 
 4938	20	2	15 5 
 4939	20	2	15 5 
 4940	20	2	15 5 
 4941	20	2	20 0 
 4942	20	2	8 12 
 4943	20	2	8 12 
 4944	20	2	8 12 
 4945	20	2	20 0 
 4946	20	2	16 4 
 4947	20	2	20 0 
 4948	20	2	16 4 
 4949	20	2	20 0 
 4950	20	2	20 0 
 4951	20	2	17 3 
 4952	20	2	17 3 
 4953	20	2	2 18 
 4954	20	2	20 0 
 4955	20	2	16 4 
 4956	20	2	20 0 
 4957	20	2	20 0 
 4958	20	2	20 0 
 4959	20	2	20 0 
 4960	20	2	20 0 
 4961	20	2	20 0 
 4962	20	2	6 14 
 4963	20	2	14 6 
 4964	20	2	20 0 
 4965	20	2	20 0 
 4966	20	2	20 0 
 4967	20	2	20 0 
 4968	20	2	18 2 
 4969	20	2	20 0 
 4970	20	2	20 0 
 4971	20	2	20 0 
 4972	20	2	20 0 
 4973	20	2	20 0 
 4974	20	2	20 0 
 4975	20	2	20 0 
 4976	20	2	10 10 
 4977	20	2	20 0 
 4978	20	2	20 0 
 4979	20	2	15 5 
 4980	20	2	19 1 
 4981	20	2	20 0 
 4982	20	2	20 0 
 4983	20	2	20 0 
 4984	20	2	20 0 
 4985	20	2	16 4 
 4986	20	2	20 0 
 4987	20	2	20 0 
 4988	20	2	1 19 
 4989	20	2	16 4 
 4990	20	2	20 0 
 4991	20	2	17 3 
 4992	20	2	15 5 
 4993	20	2	14 6 
 4994	20	2	15 5 
 4995	20	2	20 0 
 4996	20	2	14 6 
 4997	20	2	20 0 
 4998	20	2	18 2 
 4999	20	2	20 0 
 5000	20	2	19 1 
 5001	20	2	20 0 
 5002	20	2	20 0 
 5003	20	2	19 1 
 5004	20	2	19 1 
 5005	20	2	19 1 
 5006	20	2	19 1 
 5007	20	2	19 1 
 5008	20	2	19 1 
 5009	20	2	19 1 
 5010	20	2	19 1 
 5011	20	2	20 0 
 5012	20	2	20 0 
 5013	20	2	20 0 
 5014	20	2	20 0 
 5015	20	2	20 0 
 5016	20	2	19 1 
 5017	20	2	20 0 
 5018	20	2	20 0 
 5019	20	2	20 0 
 5020	20	2	20 0 
 5021	20	2	20 0 
 5022	20	2	19 1 
 5023	20	2	20 0 
 5024	20	2	20 0 
 5025	20	2	20 0 
 5026	20	2	20 0 
 5027	20	2	20 0 
 5028	20	2	20 0 
 5029	20	2	20 0 
 5030	20	2	20 0 
 5031	20	2	20 0 
 5032	20	2	20 0 
 5033	20	2	20 0 
 5034	20	2	20 0 
 5035	20	2	3 17 
 5036	20	2	3 17 
 5037	20	2	16 4 
 5038	20	2	3 17 
 5039	20	2	18 2 
 5040	20	2	20 0 
 5041	20	2	18 2 
 5042	20	2	20 0 
 5043	20	2	20 0 
 5044	20	2	20 0 
 5045	20	2	15 5 
 5046	20	2	19 1 
 5047	20	2	20 0 
 5048	20	2	19 1 
 5049	20	2	15 5 
 5050	20	2	15 5 
 5051	20	2	18 2 
 5052	20	2	20 0 
 5053	20	2	20 0 
 5054	20	2	19 1 
 5055	20	2	20 0 
 5056	20	2	20 0 
 5057	20	2	20 0 
 5058	20	2	20 0 
 5059	20	2	20 0 
 5060	20	2	20 0 
 5061	20	2	20 0 
 5062	20	2	20 0 
 5063	20	2	20 0 
 5064	20	2	20 0 
 5065	20	2	20 0 
 5066	20	2	19 1 
 5067	20	2	19 1 
 5068	20	2	19 1 
 5069	20	2	19 1 
 5070	20	2	20 0 
 5071	20	2	14 6 
 5072	20	2	18 2 
 5073	20	2	19 1 
 5074	20	2	19 1 
 5075	20	2	20 0 
 5076	20	2	20 0 
 5077	20	2	20 0 
 5078	20	2	20 0 
 5079	20	2	0 20 
 5080	20	2	14 6 
 5081	20	2	20 0 
 5082	20	2	19 1 
 5083	20	2	9 11 
 5084	20	2	9 11 
 5085	20	2	19 1 
 5086	20	2	19 1 
 5087	20	2	19 1 
 5088	20	2	3 17 
 5089	20	2	16 4 
 5090	20	2	17 3 
 5091	20	2	20 0 
 5092	20	2	19 1 
 5093	20	2	20 0 
 5094	20	2	20 0 
 5095	20	2	16 4 
 5096	20	2	17 3 
 5097	20	2	20 0 
 5098	20	2	20 0 
 5099	20	2	2 18 
 5100	20	2	17 3 
 5101	20	2	20 0 
 5102	20	2	4 16 
 5103	20	2	4 16 
 5104	20	2	20 0 
 5105	20	2	9 11 
 5106	20	2	19 1 
 5107	20	2	20 0 
 5108	20	2	4 16 
 5109	20	2	20 0 
 5110	20	2	19 1 
 5111	20	2	19 1 
 5112	20	2	20 0 
 5113	20	2	20 0 
 5114	20	2	20 0 
 5115	20	2	20 0 
 5116	20	2	20 0 
 5117	20	2	19 1 
 5118	20	2	16 4 
 5119	20	2	19 1 
 5120	20	2	20 0 
 5121	20	2	20 0 
 5122	20	2	20 0 
 5123	20	2	17 3 
 5124	20	2	14 6 
 5125	20	2	20 0 
 5126	20	2	17 3 
 5127	20	2	20 0 
 5128	20	2	20 0 
 5129	20	2	17 3 
 5130	20	2	16 4 
 5131	20	2	20 0 
 5132	20	2	20 0 
 5133	20	2	20 0 
 5134	20	2	20 0 
 5135	20	2	19 1 
 5136	20	2	17 3 
 5137	20	2	20 0 
 5138	20	2	20 0 
 5139	20	2	20 0 
 5140	20	2	20 0 
 5141	20	2	19 1 
 5142	20	2	20 0 
 5143	20	2	19 1 
 5144	20	2	20 0 
 5145	20	2	10 10 
 5146	20	2	11 9 
 5147	20	2	20 0 
 5148	20	2	19 1 
 5149	20	2	20 0 
 5150	20	2	1 19 
 5151	20	2	11 9 
 5152	20	2	20 0 
 5153	20	2	2 18 
 5154	20	2	20 0 
 5155	20	2	20 0 
 5156	20	2	19 1 
 5157	20	2	19 1 
 5158	20	2	20 0 
 5159	20	2	19 1 
 5160	20	2	20 0 
 5161	20	2	20 0 
 5162	20	2	20 0 
 5163	20	2	20 0 
 5164	20	2	20 0 
 5165	20	2	20 0 
 5166	20	2	20 0 
 5167	20	2	20 0 
 5168	20	2	20 0 
 5169	20	2	1 19 
 5170	20	2	20 0 
 5171	20	2	1 19 
 5172	20	2	20 0 
 5173	20	2	20 0 
 5174	20	2	20 0 
 5175	20	2	20 0 
 5176	20	2	20 0 
 5177	20	2	20 0 
 5178	20	2	20 0 
 5179	20	2	20 0 
 5180	20	2	6 14 
 5181	20	2	14 6 
 5182	20	2	0 20 
 5183	20	2	20 0 
 5184	20	2	20 0 
 5185	20	2	20 0 
 5186	20	2	10 10 
 5187	20	2	10 10 
 5188	20	2	19 1 
 5189	20	2	17 3 
 5190	20	2	20 0 
 5191	20	2	10 10 
 5192	20	2	19 1 
 5193	20	2	10 10 
 5194	20	2	5 15 
 5195	20	2	19 1 
 5196	20	2	19 1 
 5197	20	2	20 0 
 5198	20	2	20 0 
 5199	20	2	20 0 
 5200	20	2	18 2 
 5201	20	2	7 13 
 5202	20	2	3 17 
 5203	20	2	20 0 
 5204	20	2	20 0 
 5205	20	2	20 0 
 5206	20	2	20 0 
 5207	20	2	12 8 
 5208	20	2	20 0 
 5209	20	2	20 0 
 5210	20	2	10 10 
 5211	20	2	20 0 
 5212	20	2	11 9 
 5213	20	2	10 10 
 5214	20	2	19 1 
 5215	20	2	19 1 
 5216	20	2	19 1 
 5217	20	2	19 1 
 5218	20	2	19 1 
 5219	20	2	19 1 
 5220	20	2	20 0 
 5221	20	2	19 1 
 5222	20	2	18 2 
 5223	20	2	10 10 
 5224	20	2	19 1 
 5225	20	2	20 0 
 5226	20	2	19 1 
 5227	20	2	20 0 
 5228	20	2	16 4 
 5229	20	2	19 1 
 5230	20	2	20 0 
 5231	20	2	10 10 
 5232	20	2	20 0 
 5233	20	2	19 1 
 5234	20	2	20 0 
 5235	20	2	5 15 
 5236	20	2	18 2 
 5237	20	2	14 6 
 5238	20	2	20 0 
 5239	20	2	13 7 
 5240	20	2	19 1 
 5241	20	2	20 0 
 5242	20	2	20 0 
 5243	20	2	7 13 
 5244	20	2	14 6 
 5245	20	2	14 6 
 5246	20	2	12 8 
 5247	20	2	18 2 
 5248	20	2	20 0 
 5249	20	2	20 0 
 5250	20	2	20 0 
 5251	20	2	20 0 
 5252	20	2	4 16 
 5253	20	2	14 6 
 5254	20	2	18 2 
 5255	20	2	19 1 
 5256	20	2	20 0 
 5257	20	2	20 0 
 5258	20	2	20 0 
 5259	20	2	20 0 
 5260	20	2	19 1 
 5261	20	2	20 0 
 5262	20	2	20 0 
 5263	20	2	19 1 
 5264	20	2	20 0 
 5265	20	2	20 0 
 5266	20	2	20 0 
 5267	20	2	20 0 
 5268	20	2	20 0 
 5269	20	2	20 0 
 5270	20	2	20 0 
 5271	20	2	20 0 
 5272	20	2	2 18 
 5273	20	2	20 0 
 5274	20	2	11 9 
 5275	20	2	20 0 
 5276	20	2	20 0 
 5277	20	2	19 1 
 5278	20	2	20 0 
 5279	20	2	20 0 
 5280	20	2	20 0 
 5281	20	2	20 0 
 5282	20	2	20 0 
 5283	20	2	19 1 
 5284	20	2	20 0 
 5285	20	2	20 0 
 5286	20	2	19 1 
 5287	20	2	20 0 
 5288	20	2	20 0 
 5289	20	2	20 0 
 5290	20	2	20 0 
 5291	20	2	20 0 
 5292	20	2	9 11 
 5293	20	2	2 18 
 5294	20	2	20 0 
 5295	20	2	20 0 
 5296	20	2	20 0 
 5297	20	2	20 0 
 5298	20	2	20 0 
 5299	20	2	19 1 
 5300	20	2	20 0 
 5301	20	2	20 0 
 5302	20	2	20 0 
 5303	20	2	19 1 
 5304	20	2	16 4 
 5305	20	2	20 0 
 5306	20	2	20 0 
 5307	20	2	0 20 
 5308	20	2	20 0 
 5309	20	2	20 0 
 5310	20	2	20 0 
 5311	20	2	20 0 
 5312	20	2	20 0 
 5313	20	2	20 0 
 5314	20	2	19 1 
 5315	20	2	19 1 
 5316	20	2	13 7 
 5317	20	2	20 0 
 5318	20	2	20 0 
 5319	20	2	20 0 
 5320	20	2	20 0 
 5321	20	2	20 0 
 5322	20	2	20 0 
 5323	20	2	15 5 
 5324	20	2	20 0 
 5325	20	2	20 0 
 5326	20	2	14 6 
 5327	20	2	20 0 
 5328	20	2	20 0 
 5329	20	2	19 1 
 5330	20	2	20 0 
 5331	20	2	20 0 
 5332	20	2	20 0 
 5333	20	2	13 7 
 5334	20	2	20 0 
 5335	20	2	20 0 
 5336	20	2	0 20 
 5337	20	2	0 20 
 5338	20	2	20 0 
 5339	20	2	20 0 
 5340	20	2	20 0 
 5341	20	2	20 0 
 5342	20	2	20 0 
 5343	20	2	18 2 
 5344	20	2	9 11 
 5345	20	2	20 0 
 5346	20	2	19 1 
 5347	20	2	6 14 
 5348	20	2	17 3 
 5349	20	2	6 14 
 5350	20	2	20 0 
 5351	20	2	9 11 
 5352	20	2	20 0 
 5353	20	2	20 0 
 5354	20	2	20 0 
 5355	20	2	20 0 
 5356	20	2	20 0 
 5357	20	2	20 0 
 5358	20	2	20 0 
 5359	20	2	19 1 
 5360	20	2	20 0 
 5361	20	2	20 0 
 5362	20	2	20 0 
 5363	20	2	19 1 
 5364	20	2	19 1 
 5365	20	2	19 1 
 5366	20	2	20 0 
 5367	20	2	20 0 
 5368	20	2	20 0 
 5369	20	2	20 0 
 5370	20	2	19 1 
 5371	20	2	18 2 
 5372	20	2	17 3 
 5373	20	2	20 0 
 5374	20	2	20 0 
 5375	20	2	20 0 
 5376	20	2	20 0 
 5377	20	2	20 0 
 5378	20	2	20 0 
 5379	20	2	20 0 
 5380	20	2	20 0 
 5381	20	2	19 1 
 5382	20	2	17 3 
 5383	20	2	17 3 
 5384	20	2	17 3 
 5385	20	2	20 0 
 5386	20	2	20 0 
 5387	20	2	20 0 
 5388	20	2	20 0 
 5389	20	2	9 11 
 5390	20	2	20 0 
 5391	20	2	7 13 
 5392	20	2	20 0 
 5393	20	2	20 0 
 5394	20	2	18 2 
 5395	20	2	20 0 
 5396	20	2	20 0 
 5397	20	2	20 0 
 5398	20	2	20 0 
 5399	20	2	20 0 
 5400	20	2	20 0 
 5401	20	2	20 0 
 5402	20	2	20 0 
 5403	20	2	20 0 
 5404	20	2	20 0 
 5405	20	2	20 0 
 5406	20	2	20 0 
 5407	20	2	20 0 
 5408	20	2	20 0 
 5409	20	2	20 0 
 5410	20	2	20 0 
 5411	20	2	15 5 
 5412	20	2	20 0 
 5413	20	2	20 0 
 5414	20	2	20 0 
 5415	20	2	20 0 
 5416	20	2	15 5 
 5417	20	2	20 0 
 5418	20	2	20 0 
 5419	20	2	18 2 
 5420	20	2	20 0 
 5421	20	2	20 0 
 5422	20	2	15 5 
 5423	20	2	15 5 
 5424	20	2	20 0 
 5425	20	2	20 0 
 5426	20	2	20 0 

[pop]=5
 1	20	2	18 2 
 2	20	2	20 0 
 3	20	2	18 2 
 4	20	2	18 2 
 5	20	2	19 1 
 6	20	2	20 0 
 7	20	2	17 3 
 8	20	2	17 3 
 9	20	2	17 3 
 10	20	2	17 3 
 11	20	2	13 7 
 12	20	2	13 7 
 13	20	2	13 7 
 14	20	2	20 0 
 15	20	2	20 0 
 16	20	2	17 3 
 17	20	2	20 0 
 18	20	2	20 0 
 19	20	2	20 0 
 20	20	2	20 0 
 21	20	2	20 0 
 22	20	2	20 0 
 23	20	2	9 11 
 24	20	2	20 0 
 25	20	2	20 0 
 26	20	2	19 1 
 27	20	2	20 0 
 28	20	2	14 6 
 29	20	2	20 0 
 30	20	2	17 3 
 31	20	2	17 3 
 32	20	2	18 2 
 33	20	2	20 0 
 34	20	2	20 0 
 35	20	2	14 6 
 36	20	2	20 0 
 37	20	2	20 0 
 38	20	2	20 0 
 39	20	2	20 0 
 40	20	2	20 0 
 41	20	2	14 6 
 42	20	2	20 0 
 43	20	2	9 11 
 44	20	2	20 0 
 45	20	2	20 0 
 46	20	2	16 4 
 47	20	2	20 0 
 48	20	2	18 2 
 49	20	2	20 0 
 50	20	2	19 1 
 51	20	2	20 0 
 52	20	2	18 2 
 53	20	2	20 0 
 54	20	2	14 6 
 55	20	2	20 0 
 56	20	2	20 0 
 57	20	2	17 3 
 58	20	2	20 0 
 59	20	2	5 15 
 60	20	2	20 0 
 61	20	2	8 12 
 62	20	2	13 7 
 63	20	2	17 3 
 64	20	2	20 0 
 65	20	2	20 0 
 66	20	2	20 0 
 67	20	2	20 0 
 68	20	2	20 0 
 69	20	2	20 0 
 70	20	2	18 2 
 71	20	2	19 1 
 72	20	2	19 1 
 73	20	2	20 0 
 74	20	2	19 1 
 75	20	2	20 0 
 76	20	2	18 2 
 77	20	2	20 0 
 78	20	2	19 1 
 79	20	2	20 0 
 80	20	2	20 0 
 81	20	2	20 0 
 82	20	2	19 1 
 83	20	2	20 0 
 84	20	2	20 0 
 85	20	2	16 4 
 86	20	2	14 6 
 87	20	2	14 6 
 88	20	2	20 0 
 89	20	2	20 0 
 90	20	2	20 0 
 91	20	2	17 3 
 92	20	2	20 0 
 93	20	2	20 0 
 94	20	2	20 0 
 95	20	2	17 3 
 96	20	2	19 1 
 97	20	2	20 0 
 98	20	2	20 0 
 99	20	2	14 6 
 100	20	2	11 9 
 101	20	2	18 2 
 102	20	2	4 16 
 103	20	2	20 0 
 104	20	2	13 7 
 105	20	2	18 2 
 106	20	2	18 2 
 107	20	2	18 2 
 108	20	2	20 0 
 109	20	2	18 2 
 110	20	2	20 0 
 111	20	2	20 0 
 112	20	2	19 1 
 113	20	2	15 5 
 114	20	2	20 0 
 115	20	2	12 8 
 116	20	2	2 18 
 117	20	2	0 20 
 118	20	2	12 8 
 119	20	2	20 0 
 120	20	2	20 0 
 121	20	2	19 1 
 122	20	2	16 4 
 123	20	2	16 4 
 124	20	2	16 4 
 125	20	2	16 4 
 126	20	2	20 0 
 127	20	2	14 6 
 128	20	2	20 0 
 129	20	2	19 1 
 130	20	2	15 5 
 131	20	2	15 5 
 132	20	2	20 0 
 133	20	2	20 0 
 134	20	2	20 0 
 135	20	2	20 0 
 136	20	2	17 3 
 137	20	2	20 0 
 138	20	2	20 0 
 139	20	2	20 0 
 140	20	2	20 0 
 141	20	2	20 0 
 142	20	2	14 6 
 143	20	2	14 6 
 144	20	2	20 0 
 145	20	2	20 0 
 146	20	2	19 1 
 147	20	2	20 0 
 148	20	2	20 0 
 149	20	2	20 0 
 150	20	2	20 0 
 151	20	2	20 0 
 152	20	2	6 14 
 153	20	2	20 0 
 154	20	2	20 0 
 155	20	2	20 0 
 156	20	2	17 3 
 157	20	2	8 12 
 158	20	2	20 0 
 159	20	2	19 1 
 160	20	2	18 2 
 161	20	2	20 0 
 162	20	2	20 0 
 163	20	2	20 0 
 164	20	2	20 0 
 165	20	2	20 0 
 166	20	2	20 0 
 167	20	2	18 2 
 168	20	2	20 0 
 169	20	2	16 4 
 170	20	2	14 6 
 171	20	2	19 1 
 172	20	2	20 0 
 173	20	2	17 3 
 174	20	2	20 0 
 175	20	2	17 3 
 176	20	2	17 3 
 177	20	2	20 0 
 178	20	2	17 3 
 179	20	2	17 3 
 180	20	2	17 3 
 181	20	2	20 0 
 182	20	2	20 0 
 183	20	2	20 0 
 184	20	2	20 0 
 185	20	2	19 1 
 186	20	2	19 1 
 187	20	2	20 0 
 188	20	2	20 0 
 189	20	2	20 0 
 190	20	2	20 0 
 191	20	2	20 0 
 192	20	2	20 0 
 193	20	2	20 0 
 194	20	2	17 3 
 195	20	2	20 0 
 196	20	2	0 20 
 197	20	2	20 0 
 198	20	2	20 0 
 199	20	2	20 0 
 200	20	2	19 1 
 201	20	2	20 0 
 202	20	2	18 2 
 203	20	2	19 1 
 204	20	2	15 5 
 205	20	2	15 5 
 206	20	2	20 0 
 207	20	2	20 0 
 208	20	2	16 4 
 209	20	2	20 0 
 210	20	2	20 0 
 211	20	2	20 0 
 212	20	2	20 0 
 213	20	2	20 0 
 214	20	2	19 1 
 215	20	2	19 1 
 216	20	2	12 8 
 217	20	2	8 12 
 218	20	2	12 8 
 219	20	2	8 12 
 220	20	2	18 2 
 221	20	2	18 2 
 222	20	2	19 1 
 223	20	2	19 1 
 224	20	2	19 1 
 225	20	2	20 0 
 226	20	2	18 2 
 227	20	2	20 0 
 228	20	2	20 0 
 229	20	2	20 0 
 230	20	2	16 4 
 231	20	2	16 4 
 232	20	2	20 0 
 233	20	2	20 0 
 234	20	2	20 0 
 235	20	2	20 0 
 236	20	2	18 2 
 237	20	2	18 2 
 238	20	2	18 2 
 239	20	2	18 2 
 240	20	2	19 1 
 241	20	2	20 0 
 242	20	2	19 1 
 243	20	2	19 1 
 244	20	2	8 12 
 245	20	2	19 1 
 246	20	2	20 0 
 247	20	2	19 1 
 248	20	2	20 0 
 249	20	2	20 0 
 250	20	2	17 3 
 251	20	2	20 0 
 252	20	2	20 0 
 253	20	2	19 1 
 254	20	2	6 14 
 255	20	2	20 0 
 256	20	2	20 0 
 257	20	2	12 8 
 258	20	2	6 14 
 259	20	2	20 0 
 260	20	2	20 0 
 261	20	2	11 9 
 262	20	2	20 0 
 263	20	2	20 0 
 264	20	2	20 0 
 265	20	2	20 0 
 266	20	2	19 1 
 267	20	2	18 2 
 268	20	2	20 0 
 269	20	2	20 0 
 270	20	2	20 0 
 271	20	2	19 1 
 272	20	2	20 0 
 273	20	2	20 0 
 274	20	2	20 0 
 275	20	2	20 0 
 276	20	2	20 0 
 277	20	2	20 0 
 278	20	2	20 0 
 279	20	2	20 0 
 280	20	2	19 1 
 281	20	2	19 1 
 282	20	2	19 1 
 283	20	2	15 5 
 284	20	2	18 2 
 285	20	2	20 0 
 286	20	2	20 0 
 287	20	2	9 11 
 288	20	2	19 1 
 289	20	2	16 4 
 290	20	2	20 0 
 291	20	2	20 0 
 292	20	2	20 0 
 293	20	2	20 0 
 294	20	2	20 0 
 295	20	2	20 0 
 296	20	2	20 0 
 297	20	2	20 0 
 298	20	2	20 0 
 299	20	2	20 0 
 300	20	2	20 0 
 301	20	2	18 2 
 302	20	2	0 20 
 303	20	2	19 1 
 304	20	2	18 2 
 305	20	2	20 0 
 306	20	2	20 0 
 307	20	2	20 0 
 308	20	2	20 0 
 309	20	2	20 0 
 310	20	2	19 1 
 311	20	2	11 9 
 312	20	2	20 0 
 313	20	2	20 0 
 314	20	2	20 0 
 315	20	2	5 15 
 316	20	2	20 0 
 317	20	2	20 0 
 318	20	2	20 0 
 319	20	2	8 12 
 320	20	2	2 18 
 321	20	2	20 0 
 322	20	2	20 0 
 323	20	2	19 1 
 324	20	2	20 0 
 325	20	2	19 1 
 326	20	2	17 3 
 327	20	2	20 0 
 328	20	2	18 2 
 329	20	2	20 0 
 330	20	2	20 0 
 331	20	2	20 0 
 332	20	2	19 1 
 333	20	2	20 0 
 334	20	2	17 3 
 335	20	2	15 5 
 336	20	2	18 2 
 337	20	2	19 1 
 338	20	2	20 0 
 339	20	2	20 0 
 340	20	2	19 1 
 341	20	2	19 1 
 342	20	2	20 0 
 343	20	2	17 3 
 344	20	2	20 0 
 345	20	2	16 4 
 346	20	2	17 3 
 347	20	2	17 3 
 348	20	2	18 2 
 349	20	2	17 3 
 350	20	2	17 3 
 351	20	2	20 0 
 352	20	2	11 9 
 353	20	2	19 1 
 354	20	2	13 7 
 355	20	2	20 0 
 356	20	2	20 0 
 357	20	2	20 0 
 358	20	2	19 1 
 359	20	2	20 0 
 360	20	2	20 0 
 361	20	2	20 0 
 362	20	2	20 0 
 363	20	2	4 16 
 364	20	2	19 1 
 365	20	2	16 4 
 366	20	2	16 4 
 367	20	2	16 4 
 368	20	2	20 0 
 369	20	2	0 20 
 370	20	2	11 9 
 371	20	2	20 0 
 372	20	2	4 16 
 373	20	2	20 0 
 374	20	2	20 0 
 375	20	2	0 20 
 376	20	2	20 0 
 377	20	2	20 0 
 378	20	2	20 0 
 379	20	2	20 0 
 380	20	2	20 0 
 381	20	2	20 0 
 382	20	2	20 0 
 383	20	2	20 0 
 384	20	2	20 0 
 385	20	2	20 0 
 386	20	2	20 0 
 387	20	2	20 0 
 388	20	2	20 0 
 389	20	2	20 0 
 390	20	2	20 0 
 391	20	2	20 0 
 392	20	2	20 0 
 393	20	2	0 20 
 394	20	2	17 3 
 395	20	2	18 2 
 396	20	2	18 2 
 397	20	2	20 0 
 398	20	2	18 2 
 399	20	2	18 2 
 400	20	2	18 2 
 401	20	2	18 2 
 402	20	2	18 2 
 403	20	2	20 0 
 404	20	2	18 2 
 405	20	2	20 0 
 406	20	2	20 0 
 407	20	2	20 0 
 408	20	2	20 0 
 409	20	2	20 0 
 410	20	2	20 0 
 411	20	2	20 0 
 412	20	2	20 0 
 413	20	2	20 0 
 414	20	2	17 3 
 415	20	2	17 3 
 416	20	2	17 3 
 417	20	2	20 0 
 418	20	2	19 1 
 419	20	2	20 0 
 420	20	2	19 1 
 421	20	2	19 1 
 422	20	2	20 0 
 423	20	2	20 0 
 424	20	2	19 1 
 425	20	2	19 1 
 426	20	2	19 1 
 427	20	2	19 1 
 428	20	2	20 0 
 429	20	2	19 1 
 430	20	2	20 0 
 431	20	2	20 0 
 432	20	2	15 5 
 433	20	2	20 0 
 434	20	2	19 1 
 435	20	2	20 0 
 436	20	2	20 0 
 437	20	2	6 14 
 438	20	2	18 2 
 439	20	2	18 2 
 440	20	2	8 12 
 441	20	2	20 0 
 442	20	2	19 1 
 443	20	2	19 1 
 444	20	2	20 0 
 445	20	2	19 1 
 446	20	2	20 0 
 447	20	2	19 1 
 448	20	2	20 0 
 449	20	2	20 0 
 450	20	2	11 9 
 451	20	2	20 0 
 452	20	2	16 4 
 453	20	2	20 0 
 454	20	2	20 0 
 455	20	2	20 0 
 456	20	2	20 0 
 457	20	2	20 0 
 458	20	2	20 0 
 459	20	2	20 0 
 460	20	2	20 0 
 461	20	2	20 0 
 462	20	2	20 0 
 463	20	2	17 3 
 464	20	2	20 0 
 465	20	2	20 0 
 466	20	2	20 0 
 467	20	2	20 0 
 468	20	2	20 0 
 469	20	2	20 0 
 470	20	2	16 4 
 471	20	2	17 3 
 472	20	2	19 1 
 473	20	2	19 1 
 474	20	2	3 17 
 475	20	2	20 0 
 476	20	2	4 16 
 477	20	2	20 0 
 478	20	2	20 0 
 479	20	2	18 2 
 480	20	2	20 0 
 481	20	2	11 9 
 482	20	2	20 0 
 483	20	2	20 0 
 484	20	2	20 0 
 485	20	2	20 0 
 486	20	2	1 19 
 487	20	2	19 1 
 488	20	2	19 1 
 489	20	2	20 0 
 490	20	2	19 1 
 491	20	2	20 0 
 492	20	2	20 0 
 493	20	2	14 6 
 494	20	2	20 0 
 495	20	2	20 0 
 496	20	2	20 0 
 497	20	2	19 1 
 498	20	2	20 0 
 499	20	2	11 9 
 500	20	2	11 9 
 501	20	2	20 0 
 502	20	2	15 5 
 503	20	2	19 1 
 504	20	2	18 2 
 505	20	2	18 2 
 506	20	2	20 0 
 507	20	2	20 0 
 508	20	2	19 1 
 509	20	2	20 0 
 510	20	2	20 0 
 511	20	2	17 3 
 512	20	2	20 0 
 513	20	2	18 2 
 514	20	2	20 0 
 515	20	2	19 1 
 516	20	2	20 0 
 517	20	2	20 0 
 518	20	2	19 1 
 519	20	2	20 0 
 520	20	2	16 4 
 521	20	2	12 8 
 522	20	2	8 12 
 523	20	2	20 0 
 524	20	2	20 0 
 525	20	2	20 0 
 526	20	2	20 0 
 527	20	2	19 1 
 528	20	2	20 0 
 529	20	2	20 0 
 530	20	2	19 1 
 531	20	2	19 1 
 532	20	2	20 0 
 533	20	2	11 9 
 534	20	2	20 0 
 535	20	2	20 0 
 536	20	2	19 1 
 537	20	2	20 0 
 538	20	2	20 0 
 539	20	2	14 6 
 540	20	2	0 20 
 541	20	2	18 2 
 542	20	2	18 2 
 543	20	2	20 0 
 544	20	2	20 0 
 545	20	2	19 1 
 546	20	2	20 0 
 547	20	2	12 8 
 548	20	2	18 2 
 549	20	2	20 0 
 550	20	2	20 0 
 551	20	2	20 0 
 552	20	2	20 0 
 553	20	2	20 0 
 554	20	2	20 0 
 555	20	2	20 0 
 556	20	2	20 0 
 557	20	2	0 20 
 558	20	2	20 0 
 559	20	2	20 0 
 560	20	2	20 0 
 561	20	2	20 0 
 562	20	2	20 0 
 563	20	2	20 0 
 564	20	2	20 0 
 565	20	2	20 0 
 566	20	2	20 0 
 567	20	2	20 0 
 568	20	2	20 0 
 569	20	2	20 0 
 570	20	2	12 8 
 571	20	2	20 0 
 572	20	2	20 0 
 573	20	2	20 0 
 574	20	2	19 1 
 575	20	2	20 0 
 576	20	2	19 1 
 577	20	2	8 12 
 578	20	2	17 3 
 579	20	2	17 3 
 580	20	2	17 3 
 581	20	2	19 1 
 582	20	2	20 0 
 583	20	2	19 1 
 584	20	2	12 8 
 585	20	2	18 2 
 586	20	2	20 0 
 587	20	2	12 8 
 588	20	2	20 0 
 589	20	2	17 3 
 590	20	2	17 3 
 591	20	2	17 3 
 592	20	2	20 0 
 593	20	2	17 3 
 594	20	2	17 3 
 595	20	2	20 0 
 596	20	2	11 9 
 597	20	2	18 2 
 598	20	2	18 2 
 599	20	2	18 2 
 600	20	2	19 1 
 601	20	2	20 0 
 602	20	2	19 1 
 603	20	2	20 0 
 604	20	2	20 0 
 605	20	2	15 5 
 606	20	2	14 6 
 607	20	2	19 1 
 608	20	2	20 0 
 609	20	2	1 19 
 610	20	2	19 1 
 611	20	2	14 6 
 612	20	2	19 1 
 613	20	2	14 6 
 614	20	2	20 0 
 615	20	2	19 1 
 616	20	2	20 0 
 617	20	2	1 19 
 618	20	2	20 0 
 619	20	2	20 0 
 620	20	2	2 18 
 621	20	2	20 0 
 622	20	2	20 0 
 623	20	2	6 14 
 624	20	2	17 3 
 625	20	2	20 0 
 626	20	2	14 6 
 627	20	2	20 0 
 628	20	2	20 0 
 629	20	2	20 0 
 630	20	2	16 4 
 631	20	2	20 0 
 632	20	2	6 14 
 633	20	2	17 3 
 634	20	2	19 1 
 635	20	2	19 1 
 636	20	2	19 1 
 637	20	2	19 1 
 638	20	2	12 8 
 639	20	2	12 8 
 640	20	2	19 1 
 641	20	2	20 0 
 642	20	2	20 0 
 643	20	2	20 0 
 644	20	2	19 1 
 645	20	2	20 0 
 646	20	2	18 2 
 647	20	2	20 0 
 648	20	2	19 1 
 649	20	2	0 20 
 650	20	2	11 9 
 651	20	2	19 1 
 652	20	2	20 0 
 653	20	2	20 0 
 654	20	2	18 2 
 655	20	2	20 0 
 656	20	2	20 0 
 657	20	2	20 0 
 658	20	2	20 0 
 659	20	2	9 11 
 660	20	2	20 0 
 661	20	2	20 0 
 662	20	2	20 0 
 663	20	2	9 11 
 664	20	2	12 8 
 665	20	2	18 2 
 666	20	2	19 1 
 667	20	2	20 0 
 668	20	2	8 12 
 669	20	2	19 1 
 670	20	2	19 1 
 671	20	2	20 0 
 672	20	2	20 0 
 673	20	2	20 0 
 674	20	2	18 2 
 675	20	2	20 0 
 676	20	2	20 0 
 677	20	2	20 0 
 678	20	2	20 0 
 679	20	2	20 0 
 680	20	2	18 2 
 681	20	2	18 2 
 682	20	2	20 0 
 683	20	2	19 1 
 684	20	2	20 0 
 685	20	2	15 5 
 686	20	2	19 1 
 687	20	2	19 1 
 688	20	2	20 0 
 689	20	2	19 1 
 690	20	2	19 1 
 691	20	2	20 0 
 692	20	2	16 4 
 693	20	2	20 0 
 694	20	2	17 3 
 695	20	2	20 0 
 696	20	2	18 2 
 697	20	2	12 8 
 698	20	2	19 1 
 699	20	2	19 1 
 700	20	2	1 19 
 701	20	2	3 17 
 702	20	2	19 1 
 703	20	2	20 0 
 704	20	2	15 5 
 705	20	2	20 0 
 706	20	2	20 0 
 707	20	2	20 0 
 708	20	2	19 1 
 709	20	2	20 0 
 710	20	2	19 1 
 711	20	2	19 1 
 712	20	2	14 6 
 713	20	2	20 0 
 714	20	2	20 0 
 715	20	2	20 0 
 716	20	2	20 0 
 717	20	2	20 0 
 718	20	2	20 0 
 719	20	2	20 0 
 720	20	2	20 0 
 721	20	2	20 0 
 722	20	2	20 0 
 723	20	2	20 0 
 724	20	2	9 11 
 725	20	2	9 11 
 726	20	2	20 0 
 727	20	2	20 0 
 728	20	2	20 0 
 729	20	2	20 0 
 730	20	2	20 0 
 731	20	2	15 5 
 732	20	2	15 5 
 733	20	2	16 4 
 734	20	2	17 3 
 735	20	2	20 0 
 736	20	2	16 4 
 737	20	2	20 0 
 738	20	2	20 0 
 739	20	2	20 0 
 740	20	2	20 0 
 741	20	2	20 0 
 742	20	2	8 12 
 743	20	2	19 1 
 744	20	2	8 12 
 745	20	2	20 0 
 746	20	2	20 0 
 747	20	2	20 0 
 748	20	2	19 1 
 749	20	2	20 0 
 750	20	2	20 0 
 751	20	2	20 0 
 752	20	2	20 0 
 753	20	2	20 0 
 754	20	2	20 0 
 755	20	2	20 0 
 756	20	2	18 2 
 757	20	2	8 12 
 758	20	2	20 0 
 759	20	2	20 0 
 760	20	2	20 0 
 761	20	2	20 0 
 762	20	2	6 14 
 763	20	2	15 5 
 764	20	2	20 0 
 765	20	2	20 0 
 766	20	2	20 0 
 767	20	2	20 0 
 768	20	2	20 0 
 769	20	2	17 3 
 770	20	2	17 3 
 771	20	2	20 0 
 772	20	2	17 3 
 773	20	2	17 3 
 774	20	2	16 4 
 775	20	2	20 0 
 776	20	2	20 0 
 777	20	2	20 0 
 778	20	2	16 4 
 779	20	2	20 0 
 780	20	2	0 20 
 781	20	2	20 0 
 782	20	2	20 0 
 783	20	2	19 1 
 784	20	2	20 0 
 785	20	2	20 0 
 786	20	2	20 0 
 787	20	2	20 0 
 788	20	2	20 0 
 789	20	2	20 0 
 790	20	2	19 1 
 791	20	2	20 0 
 792	20	2	20 0 
 793	20	2	17 3 
 794	20	2	20 0 
 795	20	2	20 0 
 796	20	2	20 0 
 797	20	2	19 1 
 798	20	2	19 1 
 799	20	2	19 1 
 800	20	2	20 0 
 801	20	2	20 0 
 802	20	2	20 0 
 803	20	2	19 1 
 804	20	2	19 1 
 805	20	2	20 0 
 806	20	2	20 0 
 807	20	2	20 0 
 808	20	2	20 0 
 809	20	2	20 0 
 810	20	2	20 0 
 811	20	2	20 0 
 812	20	2	19 1 
 813	20	2	20 0 
 814	20	2	20 0 
 815	20	2	0 20 
 816	20	2	0 20 
 817	20	2	19 1 
 818	20	2	20 0 
 819	20	2	18 2 
 820	20	2	0 20 
 821	20	2	20 0 
 822	20	2	20 0 
 823	20	2	19 1 
 824	20	2	16 4 
 825	20	2	6 14 
 826	20	2	20 0 
 827	20	2	19 1 
 828	20	2	20 0 
 829	20	2	4 16 
 830	20	2	20 0 
 831	20	2	20 0 
 832	20	2	20 0 
 833	20	2	20 0 
 834	20	2	20 0 
 835	20	2	20 0 
 836	20	2	20 0 
 837	20	2	20 0 
 838	20	2	20 0 
 839	20	2	7 13 
 840	20	2	20 0 
 841	20	2	17 3 
 842	20	2	20 0 
 843	20	2	20 0 
 844	20	2	20 0 
 845	20	2	20 0 
 846	20	2	20 0 
 847	20	2	20 0 
 848	20	2	20 0 
 849	20	2	20 0 
 850	20	2	20 0 
 851	20	2	20 0 
 852	20	2	20 0 
 853	20	2	16 4 
 854	20	2	20 0 
 855	20	2	20 0 
 856	20	2	20 0 
 857	20	2	12 8 
 858	20	2	20 0 
 859	20	2	20 0 
 860	20	2	20 0 
 861	20	2	20 0 
 862	20	2	20 0 
 863	20	2	20 0 
 864	20	2	19 1 
 865	20	2	20 0 
 866	20	2	17 3 
 867	20	2	5 15 
 868	20	2	20 0 
 869	20	2	17 3 
 870	20	2	19 1 
 871	20	2	20 0 
 872	20	2	20 0 
 873	20	2	20 0 
 874	20	2	20 0 
 875	20	2	20 0 
 876	20	2	20 0 
 877	20	2	20 0 
 878	20	2	17 3 
 879	20	2	20 0 
 880	20	2	20 0 
 881	20	2	20 0 
 882	20	2	20 0 
 883	20	2	20 0 
 884	20	2	20 0 
 885	20	2	20 0 
 886	20	2	20 0 
 887	20	2	20 0 
 888	20	2	20 0 
 889	20	2	20 0 
 890	20	2	16 4 
 891	20	2	0 20 
 892	20	2	20 0 
 893	20	2	19 1 
 894	20	2	18 2 
 895	20	2	20 0 
 896	20	2	20 0 
 897	20	2	19 1 
 898	20	2	18 2 
 899	20	2	18 2 
 900	20	2	18 2 
 901	20	2	18 2 
 902	20	2	20 0 
 903	20	2	20 0 
 904	20	2	19 1 
 905	20	2	19 1 
 906	20	2	19 1 
 907	20	2	19 1 
 908	20	2	20 0 
 909	20	2	2 18 
 910	20	2	16 4 
 911	20	2	17 3 
 912	20	2	20 0 
 913	20	2	20 0 
 914	20	2	20 0 
 915	20	2	4 16 
 916	20	2	20 0 
 917	20	2	15 5 
 918	20	2	18 2 
 919	20	2	20 0 
 920	20	2	20 0 
 921	20	2	20 0 
 922	20	2	20 0 
 923	20	2	20 0 
 924	20	2	20 0 
 925	20	2	17 3 
 926	20	2	20 0 
 927	20	2	20 0 
 928	20	2	12 8 
 929	20	2	20 0 
 930	20	2	20 0 
 931	20	2	20 0 
 932	20	2	20 0 
 933	20	2	20 0 
 934	20	2	18 2 
 935	20	2	20 0 
 936	20	2	20 0 
 937	20	2	18 2 
 938	20	2	20 0 
 939	20	2	11 9 
 940	20	2	20 0 
 941	20	2	20 0 
 942	20	2	20 0 
 943	20	2	19 1 
 944	20	2	18 2 
 945	20	2	20 0 
 946	20	2	20 0 
 947	20	2	20 0 
 948	20	2	20 0 
 949	20	2	20 0 
 950	20	2	20 0 
 951	20	2	20 0 
 952	20	2	20 0 
 953	20	2	20 0 
 954	20	2	17 3 
 955	20	2	13 7 
 956	20	2	8 12 
 957	20	2	7 13 
 958	20	2	19 1 
 959	20	2	20 0 
 960	20	2	19 1 
 961	20	2	20 0 
 962	20	2	20 0 
 963	20	2	19 1 
 964	20	2	20 0 
 965	20	2	17 3 
 966	20	2	19 1 
 967	20	2	11 9 
 968	20	2	11 9 
 969	20	2	20 0 
 970	20	2	20 0 
 971	20	2	16 4 
 972	20	2	20 0 
 973	20	2	19 1 
 974	20	2	20 0 
 975	20	2	20 0 
 976	20	2	20 0 
 977	20	2	18 2 
 978	20	2	19 1 
 979	20	2	18 2 
 980	20	2	19 1 
 981	20	2	19 1 
 982	20	2	19 1 
 983	20	2	19 1 
 984	20	2	20 0 
 985	20	2	19 1 
 986	20	2	20 0 
 987	20	2	4 16 
 988	20	2	19 1 
 989	20	2	20 0 
 990	20	2	18 2 
 991	20	2	18 2 
 992	20	2	20 0 
 993	20	2	20 0 
 994	20	2	17 3 
 995	20	2	20 0 
 996	20	2	20 0 
 997	20	2	20 0 
 998	20	2	20 0 
 999	20	2	20 0 
 1000	20	2	20 0 
 1001	20	2	12 8 
 1002	20	2	20 0 
 1003	20	2	20 0 
 1004	20	2	20 0 
 1005	20	2	19 1 
 1006	20	2	20 0 
 1007	20	2	20 0 
 1008	20	2	8 12 
 1009	20	2	20 0 
 1010	20	2	19 1 
 1011	20	2	16 4 
 1012	20	2	19 1 
 1013	20	2	16 4 
 1014	20	2	16 4 
 1015	20	2	11 9 
 1016	20	2	18 2 
 1017	20	2	20 0 
 1018	20	2	7 13 
 1019	20	2	7 13 
 1020	20	2	17 3 
 1021	20	2	20 0 
 1022	20	2	20 0 
 1023	20	2	14 6 
 1024	20	2	6 14 
 1025	20	2	20 0 
 1026	20	2	20 0 
 1027	20	2	20 0 
 1028	20	2	20 0 
 1029	20	2	20 0 
 1030	20	2	17 3 
 1031	20	2	17 3 
 1032	20	2	3 17 
 1033	20	2	14 6 
 1034	20	2	15 5 
 1035	20	2	20 0 
 1036	20	2	20 0 
 1037	20	2	20 0 
 1038	20	2	7 13 
 1039	20	2	19 1 
 1040	20	2	7 13 
 1041	20	2	12 8 
 1042	20	2	17 3 
 1043	20	2	12 8 
 1044	20	2	12 8 
 1045	20	2	20 0 
 1046	20	2	18 2 
 1047	20	2	20 0 
 1048	20	2	13 7 
 1049	20	2	10 10 
 1050	20	2	20 0 
 1051	20	2	20 0 
 1052	20	2	20 0 
 1053	20	2	19 1 
 1054	20	2	19 1 
 1055	20	2	19 1 
 1056	20	2	19 1 
 1057	20	2	19 1 
 1058	20	2	19 1 
 1059	20	2	19 1 
 1060	20	2	19 1 
 1061	20	2	19 1 
 1062	20	2	19 1 
 1063	20	2	11 9 
 1064	20	2	20 0 
 1065	20	2	20 0 
 1066	20	2	20 0 
 1067	20	2	19 1 
 1068	20	2	20 0 
 1069	20	2	17 3 
 1070	20	2	17 3 
 1071	20	2	20 0 
 1072	20	2	20 0 
 1073	20	2	20 0 
 1074	20	2	20 0 
 1075	20	2	20 0 
 1076	20	2	20 0 
 1077	20	2	20 0 
 1078	20	2	20 0 
 1079	20	2	18 2 
 1080	20	2	18 2 
 1081	20	2	20 0 
 1082	20	2	13 7 
 1083	20	2	13 7 
 1084	20	2	20 0 
 1085	20	2	20 0 
 1086	20	2	20 0 
 1087	20	2	16 4 
 1088	20	2	19 1 
 1089	20	2	20 0 
 1090	20	2	20 0 
 1091	20	2	17 3 
 1092	20	2	17 3 
 1093	20	2	20 0 
 1094	20	2	19 1 
 1095	20	2	20 0 
 1096	20	2	20 0 
 1097	20	2	20 0 
 1098	20	2	20 0 
 1099	20	2	20 0 
 1100	20	2	20 0 
 1101	20	2	20 0 
 1102	20	2	20 0 
 1103	20	2	18 2 
 1104	20	2	20 0 
 1105	20	2	20 0 
 1106	20	2	20 0 
 1107	20	2	14 6 
 1108	20	2	6 14 
 1109	20	2	18 2 
 1110	20	2	18 2 
 1111	20	2	18 2 
 1112	20	2	20 0 
 1113	20	2	14 6 
 1114	20	2	20 0 
 1115	20	2	20 0 
 1116	20	2	19 1 
 1117	20	2	20 0 
 1118	20	2	20 0 
 1119	20	2	15 5 
 1120	20	2	17 3 
 1121	20	2	20 0 
 1122	20	2	20 0 
 1123	20	2	20 0 
 1124	20	2	9 11 
 1125	20	2	20 0 
 1126	20	2	20 0 
 1127	20	2	10 10 
 1128	20	2	19 1 
 1129	20	2	20 0 
 1130	20	2	6 14 
 1131	20	2	0 20 
 1132	20	2	20 0 
 1133	20	2	20 0 
 1134	20	2	18 2 
 1135	20	2	20 0 
 1136	20	2	20 0 
 1137	20	2	20 0 
 1138	20	2	20 0 
 1139	20	2	20 0 
 1140	20	2	13 7 
 1141	20	2	20 0 
 1142	20	2	20 0 
 1143	20	2	20 0 
 1144	20	2	20 0 
 1145	20	2	20 0 
 1146	20	2	20 0 
 1147	20	2	20 0 
 1148	20	2	20 0 
 1149	20	2	20 0 
 1150	20	2	20 0 
 1151	20	2	17 3 
 1152	20	2	18 2 
 1153	20	2	20 0 
 1154	20	2	15 5 
 1155	20	2	20 0 
 1156	20	2	18 2 
 1157	20	2	15 5 
 1158	20	2	20 0 
 1159	20	2	15 5 
 1160	20	2	20 0 
 1161	20	2	20 0 
 1162	20	2	19 1 
 1163	20	2	19 1 
 1164	20	2	20 0 
 1165	20	2	20 0 
 1166	20	2	20 0 
 1167	20	2	20 0 
 1168	20	2	20 0 
 1169	20	2	20 0 
 1170	20	2	20 0 
 1171	20	2	20 0 
 1172	20	2	20 0 
 1173	20	2	20 0 
 1174	20	2	19 1 
 1175	20	2	19 1 
 1176	20	2	19 1 
 1177	20	2	20 0 
 1178	20	2	20 0 
 1179	20	2	19 1 
 1180	20	2	19 1 
 1181	20	2	20 0 
 1182	20	2	20 0 
 1183	20	2	20 0 
 1184	20	2	20 0 
 1185	20	2	5 15 
 1186	20	2	20 0 
 1187	20	2	18 2 
 1188	20	2	12 8 
 1189	20	2	20 0 
 1190	20	2	20 0 
 1191	20	2	19 1 
 1192	20	2	19 1 
 1193	20	2	19 1 
 1194	20	2	19 1 
 1195	20	2	19 1 
 1196	20	2	20 0 
 1197	20	2	20 0 
 1198	20	2	20 0 
 1199	20	2	20 0 
 1200	20	2	18 2 
 1201	20	2	20 0 
 1202	20	2	20 0 
 1203	20	2	19 1 
 1204	20	2	14 6 
 1205	20	2	20 0 
 1206	20	2	20 0 
 1207	20	2	20 0 
 1208	20	2	11 9 
 1209	20	2	20 0 
 1210	20	2	20 0 
 1211	20	2	20 0 
 1212	20	2	19 1 
 1213	20	2	20 0 
 1214	20	2	19 1 
 1215	20	2	18 2 
 1216	20	2	20 0 
 1217	20	2	20 0 
 1218	20	2	20 0 
 1219	20	2	18 2 
 1220	20	2	19 1 
 1221	20	2	17 3 
 1222	20	2	19 1 
 1223	20	2	20 0 
 1224	20	2	19 1 
 1225	20	2	19 1 
 1226	20	2	19 1 
 1227	20	2	19 1 
 1228	20	2	20 0 
 1229	20	2	20 0 
 1230	20	2	18 2 
 1231	20	2	20 0 
 1232	20	2	19 1 
 1233	20	2	19 1 
 1234	20	2	20 0 
 1235	20	2	18 2 
 1236	20	2	20 0 
 1237	20	2	18 2 
 1238	20	2	14 6 
 1239	20	2	19 1 
 1240	20	2	20 0 
 1241	20	2	16 4 
 1242	20	2	19 1 
 1243	20	2	20 0 
 1244	20	2	9 11 
 1245	20	2	20 0 
 1246	20	2	14 6 
 1247	20	2	20 0 
 1248	20	2	20 0 
 1249	20	2	20 0 
 1250	20	2	20 0 
 1251	20	2	16 4 
 1252	20	2	20 0 
 1253	20	2	19 1 
 1254	20	2	19 1 
 1255	20	2	20 0 
 1256	20	2	18 2 
 1257	20	2	20 0 
 1258	20	2	20 0 
 1259	20	2	16 4 
 1260	20	2	18 2 
 1261	20	2	20 0 
 1262	20	2	20 0 
 1263	20	2	20 0 
 1264	20	2	20 0 
 1265	20	2	20 0 
 1266	20	2	20 0 
 1267	20	2	19 1 
 1268	20	2	20 0 
 1269	20	2	19 1 
 1270	20	2	19 1 
 1271	20	2	19 1 
 1272	20	2	19 1 
 1273	20	2	20 0 
 1274	20	2	19 1 
 1275	20	2	20 0 
 1276	20	2	20 0 
 1277	20	2	20 0 
 1278	20	2	19 1 
 1279	20	2	20 0 
 1280	20	2	20 0 
 1281	20	2	20 0 
 1282	20	2	20 0 
 1283	20	2	20 0 
 1284	20	2	19 1 
 1285	20	2	20 0 
 1286	20	2	0 20 
 1287	20	2	20 0 
 1288	20	2	14 6 
 1289	20	2	20 0 
 1290	20	2	20 0 
 1291	20	2	20 0 
 1292	20	2	5 15 
 1293	20	2	20 0 
 1294	20	2	20 0 
 1295	20	2	17 3 
 1296	20	2	18 2 
 1297	20	2	0 20 
 1298	20	2	20 0 
 1299	20	2	20 0 
 1300	20	2	18 2 
 1301	20	2	19 1 
 1302	20	2	20 0 
 1303	20	2	19 1 
 1304	20	2	16 4 
 1305	20	2	20 0 
 1306	20	2	20 0 
 1307	20	2	8 12 
 1308	20	2	17 3 
 1309	20	2	17 3 
 1310	20	2	17 3 
 1311	20	2	19 1 
 1312	20	2	20 0 
 1313	20	2	19 1 
 1314	20	2	12 8 
 1315	20	2	18 2 
 1316	20	2	20 0 
 1317	20	2	12 8 
 1318	20	2	20 0 
 1319	20	2	17 3 
 1320	20	2	17 3 
 1321	20	2	17 3 
 1322	20	2	20 0 
 1323	20	2	0 20 
 1324	20	2	19 1 
 1325	20	2	20 0 
 1326	20	2	20 0 
 1327	20	2	10 10 
 1328	20	2	10 10 
 1329	20	2	10 10 
 1330	20	2	20 0 
 1331	20	2	10 10 
 1332	20	2	10 10 
 1333	20	2	20 0 
 1334	20	2	18 2 
 1335	20	2	20 0 
 1336	20	2	20 0 
 1337	20	2	19 1 
 1338	20	2	18 2 
 1339	20	2	18 2 
 1340	20	2	20 0 
 1341	20	2	20 0 
 1342	20	2	20 0 
 1343	20	2	19 1 
 1344	20	2	20 0 
 1345	20	2	20 0 
 1346	20	2	19 1 
 1347	20	2	20 0 
 1348	20	2	18 2 
 1349	20	2	20 0 
 1350	20	2	1 19 
 1351	20	2	1 19 
 1352	20	2	1 19 
 1353	20	2	20 0 
 1354	20	2	20 0 
 1355	20	2	19 1 
 1356	20	2	20 0 
 1357	20	2	8 12 
 1358	20	2	20 0 
 1359	20	2	20 0 
 1360	20	2	20 0 
 1361	20	2	20 0 
 1362	20	2	18 2 
 1363	20	2	20 0 
 1364	20	2	17 3 
 1365	20	2	20 0 
 1366	20	2	17 3 
 1367	20	2	20 0 
 1368	20	2	20 0 
 1369	20	2	20 0 
 1370	20	2	20 0 
 1371	20	2	1 19 
 1372	20	2	7 13 
 1373	20	2	20 0 
 1374	20	2	20 0 
 1375	20	2	20 0 
 1376	20	2	18 2 
 1377	20	2	19 1 
 1378	20	2	20 0 
 1379	20	2	15 5 
 1380	20	2	18 2 
 1381	20	2	19 1 
 1382	20	2	20 0 
 1383	20	2	20 0 
 1384	20	2	19 1 
 1385	20	2	19 1 
 1386	20	2	20 0 
 1387	20	2	18 2 
 1388	20	2	20 0 
 1389	20	2	19 1 
 1390	20	2	19 1 
 1391	20	2	17 3 
 1392	20	2	1 19 
 1393	20	2	20 0 
 1394	20	2	1 19 
 1395	20	2	20 0 
 1396	20	2	20 0 
 1397	20	2	1 19 
 1398	20	2	0 20 
 1399	20	2	19 1 
 1400	20	2	16 4 
 1401	20	2	0 20 
 1402	20	2	20 0 
 1403	20	2	12 8 
 1404	20	2	20 0 
 1405	20	2	20 0 
 1406	20	2	13 7 
 1407	20	2	20 0 
 1408	20	2	18 2 
 1409	20	2	18 2 
 1410	20	2	20 0 
 1411	20	2	20 0 
 1412	20	2	20 0 
 1413	20	2	20 0 
 1414	20	2	20 0 
 1415	20	2	19 1 
 1416	20	2	20 0 
 1417	20	2	2 18 
 1418	20	2	20 0 
 1419	20	2	19 1 
 1420	20	2	20 0 
 1421	20	2	20 0 
 1422	20	2	0 20 
 1423	20	2	20 0 
 1424	20	2	19 1 
 1425	20	2	20 0 
 1426	20	2	19 1 
 1427	20	2	20 0 
 1428	20	2	20 0 
 1429	20	2	12 8 
 1430	20	2	20 0 
 1431	20	2	20 0 
 1432	20	2	20 0 
 1433	20	2	1 19 
 1434	20	2	20 0 
 1435	20	2	20 0 
 1436	20	2	0 20 
 1437	20	2	2 18 
 1438	20	2	13 7 
 1439	20	2	20 0 
 1440	20	2	15 5 
 1441	20	2	20 0 
 1442	20	2	20 0 
 1443	20	2	20 0 
 1444	20	2	16 4 
 1445	20	2	16 4 
 1446	20	2	14 6 
 1447	20	2	20 0 
 1448	20	2	14 6 
 1449	20	2	20 0 
 1450	20	2	20 0 
 1451	20	2	15 5 
 1452	20	2	20 0 
 1453	20	2	20 0 
 1454	20	2	18 2 
 1455	20	2	20 0 
 1456	20	2	20 0 
 1457	20	2	20 0 
 1458	20	2	20 0 
 1459	20	2	20 0 
 1460	20	2	20 0 
 1461	20	2	20 0 
 1462	20	2	4 16 
 1463	20	2	20 0 
 1464	20	2	4 16 
 1465	20	2	20 0 
 1466	20	2	20 0 
 1467	20	2	4 16 
 1468	20	2	20 0 
 1469	20	2	19 1 
 1470	20	2	20 0 
 1471	20	2	20 0 
 1472	20	2	20 0 
 1473	20	2	19 1 
 1474	20	2	20 0 
 1475	20	2	14 6 
 1476	20	2	20 0 
 1477	20	2	18 2 
 1478	20	2	20 0 
 1479	20	2	18 2 
 1480	20	2	18 2 
 1481	20	2	18 2 
 1482	20	2	16 4 
 1483	20	2	20 0 
 1484	20	2	20 0 
 1485	20	2	20 0 
 1486	20	2	20 0 
 1487	20	2	20 0 
 1488	20	2	20 0 
 1489	20	2	20 0 
 1490	20	2	20 0 
 1491	20	2	19 1 
 1492	20	2	19 1 
 1493	20	2	20 0 
 1494	20	2	20 0 
 1495	20	2	18 2 
 1496	20	2	11 9 
 1497	20	2	20 0 
 1498	20	2	20 0 
 1499	20	2	20 0 
 1500	20	2	15 5 
 1501	20	2	20 0 
 1502	20	2	20 0 
 1503	20	2	19 1 
 1504	20	2	20 0 
 1505	20	2	19 1 
 1506	20	2	19 1 
 1507	20	2	16 4 
 1508	20	2	1 19 
 1509	20	2	20 0 
 1510	20	2	11 9 
 1511	20	2	18 2 
 1512	20	2	18 2 
 1513	20	2	20 0 
 1514	20	2	18 2 
 1515	20	2	18 2 
 1516	20	2	20 0 
 1517	20	2	18 2 
 1518	20	2	18 2 
 1519	20	2	20 0 
 1520	20	2	20 0 
 1521	20	2	20 0 
 1522	20	2	17 3 
 1523	20	2	20 0 
 1524	20	2	3 17 
 1525	20	2	17 3 
 1526	20	2	14 6 
 1527	20	2	14 6 
 1528	20	2	14 6 
 1529	20	2	14 6 
 1530	20	2	20 0 
 1531	20	2	19 1 
 1532	20	2	19 1 
 1533	20	2	8 12 
 1534	20	2	12 8 
 1535	20	2	12 8 
 1536	20	2	15 5 
 1537	20	2	20 0 
 1538	20	2	19 1 
 1539	20	2	15 5 
 1540	20	2	20 0 
 1541	20	2	16 4 
 1542	20	2	19 1 
 1543	20	2	20 0 
 1544	20	2	18 2 
 1545	20	2	19 1 
 1546	20	2	16 4 
 1547	20	2	20 0 
 1548	20	2	15 5 
 1549	20	2	16 4 
 1550	20	2	20 0 
 1551	20	2	18 2 
 1552	20	2	0 20 
 1553	20	2	20 0 
 1554	20	2	20 0 
 1555	20	2	20 0 
 1556	20	2	19 1 
 1557	20	2	20 0 
 1558	20	2	20 0 
 1559	20	2	11 9 
 1560	20	2	9 11 
 1561	20	2	20 0 
 1562	20	2	20 0 
 1563	20	2	20 0 
 1564	20	2	20 0 
 1565	20	2	20 0 
 1566	20	2	20 0 
 1567	20	2	20 0 
 1568	20	2	17 3 
 1569	20	2	20 0 
 1570	20	2	20 0 
 1571	20	2	9 11 
 1572	20	2	19 1 
 1573	20	2	20 0 
 1574	20	2	16 4 
 1575	20	2	20 0 
 1576	20	2	20 0 
 1577	20	2	20 0 
 1578	20	2	19 1 
 1579	20	2	20 0 
 1580	20	2	20 0 
 1581	20	2	19 1 
 1582	20	2	18 2 
 1583	20	2	18 2 
 1584	20	2	18 2 
 1585	20	2	18 2 
 1586	20	2	18 2 
 1587	20	2	18 2 
 1588	20	2	20 0 
 1589	20	2	20 0 
 1590	20	2	15 5 
 1591	20	2	20 0 
 1592	20	2	20 0 
 1593	20	2	20 0 
 1594	20	2	20 0 
 1595	20	2	20 0 
 1596	20	2	20 0 
 1597	20	2	20 0 
 1598	20	2	20 0 
 1599	20	2	20 0 
 1600	20	2	20 0 
 1601	20	2	20 0 
 1602	20	2	20 0 
 1603	20	2	0 20 
 1604	20	2	20 0 
 1605	20	2	11 9 
 1606	20	2	20 0 
 1607	20	2	20 0 
 1608	20	2	20 0 
 1609	20	2	20 0 
 1610	20	2	19 1 
 1611	20	2	20 0 
 1612	20	2	20 0 
 1613	20	2	20 0 
 1614	20	2	20 0 
 1615	20	2	19 1 
 1616	20	2	18 2 
 1617	20	2	20 0 
 1618	20	2	20 0 
 1619	20	2	18 2 
 1620	20	2	20 0 
 1621	20	2	16 4 
 1622	20	2	17 3 
 1623	20	2	20 0 
 1624	20	2	16 4 
 1625	20	2	20 0 
 1626	20	2	20 0 
 1627	20	2	20 0 
 1628	20	2	20 0 
 1629	20	2	12 8 
 1630	20	2	20 0 
 1631	20	2	19 1 
 1632	20	2	20 0 
 1633	20	2	9 11 
 1634	20	2	16 4 
 1635	20	2	5 15 
 1636	20	2	20 0 
 1637	20	2	20 0 
 1638	20	2	20 0 
 1639	20	2	18 2 
 1640	20	2	19 1 
 1641	20	2	20 0 
 1642	20	2	20 0 
 1643	20	2	19 1 
 1644	20	2	20 0 
 1645	20	2	20 0 
 1646	20	2	16 4 
 1647	20	2	19 1 
 1648	20	2	16 4 
 1649	20	2	20 0 
 1650	20	2	16 4 
 1651	20	2	20 0 
 1652	20	2	18 2 
 1653	20	2	20 0 
 1654	20	2	20 0 
 1655	20	2	5 15 
 1656	20	2	19 1 
 1657	20	2	20 0 
 1658	20	2	20 0 
 1659	20	2	10 10 
 1660	20	2	18 2 
 1661	20	2	20 0 
 1662	20	2	20 0 
 1663	20	2	6 14 
 1664	20	2	20 0 
 1665	20	2	20 0 
 1666	20	2	20 0 
 1667	20	2	20 0 
 1668	20	2	20 0 
 1669	20	2	20 0 
 1670	20	2	20 0 
 1671	20	2	20 0 
 1672	20	2	20 0 
 1673	20	2	20 0 
 1674	20	2	20 0 
 1675	20	2	20 0 
 1676	20	2	19 1 
 1677	20	2	20 0 
 1678	20	2	17 3 
 1679	20	2	20 0 
 1680	20	2	12 8 
 1681	20	2	8 12 
 1682	20	2	19 1 
 1683	20	2	14 6 
 1684	20	2	17 3 
 1685	20	2	20 0 
 1686	20	2	20 0 
 1687	20	2	19 1 
 1688	20	2	20 0 
 1689	20	2	19 1 
 1690	20	2	19 1 
 1691	20	2	19 1 
 1692	20	2	15 5 
 1693	20	2	20 0 
 1694	20	2	20 0 
 1695	20	2	20 0 
 1696	20	2	20 0 
 1697	20	2	20 0 
 1698	20	2	16 4 
 1699	20	2	16 4 
 1700	20	2	14 6 
 1701	20	2	20 0 
 1702	20	2	18 2 
 1703	20	2	19 1 
 1704	20	2	20 0 
 1705	20	2	15 5 
 1706	20	2	20 0 
 1707	20	2	20 0 
 1708	20	2	18 2 
 1709	20	2	20 0 
 1710	20	2	9 11 
 1711	20	2	18 2 
 1712	20	2	19 1 
 1713	20	2	19 1 
 1714	20	2	20 0 
 1715	20	2	19 1 
 1716	20	2	20 0 
 1717	20	2	20 0 
 1718	20	2	5 15 
 1719	20	2	20 0 
 1720	20	2	15 5 
 1721	20	2	5 15 
 1722	20	2	20 0 
 1723	20	2	20 0 
 1724	20	2	20 0 
 1725	20	2	17 3 
 1726	20	2	20 0 
 1727	20	2	16 4 
 1728	20	2	16 4 
 1729	20	2	20 0 
 1730	20	2	18 2 
 1731	20	2	20 0 
 1732	20	2	6 14 
 1733	20	2	17 3 
 1734	20	2	15 5 
 1735	20	2	16 4 
 1736	20	2	17 3 
 1737	20	2	11 9 
 1738	20	2	16 4 
 1739	20	2	16 4 
 1740	20	2	18 2 
 1741	20	2	6 14 
 1742	20	2	17 3 
 1743	20	2	15 5 
 1744	20	2	16 4 
 1745	20	2	17 3 
 1746	20	2	11 9 
 1747	20	2	19 1 
 1748	20	2	20 0 
 1749	20	2	20 0 
 1750	20	2	19 1 
 1751	20	2	20 0 
 1752	20	2	20 0 
 1753	20	2	20 0 
 1754	20	2	20 0 
 1755	20	2	20 0 
 1756	20	2	20 0 
 1757	20	2	20 0 
 1758	20	2	20 0 
 1759	20	2	20 0 
 1760	20	2	19 1 
 1761	20	2	15 5 
 1762	20	2	20 0 
 1763	20	2	8 12 
 1764	20	2	20 0 
 1765	20	2	20 0 
 1766	20	2	19 1 
 1767	20	2	18 2 
 1768	20	2	20 0 
 1769	20	2	15 5 
 1770	20	2	17 3 
 1771	20	2	20 0 
 1772	20	2	20 0 
 1773	20	2	20 0 
 1774	20	2	20 0 
 1775	20	2	20 0 
 1776	20	2	20 0 
 1777	20	2	20 0 
 1778	20	2	20 0 
 1779	20	2	20 0 
 1780	20	2	20 0 
 1781	20	2	20 0 
 1782	20	2	15 5 
 1783	20	2	19 1 
 1784	20	2	20 0 
 1785	20	2	20 0 
 1786	20	2	20 0 
 1787	20	2	20 0 
 1788	20	2	19 1 
 1789	20	2	20 0 
 1790	20	2	20 0 
 1791	20	2	19 1 
 1792	20	2	19 1 
 1793	20	2	19 1 
 1794	20	2	8 12 
 1795	20	2	1 19 
 1796	20	2	0 20 
 1797	20	2	1 19 
 1798	20	2	1 19 
 1799	20	2	20 0 
 1800	20	2	20 0 
 1801	20	2	20 0 
 1802	20	2	20 0 
 1803	20	2	20 0 
 1804	20	2	4 16 
 1805	20	2	20 0 
 1806	20	2	20 0 
 1807	20	2	17 3 
 1808	20	2	17 3 
 1809	20	2	20 0 
 1810	20	2	20 0 
 1811	20	2	20 0 
 1812	20	2	20 0 
 1813	20	2	20 0 
 1814	20	2	20 0 
 1815	20	2	20 0 
 1816	20	2	19 1 
 1817	20	2	20 0 
 1818	20	2	20 0 
 1819	20	2	20 0 
 1820	20	2	20 0 
 1821	20	2	20 0 
 1822	20	2	20 0 
 1823	20	2	20 0 
 1824	20	2	20 0 
 1825	20	2	20 0 
 1826	20	2	18 2 
 1827	20	2	20 0 
 1828	20	2	13 7 
 1829	20	2	19 1 
 1830	20	2	17 3 
 1831	20	2	20 0 
 1832	20	2	20 0 
 1833	20	2	20 0 
 1834	20	2	12 8 
 1835	20	2	7 13 
 1836	20	2	20 0 
 1837	20	2	20 0 
 1838	20	2	20 0 
 1839	20	2	17 3 
 1840	20	2	20 0 
 1841	20	2	19 1 
 1842	20	2	19 1 
 1843	20	2	20 0 
 1844	20	2	16 4 
 1845	20	2	16 4 
 1846	20	2	18 2 
 1847	20	2	20 0 
 1848	20	2	20 0 
 1849	20	2	19 1 
 1850	20	2	20 0 
 1851	20	2	20 0 
 1852	20	2	20 0 
 1853	20	2	19 1 
 1854	20	2	20 0 
 1855	20	2	14 6 
 1856	20	2	20 0 
 1857	20	2	10 10 
 1858	20	2	20 0 
 1859	20	2	18 2 
 1860	20	2	20 0 
 1861	20	2	20 0 
 1862	20	2	20 0 
 1863	20	2	20 0 
 1864	20	2	2 18 
 1865	20	2	20 0 
 1866	20	2	20 0 
 1867	20	2	19 1 
 1868	20	2	19 1 
 1869	20	2	17 3 
 1870	20	2	19 1 
 1871	20	2	14 6 
 1872	20	2	3 17 
 1873	20	2	19 1 
 1874	20	2	20 0 
 1875	20	2	20 0 
 1876	20	2	17 3 
 1877	20	2	19 1 
 1878	20	2	18 2 
 1879	20	2	3 17 
 1880	20	2	20 0 
 1881	20	2	17 3 
 1882	20	2	12 8 
 1883	20	2	17 3 
 1884	20	2	20 0 
 1885	20	2	20 0 
 1886	20	2	18 2 
 1887	20	2	20 0 
 1888	20	2	20 0 
 1889	20	2	19 1 
 1890	20	2	20 0 
 1891	20	2	19 1 
 1892	20	2	20 0 
 1893	20	2	14 6 
 1894	20	2	20 0 
 1895	20	2	17 3 
 1896	20	2	19 1 
 1897	20	2	20 0 
 1898	20	2	20 0 
 1899	20	2	20 0 
 1900	20	2	18 2 
 1901	20	2	20 0 
 1902	20	2	2 18 
 1903	20	2	18 2 
 1904	20	2	18 2 
 1905	20	2	20 0 
 1906	20	2	20 0 
 1907	20	2	20 0 
 1908	20	2	19 1 
 1909	20	2	19 1 
 1910	20	2	19 1 
 1911	20	2	20 0 
 1912	20	2	20 0 
 1913	20	2	13 7 
 1914	20	2	20 0 
 1915	20	2	19 1 
 1916	20	2	20 0 
 1917	20	2	19 1 
 1918	20	2	20 0 
 1919	20	2	9 11 
 1920	20	2	17 3 
 1921	20	2	2 18 
 1922	20	2	20 0 
 1923	20	2	20 0 
 1924	20	2	20 0 
 1925	20	2	17 3 
 1926	20	2	20 0 
 1927	20	2	20 0 
 1928	20	2	9 11 
 1929	20	2	9 11 
 1930	20	2	13 7 
 1931	20	2	20 0 
 1932	20	2	20 0 
 1933	20	2	20 0 
 1934	20	2	20 0 
 1935	20	2	19 1 
 1936	20	2	20 0 
 1937	20	2	20 0 
 1938	20	2	20 0 
 1939	20	2	20 0 
 1940	20	2	20 0 
 1941	20	2	18 2 
 1942	20	2	16 4 
 1943	20	2	7 13 
 1944	20	2	20 0 
 1945	20	2	11 9 
 1946	20	2	11 9 
 1947	20	2	19 1 
 1948	20	2	4 16 
 1949	20	2	20 0 
 1950	20	2	20 0 
 1951	20	2	20 0 
 1952	20	2	6 14 
 1953	20	2	20 0 
 1954	20	2	18 2 
 1955	20	2	20 0 
 1956	20	2	20 0 
 1957	20	2	17 3 
 1958	20	2	20 0 
 1959	20	2	20 0 
 1960	20	2	20 0 
 1961	20	2	20 0 
 1962	20	2	19 1 
 1963	20	2	20 0 
 1964	20	2	19 1 
 1965	20	2	20 0 
 1966	20	2	18 2 
 1967	20	2	15 5 
 1968	20	2	5 15 
 1969	20	2	5 15 
 1970	20	2	20 0 
 1971	20	2	18 2 
 1972	20	2	12 8 
 1973	20	2	20 0 
 1974	20	2	20 0 
 1975	20	2	19 1 
 1976	20	2	20 0 
 1977	20	2	20 0 
 1978	20	2	19 1 
 1979	20	2	20 0 
 1980	20	2	20 0 
 1981	20	2	20 0 
 1982	20	2	20 0 
 1983	20	2	19 1 
 1984	20	2	20 0 
 1985	20	2	20 0 
 1986	20	2	20 0 
 1987	20	2	19 1 
 1988	20	2	20 0 
 1989	20	2	20 0 
 1990	20	2	20 0 
 1991	20	2	19 1 
 1992	20	2	20 0 
 1993	20	2	17 3 
 1994	20	2	17 3 
 1995	20	2	17 3 
 1996	20	2	20 0 
 1997	20	2	20 0 
 1998	20	2	18 2 
 1999	20	2	20 0 
 2000	20	2	1 19 
 2001	20	2	19 1 
 2002	20	2	20 0 
 2003	20	2	18 2 
 2004	20	2	20 0 
 2005	20	2	19 1 
 2006	20	2	19 1 
 2007	20	2	20 0 
 2008	20	2	20 0 
 2009	20	2	20 0 
 2010	20	2	20 0 
 2011	20	2	7 13 
 2012	20	2	19 1 
 2013	20	2	12 8 
 2014	20	2	12 8 
 2015	20	2	20 0 
 2016	20	2	8 12 
 2017	20	2	12 8 
 2018	20	2	18 2 
 2019	20	2	20 0 
 2020	20	2	19 1 
 2021	20	2	19 1 
 2022	20	2	20 0 
 2023	20	2	18 2 
 2024	20	2	3 17 
 2025	20	2	17 3 
 2026	20	2	20 0 
 2027	20	2	17 3 
 2028	20	2	17 3 
 2029	20	2	18 2 
 2030	20	2	17 3 
 2031	20	2	4 16 
 2032	20	2	20 0 
 2033	20	2	19 1 
 2034	20	2	20 0 
 2035	20	2	19 1 
 2036	20	2	20 0 
 2037	20	2	11 9 
 2038	20	2	20 0 
 2039	20	2	16 4 
 2040	20	2	20 0 
 2041	20	2	19 1 
 2042	20	2	13 7 
 2043	20	2	16 4 
 2044	20	2	20 0 
 2045	20	2	20 0 
 2046	20	2	20 0 
 2047	20	2	20 0 
 2048	20	2	15 5 
 2049	20	2	19 1 
 2050	20	2	20 0 
 2051	20	2	20 0 
 2052	20	2	5 15 
 2053	20	2	19 1 
 2054	20	2	19 1 
 2055	20	2	20 0 
 2056	20	2	19 1 
 2057	20	2	19 1 
 2058	20	2	20 0 
 2059	20	2	19 1 
 2060	20	2	19 1 
 2061	20	2	20 0 
 2062	20	2	20 0 
 2063	20	2	20 0 
 2064	20	2	20 0 
 2065	20	2	20 0 
 2066	20	2	18 2 
 2067	20	2	20 0 
 2068	20	2	19 1 
 2069	20	2	20 0 
 2070	20	2	19 1 
 2071	20	2	19 1 
 2072	20	2	19 1 
 2073	20	2	20 0 
 2074	20	2	20 0 
 2075	20	2	20 0 
 2076	20	2	20 0 
 2077	20	2	20 0 
 2078	20	2	20 0 
 2079	20	2	6 14 
 2080	20	2	20 0 
 2081	20	2	20 0 
 2082	20	2	20 0 
 2083	20	2	17 3 
 2084	20	2	18 2 
 2085	20	2	20 0 
 2086	20	2	20 0 
 2087	20	2	20 0 
 2088	20	2	20 0 
 2089	20	2	19 1 
 2090	20	2	20 0 
 2091	20	2	19 1 
 2092	20	2	19 1 
 2093	20	2	17 3 
 2094	20	2	20 0 
 2095	20	2	19 1 
 2096	20	2	11 9 
 2097	20	2	20 0 
 2098	20	2	20 0 
 2099	20	2	16 4 
 2100	20	2	13 7 
 2101	20	2	20 0 
 2102	20	2	17 3 
 2103	20	2	7 13 
 2104	20	2	20 0 
 2105	20	2	20 0 
 2106	20	2	7 13 
 2107	20	2	17 3 
 2108	20	2	4 16 
 2109	20	2	20 0 
 2110	20	2	13 7 
 2111	20	2	20 0 
 2112	20	2	19 1 
 2113	20	2	20 0 
 2114	20	2	20 0 
 2115	20	2	20 0 
 2116	20	2	20 0 
 2117	20	2	20 0 
 2118	20	2	20 0 
 2119	20	2	20 0 
 2120	20	2	20 0 
 2121	20	2	20 0 
 2122	20	2	20 0 
 2123	20	2	20 0 
 2124	20	2	7 13 
 2125	20	2	7 13 
 2126	20	2	20 0 
 2127	20	2	13 7 
 2128	20	2	17 3 
 2129	20	2	14 6 
 2130	20	2	17 3 
 2131	20	2	14 6 
 2132	20	2	17 3 
 2133	20	2	18 2 
 2134	20	2	19 1 
 2135	20	2	20 0 
 2136	20	2	20 0 
 2137	20	2	20 0 
 2138	20	2	20 0 
 2139	20	2	20 0 
 2140	20	2	20 0 
 2141	20	2	20 0 
 2142	20	2	20 0 
 2143	20	2	20 0 
 2144	20	2	20 0 
 2145	20	2	20 0 
 2146	20	2	20 0 
 2147	20	2	20 0 
 2148	20	2	8 12 
 2149	20	2	17 3 
 2150	20	2	18 2 
 2151	20	2	20 0 
 2152	20	2	12 8 
 2153	20	2	8 12 
 2154	20	2	20 0 
 2155	20	2	20 0 
 2156	20	2	19 1 
 2157	20	2	20 0 
 2158	20	2	19 1 
 2159	20	2	10 10 
 2160	20	2	20 0 
 2161	20	2	18 2 
 2162	20	2	20 0 
 2163	20	2	15 5 
 2164	20	2	20 0 
 2165	20	2	20 0 
 2166	20	2	20 0 
 2167	20	2	19 1 
 2168	20	2	5 15 
 2169	20	2	5 15 
 2170	20	2	5 15 
 2171	20	2	20 0 
 2172	20	2	5 15 
 2173	20	2	9 11 
 2174	20	2	19 1 
 2175	20	2	20 0 
 2176	20	2	9 11 
 2177	20	2	19 1 
 2178	20	2	20 0 
 2179	20	2	20 0 
 2180	20	2	20 0 
 2181	20	2	16 4 
 2182	20	2	19 1 
 2183	20	2	19 1 
 2184	20	2	18 2 
 2185	20	2	19 1 
 2186	20	2	20 0 
 2187	20	2	5 15 
 2188	20	2	20 0 
 2189	20	2	20 0 
 2190	20	2	20 0 
 2191	20	2	20 0 
 2192	20	2	20 0 
 2193	20	2	19 1 
 2194	20	2	19 1 
 2195	20	2	20 0 
 2196	20	2	19 1 
 2197	20	2	2 18 
 2198	20	2	18 2 
 2199	20	2	20 0 
 2200	20	2	18 2 
 2201	20	2	20 0 
 2202	20	2	20 0 
 2203	20	2	20 0 
 2204	20	2	20 0 
 2205	20	2	18 2 
 2206	20	2	18 2 
 2207	20	2	18 2 
 2208	20	2	20 0 
 2209	20	2	14 6 
 2210	20	2	12 8 
 2211	20	2	20 0 
 2212	20	2	19 1 
 2213	20	2	20 0 
 2214	20	2	10 10 
 2215	20	2	19 1 
 2216	20	2	19 1 
 2217	20	2	19 1 
 2218	20	2	2 18 
 2219	20	2	20 0 
 2220	20	2	20 0 
 2221	20	2	20 0 
 2222	20	2	20 0 
 2223	20	2	20 0 
 2224	20	2	20 0 
 2225	20	2	20 0 
 2226	20	2	20 0 
 2227	20	2	20 0 
 2228	20	2	20 0 
 2229	20	2	19 1 
 2230	20	2	20 0 
 2231	20	2	20 0 
 2232	20	2	2 18 
 2233	20	2	20 0 
 2234	20	2	20 0 
 2235	20	2	20 0 
 2236	20	2	15 5 
 2237	20	2	20 0 
 2238	20	2	16 4 
 2239	20	2	19 1 
 2240	20	2	20 0 
 2241	20	2	20 0 
 2242	20	2	20 0 
 2243	20	2	20 0 
 2244	20	2	19 1 
 2245	20	2	17 3 
 2246	20	2	18 2 
 2247	20	2	20 0 
 2248	20	2	20 0 
 2249	20	2	8 12 
 2250	20	2	20 0 
 2251	20	2	20 0 
 2252	20	2	20 0 
 2253	20	2	20 0 
 2254	20	2	19 1 
 2255	20	2	20 0 
 2256	20	2	20 0 
 2257	20	2	20 0 
 2258	20	2	20 0 
 2259	20	2	20 0 
 2260	20	2	20 0 
 2261	20	2	19 1 
 2262	20	2	20 0 
 2263	20	2	17 3 
 2264	20	2	20 0 
 2265	20	2	20 0 
 2266	20	2	19 1 
 2267	20	2	20 0 
 2268	20	2	18 2 
 2269	20	2	20 0 
 2270	20	2	20 0 
 2271	20	2	20 0 
 2272	20	2	18 2 
 2273	20	2	17 3 
 2274	20	2	17 3 
 2275	20	2	15 5 
 2276	20	2	18 2 
 2277	20	2	17 3 
 2278	20	2	14 6 
 2279	20	2	19 1 
 2280	20	2	20 0 
 2281	20	2	13 7 
 2282	20	2	20 0 
 2283	20	2	17 3 
 2284	20	2	20 0 
 2285	20	2	13 7 
 2286	20	2	20 0 
 2287	20	2	18 2 
 2288	20	2	20 0 
 2289	20	2	20 0 
 2290	20	2	20 0 
 2291	20	2	18 2 
 2292	20	2	20 0 
 2293	20	2	20 0 
 2294	20	2	18 2 
 2295	20	2	18 2 
 2296	20	2	20 0 
 2297	20	2	18 2 
 2298	20	2	20 0 
 2299	20	2	18 2 
 2300	20	2	18 2 
 2301	20	2	20 0 
 2302	20	2	20 0 
 2303	20	2	19 1 
 2304	20	2	18 2 
 2305	20	2	20 0 
 2306	20	2	20 0 
 2307	20	2	11 9 
 2308	20	2	20 0 
 2309	20	2	20 0 
 2310	20	2	20 0 
 2311	20	2	20 0 
 2312	20	2	20 0 
 2313	20	2	19 1 
 2314	20	2	15 5 
 2315	20	2	19 1 
 2316	20	2	19 1 
 2317	20	2	18 2 
 2318	20	2	19 1 
 2319	20	2	19 1 
 2320	20	2	20 0 
 2321	20	2	18 2 
 2322	20	2	16 4 
 2323	20	2	19 1 
 2324	20	2	20 0 
 2325	20	2	8 12 
 2326	20	2	20 0 
 2327	20	2	3 17 
 2328	20	2	20 0 
 2329	20	2	19 1 
 2330	20	2	20 0 
 2331	20	2	20 0 
 2332	20	2	15 5 
 2333	20	2	5 15 
 2334	20	2	20 0 
 2335	20	2	20 0 
 2336	20	2	1 19 
 2337	20	2	20 0 
 2338	20	2	18 2 
 2339	20	2	20 0 
 2340	20	2	20 0 
 2341	20	2	19 1 
 2342	20	2	20 0 
 2343	20	2	20 0 
 2344	20	2	20 0 
 2345	20	2	19 1 
 2346	20	2	20 0 
 2347	20	2	20 0 
 2348	20	2	18 2 
 2349	20	2	20 0 
 2350	20	2	20 0 
 2351	20	2	20 0 
 2352	20	2	20 0 
 2353	20	2	20 0 
 2354	20	2	20 0 
 2355	20	2	20 0 
 2356	20	2	20 0 
 2357	20	2	20 0 
 2358	20	2	20 0 
 2359	20	2	20 0 
 2360	20	2	20 0 
 2361	20	2	0 20 
 2362	20	2	20 0 
 2363	20	2	20 0 
 2364	20	2	15 5 
 2365	20	2	11 9 
 2366	20	2	20 0 
 2367	20	2	20 0 
 2368	20	2	20 0 
 2369	20	2	20 0 
 2370	20	2	20 0 
 2371	20	2	20 0 
 2372	20	2	20 0 
 2373	20	2	20 0 
 2374	20	2	20 0 
 2375	20	2	20 0 
 2376	20	2	20 0 
 2377	20	2	20 0 
 2378	20	2	19 1 
 2379	20	2	19 1 
 2380	20	2	19 1 
 2381	20	2	19 1 
 2382	20	2	20 0 
 2383	20	2	0 20 
 2384	20	2	20 0 
 2385	20	2	20 0 
 2386	20	2	20 0 
 2387	20	2	20 0 
 2388	20	2	20 0 
 2389	20	2	20 0 
 2390	20	2	19 1 
 2391	20	2	20 0 
 2392	20	2	16 4 
 2393	20	2	19 1 
 2394	20	2	20 0 
 2395	20	2	20 0 
 2396	20	2	18 2 
 2397	20	2	20 0 
 2398	20	2	20 0 
 2399	20	2	18 2 
 2400	20	2	18 2 
 2401	20	2	17 3 
 2402	20	2	19 1 
 2403	20	2	6 14 
 2404	20	2	20 0 
 2405	20	2	20 0 
 2406	20	2	17 3 
 2407	20	2	20 0 
 2408	20	2	18 2 
 2409	20	2	20 0 
 2410	20	2	20 0 
 2411	20	2	20 0 
 2412	20	2	20 0 
 2413	20	2	16 4 
 2414	20	2	16 4 
 2415	20	2	20 0 
 2416	20	2	20 0 
 2417	20	2	20 0 
 2418	20	2	0 20 
 2419	20	2	20 0 
 2420	20	2	19 1 
 2421	20	2	0 20 
 2422	20	2	20 0 
 2423	20	2	20 0 
 2424	20	2	20 0 
 2425	20	2	19 1 
 2426	20	2	20 0 
 2427	20	2	20 0 
 2428	20	2	16 4 
 2429	20	2	20 0 
 2430	20	2	19 1 
 2431	20	2	15 5 
 2432	20	2	20 0 
 2433	20	2	5 15 
 2434	20	2	18 2 
 2435	20	2	19 1 
 2436	20	2	20 0 
 2437	20	2	20 0 
 2438	20	2	4 16 
 2439	20	2	20 0 
 2440	20	2	16 4 
 2441	20	2	4 16 
 2442	20	2	17 3 
 2443	20	2	18 2 
 2444	20	2	20 0 
 2445	20	2	20 0 
 2446	20	2	20 0 
 2447	20	2	20 0 
 2448	20	2	18 2 
 2449	20	2	20 0 
 2450	20	2	14 6 
 2451	20	2	20 0 
 2452	20	2	20 0 
 2453	20	2	20 0 
 2454	20	2	20 0 
 2455	20	2	18 2 
 2456	20	2	19 1 
 2457	20	2	19 1 
 2458	20	2	20 0 
 2459	20	2	4 16 
 2460	20	2	11 9 
 2461	20	2	11 9 
 2462	20	2	15 5 
 2463	20	2	4 16 
 2464	20	2	11 9 
 2465	20	2	16 4 
 2466	20	2	13 7 
 2467	20	2	19 1 
 2468	20	2	16 4 
 2469	20	2	20 0 
 2470	20	2	20 0 
 2471	20	2	20 0 
 2472	20	2	14 6 
 2473	20	2	18 2 
 2474	20	2	19 1 
 2475	20	2	5 15 
 2476	20	2	18 2 
 2477	20	2	18 2 
 2478	20	2	20 0 
 2479	20	2	18 2 
 2480	20	2	20 0 
 2481	20	2	19 1 
 2482	20	2	20 0 
 2483	20	2	20 0 
 2484	20	2	14 6 
 2485	20	2	11 9 
 2486	20	2	20 0 
 2487	20	2	18 2 
 2488	20	2	18 2 
 2489	20	2	18 2 
 2490	20	2	20 0 
 2491	20	2	18 2 
 2492	20	2	20 0 
 2493	20	2	20 0 
 2494	20	2	20 0 
 2495	20	2	20 0 
 2496	20	2	20 0 
 2497	20	2	20 0 
 2498	20	2	10 10 
 2499	20	2	15 5 
 2500	20	2	20 0 
 2501	20	2	19 1 
 2502	20	2	19 1 
 2503	20	2	19 1 
 2504	20	2	19 1 
 2505	20	2	17 3 
 2506	20	2	20 0 
 2507	20	2	17 3 
 2508	20	2	20 0 
 2509	20	2	20 0 
 2510	20	2	19 1 
 2511	20	2	15 5 
 2512	20	2	20 0 
 2513	20	2	11 9 
 2514	20	2	19 1 
 2515	20	2	19 1 
 2516	20	2	20 0 
 2517	20	2	20 0 
 2518	20	2	20 0 
 2519	20	2	20 0 
 2520	20	2	20 0 
 2521	20	2	20 0 
 2522	20	2	20 0 
 2523	20	2	20 0 
 2524	20	2	18 2 
 2525	20	2	19 1 
 2526	20	2	20 0 
 2527	20	2	20 0 
 2528	20	2	20 0 
 2529	20	2	20 0 
 2530	20	2	19 1 
 2531	20	2	20 0 
 2532	20	2	16 4 
 2533	20	2	19 1 
 2534	20	2	16 4 
 2535	20	2	16 4 
 2536	20	2	18 2 
 2537	20	2	20 0 
 2538	20	2	20 0 
 2539	20	2	20 0 
 2540	20	2	20 0 
 2541	20	2	20 0 
 2542	20	2	20 0 
 2543	20	2	20 0 
 2544	20	2	19 1 
 2545	20	2	19 1 
 2546	20	2	20 0 
 2547	20	2	19 1 
 2548	20	2	20 0 
 2549	20	2	20 0 
 2550	20	2	19 1 
 2551	20	2	15 5 
 2552	20	2	19 1 
 2553	20	2	19 1 
 2554	20	2	19 1 
 2555	20	2	20 0 
 2556	20	2	20 0 
 2557	20	2	20 0 
 2558	20	2	17 3 
 2559	20	2	14 6 
 2560	20	2	20 0 
 2561	20	2	5 15 
 2562	20	2	4 16 
 2563	20	2	1 19 
 2564	20	2	20 0 
 2565	20	2	19 1 
 2566	20	2	20 0 
 2567	20	2	17 3 
 2568	20	2	19 1 
 2569	20	2	20 0 
 2570	20	2	20 0 
 2571	20	2	20 0 
 2572	20	2	20 0 
 2573	20	2	19 1 
 2574	20	2	20 0 
 2575	20	2	20 0 
 2576	20	2	20 0 
 2577	20	2	20 0 
 2578	20	2	18 2 
 2579	20	2	20 0 
 2580	20	2	20 0 
 2581	20	2	20 0 
 2582	20	2	19 1 
 2583	20	2	19 1 
 2584	20	2	20 0 
 2585	20	2	20 0 
 2586	20	2	20 0 
 2587	20	2	20 0 
 2588	20	2	17 3 
 2589	20	2	14 6 
 2590	20	2	19 1 
 2591	20	2	14 6 
 2592	20	2	14 6 
 2593	20	2	20 0 
 2594	20	2	19 1 
 2595	20	2	20 0 
 2596	20	2	14 6 
 2597	20	2	20 0 
 2598	20	2	20 0 
 2599	20	2	20 0 
 2600	20	2	17 3 
 2601	20	2	17 3 
 2602	20	2	18 2 
 2603	20	2	20 0 
 2604	20	2	18 2 
 2605	20	2	18 2 
 2606	20	2	20 0 
 2607	20	2	19 1 
 2608	20	2	19 1 
 2609	20	2	19 1 
 2610	20	2	19 1 
 2611	20	2	20 0 
 2612	20	2	18 2 
 2613	20	2	18 2 
 2614	20	2	19 1 
 2615	20	2	20 0 
 2616	20	2	20 0 
 2617	20	2	14 6 
 2618	20	2	19 1 
 2619	20	2	20 0 
 2620	20	2	20 0 
 2621	20	2	20 0 
 2622	20	2	19 1 
 2623	20	2	20 0 
 2624	20	2	19 1 
 2625	20	2	20 0 
 2626	20	2	20 0 
 2627	20	2	20 0 
 2628	20	2	20 0 
 2629	20	2	20 0 
 2630	20	2	20 0 
 2631	20	2	20 0 
 2632	20	2	16 4 
 2633	20	2	3 17 
 2634	20	2	20 0 
 2635	20	2	20 0 
 2636	20	2	20 0 
 2637	20	2	0 20 
 2638	20	2	19 1 
 2639	20	2	20 0 
 2640	20	2	20 0 
 2641	20	2	20 0 
 2642	20	2	20 0 
 2643	20	2	20 0 
 2644	20	2	20 0 
 2645	20	2	20 0 
 2646	20	2	20 0 
 2647	20	2	20 0 
 2648	20	2	20 0 
 2649	20	2	20 0 
 2650	20	2	20 0 
 2651	20	2	19 1 
 2652	20	2	19 1 
 2653	20	2	20 0 
 2654	20	2	20 0 
 2655	20	2	19 1 
 2656	20	2	20 0 
 2657	20	2	19 1 
 2658	20	2	20 0 
 2659	20	2	20 0 
 2660	20	2	19 1 
 2661	20	2	20 0 
 2662	20	2	20 0 
 2663	20	2	16 4 
 2664	20	2	18 2 
 2665	20	2	16 4 
 2666	20	2	20 0 
 2667	20	2	16 4 
 2668	20	2	16 4 
 2669	20	2	20 0 
 2670	20	2	20 0 
 2671	20	2	19 1 
 2672	20	2	19 1 
 2673	20	2	20 0 
 2674	20	2	20 0 
 2675	20	2	20 0 
 2676	20	2	20 0 
 2677	20	2	20 0 
 2678	20	2	20 0 
 2679	20	2	20 0 
 2680	20	2	20 0 
 2681	20	2	20 0 
 2682	20	2	20 0 
 2683	20	2	20 0 
 2684	20	2	20 0 
 2685	20	2	20 0 
 2686	20	2	20 0 
 2687	20	2	0 20 
 2688	20	2	20 0 
 2689	20	2	19 1 
 2690	20	2	20 0 
 2691	20	2	20 0 
 2692	20	2	20 0 
 2693	20	2	19 1 
 2694	20	2	20 0 
 2695	20	2	20 0 
 2696	20	2	20 0 
 2697	20	2	20 0 
 2698	20	2	20 0 
 2699	20	2	20 0 
 2700	20	2	20 0 
 2701	20	2	18 2 
 2702	20	2	19 1 
 2703	20	2	19 1 
 2704	20	2	20 0 
 2705	20	2	20 0 
 2706	20	2	20 0 
 2707	20	2	20 0 
 2708	20	2	19 1 
 2709	20	2	18 2 
 2710	20	2	19 1 
 2711	20	2	19 1 
 2712	20	2	17 3 
 2713	20	2	17 3 
 2714	20	2	20 0 
 2715	20	2	20 0 
 2716	20	2	20 0 
 2717	20	2	17 3 
 2718	20	2	20 0 
 2719	20	2	19 1 
 2720	20	2	20 0 
 2721	20	2	20 0 
 2722	20	2	17 3 
 2723	20	2	20 0 
 2724	20	2	20 0 
 2725	20	2	19 1 
 2726	20	2	12 8 
 2727	20	2	19 1 
 2728	20	2	12 8 
 2729	20	2	12 8 
 2730	20	2	20 0 
 2731	20	2	20 0 
 2732	20	2	20 0 
 2733	20	2	20 0 
 2734	20	2	8 12 
 2735	20	2	20 0 
 2736	20	2	20 0 
 2737	20	2	12 8 
 2738	20	2	20 0 
 2739	20	2	19 1 
 2740	20	2	20 0 
 2741	20	2	11 9 
 2742	20	2	7 13 
 2743	20	2	18 2 
 2744	20	2	20 0 
 2745	20	2	19 1 
 2746	20	2	20 0 
 2747	20	2	20 0 
 2748	20	2	5 15 
 2749	20	2	18 2 
 2750	20	2	20 0 
 2751	20	2	19 1 
 2752	20	2	19 1 
 2753	20	2	19 1 
 2754	20	2	20 0 
 2755	20	2	14 6 
 2756	20	2	16 4 
 2757	20	2	20 0 
 2758	20	2	20 0 
 2759	20	2	20 0 
 2760	20	2	17 3 
 2761	20	2	20 0 
 2762	20	2	17 3 
 2763	20	2	20 0 
 2764	20	2	20 0 
 2765	20	2	20 0 
 2766	20	2	18 2 
 2767	20	2	20 0 
 2768	20	2	20 0 
 2769	20	2	16 4 
 2770	20	2	18 2 
 2771	20	2	4 16 
 2772	20	2	17 3 
 2773	20	2	17 3 
 2774	20	2	20 0 
 2775	20	2	19 1 
 2776	20	2	6 14 
 2777	20	2	7 13 
 2778	20	2	13 7 
 2779	20	2	20 0 
 2780	20	2	20 0 
 2781	20	2	20 0 
 2782	20	2	20 0 
 2783	20	2	3 17 
 2784	20	2	20 0 
 2785	20	2	19 1 
 2786	20	2	12 8 
 2787	20	2	11 9 
 2788	20	2	20 0 
 2789	20	2	20 0 
 2790	20	2	19 1 
 2791	20	2	19 1 
 2792	20	2	19 1 
 2793	20	2	19 1 
 2794	20	2	20 0 
 2795	20	2	14 6 
 2796	20	2	12 8 
 2797	20	2	19 1 
 2798	20	2	12 8 
 2799	20	2	20 0 
 2800	20	2	20 0 
 2801	20	2	20 0 
 2802	20	2	17 3 
 2803	20	2	20 0 
 2804	20	2	6 14 
 2805	20	2	6 14 
 2806	20	2	19 1 
 2807	20	2	20 0 
 2808	20	2	20 0 
 2809	20	2	19 1 
 2810	20	2	18 2 
 2811	20	2	19 1 
 2812	20	2	20 0 
 2813	20	2	20 0 
 2814	20	2	19 1 
 2815	20	2	14 6 
 2816	20	2	17 3 
 2817	20	2	3 17 
 2818	20	2	20 0 
 2819	20	2	18 2 
 2820	20	2	19 1 
 2821	20	2	11 9 
 2822	20	2	19 1 
 2823	20	2	20 0 
 2824	20	2	20 0 
 2825	20	2	20 0 
 2826	20	2	18 2 
 2827	20	2	20 0 
 2828	20	2	20 0 
 2829	20	2	20 0 
 2830	20	2	18 2 
 2831	20	2	20 0 
 2832	20	2	20 0 
 2833	20	2	20 0 
 2834	20	2	20 0 
 2835	20	2	20 0 
 2836	20	2	20 0 
 2837	20	2	20 0 
 2838	20	2	9 11 
 2839	20	2	18 2 
 2840	20	2	19 1 
 2841	20	2	20 0 
 2842	20	2	20 0 
 2843	20	2	20 0 
 2844	20	2	19 1 
 2845	20	2	20 0 
 2846	20	2	20 0 
 2847	20	2	20 0 
 2848	20	2	19 1 
 2849	20	2	20 0 
 2850	20	2	20 0 
 2851	20	2	17 3 
 2852	20	2	19 1 
 2853	20	2	19 1 
 2854	20	2	20 0 
 2855	20	2	20 0 
 2856	20	2	20 0 
 2857	20	2	19 1 
 2858	20	2	19 1 
 2859	20	2	18 2 
 2860	20	2	17 3 
 2861	20	2	18 2 
 2862	20	2	17 3 
 2863	20	2	20 0 
 2864	20	2	19 1 
 2865	20	2	20 0 
 2866	20	2	20 0 
 2867	20	2	18 2 
 2868	20	2	19 1 
 2869	20	2	3 17 
 2870	20	2	20 0 
 2871	20	2	11 9 
 2872	20	2	20 0 
 2873	20	2	20 0 
 2874	20	2	18 2 
 2875	20	2	20 0 
 2876	20	2	20 0 
 2877	20	2	16 4 
 2878	20	2	19 1 
 2879	20	2	19 1 
 2880	20	2	20 0 
 2881	20	2	20 0 
 2882	20	2	19 1 
 2883	20	2	20 0 
 2884	20	2	19 1 
 2885	20	2	20 0 
 2886	20	2	18 2 
 2887	20	2	20 0 
 2888	20	2	19 1 
 2889	20	2	20 0 
 2890	20	2	20 0 
 2891	20	2	18 2 
 2892	20	2	4 16 
 2893	20	2	19 1 
 2894	20	2	19 1 
 2895	20	2	19 1 
 2896	20	2	20 0 
 2897	20	2	20 0 
 2898	20	2	20 0 
 2899	20	2	20 0 
 2900	20	2	20 0 
 2901	20	2	20 0 
 2902	20	2	17 3 
 2903	20	2	12 8 
 2904	20	2	20 0 
 2905	20	2	20 0 
 2906	20	2	19 1 
 2907	20	2	3 17 
 2908	20	2	3 17 
 2909	20	2	20 0 
 2910	20	2	14 6 
 2911	20	2	14 6 
 2912	20	2	19 1 
 2913	20	2	20 0 
 2914	20	2	20 0 
 2915	20	2	18 2 
 2916	20	2	19 1 
 2917	20	2	19 1 
 2918	20	2	20 0 
 2919	20	2	20 0 
 2920	20	2	20 0 
 2921	20	2	20 0 
 2922	20	2	20 0 
 2923	20	2	20 0 
 2924	20	2	3 17 
 2925	20	2	19 1 
 2926	20	2	20 0 
 2927	20	2	20 0 
 2928	20	2	19 1 
 2929	20	2	19 1 
 2930	20	2	1 19 
 2931	20	2	16 4 
 2932	20	2	20 0 
 2933	20	2	16 4 
 2934	20	2	20 0 
 2935	20	2	17 3 
 2936	20	2	20 0 
 2937	20	2	18 2 
 2938	20	2	18 2 
 2939	20	2	18 2 
 2940	20	2	20 0 
 2941	20	2	20 0 
 2942	20	2	20 0 
 2943	20	2	18 2 
 2944	20	2	18 2 
 2945	20	2	20 0 
 2946	20	2	18 2 
 2947	20	2	12 8 
 2948	20	2	20 0 
 2949	20	2	10 10 
 2950	20	2	19 1 
 2951	20	2	20 0 
 2952	20	2	20 0 
 2953	20	2	16 4 
 2954	20	2	20 0 
 2955	20	2	20 0 
 2956	20	2	20 0 
 2957	20	2	20 0 
 2958	20	2	20 0 
 2959	20	2	15 5 
 2960	20	2	20 0 
 2961	20	2	15 5 
 2962	20	2	20 0 
 2963	20	2	20 0 
 2964	20	2	19 1 
 2965	20	2	20 0 
 2966	20	2	20 0 
 2967	20	2	19 1 
 2968	20	2	19 1 
 2969	20	2	19 1 
 2970	20	2	19 1 
 2971	20	2	18 2 
 2972	20	2	20 0 
 2973	20	2	19 1 
 2974	20	2	20 0 
 2975	20	2	20 0 
 2976	20	2	18 2 
 2977	20	2	20 0 
 2978	20	2	20 0 
 2979	20	2	17 3 
 2980	20	2	17 3 
 2981	20	2	17 3 
 2982	20	2	20 0 
 2983	20	2	19 1 
 2984	20	2	20 0 
 2985	20	2	20 0 
 2986	20	2	20 0 
 2987	20	2	15 5 
 2988	20	2	20 0 
 2989	20	2	20 0 
 2990	20	2	20 0 
 2991	20	2	18 2 
 2992	20	2	20 0 
 2993	20	2	20 0 
 2994	20	2	20 0 
 2995	20	2	20 0 
 2996	20	2	18 2 
 2997	20	2	20 0 
 2998	20	2	19 1 
 2999	20	2	19 1 
 3000	20	2	6 14 
 3001	20	2	17 3 
 3002	20	2	17 3 
 3003	20	2	19 1 
 3004	20	2	12 8 
 3005	20	2	11 9 
 3006	20	2	12 8 
 3007	20	2	12 8 
 3008	20	2	11 9 
 3009	20	2	19 1 
 3010	20	2	19 1 
 3011	20	2	19 1 
 3012	20	2	19 1 
 3013	20	2	20 0 
 3014	20	2	19 1 
 3015	20	2	19 1 
 3016	20	2	19 1 
 3017	20	2	20 0 
 3018	20	2	19 1 
 3019	20	2	20 0 
 3020	20	2	20 0 
 3021	20	2	0 20 
 3022	20	2	20 0 
 3023	20	2	20 0 
 3024	20	2	18 2 
 3025	20	2	6 14 
 3026	20	2	17 3 
 3027	20	2	20 0 
 3028	20	2	20 0 
 3029	20	2	12 8 
 3030	20	2	20 0 
 3031	20	2	19 1 
 3032	20	2	19 1 
 3033	20	2	19 1 
 3034	20	2	20 0 
 3035	20	2	1 19 
 3036	20	2	20 0 
 3037	20	2	20 0 
 3038	20	2	17 3 
 3039	20	2	19 1 
 3040	20	2	20 0 
 3041	20	2	19 1 
 3042	20	2	19 1 
 3043	20	2	19 1 
 3044	20	2	19 1 
 3045	20	2	19 1 
 3046	20	2	20 0 
 3047	20	2	18 2 
 3048	20	2	20 0 
 3049	20	2	20 0 
 3050	20	2	20 0 
 3051	20	2	20 0 
 3052	20	2	1 19 
 3053	20	2	19 1 
 3054	20	2	20 0 
 3055	20	2	20 0 
 3056	20	2	18 2 
 3057	20	2	20 0 
 3058	20	2	20 0 
 3059	20	2	20 0 
 3060	20	2	20 0 
 3061	20	2	16 4 
 3062	20	2	2 18 
 3063	20	2	20 0 
 3064	20	2	19 1 
 3065	20	2	18 2 
 3066	20	2	18 2 
 3067	20	2	19 1 
 3068	20	2	18 2 
 3069	20	2	16 4 
 3070	20	2	20 0 
 3071	20	2	20 0 
 3072	20	2	16 4 
 3073	20	2	20 0 
 3074	20	2	20 0 
 3075	20	2	20 0 
 3076	20	2	20 0 
 3077	20	2	19 1 
 3078	20	2	7 13 
 3079	20	2	13 7 
 3080	20	2	20 0 
 3081	20	2	20 0 
 3082	20	2	20 0 
 3083	20	2	18 2 
 3084	20	2	20 0 
 3085	20	2	17 3 
 3086	20	2	20 0 
 3087	20	2	19 1 
 3088	20	2	20 0 
 3089	20	2	19 1 
 3090	20	2	20 0 
 3091	20	2	20 0 
 3092	20	2	20 0 
 3093	20	2	20 0 
 3094	20	2	19 1 
 3095	20	2	20 0 
 3096	20	2	20 0 
 3097	20	2	18 2 
 3098	20	2	20 0 
 3099	20	2	20 0 
 3100	20	2	20 0 
 3101	20	2	20 0 
 3102	20	2	19 1 
 3103	20	2	11 9 
 3104	20	2	20 0 
 3105	20	2	20 0 
 3106	20	2	17 3 
 3107	20	2	20 0 
 3108	20	2	20 0 
 3109	20	2	11 9 
 3110	20	2	7 13 
 3111	20	2	19 1 
 3112	20	2	20 0 
 3113	20	2	19 1 
 3114	20	2	20 0 
 3115	20	2	19 1 
 3116	20	2	17 3 
 3117	20	2	20 0 
 3118	20	2	20 0 
 3119	20	2	20 0 
 3120	20	2	20 0 
 3121	20	2	18 2 
 3122	20	2	20 0 
 3123	20	2	20 0 
 3124	20	2	20 0 
 3125	20	2	20 0 
 3126	20	2	18 2 
 3127	20	2	20 0 
 3128	20	2	9 11 
 3129	20	2	11 9 
 3130	20	2	11 9 
 3131	20	2	20 0 
 3132	20	2	20 0 
 3133	20	2	20 0 
 3134	20	2	14 6 
 3135	20	2	20 0 
 3136	20	2	17 3 
 3137	20	2	10 10 
 3138	20	2	20 0 
 3139	20	2	20 0 
 3140	20	2	19 1 
 3141	20	2	12 8 
 3142	20	2	7 13 
 3143	20	2	19 1 
 3144	20	2	18 2 
 3145	20	2	19 1 
 3146	20	2	20 0 
 3147	20	2	15 5 
 3148	20	2	20 0 
 3149	20	2	15 5 
 3150	20	2	19 1 
 3151	20	2	20 0 
 3152	20	2	12 8 
 3153	20	2	20 0 
 3154	20	2	20 0 
 3155	20	2	20 0 
 3156	20	2	18 2 
 3157	20	2	20 0 
 3158	20	2	20 0 
 3159	20	2	20 0 
 3160	20	2	20 0 
 3161	20	2	18 2 
 3162	20	2	19 1 
 3163	20	2	20 0 
 3164	20	2	20 0 
 3165	20	2	20 0 
 3166	20	2	20 0 
 3167	20	2	20 0 
 3168	20	2	20 0 
 3169	20	2	20 0 
 3170	20	2	20 0 
 3171	20	2	20 0 
 3172	20	2	19 1 
 3173	20	2	16 4 
 3174	20	2	16 4 
 3175	20	2	20 0 
 3176	20	2	0 20 
 3177	20	2	20 0 
 3178	20	2	20 0 
 3179	20	2	20 0 
 3180	20	2	18 2 
 3181	20	2	20 0 
 3182	20	2	20 0 
 3183	20	2	20 0 
 3184	20	2	20 0 
 3185	20	2	20 0 
 3186	20	2	20 0 
 3187	20	2	5 15 
 3188	20	2	20 0 
 3189	20	2	20 0 
 3190	20	2	8 12 
 3191	20	2	20 0 
 3192	20	2	20 0 
 3193	20	2	20 0 
 3194	20	2	20 0 
 3195	20	2	19 1 
 3196	20	2	16 4 
 3197	20	2	20 0 
 3198	20	2	4 16 
 3199	20	2	20 0 
 3200	20	2	20 0 
 3201	20	2	20 0 
 3202	20	2	20 0 
 3203	20	2	20 0 
 3204	20	2	20 0 
 3205	20	2	18 2 
 3206	20	2	20 0 
 3207	20	2	20 0 
 3208	20	2	20 0 
 3209	20	2	20 0 
 3210	20	2	17 3 
 3211	20	2	20 0 
 3212	20	2	18 2 
 3213	20	2	15 5 
 3214	20	2	19 1 
 3215	20	2	20 0 
 3216	20	2	19 1 
 3217	20	2	20 0 
 3218	20	2	20 0 
 3219	20	2	19 1 
 3220	20	2	20 0 
 3221	20	2	20 0 
 3222	20	2	20 0 
 3223	20	2	18 2 
 3224	20	2	20 0 
 3225	20	2	17 3 
 3226	20	2	20 0 
 3227	20	2	20 0 
 3228	20	2	20 0 
 3229	20	2	20 0 
 3230	20	2	20 0 
 3231	20	2	15 5 
 3232	20	2	20 0 
 3233	20	2	19 1 
 3234	20	2	0 20 
 3235	20	2	20 0 
 3236	20	2	16 4 
 3237	20	2	20 0 
 3238	20	2	16 4 
 3239	20	2	20 0 
 3240	20	2	20 0 
 3241	20	2	18 2 
 3242	20	2	20 0 
 3243	20	2	20 0 
 3244	20	2	20 0 
 3245	20	2	14 6 
 3246	20	2	17 3 
 3247	20	2	17 3 
 3248	20	2	17 3 
 3249	20	2	19 1 
 3250	20	2	14 6 
 3251	20	2	18 2 
 3252	20	2	20 0 
 3253	20	2	18 2 
 3254	20	2	20 0 
 3255	20	2	20 0 
 3256	20	2	17 3 
 3257	20	2	19 1 
 3258	20	2	19 1 
 3259	20	2	20 0 
 3260	20	2	18 2 
 3261	20	2	20 0 
 3262	20	2	20 0 
 3263	20	2	20 0 
 3264	20	2	19 1 
 3265	20	2	20 0 
 3266	20	2	20 0 
 3267	20	2	20 0 
 3268	20	2	20 0 
 3269	20	2	20 0 
 3270	20	2	14 6 
 3271	20	2	14 6 
 3272	20	2	15 5 
 3273	20	2	14 6 
 3274	20	2	20 0 
 3275	20	2	19 1 
 3276	20	2	7 13 
 3277	20	2	20 0 
 3278	20	2	20 0 
 3279	20	2	20 0 
 3280	20	2	17 3 
 3281	20	2	20 0 
 3282	20	2	20 0 
 3283	20	2	20 0 
 3284	20	2	20 0 
 3285	20	2	20 0 
 3286	20	2	20 0 
 3287	20	2	20 0 
 3288	20	2	20 0 
 3289	20	2	20 0 
 3290	20	2	20 0 
 3291	20	2	19 1 
 3292	20	2	15 5 
 3293	20	2	20 0 
 3294	20	2	15 5 
 3295	20	2	16 4 
 3296	20	2	20 0 
 3297	20	2	15 5 
 3298	20	2	20 0 
 3299	20	2	20 0 
 3300	20	2	20 0 
 3301	20	2	3 17 
 3302	20	2	3 17 
 3303	20	2	20 0 
 3304	20	2	20 0 
 3305	20	2	20 0 
 3306	20	2	20 0 
 3307	20	2	20 0 
 3308	20	2	12 8 
 3309	20	2	20 0 
 3310	20	2	4 16 
 3311	20	2	20 0 
 3312	20	2	20 0 
 3313	20	2	20 0 
 3314	20	2	19 1 
 3315	20	2	5 15 
 3316	20	2	20 0 
 3317	20	2	20 0 
 3318	20	2	5 15 
 3319	20	2	7 13 
 3320	20	2	20 0 
 3321	20	2	20 0 
 3322	20	2	20 0 
 3323	20	2	17 3 
 3324	20	2	20 0 
 3325	20	2	20 0 
 3326	20	2	18 2 
 3327	20	2	20 0 
 3328	20	2	20 0 
 3329	20	2	20 0 
 3330	20	2	1 19 
 3331	20	2	20 0 
 3332	20	2	20 0 
 3333	20	2	17 3 
 3334	20	2	20 0 
 3335	20	2	20 0 
 3336	20	2	14 6 
 3337	20	2	20 0 
 3338	20	2	6 14 
 3339	20	2	16 4 
 3340	20	2	19 1 
 3341	20	2	16 4 
 3342	20	2	0 20 
 3343	20	2	17 3 
 3344	20	2	19 1 
 3345	20	2	7 13 
 3346	20	2	18 2 
 3347	20	2	18 2 
 3348	20	2	18 2 
 3349	20	2	20 0 
 3350	20	2	20 0 
 3351	20	2	20 0 
 3352	20	2	19 1 
 3353	20	2	18 2 
 3354	20	2	20 0 
 3355	20	2	20 0 
 3356	20	2	20 0 
 3357	20	2	20 0 
 3358	20	2	20 0 
 3359	20	2	20 0 
 3360	20	2	20 0 
 3361	20	2	20 0 
 3362	20	2	20 0 
 3363	20	2	15 5 
 3364	20	2	20 0 
 3365	20	2	19 1 
 3366	20	2	20 0 
 3367	20	2	18 2 
 3368	20	2	20 0 
 3369	20	2	19 1 
 3370	20	2	20 0 
 3371	20	2	18 2 
 3372	20	2	20 0 
 3373	20	2	19 1 
 3374	20	2	20 0 
 3375	20	2	16 4 
 3376	20	2	18 2 
 3377	20	2	16 4 
 3378	20	2	20 0 
 3379	20	2	20 0 
 3380	20	2	14 6 
 3381	20	2	17 3 
 3382	20	2	20 0 
 3383	20	2	20 0 
 3384	20	2	19 1 
 3385	20	2	19 1 
 3386	20	2	0 20 
 3387	20	2	16 4 
 3388	20	2	20 0 
 3389	20	2	12 8 
 3390	20	2	20 0 
 3391	20	2	18 2 
 3392	20	2	19 1 
 3393	20	2	20 0 
 3394	20	2	20 0 
 3395	20	2	20 0 
 3396	20	2	0 20 
 3397	20	2	20 0 
 3398	20	2	20 0 
 3399	20	2	18 2 
 3400	20	2	20 0 
 3401	20	2	20 0 
 3402	20	2	19 1 
 3403	20	2	20 0 
 3404	20	2	19 1 
 3405	20	2	20 0 
 3406	20	2	20 0 
 3407	20	2	0 20 
 3408	20	2	20 0 
 3409	20	2	20 0 
 3410	20	2	20 0 
 3411	20	2	19 1 
 3412	20	2	20 0 
 3413	20	2	16 4 
 3414	20	2	20 0 
 3415	20	2	20 0 
 3416	20	2	16 4 
 3417	20	2	20 0 
 3418	20	2	20 0 
 3419	20	2	14 6 
 3420	20	2	20 0 
 3421	20	2	16 4 
 3422	20	2	19 1 
 3423	20	2	20 0 
 3424	20	2	20 0 
 3425	20	2	20 0 
 3426	20	2	16 4 
 3427	20	2	20 0 
 3428	20	2	20 0 
 3429	20	2	20 0 
 3430	20	2	20 0 
 3431	20	2	20 0 
 3432	20	2	20 0 
 3433	20	2	16 4 
 3434	20	2	20 0 
 3435	20	2	20 0 
 3436	20	2	19 1 
 3437	20	2	19 1 
 3438	20	2	19 1 
 3439	20	2	7 13 
 3440	20	2	19 1 
 3441	20	2	20 0 
 3442	20	2	19 1 
 3443	20	2	19 1 
 3444	20	2	20 0 
 3445	20	2	20 0 
 3446	20	2	20 0 
 3447	20	2	20 0 
 3448	20	2	19 1 
 3449	20	2	20 0 
 3450	20	2	20 0 
 3451	20	2	19 1 
 3452	20	2	20 0 
 3453	20	2	16 4 
 3454	20	2	10 10 
 3455	20	2	20 0 
 3456	20	2	20 0 
 3457	20	2	19 1 
 3458	20	2	7 13 
 3459	20	2	7 13 
 3460	20	2	18 2 
 3461	20	2	17 3 
 3462	20	2	0 20 
 3463	20	2	20 0 
 3464	20	2	20 0 
 3465	20	2	20 0 
 3466	20	2	20 0 
 3467	20	2	20 0 
 3468	20	2	15 5 
 3469	20	2	20 0 
 3470	20	2	20 0 
 3471	20	2	20 0 
 3472	20	2	20 0 
 3473	20	2	19 1 
 3474	20	2	20 0 
 3475	20	2	20 0 
 3476	20	2	20 0 
 3477	20	2	20 0 
 3478	20	2	20 0 
 3479	20	2	20 0 
 3480	20	2	20 0 
 3481	20	2	20 0 
 3482	20	2	20 0 
 3483	20	2	17 3 
 3484	20	2	20 0 
 3485	20	2	20 0 
 3486	20	2	20 0 
 3487	20	2	18 2 
 3488	20	2	20 0 
 3489	20	2	20 0 
 3490	20	2	20 0 
 3491	20	2	20 0 
 3492	20	2	20 0 
 3493	20	2	20 0 
 3494	20	2	20 0 
 3495	20	2	19 1 
 3496	20	2	20 0 
 3497	20	2	18 2 
 3498	20	2	7 13 
 3499	20	2	19 1 
 3500	20	2	19 1 
 3501	20	2	18 2 
 3502	20	2	20 0 
 3503	20	2	20 0 
 3504	20	2	19 1 
 3505	20	2	11 9 
 3506	20	2	12 8 
 3507	20	2	20 0 
 3508	20	2	20 0 
 3509	20	2	12 8 
 3510	20	2	12 8 
 3511	20	2	12 8 
 3512	20	2	20 0 
 3513	20	2	12 8 
 3514	20	2	20 0 
 3515	20	2	19 1 
 3516	20	2	20 0 
 3517	20	2	20 0 
 3518	20	2	20 0 
 3519	20	2	20 0 
 3520	20	2	20 0 
 3521	20	2	20 0 
 3522	20	2	20 0 
 3523	20	2	19 1 
 3524	20	2	20 0 
 3525	20	2	20 0 
 3526	20	2	20 0 
 3527	20	2	15 5 
 3528	20	2	15 5 
 3529	20	2	20 0 
 3530	20	2	20 0 
 3531	20	2	20 0 
 3532	20	2	20 0 
 3533	20	2	20 0 
 3534	20	2	19 1 
 3535	20	2	20 0 
 3536	20	2	17 3 
 3537	20	2	15 5 
 3538	20	2	19 1 
 3539	20	2	19 1 
 3540	20	2	19 1 
 3541	20	2	20 0 
 3542	20	2	19 1 
 3543	20	2	19 1 
 3544	20	2	9 11 
 3545	20	2	19 1 
 3546	20	2	19 1 
 3547	20	2	9 11 
 3548	20	2	20 0 
 3549	20	2	15 5 
 3550	20	2	20 0 
 3551	20	2	19 1 
 3552	20	2	20 0 
 3553	20	2	20 0 
 3554	20	2	20 0 
 3555	20	2	20 0 
 3556	20	2	0 20 
 3557	20	2	20 0 
 3558	20	2	19 1 
 3559	20	2	20 0 
 3560	20	2	17 3 
 3561	20	2	20 0 
 3562	20	2	17 3 
 3563	20	2	20 0 
 3564	20	2	19 1 
 3565	20	2	17 3 
 3566	20	2	20 0 
 3567	20	2	18 2 
 3568	20	2	18 2 
 3569	20	2	19 1 
 3570	20	2	19 1 
 3571	20	2	20 0 
 3572	20	2	17 3 
 3573	20	2	20 0 
 3574	20	2	18 2 
 3575	20	2	18 2 
 3576	20	2	20 0 
 3577	20	2	20 0 
 3578	20	2	20 0 
 3579	20	2	19 1 
 3580	20	2	20 0 
 3581	20	2	20 0 
 3582	20	2	20 0 
 3583	20	2	20 0 
 3584	20	2	20 0 
 3585	20	2	20 0 
 3586	20	2	19 1 
 3587	20	2	20 0 
 3588	20	2	19 1 
 3589	20	2	20 0 
 3590	20	2	20 0 
 3591	20	2	19 1 
 3592	20	2	20 0 
 3593	20	2	18 2 
 3594	20	2	19 1 
 3595	20	2	20 0 
 3596	20	2	20 0 
 3597	20	2	20 0 
 3598	20	2	20 0 
 3599	20	2	19 1 
 3600	20	2	20 0 
 3601	20	2	20 0 
 3602	20	2	20 0 
 3603	20	2	20 0 
 3604	20	2	20 0 
 3605	20	2	20 0 
 3606	20	2	20 0 
 3607	20	2	20 0 
 3608	20	2	20 0 
 3609	20	2	19 1 
 3610	20	2	17 3 
 3611	20	2	19 1 
 3612	20	2	8 12 
 3613	20	2	17 3 
 3614	20	2	20 0 
 3615	20	2	20 0 
 3616	20	2	16 4 
 3617	20	2	18 2 
 3618	20	2	9 11 
 3619	20	2	20 0 
 3620	20	2	20 0 
 3621	20	2	20 0 
 3622	20	2	20 0 
 3623	20	2	20 0 
 3624	20	2	15 5 
 3625	20	2	6 14 
 3626	20	2	19 1 
 3627	20	2	20 0 
 3628	20	2	20 0 
 3629	20	2	19 1 
 3630	20	2	20 0 
 3631	20	2	20 0 
 3632	20	2	19 1 
 3633	20	2	20 0 
 3634	20	2	12 8 
 3635	20	2	16 4 
 3636	20	2	20 0 
 3637	20	2	4 16 
 3638	20	2	20 0 
 3639	20	2	3 17 
 3640	20	2	20 0 
 3641	20	2	13 7 
 3642	20	2	20 0 
 3643	20	2	20 0 
 3644	20	2	20 0 
 3645	20	2	20 0 
 3646	20	2	20 0 
 3647	20	2	19 1 
 3648	20	2	19 1 
 3649	20	2	20 0 
 3650	20	2	20 0 
 3651	20	2	20 0 
 3652	20	2	20 0 
 3653	20	2	20 0 
 3654	20	2	18 2 
 3655	20	2	20 0 
 3656	20	2	18 2 
 3657	20	2	20 0 
 3658	20	2	20 0 
 3659	20	2	19 1 
 3660	20	2	20 0 
 3661	20	2	20 0 
 3662	20	2	20 0 
 3663	20	2	19 1 
 3664	20	2	17 3 
 3665	20	2	16 4 
 3666	20	2	20 0 
 3667	20	2	16 4 
 3668	20	2	20 0 
 3669	20	2	3 17 
 3670	20	2	20 0 
 3671	20	2	20 0 
 3672	20	2	20 0 
 3673	20	2	16 4 
 3674	20	2	16 4 
 3675	20	2	20 0 
 3676	20	2	16 4 
 3677	20	2	16 4 
 3678	20	2	16 4 
 3679	20	2	20 0 
 3680	20	2	20 0 
 3681	20	2	18 2 
 3682	20	2	19 1 
 3683	20	2	19 1 
 3684	20	2	19 1 
 3685	20	2	20 0 
 3686	20	2	20 0 
 3687	20	2	19 1 
 3688	20	2	20 0 
 3689	20	2	17 3 
 3690	20	2	20 0 
 3691	20	2	20 0 
 3692	20	2	18 2 
 3693	20	2	20 0 
 3694	20	2	19 1 
 3695	20	2	20 0 
 3696	20	2	19 1 
 3697	20	2	17 3 
 3698	20	2	17 3 
 3699	20	2	7 13 
 3700	20	2	20 0 
 3701	20	2	20 0 
 3702	20	2	17 3 
 3703	20	2	20 0 
 3704	20	2	20 0 
 3705	20	2	20 0 
 3706	20	2	20 0 
 3707	20	2	19 1 
 3708	20	2	20 0 
 3709	20	2	19 1 
 3710	20	2	20 0 
 3711	20	2	19 1 
 3712	20	2	19 1 
 3713	20	2	15 5 
 3714	20	2	19 1 
 3715	20	2	19 1 
 3716	20	2	19 1 
 3717	20	2	20 0 
 3718	20	2	20 0 
 3719	20	2	4 16 
 3720	20	2	4 16 
 3721	20	2	20 0 
 3722	20	2	4 16 
 3723	20	2	20 0 
 3724	20	2	20 0 
 3725	20	2	19 1 
 3726	20	2	19 1 
 3727	20	2	20 0 
 3728	20	2	20 0 
 3729	20	2	19 1 
 3730	20	2	17 3 
 3731	20	2	19 1 
 3732	20	2	20 0 
 3733	20	2	19 1 
 3734	20	2	18 2 
 3735	20	2	20 0 
 3736	20	2	15 5 
 3737	20	2	20 0 
 3738	20	2	4 16 
 3739	20	2	20 0 
 3740	20	2	20 0 
 3741	20	2	20 0 
 3742	20	2	18 2 
 3743	20	2	20 0 
 3744	20	2	20 0 
 3745	20	2	20 0 
 3746	20	2	1 19 
 3747	20	2	20 0 
 3748	20	2	19 1 
 3749	20	2	20 0 
 3750	20	2	20 0 
 3751	20	2	10 10 
 3752	20	2	19 1 
 3753	20	2	20 0 
 3754	20	2	20 0 
 3755	20	2	20 0 
 3756	20	2	20 0 
 3757	20	2	20 0 
 3758	20	2	20 0 
 3759	20	2	18 2 
 3760	20	2	10 10 
 3761	20	2	20 0 
 3762	20	2	18 2 
 3763	20	2	20 0 
 3764	20	2	13 7 
 3765	20	2	19 1 
 3766	20	2	19 1 
 3767	20	2	19 1 
 3768	20	2	20 0 
 3769	20	2	19 1 
 3770	20	2	20 0 
 3771	20	2	20 0 
 3772	20	2	19 1 
 3773	20	2	19 1 
 3774	20	2	19 1 
 3775	20	2	20 0 
 3776	20	2	20 0 
 3777	20	2	20 0 
 3778	20	2	20 0 
 3779	20	2	20 0 
 3780	20	2	18 2 
 3781	20	2	20 0 
 3782	20	2	20 0 
 3783	20	2	18 2 
 3784	20	2	18 2 
 3785	20	2	20 0 
 3786	20	2	10 10 
 3787	20	2	20 0 
 3788	20	2	20 0 
 3789	20	2	19 1 
 3790	20	2	19 1 
 3791	20	2	15 5 
 3792	20	2	20 0 
 3793	20	2	20 0 
 3794	20	2	20 0 
 3795	20	2	20 0 
 3796	20	2	20 0 
 3797	20	2	20 0 
 3798	20	2	20 0 
 3799	20	2	1 19 
 3800	20	2	20 0 
 3801	20	2	20 0 
 3802	20	2	20 0 
 3803	20	2	19 1 
 3804	20	2	19 1 
 3805	20	2	19 1 
 3806	20	2	19 1 
 3807	20	2	19 1 
 3808	20	2	19 1 
 3809	20	2	20 0 
 3810	20	2	20 0 
 3811	20	2	11 9 
 3812	20	2	11 9 
 3813	20	2	11 9 
 3814	20	2	11 9 
 3815	20	2	19 1 
 3816	20	2	20 0 
 3817	20	2	20 0 
 3818	20	2	20 0 
 3819	20	2	20 0 
 3820	20	2	20 0 
 3821	20	2	17 3 
 3822	20	2	20 0 
 3823	20	2	20 0 
 3824	20	2	20 0 
 3825	20	2	20 0 
 3826	20	2	20 0 
 3827	20	2	20 0 
 3828	20	2	19 1 
 3829	20	2	19 1 
 3830	20	2	18 2 
 3831	20	2	20 0 
 3832	20	2	17 3 
 3833	20	2	18 2 
 3834	20	2	17 3 
 3835	20	2	20 0 
 3836	20	2	14 6 
 3837	20	2	20 0 
 3838	20	2	19 1 
 3839	20	2	20 0 
 3840	20	2	20 0 
 3841	20	2	20 0 
 3842	20	2	20 0 
 3843	20	2	20 0 
 3844	20	2	1 19 
 3845	20	2	19 1 
 3846	20	2	20 0 
 3847	20	2	20 0 
 3848	20	2	20 0 
 3849	20	2	18 2 
 3850	20	2	20 0 
 3851	20	2	19 1 
 3852	20	2	19 1 
 3853	20	2	20 0 
 3854	20	2	20 0 
 3855	20	2	13 7 
 3856	20	2	20 0 
 3857	20	2	17 3 
 3858	20	2	20 0 
 3859	20	2	6 14 
 3860	20	2	20 0 
 3861	20	2	19 1 
 3862	20	2	18 2 
 3863	20	2	20 0 
 3864	20	2	20 0 
 3865	20	2	19 1 
 3866	20	2	20 0 
 3867	20	2	19 1 
 3868	20	2	20 0 
 3869	20	2	19 1 
 3870	20	2	19 1 
 3871	20	2	19 1 
 3872	20	2	20 0 
 3873	20	2	17 3 
 3874	20	2	20 0 
 3875	20	2	20 0 
 3876	20	2	20 0 
 3877	20	2	20 0 
 3878	20	2	20 0 
 3879	20	2	20 0 
 3880	20	2	20 0 
 3881	20	2	20 0 
 3882	20	2	20 0 
 3883	20	2	20 0 
 3884	20	2	20 0 
 3885	20	2	20 0 
 3886	20	2	20 0 
 3887	20	2	20 0 
 3888	20	2	20 0 
 3889	20	2	20 0 
 3890	20	2	19 1 
 3891	20	2	20 0 
 3892	20	2	18 2 
 3893	20	2	19 1 
 3894	20	2	19 1 
 3895	20	2	18 2 
 3896	20	2	20 0 
 3897	20	2	20 0 
 3898	20	2	10 10 
 3899	20	2	19 1 
 3900	20	2	19 1 
 3901	20	2	20 0 
 3902	20	2	20 0 
 3903	20	2	20 0 
 3904	20	2	19 1 
 3905	20	2	20 0 
 3906	20	2	20 0 
 3907	20	2	20 0 
 3908	20	2	2 18 
 3909	20	2	20 0 
 3910	20	2	20 0 
 3911	20	2	20 0 
 3912	20	2	19 1 
 3913	20	2	19 1 
 3914	20	2	19 1 
 3915	20	2	19 1 
 3916	20	2	20 0 
 3917	20	2	19 1 
 3918	20	2	19 1 
 3919	20	2	20 0 
 3920	20	2	20 0 
 3921	20	2	20 0 
 3922	20	2	15 5 
 3923	20	2	20 0 
 3924	20	2	20 0 
 3925	20	2	9 11 
 3926	20	2	18 2 
 3927	20	2	16 4 
 3928	20	2	16 4 
 3929	20	2	16 4 
 3930	20	2	19 1 
 3931	20	2	14 6 
 3932	20	2	17 3 
 3933	20	2	18 2 
 3934	20	2	20 0 
 3935	20	2	20 0 
 3936	20	2	20 0 
 3937	20	2	20 0 
 3938	20	2	20 0 
 3939	20	2	20 0 
 3940	20	2	20 0 
 3941	20	2	20 0 
 3942	20	2	20 0 
 3943	20	2	15 5 
 3944	20	2	20 0 
 3945	20	2	20 0 
 3946	20	2	18 2 
 3947	20	2	20 0 
 3948	20	2	2 18 
 3949	20	2	20 0 
 3950	20	2	20 0 
 3951	20	2	18 2 
 3952	20	2	19 1 
 3953	20	2	14 6 
 3954	20	2	20 0 
 3955	20	2	20 0 
 3956	20	2	20 0 
 3957	20	2	18 2 
 3958	20	2	14 6 
 3959	20	2	20 0 
 3960	20	2	17 3 
 3961	20	2	20 0 
 3962	20	2	20 0 
 3963	20	2	20 0 
 3964	20	2	20 0 
 3965	20	2	19 1 
 3966	20	2	18 2 
 3967	20	2	20 0 
 3968	20	2	20 0 
 3969	20	2	20 0 
 3970	20	2	20 0 
 3971	20	2	6 14 
 3972	20	2	16 4 
 3973	20	2	19 1 
 3974	20	2	19 1 
 3975	20	2	20 0 
 3976	20	2	20 0 
 3977	20	2	18 2 
 3978	20	2	13 7 
 3979	20	2	19 1 
 3980	20	2	19 1 
 3981	20	2	20 0 
 3982	20	2	20 0 
 3983	20	2	20 0 
 3984	20	2	18 2 
 3985	20	2	17 3 
 3986	20	2	20 0 
 3987	20	2	20 0 
 3988	20	2	20 0 
 3989	20	2	19 1 
 3990	20	2	19 1 
 3991	20	2	19 1 
 3992	20	2	19 1 
 3993	20	2	11 9 
 3994	20	2	20 0 
 3995	20	2	20 0 
 3996	20	2	19 1 
 3997	20	2	20 0 
 3998	20	2	20 0 
 3999	20	2	20 0 
 4000	20	2	20 0 
 4001	20	2	20 0 
 4002	20	2	20 0 
 4003	20	2	19 1 
 4004	20	2	16 4 
 4005	20	2	20 0 
 4006	20	2	20 0 
 4007	20	2	20 0 
 4008	20	2	20 0 
 4009	20	2	12 8 
 4010	20	2	20 0 
 4011	20	2	20 0 
 4012	20	2	19 1 
 4013	20	2	19 1 
 4014	20	2	20 0 
 4015	20	2	20 0 
 4016	20	2	20 0 
 4017	20	2	17 3 
 4018	20	2	14 6 
 4019	20	2	18 2 
 4020	20	2	18 2 
 4021	20	2	20 0 
 4022	20	2	16 4 
 4023	20	2	16 4 
 4024	20	2	20 0 
 4025	20	2	2 18 
 4026	20	2	16 4 
 4027	20	2	20 0 
 4028	20	2	17 3 
 4029	20	2	17 3 
 4030	20	2	19 1 
 4031	20	2	17 3 
 4032	20	2	14 6 
 4033	20	2	9 11 
 4034	20	2	20 0 
 4035	20	2	19 1 
 4036	20	2	19 1 
 4037	20	2	9 11 
 4038	20	2	20 0 
 4039	20	2	17 3 
 4040	20	2	19 1 
 4041	20	2	20 0 
 4042	20	2	20 0 
 4043	20	2	20 0 
 4044	20	2	19 1 
 4045	20	2	20 0 
 4046	20	2	20 0 
 4047	20	2	20 0 
 4048	20	2	19 1 
 4049	20	2	7 13 
 4050	20	2	20 0 
 4051	20	2	20 0 
 4052	20	2	20 0 
 4053	20	2	20 0 
 4054	20	2	20 0 
 4055	20	2	20 0 
 4056	20	2	20 0 
 4057	20	2	20 0 
 4058	20	2	20 0 
 4059	20	2	19 1 
 4060	20	2	16 4 
 4061	20	2	20 0 
 4062	20	2	20 0 
 4063	20	2	20 0 
 4064	20	2	20 0 
 4065	20	2	20 0 
 4066	20	2	20 0 
 4067	20	2	20 0 
 4068	20	2	20 0 
 4069	20	2	20 0 
 4070	20	2	20 0 
 4071	20	2	20 0 
 4072	20	2	19 1 
 4073	20	2	20 0 
 4074	20	2	20 0 
 4075	20	2	20 0 
 4076	20	2	20 0 
 4077	20	2	20 0 
 4078	20	2	18 2 
 4079	20	2	20 0 
 4080	20	2	20 0 
 4081	20	2	20 0 
 4082	20	2	20 0 
 4083	20	2	20 0 
 4084	20	2	20 0 
 4085	20	2	20 0 
 4086	20	2	20 0 
 4087	20	2	20 0 
 4088	20	2	20 0 
 4089	20	2	18 2 
 4090	20	2	20 0 
 4091	20	2	20 0 
 4092	20	2	20 0 
 4093	20	2	19 1 
 4094	20	2	20 0 
 4095	20	2	19 1 
 4096	20	2	19 1 
 4097	20	2	19 1 
 4098	20	2	6 14 
 4099	20	2	20 0 
 4100	20	2	19 1 
 4101	20	2	14 6 
 4102	20	2	6 14 
 4103	20	2	6 14 
 4104	20	2	20 0 
 4105	20	2	20 0 
 4106	20	2	20 0 
 4107	20	2	20 0 
 4108	20	2	19 1 
 4109	20	2	19 1 
 4110	20	2	20 0 
 4111	20	2	18 2 
 4112	20	2	19 1 
 4113	20	2	15 5 
 4114	20	2	19 1 
 4115	20	2	18 2 
 4116	20	2	19 1 
 4117	20	2	18 2 
 4118	20	2	15 5 
 4119	20	2	7 13 
 4120	20	2	19 1 
 4121	20	2	20 0 
 4122	20	2	18 2 
 4123	20	2	7 13 
 4124	20	2	19 1 
 4125	20	2	6 14 
 4126	20	2	13 7 
 4127	20	2	15 5 
 4128	20	2	18 2 
 4129	20	2	2 18 
 4130	20	2	19 1 
 4131	20	2	19 1 
 4132	20	2	20 0 
 4133	20	2	20 0 
 4134	20	2	15 5 
 4135	20	2	20 0 
 4136	20	2	20 0 
 4137	20	2	16 4 
 4138	20	2	18 2 
 4139	20	2	20 0 
 4140	20	2	20 0 
 4141	20	2	18 2 
 4142	20	2	4 16 
 4143	20	2	17 3 
 4144	20	2	20 0 
 4145	20	2	20 0 
 4146	20	2	20 0 
 4147	20	2	20 0 
 4148	20	2	0 20 
 4149	20	2	20 0 
 4150	20	2	20 0 
 4151	20	2	19 1 
 4152	20	2	20 0 
 4153	20	2	20 0 
 4154	20	2	20 0 
 4155	20	2	19 1 
 4156	20	2	15 5 
 4157	20	2	18 2 
 4158	20	2	9 11 
 4159	20	2	20 0 
 4160	20	2	20 0 
 4161	20	2	20 0 
 4162	20	2	20 0 
 4163	20	2	20 0 
 4164	20	2	14 6 
 4165	20	2	20 0 
 4166	20	2	20 0 
 4167	20	2	20 0 
 4168	20	2	19 1 
 4169	20	2	19 1 
 4170	20	2	20 0 
 4171	20	2	18 2 
 4172	20	2	17 3 
 4173	20	2	20 0 
 4174	20	2	20 0 
 4175	20	2	20 0 
 4176	20	2	16 4 
 4177	20	2	18 2 
 4178	20	2	17 3 
 4179	20	2	18 2 
 4180	20	2	16 4 
 4181	20	2	18 2 
 4182	20	2	20 0 
 4183	20	2	20 0 
 4184	20	2	20 0 
 4185	20	2	19 1 
 4186	20	2	20 0 
 4187	20	2	20 0 
 4188	20	2	20 0 
 4189	20	2	20 0 
 4190	20	2	20 0 
 4191	20	2	20 0 
 4192	20	2	20 0 
 4193	20	2	20 0 
 4194	20	2	20 0 
 4195	20	2	19 1 
 4196	20	2	13 7 
 4197	20	2	20 0 
 4198	20	2	20 0 
 4199	20	2	20 0 
 4200	20	2	19 1 
 4201	20	2	18 2 
 4202	20	2	20 0 
 4203	20	2	20 0 
 4204	20	2	13 7 
 4205	20	2	13 7 
 4206	20	2	14 6 
 4207	20	2	9 11 
 4208	20	2	20 0 
 4209	20	2	4 16 
 4210	20	2	20 0 
 4211	20	2	19 1 
 4212	20	2	19 1 
 4213	20	2	19 1 
 4214	20	2	19 1 
 4215	20	2	19 1 
 4216	20	2	20 0 
 4217	20	2	8 12 
 4218	20	2	20 0 
 4219	20	2	20 0 
 4220	20	2	20 0 
 4221	20	2	20 0 
 4222	20	2	20 0 
 4223	20	2	20 0 
 4224	20	2	20 0 
 4225	20	2	8 12 
 4226	20	2	20 0 
 4227	20	2	12 8 
 4228	20	2	17 3 
 4229	20	2	15 5 
 4230	20	2	20 0 
 4231	20	2	14 6 
 4232	20	2	20 0 
 4233	20	2	20 0 
 4234	20	2	20 0 
 4235	20	2	20 0 
 4236	20	2	19 1 
 4237	20	2	19 1 
 4238	20	2	0 20 
 4239	20	2	20 0 
 4240	20	2	0 20 
 4241	20	2	0 20 
 4242	20	2	7 13 
 4243	20	2	0 20 
 4244	20	2	0 20 
 4245	20	2	20 0 
 4246	20	2	16 4 
 4247	20	2	20 0 
 4248	20	2	20 0 
 4249	20	2	16 4 
 4250	20	2	20 0 
 4251	20	2	20 0 
 4252	20	2	19 1 
 4253	20	2	20 0 
 4254	20	2	20 0 
 4255	20	2	20 0 
 4256	20	2	20 0 
 4257	20	2	20 0 
 4258	20	2	19 1 
 4259	20	2	19 1 
 4260	20	2	20 0 
 4261	20	2	19 1 
 4262	20	2	20 0 
 4263	20	2	18 2 
 4264	20	2	18 2 
 4265	20	2	20 0 
 4266	20	2	18 2 
 4267	20	2	12 8 
 4268	20	2	18 2 
 4269	20	2	20 0 
 4270	20	2	20 0 
 4271	20	2	20 0 
 4272	20	2	20 0 
 4273	20	2	20 0 
 4274	20	2	18 2 
 4275	20	2	20 0 
 4276	20	2	15 5 
 4277	20	2	17 3 
 4278	20	2	20 0 
 4279	20	2	20 0 
 4280	20	2	20 0 
 4281	20	2	18 2 
 4282	20	2	19 1 
 4283	20	2	19 1 
 4284	20	2	20 0 
 4285	20	2	18 2 
 4286	20	2	18 2 
 4287	20	2	20 0 
 4288	20	2	20 0 
 4289	20	2	17 3 
 4290	20	2	19 1 
 4291	20	2	20 0 
 4292	20	2	17 3 
 4293	20	2	20 0 
 4294	20	2	19 1 
 4295	20	2	19 1 
 4296	20	2	16 4 
 4297	20	2	20 0 
 4298	20	2	20 0 
 4299	20	2	20 0 
 4300	20	2	19 1 
 4301	20	2	15 5 
 4302	20	2	20 0 
 4303	20	2	12 8 
 4304	20	2	19 1 
 4305	20	2	1 19 
 4306	20	2	1 19 
 4307	20	2	19 1 
 4308	20	2	1 19 
 4309	20	2	17 3 
 4310	20	2	20 0 
 4311	20	2	20 0 
 4312	20	2	20 0 
 4313	20	2	20 0 
 4314	20	2	20 0 
 4315	20	2	20 0 
 4316	20	2	20 0 
 4317	20	2	20 0 
 4318	20	2	20 0 
 4319	20	2	20 0 
 4320	20	2	19 1 
 4321	20	2	20 0 
 4322	20	2	20 0 
 4323	20	2	20 0 
 4324	20	2	18 2 
 4325	20	2	20 0 
 4326	20	2	20 0 
 4327	20	2	20 0 
 4328	20	2	20 0 
 4329	20	2	11 9 
 4330	20	2	19 1 
 4331	20	2	20 0 
 4332	20	2	20 0 
 4333	20	2	19 1 
 4334	20	2	20 0 
 4335	20	2	20 0 
 4336	20	2	19 1 
 4337	20	2	20 0 
 4338	20	2	19 1 
 4339	20	2	20 0 
 4340	20	2	20 0 
 4341	20	2	20 0 
 4342	20	2	14 6 
 4343	20	2	20 0 
 4344	20	2	20 0 
 4345	20	2	20 0 
 4346	20	2	16 4 
 4347	20	2	16 4 
 4348	20	2	16 4 
 4349	20	2	19 1 
 4350	20	2	20 0 
 4351	20	2	20 0 
 4352	20	2	16 4 
 4353	20	2	20 0 
 4354	20	2	16 4 
 4355	20	2	16 4 
 4356	20	2	16 4 
 4357	20	2	14 6 
 4358	20	2	20 0 
 4359	20	2	20 0 
 4360	20	2	20 0 
 4361	20	2	20 0 
 4362	20	2	19 1 
 4363	20	2	20 0 
 4364	20	2	15 5 
 4365	20	2	19 1 
 4366	20	2	20 0 
 4367	20	2	20 0 
 4368	20	2	19 1 
 4369	20	2	20 0 
 4370	20	2	20 0 
 4371	20	2	19 1 
 4372	20	2	2 18 
 4373	20	2	20 0 
 4374	20	2	16 4 
 4375	20	2	7 13 
 4376	20	2	0 20 
 4377	20	2	20 0 
 4378	20	2	20 0 
 4379	20	2	20 0 
 4380	20	2	20 0 
 4381	20	2	20 0 
 4382	20	2	20 0 
 4383	20	2	17 3 
 4384	20	2	19 1 
 4385	20	2	15 5 
 4386	20	2	20 0 
 4387	20	2	20 0 
 4388	20	2	20 0 
 4389	20	2	18 2 
 4390	20	2	20 0 
 4391	20	2	16 4 
 4392	20	2	18 2 
 4393	20	2	20 0 
 4394	20	2	19 1 
 4395	20	2	20 0 
 4396	20	2	19 1 
 4397	20	2	20 0 
 4398	20	2	19 1 
 4399	20	2	19 1 
 4400	20	2	16 4 
 4401	20	2	20 0 
 4402	20	2	20 0 
 4403	20	2	19 1 
 4404	20	2	20 0 
 4405	20	2	20 0 
 4406	20	2	20 0 
 4407	20	2	20 0 
 4408	20	2	19 1 
 4409	20	2	20 0 
 4410	20	2	20 0 
 4411	20	2	20 0 
 4412	20	2	20 0 
 4413	20	2	19 1 
 4414	20	2	20 0 
 4415	20	2	20 0 
 4416	20	2	20 0 
 4417	20	2	20 0 
 4418	20	2	20 0 
 4419	20	2	12 8 
 4420	20	2	8 12 
 4421	20	2	8 12 
 4422	20	2	20 0 
 4423	20	2	18 2 
 4424	20	2	20 0 
 4425	20	2	20 0 
 4426	20	2	20 0 
 4427	20	2	12 8 
 4428	20	2	12 8 
 4429	20	2	16 4 
 4430	20	2	20 0 
 4431	20	2	17 3 
 4432	20	2	20 0 
 4433	20	2	20 0 
 4434	20	2	20 0 
 4435	20	2	20 0 
 4436	20	2	19 1 
 4437	20	2	17 3 
 4438	20	2	19 1 
 4439	20	2	20 0 
 4440	20	2	20 0 
 4441	20	2	20 0 
 4442	20	2	20 0 
 4443	20	2	20 0 
 4444	20	2	20 0 
 4445	20	2	16 4 
 4446	20	2	19 1 
 4447	20	2	19 1 
 4448	20	2	20 0 
 4449	20	2	20 0 
 4450	20	2	19 1 
 4451	20	2	19 1 
 4452	20	2	20 0 
 4453	20	2	19 1 
 4454	20	2	16 4 
 4455	20	2	19 1 
 4456	20	2	20 0 
 4457	20	2	20 0 
 4458	20	2	19 1 
 4459	20	2	20 0 
 4460	20	2	18 2 
 4461	20	2	19 1 
 4462	20	2	20 0 
 4463	20	2	18 2 
 4464	20	2	18 2 
 4465	20	2	20 0 
 4466	20	2	17 3 
 4467	20	2	20 0 
 4468	20	2	19 1 
 4469	20	2	18 2 
 4470	20	2	20 0 
 4471	20	2	20 0 
 4472	20	2	14 6 
 4473	20	2	20 0 
 4474	20	2	19 1 
 4475	20	2	20 0 
 4476	20	2	14 6 
 4477	20	2	14 6 
 4478	20	2	14 6 
 4479	20	2	20 0 
 4480	20	2	19 1 
 4481	20	2	14 6 
 4482	20	2	20 0 
 4483	20	2	14 6 
 4484	20	2	14 6 
 4485	20	2	14 6 
 4486	20	2	14 6 
 4487	20	2	18 2 
 4488	20	2	20 0 
 4489	20	2	16 4 
 4490	20	2	18 2 
 4491	20	2	19 1 
 4492	20	2	20 0 
 4493	20	2	16 4 
 4494	20	2	18 2 
 4495	20	2	20 0 
 4496	20	2	17 3 
 4497	20	2	5 15 
 4498	20	2	20 0 
 4499	20	2	20 0 
 4500	20	2	19 1 
 4501	20	2	20 0 
 4502	20	2	20 0 
 4503	20	2	18 2 
 4504	20	2	18 2 
 4505	20	2	18 2 
 4506	20	2	18 2 
 4507	20	2	20 0 
 4508	20	2	20 0 
 4509	20	2	18 2 
 4510	20	2	19 1 
 4511	20	2	20 0 
 4512	20	2	20 0 
 4513	20	2	17 3 
 4514	20	2	16 4 
 4515	20	2	17 3 
 4516	20	2	20 0 
 4517	20	2	20 0 
 4518	20	2	18 2 
 4519	20	2	20 0 
 4520	20	2	18 2 
 4521	20	2	19 1 
 4522	20	2	2 18 
 4523	20	2	20 0 
 4524	20	2	19 1 
 4525	20	2	19 1 
 4526	20	2	17 3 
 4527	20	2	20 0 
 4528	20	2	17 3 
 4529	20	2	20 0 
 4530	20	2	0 20 
 4531	20	2	20 0 
 4532	20	2	17 3 
 4533	20	2	17 3 
 4534	20	2	19 1 
 4535	20	2	14 6 
 4536	20	2	14 6 
 4537	20	2	20 0 
 4538	20	2	17 3 
 4539	20	2	19 1 
 4540	20	2	20 0 
 4541	20	2	20 0 
 4542	20	2	20 0 
 4543	20	2	20 0 
 4544	20	2	20 0 
 4545	20	2	20 0 
 4546	20	2	5 15 
 4547	20	2	18 2 
 4548	20	2	10 10 
 4549	20	2	20 0 
 4550	20	2	10 10 
 4551	20	2	19 1 
 4552	20	2	20 0 
 4553	20	2	17 3 
 4554	20	2	20 0 
 4555	20	2	16 4 
 4556	20	2	20 0 
 4557	20	2	19 1 
 4558	20	2	20 0 
 4559	20	2	19 1 
 4560	20	2	20 0 
 4561	20	2	20 0 
 4562	20	2	18 2 
 4563	20	2	20 0 
 4564	20	2	16 4 
 4565	20	2	17 3 
 4566	20	2	19 1 
 4567	20	2	17 3 
 4568	20	2	17 3 
 4569	20	2	17 3 
 4570	20	2	18 2 
 4571	20	2	20 0 
 4572	20	2	20 0 
 4573	20	2	14 6 
 4574	20	2	20 0 
 4575	20	2	20 0 
 4576	20	2	20 0 
 4577	20	2	20 0 
 4578	20	2	20 0 
 4579	20	2	17 3 
 4580	20	2	14 6 
 4581	20	2	19 1 
 4582	20	2	14 6 
 4583	20	2	14 6 
 4584	20	2	20 0 
 4585	20	2	16 4 
 4586	20	2	20 0 
 4587	20	2	20 0 
 4588	20	2	20 0 
 4589	20	2	20 0 
 4590	20	2	14 6 
 4591	20	2	20 0 
 4592	20	2	20 0 
 4593	20	2	18 2 
 4594	20	2	20 0 
 4595	20	2	18 2 
 4596	20	2	19 1 
 4597	20	2	20 0 
 4598	20	2	20 0 
 4599	20	2	20 0 
 4600	20	2	20 0 
 4601	20	2	19 1 
 4602	20	2	20 0 
 4603	20	2	20 0 
 4604	20	2	20 0 
 4605	20	2	11 9 
 4606	20	2	17 3 
 4607	20	2	18 2 
 4608	20	2	20 0 
 4609	20	2	20 0 
 4610	20	2	20 0 
 4611	20	2	19 1 
 4612	20	2	20 0 
 4613	20	2	18 2 
 4614	20	2	19 1 
 4615	20	2	14 6 
 4616	20	2	19 1 
 4617	20	2	20 0 
 4618	20	2	20 0 
 4619	20	2	20 0 
 4620	20	2	19 1 
 4621	20	2	20 0 
 4622	20	2	19 1 
 4623	20	2	20 0 
 4624	20	2	20 0 
 4625	20	2	19 1 
 4626	20	2	17 3 
 4627	20	2	17 3 
 4628	20	2	19 1 
 4629	20	2	17 3 
 4630	20	2	5 15 
 4631	20	2	19 1 
 4632	20	2	19 1 
 4633	20	2	20 0 
 4634	20	2	17 3 
 4635	20	2	19 1 
 4636	20	2	20 0 
 4637	20	2	15 5 
 4638	20	2	19 1 
 4639	20	2	15 5 
 4640	20	2	5 15 
 4641	20	2	18 2 
 4642	20	2	16 4 
 4643	20	2	18 2 
 4644	20	2	3 17 
 4645	20	2	10 10 
 4646	20	2	18 2 
 4647	20	2	10 10 
 4648	20	2	7 13 
 4649	20	2	20 0 
 4650	20	2	20 0 
 4651	20	2	20 0 
 4652	20	2	20 0 
 4653	20	2	17 3 
 4654	20	2	20 0 
 4655	20	2	20 0 
 4656	20	2	20 0 
 4657	20	2	20 0 
 4658	20	2	20 0 
 4659	20	2	20 0 
 4660	20	2	20 0 
 4661	20	2	19 1 
 4662	20	2	20 0 
 4663	20	2	20 0 
 4664	20	2	20 0 
 4665	20	2	20 0 
 4666	20	2	20 0 
 4667	20	2	20 0 
 4668	20	2	20 0 
 4669	20	2	20 0 
 4670	20	2	19 1 
 4671	20	2	19 1 
 4672	20	2	20 0 
 4673	20	2	20 0 
 4674	20	2	20 0 
 4675	20	2	20 0 
 4676	20	2	20 0 
 4677	20	2	20 0 
 4678	20	2	17 3 
 4679	20	2	20 0 
 4680	20	2	20 0 
 4681	20	2	20 0 
 4682	20	2	20 0 
 4683	20	2	19 1 
 4684	20	2	18 2 
 4685	20	2	20 0 
 4686	20	2	20 0 
 4687	20	2	20 0 
 4688	20	2	20 0 
 4689	20	2	20 0 
 4690	20	2	20 0 
 4691	20	2	13 7 
 4692	20	2	20 0 
 4693	20	2	20 0 
 4694	20	2	20 0 
 4695	20	2	20 0 
 4696	20	2	6 14 
 4697	20	2	0 20 
 4698	20	2	20 0 
 4699	20	2	16 4 
 4700	20	2	20 0 
 4701	20	2	20 0 
 4702	20	2	20 0 
 4703	20	2	16 4 
 4704	20	2	20 0 
 4705	20	2	20 0 
 4706	20	2	18 2 
 4707	20	2	20 0 
 4708	20	2	20 0 
 4709	20	2	20 0 
 4710	20	2	1 19 
 4711	20	2	19 1 
 4712	20	2	20 0 
 4713	20	2	17 3 
 4714	20	2	19 1 
 4715	20	2	19 1 
 4716	20	2	19 1 
 4717	20	2	19 1 
 4718	20	2	20 0 
 4719	20	2	19 1 
 4720	20	2	20 0 
 4721	20	2	20 0 
 4722	20	2	20 0 
 4723	20	2	19 1 
 4724	20	2	19 1 
 4725	20	2	17 3 
 4726	20	2	19 1 
 4727	20	2	19 1 
 4728	20	2	20 0 
 4729	20	2	20 0 
 4730	20	2	20 0 
 4731	20	2	20 0 
 4732	20	2	20 0 
 4733	20	2	19 1 
 4734	20	2	20 0 
 4735	20	2	20 0 
 4736	20	2	17 3 
 4737	20	2	20 0 
 4738	20	2	18 2 
 4739	20	2	20 0 
 4740	20	2	12 8 
 4741	20	2	20 0 
 4742	20	2	12 8 
 4743	20	2	12 8 
 4744	20	2	20 0 
 4745	20	2	12 8 
 4746	20	2	20 0 
 4747	20	2	19 1 
 4748	20	2	20 0 
 4749	20	2	19 1 
 4750	20	2	12 8 
 4751	20	2	20 0 
 4752	20	2	20 0 
 4753	20	2	20 0 
 4754	20	2	20 0 
 4755	20	2	20 0 
 4756	20	2	2 18 
 4757	20	2	20 0 
 4758	20	2	20 0 
 4759	20	2	15 5 
 4760	20	2	19 1 
 4761	20	2	17 3 
 4762	20	2	19 1 
 4763	20	2	19 1 
 4764	20	2	20 0 
 4765	20	2	20 0 
 4766	20	2	20 0 
 4767	20	2	20 0 
 4768	20	2	20 0 
 4769	20	2	20 0 
 4770	20	2	19 1 
 4771	20	2	20 0 
 4772	20	2	19 1 
 4773	20	2	18 2 
 4774	20	2	19 1 
 4775	20	2	20 0 
 4776	20	2	20 0 
 4777	20	2	20 0 
 4778	20	2	20 0 
 4779	20	2	15 5 
 4780	20	2	20 0 
 4781	20	2	20 0 
 4782	20	2	10 10 
 4783	20	2	16 4 
 4784	20	2	20 0 
 4785	20	2	19 1 
 4786	20	2	20 0 
 4787	20	2	20 0 
 4788	20	2	12 8 
 4789	20	2	19 1 
 4790	20	2	19 1 
 4791	20	2	19 1 
 4792	20	2	20 0 
 4793	20	2	20 0 
 4794	20	2	20 0 
 4795	20	2	20 0 
 4796	20	2	20 0 
 4797	20	2	20 0 
 4798	20	2	20 0 
 4799	20	2	20 0 
 4800	20	2	20 0 
 4801	20	2	20 0 
 4802	20	2	20 0 
 4803	20	2	20 0 
 4804	20	2	19 1 
 4805	20	2	20 0 
 4806	20	2	20 0 
 4807	20	2	19 1 
 4808	20	2	20 0 
 4809	20	2	19 1 
 4810	20	2	19 1 
 4811	20	2	19 1 
 4812	20	2	20 0 
 4813	20	2	3 17 
 4814	20	2	20 0 
 4815	20	2	20 0 
 4816	20	2	20 0 
 4817	20	2	20 0 
 4818	20	2	20 0 
 4819	20	2	17 3 
 4820	20	2	20 0 
 4821	20	2	15 5 
 4822	20	2	19 1 
 4823	20	2	18 2 
 4824	20	2	14 6 
 4825	20	2	20 0 
 4826	20	2	20 0 
 4827	20	2	20 0 
 4828	20	2	20 0 
 4829	20	2	20 0 
 4830	20	2	20 0 
 4831	20	2	19 1 
 4832	20	2	20 0 
 4833	20	2	20 0 
 4834	20	2	19 1 
 4835	20	2	10 10 
 4836	20	2	10 10 
 4837	20	2	10 10 
 4838	20	2	10 10 
 4839	20	2	10 10 
 4840	20	2	10 10 
 4841	20	2	19 1 
 4842	20	2	13 7 
 4843	20	2	19 1 
 4844	20	2	19 1 
 4845	20	2	19 1 
 4846	20	2	20 0 
 4847	20	2	20 0 
 4848	20	2	19 1 
 4849	20	2	20 0 
 4850	20	2	20 0 
 4851	20	2	20 0 
 4852	20	2	20 0 
 4853	20	2	20 0 
 4854	20	2	20 0 
 4855	20	2	20 0 
 4856	20	2	20 0 
 4857	20	2	20 0 
 4858	20	2	20 0 
 4859	20	2	20 0 
 4860	20	2	20 0 
 4861	20	2	20 0 
 4862	20	2	17 3 
 4863	20	2	20 0 
 4864	20	2	20 0 
 4865	20	2	20 0 
 4866	20	2	19 1 
 4867	20	2	20 0 
 4868	20	2	20 0 
 4869	20	2	20 0 
 4870	20	2	20 0 
 4871	20	2	20 0 
 4872	20	2	13 7 
 4873	20	2	20 0 
 4874	20	2	20 0 
 4875	20	2	19 1 
 4876	20	2	20 0 
 4877	20	2	20 0 
 4878	20	2	20 0 
 4879	20	2	20 0 
 4880	20	2	20 0 
 4881	20	2	20 0 
 4882	20	2	15 5 
 4883	20	2	19 1 
 4884	20	2	19 1 
 4885	20	2	20 0 
 4886	20	2	19 1 
 4887	20	2	19 1 
 4888	20	2	20 0 
 4889	20	2	2 18 
 4890	20	2	9 11 
 4891	20	2	9 11 
 4892	20	2	20 0 
 4893	20	2	14 6 
 4894	20	2	17 3 
 4895	20	2	17 3 
 4896	20	2	17 3 
 4897	20	2	17 3 
 4898	20	2	17 3 
 4899	20	2	14 6 
 4900	20	2	20 0 
 4901	20	2	20 0 
 4902	20	2	20 0 
 4903	20	2	20 0 
 4904	20	2	19 1 
 4905	20	2	20 0 
 4906	20	2	18 2 
 4907	20	2	19 1 
 4908	20	2	20 0 
 4909	20	2	20 0 
 4910	20	2	20 0 
 4911	20	2	20 0 
 4912	20	2	20 0 
 4913	20	2	18 2 
 4914	20	2	17 3 
 4915	20	2	20 0 
 4916	20	2	19 1 
 4917	20	2	19 1 
 4918	20	2	19 1 
 4919	20	2	18 2 
 4920	20	2	20 0 
 4921	20	2	11 9 
 4922	20	2	20 0 
 4923	20	2	19 1 
 4924	20	2	20 0 
 4925	20	2	3 17 
 4926	20	2	20 0 
 4927	20	2	17 3 
 4928	20	2	19 1 
 4929	20	2	20 0 
 4930	20	2	18 2 
 4931	20	2	20 0 
 4932	20	2	20 0 
 4933	20	2	20 0 
 4934	20	2	20 0 
 4935	20	2	20 0 
 4936	20	2	20 0 
 4937	20	2	15 5 
 4938	20	2	15 5 
 4939	20	2	15 5 
 4940	20	2	15 5 
 4941	20	2	20 0 
 4942	20	2	5 15 
 4943	20	2	5 15 
 4944	20	2	5 15 
 4945	20	2	20 0 
 4946	20	2	13 7 
 4947	20	2	20 0 
 4948	20	2	13 7 
 4949	20	2	20 0 
 4950	20	2	19 1 
 4951	20	2	20 0 
 4952	20	2	20 0 
 4953	20	2	1 19 
 4954	20	2	20 0 
 4955	20	2	17 3 
 4956	20	2	19 1 
 4957	20	2	20 0 
 4958	20	2	20 0 
 4959	20	2	20 0 
 4960	20	2	20 0 
 4961	20	2	20 0 
 4962	20	2	3 17 
 4963	20	2	17 3 
 4964	20	2	20 0 
 4965	20	2	20 0 
 4966	20	2	20 0 
 4967	20	2	20 0 
 4968	20	2	20 0 
 4969	20	2	20 0 
 4970	20	2	20 0 
 4971	20	2	20 0 
 4972	20	2	17 3 
 4973	20	2	17 3 
 4974	20	2	17 3 
 4975	20	2	20 0 
 4976	20	2	14 6 
 4977	20	2	19 1 
 4978	20	2	20 0 
 4979	20	2	20 0 
 4980	20	2	20 0 
 4981	20	2	19 1 
 4982	20	2	17 3 
 4983	20	2	19 1 
 4984	20	2	20 0 
 4985	20	2	19 1 
 4986	20	2	20 0 
 4987	20	2	18 2 
 4988	20	2	0 20 
 4989	20	2	16 4 
 4990	20	2	19 1 
 4991	20	2	12 8 
 4992	20	2	19 1 
 4993	20	2	18 2 
 4994	20	2	19 1 
 4995	20	2	20 0 
 4996	20	2	18 2 
 4997	20	2	20 0 
 4998	20	2	18 2 
 4999	20	2	20 0 
 5000	20	2	19 1 
 5001	20	2	20 0 
 5002	20	2	20 0 
 5003	20	2	20 0 
 5004	20	2	20 0 
 5005	20	2	20 0 
 5006	20	2	19 1 
 5007	20	2	20 0 
 5008	20	2	20 0 
 5009	20	2	20 0 
 5010	20	2	20 0 
 5011	20	2	20 0 
 5012	20	2	20 0 
 5013	20	2	20 0 
 5014	20	2	20 0 
 5015	20	2	19 1 
 5016	20	2	20 0 
 5017	20	2	20 0 
 5018	20	2	20 0 
 5019	20	2	20 0 
 5020	20	2	19 1 
 5021	20	2	19 1 
 5022	20	2	20 0 
 5023	20	2	19 1 
 5024	20	2	20 0 
 5025	20	2	20 0 
 5026	20	2	20 0 
 5027	20	2	19 1 
 5028	20	2	20 0 
 5029	20	2	20 0 
 5030	20	2	19 1 
 5031	20	2	20 0 
 5032	20	2	20 0 
 5033	20	2	20 0 
 5034	20	2	20 0 
 5035	20	2	9 11 
 5036	20	2	9 11 
 5037	20	2	20 0 
 5038	20	2	9 11 
 5039	20	2	17 3 
 5040	20	2	20 0 
 5041	20	2	19 1 
 5042	20	2	19 1 
 5043	20	2	20 0 
 5044	20	2	20 0 
 5045	20	2	15 5 
 5046	20	2	20 0 
 5047	20	2	20 0 
 5048	20	2	19 1 
 5049	20	2	15 5 
 5050	20	2	15 5 
 5051	20	2	18 2 
 5052	20	2	20 0 
 5053	20	2	20 0 
 5054	20	2	20 0 
 5055	20	2	20 0 
 5056	20	2	20 0 
 5057	20	2	20 0 
 5058	20	2	20 0 
 5059	20	2	20 0 
 5060	20	2	20 0 
 5061	20	2	20 0 
 5062	20	2	20 0 
 5063	20	2	20 0 
 5064	20	2	20 0 
 5065	20	2	20 0 
 5066	20	2	19 1 
 5067	20	2	19 1 
 5068	20	2	20 0 
 5069	20	2	18 2 
 5070	20	2	19 1 
 5071	20	2	13 7 
 5072	20	2	20 0 
 5073	20	2	20 0 
 5074	20	2	18 2 
 5075	20	2	19 1 
 5076	20	2	20 0 
 5077	20	2	20 0 
 5078	20	2	20 0 
 5079	20	2	0 20 
 5080	20	2	18 2 
 5081	20	2	20 0 
 5082	20	2	20 0 
 5083	20	2	9 11 
 5084	20	2	8 12 
 5085	20	2	20 0 
 5086	20	2	19 1 
 5087	20	2	19 1 
 5088	20	2	3 17 
 5089	20	2	17 3 
 5090	20	2	20 0 
 5091	20	2	18 2 
 5092	20	2	20 0 
 5093	20	2	18 2 
 5094	20	2	18 2 
 5095	20	2	18 2 
 5096	20	2	20 0 
 5097	20	2	19 1 
 5098	20	2	20 0 
 5099	20	2	2 18 
 5100	20	2	14 6 
 5101	20	2	20 0 
 5102	20	2	4 16 
 5103	20	2	4 16 
 5104	20	2	20 0 
 5105	20	2	11 9 
 5106	20	2	20 0 
 5107	20	2	19 1 
 5108	20	2	3 17 
 5109	20	2	20 0 
 5110	20	2	20 0 
 5111	20	2	20 0 
 5112	20	2	20 0 
 5113	20	2	20 0 
 5114	20	2	20 0 
 5115	20	2	20 0 
 5116	20	2	20 0 
 5117	20	2	20 0 
 5118	20	2	19 1 
 5119	20	2	17 3 
 5120	20	2	20 0 
 5121	20	2	18 2 
 5122	20	2	19 1 
 5123	20	2	20 0 
 5124	20	2	20 0 
 5125	20	2	19 1 
 5126	20	2	20 0 
 5127	20	2	19 1 
 5128	20	2	18 2 
 5129	20	2	18 2 
 5130	20	2	18 2 
 5131	20	2	20 0 
 5132	20	2	18 2 
 5133	20	2	20 0 
 5134	20	2	20 0 
 5135	20	2	20 0 
 5136	20	2	19 1 
 5137	20	2	20 0 
 5138	20	2	20 0 
 5139	20	2	19 1 
 5140	20	2	19 1 
 5141	20	2	20 0 
 5142	20	2	20 0 
 5143	20	2	20 0 
 5144	20	2	20 0 
 5145	20	2	16 4 
 5146	20	2	16 4 
 5147	20	2	20 0 
 5148	20	2	20 0 
 5149	20	2	20 0 
 5150	20	2	0 20 
 5151	20	2	16 4 
 5152	20	2	18 2 
 5153	20	2	1 19 
 5154	20	2	19 1 
 5155	20	2	19 1 
 5156	20	2	19 1 
 5157	20	2	20 0 
 5158	20	2	19 1 
 5159	20	2	19 1 
 5160	20	2	20 0 
 5161	20	2	20 0 
 5162	20	2	17 3 
 5163	20	2	20 0 
 5164	20	2	20 0 
 5165	20	2	18 2 
 5166	20	2	20 0 
 5167	20	2	20 0 
 5168	20	2	20 0 
 5169	20	2	1 19 
 5170	20	2	20 0 
 5171	20	2	1 19 
 5172	20	2	20 0 
 5173	20	2	20 0 
 5174	20	2	20 0 
 5175	20	2	19 1 
 5176	20	2	20 0 
 5177	20	2	20 0 
 5178	20	2	20 0 
 5179	20	2	18 2 
 5180	20	2	6 14 
 5181	20	2	14 6 
 5182	20	2	0 20 
 5183	20	2	18 2 
 5184	20	2	20 0 
 5185	20	2	20 0 
 5186	20	2	13 7 
 5187	20	2	13 7 
 5188	20	2	20 0 
 5189	20	2	18 2 
 5190	20	2	19 1 
 5191	20	2	12 8 
 5192	20	2	19 1 
 5193	20	2	12 8 
 5194	20	2	7 13 
 5195	20	2	19 1 
 5196	20	2	19 1 
 5197	20	2	20 0 
 5198	20	2	20 0 
 5199	20	2	19 1 
 5200	20	2	20 0 
 5201	20	2	4 16 
 5202	20	2	6 14 
 5203	20	2	20 0 
 5204	20	2	20 0 
 5205	20	2	20 0 
 5206	20	2	18 2 
 5207	20	2	11 9 
 5208	20	2	20 0 
 5209	20	2	20 0 
 5210	20	2	7 13 
 5211	20	2	20 0 
 5212	20	2	7 13 
 5213	20	2	7 13 
 5214	20	2	19 1 
 5215	20	2	20 0 
 5216	20	2	20 0 
 5217	20	2	20 0 
 5218	20	2	20 0 
 5219	20	2	19 1 
 5220	20	2	20 0 
 5221	20	2	19 1 
 5222	20	2	19 1 
 5223	20	2	14 6 
 5224	20	2	20 0 
 5225	20	2	20 0 
 5226	20	2	19 1 
 5227	20	2	20 0 
 5228	20	2	19 1 
 5229	20	2	19 1 
 5230	20	2	20 0 
 5231	20	2	14 6 
 5232	20	2	20 0 
 5233	20	2	18 2 
 5234	20	2	18 2 
 5235	20	2	5 15 
 5236	20	2	20 0 
 5237	20	2	9 11 
 5238	20	2	20 0 
 5239	20	2	16 4 
 5240	20	2	19 1 
 5241	20	2	20 0 
 5242	20	2	20 0 
 5243	20	2	4 16 
 5244	20	2	16 4 
 5245	20	2	16 4 
 5246	20	2	19 1 
 5247	20	2	19 1 
 5248	20	2	20 0 
 5249	20	2	20 0 
 5250	20	2	19 1 
 5251	20	2	20 0 
 5252	20	2	3 17 
 5253	20	2	15 5 
 5254	20	2	19 1 
 5255	20	2	20 0 
 5256	20	2	20 0 
 5257	20	2	20 0 
 5258	20	2	20 0 
 5259	20	2	18 2 
 5260	20	2	20 0 
 5261	20	2	20 0 
 5262	20	2	20 0 
 5263	20	2	19 1 
 5264	20	2	20 0 
 5265	20	2	20 0 
 5266	20	2	18 2 
 5267	20	2	18 2 
 5268	20	2	20 0 
 5269	20	2	20 0 
 5270	20	2	20 0 
 5271	20	2	18 2 
 5272	20	2	6 14 
 5273	20	2	20 0 
 5274	20	2	6 14 
 5275	20	2	19 1 
 5276	20	2	20 0 
 5277	20	2	20 0 
 5278	20	2	19 1 
 5279	20	2	20 0 
 5280	20	2	19 1 
 5281	20	2	20 0 
 5282	20	2	20 0 
 5283	20	2	19 1 
 5284	20	2	20 0 
 5285	20	2	20 0 
 5286	20	2	20 0 
 5287	20	2	20 0 
 5288	20	2	20 0 
 5289	20	2	19 1 
 5290	20	2	19 1 
 5291	20	2	19 1 
 5292	20	2	11 9 
 5293	20	2	4 16 
 5294	20	2	20 0 
 5295	20	2	20 0 
 5296	20	2	20 0 
 5297	20	2	20 0 
 5298	20	2	20 0 
 5299	20	2	20 0 
 5300	20	2	20 0 
 5301	20	2	20 0 
 5302	20	2	20 0 
 5303	20	2	20 0 
 5304	20	2	16 4 
 5305	20	2	20 0 
 5306	20	2	19 1 
 5307	20	2	0 20 
 5308	20	2	19 1 
 5309	20	2	20 0 
 5310	20	2	20 0 
 5311	20	2	20 0 
 5312	20	2	20 0 
 5313	20	2	20 0 
 5314	20	2	18 2 
 5315	20	2	18 2 
 5316	20	2	19 1 
 5317	20	2	20 0 
 5318	20	2	20 0 
 5319	20	2	20 0 
 5320	20	2	20 0 
 5321	20	2	20 0 
 5322	20	2	20 0 
 5323	20	2	17 3 
 5324	20	2	20 0 
 5325	20	2	20 0 
 5326	20	2	14 6 
 5327	20	2	20 0 
 5328	20	2	19 1 
 5329	20	2	20 0 
 5330	20	2	17 3 
 5331	20	2	20 0 
 5332	20	2	20 0 
 5333	20	2	11 9 
 5334	20	2	18 2 
 5335	20	2	20 0 
 5336	20	2	2 18 
 5337	20	2	2 18 
 5338	20	2	19 1 
 5339	20	2	20 0 
 5340	20	2	20 0 
 5341	20	2	20 0 
 5342	20	2	19 1 
 5343	20	2	13 7 
 5344	20	2	16 4 
 5345	20	2	20 0 
 5346	20	2	18 2 
 5347	20	2	6 14 
 5348	20	2	19 1 
 5349	20	2	10 10 
 5350	20	2	20 0 
 5351	20	2	13 7 
 5352	20	2	20 0 
 5353	20	2	20 0 
 5354	20	2	20 0 
 5355	20	2	20 0 
 5356	20	2	20 0 
 5357	20	2	20 0 
 5358	20	2	20 0 
 5359	20	2	20 0 
 5360	20	2	20 0 
 5361	20	2	20 0 
 5362	20	2	20 0 
 5363	20	2	20 0 
 5364	20	2	20 0 
 5365	20	2	19 1 
 5366	20	2	20 0 
 5367	20	2	20 0 
 5368	20	2	19 1 
 5369	20	2	20 0 
 5370	20	2	20 0 
 5371	20	2	19 1 
 5372	20	2	18 2 
 5373	20	2	20 0 
 5374	20	2	19 1 
 5375	20	2	20 0 
 5376	20	2	20 0 
 5377	20	2	20 0 
 5378	20	2	19 1 
 5379	20	2	19 1 
 5380	20	2	19 1 
 5381	20	2	20 0 
 5382	20	2	14 6 
 5383	20	2	14 6 
 5384	20	2	14 6 
 5385	20	2	20 0 
 5386	20	2	20 0 
 5387	20	2	20 0 
 5388	20	2	19 1 
 5389	20	2	14 6 
 5390	20	2	19 1 
 5391	20	2	12 8 
 5392	20	2	20 0 
 5393	20	2	20 0 
 5394	20	2	15 5 
 5395	20	2	20 0 
 5396	20	2	20 0 
 5397	20	2	20 0 
 5398	20	2	20 0 
 5399	20	2	20 0 
 5400	20	2	20 0 
 5401	20	2	20 0 
 5402	20	2	20 0 
 5403	20	2	20 0 
 5404	20	2	20 0 
 5405	20	2	20 0 
 5406	20	2	18 2 
 5407	20	2	20 0 
 5408	20	2	20 0 
 5409	20	2	18 2 
 5410	20	2	20 0 
 5411	20	2	19 1 
 5412	20	2	20 0 
 5413	20	2	20 0 
 5414	20	2	20 0 
 5415	20	2	20 0 
 5416	20	2	19 1 
 5417	20	2	20 0 
 5418	20	2	20 0 
 5419	20	2	17 3 
 5420	20	2	20 0 
 5421	20	2	20 0 
 5422	20	2	17 3 
 5423	20	2	19 1 
 5424	20	2	20 0 
 5425	20	2	19 1 
 5426	20	2	20 0 

[pop]=6
 1	8	2	6 2 
 2	8	2	8 0 
 3	8	2	6 2 
 4	8	2	6 2 
 5	8	2	8 0 
 6	8	2	6 2 
 7	8	2	8 0 
 8	8	2	8 0 
 9	8	2	8 0 
 10	8	2	8 0 
 11	8	2	6 2 
 12	8	2	6 2 
 13	8	2	6 2 
 14	8	2	8 0 
 15	8	2	8 0 
 16	8	2	8 0 
 17	8	2	8 0 
 18	8	2	8 0 
 19	8	2	8 0 
 20	8	2	8 0 
 21	8	2	8 0 
 22	8	2	8 0 
 23	8	2	2 6 
 24	8	2	8 0 
 25	8	2	8 0 
 26	8	2	8 0 
 27	8	2	8 0 
 28	8	2	5 3 
 29	8	2	8 0 
 30	8	2	8 0 
 31	8	2	8 0 
 32	8	2	8 0 
 33	8	2	8 0 
 34	8	2	8 0 
 35	8	2	7 1 
 36	8	2	6 2 
 37	8	2	7 1 
 38	8	2	8 0 
 39	8	2	8 0 
 40	8	2	8 0 
 41	8	2	7 1 
 42	8	2	8 0 
 43	8	2	6 2 
 44	8	2	8 0 
 45	8	2	8 0 
 46	8	2	8 0 
 47	8	2	8 0 
 48	8	2	8 0 
 49	8	2	8 0 
 50	8	2	8 0 
 51	8	2	8 0 
 52	8	2	8 0 
 53	8	2	8 0 
 54	8	2	5 3 
 55	8	2	8 0 
 56	8	2	8 0 
 57	8	2	8 0 
 58	8	2	8 0 
 59	8	2	1 7 
 60	8	2	8 0 
 61	8	2	1 7 
 62	8	2	6 2 
 63	8	2	8 0 
 64	8	2	8 0 
 65	8	2	7 1 
 66	8	2	8 0 
 67	8	2	8 0 
 68	8	2	8 0 
 69	8	2	7 1 
 70	8	2	8 0 
 71	8	2	8 0 
 72	8	2	8 0 
 73	8	2	7 1 
 74	8	2	8 0 
 75	8	2	8 0 
 76	8	2	8 0 
 77	8	2	8 0 
 78	8	2	8 0 
 79	8	2	8 0 
 80	8	2	8 0 
 81	8	2	8 0 
 82	8	2	7 1 
 83	8	2	8 0 
 84	8	2	8 0 
 85	8	2	6 2 
 86	8	2	7 1 
 87	8	2	7 1 
 88	8	2	8 0 
 89	8	2	8 0 
 90	8	2	8 0 
 91	8	2	8 0 
 92	8	2	8 0 
 93	8	2	7 1 
 94	8	2	8 0 
 95	8	2	6 2 
 96	8	2	8 0 
 97	8	2	8 0 
 98	8	2	8 0 
 99	8	2	7 1 
 100	8	2	6 2 
 101	8	2	7 1 
 102	8	2	1 7 
 103	8	2	8 0 
 104	8	2	7 1 
 105	8	2	8 0 
 106	8	2	8 0 
 107	8	2	8 0 
 108	8	2	8 0 
 109	8	2	8 0 
 110	8	2	8 0 
 111	8	2	8 0 
 112	8	2	8 0 
 113	8	2	5 3 
 114	8	2	8 0 
 115	8	2	6 2 
 116	8	2	0 8 
 117	8	2	0 8 
 118	8	2	6 2 
 119	8	2	8 0 
 120	8	2	8 0 
 121	8	2	8 0 
 122	8	2	6 2 
 123	8	2	6 2 
 124	8	2	6 2 
 125	8	2	6 2 
 126	8	2	8 0 
 127	8	2	3 5 
 128	8	2	8 0 
 129	8	2	8 0 
 130	8	2	4 4 
 131	8	2	4 4 
 132	8	2	6 2 
 133	8	2	8 0 
 134	8	2	6 2 
 135	8	2	7 1 
 136	8	2	3 5 
 137	8	2	8 0 
 138	8	2	8 0 
 139	8	2	7 1 
 140	8	2	7 1 
 141	8	2	8 0 
 142	8	2	4 4 
 143	8	2	7 1 
 144	8	2	8 0 
 145	8	2	6 2 
 146	8	2	8 0 
 147	8	2	8 0 
 148	8	2	8 0 
 149	8	2	8 0 
 150	8	2	7 1 
 151	8	2	8 0 
 152	8	2	2 6 
 153	8	2	8 0 
 154	8	2	8 0 
 155	8	2	8 0 
 156	8	2	8 0 
 157	8	2	2 6 
 158	8	2	8 0 
 159	8	2	8 0 
 160	8	2	7 1 
 161	8	2	8 0 
 162	8	2	8 0 
 163	8	2	8 0 
 164	8	2	8 0 
 165	8	2	8 0 
 166	8	2	8 0 
 167	8	2	8 0 
 168	8	2	7 1 
 169	8	2	8 0 
 170	8	2	5 3 
 171	8	2	8 0 
 172	8	2	7 1 
 173	8	2	8 0 
 174	8	2	8 0 
 175	8	2	8 0 
 176	8	2	8 0 
 177	8	2	8 0 
 178	8	2	8 0 
 179	8	2	8 0 
 180	8	2	8 0 
 181	8	2	8 0 
 182	8	2	8 0 
 183	8	2	8 0 
 184	8	2	8 0 
 185	8	2	4 4 
 186	8	2	8 0 
 187	8	2	8 0 
 188	8	2	8 0 
 189	8	2	8 0 
 190	8	2	8 0 
 191	8	2	8 0 
 192	8	2	8 0 
 193	8	2	8 0 
 194	8	2	5 3 
 195	8	2	8 0 
 196	8	2	0 8 
 197	8	2	8 0 
 198	8	2	8 0 
 199	8	2	8 0 
 200	8	2	8 0 
 201	8	2	8 0 
 202	8	2	7 1 
 203	8	2	8 0 
 204	8	2	5 3 
 205	8	2	5 3 
 206	8	2	8 0 
 207	8	2	8 0 
 208	8	2	5 3 
 209	8	2	8 0 
 210	8	2	8 0 
 211	8	2	8 0 
 212	8	2	8 0 
 213	8	2	8 0 
 214	8	2	8 0 
 215	8	2	8 0 
 216	8	2	6 2 
 217	8	2	2 6 
 218	8	2	6 2 
 219	8	2	2 6 
 220	8	2	2 6 
 221	8	2	2 6 
 222	8	2	8 0 
 223	8	2	8 0 
 224	8	2	8 0 
 225	8	2	8 0 
 226	8	2	8 0 
 227	8	2	8 0 
 228	8	2	8 0 
 229	8	2	8 0 
 230	8	2	7 1 
 231	8	2	6 2 
 232	8	2	8 0 
 233	8	2	8 0 
 234	8	2	8 0 
 235	8	2	6 2 
 236	8	2	8 0 
 237	8	2	5 3 
 238	8	2	5 3 
 239	8	2	5 3 
 240	8	2	8 0 
 241	8	2	8 0 
 242	8	2	8 0 
 243	8	2	8 0 
 244	8	2	5 3 
 245	8	2	7 1 
 246	8	2	8 0 
 247	8	2	8 0 
 248	8	2	7 1 
 249	8	2	8 0 
 250	8	2	8 0 
 251	8	2	6 2 
 252	8	2	6 2 
 253	8	2	5 3 
 254	8	2	2 6 
 255	8	2	8 0 
 256	8	2	8 0 
 257	8	2	6 2 
 258	8	2	2 6 
 259	8	2	7 1 
 260	8	2	7 1 
 261	8	2	7 1 
 262	8	2	8 0 
 263	8	2	8 0 
 264	8	2	5 3 
 265	8	2	8 0 
 266	8	2	8 0 
 267	8	2	7 1 
 268	8	2	8 0 
 269	8	2	8 0 
 270	8	2	8 0 
 271	8	2	8 0 
 272	8	2	8 0 
 273	8	2	8 0 
 274	8	2	8 0 
 275	8	2	8 0 
 276	8	2	8 0 
 277	8	2	8 0 
 278	8	2	8 0 
 279	8	2	8 0 
 280	8	2	8 0 
 281	8	2	7 1 
 282	8	2	8 0 
 283	8	2	8 0 
 284	8	2	5 3 
 285	8	2	8 0 
 286	8	2	8 0 
 287	8	2	4 4 
 288	8	2	8 0 
 289	8	2	5 3 
 290	8	2	8 0 
 291	8	2	7 1 
 292	8	2	8 0 
 293	8	2	7 1 
 294	8	2	8 0 
 295	8	2	8 0 
 296	8	2	8 0 
 297	8	2	8 0 
 298	8	2	6 2 
 299	8	2	8 0 
 300	8	2	8 0 
 301	8	2	8 0 
 302	8	2	1 7 
 303	8	2	8 0 
 304	8	2	8 0 
 305	8	2	7 1 
 306	8	2	6 2 
 307	8	2	8 0 
 308	8	2	8 0 
 309	8	2	8 0 
 310	8	2	8 0 
 311	8	2	7 1 
 312	8	2	8 0 
 313	8	2	8 0 
 314	8	2	8 0 
 315	8	2	3 5 
 316	8	2	7 1 
 317	8	2	8 0 
 318	8	2	8 0 
 319	8	2	5 3 
 320	8	2	1 7 
 321	8	2	8 0 
 322	8	2	8 0 
 323	8	2	5 3 
 324	8	2	8 0 
 325	8	2	8 0 
 326	8	2	7 1 
 327	8	2	8 0 
 328	8	2	7 1 
 329	8	2	8 0 
 330	8	2	8 0 
 331	8	2	8 0 
 332	8	2	8 0 
 333	8	2	8 0 
 334	8	2	8 0 
 335	8	2	7 1 
 336	8	2	8 0 
 337	8	2	8 0 
 338	8	2	8 0 
 339	8	2	8 0 
 340	8	2	8 0 
 341	8	2	7 1 
 342	8	2	8 0 
 343	8	2	6 2 
 344	8	2	8 0 
 345	8	2	8 0 
 346	8	2	8 0 
 347	8	2	7 1 
 348	8	2	8 0 
 349	8	2	7 1 
 350	8	2	6 2 
 351	8	2	6 2 
 352	8	2	6 2 
 353	8	2	8 0 
 354	8	2	5 3 
 355	8	2	8 0 
 356	8	2	8 0 
 357	8	2	8 0 
 358	8	2	8 0 
 359	8	2	6 2 
 360	8	2	8 0 
 361	8	2	8 0 
 362	8	2	8 0 
 363	8	2	1 7 
 364	8	2	7 1 
 365	8	2	7 1 
 366	8	2	7 1 
 367	8	2	7 1 
 368	8	2	8 0 
 369	8	2	0 8 
 370	8	2	1 7 
 371	8	2	8 0 
 372	8	2	1 7 
 373	8	2	8 0 
 374	8	2	8 0 
 375	8	2	0 8 
 376	8	2	7 1 
 377	8	2	8 0 
 378	8	2	8 0 
 379	8	2	8 0 
 380	8	2	8 0 
 381	8	2	7 1 
 382	8	2	8 0 
 383	8	2	8 0 
 384	8	2	8 0 
 385	8	2	8 0 
 386	8	2	8 0 
 387	8	2	8 0 
 388	8	2	8 0 
 389	8	2	8 0 
 390	8	2	8 0 
 391	8	2	6 2 
 392	8	2	8 0 
 393	8	2	0 8 
 394	8	2	8 0 
 395	8	2	8 0 
 396	8	2	7 1 
 397	8	2	8 0 
 398	8	2	6 2 
 399	8	2	6 2 
 400	8	2	6 2 
 401	8	2	6 2 
 402	8	2	6 2 
 403	8	2	8 0 
 404	8	2	6 2 
 405	8	2	8 0 
 406	8	2	8 0 
 407	8	2	8 0 
 408	8	2	8 0 
 409	8	2	8 0 
 410	8	2	8 0 
 411	8	2	8 0 
 412	8	2	8 0 
 413	8	2	8 0 
 414	8	2	8 0 
 415	8	2	8 0 
 416	8	2	8 0 
 417	8	2	8 0 
 418	8	2	8 0 
 419	8	2	8 0 
 420	8	2	8 0 
 421	8	2	8 0 
 422	8	2	8 0 
 423	8	2	8 0 
 424	8	2	8 0 
 425	8	2	8 0 
 426	8	2	8 0 
 427	8	2	8 0 
 428	8	2	8 0 
 429	8	2	8 0 
 430	8	2	7 1 
 431	8	2	8 0 
 432	8	2	7 1 
 433	8	2	8 0 
 434	8	2	7 1 
 435	8	2	8 0 
 436	8	2	8 0 
 437	8	2	2 6 
 438	8	2	6 2 
 439	8	2	6 2 
 440	8	2	7 1 
 441	8	2	8 0 
 442	8	2	8 0 
 443	8	2	6 2 
 444	8	2	7 1 
 445	8	2	6 2 
 446	8	2	8 0 
 447	8	2	6 2 
 448	8	2	8 0 
 449	8	2	8 0 
 450	8	2	1 7 
 451	8	2	7 1 
 452	8	2	4 4 
 453	8	2	8 0 
 454	8	2	8 0 
 455	8	2	8 0 
 456	8	2	8 0 
 457	8	2	8 0 
 458	8	2	8 0 
 459	8	2	8 0 
 460	8	2	8 0 
 461	8	2	8 0 
 462	8	2	8 0 
 463	8	2	8 0 
 464	8	2	8 0 
 465	8	2	8 0 
 466	8	2	8 0 
 467	8	2	8 0 
 468	8	2	8 0 
 469	8	2	8 0 
 470	8	2	5 3 
 471	8	2	7 1 
 472	8	2	8 0 
 473	8	2	7 1 
 474	8	2	0 8 
 475	8	2	8 0 
 476	8	2	1 7 
 477	8	2	8 0 
 478	8	2	8 0 
 479	8	2	8 0 
 480	8	2	8 0 
 481	8	2	6 2 
 482	8	2	5 3 
 483	8	2	8 0 
 484	8	2	8 0 
 485	8	2	8 0 
 486	8	2	1 7 
 487	8	2	7 1 
 488	8	2	7 1 
 489	8	2	8 0 
 490	8	2	8 0 
 491	8	2	8 0 
 492	8	2	8 0 
 493	8	2	3 5 
 494	8	2	8 0 
 495	8	2	8 0 
 496	8	2	8 0 
 497	8	2	8 0 
 498	8	2	8 0 
 499	8	2	4 4 
 500	8	2	4 4 
 501	8	2	7 1 
 502	8	2	8 0 
 503	8	2	8 0 
 504	8	2	8 0 
 505	8	2	8 0 
 506	8	2	8 0 
 507	8	2	8 0 
 508	8	2	8 0 
 509	8	2	8 0 
 510	8	2	8 0 
 511	8	2	1 7 
 512	8	2	7 1 
 513	8	2	8 0 
 514	8	2	8 0 
 515	8	2	8 0 
 516	8	2	8 0 
 517	8	2	8 0 
 518	8	2	7 1 
 519	8	2	8 0 
 520	8	2	7 1 
 521	8	2	6 2 
 522	8	2	2 6 
 523	8	2	8 0 
 524	8	2	8 0 
 525	8	2	8 0 
 526	8	2	8 0 
 527	8	2	8 0 
 528	8	2	8 0 
 529	8	2	8 0 
 530	8	2	8 0 
 531	8	2	8 0 
 532	8	2	8 0 
 533	8	2	6 2 
 534	8	2	7 1 
 535	8	2	8 0 
 536	8	2	8 0 
 537	8	2	8 0 
 538	8	2	8 0 
 539	8	2	7 1 
 540	8	2	1 7 
 541	8	2	8 0 
 542	8	2	8 0 
 543	8	2	8 0 
 544	8	2	8 0 
 545	8	2	7 1 
 546	8	2	8 0 
 547	8	2	2 6 
 548	8	2	8 0 
 549	8	2	8 0 
 550	8	2	8 0 
 551	8	2	7 1 
 552	8	2	7 1 
 553	8	2	8 0 
 554	8	2	7 1 
 555	8	2	7 1 
 556	8	2	8 0 
 557	8	2	0 8 
 558	8	2	7 1 
 559	8	2	8 0 
 560	8	2	8 0 
 561	8	2	8 0 
 562	8	2	8 0 
 563	8	2	8 0 
 564	8	2	8 0 
 565	8	2	8 0 
 566	8	2	8 0 
 567	8	2	8 0 
 568	8	2	8 0 
 569	8	2	8 0 
 570	8	2	5 3 
 571	8	2	8 0 
 572	8	2	8 0 
 573	8	2	8 0 
 574	8	2	8 0 
 575	8	2	7 1 
 576	8	2	8 0 
 577	8	2	3 5 
 578	8	2	7 1 
 579	8	2	8 0 
 580	8	2	8 0 
 581	8	2	8 0 
 582	8	2	8 0 
 583	8	2	8 0 
 584	8	2	5 3 
 585	8	2	7 1 
 586	8	2	8 0 
 587	8	2	6 2 
 588	8	2	8 0 
 589	8	2	7 1 
 590	8	2	6 2 
 591	8	2	6 2 
 592	8	2	8 0 
 593	8	2	8 0 
 594	8	2	8 0 
 595	8	2	7 1 
 596	8	2	8 0 
 597	8	2	8 0 
 598	8	2	8 0 
 599	8	2	8 0 
 600	8	2	8 0 
 601	8	2	8 0 
 602	8	2	6 2 
 603	8	2	7 1 
 604	8	2	7 1 
 605	8	2	4 4 
 606	8	2	8 0 
 607	8	2	7 1 
 608	8	2	7 1 
 609	8	2	0 8 
 610	8	2	8 0 
 611	8	2	4 4 
 612	8	2	8 0 
 613	8	2	4 4 
 614	8	2	7 1 
 615	8	2	8 0 
 616	8	2	8 0 
 617	8	2	2 6 
 618	8	2	8 0 
 619	8	2	8 0 
 620	8	2	2 6 
 621	8	2	8 0 
 622	8	2	8 0 
 623	8	2	1 7 
 624	8	2	6 2 
 625	8	2	8 0 
 626	8	2	8 0 
 627	8	2	8 0 
 628	8	2	7 1 
 629	8	2	8 0 
 630	8	2	8 0 
 631	8	2	8 0 
 632	8	2	1 7 
 633	8	2	8 0 
 634	8	2	8 0 
 635	8	2	6 2 
 636	8	2	7 1 
 637	8	2	8 0 
 638	8	2	4 4 
 639	8	2	4 4 
 640	8	2	8 0 
 641	8	2	8 0 
 642	8	2	8 0 
 643	8	2	8 0 
 644	8	2	8 0 
 645	8	2	8 0 
 646	8	2	7 1 
 647	8	2	8 0 
 648	8	2	8 0 
 649	8	2	0 8 
 650	8	2	3 5 
 651	8	2	7 1 
 652	8	2	8 0 
 653	8	2	8 0 
 654	8	2	8 0 
 655	8	2	8 0 
 656	8	2	7 1 
 657	8	2	8 0 
 658	8	2	8 0 
 659	8	2	0 8 
 660	8	2	7 1 
 661	8	2	8 0 
 662	8	2	8 0 
 663	8	2	5 3 
 664	8	2	3 5 
 665	8	2	8 0 
 666	8	2	8 0 
 667	8	2	8 0 
 668	8	2	5 3 
 669	8	2	8 0 
 670	8	2	8 0 
 671	8	2	8 0 
 672	8	2	8 0 
 673	8	2	8 0 
 674	8	2	8 0 
 675	8	2	8 0 
 676	8	2	8 0 
 677	8	2	8 0 
 678	8	2	8 0 
 679	8	2	8 0 
 680	8	2	8 0 
 681	8	2	8 0 
 682	8	2	8 0 
 683	8	2	8 0 
 684	8	2	8 0 
 685	8	2	5 3 
 686	8	2	8 0 
 687	8	2	8 0 
 688	8	2	7 1 
 689	8	2	8 0 
 690	8	2	7 1 
 691	8	2	7 1 
 692	8	2	8 0 
 693	8	2	8 0 
 694	8	2	5 3 
 695	8	2	8 0 
 696	8	2	8 0 
 697	8	2	8 0 
 698	8	2	8 0 
 699	8	2	8 0 
 700	8	2	0 8 
 701	8	2	3 5 
 702	8	2	8 0 
 703	8	2	8 0 
 704	8	2	7 1 
 705	8	2	8 0 
 706	8	2	8 0 
 707	8	2	7 1 
 708	8	2	8 0 
 709	8	2	8 0 
 710	8	2	8 0 
 711	8	2	8 0 
 712	8	2	7 1 
 713	8	2	8 0 
 714	8	2	8 0 
 715	8	2	8 0 
 716	8	2	7 1 
 717	8	2	8 0 
 718	8	2	7 1 
 719	8	2	7 1 
 720	8	2	7 1 
 721	8	2	7 1 
 722	8	2	7 1 
 723	8	2	8 0 
 724	8	2	4 4 
 725	8	2	4 4 
 726	8	2	8 0 
 727	8	2	8 0 
 728	8	2	8 0 
 729	8	2	8 0 
 730	8	2	8 0 
 731	8	2	5 3 
 732	8	2	5 3 
 733	8	2	8 0 
 734	8	2	7 1 
 735	8	2	8 0 
 736	8	2	4 4 
 737	8	2	8 0 
 738	8	2	8 0 
 739	8	2	8 0 
 740	8	2	8 0 
 741	8	2	8 0 
 742	8	2	6 2 
 743	8	2	8 0 
 744	8	2	6 2 
 745	8	2	8 0 
 746	8	2	8 0 
 747	8	2	8 0 
 748	8	2	8 0 
 749	8	2	7 1 
 750	8	2	8 0 
 751	8	2	8 0 
 752	8	2	6 2 
 753	8	2	8 0 
 754	8	2	8 0 
 755	8	2	8 0 
 756	8	2	8 0 
 757	8	2	6 2 
 758	8	2	8 0 
 759	8	2	8 0 
 760	8	2	8 0 
 761	8	2	8 0 
 762	8	2	0 8 
 763	8	2	4 4 
 764	8	2	8 0 
 765	8	2	7 1 
 766	8	2	8 0 
 767	8	2	6 2 
 768	8	2	8 0 
 769	8	2	5 3 
 770	8	2	5 3 
 771	8	2	6 2 
 772	8	2	5 3 
 773	8	2	5 3 
 774	8	2	1 7 
 775	8	2	8 0 
 776	8	2	8 0 
 777	8	2	8 0 
 778	8	2	1 7 
 779	8	2	8 0 
 780	8	2	0 8 
 781	8	2	8 0 
 782	8	2	8 0 
 783	8	2	8 0 
 784	8	2	8 0 
 785	8	2	8 0 
 786	8	2	8 0 
 787	8	2	8 0 
 788	8	2	8 0 
 789	8	2	8 0 
 790	8	2	8 0 
 791	8	2	8 0 
 792	8	2	8 0 
 793	8	2	8 0 
 794	8	2	8 0 
 795	8	2	8 0 
 796	8	2	8 0 
 797	8	2	8 0 
 798	8	2	7 1 
 799	8	2	8 0 
 800	8	2	8 0 
 801	8	2	8 0 
 802	8	2	8 0 
 803	8	2	8 0 
 804	8	2	8 0 
 805	8	2	8 0 
 806	8	2	7 1 
 807	8	2	8 0 
 808	8	2	8 0 
 809	8	2	7 1 
 810	8	2	7 1 
 811	8	2	7 1 
 812	8	2	8 0 
 813	8	2	8 0 
 814	8	2	8 0 
 815	8	2	0 8 
 816	8	2	0 8 
 817	8	2	8 0 
 818	8	2	8 0 
 819	8	2	8 0 
 820	8	2	0 8 
 821	8	2	8 0 
 822	8	2	8 0 
 823	8	2	8 0 
 824	8	2	8 0 
 825	8	2	2 6 
 826	8	2	8 0 
 827	8	2	8 0 
 828	8	2	8 0 
 829	8	2	0 8 
 830	8	2	7 1 
 831	8	2	8 0 
 832	8	2	8 0 
 833	8	2	8 0 
 834	8	2	8 0 
 835	8	2	8 0 
 836	8	2	8 0 
 837	8	2	8 0 
 838	8	2	8 0 
 839	8	2	1 7 
 840	8	2	8 0 
 841	8	2	8 0 
 842	8	2	8 0 
 843	8	2	8 0 
 844	8	2	8 0 
 845	8	2	8 0 
 846	8	2	8 0 
 847	8	2	8 0 
 848	8	2	7 1 
 849	8	2	8 0 
 850	8	2	6 2 
 851	8	2	8 0 
 852	8	2	8 0 
 853	8	2	2 6 
 854	8	2	8 0 
 855	8	2	8 0 
 856	8	2	8 0 
 857	8	2	8 0 
 858	8	2	8 0 
 859	8	2	8 0 
 860	8	2	8 0 
 861	8	2	8 0 
 862	8	2	7 1 
 863	8	2	8 0 
 864	8	2	8 0 
 865	8	2	8 0 
 866	8	2	8 0 
 867	8	2	1 7 
 868	8	2	8 0 
 869	8	2	8 0 
 870	8	2	8 0 
 871	8	2	8 0 
 872	8	2	8 0 
 873	8	2	8 0 
 874	8	2	8 0 
 875	8	2	8 0 
 876	8	2	8 0 
 877	8	2	7 1 
 878	8	2	6 2 
 879	8	2	8 0 
 880	8	2	8 0 
 881	8	2	8 0 
 882	8	2	8 0 
 883	8	2	8 0 
 884	8	2	8 0 
 885	8	2	8 0 
 886	8	2	8 0 
 887	8	2	8 0 
 888	8	2	8 0 
 889	8	2	8 0 
 890	8	2	7 1 
 891	8	2	0 8 
 892	8	2	8 0 
 893	8	2	8 0 
 894	8	2	7 1 
 895	8	2	8 0 
 896	8	2	8 0 
 897	8	2	8 0 
 898	8	2	8 0 
 899	8	2	7 1 
 900	8	2	7 1 
 901	8	2	8 0 
 902	8	2	8 0 
 903	8	2	7 1 
 904	8	2	5 3 
 905	8	2	5 3 
 906	8	2	5 3 
 907	8	2	5 3 
 908	8	2	8 0 
 909	8	2	0 8 
 910	8	2	5 3 
 911	8	2	8 0 
 912	8	2	8 0 
 913	8	2	8 0 
 914	8	2	7 1 
 915	8	2	0 8 
 916	8	2	6 2 
 917	8	2	6 2 
 918	8	2	8 0 
 919	8	2	8 0 
 920	8	2	8 0 
 921	8	2	8 0 
 922	8	2	7 1 
 923	8	2	8 0 
 924	8	2	8 0 
 925	8	2	7 1 
 926	8	2	8 0 
 927	8	2	8 0 
 928	8	2	7 1 
 929	8	2	8 0 
 930	8	2	8 0 
 931	8	2	8 0 
 932	8	2	8 0 
 933	8	2	8 0 
 934	8	2	8 0 
 935	8	2	8 0 
 936	8	2	8 0 
 937	8	2	8 0 
 938	8	2	8 0 
 939	8	2	5 3 
 940	8	2	8 0 
 941	8	2	7 1 
 942	8	2	8 0 
 943	8	2	8 0 
 944	8	2	8 0 
 945	8	2	8 0 
 946	8	2	8 0 
 947	8	2	7 1 
 948	8	2	8 0 
 949	8	2	8 0 
 950	8	2	8 0 
 951	8	2	8 0 
 952	8	2	7 1 
 953	8	2	8 0 
 954	8	2	5 3 
 955	8	2	8 0 
 956	8	2	3 5 
 957	8	2	3 5 
 958	8	2	8 0 
 959	8	2	7 1 
 960	8	2	7 1 
 961	8	2	8 0 
 962	8	2	8 0 
 963	8	2	8 0 
 964	8	2	8 0 
 965	8	2	7 1 
 966	8	2	8 0 
 967	8	2	4 4 
 968	8	2	4 4 
 969	8	2	8 0 
 970	8	2	8 0 
 971	8	2	8 0 
 972	8	2	8 0 
 973	8	2	8 0 
 974	8	2	8 0 
 975	8	2	7 1 
 976	8	2	8 0 
 977	8	2	6 2 
 978	8	2	8 0 
 979	8	2	6 2 
 980	8	2	8 0 
 981	8	2	8 0 
 982	8	2	8 0 
 983	8	2	8 0 
 984	8	2	8 0 
 985	8	2	8 0 
 986	8	2	8 0 
 987	8	2	1 7 
 988	8	2	8 0 
 989	8	2	8 0 
 990	8	2	6 2 
 991	8	2	6 2 
 992	8	2	7 1 
 993	8	2	8 0 
 994	8	2	6 2 
 995	8	2	7 1 
 996	8	2	8 0 
 997	8	2	8 0 
 998	8	2	8 0 
 999	8	2	8 0 
 1000	8	2	8 0 
 1001	8	2	2 6 
 1002	8	2	8 0 
 1003	8	2	8 0 
 1004	8	2	8 0 
 1005	8	2	8 0 
 1006	8	2	8 0 
 1007	8	2	8 0 
 1008	8	2	2 6 
 1009	8	2	8 0 
 1010	8	2	8 0 
 1011	8	2	8 0 
 1012	8	2	8 0 
 1013	8	2	8 0 
 1014	8	2	6 2 
 1015	8	2	8 0 
 1016	8	2	2 6 
 1017	8	2	8 0 
 1018	8	2	1 7 
 1019	8	2	1 7 
 1020	8	2	7 1 
 1021	8	2	8 0 
 1022	8	2	8 0 
 1023	8	2	3 5 
 1024	8	2	5 3 
 1025	8	2	8 0 
 1026	8	2	8 0 
 1027	8	2	7 1 
 1028	8	2	8 0 
 1029	8	2	8 0 
 1030	8	2	2 6 
 1031	8	2	2 6 
 1032	8	2	1 7 
 1033	8	2	7 1 
 1034	8	2	8 0 
 1035	8	2	8 0 
 1036	8	2	8 0 
 1037	8	2	8 0 
 1038	8	2	2 6 
 1039	8	2	8 0 
 1040	8	2	2 6 
 1041	8	2	5 3 
 1042	8	2	8 0 
 1043	8	2	5 3 
 1044	8	2	5 3 
 1045	8	2	8 0 
 1046	8	2	7 1 
 1047	8	2	8 0 
 1048	8	2	5 3 
 1049	8	2	4 4 
 1050	8	2	8 0 
 1051	8	2	8 0 
 1052	8	2	7 1 
 1053	8	2	8 0 
 1054	8	2	8 0 
 1055	8	2	8 0 
 1056	8	2	8 0 
 1057	8	2	8 0 
 1058	8	2	8 0 
 1059	8	2	8 0 
 1060	8	2	8 0 
 1061	8	2	8 0 
 1062	8	2	8 0 
 1063	8	2	3 5 
 1064	8	2	8 0 
 1065	8	2	7 1 
 1066	8	2	8 0 
 1067	8	2	8 0 
 1068	8	2	8 0 
 1069	8	2	8 0 
 1070	8	2	8 0 
 1071	8	2	8 0 
 1072	8	2	8 0 
 1073	8	2	8 0 
 1074	8	2	8 0 
 1075	8	2	8 0 
 1076	8	2	8 0 
 1077	8	2	8 0 
 1078	8	2	8 0 
 1079	8	2	8 0 
 1080	8	2	8 0 
 1081	8	2	8 0 
 1082	8	2	7 1 
 1083	8	2	7 1 
 1084	8	2	8 0 
 1085	8	2	7 1 
 1086	8	2	8 0 
 1087	8	2	8 0 
 1088	8	2	8 0 
 1089	8	2	8 0 
 1090	8	2	8 0 
 1091	8	2	8 0 
 1092	8	2	8 0 
 1093	8	2	6 2 
 1094	8	2	8 0 
 1095	8	2	8 0 
 1096	8	2	8 0 
 1097	8	2	8 0 
 1098	8	2	8 0 
 1099	8	2	8 0 
 1100	8	2	8 0 
 1101	8	2	8 0 
 1102	8	2	8 0 
 1103	8	2	8 0 
 1104	8	2	8 0 
 1105	8	2	8 0 
 1106	8	2	8 0 
 1107	8	2	5 3 
 1108	8	2	3 5 
 1109	8	2	8 0 
 1110	8	2	8 0 
 1111	8	2	8 0 
 1112	8	2	7 1 
 1113	8	2	7 1 
 1114	8	2	8 0 
 1115	8	2	6 2 
 1116	8	2	7 1 
 1117	8	2	8 0 
 1118	8	2	8 0 
 1119	8	2	5 3 
 1120	8	2	8 0 
 1121	8	2	8 0 
 1122	8	2	8 0 
 1123	8	2	8 0 
 1124	8	2	1 7 
 1125	8	2	8 0 
 1126	8	2	8 0 
 1127	8	2	5 3 
 1128	8	2	7 1 
 1129	8	2	8 0 
 1130	8	2	2 6 
 1131	8	2	0 8 
 1132	8	2	8 0 
 1133	8	2	8 0 
 1134	8	2	2 6 
 1135	8	2	8 0 
 1136	8	2	8 0 
 1137	8	2	8 0 
 1138	8	2	8 0 
 1139	8	2	6 2 
 1140	8	2	5 3 
 1141	8	2	7 1 
 1142	8	2	7 1 
 1143	8	2	7 1 
 1144	8	2	7 1 
 1145	8	2	8 0 
 1146	8	2	7 1 
 1147	8	2	8 0 
 1148	8	2	8 0 
 1149	8	2	8 0 
 1150	8	2	7 1 
 1151	8	2	8 0 
 1152	8	2	8 0 
 1153	8	2	8 0 
 1154	8	2	5 3 
 1155	8	2	8 0 
 1156	8	2	7 1 
 1157	8	2	5 3 
 1158	8	2	7 1 
 1159	8	2	5 3 
 1160	8	2	8 0 
 1161	8	2	8 0 
 1162	8	2	8 0 
 1163	8	2	8 0 
 1164	8	2	8 0 
 1165	8	2	8 0 
 1166	8	2	8 0 
 1167	8	2	8 0 
 1168	8	2	6 2 
 1169	8	2	8 0 
 1170	8	2	8 0 
 1171	8	2	8 0 
 1172	8	2	8 0 
 1173	8	2	7 1 
 1174	8	2	8 0 
 1175	8	2	4 4 
 1176	8	2	8 0 
 1177	8	2	8 0 
 1178	8	2	8 0 
 1179	8	2	8 0 
 1180	8	2	8 0 
 1181	8	2	8 0 
 1182	8	2	8 0 
 1183	8	2	4 4 
 1184	8	2	8 0 
 1185	8	2	0 8 
 1186	8	2	8 0 
 1187	8	2	8 0 
 1188	8	2	3 5 
 1189	8	2	8 0 
 1190	8	2	8 0 
 1191	8	2	8 0 
 1192	8	2	8 0 
 1193	8	2	8 0 
 1194	8	2	8 0 
 1195	8	2	8 0 
 1196	8	2	8 0 
 1197	8	2	8 0 
 1198	8	2	8 0 
 1199	8	2	7 1 
 1200	8	2	8 0 
 1201	8	2	8 0 
 1202	8	2	7 1 
 1203	8	2	7 1 
 1204	8	2	2 6 
 1205	8	2	8 0 
 1206	8	2	8 0 
 1207	8	2	8 0 
 1208	8	2	5 3 
 1209	8	2	8 0 
 1210	8	2	8 0 
 1211	8	2	8 0 
 1212	8	2	8 0 
 1213	8	2	8 0 
 1214	8	2	8 0 
 1215	8	2	8 0 
 1216	8	2	8 0 
 1217	8	2	8 0 
 1218	8	2	8 0 
 1219	8	2	5 3 
 1220	8	2	8 0 
 1221	8	2	5 3 
 1222	8	2	8 0 
 1223	8	2	8 0 
 1224	8	2	8 0 
 1225	8	2	8 0 
 1226	8	2	8 0 
 1227	8	2	8 0 
 1228	8	2	8 0 
 1229	8	2	8 0 
 1230	8	2	7 1 
 1231	8	2	8 0 
 1232	8	2	8 0 
 1233	8	2	8 0 
 1234	8	2	7 1 
 1235	8	2	8 0 
 1236	8	2	8 0 
 1237	8	2	8 0 
 1238	8	2	7 1 
 1239	8	2	7 1 
 1240	8	2	8 0 
 1241	8	2	8 0 
 1242	8	2	8 0 
 1243	8	2	8 0 
 1244	8	2	3 5 
 1245	8	2	8 0 
 1246	8	2	3 5 
 1247	8	2	8 0 
 1248	8	2	8 0 
 1249	8	2	7 1 
 1250	8	2	8 0 
 1251	8	2	8 0 
 1252	8	2	8 0 
 1253	8	2	8 0 
 1254	8	2	8 0 
 1255	8	2	8 0 
 1256	8	2	8 0 
 1257	8	2	8 0 
 1258	8	2	8 0 
 1259	8	2	6 2 
 1260	8	2	8 0 
 1261	8	2	8 0 
 1262	8	2	8 0 
 1263	8	2	8 0 
 1264	8	2	8 0 
 1265	8	2	8 0 
 1266	8	2	8 0 
 1267	8	2	8 0 
 1268	8	2	8 0 
 1269	8	2	6 2 
 1270	8	2	6 2 
 1271	8	2	6 2 
 1272	8	2	6 2 
 1273	8	2	8 0 
 1274	8	2	6 2 
 1275	8	2	8 0 
 1276	8	2	8 0 
 1277	8	2	6 2 
 1278	8	2	8 0 
 1279	8	2	8 0 
 1280	8	2	8 0 
 1281	8	2	8 0 
 1282	8	2	6 2 
 1283	8	2	8 0 
 1284	8	2	8 0 
 1285	8	2	8 0 
 1286	8	2	0 8 
 1287	8	2	8 0 
 1288	8	2	8 0 
 1289	8	2	8 0 
 1290	8	2	8 0 
 1291	8	2	8 0 
 1292	8	2	1 7 
 1293	8	2	8 0 
 1294	8	2	8 0 
 1295	8	2	7 1 
 1296	8	2	8 0 
 1297	8	2	0 8 
 1298	8	2	8 0 
 1299	8	2	8 0 
 1300	8	2	7 1 
 1301	8	2	8 0 
 1302	8	2	8 0 
 1303	8	2	8 0 
 1304	8	2	8 0 
 1305	8	2	8 0 
 1306	8	2	7 1 
 1307	8	2	3 5 
 1308	8	2	7 1 
 1309	8	2	8 0 
 1310	8	2	8 0 
 1311	8	2	8 0 
 1312	8	2	8 0 
 1313	8	2	8 0 
 1314	8	2	5 3 
 1315	8	2	7 1 
 1316	8	2	8 0 
 1317	8	2	6 2 
 1318	8	2	8 0 
 1319	8	2	7 1 
 1320	8	2	6 2 
 1321	8	2	6 2 
 1322	8	2	8 0 
 1323	8	2	0 8 
 1324	8	2	8 0 
 1325	8	2	8 0 
 1326	8	2	8 0 
 1327	8	2	6 2 
 1328	8	2	2 6 
 1329	8	2	2 6 
 1330	8	2	8 0 
 1331	8	2	2 6 
 1332	8	2	2 6 
 1333	8	2	8 0 
 1334	8	2	8 0 
 1335	8	2	8 0 
 1336	8	2	7 1 
 1337	8	2	7 1 
 1338	8	2	8 0 
 1339	8	2	8 0 
 1340	8	2	8 0 
 1341	8	2	8 0 
 1342	8	2	8 0 
 1343	8	2	7 1 
 1344	8	2	8 0 
 1345	8	2	8 0 
 1346	8	2	7 1 
 1347	8	2	8 0 
 1348	8	2	8 0 
 1349	8	2	8 0 
 1350	8	2	2 6 
 1351	8	2	2 6 
 1352	8	2	2 6 
 1353	8	2	8 0 
 1354	8	2	7 1 
 1355	8	2	8 0 
 1356	8	2	8 0 
 1357	8	2	6 2 
 1358	8	2	5 3 
 1359	8	2	8 0 
 1360	8	2	8 0 
 1361	8	2	8 0 
 1362	8	2	8 0 
 1363	8	2	8 0 
 1364	8	2	8 0 
 1365	8	2	8 0 
 1366	8	2	7 1 
 1367	8	2	6 2 
 1368	8	2	8 0 
 1369	8	2	8 0 
 1370	8	2	8 0 
 1371	8	2	2 6 
 1372	8	2	4 4 
 1373	8	2	8 0 
 1374	8	2	7 1 
 1375	8	2	8 0 
 1376	8	2	8 0 
 1377	8	2	8 0 
 1378	8	2	8 0 
 1379	8	2	7 1 
 1380	8	2	8 0 
 1381	8	2	8 0 
 1382	8	2	8 0 
 1383	8	2	8 0 
 1384	8	2	8 0 
 1385	8	2	8 0 
 1386	8	2	8 0 
 1387	8	2	8 0 
 1388	8	2	8 0 
 1389	8	2	8 0 
 1390	8	2	8 0 
 1391	8	2	7 1 
 1392	8	2	2 6 
 1393	8	2	8 0 
 1394	8	2	2 6 
 1395	8	2	8 0 
 1396	8	2	8 0 
 1397	8	2	2 6 
 1398	8	2	0 8 
 1399	8	2	8 0 
 1400	8	2	3 5 
 1401	8	2	0 8 
 1402	8	2	7 1 
 1403	8	2	6 2 
 1404	8	2	8 0 
 1405	8	2	8 0 
 1406	8	2	7 1 
 1407	8	2	8 0 
 1408	8	2	8 0 
 1409	8	2	8 0 
 1410	8	2	8 0 
 1411	8	2	8 0 
 1412	8	2	8 0 
 1413	8	2	8 0 
 1414	8	2	8 0 
 1415	8	2	8 0 
 1416	8	2	8 0 
 1417	8	2	2 6 
 1418	8	2	8 0 
 1419	8	2	8 0 
 1420	8	2	8 0 
 1421	8	2	8 0 
 1422	8	2	0 8 
 1423	8	2	8 0 
 1424	8	2	8 0 
 1425	8	2	8 0 
 1426	8	2	7 1 
 1427	8	2	8 0 
 1428	8	2	8 0 
 1429	8	2	7 1 
 1430	8	2	7 1 
 1431	8	2	8 0 
 1432	8	2	8 0 
 1433	8	2	0 8 
 1434	8	2	8 0 
 1435	8	2	8 0 
 1436	8	2	0 8 
 1437	8	2	0 8 
 1438	8	2	4 4 
 1439	8	2	8 0 
 1440	8	2	8 0 
 1441	8	2	8 0 
 1442	8	2	8 0 
 1443	8	2	8 0 
 1444	8	2	7 1 
 1445	8	2	7 1 
 1446	8	2	6 2 
 1447	8	2	7 1 
 1448	8	2	6 2 
 1449	8	2	8 0 
 1450	8	2	8 0 
 1451	8	2	7 1 
 1452	8	2	8 0 
 1453	8	2	8 0 
 1454	8	2	8 0 
 1455	8	2	8 0 
 1456	8	2	8 0 
 1457	8	2	8 0 
 1458	8	2	8 0 
 1459	8	2	8 0 
 1460	8	2	8 0 
 1461	8	2	8 0 
 1462	8	2	2 6 
 1463	8	2	8 0 
 1464	8	2	2 6 
 1465	8	2	8 0 
 1466	8	2	7 1 
 1467	8	2	2 6 
 1468	8	2	8 0 
 1469	8	2	8 0 
 1470	8	2	8 0 
 1471	8	2	8 0 
 1472	8	2	7 1 
 1473	8	2	8 0 
 1474	8	2	8 0 
 1475	8	2	5 3 
 1476	8	2	8 0 
 1477	8	2	8 0 
 1478	8	2	8 0 
 1479	8	2	8 0 
 1480	8	2	8 0 
 1481	8	2	8 0 
 1482	8	2	8 0 
 1483	8	2	8 0 
 1484	8	2	8 0 
 1485	8	2	8 0 
 1486	8	2	8 0 
 1487	8	2	7 1 
 1488	8	2	8 0 
 1489	8	2	8 0 
 1490	8	2	8 0 
 1491	8	2	8 0 
 1492	8	2	8 0 
 1493	8	2	8 0 
 1494	8	2	8 0 
 1495	8	2	8 0 
 1496	8	2	6 2 
 1497	8	2	8 0 
 1498	8	2	8 0 
 1499	8	2	8 0 
 1500	8	2	7 1 
 1501	8	2	8 0 
 1502	8	2	7 1 
 1503	8	2	8 0 
 1504	8	2	8 0 
 1505	8	2	7 1 
 1506	8	2	8 0 
 1507	8	2	8 0 
 1508	8	2	0 8 
 1509	8	2	8 0 
 1510	8	2	3 5 
 1511	8	2	7 1 
 1512	8	2	7 1 
 1513	8	2	8 0 
 1514	8	2	7 1 
 1515	8	2	7 1 
 1516	8	2	8 0 
 1517	8	2	7 1 
 1518	8	2	4 4 
 1519	8	2	8 0 
 1520	8	2	8 0 
 1521	8	2	8 0 
 1522	8	2	8 0 
 1523	8	2	8 0 
 1524	8	2	0 8 
 1525	8	2	8 0 
 1526	8	2	8 0 
 1527	8	2	8 0 
 1528	8	2	8 0 
 1529	8	2	8 0 
 1530	8	2	8 0 
 1531	8	2	7 1 
 1532	8	2	8 0 
 1533	8	2	5 3 
 1534	8	2	3 5 
 1535	8	2	3 5 
 1536	8	2	8 0 
 1537	8	2	6 2 
 1538	8	2	8 0 
 1539	8	2	8 0 
 1540	8	2	8 0 
 1541	8	2	8 0 
 1542	8	2	8 0 
 1543	8	2	8 0 
 1544	8	2	8 0 
 1545	8	2	8 0 
 1546	8	2	8 0 
 1547	8	2	8 0 
 1548	8	2	8 0 
 1549	8	2	8 0 
 1550	8	2	8 0 
 1551	8	2	8 0 
 1552	8	2	0 8 
 1553	8	2	6 2 
 1554	8	2	6 2 
 1555	8	2	8 0 
 1556	8	2	8 0 
 1557	8	2	8 0 
 1558	8	2	6 2 
 1559	8	2	5 3 
 1560	8	2	3 5 
 1561	8	2	8 0 
 1562	8	2	8 0 
 1563	8	2	8 0 
 1564	8	2	8 0 
 1565	8	2	8 0 
 1566	8	2	8 0 
 1567	8	2	8 0 
 1568	8	2	8 0 
 1569	8	2	8 0 
 1570	8	2	8 0 
 1571	8	2	6 2 
 1572	8	2	8 0 
 1573	8	2	7 1 
 1574	8	2	8 0 
 1575	8	2	8 0 
 1576	8	2	8 0 
 1577	8	2	8 0 
 1578	8	2	8 0 
 1579	8	2	8 0 
 1580	8	2	8 0 
 1581	8	2	8 0 
 1582	8	2	8 0 
 1583	8	2	8 0 
 1584	8	2	8 0 
 1585	8	2	8 0 
 1586	8	2	8 0 
 1587	8	2	8 0 
 1588	8	2	8 0 
 1589	8	2	8 0 
 1590	8	2	7 1 
 1591	8	2	8 0 
 1592	8	2	8 0 
 1593	8	2	8 0 
 1594	8	2	8 0 
 1595	8	2	8 0 
 1596	8	2	8 0 
 1597	8	2	8 0 
 1598	8	2	8 0 
 1599	8	2	8 0 
 1600	8	2	8 0 
 1601	8	2	7 1 
 1602	8	2	8 0 
 1603	8	2	1 7 
 1604	8	2	8 0 
 1605	8	2	0 8 
 1606	8	2	8 0 
 1607	8	2	8 0 
 1608	8	2	8 0 
 1609	8	2	8 0 
 1610	8	2	8 0 
 1611	8	2	8 0 
 1612	8	2	7 1 
 1613	8	2	8 0 
 1614	8	2	8 0 
 1615	8	2	8 0 
 1616	8	2	7 1 
 1617	8	2	8 0 
 1618	8	2	8 0 
 1619	8	2	5 3 
 1620	8	2	8 0 
 1621	8	2	6 2 
 1622	8	2	7 1 
 1623	8	2	7 1 
 1624	8	2	6 2 
 1625	8	2	7 1 
 1626	8	2	7 1 
 1627	8	2	6 2 
 1628	8	2	8 0 
 1629	8	2	3 5 
 1630	8	2	6 2 
 1631	8	2	8 0 
 1632	8	2	8 0 
 1633	8	2	6 2 
 1634	8	2	7 1 
 1635	8	2	4 4 
 1636	8	2	8 0 
 1637	8	2	8 0 
 1638	8	2	8 0 
 1639	8	2	8 0 
 1640	8	2	6 2 
 1641	8	2	8 0 
 1642	8	2	7 1 
 1643	8	2	8 0 
 1644	8	2	8 0 
 1645	8	2	7 1 
 1646	8	2	7 1 
 1647	8	2	8 0 
 1648	8	2	7 1 
 1649	8	2	8 0 
 1650	8	2	7 1 
 1651	8	2	8 0 
 1652	8	2	8 0 
 1653	8	2	7 1 
 1654	8	2	8 0 
 1655	8	2	2 6 
 1656	8	2	8 0 
 1657	8	2	8 0 
 1658	8	2	8 0 
 1659	8	2	6 2 
 1660	8	2	8 0 
 1661	8	2	8 0 
 1662	8	2	8 0 
 1663	8	2	4 4 
 1664	8	2	8 0 
 1665	8	2	8 0 
 1666	8	2	8 0 
 1667	8	2	8 0 
 1668	8	2	8 0 
 1669	8	2	8 0 
 1670	8	2	8 0 
 1671	8	2	8 0 
 1672	8	2	8 0 
 1673	8	2	8 0 
 1674	8	2	8 0 
 1675	8	2	8 0 
 1676	8	2	8 0 
 1677	8	2	8 0 
 1678	8	2	7 1 
 1679	8	2	8 0 
 1680	8	2	6 2 
 1681	8	2	2 6 
 1682	8	2	8 0 
 1683	8	2	5 3 
 1684	8	2	8 0 
 1685	8	2	7 1 
 1686	8	2	8 0 
 1687	8	2	7 1 
 1688	8	2	8 0 
 1689	8	2	8 0 
 1690	8	2	7 1 
 1691	8	2	7 1 
 1692	8	2	5 3 
 1693	8	2	8 0 
 1694	8	2	8 0 
 1695	8	2	8 0 
 1696	8	2	8 0 
 1697	8	2	8 0 
 1698	8	2	7 1 
 1699	8	2	7 1 
 1700	8	2	5 3 
 1701	8	2	8 0 
 1702	8	2	6 2 
 1703	8	2	8 0 
 1704	8	2	8 0 
 1705	8	2	8 0 
 1706	8	2	8 0 
 1707	8	2	8 0 
 1708	8	2	8 0 
 1709	8	2	8 0 
 1710	8	2	3 5 
 1711	8	2	8 0 
 1712	8	2	6 2 
 1713	8	2	5 3 
 1714	8	2	8 0 
 1715	8	2	8 0 
 1716	8	2	8 0 
 1717	8	2	8 0 
 1718	8	2	0 8 
 1719	8	2	8 0 
 1720	8	2	8 0 
 1721	8	2	0 8 
 1722	8	2	7 1 
 1723	8	2	8 0 
 1724	8	2	8 0 
 1725	8	2	5 3 
 1726	8	2	8 0 
 1727	8	2	8 0 
 1728	8	2	7 1 
 1729	8	2	8 0 
 1730	8	2	7 1 
 1731	8	2	8 0 
 1732	8	2	5 3 
 1733	8	2	5 3 
 1734	8	2	6 2 
 1735	8	2	8 0 
 1736	8	2	7 1 
 1737	8	2	7 1 
 1738	8	2	8 0 
 1739	8	2	7 1 
 1740	8	2	7 1 
 1741	8	2	5 3 
 1742	8	2	5 3 
 1743	8	2	6 2 
 1744	8	2	8 0 
 1745	8	2	7 1 
 1746	8	2	6 2 
 1747	8	2	8 0 
 1748	8	2	8 0 
 1749	8	2	8 0 
 1750	8	2	8 0 
 1751	8	2	8 0 
 1752	8	2	6 2 
 1753	8	2	8 0 
 1754	8	2	6 2 
 1755	8	2	8 0 
 1756	8	2	8 0 
 1757	8	2	7 1 
 1758	8	2	8 0 
 1759	8	2	8 0 
 1760	8	2	8 0 
 1761	8	2	6 2 
 1762	8	2	8 0 
 1763	8	2	3 5 
 1764	8	2	8 0 
 1765	8	2	8 0 
 1766	8	2	8 0 
 1767	8	2	8 0 
 1768	8	2	8 0 
 1769	8	2	7 1 
 1770	8	2	6 2 
 1771	8	2	8 0 
 1772	8	2	8 0 
 1773	8	2	7 1 
 1774	8	2	8 0 
 1775	8	2	8 0 
 1776	8	2	8 0 
 1777	8	2	8 0 
 1778	8	2	7 1 
 1779	8	2	8 0 
 1780	8	2	7 1 
 1781	8	2	8 0 
 1782	8	2	6 2 
 1783	8	2	8 0 
 1784	8	2	7 1 
 1785	8	2	8 0 
 1786	8	2	8 0 
 1787	8	2	8 0 
 1788	8	2	8 0 
 1789	8	2	8 0 
 1790	8	2	8 0 
 1791	8	2	7 1 
 1792	8	2	8 0 
 1793	8	2	7 1 
 1794	8	2	5 3 
 1795	8	2	1 7 
 1796	8	2	1 7 
 1797	8	2	1 7 
 1798	8	2	1 7 
 1799	8	2	8 0 
 1800	8	2	8 0 
 1801	8	2	8 0 
 1802	8	2	8 0 
 1803	8	2	8 0 
 1804	8	2	0 8 
 1805	8	2	8 0 
 1806	8	2	8 0 
 1807	8	2	5 3 
 1808	8	2	8 0 
 1809	8	2	7 1 
 1810	8	2	8 0 
 1811	8	2	7 1 
 1812	8	2	7 1 
 1813	8	2	7 1 
 1814	8	2	8 0 
 1815	8	2	8 0 
 1816	8	2	7 1 
 1817	8	2	8 0 
 1818	8	2	8 0 
 1819	8	2	8 0 
 1820	8	2	8 0 
 1821	8	2	8 0 
 1822	8	2	8 0 
 1823	8	2	8 0 
 1824	8	2	8 0 
 1825	8	2	8 0 
 1826	8	2	8 0 
 1827	8	2	8 0 
 1828	8	2	7 1 
 1829	8	2	8 0 
 1830	8	2	7 1 
 1831	8	2	8 0 
 1832	8	2	8 0 
 1833	8	2	6 2 
 1834	8	2	6 2 
 1835	8	2	2 6 
 1836	8	2	8 0 
 1837	8	2	8 0 
 1838	8	2	8 0 
 1839	8	2	6 2 
 1840	8	2	8 0 
 1841	8	2	8 0 
 1842	8	2	8 0 
 1843	8	2	8 0 
 1844	8	2	5 3 
 1845	8	2	5 3 
 1846	8	2	5 3 
 1847	8	2	8 0 
 1848	8	2	8 0 
 1849	8	2	8 0 
 1850	8	2	8 0 
 1851	8	2	8 0 
 1852	8	2	8 0 
 1853	8	2	8 0 
 1854	8	2	8 0 
 1855	8	2	4 4 
 1856	8	2	8 0 
 1857	8	2	6 2 
 1858	8	2	8 0 
 1859	8	2	8 0 
 1860	8	2	8 0 
 1861	8	2	8 0 
 1862	8	2	8 0 
 1863	8	2	8 0 
 1864	8	2	2 6 
 1865	8	2	7 1 
 1866	8	2	7 1 
 1867	8	2	8 0 
 1868	8	2	8 0 
 1869	8	2	6 2 
 1870	8	2	8 0 
 1871	8	2	2 6 
 1872	8	2	2 6 
 1873	8	2	7 1 
 1874	8	2	8 0 
 1875	8	2	7 1 
 1876	8	2	6 2 
 1877	8	2	6 2 
 1878	8	2	8 0 
 1879	8	2	1 7 
 1880	8	2	8 0 
 1881	8	2	8 0 
 1882	8	2	4 4 
 1883	8	2	8 0 
 1884	8	2	8 0 
 1885	8	2	8 0 
 1886	8	2	8 0 
 1887	8	2	7 1 
 1888	8	2	8 0 
 1889	8	2	7 1 
 1890	8	2	8 0 
 1891	8	2	8 0 
 1892	8	2	8 0 
 1893	8	2	5 3 
 1894	8	2	8 0 
 1895	8	2	5 3 
 1896	8	2	8 0 
 1897	8	2	8 0 
 1898	8	2	8 0 
 1899	8	2	8 0 
 1900	8	2	8 0 
 1901	8	2	8 0 
 1902	8	2	1 7 
 1903	8	2	7 1 
 1904	8	2	8 0 
 1905	8	2	8 0 
 1906	8	2	8 0 
 1907	8	2	8 0 
 1908	8	2	5 3 
 1909	8	2	8 0 
 1910	8	2	5 3 
 1911	8	2	8 0 
 1912	8	2	8 0 
 1913	8	2	4 4 
 1914	8	2	8 0 
 1915	8	2	8 0 
 1916	8	2	8 0 
 1917	8	2	8 0 
 1918	8	2	8 0 
 1919	8	2	4 4 
 1920	8	2	7 1 
 1921	8	2	3 5 
 1922	8	2	8 0 
 1923	8	2	8 0 
 1924	8	2	8 0 
 1925	8	2	7 1 
 1926	8	2	8 0 
 1927	8	2	8 0 
 1928	8	2	4 4 
 1929	8	2	4 4 
 1930	8	2	4 4 
 1931	8	2	8 0 
 1932	8	2	8 0 
 1933	8	2	7 1 
 1934	8	2	8 0 
 1935	8	2	8 0 
 1936	8	2	8 0 
 1937	8	2	8 0 
 1938	8	2	7 1 
 1939	8	2	8 0 
 1940	8	2	8 0 
 1941	8	2	6 2 
 1942	8	2	6 2 
 1943	8	2	2 6 
 1944	8	2	8 0 
 1945	8	2	3 5 
 1946	8	2	3 5 
 1947	8	2	8 0 
 1948	8	2	2 6 
 1949	8	2	8 0 
 1950	8	2	7 1 
 1951	8	2	8 0 
 1952	8	2	0 8 
 1953	8	2	8 0 
 1954	8	2	8 0 
 1955	8	2	7 1 
 1956	8	2	8 0 
 1957	8	2	8 0 
 1958	8	2	8 0 
 1959	8	2	8 0 
 1960	8	2	8 0 
 1961	8	2	8 0 
 1962	8	2	8 0 
 1963	8	2	8 0 
 1964	8	2	8 0 
 1965	8	2	8 0 
 1966	8	2	6 2 
 1967	8	2	6 2 
 1968	8	2	2 6 
 1969	8	2	2 6 
 1970	8	2	8 0 
 1971	8	2	8 0 
 1972	8	2	6 2 
 1973	8	2	8 0 
 1974	8	2	8 0 
 1975	8	2	8 0 
 1976	8	2	8 0 
 1977	8	2	8 0 
 1978	8	2	7 1 
 1979	8	2	8 0 
 1980	8	2	8 0 
 1981	8	2	8 0 
 1982	8	2	8 0 
 1983	8	2	8 0 
 1984	8	2	8 0 
 1985	8	2	8 0 
 1986	8	2	7 1 
 1987	8	2	8 0 
 1988	8	2	8 0 
 1989	8	2	8 0 
 1990	8	2	8 0 
 1991	8	2	8 0 
 1992	8	2	8 0 
 1993	8	2	7 1 
 1994	8	2	7 1 
 1995	8	2	7 1 
 1996	8	2	8 0 
 1997	8	2	8 0 
 1998	8	2	7 1 
 1999	8	2	8 0 
 2000	8	2	0 8 
 2001	8	2	8 0 
 2002	8	2	8 0 
 2003	8	2	6 2 
 2004	8	2	7 1 
 2005	8	2	8 0 
 2006	8	2	7 1 
 2007	8	2	8 0 
 2008	8	2	8 0 
 2009	8	2	8 0 
 2010	8	2	8 0 
 2011	8	2	4 4 
 2012	8	2	7 1 
 2013	8	2	3 5 
 2014	8	2	5 3 
 2015	8	2	8 0 
 2016	8	2	3 5 
 2017	8	2	3 5 
 2018	8	2	8 0 
 2019	8	2	8 0 
 2020	8	2	8 0 
 2021	8	2	8 0 
 2022	8	2	8 0 
 2023	8	2	6 2 
 2024	8	2	0 8 
 2025	8	2	6 2 
 2026	8	2	8 0 
 2027	8	2	6 2 
 2028	8	2	6 2 
 2029	8	2	7 1 
 2030	8	2	6 2 
 2031	8	2	2 6 
 2032	8	2	8 0 
 2033	8	2	8 0 
 2034	8	2	8 0 
 2035	8	2	8 0 
 2036	8	2	8 0 
 2037	8	2	4 4 
 2038	8	2	8 0 
 2039	8	2	8 0 
 2040	8	2	8 0 
 2041	8	2	8 0 
 2042	8	2	6 2 
 2043	8	2	8 0 
 2044	8	2	8 0 
 2045	8	2	8 0 
 2046	8	2	8 0 
 2047	8	2	6 2 
 2048	8	2	5 3 
 2049	8	2	8 0 
 2050	8	2	8 0 
 2051	8	2	8 0 
 2052	8	2	5 3 
 2053	8	2	8 0 
 2054	8	2	8 0 
 2055	8	2	8 0 
 2056	8	2	8 0 
 2057	8	2	8 0 
 2058	8	2	7 1 
 2059	8	2	8 0 
 2060	8	2	6 2 
 2061	8	2	8 0 
 2062	8	2	7 1 
 2063	8	2	7 1 
 2064	8	2	6 2 
 2065	8	2	6 2 
 2066	8	2	4 4 
 2067	8	2	8 0 
 2068	8	2	8 0 
 2069	8	2	8 0 
 2070	8	2	8 0 
 2071	8	2	8 0 
 2072	8	2	6 2 
 2073	8	2	8 0 
 2074	8	2	8 0 
 2075	8	2	8 0 
 2076	8	2	8 0 
 2077	8	2	8 0 
 2078	8	2	8 0 
 2079	8	2	4 4 
 2080	8	2	8 0 
 2081	8	2	8 0 
 2082	8	2	8 0 
 2083	8	2	8 0 
 2084	8	2	8 0 
 2085	8	2	8 0 
 2086	8	2	8 0 
 2087	8	2	8 0 
 2088	8	2	8 0 
 2089	8	2	8 0 
 2090	8	2	8 0 
 2091	8	2	8 0 
 2092	8	2	8 0 
 2093	8	2	2 6 
 2094	8	2	8 0 
 2095	8	2	8 0 
 2096	8	2	7 1 
 2097	8	2	8 0 
 2098	8	2	8 0 
 2099	8	2	2 6 
 2100	8	2	2 6 
 2101	8	2	8 0 
 2102	8	2	8 0 
 2103	8	2	6 2 
 2104	8	2	8 0 
 2105	8	2	8 0 
 2106	8	2	6 2 
 2107	8	2	8 0 
 2108	8	2	6 2 
 2109	8	2	7 1 
 2110	8	2	2 6 
 2111	8	2	8 0 
 2112	8	2	8 0 
 2113	8	2	8 0 
 2114	8	2	8 0 
 2115	8	2	8 0 
 2116	8	2	8 0 
 2117	8	2	8 0 
 2118	8	2	8 0 
 2119	8	2	8 0 
 2120	8	2	8 0 
 2121	8	2	6 2 
 2122	8	2	8 0 
 2123	8	2	8 0 
 2124	8	2	5 3 
 2125	8	2	5 3 
 2126	8	2	8 0 
 2127	8	2	3 5 
 2128	8	2	8 0 
 2129	8	2	6 2 
 2130	8	2	7 1 
 2131	8	2	6 2 
 2132	8	2	7 1 
 2133	8	2	7 1 
 2134	8	2	8 0 
 2135	8	2	8 0 
 2136	8	2	8 0 
 2137	8	2	8 0 
 2138	8	2	8 0 
 2139	8	2	8 0 
 2140	8	2	8 0 
 2141	8	2	8 0 
 2142	8	2	8 0 
 2143	8	2	8 0 
 2144	8	2	8 0 
 2145	8	2	8 0 
 2146	8	2	8 0 
 2147	8	2	8 0 
 2148	8	2	0 8 
 2149	8	2	6 2 
 2150	8	2	8 0 
 2151	8	2	8 0 
 2152	8	2	4 4 
 2153	8	2	4 4 
 2154	8	2	7 1 
 2155	8	2	7 1 
 2156	8	2	8 0 
 2157	8	2	7 1 
 2158	8	2	8 0 
 2159	8	2	2 6 
 2160	8	2	8 0 
 2161	8	2	7 1 
 2162	8	2	6 2 
 2163	8	2	3 5 
 2164	8	2	8 0 
 2165	8	2	8 0 
 2166	8	2	8 0 
 2167	8	2	8 0 
 2168	8	2	1 7 
 2169	8	2	1 7 
 2170	8	2	1 7 
 2171	8	2	8 0 
 2172	8	2	1 7 
 2173	8	2	6 2 
 2174	8	2	8 0 
 2175	8	2	8 0 
 2176	8	2	6 2 
 2177	8	2	7 1 
 2178	8	2	8 0 
 2179	8	2	8 0 
 2180	8	2	8 0 
 2181	8	2	8 0 
 2182	8	2	8 0 
 2183	8	2	8 0 
 2184	8	2	7 1 
 2185	8	2	7 1 
 2186	8	2	8 0 
 2187	8	2	1 7 
 2188	8	2	8 0 
 2189	8	2	7 1 
 2190	8	2	8 0 
 2191	8	2	8 0 
 2192	8	2	8 0 
 2193	8	2	8 0 
 2194	8	2	8 0 
 2195	8	2	8 0 
 2196	8	2	8 0 
 2197	8	2	1 7 
 2198	8	2	8 0 
 2199	8	2	8 0 
 2200	8	2	8 0 
 2201	8	2	8 0 
 2202	8	2	8 0 
 2203	8	2	8 0 
 2204	8	2	8 0 
 2205	8	2	8 0 
 2206	8	2	8 0 
 2207	8	2	7 1 
 2208	8	2	8 0 
 2209	8	2	7 1 
 2210	8	2	5 3 
 2211	8	2	8 0 
 2212	8	2	8 0 
 2213	8	2	8 0 
 2214	8	2	4 4 
 2215	8	2	8 0 
 2216	8	2	7 1 
 2217	8	2	7 1 
 2218	8	2	2 6 
 2219	8	2	8 0 
 2220	8	2	8 0 
 2221	8	2	8 0 
 2222	8	2	8 0 
 2223	8	2	8 0 
 2224	8	2	8 0 
 2225	8	2	8 0 
 2226	8	2	8 0 
 2227	8	2	8 0 
 2228	8	2	8 0 
 2229	8	2	8 0 
 2230	8	2	8 0 
 2231	8	2	8 0 
 2232	8	2	0 8 
 2233	8	2	8 0 
 2234	8	2	8 0 
 2235	8	2	8 0 
 2236	8	2	7 1 
 2237	8	2	8 0 
 2238	8	2	8 0 
 2239	8	2	8 0 
 2240	8	2	8 0 
 2241	8	2	8 0 
 2242	8	2	8 0 
 2243	8	2	8 0 
 2244	8	2	8 0 
 2245	8	2	7 1 
 2246	8	2	8 0 
 2247	8	2	8 0 
 2248	8	2	8 0 
 2249	8	2	3 5 
 2250	8	2	8 0 
 2251	8	2	8 0 
 2252	8	2	8 0 
 2253	8	2	8 0 
 2254	8	2	6 2 
 2255	8	2	7 1 
 2256	8	2	8 0 
 2257	8	2	8 0 
 2258	8	2	7 1 
 2259	8	2	8 0 
 2260	8	2	8 0 
 2261	8	2	8 0 
 2262	8	2	8 0 
 2263	8	2	7 1 
 2264	8	2	8 0 
 2265	8	2	8 0 
 2266	8	2	8 0 
 2267	8	2	8 0 
 2268	8	2	8 0 
 2269	8	2	8 0 
 2270	8	2	8 0 
 2271	8	2	8 0 
 2272	8	2	8 0 
 2273	8	2	7 1 
 2274	8	2	7 1 
 2275	8	2	7 1 
 2276	8	2	8 0 
 2277	8	2	7 1 
 2278	8	2	4 4 
 2279	8	2	8 0 
 2280	8	2	8 0 
 2281	8	2	7 1 
 2282	8	2	8 0 
 2283	8	2	8 0 
 2284	8	2	8 0 
 2285	8	2	7 1 
 2286	8	2	8 0 
 2287	8	2	8 0 
 2288	8	2	5 3 
 2289	8	2	7 1 
 2290	8	2	8 0 
 2291	8	2	8 0 
 2292	8	2	6 2 
 2293	8	2	7 1 
 2294	8	2	6 2 
 2295	8	2	6 2 
 2296	8	2	8 0 
 2297	8	2	6 2 
 2298	8	2	8 0 
 2299	8	2	6 2 
 2300	8	2	8 0 
 2301	8	2	8 0 
 2302	8	2	8 0 
 2303	8	2	7 1 
 2304	8	2	8 0 
 2305	8	2	8 0 
 2306	8	2	8 0 
 2307	8	2	6 2 
 2308	8	2	8 0 
 2309	8	2	8 0 
 2310	8	2	8 0 
 2311	8	2	8 0 
 2312	8	2	8 0 
 2313	8	2	8 0 
 2314	8	2	6 2 
 2315	8	2	8 0 
 2316	8	2	8 0 
 2317	8	2	8 0 
 2318	8	2	8 0 
 2319	8	2	8 0 
 2320	8	2	8 0 
 2321	8	2	8 0 
 2322	8	2	7 1 
 2323	8	2	8 0 
 2324	8	2	7 1 
 2325	8	2	4 4 
 2326	8	2	7 1 
 2327	8	2	1 7 
 2328	8	2	8 0 
 2329	8	2	8 0 
 2330	8	2	7 1 
 2331	8	2	7 1 
 2332	8	2	6 2 
 2333	8	2	2 6 
 2334	8	2	8 0 
 2335	8	2	7 1 
 2336	8	2	0 8 
 2337	8	2	8 0 
 2338	8	2	8 0 
 2339	8	2	8 0 
 2340	8	2	8 0 
 2341	8	2	8 0 
 2342	8	2	8 0 
 2343	8	2	8 0 
 2344	8	2	8 0 
 2345	8	2	7 1 
 2346	8	2	8 0 
 2347	8	2	7 1 
 2348	8	2	7 1 
 2349	8	2	7 1 
 2350	8	2	7 1 
 2351	8	2	8 0 
 2352	8	2	8 0 
 2353	8	2	8 0 
 2354	8	2	8 0 
 2355	8	2	7 1 
 2356	8	2	8 0 
 2357	8	2	7 1 
 2358	8	2	8 0 
 2359	8	2	7 1 
 2360	8	2	7 1 
 2361	8	2	1 7 
 2362	8	2	8 0 
 2363	8	2	8 0 
 2364	8	2	6 2 
 2365	8	2	7 1 
 2366	8	2	8 0 
 2367	8	2	8 0 
 2368	8	2	7 1 
 2369	8	2	5 3 
 2370	8	2	8 0 
 2371	8	2	8 0 
 2372	8	2	8 0 
 2373	8	2	8 0 
 2374	8	2	8 0 
 2375	8	2	8 0 
 2376	8	2	8 0 
 2377	8	2	8 0 
 2378	8	2	8 0 
 2379	8	2	8 0 
 2380	8	2	8 0 
 2381	8	2	8 0 
 2382	8	2	8 0 
 2383	8	2	0 8 
 2384	8	2	8 0 
 2385	8	2	8 0 
 2386	8	2	7 1 
 2387	8	2	8 0 
 2388	8	2	7 1 
 2389	8	2	8 0 
 2390	8	2	7 1 
 2391	8	2	8 0 
 2392	8	2	6 2 
 2393	8	2	6 2 
 2394	8	2	8 0 
 2395	8	2	8 0 
 2396	8	2	5 3 
 2397	8	2	8 0 
 2398	8	2	8 0 
 2399	8	2	5 3 
 2400	8	2	5 3 
 2401	8	2	5 3 
 2402	8	2	8 0 
 2403	8	2	3 5 
 2404	8	2	8 0 
 2405	8	2	8 0 
 2406	8	2	8 0 
 2407	8	2	8 0 
 2408	8	2	7 1 
 2409	8	2	8 0 
 2410	8	2	8 0 
 2411	8	2	8 0 
 2412	8	2	8 0 
 2413	8	2	4 4 
 2414	8	2	4 4 
 2415	8	2	8 0 
 2416	8	2	8 0 
 2417	8	2	8 0 
 2418	8	2	0 8 
 2419	8	2	8 0 
 2420	8	2	8 0 
 2421	8	2	0 8 
 2422	8	2	8 0 
 2423	8	2	8 0 
 2424	8	2	8 0 
 2425	8	2	8 0 
 2426	8	2	8 0 
 2427	8	2	8 0 
 2428	8	2	8 0 
 2429	8	2	8 0 
 2430	8	2	8 0 
 2431	8	2	7 1 
 2432	8	2	8 0 
 2433	8	2	1 7 
 2434	8	2	7 1 
 2435	8	2	8 0 
 2436	8	2	8 0 
 2437	8	2	8 0 
 2438	8	2	3 5 
 2439	8	2	8 0 
 2440	8	2	7 1 
 2441	8	2	1 7 
 2442	8	2	8 0 
 2443	8	2	8 0 
 2444	8	2	8 0 
 2445	8	2	8 0 
 2446	8	2	8 0 
 2447	8	2	8 0 
 2448	8	2	8 0 
 2449	8	2	8 0 
 2450	8	2	7 1 
 2451	8	2	8 0 
 2452	8	2	8 0 
 2453	8	2	8 0 
 2454	8	2	8 0 
 2455	8	2	8 0 
 2456	8	2	8 0 
 2457	8	2	8 0 
 2458	8	2	8 0 
 2459	8	2	2 6 
 2460	8	2	2 6 
 2461	8	2	2 6 
 2462	8	2	4 4 
 2463	8	2	2 6 
 2464	8	2	1 7 
 2465	8	2	6 2 
 2466	8	2	7 1 
 2467	8	2	8 0 
 2468	8	2	8 0 
 2469	8	2	8 0 
 2470	8	2	8 0 
 2471	8	2	8 0 
 2472	8	2	7 1 
 2473	8	2	8 0 
 2474	8	2	8 0 
 2475	8	2	1 7 
 2476	8	2	8 0 
 2477	8	2	8 0 
 2478	8	2	8 0 
 2479	8	2	8 0 
 2480	8	2	7 1 
 2481	8	2	8 0 
 2482	8	2	8 0 
 2483	8	2	8 0 
 2484	8	2	7 1 
 2485	8	2	4 4 
 2486	8	2	8 0 
 2487	8	2	8 0 
 2488	8	2	8 0 
 2489	8	2	8 0 
 2490	8	2	8 0 
 2491	8	2	8 0 
 2492	8	2	8 0 
 2493	8	2	8 0 
 2494	8	2	8 0 
 2495	8	2	8 0 
 2496	8	2	8 0 
 2497	8	2	8 0 
 2498	8	2	8 0 
 2499	8	2	7 1 
 2500	8	2	7 1 
 2501	8	2	6 2 
 2502	8	2	5 3 
 2503	8	2	5 3 
 2504	8	2	7 1 
 2505	8	2	8 0 
 2506	8	2	8 0 
 2507	8	2	8 0 
 2508	8	2	8 0 
 2509	8	2	8 0 
 2510	8	2	7 1 
 2511	8	2	4 4 
 2512	8	2	8 0 
 2513	8	2	4 4 
 2514	8	2	8 0 
 2515	8	2	8 0 
 2516	8	2	8 0 
 2517	8	2	8 0 
 2518	8	2	8 0 
 2519	8	2	8 0 
 2520	8	2	8 0 
 2521	8	2	8 0 
 2522	8	2	8 0 
 2523	8	2	8 0 
 2524	8	2	8 0 
 2525	8	2	8 0 
 2526	8	2	8 0 
 2527	8	2	8 0 
 2528	8	2	7 1 
 2529	8	2	8 0 
 2530	8	2	8 0 
 2531	8	2	8 0 
 2532	8	2	5 3 
 2533	8	2	7 1 
 2534	8	2	5 3 
 2535	8	2	5 3 
 2536	8	2	8 0 
 2537	8	2	8 0 
 2538	8	2	8 0 
 2539	8	2	8 0 
 2540	8	2	8 0 
 2541	8	2	8 0 
 2542	8	2	8 0 
 2543	8	2	8 0 
 2544	8	2	8 0 
 2545	8	2	8 0 
 2546	8	2	8 0 
 2547	8	2	8 0 
 2548	8	2	8 0 
 2549	8	2	8 0 
 2550	8	2	8 0 
 2551	8	2	7 1 
 2552	8	2	8 0 
 2553	8	2	8 0 
 2554	8	2	8 0 
 2555	8	2	8 0 
 2556	8	2	7 1 
 2557	8	2	8 0 
 2558	8	2	8 0 
 2559	8	2	8 0 
 2560	8	2	8 0 
 2561	8	2	2 6 
 2562	8	2	2 6 
 2563	8	2	0 8 
 2564	8	2	8 0 
 2565	8	2	8 0 
 2566	8	2	8 0 
 2567	8	2	6 2 
 2568	8	2	8 0 
 2569	8	2	8 0 
 2570	8	2	8 0 
 2571	8	2	8 0 
 2572	8	2	8 0 
 2573	8	2	6 2 
 2574	8	2	8 0 
 2575	8	2	8 0 
 2576	8	2	8 0 
 2577	8	2	8 0 
 2578	8	2	8 0 
 2579	8	2	8 0 
 2580	8	2	8 0 
 2581	8	2	8 0 
 2582	8	2	8 0 
 2583	8	2	8 0 
 2584	8	2	8 0 
 2585	8	2	8 0 
 2586	8	2	8 0 
 2587	8	2	8 0 
 2588	8	2	7 1 
 2589	8	2	6 2 
 2590	8	2	8 0 
 2591	8	2	6 2 
 2592	8	2	6 2 
 2593	8	2	8 0 
 2594	8	2	8 0 
 2595	8	2	8 0 
 2596	8	2	6 2 
 2597	8	2	8 0 
 2598	8	2	6 2 
 2599	8	2	6 2 
 2600	8	2	7 1 
 2601	8	2	7 1 
 2602	8	2	7 1 
 2603	8	2	8 0 
 2604	8	2	7 1 
 2605	8	2	7 1 
 2606	8	2	8 0 
 2607	8	2	8 0 
 2608	8	2	8 0 
 2609	8	2	8 0 
 2610	8	2	8 0 
 2611	8	2	8 0 
 2612	8	2	8 0 
 2613	8	2	8 0 
 2614	8	2	8 0 
 2615	8	2	8 0 
 2616	8	2	8 0 
 2617	8	2	7 1 
 2618	8	2	7 1 
 2619	8	2	8 0 
 2620	8	2	8 0 
 2621	8	2	8 0 
 2622	8	2	8 0 
 2623	8	2	8 0 
 2624	8	2	8 0 
 2625	8	2	7 1 
 2626	8	2	8 0 
 2627	8	2	8 0 
 2628	8	2	8 0 
 2629	8	2	8 0 
 2630	8	2	8 0 
 2631	8	2	8 0 
 2632	8	2	6 2 
 2633	8	2	1 7 
 2634	8	2	8 0 
 2635	8	2	8 0 
 2636	8	2	8 0 
 2637	8	2	0 8 
 2638	8	2	8 0 
 2639	8	2	6 2 
 2640	8	2	6 2 
 2641	8	2	8 0 
 2642	8	2	6 2 
 2643	8	2	8 0 
 2644	8	2	8 0 
 2645	8	2	8 0 
 2646	8	2	7 1 
 2647	8	2	8 0 
 2648	8	2	8 0 
 2649	8	2	8 0 
 2650	8	2	8 0 
 2651	8	2	8 0 
 2652	8	2	8 0 
 2653	8	2	8 0 
 2654	8	2	8 0 
 2655	8	2	8 0 
 2656	8	2	8 0 
 2657	8	2	8 0 
 2658	8	2	7 1 
 2659	8	2	8 0 
 2660	8	2	8 0 
 2661	8	2	8 0 
 2662	8	2	8 0 
 2663	8	2	7 1 
 2664	8	2	7 1 
 2665	8	2	7 1 
 2666	8	2	8 0 
 2667	8	2	7 1 
 2668	8	2	7 1 
 2669	8	2	7 1 
 2670	8	2	8 0 
 2671	8	2	8 0 
 2672	8	2	8 0 
 2673	8	2	8 0 
 2674	8	2	8 0 
 2675	8	2	8 0 
 2676	8	2	8 0 
 2677	8	2	8 0 
 2678	8	2	8 0 
 2679	8	2	8 0 
 2680	8	2	8 0 
 2681	8	2	8 0 
 2682	8	2	8 0 
 2683	8	2	8 0 
 2684	8	2	8 0 
 2685	8	2	8 0 
 2686	8	2	8 0 
 2687	8	2	0 8 
 2688	8	2	6 2 
 2689	8	2	8 0 
 2690	8	2	8 0 
 2691	8	2	8 0 
 2692	8	2	8 0 
 2693	8	2	8 0 
 2694	8	2	8 0 
 2695	8	2	8 0 
 2696	8	2	8 0 
 2697	8	2	8 0 
 2698	8	2	8 0 
 2699	8	2	7 1 
 2700	8	2	8 0 
 2701	8	2	8 0 
 2702	8	2	8 0 
 2703	8	2	8 0 
 2704	8	2	8 0 
 2705	8	2	8 0 
 2706	8	2	5 3 
 2707	8	2	5 3 
 2708	8	2	8 0 
 2709	8	2	8 0 
 2710	8	2	8 0 
 2711	8	2	7 1 
 2712	8	2	7 1 
 2713	8	2	7 1 
 2714	8	2	8 0 
 2715	8	2	8 0 
 2716	8	2	8 0 
 2717	8	2	7 1 
 2718	8	2	8 0 
 2719	8	2	8 0 
 2720	8	2	8 0 
 2721	8	2	8 0 
 2722	8	2	8 0 
 2723	8	2	8 0 
 2724	8	2	8 0 
 2725	8	2	8 0 
 2726	8	2	1 7 
 2727	8	2	8 0 
 2728	8	2	1 7 
 2729	8	2	1 7 
 2730	8	2	8 0 
 2731	8	2	8 0 
 2732	8	2	8 0 
 2733	8	2	8 0 
 2734	8	2	1 7 
 2735	8	2	8 0 
 2736	8	2	8 0 
 2737	8	2	1 7 
 2738	8	2	8 0 
 2739	8	2	8 0 
 2740	8	2	8 0 
 2741	8	2	4 4 
 2742	8	2	3 5 
 2743	8	2	7 1 
 2744	8	2	8 0 
 2745	8	2	8 0 
 2746	8	2	8 0 
 2747	8	2	8 0 
 2748	8	2	3 5 
 2749	8	2	8 0 
 2750	8	2	8 0 
 2751	8	2	8 0 
 2752	8	2	8 0 
 2753	8	2	8 0 
 2754	8	2	8 0 
 2755	8	2	4 4 
 2756	8	2	8 0 
 2757	8	2	8 0 
 2758	8	2	8 0 
 2759	8	2	8 0 
 2760	8	2	7 1 
 2761	8	2	8 0 
 2762	8	2	6 2 
 2763	8	2	7 1 
 2764	8	2	8 0 
 2765	8	2	8 0 
 2766	8	2	8 0 
 2767	8	2	8 0 
 2768	8	2	8 0 
 2769	8	2	5 3 
 2770	8	2	8 0 
 2771	8	2	1 7 
 2772	8	2	7 1 
 2773	8	2	7 1 
 2774	8	2	8 0 
 2775	8	2	7 1 
 2776	8	2	3 5 
 2777	8	2	1 7 
 2778	8	2	7 1 
 2779	8	2	7 1 
 2780	8	2	7 1 
 2781	8	2	7 1 
 2782	8	2	8 0 
 2783	8	2	3 5 
 2784	8	2	8 0 
 2785	8	2	8 0 
 2786	8	2	7 1 
 2787	8	2	5 3 
 2788	8	2	8 0 
 2789	8	2	8 0 
 2790	8	2	8 0 
 2791	8	2	8 0 
 2792	8	2	8 0 
 2793	8	2	6 2 
 2794	8	2	8 0 
 2795	8	2	4 4 
 2796	8	2	6 2 
 2797	8	2	8 0 
 2798	8	2	6 2 
 2799	8	2	8 0 
 2800	8	2	8 0 
 2801	8	2	8 0 
 2802	8	2	6 2 
 2803	8	2	8 0 
 2804	8	2	0 8 
 2805	8	2	0 8 
 2806	8	2	8 0 
 2807	8	2	8 0 
 2808	8	2	8 0 
 2809	8	2	8 0 
 2810	8	2	8 0 
 2811	8	2	8 0 
 2812	8	2	8 0 
 2813	8	2	8 0 
 2814	8	2	8 0 
 2815	8	2	8 0 
 2816	8	2	8 0 
 2817	8	2	0 8 
 2818	8	2	8 0 
 2819	8	2	8 0 
 2820	8	2	8 0 
 2821	8	2	3 5 
 2822	8	2	8 0 
 2823	8	2	8 0 
 2824	8	2	7 1 
 2825	8	2	8 0 
 2826	8	2	8 0 
 2827	8	2	8 0 
 2828	8	2	8 0 
 2829	8	2	8 0 
 2830	8	2	7 1 
 2831	8	2	8 0 
 2832	8	2	8 0 
 2833	8	2	8 0 
 2834	8	2	8 0 
 2835	8	2	8 0 
 2836	8	2	8 0 
 2837	8	2	8 0 
 2838	8	2	5 3 
 2839	8	2	8 0 
 2840	8	2	8 0 
 2841	8	2	7 1 
 2842	8	2	8 0 
 2843	8	2	8 0 
 2844	8	2	7 1 
 2845	8	2	8 0 
 2846	8	2	8 0 
 2847	8	2	8 0 
 2848	8	2	7 1 
 2849	8	2	8 0 
 2850	8	2	8 0 
 2851	8	2	8 0 
 2852	8	2	8 0 
 2853	8	2	7 1 
 2854	8	2	8 0 
 2855	8	2	8 0 
 2856	8	2	8 0 
 2857	8	2	7 1 
 2858	8	2	7 1 
 2859	8	2	8 0 
 2860	8	2	8 0 
 2861	8	2	8 0 
 2862	8	2	8 0 
 2863	8	2	8 0 
 2864	8	2	8 0 
 2865	8	2	8 0 
 2866	8	2	8 0 
 2867	8	2	8 0 
 2868	8	2	8 0 
 2869	8	2	0 8 
 2870	8	2	8 0 
 2871	8	2	2 6 
 2872	8	2	8 0 
 2873	8	2	8 0 
 2874	8	2	6 2 
 2875	8	2	8 0 
 2876	8	2	8 0 
 2877	8	2	8 0 
 2878	8	2	8 0 
 2879	8	2	8 0 
 2880	8	2	7 1 
 2881	8	2	8 0 
 2882	8	2	8 0 
 2883	8	2	8 0 
 2884	8	2	8 0 
 2885	8	2	8 0 
 2886	8	2	7 1 
 2887	8	2	8 0 
 2888	8	2	8 0 
 2889	8	2	8 0 
 2890	8	2	8 0 
 2891	8	2	7 1 
 2892	8	2	0 8 
 2893	8	2	7 1 
 2894	8	2	8 0 
 2895	8	2	8 0 
 2896	8	2	8 0 
 2897	8	2	8 0 
 2898	8	2	6 2 
 2899	8	2	8 0 
 2900	8	2	6 2 
 2901	8	2	8 0 
 2902	8	2	8 0 
 2903	8	2	4 4 
 2904	8	2	8 0 
 2905	8	2	8 0 
 2906	8	2	8 0 
 2907	8	2	1 7 
 2908	8	2	1 7 
 2909	8	2	8 0 
 2910	8	2	8 0 
 2911	8	2	8 0 
 2912	8	2	8 0 
 2913	8	2	8 0 
 2914	8	2	8 0 
 2915	8	2	7 1 
 2916	8	2	8 0 
 2917	8	2	8 0 
 2918	8	2	8 0 
 2919	8	2	8 0 
 2920	8	2	8 0 
 2921	8	2	8 0 
 2922	8	2	8 0 
 2923	8	2	8 0 
 2924	8	2	0 8 
 2925	8	2	8 0 
 2926	8	2	8 0 
 2927	8	2	8 0 
 2928	8	2	6 2 
 2929	8	2	6 2 
 2930	8	2	1 7 
 2931	8	2	8 0 
 2932	8	2	7 1 
 2933	8	2	8 0 
 2934	8	2	8 0 
 2935	8	2	8 0 
 2936	8	2	6 2 
 2937	8	2	8 0 
 2938	8	2	8 0 
 2939	8	2	7 1 
 2940	8	2	8 0 
 2941	8	2	8 0 
 2942	8	2	8 0 
 2943	8	2	8 0 
 2944	8	2	8 0 
 2945	8	2	8 0 
 2946	8	2	7 1 
 2947	8	2	1 7 
 2948	8	2	8 0 
 2949	8	2	1 7 
 2950	8	2	8 0 
 2951	8	2	7 1 
 2952	8	2	8 0 
 2953	8	2	7 1 
 2954	8	2	8 0 
 2955	8	2	7 1 
 2956	8	2	8 0 
 2957	8	2	7 1 
 2958	8	2	8 0 
 2959	8	2	4 4 
 2960	8	2	8 0 
 2961	8	2	4 4 
 2962	8	2	7 1 
 2963	8	2	8 0 
 2964	8	2	7 1 
 2965	8	2	8 0 
 2966	8	2	8 0 
 2967	8	2	7 1 
 2968	8	2	8 0 
 2969	8	2	8 0 
 2970	8	2	8 0 
 2971	8	2	5 3 
 2972	8	2	8 0 
 2973	8	2	8 0 
 2974	8	2	8 0 
 2975	8	2	8 0 
 2976	8	2	7 1 
 2977	8	2	8 0 
 2978	8	2	8 0 
 2979	8	2	3 5 
 2980	8	2	3 5 
 2981	8	2	3 5 
 2982	8	2	8 0 
 2983	8	2	8 0 
 2984	8	2	8 0 
 2985	8	2	8 0 
 2986	8	2	8 0 
 2987	8	2	8 0 
 2988	8	2	8 0 
 2989	8	2	8 0 
 2990	8	2	8 0 
 2991	8	2	8 0 
 2992	8	2	7 1 
 2993	8	2	8 0 
 2994	8	2	8 0 
 2995	8	2	8 0 
 2996	8	2	6 2 
 2997	8	2	7 1 
 2998	8	2	8 0 
 2999	8	2	8 0 
 3000	8	2	4 4 
 3001	8	2	7 1 
 3002	8	2	7 1 
 3003	8	2	8 0 
 3004	8	2	4 4 
 3005	8	2	4 4 
 3006	8	2	4 4 
 3007	8	2	4 4 
 3008	8	2	4 4 
 3009	8	2	8 0 
 3010	8	2	7 1 
 3011	8	2	7 1 
 3012	8	2	7 1 
 3013	8	2	8 0 
 3014	8	2	7 1 
 3015	8	2	7 1 
 3016	8	2	7 1 
 3017	8	2	8 0 
 3018	8	2	7 1 
 3019	8	2	8 0 
 3020	8	2	8 0 
 3021	8	2	0 8 
 3022	8	2	8 0 
 3023	8	2	8 0 
 3024	8	2	7 1 
 3025	8	2	1 7 
 3026	8	2	6 2 
 3027	8	2	8 0 
 3028	8	2	8 0 
 3029	8	2	6 2 
 3030	8	2	8 0 
 3031	8	2	8 0 
 3032	8	2	8 0 
 3033	8	2	8 0 
 3034	8	2	8 0 
 3035	8	2	0 8 
 3036	8	2	7 1 
 3037	8	2	7 1 
 3038	8	2	8 0 
 3039	8	2	8 0 
 3040	8	2	8 0 
 3041	8	2	8 0 
 3042	8	2	8 0 
 3043	8	2	8 0 
 3044	8	2	8 0 
 3045	8	2	8 0 
 3046	8	2	8 0 
 3047	8	2	8 0 
 3048	8	2	7 1 
 3049	8	2	8 0 
 3050	8	2	8 0 
 3051	8	2	8 0 
 3052	8	2	6 2 
 3053	8	2	8 0 
 3054	8	2	8 0 
 3055	8	2	8 0 
 3056	8	2	8 0 
 3057	8	2	7 1 
 3058	8	2	8 0 
 3059	8	2	8 0 
 3060	8	2	7 1 
 3061	8	2	4 4 
 3062	8	2	3 5 
 3063	8	2	8 0 
 3064	8	2	8 0 
 3065	8	2	8 0 
 3066	8	2	8 0 
 3067	8	2	8 0 
 3068	8	2	8 0 
 3069	8	2	5 3 
 3070	8	2	8 0 
 3071	8	2	7 1 
 3072	8	2	5 3 
 3073	8	2	7 1 
 3074	8	2	8 0 
 3075	8	2	8 0 
 3076	8	2	8 0 
 3077	8	2	8 0 
 3078	8	2	4 4 
 3079	8	2	4 4 
 3080	8	2	8 0 
 3081	8	2	8 0 
 3082	8	2	8 0 
 3083	8	2	8 0 
 3084	8	2	8 0 
 3085	8	2	8 0 
 3086	8	2	4 4 
 3087	8	2	8 0 
 3088	8	2	8 0 
 3089	8	2	8 0 
 3090	8	2	8 0 
 3091	8	2	8 0 
 3092	8	2	7 1 
 3093	8	2	8 0 
 3094	8	2	8 0 
 3095	8	2	8 0 
 3096	8	2	8 0 
 3097	8	2	8 0 
 3098	8	2	8 0 
 3099	8	2	8 0 
 3100	8	2	8 0 
 3101	8	2	8 0 
 3102	8	2	8 0 
 3103	8	2	6 2 
 3104	8	2	8 0 
 3105	8	2	8 0 
 3106	8	2	7 1 
 3107	8	2	8 0 
 3108	8	2	8 0 
 3109	8	2	7 1 
 3110	8	2	4 4 
 3111	8	2	8 0 
 3112	8	2	8 0 
 3113	8	2	8 0 
 3114	8	2	8 0 
 3115	8	2	8 0 
 3116	8	2	8 0 
 3117	8	2	8 0 
 3118	8	2	8 0 
 3119	8	2	7 1 
 3120	8	2	8 0 
 3121	8	2	8 0 
 3122	8	2	8 0 
 3123	8	2	8 0 
 3124	8	2	8 0 
 3125	8	2	8 0 
 3126	8	2	8 0 
 3127	8	2	8 0 
 3128	8	2	2 6 
 3129	8	2	6 2 
 3130	8	2	6 2 
 3131	8	2	8 0 
 3132	8	2	8 0 
 3133	8	2	8 0 
 3134	8	2	4 4 
 3135	8	2	8 0 
 3136	8	2	6 2 
 3137	8	2	0 8 
 3138	8	2	7 1 
 3139	8	2	7 1 
 3140	8	2	6 2 
 3141	8	2	7 1 
 3142	8	2	4 4 
 3143	8	2	8 0 
 3144	8	2	6 2 
 3145	8	2	8 0 
 3146	8	2	8 0 
 3147	8	2	8 0 
 3148	8	2	8 0 
 3149	8	2	7 1 
 3150	8	2	8 0 
 3151	8	2	8 0 
 3152	8	2	6 2 
 3153	8	2	8 0 
 3154	8	2	8 0 
 3155	8	2	8 0 
 3156	8	2	6 2 
 3157	8	2	8 0 
 3158	8	2	8 0 
 3159	8	2	8 0 
 3160	8	2	8 0 
 3161	8	2	6 2 
 3162	8	2	8 0 
 3163	8	2	8 0 
 3164	8	2	8 0 
 3165	8	2	8 0 
 3166	8	2	8 0 
 3167	8	2	8 0 
 3168	8	2	8 0 
 3169	8	2	8 0 
 3170	8	2	8 0 
 3171	8	2	8 0 
 3172	8	2	8 0 
 3173	8	2	8 0 
 3174	8	2	8 0 
 3175	8	2	8 0 
 3176	8	2	1 7 
 3177	8	2	8 0 
 3178	8	2	8 0 
 3179	8	2	8 0 
 3180	8	2	8 0 
 3181	8	2	7 1 
 3182	8	2	8 0 
 3183	8	2	8 0 
 3184	8	2	8 0 
 3185	8	2	8 0 
 3186	8	2	7 1 
 3187	8	2	2 6 
 3188	8	2	8 0 
 3189	8	2	8 0 
 3190	8	2	4 4 
 3191	8	2	8 0 
 3192	8	2	8 0 
 3193	8	2	7 1 
 3194	8	2	8 0 
 3195	8	2	8 0 
 3196	8	2	8 0 
 3197	8	2	7 1 
 3198	8	2	5 3 
 3199	8	2	7 1 
 3200	8	2	8 0 
 3201	8	2	8 0 
 3202	8	2	7 1 
 3203	8	2	8 0 
 3204	8	2	8 0 
 3205	8	2	8 0 
 3206	8	2	8 0 
 3207	8	2	8 0 
 3208	8	2	8 0 
 3209	8	2	8 0 
 3210	8	2	7 1 
 3211	8	2	8 0 
 3212	8	2	8 0 
 3213	8	2	5 3 
 3214	8	2	8 0 
 3215	8	2	8 0 
 3216	8	2	8 0 
 3217	8	2	8 0 
 3218	8	2	8 0 
 3219	8	2	8 0 
 3220	8	2	8 0 
 3221	8	2	8 0 
 3222	8	2	7 1 
 3223	8	2	8 0 
 3224	8	2	8 0 
 3225	8	2	8 0 
 3226	8	2	8 0 
 3227	8	2	8 0 
 3228	8	2	7 1 
 3229	8	2	8 0 
 3230	8	2	7 1 
 3231	8	2	8 0 
 3232	8	2	8 0 
 3233	8	2	8 0 
 3234	8	2	0 8 
 3235	8	2	8 0 
 3236	8	2	7 1 
 3237	8	2	8 0 
 3238	8	2	7 1 
 3239	8	2	8 0 
 3240	8	2	8 0 
 3241	8	2	3 5 
 3242	8	2	8 0 
 3243	8	2	8 0 
 3244	8	2	8 0 
 3245	8	2	6 2 
 3246	8	2	6 2 
 3247	8	2	8 0 
 3248	8	2	6 2 
 3249	8	2	8 0 
 3250	8	2	6 2 
 3251	8	2	7 1 
 3252	8	2	8 0 
 3253	8	2	7 1 
 3254	8	2	8 0 
 3255	8	2	8 0 
 3256	8	2	8 0 
 3257	8	2	8 0 
 3258	8	2	8 0 
 3259	8	2	8 0 
 3260	8	2	8 0 
 3261	8	2	8 0 
 3262	8	2	7 1 
 3263	8	2	7 1 
 3264	8	2	6 2 
 3265	8	2	8 0 
 3266	8	2	8 0 
 3267	8	2	8 0 
 3268	8	2	8 0 
 3269	8	2	8 0 
 3270	8	2	5 3 
 3271	8	2	3 5 
 3272	8	2	5 3 
 3273	8	2	3 5 
 3274	8	2	8 0 
 3275	8	2	8 0 
 3276	8	2	2 6 
 3277	8	2	8 0 
 3278	8	2	8 0 
 3279	8	2	8 0 
 3280	8	2	6 2 
 3281	8	2	8 0 
 3282	8	2	8 0 
 3283	8	2	8 0 
 3284	8	2	8 0 
 3285	8	2	8 0 
 3286	8	2	8 0 
 3287	8	2	8 0 
 3288	8	2	8 0 
 3289	8	2	8 0 
 3290	8	2	8 0 
 3291	8	2	8 0 
 3292	8	2	8 0 
 3293	8	2	8 0 
 3294	8	2	8 0 
 3295	8	2	8 0 
 3296	8	2	8 0 
 3297	8	2	8 0 
 3298	8	2	8 0 
 3299	8	2	8 0 
 3300	8	2	8 0 
 3301	8	2	0 8 
 3302	8	2	0 8 
 3303	8	2	7 1 
 3304	8	2	6 2 
 3305	8	2	6 2 
 3306	8	2	6 2 
 3307	8	2	8 0 
 3308	8	2	8 0 
 3309	8	2	8 0 
 3310	8	2	5 3 
 3311	8	2	8 0 
 3312	8	2	8 0 
 3313	8	2	8 0 
 3314	8	2	8 0 
 3315	8	2	2 6 
 3316	8	2	8 0 
 3317	8	2	8 0 
 3318	8	2	2 6 
 3319	8	2	4 4 
 3320	8	2	7 1 
 3321	8	2	7 1 
 3322	8	2	8 0 
 3323	8	2	8 0 
 3324	8	2	8 0 
 3325	8	2	7 1 
 3326	8	2	5 3 
 3327	8	2	8 0 
 3328	8	2	8 0 
 3329	8	2	8 0 
 3330	8	2	0 8 
 3331	8	2	8 0 
 3332	8	2	8 0 
 3333	8	2	6 2 
 3334	8	2	8 0 
 3335	8	2	7 1 
 3336	8	2	6 2 
 3337	8	2	8 0 
 3338	8	2	2 6 
 3339	8	2	5 3 
 3340	8	2	8 0 
 3341	8	2	6 2 
 3342	8	2	0 8 
 3343	8	2	7 1 
 3344	8	2	7 1 
 3345	8	2	4 4 
 3346	8	2	6 2 
 3347	8	2	8 0 
 3348	8	2	8 0 
 3349	8	2	8 0 
 3350	8	2	8 0 
 3351	8	2	8 0 
 3352	8	2	7 1 
 3353	8	2	8 0 
 3354	8	2	8 0 
 3355	8	2	8 0 
 3356	8	2	8 0 
 3357	8	2	8 0 
 3358	8	2	8 0 
 3359	8	2	8 0 
 3360	8	2	8 0 
 3361	8	2	8 0 
 3362	8	2	8 0 
 3363	8	2	6 2 
 3364	8	2	8 0 
 3365	8	2	7 1 
 3366	8	2	8 0 
 3367	8	2	7 1 
 3368	8	2	8 0 
 3369	8	2	8 0 
 3370	8	2	8 0 
 3371	8	2	8 0 
 3372	8	2	8 0 
 3373	8	2	8 0 
 3374	8	2	8 0 
 3375	8	2	7 1 
 3376	8	2	8 0 
 3377	8	2	7 1 
 3378	8	2	8 0 
 3379	8	2	8 0 
 3380	8	2	8 0 
 3381	8	2	7 1 
 3382	8	2	8 0 
 3383	8	2	8 0 
 3384	8	2	8 0 
 3385	8	2	8 0 
 3386	8	2	0 8 
 3387	8	2	7 1 
 3388	8	2	8 0 
 3389	8	2	6 2 
 3390	8	2	8 0 
 3391	8	2	7 1 
 3392	8	2	8 0 
 3393	8	2	7 1 
 3394	8	2	8 0 
 3395	8	2	8 0 
 3396	8	2	0 8 
 3397	8	2	8 0 
 3398	8	2	8 0 
 3399	8	2	8 0 
 3400	8	2	8 0 
 3401	8	2	7 1 
 3402	8	2	8 0 
 3403	8	2	8 0 
 3404	8	2	7 1 
 3405	8	2	8 0 
 3406	8	2	8 0 
 3407	8	2	0 8 
 3408	8	2	6 2 
 3409	8	2	8 0 
 3410	8	2	8 0 
 3411	8	2	8 0 
 3412	8	2	7 1 
 3413	8	2	8 0 
 3414	8	2	8 0 
 3415	8	2	8 0 
 3416	8	2	7 1 
 3417	8	2	8 0 
 3418	8	2	8 0 
 3419	8	2	7 1 
 3420	8	2	8 0 
 3421	8	2	6 2 
 3422	8	2	8 0 
 3423	8	2	8 0 
 3424	8	2	8 0 
 3425	8	2	8 0 
 3426	8	2	6 2 
 3427	8	2	8 0 
 3428	8	2	8 0 
 3429	8	2	8 0 
 3430	8	2	8 0 
 3431	8	2	8 0 
 3432	8	2	8 0 
 3433	8	2	6 2 
 3434	8	2	8 0 
 3435	8	2	8 0 
 3436	8	2	8 0 
 3437	8	2	8 0 
 3438	8	2	8 0 
 3439	8	2	2 6 
 3440	8	2	8 0 
 3441	8	2	8 0 
 3442	8	2	7 1 
 3443	8	2	8 0 
 3444	8	2	8 0 
 3445	8	2	8 0 
 3446	8	2	7 1 
 3447	8	2	8 0 
 3448	8	2	7 1 
 3449	8	2	8 0 
 3450	8	2	8 0 
 3451	8	2	7 1 
 3452	8	2	8 0 
 3453	8	2	3 5 
 3454	8	2	2 6 
 3455	8	2	8 0 
 3456	8	2	8 0 
 3457	8	2	8 0 
 3458	8	2	2 6 
 3459	8	2	2 6 
 3460	8	2	8 0 
 3461	8	2	7 1 
 3462	8	2	0 8 
 3463	8	2	8 0 
 3464	8	2	8 0 
 3465	8	2	8 0 
 3466	8	2	7 1 
 3467	8	2	8 0 
 3468	8	2	8 0 
 3469	8	2	8 0 
 3470	8	2	8 0 
 3471	8	2	8 0 
 3472	8	2	8 0 
 3473	8	2	8 0 
 3474	8	2	8 0 
 3475	8	2	8 0 
 3476	8	2	8 0 
 3477	8	2	8 0 
 3478	8	2	8 0 
 3479	8	2	8 0 
 3480	8	2	8 0 
 3481	8	2	8 0 
 3482	8	2	8 0 
 3483	8	2	8 0 
 3484	8	2	8 0 
 3485	8	2	8 0 
 3486	8	2	8 0 
 3487	8	2	8 0 
 3488	8	2	8 0 
 3489	8	2	8 0 
 3490	8	2	8 0 
 3491	8	2	8 0 
 3492	8	2	8 0 
 3493	8	2	8 0 
 3494	8	2	8 0 
 3495	8	2	7 1 
 3496	8	2	8 0 
 3497	8	2	8 0 
 3498	8	2	5 3 
 3499	8	2	7 1 
 3500	8	2	8 0 
 3501	8	2	7 1 
 3502	8	2	6 2 
 3503	8	2	7 1 
 3504	8	2	8 0 
 3505	8	2	3 5 
 3506	8	2	6 2 
 3507	8	2	8 0 
 3508	8	2	7 1 
 3509	8	2	6 2 
 3510	8	2	6 2 
 3511	8	2	6 2 
 3512	8	2	7 1 
 3513	8	2	6 2 
 3514	8	2	8 0 
 3515	8	2	8 0 
 3516	8	2	7 1 
 3517	8	2	8 0 
 3518	8	2	8 0 
 3519	8	2	8 0 
 3520	8	2	8 0 
 3521	8	2	8 0 
 3522	8	2	8 0 
 3523	8	2	7 1 
 3524	8	2	8 0 
 3525	8	2	7 1 
 3526	8	2	8 0 
 3527	8	2	5 3 
 3528	8	2	5 3 
 3529	8	2	8 0 
 3530	8	2	8 0 
 3531	8	2	8 0 
 3532	8	2	8 0 
 3533	8	2	8 0 
 3534	8	2	8 0 
 3535	8	2	8 0 
 3536	8	2	6 2 
 3537	8	2	5 3 
 3538	8	2	7 1 
 3539	8	2	8 0 
 3540	8	2	7 1 
 3541	8	2	7 1 
 3542	8	2	8 0 
 3543	8	2	7 1 
 3544	8	2	6 2 
 3545	8	2	7 1 
 3546	8	2	7 1 
 3547	8	2	6 2 
 3548	8	2	8 0 
 3549	8	2	5 3 
 3550	8	2	8 0 
 3551	8	2	8 0 
 3552	8	2	8 0 
 3553	8	2	8 0 
 3554	8	2	8 0 
 3555	8	2	8 0 
 3556	8	2	0 8 
 3557	8	2	8 0 
 3558	8	2	8 0 
 3559	8	2	8 0 
 3560	8	2	7 1 
 3561	8	2	8 0 
 3562	8	2	8 0 
 3563	8	2	8 0 
 3564	8	2	8 0 
 3565	8	2	6 2 
 3566	8	2	7 1 
 3567	8	2	6 2 
 3568	8	2	6 2 
 3569	8	2	8 0 
 3570	8	2	8 0 
 3571	8	2	8 0 
 3572	8	2	6 2 
 3573	8	2	7 1 
 3574	8	2	6 2 
 3575	8	2	6 2 
 3576	8	2	7 1 
 3577	8	2	8 0 
 3578	8	2	7 1 
 3579	8	2	8 0 
 3580	8	2	8 0 
 3581	8	2	7 1 
 3582	8	2	8 0 
 3583	8	2	8 0 
 3584	8	2	8 0 
 3585	8	2	7 1 
 3586	8	2	8 0 
 3587	8	2	8 0 
 3588	8	2	8 0 
 3589	8	2	8 0 
 3590	8	2	8 0 
 3591	8	2	8 0 
 3592	8	2	8 0 
 3593	8	2	8 0 
 3594	8	2	8 0 
 3595	8	2	8 0 
 3596	8	2	8 0 
 3597	8	2	8 0 
 3598	8	2	8 0 
 3599	8	2	8 0 
 3600	8	2	8 0 
 3601	8	2	8 0 
 3602	8	2	8 0 
 3603	8	2	8 0 
 3604	8	2	8 0 
 3605	8	2	8 0 
 3606	8	2	8 0 
 3607	8	2	8 0 
 3608	8	2	6 2 
 3609	8	2	8 0 
 3610	8	2	5 3 
 3611	8	2	8 0 
 3612	8	2	4 4 
 3613	8	2	5 3 
 3614	8	2	7 1 
 3615	8	2	8 0 
 3616	8	2	8 0 
 3617	8	2	8 0 
 3618	8	2	7 1 
 3619	8	2	8 0 
 3620	8	2	8 0 
 3621	8	2	7 1 
 3622	8	2	8 0 
 3623	8	2	8 0 
 3624	8	2	7 1 
 3625	8	2	1 7 
 3626	8	2	8 0 
 3627	8	2	8 0 
 3628	8	2	8 0 
 3629	8	2	8 0 
 3630	8	2	8 0 
 3631	8	2	8 0 
 3632	8	2	8 0 
 3633	8	2	6 2 
 3634	8	2	4 4 
 3635	8	2	5 3 
 3636	8	2	8 0 
 3637	8	2	3 5 
 3638	8	2	8 0 
 3639	8	2	3 5 
 3640	8	2	8 0 
 3641	8	2	7 1 
 3642	8	2	8 0 
 3643	8	2	8 0 
 3644	8	2	8 0 
 3645	8	2	8 0 
 3646	8	2	8 0 
 3647	8	2	8 0 
 3648	8	2	7 1 
 3649	8	2	5 3 
 3650	8	2	8 0 
 3651	8	2	8 0 
 3652	8	2	8 0 
 3653	8	2	8 0 
 3654	8	2	4 4 
 3655	8	2	8 0 
 3656	8	2	7 1 
 3657	8	2	8 0 
 3658	8	2	8 0 
 3659	8	2	8 0 
 3660	8	2	8 0 
 3661	8	2	8 0 
 3662	8	2	6 2 
 3663	8	2	8 0 
 3664	8	2	6 2 
 3665	8	2	8 0 
 3666	8	2	8 0 
 3667	8	2	8 0 
 3668	8	2	8 0 
 3669	8	2	1 7 
 3670	8	2	8 0 
 3671	8	2	8 0 
 3672	8	2	8 0 
 3673	8	2	6 2 
 3674	8	2	7 1 
 3675	8	2	8 0 
 3676	8	2	6 2 
 3677	8	2	7 1 
 3678	8	2	6 2 
 3679	8	2	8 0 
 3680	8	2	8 0 
 3681	8	2	8 0 
 3682	8	2	8 0 
 3683	8	2	8 0 
 3684	8	2	8 0 
 3685	8	2	8 0 
 3686	8	2	8 0 
 3687	8	2	8 0 
 3688	8	2	8 0 
 3689	8	2	4 4 
 3690	8	2	8 0 
 3691	8	2	8 0 
 3692	8	2	6 2 
 3693	8	2	8 0 
 3694	8	2	8 0 
 3695	8	2	8 0 
 3696	8	2	8 0 
 3697	8	2	8 0 
 3698	8	2	6 2 
 3699	8	2	3 5 
 3700	8	2	8 0 
 3701	8	2	8 0 
 3702	8	2	5 3 
 3703	8	2	8 0 
 3704	8	2	8 0 
 3705	8	2	8 0 
 3706	8	2	8 0 
 3707	8	2	8 0 
 3708	8	2	8 0 
 3709	8	2	7 1 
 3710	8	2	8 0 
 3711	8	2	8 0 
 3712	8	2	8 0 
 3713	8	2	8 0 
 3714	8	2	8 0 
 3715	8	2	8 0 
 3716	8	2	8 0 
 3717	8	2	8 0 
 3718	8	2	8 0 
 3719	8	2	2 6 
 3720	8	2	2 6 
 3721	8	2	8 0 
 3722	8	2	2 6 
 3723	8	2	8 0 
 3724	8	2	6 2 
 3725	8	2	8 0 
 3726	8	2	8 0 
 3727	8	2	8 0 
 3728	8	2	8 0 
 3729	8	2	8 0 
 3730	8	2	8 0 
 3731	8	2	8 0 
 3732	8	2	8 0 
 3733	8	2	6 2 
 3734	8	2	7 1 
 3735	8	2	8 0 
 3736	8	2	5 3 
 3737	8	2	8 0 
 3738	8	2	0 8 
 3739	8	2	8 0 
 3740	8	2	8 0 
 3741	8	2	8 0 
 3742	8	2	6 2 
 3743	8	2	8 0 
 3744	8	2	8 0 
 3745	8	2	8 0 
 3746	8	2	0 8 
 3747	8	2	8 0 
 3748	8	2	8 0 
 3749	8	2	8 0 
 3750	8	2	8 0 
 3751	8	2	4 4 
 3752	8	2	8 0 
 3753	8	2	8 0 
 3754	8	2	8 0 
 3755	8	2	8 0 
 3756	8	2	8 0 
 3757	8	2	8 0 
 3758	8	2	8 0 
 3759	8	2	7 1 
 3760	8	2	6 2 
 3761	8	2	8 0 
 3762	8	2	7 1 
 3763	8	2	8 0 
 3764	8	2	7 1 
 3765	8	2	8 0 
 3766	8	2	8 0 
 3767	8	2	6 2 
 3768	8	2	6 2 
 3769	8	2	8 0 
 3770	8	2	8 0 
 3771	8	2	6 2 
 3772	8	2	8 0 
 3773	8	2	8 0 
 3774	8	2	6 2 
 3775	8	2	8 0 
 3776	8	2	8 0 
 3777	8	2	6 2 
 3778	8	2	6 2 
 3779	8	2	8 0 
 3780	8	2	8 0 
 3781	8	2	8 0 
 3782	8	2	6 2 
 3783	8	2	8 0 
 3784	8	2	8 0 
 3785	8	2	8 0 
 3786	8	2	3 5 
 3787	8	2	8 0 
 3788	8	2	8 0 
 3789	8	2	7 1 
 3790	8	2	7 1 
 3791	8	2	8 0 
 3792	8	2	7 1 
 3793	8	2	8 0 
 3794	8	2	8 0 
 3795	8	2	8 0 
 3796	8	2	8 0 
 3797	8	2	8 0 
 3798	8	2	8 0 
 3799	8	2	1 7 
 3800	8	2	8 0 
 3801	8	2	7 1 
 3802	8	2	8 0 
 3803	8	2	8 0 
 3804	8	2	8 0 
 3805	8	2	8 0 
 3806	8	2	8 0 
 3807	8	2	8 0 
 3808	8	2	8 0 
 3809	8	2	8 0 
 3810	8	2	8 0 
 3811	8	2	4 4 
 3812	8	2	4 4 
 3813	8	2	4 4 
 3814	8	2	4 4 
 3815	8	2	8 0 
 3816	8	2	8 0 
 3817	8	2	8 0 
 3818	8	2	8 0 
 3819	8	2	8 0 
 3820	8	2	8 0 
 3821	8	2	5 3 
 3822	8	2	8 0 
 3823	8	2	8 0 
 3824	8	2	8 0 
 3825	8	2	8 0 
 3826	8	2	8 0 
 3827	8	2	8 0 
 3828	8	2	8 0 
 3829	8	2	8 0 
 3830	8	2	8 0 
 3831	8	2	6 2 
 3832	8	2	5 3 
 3833	8	2	8 0 
 3834	8	2	5 3 
 3835	8	2	6 2 
 3836	8	2	6 2 
 3837	8	2	6 2 
 3838	8	2	8 0 
 3839	8	2	8 0 
 3840	8	2	8 0 
 3841	8	2	8 0 
 3842	8	2	7 1 
 3843	8	2	8 0 
 3844	8	2	0 8 
 3845	8	2	7 1 
 3846	8	2	7 1 
 3847	8	2	8 0 
 3848	8	2	8 0 
 3849	8	2	8 0 
 3850	8	2	8 0 
 3851	8	2	8 0 
 3852	8	2	8 0 
 3853	8	2	7 1 
 3854	8	2	8 0 
 3855	8	2	6 2 
 3856	8	2	7 1 
 3857	8	2	7 1 
 3858	8	2	8 0 
 3859	8	2	2 6 
 3860	8	2	8 0 
 3861	8	2	7 1 
 3862	8	2	8 0 
 3863	8	2	8 0 
 3864	8	2	8 0 
 3865	8	2	8 0 
 3866	8	2	8 0 
 3867	8	2	8 0 
 3868	8	2	8 0 
 3869	8	2	8 0 
 3870	8	2	8 0 
 3871	8	2	8 0 
 3872	8	2	8 0 
 3873	8	2	6 2 
 3874	8	2	8 0 
 3875	8	2	8 0 
 3876	8	2	8 0 
 3877	8	2	7 1 
 3878	8	2	7 1 
 3879	8	2	7 1 
 3880	8	2	8 0 
 3881	8	2	8 0 
 3882	8	2	7 1 
 3883	8	2	7 1 
 3884	8	2	7 1 
 3885	8	2	8 0 
 3886	8	2	8 0 
 3887	8	2	8 0 
 3888	8	2	7 1 
 3889	8	2	8 0 
 3890	8	2	8 0 
 3891	8	2	8 0 
 3892	8	2	7 1 
 3893	8	2	7 1 
 3894	8	2	8 0 
 3895	8	2	8 0 
 3896	8	2	8 0 
 3897	8	2	8 0 
 3898	8	2	6 2 
 3899	8	2	8 0 
 3900	8	2	8 0 
 3901	8	2	8 0 
 3902	8	2	8 0 
 3903	8	2	8 0 
 3904	8	2	8 0 
 3905	8	2	8 0 
 3906	8	2	8 0 
 3907	8	2	8 0 
 3908	8	2	0 8 
 3909	8	2	8 0 
 3910	8	2	8 0 
 3911	8	2	8 0 
 3912	8	2	7 1 
 3913	8	2	7 1 
 3914	8	2	7 1 
 3915	8	2	7 1 
 3916	8	2	8 0 
 3917	8	2	7 1 
 3918	8	2	8 0 
 3919	8	2	8 0 
 3920	8	2	8 0 
 3921	8	2	8 0 
 3922	8	2	7 1 
 3923	8	2	7 1 
 3924	8	2	8 0 
 3925	8	2	7 1 
 3926	8	2	8 0 
 3927	8	2	8 0 
 3928	8	2	8 0 
 3929	8	2	8 0 
 3930	8	2	8 0 
 3931	8	2	3 5 
 3932	8	2	7 1 
 3933	8	2	7 1 
 3934	8	2	8 0 
 3935	8	2	8 0 
 3936	8	2	8 0 
 3937	8	2	8 0 
 3938	8	2	8 0 
 3939	8	2	7 1 
 3940	8	2	7 1 
 3941	8	2	8 0 
 3942	8	2	8 0 
 3943	8	2	7 1 
 3944	8	2	8 0 
 3945	8	2	8 0 
 3946	8	2	5 3 
 3947	8	2	8 0 
 3948	8	2	1 7 
 3949	8	2	8 0 
 3950	8	2	8 0 
 3951	8	2	8 0 
 3952	8	2	5 3 
 3953	8	2	5 3 
 3954	8	2	8 0 
 3955	8	2	8 0 
 3956	8	2	8 0 
 3957	8	2	6 2 
 3958	8	2	5 3 
 3959	8	2	8 0 
 3960	8	2	8 0 
 3961	8	2	8 0 
 3962	8	2	7 1 
 3963	8	2	7 1 
 3964	8	2	8 0 
 3965	8	2	7 1 
 3966	8	2	8 0 
 3967	8	2	8 0 
 3968	8	2	8 0 
 3969	8	2	8 0 
 3970	8	2	8 0 
 3971	8	2	1 7 
 3972	8	2	7 1 
 3973	8	2	8 0 
 3974	8	2	8 0 
 3975	8	2	8 0 
 3976	8	2	7 1 
 3977	8	2	8 0 
 3978	8	2	7 1 
 3979	8	2	7 1 
 3980	8	2	8 0 
 3981	8	2	8 0 
 3982	8	2	8 0 
 3983	8	2	8 0 
 3984	8	2	8 0 
 3985	8	2	8 0 
 3986	8	2	8 0 
 3987	8	2	8 0 
 3988	8	2	8 0 
 3989	8	2	7 1 
 3990	8	2	8 0 
 3991	8	2	7 1 
 3992	8	2	7 1 
 3993	8	2	2 6 
 3994	8	2	6 2 
 3995	8	2	8 0 
 3996	8	2	8 0 
 3997	8	2	8 0 
 3998	8	2	8 0 
 3999	8	2	8 0 
 4000	8	2	8 0 
 4001	8	2	8 0 
 4002	8	2	8 0 
 4003	8	2	6 2 
 4004	8	2	8 0 
 4005	8	2	8 0 
 4006	8	2	8 0 
 4007	8	2	8 0 
 4008	8	2	7 1 
 4009	8	2	6 2 
 4010	8	2	8 0 
 4011	8	2	8 0 
 4012	8	2	8 0 
 4013	8	2	8 0 
 4014	8	2	8 0 
 4015	8	2	8 0 
 4016	8	2	8 0 
 4017	8	2	8 0 
 4018	8	2	7 1 
 4019	8	2	8 0 
 4020	8	2	8 0 
 4021	8	2	8 0 
 4022	8	2	7 1 
 4023	8	2	7 1 
 4024	8	2	8 0 
 4025	8	2	0 8 
 4026	8	2	7 1 
 4027	8	2	8 0 
 4028	8	2	7 1 
 4029	8	2	7 1 
 4030	8	2	8 0 
 4031	8	2	7 1 
 4032	8	2	2 6 
 4033	8	2	2 6 
 4034	8	2	8 0 
 4035	8	2	8 0 
 4036	8	2	8 0 
 4037	8	2	2 6 
 4038	8	2	8 0 
 4039	8	2	8 0 
 4040	8	2	8 0 
 4041	8	2	8 0 
 4042	8	2	8 0 
 4043	8	2	8 0 
 4044	8	2	8 0 
 4045	8	2	8 0 
 4046	8	2	8 0 
 4047	8	2	8 0 
 4048	8	2	8 0 
 4049	8	2	2 6 
 4050	8	2	8 0 
 4051	8	2	8 0 
 4052	8	2	8 0 
 4053	8	2	8 0 
 4054	8	2	8 0 
 4055	8	2	7 1 
 4056	8	2	8 0 
 4057	8	2	8 0 
 4058	8	2	8 0 
 4059	8	2	6 2 
 4060	8	2	5 3 
 4061	8	2	8 0 
 4062	8	2	8 0 
 4063	8	2	8 0 
 4064	8	2	8 0 
 4065	8	2	8 0 
 4066	8	2	8 0 
 4067	8	2	8 0 
 4068	8	2	8 0 
 4069	8	2	8 0 
 4070	8	2	8 0 
 4071	8	2	8 0 
 4072	8	2	8 0 
 4073	8	2	8 0 
 4074	8	2	8 0 
 4075	8	2	8 0 
 4076	8	2	8 0 
 4077	8	2	8 0 
 4078	8	2	8 0 
 4079	8	2	8 0 
 4080	8	2	8 0 
 4081	8	2	8 0 
 4082	8	2	8 0 
 4083	8	2	8 0 
 4084	8	2	8 0 
 4085	8	2	8 0 
 4086	8	2	8 0 
 4087	8	2	8 0 
 4088	8	2	7 1 
 4089	8	2	6 2 
 4090	8	2	8 0 
 4091	8	2	8 0 
 4092	8	2	8 0 
 4093	8	2	8 0 
 4094	8	2	8 0 
 4095	8	2	8 0 
 4096	8	2	8 0 
 4097	8	2	8 0 
 4098	8	2	1 7 
 4099	8	2	7 1 
 4100	8	2	4 4 
 4101	8	2	7 1 
 4102	8	2	1 7 
 4103	8	2	1 7 
 4104	8	2	8 0 
 4105	8	2	8 0 
 4106	8	2	8 0 
 4107	8	2	8 0 
 4108	8	2	7 1 
 4109	8	2	8 0 
 4110	8	2	8 0 
 4111	8	2	8 0 
 4112	8	2	8 0 
 4113	8	2	5 3 
 4114	8	2	8 0 
 4115	8	2	8 0 
 4116	8	2	8 0 
 4117	8	2	8 0 
 4118	8	2	5 3 
 4119	8	2	4 4 
 4120	8	2	8 0 
 4121	8	2	8 0 
 4122	8	2	7 1 
 4123	8	2	4 4 
 4124	8	2	8 0 
 4125	8	2	3 5 
 4126	8	2	4 4 
 4127	8	2	7 1 
 4128	8	2	8 0 
 4129	8	2	0 8 
 4130	8	2	8 0 
 4131	8	2	8 0 
 4132	8	2	7 1 
 4133	8	2	7 1 
 4134	8	2	4 4 
 4135	8	2	7 1 
 4136	8	2	8 0 
 4137	8	2	5 3 
 4138	8	2	7 1 
 4139	8	2	8 0 
 4140	8	2	7 1 
 4141	8	2	8 0 
 4142	8	2	0 8 
 4143	8	2	6 2 
 4144	8	2	8 0 
 4145	8	2	8 0 
 4146	8	2	8 0 
 4147	8	2	8 0 
 4148	8	2	0 8 
 4149	8	2	8 0 
 4150	8	2	8 0 
 4151	8	2	8 0 
 4152	8	2	7 1 
 4153	8	2	8 0 
 4154	8	2	8 0 
 4155	8	2	8 0 
 4156	8	2	8 0 
 4157	8	2	8 0 
 4158	8	2	7 1 
 4159	8	2	8 0 
 4160	8	2	7 1 
 4161	8	2	8 0 
 4162	8	2	8 0 
 4163	8	2	8 0 
 4164	8	2	6 2 
 4165	8	2	8 0 
 4166	8	2	8 0 
 4167	8	2	8 0 
 4168	8	2	7 1 
 4169	8	2	8 0 
 4170	8	2	8 0 
 4171	8	2	8 0 
 4172	8	2	7 1 
 4173	8	2	7 1 
 4174	8	2	8 0 
 4175	8	2	8 0 
 4176	8	2	8 0 
 4177	8	2	8 0 
 4178	8	2	8 0 
 4179	8	2	8 0 
 4180	8	2	8 0 
 4181	8	2	8 0 
 4182	8	2	8 0 
 4183	8	2	8 0 
 4184	8	2	8 0 
 4185	8	2	8 0 
 4186	8	2	8 0 
 4187	8	2	8 0 
 4188	8	2	8 0 
 4189	8	2	8 0 
 4190	8	2	8 0 
 4191	8	2	8 0 
 4192	8	2	8 0 
 4193	8	2	8 0 
 4194	8	2	8 0 
 4195	8	2	8 0 
 4196	8	2	5 3 
 4197	8	2	7 1 
 4198	8	2	8 0 
 4199	8	2	8 0 
 4200	8	2	8 0 
 4201	8	2	8 0 
 4202	8	2	8 0 
 4203	8	2	8 0 
 4204	8	2	7 1 
 4205	8	2	7 1 
 4206	8	2	6 2 
 4207	8	2	1 7 
 4208	8	2	8 0 
 4209	8	2	1 7 
 4210	8	2	8 0 
 4211	8	2	8 0 
 4212	8	2	8 0 
 4213	8	2	8 0 
 4214	8	2	8 0 
 4215	8	2	8 0 
 4216	8	2	8 0 
 4217	8	2	2 6 
 4218	8	2	8 0 
 4219	8	2	8 0 
 4220	8	2	8 0 
 4221	8	2	8 0 
 4222	8	2	7 1 
 4223	8	2	8 0 
 4224	8	2	7 1 
 4225	8	2	2 6 
 4226	8	2	8 0 
 4227	8	2	6 2 
 4228	8	2	8 0 
 4229	8	2	7 1 
 4230	8	2	8 0 
 4231	8	2	8 0 
 4232	8	2	7 1 
 4233	8	2	8 0 
 4234	8	2	8 0 
 4235	8	2	8 0 
 4236	8	2	8 0 
 4237	8	2	8 0 
 4238	8	2	0 8 
 4239	8	2	8 0 
 4240	8	2	0 8 
 4241	8	2	0 8 
 4242	8	2	8 0 
 4243	8	2	0 8 
 4244	8	2	0 8 
 4245	8	2	8 0 
 4246	8	2	8 0 
 4247	8	2	8 0 
 4248	8	2	8 0 
 4249	8	2	8 0 
 4250	8	2	8 0 
 4251	8	2	8 0 
 4252	8	2	8 0 
 4253	8	2	8 0 
 4254	8	2	8 0 
 4255	8	2	8 0 
 4256	8	2	8 0 
 4257	8	2	8 0 
 4258	8	2	8 0 
 4259	8	2	8 0 
 4260	8	2	8 0 
 4261	8	2	8 0 
 4262	8	2	8 0 
 4263	8	2	8 0 
 4264	8	2	7 1 
 4265	8	2	8 0 
 4266	8	2	8 0 
 4267	8	2	5 3 
 4268	8	2	8 0 
 4269	8	2	8 0 
 4270	8	2	8 0 
 4271	8	2	8 0 
 4272	8	2	8 0 
 4273	8	2	8 0 
 4274	8	2	8 0 
 4275	8	2	8 0 
 4276	8	2	8 0 
 4277	8	2	8 0 
 4278	8	2	8 0 
 4279	8	2	7 1 
 4280	8	2	8 0 
 4281	8	2	7 1 
 4282	8	2	8 0 
 4283	8	2	8 0 
 4284	8	2	7 1 
 4285	8	2	7 1 
 4286	8	2	7 1 
 4287	8	2	8 0 
 4288	8	2	8 0 
 4289	8	2	7 1 
 4290	8	2	8 0 
 4291	8	2	8 0 
 4292	8	2	7 1 
 4293	8	2	8 0 
 4294	8	2	8 0 
 4295	8	2	8 0 
 4296	8	2	8 0 
 4297	8	2	8 0 
 4298	8	2	8 0 
 4299	8	2	8 0 
 4300	8	2	7 1 
 4301	8	2	7 1 
 4302	8	2	8 0 
 4303	8	2	3 5 
 4304	8	2	8 0 
 4305	8	2	0 8 
 4306	8	2	0 8 
 4307	8	2	8 0 
 4308	8	2	0 8 
 4309	8	2	6 2 
 4310	8	2	8 0 
 4311	8	2	8 0 
 4312	8	2	8 0 
 4313	8	2	8 0 
 4314	8	2	8 0 
 4315	8	2	8 0 
 4316	8	2	8 0 
 4317	8	2	8 0 
 4318	8	2	8 0 
 4319	8	2	8 0 
 4320	8	2	8 0 
 4321	8	2	8 0 
 4322	8	2	8 0 
 4323	8	2	8 0 
 4324	8	2	7 1 
 4325	8	2	8 0 
 4326	8	2	7 1 
 4327	8	2	8 0 
 4328	8	2	7 1 
 4329	8	2	3 5 
 4330	8	2	8 0 
 4331	8	2	8 0 
 4332	8	2	7 1 
 4333	8	2	7 1 
 4334	8	2	8 0 
 4335	8	2	8 0 
 4336	8	2	8 0 
 4337	8	2	8 0 
 4338	8	2	8 0 
 4339	8	2	8 0 
 4340	8	2	8 0 
 4341	8	2	8 0 
 4342	8	2	7 1 
 4343	8	2	8 0 
 4344	8	2	8 0 
 4345	8	2	8 0 
 4346	8	2	3 5 
 4347	8	2	3 5 
 4348	8	2	3 5 
 4349	8	2	8 0 
 4350	8	2	8 0 
 4351	8	2	8 0 
 4352	8	2	5 3 
 4353	8	2	8 0 
 4354	8	2	5 3 
 4355	8	2	5 3 
 4356	8	2	5 3 
 4357	8	2	6 2 
 4358	8	2	8 0 
 4359	8	2	8 0 
 4360	8	2	8 0 
 4361	8	2	8 0 
 4362	8	2	7 1 
 4363	8	2	8 0 
 4364	8	2	7 1 
 4365	8	2	7 1 
 4366	8	2	8 0 
 4367	8	2	7 1 
 4368	8	2	8 0 
 4369	8	2	8 0 
 4370	8	2	8 0 
 4371	8	2	8 0 
 4372	8	2	1 7 
 4373	8	2	8 0 
 4374	8	2	4 4 
 4375	8	2	1 7 
 4376	8	2	0 8 
 4377	8	2	7 1 
 4378	8	2	8 0 
 4379	8	2	5 3 
 4380	8	2	7 1 
 4381	8	2	8 0 
 4382	8	2	8 0 
 4383	8	2	8 0 
 4384	8	2	8 0 
 4385	8	2	5 3 
 4386	8	2	8 0 
 4387	8	2	8 0 
 4388	8	2	8 0 
 4389	8	2	8 0 
 4390	8	2	8 0 
 4391	8	2	7 1 
 4392	8	2	6 2 
 4393	8	2	8 0 
 4394	8	2	8 0 
 4395	8	2	8 0 
 4396	8	2	8 0 
 4397	8	2	8 0 
 4398	8	2	8 0 
 4399	8	2	8 0 
 4400	8	2	8 0 
 4401	8	2	8 0 
 4402	8	2	8 0 
 4403	8	2	8 0 
 4404	8	2	7 1 
 4405	8	2	8 0 
 4406	8	2	8 0 
 4407	8	2	8 0 
 4408	8	2	8 0 
 4409	8	2	8 0 
 4410	8	2	8 0 
 4411	8	2	8 0 
 4412	8	2	8 0 
 4413	8	2	7 1 
 4414	8	2	8 0 
 4415	8	2	8 0 
 4416	8	2	8 0 
 4417	8	2	8 0 
 4418	8	2	8 0 
 4419	8	2	5 3 
 4420	8	2	3 5 
 4421	8	2	3 5 
 4422	8	2	8 0 
 4423	8	2	7 1 
 4424	8	2	8 0 
 4425	8	2	8 0 
 4426	8	2	8 0 
 4427	8	2	5 3 
 4428	8	2	5 3 
 4429	8	2	7 1 
 4430	8	2	8 0 
 4431	8	2	8 0 
 4432	8	2	8 0 
 4433	8	2	8 0 
 4434	8	2	8 0 
 4435	8	2	8 0 
 4436	8	2	7 1 
 4437	8	2	8 0 
 4438	8	2	8 0 
 4439	8	2	8 0 
 4440	8	2	8 0 
 4441	8	2	8 0 
 4442	8	2	8 0 
 4443	8	2	8 0 
 4444	8	2	8 0 
 4445	8	2	7 1 
 4446	8	2	8 0 
 4447	8	2	8 0 
 4448	8	2	8 0 
 4449	8	2	8 0 
 4450	8	2	8 0 
 4451	8	2	8 0 
 4452	8	2	8 0 
 4453	8	2	8 0 
 4454	8	2	7 1 
 4455	8	2	8 0 
 4456	8	2	8 0 
 4457	8	2	7 1 
 4458	8	2	8 0 
 4459	8	2	8 0 
 4460	8	2	5 3 
 4461	8	2	8 0 
 4462	8	2	8 0 
 4463	8	2	8 0 
 4464	8	2	5 3 
 4465	8	2	8 0 
 4466	8	2	5 3 
 4467	8	2	8 0 
 4468	8	2	8 0 
 4469	8	2	8 0 
 4470	8	2	8 0 
 4471	8	2	8 0 
 4472	8	2	5 3 
 4473	8	2	8 0 
 4474	8	2	7 1 
 4475	8	2	8 0 
 4476	8	2	6 2 
 4477	8	2	6 2 
 4478	8	2	6 2 
 4479	8	2	8 0 
 4480	8	2	8 0 
 4481	8	2	6 2 
 4482	8	2	8 0 
 4483	8	2	7 1 
 4484	8	2	7 1 
 4485	8	2	7 1 
 4486	8	2	7 1 
 4487	8	2	8 0 
 4488	8	2	8 0 
 4489	8	2	6 2 
 4490	8	2	8 0 
 4491	8	2	8 0 
 4492	8	2	8 0 
 4493	8	2	8 0 
 4494	8	2	8 0 
 4495	8	2	8 0 
 4496	8	2	6 2 
 4497	8	2	4 4 
 4498	8	2	8 0 
 4499	8	2	8 0 
 4500	8	2	7 1 
 4501	8	2	8 0 
 4502	8	2	8 0 
 4503	8	2	6 2 
 4504	8	2	6 2 
 4505	8	2	6 2 
 4506	8	2	6 2 
 4507	8	2	8 0 
 4508	8	2	8 0 
 4509	8	2	6 2 
 4510	8	2	8 0 
 4511	8	2	8 0 
 4512	8	2	7 1 
 4513	8	2	8 0 
 4514	8	2	8 0 
 4515	8	2	8 0 
 4516	8	2	8 0 
 4517	8	2	7 1 
 4518	8	2	8 0 
 4519	8	2	7 1 
 4520	8	2	8 0 
 4521	8	2	8 0 
 4522	8	2	0 8 
 4523	8	2	7 1 
 4524	8	2	8 0 
 4525	8	2	8 0 
 4526	8	2	6 2 
 4527	8	2	8 0 
 4528	8	2	8 0 
 4529	8	2	6 2 
 4530	8	2	0 8 
 4531	8	2	8 0 
 4532	8	2	8 0 
 4533	8	2	8 0 
 4534	8	2	7 1 
 4535	8	2	7 1 
 4536	8	2	7 1 
 4537	8	2	8 0 
 4538	8	2	7 1 
 4539	8	2	8 0 
 4540	8	2	8 0 
 4541	8	2	8 0 
 4542	8	2	8 0 
 4543	8	2	8 0 
 4544	8	2	8 0 
 4545	8	2	8 0 
 4546	8	2	0 8 
 4547	8	2	8 0 
 4548	8	2	1 7 
 4549	8	2	7 1 
 4550	8	2	1 7 
 4551	8	2	8 0 
 4552	8	2	8 0 
 4553	8	2	6 2 
 4554	8	2	8 0 
 4555	8	2	6 2 
 4556	8	2	8 0 
 4557	8	2	8 0 
 4558	8	2	8 0 
 4559	8	2	8 0 
 4560	8	2	8 0 
 4561	8	2	8 0 
 4562	8	2	8 0 
 4563	8	2	8 0 
 4564	8	2	8 0 
 4565	8	2	4 4 
 4566	8	2	8 0 
 4567	8	2	4 4 
 4568	8	2	4 4 
 4569	8	2	4 4 
 4570	8	2	5 3 
 4571	8	2	8 0 
 4572	8	2	7 1 
 4573	8	2	7 1 
 4574	8	2	8 0 
 4575	8	2	8 0 
 4576	8	2	6 2 
 4577	8	2	8 0 
 4578	8	2	8 0 
 4579	8	2	3 5 
 4580	8	2	8 0 
 4581	8	2	8 0 
 4582	8	2	6 2 
 4583	8	2	8 0 
 4584	8	2	8 0 
 4585	8	2	6 2 
 4586	8	2	8 0 
 4587	8	2	8 0 
 4588	8	2	8 0 
 4589	8	2	8 0 
 4590	8	2	6 2 
 4591	8	2	8 0 
 4592	8	2	7 1 
 4593	8	2	8 0 
 4594	8	2	8 0 
 4595	8	2	7 1 
 4596	8	2	8 0 
 4597	8	2	8 0 
 4598	8	2	8 0 
 4599	8	2	8 0 
 4600	8	2	8 0 
 4601	8	2	8 0 
 4602	8	2	8 0 
 4603	8	2	8 0 
 4604	8	2	8 0 
 4605	8	2	4 4 
 4606	8	2	8 0 
 4607	8	2	8 0 
 4608	8	2	8 0 
 4609	8	2	8 0 
 4610	8	2	8 0 
 4611	8	2	8 0 
 4612	8	2	8 0 
 4613	8	2	8 0 
 4614	8	2	7 1 
 4615	8	2	5 3 
 4616	8	2	8 0 
 4617	8	2	8 0 
 4618	8	2	8 0 
 4619	8	2	8 0 
 4620	8	2	8 0 
 4621	8	2	8 0 
 4622	8	2	7 1 
 4623	8	2	7 1 
 4624	8	2	7 1 
 4625	8	2	7 1 
 4626	8	2	4 4 
 4627	8	2	4 4 
 4628	8	2	7 1 
 4629	8	2	4 4 
 4630	8	2	2 6 
 4631	8	2	8 0 
 4632	8	2	8 0 
 4633	8	2	8 0 
 4634	8	2	8 0 
 4635	8	2	7 1 
 4636	8	2	8 0 
 4637	8	2	6 2 
 4638	8	2	8 0 
 4639	8	2	6 2 
 4640	8	2	1 7 
 4641	8	2	8 0 
 4642	8	2	4 4 
 4643	8	2	6 2 
 4644	8	2	1 7 
 4645	8	2	5 3 
 4646	8	2	8 0 
 4647	8	2	5 3 
 4648	8	2	4 4 
 4649	8	2	8 0 
 4650	8	2	8 0 
 4651	8	2	8 0 
 4652	8	2	8 0 
 4653	8	2	7 1 
 4654	8	2	8 0 
 4655	8	2	7 1 
 4656	8	2	8 0 
 4657	8	2	8 0 
 4658	8	2	8 0 
 4659	8	2	7 1 
 4660	8	2	8 0 
 4661	8	2	8 0 
 4662	8	2	8 0 
 4663	8	2	7 1 
 4664	8	2	8 0 
 4665	8	2	8 0 
 4666	8	2	8 0 
 4667	8	2	8 0 
 4668	8	2	6 2 
 4669	8	2	6 2 
 4670	8	2	8 0 
 4671	8	2	8 0 
 4672	8	2	6 2 
 4673	8	2	6 2 
 4674	8	2	6 2 
 4675	8	2	8 0 
 4676	8	2	7 1 
 4677	8	2	7 1 
 4678	8	2	7 1 
 4679	8	2	8 0 
 4680	8	2	8 0 
 4681	8	2	8 0 
 4682	8	2	8 0 
 4683	8	2	8 0 
 4684	8	2	7 1 
 4685	8	2	7 1 
 4686	8	2	8 0 
 4687	8	2	8 0 
 4688	8	2	8 0 
 4689	8	2	7 1 
 4690	8	2	8 0 
 4691	8	2	7 1 
 4692	8	2	7 1 
 4693	8	2	8 0 
 4694	8	2	7 1 
 4695	8	2	7 1 
 4696	8	2	5 3 
 4697	8	2	1 7 
 4698	8	2	7 1 
 4699	8	2	6 2 
 4700	8	2	8 0 
 4701	8	2	8 0 
 4702	8	2	8 0 
 4703	8	2	6 2 
 4704	8	2	8 0 
 4705	8	2	7 1 
 4706	8	2	8 0 
 4707	8	2	8 0 
 4708	8	2	6 2 
 4709	8	2	7 1 
 4710	8	2	0 8 
 4711	8	2	8 0 
 4712	8	2	7 1 
 4713	8	2	7 1 
 4714	8	2	8 0 
 4715	8	2	8 0 
 4716	8	2	8 0 
 4717	8	2	8 0 
 4718	8	2	8 0 
 4719	8	2	8 0 
 4720	8	2	8 0 
 4721	8	2	7 1 
 4722	8	2	8 0 
 4723	8	2	7 1 
 4724	8	2	8 0 
 4725	8	2	8 0 
 4726	8	2	8 0 
 4727	8	2	8 0 
 4728	8	2	7 1 
 4729	8	2	8 0 
 4730	8	2	8 0 
 4731	8	2	8 0 
 4732	8	2	7 1 
 4733	8	2	6 2 
 4734	8	2	7 1 
 4735	8	2	8 0 
 4736	8	2	7 1 
 4737	8	2	7 1 
 4738	8	2	7 1 
 4739	8	2	8 0 
 4740	8	2	4 4 
 4741	8	2	8 0 
 4742	8	2	4 4 
 4743	8	2	4 4 
 4744	8	2	8 0 
 4745	8	2	4 4 
 4746	8	2	8 0 
 4747	8	2	7 1 
 4748	8	2	7 1 
 4749	8	2	7 1 
 4750	8	2	5 3 
 4751	8	2	7 1 
 4752	8	2	8 0 
 4753	8	2	8 0 
 4754	8	2	8 0 
 4755	8	2	8 0 
 4756	8	2	2 6 
 4757	8	2	8 0 
 4758	8	2	8 0 
 4759	8	2	6 2 
 4760	8	2	7 1 
 4761	8	2	8 0 
 4762	8	2	8 0 
 4763	8	2	8 0 
 4764	8	2	8 0 
 4765	8	2	8 0 
 4766	8	2	7 1 
 4767	8	2	6 2 
 4768	8	2	8 0 
 4769	8	2	8 0 
 4770	8	2	8 0 
 4771	8	2	7 1 
 4772	8	2	8 0 
 4773	8	2	6 2 
 4774	8	2	8 0 
 4775	8	2	8 0 
 4776	8	2	8 0 
 4777	8	2	8 0 
 4778	8	2	8 0 
 4779	8	2	8 0 
 4780	8	2	8 0 
 4781	8	2	8 0 
 4782	8	2	2 6 
 4783	8	2	8 0 
 4784	8	2	8 0 
 4785	8	2	8 0 
 4786	8	2	8 0 
 4787	8	2	8 0 
 4788	8	2	2 6 
 4789	8	2	7 1 
 4790	8	2	7 1 
 4791	8	2	8 0 
 4792	8	2	8 0 
 4793	8	2	8 0 
 4794	8	2	7 1 
 4795	8	2	7 1 
 4796	8	2	4 4 
 4797	8	2	8 0 
 4798	8	2	4 4 
 4799	8	2	8 0 
 4800	8	2	8 0 
 4801	8	2	8 0 
 4802	8	2	8 0 
 4803	8	2	8 0 
 4804	8	2	3 5 
 4805	8	2	7 1 
 4806	8	2	8 0 
 4807	8	2	8 0 
 4808	8	2	8 0 
 4809	8	2	8 0 
 4810	8	2	8 0 
 4811	8	2	7 1 
 4812	8	2	8 0 
 4813	8	2	0 8 
 4814	8	2	8 0 
 4815	8	2	8 0 
 4816	8	2	8 0 
 4817	8	2	8 0 
 4818	8	2	8 0 
 4819	8	2	8 0 
 4820	8	2	8 0 
 4821	8	2	5 3 
 4822	8	2	7 1 
 4823	8	2	8 0 
 4824	8	2	4 4 
 4825	8	2	8 0 
 4826	8	2	8 0 
 4827	8	2	7 1 
 4828	8	2	8 0 
 4829	8	2	8 0 
 4830	8	2	8 0 
 4831	8	2	6 2 
 4832	8	2	8 0 
 4833	8	2	8 0 
 4834	8	2	7 1 
 4835	8	2	4 4 
 4836	8	2	4 4 
 4837	8	2	4 4 
 4838	8	2	4 4 
 4839	8	2	4 4 
 4840	8	2	4 4 
 4841	8	2	7 1 
 4842	8	2	1 7 
 4843	8	2	7 1 
 4844	8	2	7 1 
 4845	8	2	7 1 
 4846	8	2	8 0 
 4847	8	2	8 0 
 4848	8	2	7 1 
 4849	8	2	8 0 
 4850	8	2	8 0 
 4851	8	2	8 0 
 4852	8	2	8 0 
 4853	8	2	8 0 
 4854	8	2	8 0 
 4855	8	2	7 1 
 4856	8	2	8 0 
 4857	8	2	7 1 
 4858	8	2	7 1 
 4859	8	2	8 0 
 4860	8	2	8 0 
 4861	8	2	8 0 
 4862	8	2	6 2 
 4863	8	2	8 0 
 4864	8	2	8 0 
 4865	8	2	8 0 
 4866	8	2	8 0 
 4867	8	2	8 0 
 4868	8	2	7 1 
 4869	8	2	8 0 
 4870	8	2	8 0 
 4871	8	2	8 0 
 4872	8	2	7 1 
 4873	8	2	8 0 
 4874	8	2	8 0 
 4875	8	2	8 0 
 4876	8	2	6 2 
 4877	8	2	8 0 
 4878	8	2	6 2 
 4879	8	2	8 0 
 4880	8	2	6 2 
 4881	8	2	7 1 
 4882	8	2	8 0 
 4883	8	2	8 0 
 4884	8	2	7 1 
 4885	8	2	8 0 
 4886	8	2	8 0 
 4887	8	2	7 1 
 4888	8	2	8 0 
 4889	8	2	3 5 
 4890	8	2	5 3 
 4891	8	2	5 3 
 4892	8	2	8 0 
 4893	8	2	4 4 
 4894	8	2	4 4 
 4895	8	2	7 1 
 4896	8	2	4 4 
 4897	8	2	7 1 
 4898	8	2	7 1 
 4899	8	2	3 5 
 4900	8	2	8 0 
 4901	8	2	8 0 
 4902	8	2	8 0 
 4903	8	2	8 0 
 4904	8	2	7 1 
 4905	8	2	8 0 
 4906	8	2	8 0 
 4907	8	2	8 0 
 4908	8	2	8 0 
 4909	8	2	8 0 
 4910	8	2	8 0 
 4911	8	2	8 0 
 4912	8	2	8 0 
 4913	8	2	5 3 
 4914	8	2	8 0 
 4915	8	2	8 0 
 4916	8	2	8 0 
 4917	8	2	8 0 
 4918	8	2	8 0 
 4919	8	2	8 0 
 4920	8	2	8 0 
 4921	8	2	6 2 
 4922	8	2	8 0 
 4923	8	2	8 0 
 4924	8	2	8 0 
 4925	8	2	1 7 
 4926	8	2	7 1 
 4927	8	2	7 1 
 4928	8	2	7 1 
 4929	8	2	8 0 
 4930	8	2	7 1 
 4931	8	2	8 0 
 4932	8	2	8 0 
 4933	8	2	8 0 
 4934	8	2	8 0 
 4935	8	2	8 0 
 4936	8	2	6 2 
 4937	8	2	6 2 
 4938	8	2	6 2 
 4939	8	2	6 2 
 4940	8	2	6 2 
 4941	8	2	8 0 
 4942	8	2	3 5 
 4943	8	2	3 5 
 4944	8	2	3 5 
 4945	8	2	8 0 
 4946	8	2	8 0 
 4947	8	2	8 0 
 4948	8	2	8 0 
 4949	8	2	8 0 
 4950	8	2	7 1 
 4951	8	2	7 1 
 4952	8	2	7 1 
 4953	8	2	0 8 
 4954	8	2	8 0 
 4955	8	2	6 2 
 4956	8	2	8 0 
 4957	8	2	8 0 
 4958	8	2	8 0 
 4959	8	2	8 0 
 4960	8	2	8 0 
 4961	8	2	8 0 
 4962	8	2	0 8 
 4963	8	2	8 0 
 4964	8	2	8 0 
 4965	8	2	8 0 
 4966	8	2	8 0 
 4967	8	2	8 0 
 4968	8	2	8 0 
 4969	8	2	8 0 
 4970	8	2	8 0 
 4971	8	2	8 0 
 4972	8	2	6 2 
 4973	8	2	6 2 
 4974	8	2	6 2 
 4975	8	2	8 0 
 4976	8	2	6 2 
 4977	8	2	8 0 
 4978	8	2	8 0 
 4979	8	2	8 0 
 4980	8	2	7 1 
 4981	8	2	7 1 
 4982	8	2	5 3 
 4983	8	2	5 3 
 4984	8	2	8 0 
 4985	8	2	7 1 
 4986	8	2	8 0 
 4987	8	2	8 0 
 4988	8	2	0 8 
 4989	8	2	7 1 
 4990	8	2	7 1 
 4991	8	2	7 1 
 4992	8	2	6 2 
 4993	8	2	6 2 
 4994	8	2	6 2 
 4995	8	2	8 0 
 4996	8	2	6 2 
 4997	8	2	8 0 
 4998	8	2	8 0 
 4999	8	2	8 0 
 5000	8	2	8 0 
 5001	8	2	8 0 
 5002	8	2	8 0 
 5003	8	2	8 0 
 5004	8	2	7 1 
 5005	8	2	7 1 
 5006	8	2	8 0 
 5007	8	2	7 1 
 5008	8	2	8 0 
 5009	8	2	8 0 
 5010	8	2	8 0 
 5011	8	2	7 1 
 5012	8	2	7 1 
 5013	8	2	8 0 
 5014	8	2	8 0 
 5015	8	2	8 0 
 5016	8	2	8 0 
 5017	8	2	8 0 
 5018	8	2	8 0 
 5019	8	2	8 0 
 5020	8	2	7 1 
 5021	8	2	7 1 
 5022	8	2	8 0 
 5023	8	2	7 1 
 5024	8	2	8 0 
 5025	8	2	8 0 
 5026	8	2	8 0 
 5027	8	2	8 0 
 5028	8	2	8 0 
 5029	8	2	8 0 
 5030	8	2	8 0 
 5031	8	2	6 2 
 5032	8	2	8 0 
 5033	8	2	8 0 
 5034	8	2	8 0 
 5035	8	2	1 7 
 5036	8	2	1 7 
 5037	8	2	8 0 
 5038	8	2	1 7 
 5039	8	2	8 0 
 5040	8	2	8 0 
 5041	8	2	8 0 
 5042	8	2	8 0 
 5043	8	2	8 0 
 5044	8	2	6 2 
 5045	8	2	5 3 
 5046	8	2	8 0 
 5047	8	2	6 2 
 5048	8	2	8 0 
 5049	8	2	5 3 
 5050	8	2	5 3 
 5051	8	2	8 0 
 5052	8	2	8 0 
 5053	8	2	6 2 
 5054	8	2	8 0 
 5055	8	2	8 0 
 5056	8	2	8 0 
 5057	8	2	8 0 
 5058	8	2	8 0 
 5059	8	2	8 0 
 5060	8	2	8 0 
 5061	8	2	8 0 
 5062	8	2	7 1 
 5063	8	2	8 0 
 5064	8	2	8 0 
 5065	8	2	8 0 
 5066	8	2	6 2 
 5067	8	2	6 2 
 5068	8	2	8 0 
 5069	8	2	8 0 
 5070	8	2	8 0 
 5071	8	2	5 3 
 5072	8	2	7 1 
 5073	8	2	8 0 
 5074	8	2	8 0 
 5075	8	2	8 0 
 5076	8	2	8 0 
 5077	8	2	8 0 
 5078	8	2	8 0 
 5079	8	2	0 8 
 5080	8	2	7 1 
 5081	8	2	8 0 
 5082	8	2	8 0 
 5083	8	2	4 4 
 5084	8	2	4 4 
 5085	8	2	8 0 
 5086	8	2	8 0 
 5087	8	2	8 0 
 5088	8	2	1 7 
 5089	8	2	7 1 
 5090	8	2	8 0 
 5091	8	2	7 1 
 5092	8	2	6 2 
 5093	8	2	7 1 
 5094	8	2	7 1 
 5095	8	2	8 0 
 5096	8	2	8 0 
 5097	8	2	8 0 
 5098	8	2	8 0 
 5099	8	2	0 8 
 5100	8	2	4 4 
 5101	8	2	8 0 
 5102	8	2	0 8 
 5103	8	2	0 8 
 5104	8	2	8 0 
 5105	8	2	2 6 
 5106	8	2	7 1 
 5107	8	2	8 0 
 5108	8	2	0 8 
 5109	8	2	8 0 
 5110	8	2	8 0 
 5111	8	2	8 0 
 5112	8	2	8 0 
 5113	8	2	8 0 
 5114	8	2	8 0 
 5115	8	2	8 0 
 5116	8	2	8 0 
 5117	8	2	8 0 
 5118	8	2	7 1 
 5119	8	2	5 3 
 5120	8	2	8 0 
 5121	8	2	8 0 
 5122	8	2	6 2 
 5123	8	2	8 0 
 5124	8	2	7 1 
 5125	8	2	6 2 
 5126	8	2	7 1 
 5127	8	2	6 2 
 5128	8	2	6 2 
 5129	8	2	5 3 
 5130	8	2	6 2 
 5131	8	2	6 2 
 5132	8	2	8 0 
 5133	8	2	8 0 
 5134	8	2	8 0 
 5135	8	2	8 0 
 5136	8	2	8 0 
 5137	8	2	8 0 
 5138	8	2	8 0 
 5139	8	2	8 0 
 5140	8	2	8 0 
 5141	8	2	8 0 
 5142	8	2	7 1 
 5143	8	2	8 0 
 5144	8	2	8 0 
 5145	8	2	4 4 
 5146	8	2	4 4 
 5147	8	2	8 0 
 5148	8	2	8 0 
 5149	8	2	8 0 
 5150	8	2	0 8 
 5151	8	2	4 4 
 5152	8	2	7 1 
 5153	8	2	0 8 
 5154	8	2	8 0 
 5155	8	2	8 0 
 5156	8	2	8 0 
 5157	8	2	8 0 
 5158	8	2	8 0 
 5159	8	2	8 0 
 5160	8	2	8 0 
 5161	8	2	7 1 
 5162	8	2	8 0 
 5163	8	2	8 0 
 5164	8	2	8 0 
 5165	8	2	8 0 
 5166	8	2	8 0 
 5167	8	2	7 1 
 5168	8	2	7 1 
 5169	8	2	0 8 
 5170	8	2	8 0 
 5171	8	2	0 8 
 5172	8	2	8 0 
 5173	8	2	8 0 
 5174	8	2	8 0 
 5175	8	2	6 2 
 5176	8	2	8 0 
 5177	8	2	8 0 
 5178	8	2	8 0 
 5179	8	2	8 0 
 5180	8	2	1 7 
 5181	8	2	7 1 
 5182	8	2	0 8 
 5183	8	2	8 0 
 5184	8	2	8 0 
 5185	8	2	8 0 
 5186	8	2	7 1 
 5187	8	2	7 1 
 5188	8	2	8 0 
 5189	8	2	7 1 
 5190	8	2	8 0 
 5191	8	2	7 1 
 5192	8	2	8 0 
 5193	8	2	7 1 
 5194	8	2	1 7 
 5195	8	2	8 0 
 5196	8	2	6 2 
 5197	8	2	8 0 
 5198	8	2	8 0 
 5199	8	2	8 0 
 5200	8	2	8 0 
 5201	8	2	3 5 
 5202	8	2	0 8 
 5203	8	2	8 0 
 5204	8	2	8 0 
 5205	8	2	8 0 
 5206	8	2	6 2 
 5207	8	2	6 2 
 5208	8	2	7 1 
 5209	8	2	7 1 
 5210	8	2	1 7 
 5211	8	2	8 0 
 5212	8	2	3 5 
 5213	8	2	1 7 
 5214	8	2	7 1 
 5215	8	2	6 2 
 5216	8	2	7 1 
 5217	8	2	6 2 
 5218	8	2	8 0 
 5219	8	2	8 0 
 5220	8	2	7 1 
 5221	8	2	8 0 
 5222	8	2	8 0 
 5223	8	2	7 1 
 5224	8	2	8 0 
 5225	8	2	8 0 
 5226	8	2	8 0 
 5227	8	2	8 0 
 5228	8	2	8 0 
 5229	8	2	7 1 
 5230	8	2	8 0 
 5231	8	2	7 1 
 5232	8	2	8 0 
 5233	8	2	7 1 
 5234	8	2	8 0 
 5235	8	2	2 6 
 5236	8	2	4 4 
 5237	8	2	6 2 
 5238	8	2	8 0 
 5239	8	2	4 4 
 5240	8	2	6 2 
 5241	8	2	8 0 
 5242	8	2	8 0 
 5243	8	2	4 4 
 5244	8	2	8 0 
 5245	8	2	8 0 
 5246	8	2	8 0 
 5247	8	2	8 0 
 5248	8	2	8 0 
 5249	8	2	8 0 
 5250	8	2	7 1 
 5251	8	2	8 0 
 5252	8	2	3 5 
 5253	8	2	5 3 
 5254	8	2	8 0 
 5255	8	2	8 0 
 5256	8	2	8 0 
 5257	8	2	8 0 
 5258	8	2	7 1 
 5259	8	2	7 1 
 5260	8	2	8 0 
 5261	8	2	7 1 
 5262	8	2	8 0 
 5263	8	2	7 1 
 5264	8	2	8 0 
 5265	8	2	7 1 
 5266	8	2	7 1 
 5267	8	2	7 1 
 5268	8	2	8 0 
 5269	8	2	8 0 
 5270	8	2	8 0 
 5271	8	2	7 1 
 5272	8	2	4 4 
 5273	8	2	8 0 
 5274	8	2	1 7 
 5275	8	2	7 1 
 5276	8	2	8 0 
 5277	8	2	8 0 
 5278	8	2	8 0 
 5279	8	2	8 0 
 5280	8	2	8 0 
 5281	8	2	8 0 
 5282	8	2	8 0 
 5283	8	2	8 0 
 5284	8	2	8 0 
 5285	8	2	6 2 
 5286	8	2	8 0 
 5287	8	2	8 0 
 5288	8	2	8 0 
 5289	8	2	8 0 
 5290	8	2	8 0 
 5291	8	2	8 0 
 5292	8	2	4 4 
 5293	8	2	2 6 
 5294	8	2	8 0 
 5295	8	2	7 1 
 5296	8	2	8 0 
 5297	8	2	8 0 
 5298	8	2	8 0 
 5299	8	2	8 0 
 5300	8	2	8 0 
 5301	8	2	8 0 
 5302	8	2	8 0 
 5303	8	2	8 0 
 5304	8	2	5 3 
 5305	8	2	8 0 
 5306	8	2	8 0 
 5307	8	2	0 8 
 5308	8	2	8 0 
 5309	8	2	8 0 
 5310	8	2	8 0 
 5311	8	2	8 0 
 5312	8	2	8 0 
 5313	8	2	8 0 
 5314	8	2	8 0 
 5315	8	2	8 0 
 5316	8	2	6 2 
 5317	8	2	8 0 
 5318	8	2	7 1 
 5319	8	2	8 0 
 5320	8	2	8 0 
 5321	8	2	8 0 
 5322	8	2	8 0 
 5323	8	2	8 0 
 5324	8	2	8 0 
 5325	8	2	8 0 
 5326	8	2	5 3 
 5327	8	2	8 0 
 5328	8	2	8 0 
 5329	8	2	6 2 
 5330	8	2	7 1 
 5331	8	2	8 0 
 5332	8	2	8 0 
 5333	8	2	5 3 
 5334	8	2	8 0 
 5335	8	2	8 0 
 5336	8	2	0 8 
 5337	8	2	0 8 
 5338	8	2	8 0 
 5339	8	2	8 0 
 5340	8	2	8 0 
 5341	8	2	8 0 
 5342	8	2	7 1 
 5343	8	2	6 2 
 5344	8	2	6 2 
 5345	8	2	8 0 
 5346	8	2	8 0 
 5347	8	2	2 6 
 5348	8	2	8 0 
 5349	8	2	3 5 
 5350	8	2	8 0 
 5351	8	2	5 3 
 5352	8	2	7 1 
 5353	8	2	7 1 
 5354	8	2	8 0 
 5355	8	2	8 0 
 5356	8	2	8 0 
 5357	8	2	8 0 
 5358	8	2	8 0 
 5359	8	2	8 0 
 5360	8	2	7 1 
 5361	8	2	8 0 
 5362	8	2	7 1 
 5363	8	2	7 1 
 5364	8	2	3 5 
 5365	8	2	8 0 
 5366	8	2	8 0 
 5367	8	2	7 1 
 5368	8	2	8 0 
 5369	8	2	8 0 
 5370	8	2	8 0 
 5371	8	2	8 0 
 5372	8	2	8 0 
 5373	8	2	8 0 
 5374	8	2	8 0 
 5375	8	2	8 0 
 5376	8	2	8 0 
 5377	8	2	8 0 
 5378	8	2	8 0 
 5379	8	2	8 0 
 5380	8	2	8 0 
 5381	8	2	8 0 
 5382	8	2	8 0 
 5383	8	2	8 0 
 5384	8	2	8 0 
 5385	8	2	8 0 
 5386	8	2	7 1 
 5387	8	2	6 2 
 5388	8	2	8 0 
 5389	8	2	8 0 
 5390	8	2	8 0 
 5391	8	2	8 0 
 5392	8	2	6 2 
 5393	8	2	6 2 
 5394	8	2	7 1 
 5395	8	2	7 1 
 5396	8	2	8 0 
 5397	8	2	8 0 
 5398	8	2	8 0 
 5399	8	2	8 0 
 5400	8	2	8 0 
 5401	8	2	8 0 
 5402	8	2	8 0 
 5403	8	2	8 0 
 5404	8	2	8 0 
 5405	8	2	7 1 
 5406	8	2	7 1 
 5407	8	2	8 0 
 5408	8	2	8 0 
 5409	8	2	7 1 
 5410	8	2	8 0 
 5411	8	2	8 0 
 5412	8	2	8 0 
 5413	8	2	8 0 
 5414	8	2	8 0 
 5415	8	2	8 0 
 5416	8	2	8 0 
 5417	8	2	8 0 
 5418	8	2	8 0 
 5419	8	2	7 1 
 5420	8	2	8 0 
 5421	8	2	8 0 
 5422	8	2	7 1 
 5423	8	2	8 0 
 5424	8	2	8 0 
 5425	8	2	8 0 
 5426	8	2	8 0 

[pop]=7
 1	24	2	23 1 
 2	24	2	24 0 
 3	24	2	23 1 
 4	24	2	24 0 
 5	24	2	24 0 
 6	24	2	24 0 
 7	24	2	20 4 
 8	24	2	20 4 
 9	24	2	20 4 
 10	24	2	20 4 
 11	24	2	11 13 
 12	24	2	11 13 
 13	24	2	12 12 
 14	24	2	23 1 
 15	24	2	24 0 
 16	24	2	23 1 
 17	24	2	23 1 
 18	24	2	23 1 
 19	24	2	22 2 
 20	24	2	20 4 
 21	24	2	24 0 
 22	24	2	24 0 
 23	24	2	18 6 
 24	24	2	24 0 
 25	24	2	24 0 
 26	24	2	24 0 
 27	24	2	24 0 
 28	24	2	11 13 
 29	24	2	24 0 
 30	24	2	23 1 
 31	24	2	23 1 
 32	24	2	21 3 
 33	24	2	24 0 
 34	24	2	24 0 
 35	24	2	19 5 
 36	24	2	22 2 
 37	24	2	19 5 
 38	24	2	22 2 
 39	24	2	24 0 
 40	24	2	24 0 
 41	24	2	19 5 
 42	24	2	24 0 
 43	24	2	13 11 
 44	24	2	24 0 
 45	24	2	24 0 
 46	24	2	24 0 
 47	24	2	24 0 
 48	24	2	23 1 
 49	24	2	24 0 
 50	24	2	24 0 
 51	24	2	24 0 
 52	24	2	24 0 
 53	24	2	24 0 
 54	24	2	20 4 
 55	24	2	24 0 
 56	24	2	24 0 
 57	24	2	21 3 
 58	24	2	21 3 
 59	24	2	7 17 
 60	24	2	20 4 
 61	24	2	7 17 
 62	24	2	24 0 
 63	24	2	24 0 
 64	24	2	24 0 
 65	24	2	24 0 
 66	24	2	24 0 
 67	24	2	24 0 
 68	24	2	24 0 
 69	24	2	23 1 
 70	24	2	24 0 
 71	24	2	22 2 
 72	24	2	24 0 
 73	24	2	23 1 
 74	24	2	22 2 
 75	24	2	22 2 
 76	24	2	24 0 
 77	24	2	23 1 
 78	24	2	24 0 
 79	24	2	24 0 
 80	24	2	23 1 
 81	24	2	23 1 
 82	24	2	24 0 
 83	24	2	24 0 
 84	24	2	24 0 
 85	24	2	22 2 
 86	24	2	20 4 
 87	24	2	20 4 
 88	24	2	24 0 
 89	24	2	24 0 
 90	24	2	24 0 
 91	24	2	21 3 
 92	24	2	24 0 
 93	24	2	24 0 
 94	24	2	24 0 
 95	24	2	23 1 
 96	24	2	24 0 
 97	24	2	24 0 
 98	24	2	23 1 
 99	24	2	20 4 
 100	24	2	19 5 
 101	24	2	23 1 
 102	24	2	2 22 
 103	24	2	23 1 
 104	24	2	17 7 
 105	24	2	19 5 
 106	24	2	19 5 
 107	24	2	19 5 
 108	24	2	24 0 
 109	24	2	19 5 
 110	24	2	24 0 
 111	24	2	24 0 
 112	24	2	24 0 
 113	24	2	20 4 
 114	24	2	24 0 
 115	24	2	23 1 
 116	24	2	0 24 
 117	24	2	0 24 
 118	24	2	23 1 
 119	24	2	24 0 
 120	24	2	24 0 
 121	24	2	24 0 
 122	24	2	15 9 
 123	24	2	15 9 
 124	24	2	15 9 
 125	24	2	15 9 
 126	24	2	24 0 
 127	24	2	20 4 
 128	24	2	24 0 
 129	24	2	23 1 
 130	24	2	14 10 
 131	24	2	14 10 
 132	24	2	24 0 
 133	24	2	24 0 
 134	24	2	24 0 
 135	24	2	22 2 
 136	24	2	15 9 
 137	24	2	24 0 
 138	24	2	24 0 
 139	24	2	24 0 
 140	24	2	24 0 
 141	24	2	24 0 
 142	24	2	16 8 
 143	24	2	20 4 
 144	24	2	24 0 
 145	24	2	24 0 
 146	24	2	23 1 
 147	24	2	24 0 
 148	24	2	24 0 
 149	24	2	20 4 
 150	24	2	23 1 
 151	24	2	24 0 
 152	24	2	7 17 
 153	24	2	24 0 
 154	24	2	24 0 
 155	24	2	23 1 
 156	24	2	24 0 
 157	24	2	10 14 
 158	24	2	23 1 
 159	24	2	24 0 
 160	24	2	21 3 
 161	24	2	23 1 
 162	24	2	23 1 
 163	24	2	23 1 
 164	24	2	23 1 
 165	24	2	23 1 
 166	24	2	23 1 
 167	24	2	24 0 
 168	24	2	23 1 
 169	24	2	24 0 
 170	24	2	16 8 
 171	24	2	24 0 
 172	24	2	23 1 
 173	24	2	24 0 
 174	24	2	24 0 
 175	24	2	24 0 
 176	24	2	24 0 
 177	24	2	24 0 
 178	24	2	24 0 
 179	24	2	24 0 
 180	24	2	24 0 
 181	24	2	24 0 
 182	24	2	23 1 
 183	24	2	24 0 
 184	24	2	24 0 
 185	24	2	22 2 
 186	24	2	24 0 
 187	24	2	24 0 
 188	24	2	24 0 
 189	24	2	22 2 
 190	24	2	23 1 
 191	24	2	24 0 
 192	24	2	24 0 
 193	24	2	24 0 
 194	24	2	15 9 
 195	24	2	24 0 
 196	24	2	0 24 
 197	24	2	24 0 
 198	24	2	24 0 
 199	24	2	24 0 
 200	24	2	23 1 
 201	24	2	24 0 
 202	24	2	21 3 
 203	24	2	24 0 
 204	24	2	14 10 
 205	24	2	14 10 
 206	24	2	24 0 
 207	24	2	24 0 
 208	24	2	15 9 
 209	24	2	24 0 
 210	24	2	24 0 
 211	24	2	24 0 
 212	24	2	24 0 
 213	24	2	24 0 
 214	24	2	24 0 
 215	24	2	24 0 
 216	24	2	14 10 
 217	24	2	10 14 
 218	24	2	14 10 
 219	24	2	10 14 
 220	24	2	23 1 
 221	24	2	23 1 
 222	24	2	24 0 
 223	24	2	24 0 
 224	24	2	24 0 
 225	24	2	24 0 
 226	24	2	24 0 
 227	24	2	24 0 
 228	24	2	24 0 
 229	24	2	24 0 
 230	24	2	24 0 
 231	24	2	24 0 
 232	24	2	24 0 
 233	24	2	24 0 
 234	24	2	24 0 
 235	24	2	24 0 
 236	24	2	24 0 
 237	24	2	8 16 
 238	24	2	10 14 
 239	24	2	10 14 
 240	24	2	24 0 
 241	24	2	24 0 
 242	24	2	24 0 
 243	24	2	24 0 
 244	24	2	16 8 
 245	24	2	23 1 
 246	24	2	24 0 
 247	24	2	24 0 
 248	24	2	22 2 
 249	24	2	24 0 
 250	24	2	24 0 
 251	24	2	24 0 
 252	24	2	24 0 
 253	24	2	23 1 
 254	24	2	7 17 
 255	24	2	24 0 
 256	24	2	24 0 
 257	24	2	16 8 
 258	24	2	7 17 
 259	24	2	24 0 
 260	24	2	24 0 
 261	24	2	20 4 
 262	24	2	24 0 
 263	24	2	23 1 
 264	24	2	24 0 
 265	24	2	24 0 
 266	24	2	24 0 
 267	24	2	18 6 
 268	24	2	24 0 
 269	24	2	24 0 
 270	24	2	24 0 
 271	24	2	24 0 
 272	24	2	24 0 
 273	24	2	24 0 
 274	24	2	22 2 
 275	24	2	22 2 
 276	24	2	22 2 
 277	24	2	24 0 
 278	24	2	23 1 
 279	24	2	23 1 
 280	24	2	23 1 
 281	24	2	24 0 
 282	24	2	21 3 
 283	24	2	18 6 
 284	24	2	17 7 
 285	24	2	23 1 
 286	24	2	24 0 
 287	24	2	12 12 
 288	24	2	24 0 
 289	24	2	21 3 
 290	24	2	24 0 
 291	24	2	21 3 
 292	24	2	24 0 
 293	24	2	21 3 
 294	24	2	24 0 
 295	24	2	24 0 
 296	24	2	24 0 
 297	24	2	24 0 
 298	24	2	24 0 
 299	24	2	24 0 
 300	24	2	24 0 
 301	24	2	24 0 
 302	24	2	0 24 
 303	24	2	24 0 
 304	24	2	24 0 
 305	24	2	24 0 
 306	24	2	24 0 
 307	24	2	21 3 
 308	24	2	24 0 
 309	24	2	24 0 
 310	24	2	24 0 
 311	24	2	19 5 
 312	24	2	24 0 
 313	24	2	23 1 
 314	24	2	24 0 
 315	24	2	2 22 
 316	24	2	23 1 
 317	24	2	24 0 
 318	24	2	24 0 
 319	24	2	11 13 
 320	24	2	3 21 
 321	24	2	24 0 
 322	24	2	24 0 
 323	24	2	24 0 
 324	24	2	24 0 
 325	24	2	24 0 
 326	24	2	21 3 
 327	24	2	24 0 
 328	24	2	18 6 
 329	24	2	24 0 
 330	24	2	23 1 
 331	24	2	23 1 
 332	24	2	24 0 
 333	24	2	24 0 
 334	24	2	24 0 
 335	24	2	22 2 
 336	24	2	23 1 
 337	24	2	24 0 
 338	24	2	23 1 
 339	24	2	24 0 
 340	24	2	23 1 
 341	24	2	24 0 
 342	24	2	24 0 
 343	24	2	16 8 
 344	24	2	24 0 
 345	24	2	17 7 
 346	24	2	22 2 
 347	24	2	22 2 
 348	24	2	24 0 
 349	24	2	22 2 
 350	24	2	16 8 
 351	24	2	24 0 
 352	24	2	9 15 
 353	24	2	24 0 
 354	24	2	23 1 
 355	24	2	24 0 
 356	24	2	24 0 
 357	24	2	24 0 
 358	24	2	24 0 
 359	24	2	24 0 
 360	24	2	24 0 
 361	24	2	24 0 
 362	24	2	22 2 
 363	24	2	10 14 
 364	24	2	24 0 
 365	24	2	24 0 
 366	24	2	24 0 
 367	24	2	24 0 
 368	24	2	24 0 
 369	24	2	0 24 
 370	24	2	18 6 
 371	24	2	24 0 
 372	24	2	0 24 
 373	24	2	24 0 
 374	24	2	24 0 
 375	24	2	0 24 
 376	24	2	11 13 
 377	24	2	23 1 
 378	24	2	24 0 
 379	24	2	24 0 
 380	24	2	24 0 
 381	24	2	11 13 
 382	24	2	24 0 
 383	24	2	24 0 
 384	24	2	24 0 
 385	24	2	23 1 
 386	24	2	24 0 
 387	24	2	24 0 
 388	24	2	23 1 
 389	24	2	23 1 
 390	24	2	24 0 
 391	24	2	24 0 
 392	24	2	24 0 
 393	24	2	0 24 
 394	24	2	24 0 
 395	24	2	24 0 
 396	24	2	23 1 
 397	24	2	24 0 
 398	24	2	24 0 
 399	24	2	24 0 
 400	24	2	24 0 
 401	24	2	24 0 
 402	24	2	24 0 
 403	24	2	23 1 
 404	24	2	24 0 
 405	24	2	24 0 
 406	24	2	24 0 
 407	24	2	24 0 
 408	24	2	24 0 
 409	24	2	24 0 
 410	24	2	24 0 
 411	24	2	24 0 
 412	24	2	23 1 
 413	24	2	23 1 
 414	24	2	22 2 
 415	24	2	21 3 
 416	24	2	22 2 
 417	24	2	18 6 
 418	24	2	24 0 
 419	24	2	24 0 
 420	24	2	22 2 
 421	24	2	24 0 
 422	24	2	22 2 
 423	24	2	24 0 
 424	24	2	22 2 
 425	24	2	22 2 
 426	24	2	22 2 
 427	24	2	22 2 
 428	24	2	24 0 
 429	24	2	23 1 
 430	24	2	23 1 
 431	24	2	24 0 
 432	24	2	24 0 
 433	24	2	24 0 
 434	24	2	18 6 
 435	24	2	24 0 
 436	24	2	24 0 
 437	24	2	16 8 
 438	24	2	24 0 
 439	24	2	24 0 
 440	24	2	20 4 
 441	24	2	24 0 
 442	24	2	24 0 
 443	24	2	23 1 
 444	24	2	23 1 
 445	24	2	18 6 
 446	24	2	24 0 
 447	24	2	18 6 
 448	24	2	24 0 
 449	24	2	24 0 
 450	24	2	7 17 
 451	24	2	19 5 
 452	24	2	14 10 
 453	24	2	23 1 
 454	24	2	22 2 
 455	24	2	24 0 
 456	24	2	24 0 
 457	24	2	24 0 
 458	24	2	24 0 
 459	24	2	24 0 
 460	24	2	24 0 
 461	24	2	24 0 
 462	24	2	24 0 
 463	24	2	22 2 
 464	24	2	24 0 
 465	24	2	24 0 
 466	24	2	24 0 
 467	24	2	24 0 
 468	24	2	24 0 
 469	24	2	24 0 
 470	24	2	23 1 
 471	24	2	22 2 
 472	24	2	24 0 
 473	24	2	24 0 
 474	24	2	0 24 
 475	24	2	24 0 
 476	24	2	3 21 
 477	24	2	24 0 
 478	24	2	23 1 
 479	24	2	24 0 
 480	24	2	24 0 
 481	24	2	8 16 
 482	24	2	24 0 
 483	24	2	24 0 
 484	24	2	24 0 
 485	24	2	23 1 
 486	24	2	1 23 
 487	24	2	18 6 
 488	24	2	18 6 
 489	24	2	23 1 
 490	24	2	22 2 
 491	24	2	24 0 
 492	24	2	24 0 
 493	24	2	16 8 
 494	24	2	24 0 
 495	24	2	24 0 
 496	24	2	23 1 
 497	24	2	23 1 
 498	24	2	24 0 
 499	24	2	9 15 
 500	24	2	9 15 
 501	24	2	24 0 
 502	24	2	23 1 
 503	24	2	24 0 
 504	24	2	19 5 
 505	24	2	22 2 
 506	24	2	24 0 
 507	24	2	24 0 
 508	24	2	24 0 
 509	24	2	24 0 
 510	24	2	23 1 
 511	24	2	19 5 
 512	24	2	24 0 
 513	24	2	24 0 
 514	24	2	24 0 
 515	24	2	23 1 
 516	24	2	24 0 
 517	24	2	24 0 
 518	24	2	21 3 
 519	24	2	24 0 
 520	24	2	24 0 
 521	24	2	14 10 
 522	24	2	10 14 
 523	24	2	24 0 
 524	24	2	24 0 
 525	24	2	24 0 
 526	24	2	24 0 
 527	24	2	24 0 
 528	24	2	24 0 
 529	24	2	24 0 
 530	24	2	24 0 
 531	24	2	24 0 
 532	24	2	24 0 
 533	24	2	15 9 
 534	24	2	24 0 
 535	24	2	24 0 
 536	24	2	24 0 
 537	24	2	24 0 
 538	24	2	24 0 
 539	24	2	20 4 
 540	24	2	4 20 
 541	24	2	23 1 
 542	24	2	23 1 
 543	24	2	24 0 
 544	24	2	24 0 
 545	24	2	21 3 
 546	24	2	24 0 
 547	24	2	17 7 
 548	24	2	24 0 
 549	24	2	23 1 
 550	24	2	23 1 
 551	24	2	24 0 
 552	24	2	24 0 
 553	24	2	23 1 
 554	24	2	24 0 
 555	24	2	24 0 
 556	24	2	20 4 
 557	24	2	0 24 
 558	24	2	24 0 
 559	24	2	17 7 
 560	24	2	24 0 
 561	24	2	24 0 
 562	24	2	24 0 
 563	24	2	24 0 
 564	24	2	20 4 
 565	24	2	23 1 
 566	24	2	24 0 
 567	24	2	24 0 
 568	24	2	24 0 
 569	24	2	24 0 
 570	24	2	12 12 
 571	24	2	24 0 
 572	24	2	24 0 
 573	24	2	23 1 
 574	24	2	24 0 
 575	24	2	24 0 
 576	24	2	19 5 
 577	24	2	1 23 
 578	24	2	24 0 
 579	24	2	24 0 
 580	24	2	24 0 
 581	24	2	23 1 
 582	24	2	24 0 
 583	24	2	24 0 
 584	24	2	23 1 
 585	24	2	21 3 
 586	24	2	24 0 
 587	24	2	21 3 
 588	24	2	23 1 
 589	24	2	24 0 
 590	24	2	10 14 
 591	24	2	10 14 
 592	24	2	24 0 
 593	24	2	23 1 
 594	24	2	23 1 
 595	24	2	21 3 
 596	24	2	21 3 
 597	24	2	24 0 
 598	24	2	24 0 
 599	24	2	24 0 
 600	24	2	22 2 
 601	24	2	24 0 
 602	24	2	24 0 
 603	24	2	24 0 
 604	24	2	24 0 
 605	24	2	23 1 
 606	24	2	13 11 
 607	24	2	24 0 
 608	24	2	24 0 
 609	24	2	8 16 
 610	24	2	24 0 
 611	24	2	22 2 
 612	24	2	24 0 
 613	24	2	22 2 
 614	24	2	24 0 
 615	24	2	24 0 
 616	24	2	24 0 
 617	24	2	6 18 
 618	24	2	24 0 
 619	24	2	24 0 
 620	24	2	6 18 
 621	24	2	24 0 
 622	24	2	24 0 
 623	24	2	5 19 
 624	24	2	22 2 
 625	24	2	23 1 
 626	24	2	21 3 
 627	24	2	24 0 
 628	24	2	23 1 
 629	24	2	23 1 
 630	24	2	23 1 
 631	24	2	24 0 
 632	24	2	3 21 
 633	24	2	23 1 
 634	24	2	24 0 
 635	24	2	24 0 
 636	24	2	24 0 
 637	24	2	24 0 
 638	24	2	22 2 
 639	24	2	22 2 
 640	24	2	24 0 
 641	24	2	24 0 
 642	24	2	24 0 
 643	24	2	24 0 
 644	24	2	24 0 
 645	24	2	24 0 
 646	24	2	21 3 
 647	24	2	24 0 
 648	24	2	24 0 
 649	24	2	0 24 
 650	24	2	8 16 
 651	24	2	24 0 
 652	24	2	24 0 
 653	24	2	24 0 
 654	24	2	21 3 
 655	24	2	24 0 
 656	24	2	23 1 
 657	24	2	24 0 
 658	24	2	23 1 
 659	24	2	7 17 
 660	24	2	16 8 
 661	24	2	24 0 
 662	24	2	24 0 
 663	24	2	18 6 
 664	24	2	6 18 
 665	24	2	24 0 
 666	24	2	24 0 
 667	24	2	24 0 
 668	24	2	18 6 
 669	24	2	24 0 
 670	24	2	24 0 
 671	24	2	24 0 
 672	24	2	24 0 
 673	24	2	24 0 
 674	24	2	24 0 
 675	24	2	24 0 
 676	24	2	24 0 
 677	24	2	24 0 
 678	24	2	24 0 
 679	24	2	24 0 
 680	24	2	17 7 
 681	24	2	23 1 
 682	24	2	24 0 
 683	24	2	23 1 
 684	24	2	24 0 
 685	24	2	15 9 
 686	24	2	23 1 
 687	24	2	21 3 
 688	24	2	22 2 
 689	24	2	24 0 
 690	24	2	21 3 
 691	24	2	24 0 
 692	24	2	20 4 
 693	24	2	24 0 
 694	24	2	16 8 
 695	24	2	23 1 
 696	24	2	23 1 
 697	24	2	10 14 
 698	24	2	23 1 
 699	24	2	24 0 
 700	24	2	1 23 
 701	24	2	1 23 
 702	24	2	23 1 
 703	24	2	24 0 
 704	24	2	20 4 
 705	24	2	21 3 
 706	24	2	21 3 
 707	24	2	24 0 
 708	24	2	24 0 
 709	24	2	24 0 
 710	24	2	24 0 
 711	24	2	24 0 
 712	24	2	18 6 
 713	24	2	24 0 
 714	24	2	24 0 
 715	24	2	24 0 
 716	24	2	20 4 
 717	24	2	20 4 
 718	24	2	20 4 
 719	24	2	20 4 
 720	24	2	20 4 
 721	24	2	20 4 
 722	24	2	24 0 
 723	24	2	24 0 
 724	24	2	21 3 
 725	24	2	21 3 
 726	24	2	24 0 
 727	24	2	23 1 
 728	24	2	23 1 
 729	24	2	23 1 
 730	24	2	24 0 
 731	24	2	17 7 
 732	24	2	17 7 
 733	24	2	23 1 
 734	24	2	14 10 
 735	24	2	23 1 
 736	24	2	22 2 
 737	24	2	24 0 
 738	24	2	24 0 
 739	24	2	24 0 
 740	24	2	24 0 
 741	24	2	24 0 
 742	24	2	20 4 
 743	24	2	21 3 
 744	24	2	20 4 
 745	24	2	24 0 
 746	24	2	24 0 
 747	24	2	24 0 
 748	24	2	21 3 
 749	24	2	24 0 
 750	24	2	24 0 
 751	24	2	24 0 
 752	24	2	24 0 
 753	24	2	24 0 
 754	24	2	24 0 
 755	24	2	24 0 
 756	24	2	23 1 
 757	24	2	15 9 
 758	24	2	24 0 
 759	24	2	23 1 
 760	24	2	24 0 
 761	24	2	24 0 
 762	24	2	7 17 
 763	24	2	14 10 
 764	24	2	24 0 
 765	24	2	24 0 
 766	24	2	24 0 
 767	24	2	22 2 
 768	24	2	24 0 
 769	24	2	17 7 
 770	24	2	17 7 
 771	24	2	22 2 
 772	24	2	17 7 
 773	24	2	17 7 
 774	24	2	16 8 
 775	24	2	24 0 
 776	24	2	24 0 
 777	24	2	24 0 
 778	24	2	16 8 
 779	24	2	23 1 
 780	24	2	0 24 
 781	24	2	24 0 
 782	24	2	24 0 
 783	24	2	24 0 
 784	24	2	24 0 
 785	24	2	24 0 
 786	24	2	23 1 
 787	24	2	23 1 
 788	24	2	23 1 
 789	24	2	23 1 
 790	24	2	23 1 
 791	24	2	24 0 
 792	24	2	22 2 
 793	24	2	11 13 
 794	24	2	24 0 
 795	24	2	24 0 
 796	24	2	22 2 
 797	24	2	24 0 
 798	24	2	22 2 
 799	24	2	24 0 
 800	24	2	24 0 
 801	24	2	24 0 
 802	24	2	24 0 
 803	24	2	24 0 
 804	24	2	23 1 
 805	24	2	24 0 
 806	24	2	24 0 
 807	24	2	24 0 
 808	24	2	23 1 
 809	24	2	24 0 
 810	24	2	24 0 
 811	24	2	24 0 
 812	24	2	24 0 
 813	24	2	24 0 
 814	24	2	24 0 
 815	24	2	2 22 
 816	24	2	2 22 
 817	24	2	23 1 
 818	24	2	22 2 
 819	24	2	24 0 
 820	24	2	0 24 
 821	24	2	24 0 
 822	24	2	24 0 
 823	24	2	24 0 
 824	24	2	24 0 
 825	24	2	13 11 
 826	24	2	24 0 
 827	24	2	24 0 
 828	24	2	24 0 
 829	24	2	1 23 
 830	24	2	20 4 
 831	24	2	24 0 
 832	24	2	24 0 
 833	24	2	24 0 
 834	24	2	24 0 
 835	24	2	24 0 
 836	24	2	23 1 
 837	24	2	23 1 
 838	24	2	23 1 
 839	24	2	2 22 
 840	24	2	24 0 
 841	24	2	22 2 
 842	24	2	24 0 
 843	24	2	24 0 
 844	24	2	24 0 
 845	24	2	23 1 
 846	24	2	23 1 
 847	24	2	18 6 
 848	24	2	24 0 
 849	24	2	24 0 
 850	24	2	21 3 
 851	24	2	24 0 
 852	24	2	24 0 
 853	24	2	9 15 
 854	24	2	24 0 
 855	24	2	24 0 
 856	24	2	24 0 
 857	24	2	21 3 
 858	24	2	24 0 
 859	24	2	24 0 
 860	24	2	24 0 
 861	24	2	23 1 
 862	24	2	24 0 
 863	24	2	24 0 
 864	24	2	24 0 
 865	24	2	24 0 
 866	24	2	21 3 
 867	24	2	10 14 
 868	24	2	24 0 
 869	24	2	21 3 
 870	24	2	24 0 
 871	24	2	24 0 
 872	24	2	24 0 
 873	24	2	24 0 
 874	24	2	24 0 
 875	24	2	24 0 
 876	24	2	24 0 
 877	24	2	24 0 
 878	24	2	24 0 
 879	24	2	24 0 
 880	24	2	24 0 
 881	24	2	24 0 
 882	24	2	24 0 
 883	24	2	24 0 
 884	24	2	24 0 
 885	24	2	24 0 
 886	24	2	24 0 
 887	24	2	24 0 
 888	24	2	24 0 
 889	24	2	24 0 
 890	24	2	23 1 
 891	24	2	0 24 
 892	24	2	24 0 
 893	24	2	24 0 
 894	24	2	23 1 
 895	24	2	24 0 
 896	24	2	24 0 
 897	24	2	24 0 
 898	24	2	23 1 
 899	24	2	22 2 
 900	24	2	22 2 
 901	24	2	24 0 
 902	24	2	20 4 
 903	24	2	24 0 
 904	24	2	15 9 
 905	24	2	15 9 
 906	24	2	15 9 
 907	24	2	15 9 
 908	24	2	24 0 
 909	24	2	2 22 
 910	24	2	15 9 
 911	24	2	21 3 
 912	24	2	24 0 
 913	24	2	24 0 
 914	24	2	24 0 
 915	24	2	2 22 
 916	24	2	24 0 
 917	24	2	17 7 
 918	24	2	24 0 
 919	24	2	23 1 
 920	24	2	24 0 
 921	24	2	24 0 
 922	24	2	24 0 
 923	24	2	23 1 
 924	24	2	23 1 
 925	24	2	17 7 
 926	24	2	24 0 
 927	24	2	22 2 
 928	24	2	21 3 
 929	24	2	24 0 
 930	24	2	24 0 
 931	24	2	24 0 
 932	24	2	24 0 
 933	24	2	24 0 
 934	24	2	23 1 
 935	24	2	24 0 
 936	24	2	24 0 
 937	24	2	23 1 
 938	24	2	23 1 
 939	24	2	17 7 
 940	24	2	24 0 
 941	24	2	20 4 
 942	24	2	24 0 
 943	24	2	23 1 
 944	24	2	24 0 
 945	24	2	24 0 
 946	24	2	24 0 
 947	24	2	24 0 
 948	24	2	24 0 
 949	24	2	21 3 
 950	24	2	24 0 
 951	24	2	24 0 
 952	24	2	23 1 
 953	24	2	24 0 
 954	24	2	23 1 
 955	24	2	23 1 
 956	24	2	15 9 
 957	24	2	15 9 
 958	24	2	24 0 
 959	24	2	24 0 
 960	24	2	24 0 
 961	24	2	24 0 
 962	24	2	24 0 
 963	24	2	23 1 
 964	24	2	24 0 
 965	24	2	21 3 
 966	24	2	24 0 
 967	24	2	11 13 
 968	24	2	11 13 
 969	24	2	24 0 
 970	24	2	23 1 
 971	24	2	21 3 
 972	24	2	24 0 
 973	24	2	24 0 
 974	24	2	24 0 
 975	24	2	24 0 
 976	24	2	24 0 
 977	24	2	19 5 
 978	24	2	24 0 
 979	24	2	19 5 
 980	24	2	24 0 
 981	24	2	24 0 
 982	24	2	24 0 
 983	24	2	24 0 
 984	24	2	24 0 
 985	24	2	24 0 
 986	24	2	24 0 
 987	24	2	6 18 
 988	24	2	24 0 
 989	24	2	23 1 
 990	24	2	23 1 
 991	24	2	22 2 
 992	24	2	24 0 
 993	24	2	23 1 
 994	24	2	22 2 
 995	24	2	24 0 
 996	24	2	23 1 
 997	24	2	23 1 
 998	24	2	24 0 
 999	24	2	24 0 
 1000	24	2	20 4 
 1001	24	2	9 15 
 1002	24	2	24 0 
 1003	24	2	24 0 
 1004	24	2	24 0 
 1005	24	2	24 0 
 1006	24	2	24 0 
 1007	24	2	24 0 
 1008	24	2	11 13 
 1009	24	2	24 0 
 1010	24	2	24 0 
 1011	24	2	17 7 
 1012	24	2	23 1 
 1013	24	2	17 7 
 1014	24	2	20 4 
 1015	24	2	16 8 
 1016	24	2	23 1 
 1017	24	2	24 0 
 1018	24	2	11 13 
 1019	24	2	11 13 
 1020	24	2	20 4 
 1021	24	2	24 0 
 1022	24	2	24 0 
 1023	24	2	12 12 
 1024	24	2	12 12 
 1025	24	2	23 1 
 1026	24	2	24 0 
 1027	24	2	24 0 
 1028	24	2	24 0 
 1029	24	2	23 1 
 1030	24	2	18 6 
 1031	24	2	18 6 
 1032	24	2	3 21 
 1033	24	2	11 13 
 1034	24	2	23 1 
 1035	24	2	24 0 
 1036	24	2	24 0 
 1037	24	2	24 0 
 1038	24	2	16 8 
 1039	24	2	24 0 
 1040	24	2	16 8 
 1041	24	2	17 7 
 1042	24	2	24 0 
 1043	24	2	17 7 
 1044	24	2	18 6 
 1045	24	2	24 0 
 1046	24	2	20 4 
 1047	24	2	24 0 
 1048	24	2	18 6 
 1049	24	2	14 10 
 1050	24	2	24 0 
 1051	24	2	24 0 
 1052	24	2	24 0 
 1053	24	2	24 0 
 1054	24	2	23 1 
 1055	24	2	24 0 
 1056	24	2	24 0 
 1057	24	2	24 0 
 1058	24	2	24 0 
 1059	24	2	24 0 
 1060	24	2	24 0 
 1061	24	2	24 0 
 1062	24	2	23 1 
 1063	24	2	18 6 
 1064	24	2	23 1 
 1065	24	2	24 0 
 1066	24	2	23 1 
 1067	24	2	23 1 
 1068	24	2	23 1 
 1069	24	2	22 2 
 1070	24	2	24 0 
 1071	24	2	23 1 
 1072	24	2	23 1 
 1073	24	2	24 0 
 1074	24	2	23 1 
 1075	24	2	24 0 
 1076	24	2	24 0 
 1077	24	2	24 0 
 1078	24	2	24 0 
 1079	24	2	22 2 
 1080	24	2	23 1 
 1081	24	2	24 0 
 1082	24	2	24 0 
 1083	24	2	24 0 
 1084	24	2	23 1 
 1085	24	2	24 0 
 1086	24	2	23 1 
 1087	24	2	22 2 
 1088	24	2	23 1 
 1089	24	2	24 0 
 1090	24	2	23 1 
 1091	24	2	23 1 
 1092	24	2	23 1 
 1093	24	2	24 0 
 1094	24	2	24 0 
 1095	24	2	24 0 
 1096	24	2	23 1 
 1097	24	2	24 0 
 1098	24	2	24 0 
 1099	24	2	24 0 
 1100	24	2	24 0 
 1101	24	2	23 1 
 1102	24	2	24 0 
 1103	24	2	24 0 
 1104	24	2	24 0 
 1105	24	2	18 6 
 1106	24	2	24 0 
 1107	24	2	11 13 
 1108	24	2	13 11 
 1109	24	2	24 0 
 1110	24	2	24 0 
 1111	24	2	24 0 
 1112	24	2	23 1 
 1113	24	2	21 3 
 1114	24	2	24 0 
 1115	24	2	23 1 
 1116	24	2	24 0 
 1117	24	2	24 0 
 1118	24	2	24 0 
 1119	24	2	20 4 
 1120	24	2	21 3 
 1121	24	2	21 3 
 1122	24	2	24 0 
 1123	24	2	18 6 
 1124	24	2	13 11 
 1125	24	2	22 2 
 1126	24	2	24 0 
 1127	24	2	3 21 
 1128	24	2	21 3 
 1129	24	2	24 0 
 1130	24	2	3 21 
 1131	24	2	1 23 
 1132	24	2	23 1 
 1133	24	2	24 0 
 1134	24	2	14 10 
 1135	24	2	24 0 
 1136	24	2	22 2 
 1137	24	2	24 0 
 1138	24	2	24 0 
 1139	24	2	24 0 
 1140	24	2	19 5 
 1141	24	2	24 0 
 1142	24	2	24 0 
 1143	24	2	24 0 
 1144	24	2	24 0 
 1145	24	2	24 0 
 1146	24	2	24 0 
 1147	24	2	24 0 
 1148	24	2	24 0 
 1149	24	2	24 0 
 1150	24	2	24 0 
 1151	24	2	24 0 
 1152	24	2	24 0 
 1153	24	2	24 0 
 1154	24	2	19 5 
 1155	24	2	24 0 
 1156	24	2	23 1 
 1157	24	2	19 5 
 1158	24	2	24 0 
 1159	24	2	19 5 
 1160	24	2	24 0 
 1161	24	2	24 0 
 1162	24	2	24 0 
 1163	24	2	24 0 
 1164	24	2	23 1 
 1165	24	2	24 0 
 1166	24	2	24 0 
 1167	24	2	24 0 
 1168	24	2	21 3 
 1169	24	2	24 0 
 1170	24	2	24 0 
 1171	24	2	24 0 
 1172	24	2	24 0 
 1173	24	2	23 1 
 1174	24	2	24 0 
 1175	24	2	23 1 
 1176	24	2	24 0 
 1177	24	2	24 0 
 1178	24	2	24 0 
 1179	24	2	24 0 
 1180	24	2	24 0 
 1181	24	2	24 0 
 1182	24	2	24 0 
 1183	24	2	24 0 
 1184	24	2	24 0 
 1185	24	2	1 23 
 1186	24	2	24 0 
 1187	24	2	23 1 
 1188	24	2	9 15 
 1189	24	2	24 0 
 1190	24	2	24 0 
 1191	24	2	23 1 
 1192	24	2	24 0 
 1193	24	2	24 0 
 1194	24	2	23 1 
 1195	24	2	23 1 
 1196	24	2	24 0 
 1197	24	2	24 0 
 1198	24	2	23 1 
 1199	24	2	23 1 
 1200	24	2	24 0 
 1201	24	2	23 1 
 1202	24	2	23 1 
 1203	24	2	16 8 
 1204	24	2	13 11 
 1205	24	2	24 0 
 1206	24	2	24 0 
 1207	24	2	24 0 
 1208	24	2	20 4 
 1209	24	2	24 0 
 1210	24	2	21 3 
 1211	24	2	24 0 
 1212	24	2	22 2 
 1213	24	2	23 1 
 1214	24	2	24 0 
 1215	24	2	24 0 
 1216	24	2	24 0 
 1217	24	2	24 0 
 1218	24	2	24 0 
 1219	24	2	21 3 
 1220	24	2	24 0 
 1221	24	2	20 4 
 1222	24	2	23 1 
 1223	24	2	24 0 
 1224	24	2	19 5 
 1225	24	2	18 6 
 1226	24	2	18 6 
 1227	24	2	21 3 
 1228	24	2	24 0 
 1229	24	2	24 0 
 1230	24	2	23 1 
 1231	24	2	24 0 
 1232	24	2	24 0 
 1233	24	2	24 0 
 1234	24	2	24 0 
 1235	24	2	24 0 
 1236	24	2	24 0 
 1237	24	2	24 0 
 1238	24	2	12 12 
 1239	24	2	23 1 
 1240	24	2	24 0 
 1241	24	2	24 0 
 1242	24	2	22 2 
 1243	24	2	24 0 
 1244	24	2	15 9 
 1245	24	2	23 1 
 1246	24	2	17 7 
 1247	24	2	21 3 
 1248	24	2	24 0 
 1249	24	2	24 0 
 1250	24	2	24 0 
 1251	24	2	23 1 
 1252	24	2	24 0 
 1253	24	2	20 4 
 1254	24	2	20 4 
 1255	24	2	24 0 
 1256	24	2	24 0 
 1257	24	2	24 0 
 1258	24	2	24 0 
 1259	24	2	21 3 
 1260	24	2	24 0 
 1261	24	2	24 0 
 1262	24	2	24 0 
 1263	24	2	24 0 
 1264	24	2	24 0 
 1265	24	2	24 0 
 1266	24	2	24 0 
 1267	24	2	24 0 
 1268	24	2	24 0 
 1269	24	2	17 7 
 1270	24	2	17 7 
 1271	24	2	17 7 
 1272	24	2	17 7 
 1273	24	2	24 0 
 1274	24	2	17 7 
 1275	24	2	24 0 
 1276	24	2	24 0 
 1277	24	2	24 0 
 1278	24	2	24 0 
 1279	24	2	24 0 
 1280	24	2	24 0 
 1281	24	2	24 0 
 1282	24	2	24 0 
 1283	24	2	24 0 
 1284	24	2	24 0 
 1285	24	2	24 0 
 1286	24	2	2 22 
 1287	24	2	24 0 
 1288	24	2	21 3 
 1289	24	2	24 0 
 1290	24	2	24 0 
 1291	24	2	24 0 
 1292	24	2	3 21 
 1293	24	2	24 0 
 1294	24	2	24 0 
 1295	24	2	21 3 
 1296	24	2	24 0 
 1297	24	2	0 24 
 1298	24	2	24 0 
 1299	24	2	24 0 
 1300	24	2	24 0 
 1301	24	2	17 7 
 1302	24	2	24 0 
 1303	24	2	24 0 
 1304	24	2	22 2 
 1305	24	2	24 0 
 1306	24	2	24 0 
 1307	24	2	1 23 
 1308	24	2	24 0 
 1309	24	2	24 0 
 1310	24	2	24 0 
 1311	24	2	23 1 
 1312	24	2	24 0 
 1313	24	2	24 0 
 1314	24	2	23 1 
 1315	24	2	21 3 
 1316	24	2	24 0 
 1317	24	2	21 3 
 1318	24	2	23 1 
 1319	24	2	24 0 
 1320	24	2	10 14 
 1321	24	2	10 14 
 1322	24	2	24 0 
 1323	24	2	0 24 
 1324	24	2	24 0 
 1325	24	2	24 0 
 1326	24	2	24 0 
 1327	24	2	15 9 
 1328	24	2	9 15 
 1329	24	2	9 15 
 1330	24	2	24 0 
 1331	24	2	9 15 
 1332	24	2	9 15 
 1333	24	2	24 0 
 1334	24	2	24 0 
 1335	24	2	24 0 
 1336	24	2	22 2 
 1337	24	2	22 2 
 1338	24	2	24 0 
 1339	24	2	24 0 
 1340	24	2	24 0 
 1341	24	2	24 0 
 1342	24	2	22 2 
 1343	24	2	22 2 
 1344	24	2	24 0 
 1345	24	2	24 0 
 1346	24	2	22 2 
 1347	24	2	24 0 
 1348	24	2	24 0 
 1349	24	2	24 0 
 1350	24	2	2 22 
 1351	24	2	2 22 
 1352	24	2	2 22 
 1353	24	2	24 0 
 1354	24	2	24 0 
 1355	24	2	24 0 
 1356	24	2	24 0 
 1357	24	2	15 9 
 1358	24	2	24 0 
 1359	24	2	24 0 
 1360	24	2	24 0 
 1361	24	2	24 0 
 1362	24	2	22 2 
 1363	24	2	24 0 
 1364	24	2	24 0 
 1365	24	2	24 0 
 1366	24	2	24 0 
 1367	24	2	24 0 
 1368	24	2	24 0 
 1369	24	2	24 0 
 1370	24	2	24 0 
 1371	24	2	0 24 
 1372	24	2	9 15 
 1373	24	2	24 0 
 1374	24	2	24 0 
 1375	24	2	24 0 
 1376	24	2	24 0 
 1377	24	2	24 0 
 1378	24	2	22 2 
 1379	24	2	15 9 
 1380	24	2	24 0 
 1381	24	2	24 0 
 1382	24	2	22 2 
 1383	24	2	24 0 
 1384	24	2	24 0 
 1385	24	2	23 1 
 1386	24	2	24 0 
 1387	24	2	24 0 
 1388	24	2	23 1 
 1389	24	2	24 0 
 1390	24	2	23 1 
 1391	24	2	23 1 
 1392	24	2	7 17 
 1393	24	2	22 2 
 1394	24	2	7 17 
 1395	24	2	24 0 
 1396	24	2	24 0 
 1397	24	2	7 17 
 1398	24	2	0 24 
 1399	24	2	21 3 
 1400	24	2	16 8 
 1401	24	2	0 24 
 1402	24	2	23 1 
 1403	24	2	18 6 
 1404	24	2	24 0 
 1405	24	2	24 0 
 1406	24	2	20 4 
 1407	24	2	24 0 
 1408	24	2	24 0 
 1409	24	2	24 0 
 1410	24	2	24 0 
 1411	24	2	24 0 
 1412	24	2	24 0 
 1413	24	2	24 0 
 1414	24	2	24 0 
 1415	24	2	24 0 
 1416	24	2	24 0 
 1417	24	2	4 20 
 1418	24	2	24 0 
 1419	24	2	24 0 
 1420	24	2	24 0 
 1421	24	2	22 2 
 1422	24	2	0 24 
 1423	24	2	24 0 
 1424	24	2	24 0 
 1425	24	2	20 4 
 1426	24	2	24 0 
 1427	24	2	20 4 
 1428	24	2	24 0 
 1429	24	2	16 8 
 1430	24	2	23 1 
 1431	24	2	24 0 
 1432	24	2	24 0 
 1433	24	2	4 20 
 1434	24	2	23 1 
 1435	24	2	23 1 
 1436	24	2	3 21 
 1437	24	2	6 18 
 1438	24	2	14 10 
 1439	24	2	24 0 
 1440	24	2	21 3 
 1441	24	2	24 0 
 1442	24	2	24 0 
 1443	24	2	24 0 
 1444	24	2	11 13 
 1445	24	2	11 13 
 1446	24	2	21 3 
 1447	24	2	24 0 
 1448	24	2	21 3 
 1449	24	2	23 1 
 1450	24	2	24 0 
 1451	24	2	24 0 
 1452	24	2	24 0 
 1453	24	2	24 0 
 1454	24	2	23 1 
 1455	24	2	23 1 
 1456	24	2	24 0 
 1457	24	2	22 2 
 1458	24	2	23 1 
 1459	24	2	23 1 
 1460	24	2	24 0 
 1461	24	2	22 2 
 1462	24	2	8 16 
 1463	24	2	24 0 
 1464	24	2	8 16 
 1465	24	2	24 0 
 1466	24	2	23 1 
 1467	24	2	8 16 
 1468	24	2	24 0 
 1469	24	2	24 0 
 1470	24	2	24 0 
 1471	24	2	24 0 
 1472	24	2	23 1 
 1473	24	2	19 5 
 1474	24	2	23 1 
 1475	24	2	15 9 
 1476	24	2	23 1 
 1477	24	2	22 2 
 1478	24	2	24 0 
 1479	24	2	19 5 
 1480	24	2	24 0 
 1481	24	2	24 0 
 1482	24	2	24 0 
 1483	24	2	23 1 
 1484	24	2	23 1 
 1485	24	2	23 1 
 1486	24	2	23 1 
 1487	24	2	23 1 
 1488	24	2	23 1 
 1489	24	2	24 0 
 1490	24	2	24 0 
 1491	24	2	24 0 
 1492	24	2	24 0 
 1493	24	2	22 2 
 1494	24	2	24 0 
 1495	24	2	23 1 
 1496	24	2	16 8 
 1497	24	2	24 0 
 1498	24	2	24 0 
 1499	24	2	24 0 
 1500	24	2	24 0 
 1501	24	2	24 0 
 1502	24	2	24 0 
 1503	24	2	24 0 
 1504	24	2	24 0 
 1505	24	2	24 0 
 1506	24	2	24 0 
 1507	24	2	22 2 
 1508	24	2	0 24 
 1509	24	2	21 3 
 1510	24	2	18 6 
 1511	24	2	22 2 
 1512	24	2	22 2 
 1513	24	2	22 2 
 1514	24	2	24 0 
 1515	24	2	22 2 
 1516	24	2	22 2 
 1517	24	2	24 0 
 1518	24	2	9 15 
 1519	24	2	24 0 
 1520	24	2	24 0 
 1521	24	2	24 0 
 1522	24	2	24 0 
 1523	24	2	24 0 
 1524	24	2	6 18 
 1525	24	2	18 6 
 1526	24	2	23 1 
 1527	24	2	23 1 
 1528	24	2	23 1 
 1529	24	2	23 1 
 1530	24	2	24 0 
 1531	24	2	23 1 
 1532	24	2	24 0 
 1533	24	2	11 13 
 1534	24	2	13 11 
 1535	24	2	13 11 
 1536	24	2	19 5 
 1537	24	2	24 0 
 1538	24	2	24 0 
 1539	24	2	19 5 
 1540	24	2	24 0 
 1541	24	2	22 2 
 1542	24	2	24 0 
 1543	24	2	24 0 
 1544	24	2	24 0 
 1545	24	2	24 0 
 1546	24	2	22 2 
 1547	24	2	24 0 
 1548	24	2	19 5 
 1549	24	2	22 2 
 1550	24	2	24 0 
 1551	24	2	24 0 
 1552	24	2	0 24 
 1553	24	2	24 0 
 1554	24	2	24 0 
 1555	24	2	24 0 
 1556	24	2	24 0 
 1557	24	2	24 0 
 1558	24	2	24 0 
 1559	24	2	18 6 
 1560	24	2	6 18 
 1561	24	2	24 0 
 1562	24	2	24 0 
 1563	24	2	24 0 
 1564	24	2	24 0 
 1565	24	2	24 0 
 1566	24	2	21 3 
 1567	24	2	23 1 
 1568	24	2	24 0 
 1569	24	2	24 0 
 1570	24	2	23 1 
 1571	24	2	7 17 
 1572	24	2	24 0 
 1573	24	2	20 4 
 1574	24	2	20 4 
 1575	24	2	24 0 
 1576	24	2	24 0 
 1577	24	2	24 0 
 1578	24	2	24 0 
 1579	24	2	24 0 
 1580	24	2	24 0 
 1581	24	2	24 0 
 1582	24	2	24 0 
 1583	24	2	24 0 
 1584	24	2	24 0 
 1585	24	2	24 0 
 1586	24	2	24 0 
 1587	24	2	24 0 
 1588	24	2	23 1 
 1589	24	2	23 1 
 1590	24	2	22 2 
 1591	24	2	24 0 
 1592	24	2	24 0 
 1593	24	2	24 0 
 1594	24	2	24 0 
 1595	24	2	24 0 
 1596	24	2	24 0 
 1597	24	2	24 0 
 1598	24	2	24 0 
 1599	24	2	24 0 
 1600	24	2	24 0 
 1601	24	2	22 2 
 1602	24	2	24 0 
 1603	24	2	2 22 
 1604	24	2	23 1 
 1605	24	2	13 11 
 1606	24	2	24 0 
 1607	24	2	24 0 
 1608	24	2	24 0 
 1609	24	2	24 0 
 1610	24	2	24 0 
 1611	24	2	20 4 
 1612	24	2	24 0 
 1613	24	2	23 1 
 1614	24	2	20 4 
 1615	24	2	24 0 
 1616	24	2	17 7 
 1617	24	2	24 0 
 1618	24	2	24 0 
 1619	24	2	17 7 
 1620	24	2	24 0 
 1621	24	2	20 4 
 1622	24	2	20 4 
 1623	24	2	24 0 
 1624	24	2	16 8 
 1625	24	2	24 0 
 1626	24	2	24 0 
 1627	24	2	23 1 
 1628	24	2	24 0 
 1629	24	2	4 20 
 1630	24	2	19 5 
 1631	24	2	24 0 
 1632	24	2	24 0 
 1633	24	2	22 2 
 1634	24	2	19 5 
 1635	24	2	5 19 
 1636	24	2	24 0 
 1637	24	2	24 0 
 1638	24	2	23 1 
 1639	24	2	24 0 
 1640	24	2	22 2 
 1641	24	2	24 0 
 1642	24	2	24 0 
 1643	24	2	24 0 
 1644	24	2	24 0 
 1645	24	2	24 0 
 1646	24	2	20 4 
 1647	24	2	24 0 
 1648	24	2	20 4 
 1649	24	2	24 0 
 1650	24	2	20 4 
 1651	24	2	24 0 
 1652	24	2	23 1 
 1653	24	2	24 0 
 1654	24	2	23 1 
 1655	24	2	9 15 
 1656	24	2	24 0 
 1657	24	2	24 0 
 1658	24	2	24 0 
 1659	24	2	16 8 
 1660	24	2	23 1 
 1661	24	2	24 0 
 1662	24	2	24 0 
 1663	24	2	2 22 
 1664	24	2	24 0 
 1665	24	2	24 0 
 1666	24	2	24 0 
 1667	24	2	24 0 
 1668	24	2	24 0 
 1669	24	2	24 0 
 1670	24	2	24 0 
 1671	24	2	24 0 
 1672	24	2	24 0 
 1673	24	2	24 0 
 1674	24	2	24 0 
 1675	24	2	24 0 
 1676	24	2	20 4 
 1677	24	2	24 0 
 1678	24	2	23 1 
 1679	24	2	24 0 
 1680	24	2	19 5 
 1681	24	2	11 13 
 1682	24	2	24 0 
 1683	24	2	10 14 
 1684	24	2	24 0 
 1685	24	2	22 2 
 1686	24	2	19 5 
 1687	24	2	24 0 
 1688	24	2	24 0 
 1689	24	2	23 1 
 1690	24	2	24 0 
 1691	24	2	24 0 
 1692	24	2	20 4 
 1693	24	2	24 0 
 1694	24	2	24 0 
 1695	24	2	24 0 
 1696	24	2	24 0 
 1697	24	2	24 0 
 1698	24	2	20 4 
 1699	24	2	20 4 
 1700	24	2	18 6 
 1701	24	2	24 0 
 1702	24	2	23 1 
 1703	24	2	24 0 
 1704	24	2	24 0 
 1705	24	2	18 6 
 1706	24	2	24 0 
 1707	24	2	24 0 
 1708	24	2	24 0 
 1709	24	2	23 1 
 1710	24	2	7 17 
 1711	24	2	20 4 
 1712	24	2	23 1 
 1713	24	2	24 0 
 1714	24	2	24 0 
 1715	24	2	20 4 
 1716	24	2	24 0 
 1717	24	2	24 0 
 1718	24	2	0 24 
 1719	24	2	24 0 
 1720	24	2	24 0 
 1721	24	2	0 24 
 1722	24	2	23 1 
 1723	24	2	23 1 
 1724	24	2	23 1 
 1725	24	2	23 1 
 1726	24	2	24 0 
 1727	24	2	17 7 
 1728	24	2	23 1 
 1729	24	2	24 0 
 1730	24	2	23 1 
 1731	24	2	24 0 
 1732	24	2	11 13 
 1733	24	2	22 2 
 1734	24	2	19 5 
 1735	24	2	17 7 
 1736	24	2	23 1 
 1737	24	2	16 8 
 1738	24	2	17 7 
 1739	24	2	23 1 
 1740	24	2	23 1 
 1741	24	2	11 13 
 1742	24	2	22 2 
 1743	24	2	19 5 
 1744	24	2	17 7 
 1745	24	2	23 1 
 1746	24	2	17 7 
 1747	24	2	24 0 
 1748	24	2	20 4 
 1749	24	2	24 0 
 1750	24	2	24 0 
 1751	24	2	23 1 
 1752	24	2	24 0 
 1753	24	2	24 0 
 1754	24	2	24 0 
 1755	24	2	23 1 
 1756	24	2	24 0 
 1757	24	2	20 4 
 1758	24	2	24 0 
 1759	24	2	24 0 
 1760	24	2	24 0 
 1761	24	2	18 6 
 1762	24	2	23 1 
 1763	24	2	8 16 
 1764	24	2	24 0 
 1765	24	2	24 0 
 1766	24	2	24 0 
 1767	24	2	24 0 
 1768	24	2	23 1 
 1769	24	2	19 5 
 1770	24	2	21 3 
 1771	24	2	23 1 
 1772	24	2	22 2 
 1773	24	2	24 0 
 1774	24	2	24 0 
 1775	24	2	24 0 
 1776	24	2	24 0 
 1777	24	2	24 0 
 1778	24	2	19 5 
 1779	24	2	23 1 
 1780	24	2	24 0 
 1781	24	2	24 0 
 1782	24	2	20 4 
 1783	24	2	24 0 
 1784	24	2	24 0 
 1785	24	2	24 0 
 1786	24	2	24 0 
 1787	24	2	24 0 
 1788	24	2	24 0 
 1789	24	2	24 0 
 1790	24	2	23 1 
 1791	24	2	24 0 
 1792	24	2	24 0 
 1793	24	2	23 1 
 1794	24	2	10 14 
 1795	24	2	0 24 
 1796	24	2	0 24 
 1797	24	2	0 24 
 1798	24	2	0 24 
 1799	24	2	24 0 
 1800	24	2	24 0 
 1801	24	2	24 0 
 1802	24	2	23 1 
 1803	24	2	23 1 
 1804	24	2	11 13 
 1805	24	2	24 0 
 1806	24	2	23 1 
 1807	24	2	21 3 
 1808	24	2	22 2 
 1809	24	2	24 0 
 1810	24	2	24 0 
 1811	24	2	24 0 
 1812	24	2	24 0 
 1813	24	2	23 1 
 1814	24	2	24 0 
 1815	24	2	24 0 
 1816	24	2	24 0 
 1817	24	2	24 0 
 1818	24	2	24 0 
 1819	24	2	24 0 
 1820	24	2	22 2 
 1821	24	2	24 0 
 1822	24	2	24 0 
 1823	24	2	24 0 
 1824	24	2	24 0 
 1825	24	2	24 0 
 1826	24	2	24 0 
 1827	24	2	24 0 
 1828	24	2	22 2 
 1829	24	2	24 0 
 1830	24	2	19 5 
 1831	24	2	24 0 
 1832	24	2	23 1 
 1833	24	2	23 1 
 1834	24	2	8 16 
 1835	24	2	15 9 
 1836	24	2	23 1 
 1837	24	2	23 1 
 1838	24	2	24 0 
 1839	24	2	17 7 
 1840	24	2	24 0 
 1841	24	2	24 0 
 1842	24	2	23 1 
 1843	24	2	24 0 
 1844	24	2	23 1 
 1845	24	2	23 1 
 1846	24	2	23 1 
 1847	24	2	24 0 
 1848	24	2	23 1 
 1849	24	2	24 0 
 1850	24	2	23 1 
 1851	24	2	23 1 
 1852	24	2	23 1 
 1853	24	2	24 0 
 1854	24	2	24 0 
 1855	24	2	12 12 
 1856	24	2	24 0 
 1857	24	2	22 2 
 1858	24	2	24 0 
 1859	24	2	24 0 
 1860	24	2	24 0 
 1861	24	2	24 0 
 1862	24	2	24 0 
 1863	24	2	24 0 
 1864	24	2	0 24 
 1865	24	2	24 0 
 1866	24	2	24 0 
 1867	24	2	21 3 
 1868	24	2	24 0 
 1869	24	2	15 9 
 1870	24	2	24 0 
 1871	24	2	13 11 
 1872	24	2	9 15 
 1873	24	2	17 7 
 1874	24	2	24 0 
 1875	24	2	24 0 
 1876	24	2	15 9 
 1877	24	2	23 1 
 1878	24	2	24 0 
 1879	24	2	4 20 
 1880	24	2	24 0 
 1881	24	2	24 0 
 1882	24	2	22 2 
 1883	24	2	24 0 
 1884	24	2	24 0 
 1885	24	2	24 0 
 1886	24	2	24 0 
 1887	24	2	24 0 
 1888	24	2	24 0 
 1889	24	2	23 1 
 1890	24	2	24 0 
 1891	24	2	23 1 
 1892	24	2	24 0 
 1893	24	2	3 21 
 1894	24	2	24 0 
 1895	24	2	20 4 
 1896	24	2	24 0 
 1897	24	2	24 0 
 1898	24	2	24 0 
 1899	24	2	24 0 
 1900	24	2	23 1 
 1901	24	2	24 0 
 1902	24	2	1 23 
 1903	24	2	23 1 
 1904	24	2	24 0 
 1905	24	2	24 0 
 1906	24	2	24 0 
 1907	24	2	24 0 
 1908	24	2	16 8 
 1909	24	2	24 0 
 1910	24	2	16 8 
 1911	24	2	24 0 
 1912	24	2	23 1 
 1913	24	2	2 22 
 1914	24	2	24 0 
 1915	24	2	17 7 
 1916	24	2	24 0 
 1917	24	2	24 0 
 1918	24	2	24 0 
 1919	24	2	12 12 
 1920	24	2	14 10 
 1921	24	2	3 21 
 1922	24	2	24 0 
 1923	24	2	24 0 
 1924	24	2	24 0 
 1925	24	2	14 10 
 1926	24	2	23 1 
 1927	24	2	23 1 
 1928	24	2	12 12 
 1929	24	2	12 12 
 1930	24	2	2 22 
 1931	24	2	24 0 
 1932	24	2	23 1 
 1933	24	2	23 1 
 1934	24	2	24 0 
 1935	24	2	24 0 
 1936	24	2	24 0 
 1937	24	2	23 1 
 1938	24	2	24 0 
 1939	24	2	23 1 
 1940	24	2	23 1 
 1941	24	2	22 2 
 1942	24	2	20 4 
 1943	24	2	7 17 
 1944	24	2	24 0 
 1945	24	2	7 17 
 1946	24	2	7 17 
 1947	24	2	24 0 
 1948	24	2	5 19 
 1949	24	2	24 0 
 1950	24	2	24 0 
 1951	24	2	21 3 
 1952	24	2	9 15 
 1953	24	2	24 0 
 1954	24	2	24 0 
 1955	24	2	24 0 
 1956	24	2	24 0 
 1957	24	2	22 2 
 1958	24	2	24 0 
 1959	24	2	24 0 
 1960	24	2	24 0 
 1961	24	2	23 1 
 1962	24	2	24 0 
 1963	24	2	24 0 
 1964	24	2	20 4 
 1965	24	2	24 0 
 1966	24	2	22 2 
 1967	24	2	21 3 
 1968	24	2	3 21 
 1969	24	2	3 21 
 1970	24	2	23 1 
 1971	24	2	24 0 
 1972	24	2	20 4 
 1973	24	2	24 0 
 1974	24	2	24 0 
 1975	24	2	23 1 
 1976	24	2	24 0 
 1977	24	2	19 5 
 1978	24	2	22 2 
 1979	24	2	24 0 
 1980	24	2	24 0 
 1981	24	2	24 0 
 1982	24	2	24 0 
 1983	24	2	24 0 
 1984	24	2	24 0 
 1985	24	2	24 0 
 1986	24	2	24 0 
 1987	24	2	24 0 
 1988	24	2	24 0 
 1989	24	2	24 0 
 1990	24	2	24 0 
 1991	24	2	24 0 
 1992	24	2	24 0 
 1993	24	2	24 0 
 1994	24	2	24 0 
 1995	24	2	24 0 
 1996	24	2	24 0 
 1997	24	2	24 0 
 1998	24	2	21 3 
 1999	24	2	23 1 
 2000	24	2	0 24 
 2001	24	2	24 0 
 2002	24	2	24 0 
 2003	24	2	24 0 
 2004	24	2	24 0 
 2005	24	2	23 1 
 2006	24	2	24 0 
 2007	24	2	24 0 
 2008	24	2	23 1 
 2009	24	2	23 1 
 2010	24	2	24 0 
 2011	24	2	16 8 
 2012	24	2	24 0 
 2013	24	2	8 16 
 2014	24	2	19 5 
 2015	24	2	24 0 
 2016	24	2	5 19 
 2017	24	2	8 16 
 2018	24	2	23 1 
 2019	24	2	24 0 
 2020	24	2	24 0 
 2021	24	2	22 2 
 2022	24	2	23 1 
 2023	24	2	24 0 
 2024	24	2	1 23 
 2025	24	2	12 12 
 2026	24	2	24 0 
 2027	24	2	17 7 
 2028	24	2	17 7 
 2029	24	2	23 1 
 2030	24	2	12 12 
 2031	24	2	4 20 
 2032	24	2	24 0 
 2033	24	2	24 0 
 2034	24	2	24 0 
 2035	24	2	24 0 
 2036	24	2	24 0 
 2037	24	2	11 13 
 2038	24	2	24 0 
 2039	24	2	23 1 
 2040	24	2	24 0 
 2041	24	2	21 3 
 2042	24	2	21 3 
 2043	24	2	23 1 
 2044	24	2	23 1 
 2045	24	2	24 0 
 2046	24	2	24 0 
 2047	24	2	24 0 
 2048	24	2	19 5 
 2049	24	2	24 0 
 2050	24	2	24 0 
 2051	24	2	24 0 
 2052	24	2	14 10 
 2053	24	2	24 0 
 2054	24	2	24 0 
 2055	24	2	23 1 
 2056	24	2	24 0 
 2057	24	2	24 0 
 2058	24	2	23 1 
 2059	24	2	24 0 
 2060	24	2	24 0 
 2061	24	2	24 0 
 2062	24	2	23 1 
 2063	24	2	23 1 
 2064	24	2	21 3 
 2065	24	2	21 3 
 2066	24	2	12 12 
 2067	24	2	24 0 
 2068	24	2	24 0 
 2069	24	2	24 0 
 2070	24	2	24 0 
 2071	24	2	24 0 
 2072	24	2	24 0 
 2073	24	2	23 1 
 2074	24	2	24 0 
 2075	24	2	24 0 
 2076	24	2	24 0 
 2077	24	2	23 1 
 2078	24	2	23 1 
 2079	24	2	9 15 
 2080	24	2	24 0 
 2081	24	2	24 0 
 2082	24	2	24 0 
 2083	24	2	24 0 
 2084	24	2	24 0 
 2085	24	2	24 0 
 2086	24	2	21 3 
 2087	24	2	24 0 
 2088	24	2	24 0 
 2089	24	2	24 0 
 2090	24	2	24 0 
 2091	24	2	24 0 
 2092	24	2	24 0 
 2093	24	2	11 13 
 2094	24	2	24 0 
 2095	24	2	24 0 
 2096	24	2	20 4 
 2097	24	2	24 0 
 2098	24	2	22 2 
 2099	24	2	11 13 
 2100	24	2	11 13 
 2101	24	2	22 2 
 2102	24	2	24 0 
 2103	24	2	12 12 
 2104	24	2	24 0 
 2105	24	2	24 0 
 2106	24	2	12 12 
 2107	24	2	24 0 
 2108	24	2	12 12 
 2109	24	2	24 0 
 2110	24	2	12 12 
 2111	24	2	24 0 
 2112	24	2	24 0 
 2113	24	2	24 0 
 2114	24	2	24 0 
 2115	24	2	24 0 
 2116	24	2	24 0 
 2117	24	2	22 2 
 2118	24	2	24 0 
 2119	24	2	24 0 
 2120	24	2	24 0 
 2121	24	2	18 6 
 2122	24	2	24 0 
 2123	24	2	20 4 
 2124	24	2	20 4 
 2125	24	2	14 10 
 2126	24	2	18 6 
 2127	24	2	10 14 
 2128	24	2	20 4 
 2129	24	2	13 11 
 2130	24	2	23 1 
 2131	24	2	13 11 
 2132	24	2	23 1 
 2133	24	2	17 7 
 2134	24	2	24 0 
 2135	24	2	22 2 
 2136	24	2	24 0 
 2137	24	2	24 0 
 2138	24	2	24 0 
 2139	24	2	24 0 
 2140	24	2	24 0 
 2141	24	2	24 0 
 2142	24	2	24 0 
 2143	24	2	24 0 
 2144	24	2	24 0 
 2145	24	2	22 2 
 2146	24	2	24 0 
 2147	24	2	24 0 
 2148	24	2	2 22 
 2149	24	2	24 0 
 2150	24	2	24 0 
 2151	24	2	24 0 
 2152	24	2	17 7 
 2153	24	2	8 16 
 2154	24	2	23 1 
 2155	24	2	18 6 
 2156	24	2	24 0 
 2157	24	2	18 6 
 2158	24	2	24 0 
 2159	24	2	12 12 
 2160	24	2	21 3 
 2161	24	2	23 1 
 2162	24	2	20 4 
 2163	24	2	12 12 
 2164	24	2	24 0 
 2165	24	2	24 0 
 2166	24	2	24 0 
 2167	24	2	24 0 
 2168	24	2	3 21 
 2169	24	2	3 21 
 2170	24	2	3 21 
 2171	24	2	24 0 
 2172	24	2	3 21 
 2173	24	2	9 15 
 2174	24	2	24 0 
 2175	24	2	22 2 
 2176	24	2	9 15 
 2177	24	2	24 0 
 2178	24	2	24 0 
 2179	24	2	24 0 
 2180	24	2	24 0 
 2181	24	2	23 1 
 2182	24	2	24 0 
 2183	24	2	24 0 
 2184	24	2	24 0 
 2185	24	2	21 3 
 2186	24	2	24 0 
 2187	24	2	5 19 
 2188	24	2	24 0 
 2189	24	2	22 2 
 2190	24	2	24 0 
 2191	24	2	24 0 
 2192	24	2	24 0 
 2193	24	2	15 9 
 2194	24	2	24 0 
 2195	24	2	24 0 
 2196	24	2	24 0 
 2197	24	2	0 24 
 2198	24	2	24 0 
 2199	24	2	24 0 
 2200	24	2	24 0 
 2201	24	2	24 0 
 2202	24	2	24 0 
 2203	24	2	24 0 
 2204	24	2	24 0 
 2205	24	2	24 0 
 2206	24	2	24 0 
 2207	24	2	24 0 
 2208	24	2	24 0 
 2209	24	2	6 18 
 2210	24	2	20 4 
 2211	24	2	24 0 
 2212	24	2	24 0 
 2213	24	2	24 0 
 2214	24	2	21 3 
 2215	24	2	23 1 
 2216	24	2	23 1 
 2217	24	2	23 1 
 2218	24	2	6 18 
 2219	24	2	23 1 
 2220	24	2	24 0 
 2221	24	2	24 0 
 2222	24	2	23 1 
 2223	24	2	24 0 
 2224	24	2	24 0 
 2225	24	2	18 6 
 2226	24	2	24 0 
 2227	24	2	24 0 
 2228	24	2	21 3 
 2229	24	2	24 0 
 2230	24	2	24 0 
 2231	24	2	24 0 
 2232	24	2	1 23 
 2233	24	2	24 0 
 2234	24	2	24 0 
 2235	24	2	24 0 
 2236	24	2	20 4 
 2237	24	2	24 0 
 2238	24	2	18 6 
 2239	24	2	24 0 
 2240	24	2	24 0 
 2241	24	2	24 0 
 2242	24	2	24 0 
 2243	24	2	19 5 
 2244	24	2	24 0 
 2245	24	2	23 1 
 2246	24	2	24 0 
 2247	24	2	23 1 
 2248	24	2	24 0 
 2249	24	2	19 5 
 2250	24	2	24 0 
 2251	24	2	24 0 
 2252	24	2	24 0 
 2253	24	2	24 0 
 2254	24	2	18 6 
 2255	24	2	24 0 
 2256	24	2	24 0 
 2257	24	2	24 0 
 2258	24	2	24 0 
 2259	24	2	24 0 
 2260	24	2	24 0 
 2261	24	2	24 0 
 2262	24	2	24 0 
 2263	24	2	24 0 
 2264	24	2	24 0 
 2265	24	2	24 0 
 2266	24	2	17 7 
 2267	24	2	23 1 
 2268	24	2	23 1 
 2269	24	2	24 0 
 2270	24	2	21 3 
 2271	24	2	24 0 
 2272	24	2	24 0 
 2273	24	2	12 12 
 2274	24	2	12 12 
 2275	24	2	24 0 
 2276	24	2	24 0 
 2277	24	2	12 12 
 2278	24	2	19 5 
 2279	24	2	24 0 
 2280	24	2	24 0 
 2281	24	2	17 7 
 2282	24	2	24 0 
 2283	24	2	24 0 
 2284	24	2	24 0 
 2285	24	2	17 7 
 2286	24	2	24 0 
 2287	24	2	22 2 
 2288	24	2	24 0 
 2289	24	2	20 4 
 2290	24	2	24 0 
 2291	24	2	22 2 
 2292	24	2	20 4 
 2293	24	2	24 0 
 2294	24	2	15 9 
 2295	24	2	15 9 
 2296	24	2	24 0 
 2297	24	2	15 9 
 2298	24	2	24 0 
 2299	24	2	15 9 
 2300	24	2	24 0 
 2301	24	2	20 4 
 2302	24	2	20 4 
 2303	24	2	24 0 
 2304	24	2	24 0 
 2305	24	2	23 1 
 2306	24	2	24 0 
 2307	24	2	21 3 
 2308	24	2	24 0 
 2309	24	2	24 0 
 2310	24	2	24 0 
 2311	24	2	24 0 
 2312	24	2	24 0 
 2313	24	2	24 0 
 2314	24	2	17 7 
 2315	24	2	24 0 
 2316	24	2	23 1 
 2317	24	2	24 0 
 2318	24	2	23 1 
 2319	24	2	23 1 
 2320	24	2	24 0 
 2321	24	2	24 0 
 2322	24	2	14 10 
 2323	24	2	24 0 
 2324	24	2	24 0 
 2325	24	2	16 8 
 2326	24	2	24 0 
 2327	24	2	7 17 
 2328	24	2	24 0 
 2329	24	2	23 1 
 2330	24	2	22 2 
 2331	24	2	24 0 
 2332	24	2	21 3 
 2333	24	2	7 17 
 2334	24	2	24 0 
 2335	24	2	24 0 
 2336	24	2	7 17 
 2337	24	2	24 0 
 2338	24	2	21 3 
 2339	24	2	24 0 
 2340	24	2	24 0 
 2341	24	2	24 0 
 2342	24	2	24 0 
 2343	24	2	24 0 
 2344	24	2	24 0 
 2345	24	2	21 3 
 2346	24	2	23 1 
 2347	24	2	24 0 
 2348	24	2	20 4 
 2349	24	2	22 2 
 2350	24	2	24 0 
 2351	24	2	24 0 
 2352	24	2	23 1 
 2353	24	2	24 0 
 2354	24	2	23 1 
 2355	24	2	22 2 
 2356	24	2	24 0 
 2357	24	2	23 1 
 2358	24	2	24 0 
 2359	24	2	24 0 
 2360	24	2	24 0 
 2361	24	2	0 24 
 2362	24	2	24 0 
 2363	24	2	24 0 
 2364	24	2	23 1 
 2365	24	2	19 5 
 2366	24	2	24 0 
 2367	24	2	24 0 
 2368	24	2	24 0 
 2369	24	2	22 2 
 2370	24	2	24 0 
 2371	24	2	24 0 
 2372	24	2	24 0 
 2373	24	2	24 0 
 2374	24	2	24 0 
 2375	24	2	24 0 
 2376	24	2	23 1 
 2377	24	2	24 0 
 2378	24	2	24 0 
 2379	24	2	24 0 
 2380	24	2	24 0 
 2381	24	2	24 0 
 2382	24	2	24 0 
 2383	24	2	7 17 
 2384	24	2	24 0 
 2385	24	2	24 0 
 2386	24	2	24 0 
 2387	24	2	23 1 
 2388	24	2	24 0 
 2389	24	2	24 0 
 2390	24	2	23 1 
 2391	24	2	23 1 
 2392	24	2	23 1 
 2393	24	2	19 5 
 2394	24	2	24 0 
 2395	24	2	24 0 
 2396	24	2	20 4 
 2397	24	2	24 0 
 2398	24	2	24 0 
 2399	24	2	20 4 
 2400	24	2	20 4 
 2401	24	2	20 4 
 2402	24	2	24 0 
 2403	24	2	16 8 
 2404	24	2	24 0 
 2405	24	2	24 0 
 2406	24	2	24 0 
 2407	24	2	24 0 
 2408	24	2	23 1 
 2409	24	2	24 0 
 2410	24	2	24 0 
 2411	24	2	24 0 
 2412	24	2	24 0 
 2413	24	2	8 16 
 2414	24	2	8 16 
 2415	24	2	24 0 
 2416	24	2	24 0 
 2417	24	2	23 1 
 2418	24	2	3 21 
 2419	24	2	23 1 
 2420	24	2	24 0 
 2421	24	2	3 21 
 2422	24	2	24 0 
 2423	24	2	24 0 
 2424	24	2	24 0 
 2425	24	2	24 0 
 2426	24	2	24 0 
 2427	24	2	24 0 
 2428	24	2	21 3 
 2429	24	2	24 0 
 2430	24	2	24 0 
 2431	24	2	19 5 
 2432	24	2	24 0 
 2433	24	2	5 19 
 2434	24	2	23 1 
 2435	24	2	24 0 
 2436	24	2	24 0 
 2437	24	2	24 0 
 2438	24	2	9 15 
 2439	24	2	24 0 
 2440	24	2	23 1 
 2441	24	2	0 24 
 2442	24	2	22 2 
 2443	24	2	24 0 
 2444	24	2	24 0 
 2445	24	2	24 0 
 2446	24	2	24 0 
 2447	24	2	24 0 
 2448	24	2	24 0 
 2449	24	2	24 0 
 2450	24	2	20 4 
 2451	24	2	23 1 
 2452	24	2	23 1 
 2453	24	2	23 1 
 2454	24	2	23 1 
 2455	24	2	24 0 
 2456	24	2	24 0 
 2457	24	2	24 0 
 2458	24	2	24 0 
 2459	24	2	0 24 
 2460	24	2	14 10 
 2461	24	2	14 10 
 2462	24	2	14 10 
 2463	24	2	0 24 
 2464	24	2	14 10 
 2465	24	2	24 0 
 2466	24	2	15 9 
 2467	24	2	24 0 
 2468	24	2	20 4 
 2469	24	2	23 1 
 2470	24	2	23 1 
 2471	24	2	24 0 
 2472	24	2	15 9 
 2473	24	2	24 0 
 2474	24	2	24 0 
 2475	24	2	9 15 
 2476	24	2	24 0 
 2477	24	2	24 0 
 2478	24	2	23 1 
 2479	24	2	24 0 
 2480	24	2	24 0 
 2481	24	2	24 0 
 2482	24	2	23 1 
 2483	24	2	22 2 
 2484	24	2	22 2 
 2485	24	2	16 8 
 2486	24	2	24 0 
 2487	24	2	14 10 
 2488	24	2	14 10 
 2489	24	2	14 10 
 2490	24	2	24 0 
 2491	24	2	14 10 
 2492	24	2	24 0 
 2493	24	2	24 0 
 2494	24	2	24 0 
 2495	24	2	24 0 
 2496	24	2	24 0 
 2497	24	2	24 0 
 2498	24	2	19 5 
 2499	24	2	23 1 
 2500	24	2	24 0 
 2501	24	2	24 0 
 2502	24	2	24 0 
 2503	24	2	24 0 
 2504	24	2	24 0 
 2505	24	2	21 3 
 2506	24	2	22 2 
 2507	24	2	20 4 
 2508	24	2	24 0 
 2509	24	2	24 0 
 2510	24	2	23 1 
 2511	24	2	12 12 
 2512	24	2	24 0 
 2513	24	2	12 12 
 2514	24	2	24 0 
 2515	24	2	24 0 
 2516	24	2	24 0 
 2517	24	2	24 0 
 2518	24	2	24 0 
 2519	24	2	24 0 
 2520	24	2	24 0 
 2521	24	2	24 0 
 2522	24	2	24 0 
 2523	24	2	24 0 
 2524	24	2	23 1 
 2525	24	2	24 0 
 2526	24	2	17 7 
 2527	24	2	21 3 
 2528	24	2	22 2 
 2529	24	2	24 0 
 2530	24	2	22 2 
 2531	24	2	24 0 
 2532	24	2	16 8 
 2533	24	2	19 5 
 2534	24	2	16 8 
 2535	24	2	16 8 
 2536	24	2	23 1 
 2537	24	2	22 2 
 2538	24	2	23 1 
 2539	24	2	24 0 
 2540	24	2	22 2 
 2541	24	2	24 0 
 2542	24	2	24 0 
 2543	24	2	24 0 
 2544	24	2	24 0 
 2545	24	2	24 0 
 2546	24	2	24 0 
 2547	24	2	24 0 
 2548	24	2	24 0 
 2549	24	2	24 0 
 2550	24	2	24 0 
 2551	24	2	22 2 
 2552	24	2	24 0 
 2553	24	2	24 0 
 2554	24	2	24 0 
 2555	24	2	24 0 
 2556	24	2	20 4 
 2557	24	2	24 0 
 2558	24	2	16 8 
 2559	24	2	16 8 
 2560	24	2	24 0 
 2561	24	2	10 14 
 2562	24	2	9 15 
 2563	24	2	0 24 
 2564	24	2	24 0 
 2565	24	2	24 0 
 2566	24	2	24 0 
 2567	24	2	18 6 
 2568	24	2	24 0 
 2569	24	2	24 0 
 2570	24	2	24 0 
 2571	24	2	24 0 
 2572	24	2	24 0 
 2573	24	2	12 12 
 2574	24	2	23 1 
 2575	24	2	23 1 
 2576	24	2	24 0 
 2577	24	2	24 0 
 2578	24	2	24 0 
 2579	24	2	24 0 
 2580	24	2	24 0 
 2581	24	2	24 0 
 2582	24	2	24 0 
 2583	24	2	24 0 
 2584	24	2	24 0 
 2585	24	2	24 0 
 2586	24	2	24 0 
 2587	24	2	24 0 
 2588	24	2	24 0 
 2589	24	2	15 9 
 2590	24	2	24 0 
 2591	24	2	15 9 
 2592	24	2	15 9 
 2593	24	2	24 0 
 2594	24	2	24 0 
 2595	24	2	24 0 
 2596	24	2	15 9 
 2597	24	2	23 1 
 2598	24	2	21 3 
 2599	24	2	21 3 
 2600	24	2	24 0 
 2601	24	2	24 0 
 2602	24	2	24 0 
 2603	24	2	24 0 
 2604	24	2	24 0 
 2605	24	2	24 0 
 2606	24	2	24 0 
 2607	24	2	24 0 
 2608	24	2	24 0 
 2609	24	2	22 2 
 2610	24	2	24 0 
 2611	24	2	24 0 
 2612	24	2	23 1 
 2613	24	2	23 1 
 2614	24	2	23 1 
 2615	24	2	24 0 
 2616	24	2	24 0 
 2617	24	2	9 15 
 2618	24	2	23 1 
 2619	24	2	23 1 
 2620	24	2	24 0 
 2621	24	2	24 0 
 2622	24	2	23 1 
 2623	24	2	24 0 
 2624	24	2	24 0 
 2625	24	2	24 0 
 2626	24	2	24 0 
 2627	24	2	24 0 
 2628	24	2	24 0 
 2629	24	2	24 0 
 2630	24	2	24 0 
 2631	24	2	24 0 
 2632	24	2	22 2 
 2633	24	2	2 22 
 2634	24	2	20 4 
 2635	24	2	24 0 
 2636	24	2	24 0 
 2637	24	2	0 24 
 2638	24	2	24 0 
 2639	24	2	24 0 
 2640	24	2	24 0 
 2641	24	2	24 0 
 2642	24	2	24 0 
 2643	24	2	24 0 
 2644	24	2	24 0 
 2645	24	2	24 0 
 2646	24	2	23 1 
 2647	24	2	24 0 
 2648	24	2	23 1 
 2649	24	2	23 1 
 2650	24	2	24 0 
 2651	24	2	24 0 
 2652	24	2	24 0 
 2653	24	2	24 0 
 2654	24	2	24 0 
 2655	24	2	23 1 
 2656	24	2	23 1 
 2657	24	2	24 0 
 2658	24	2	23 1 
 2659	24	2	24 0 
 2660	24	2	24 0 
 2661	24	2	24 0 
 2662	24	2	23 1 
 2663	24	2	20 4 
 2664	24	2	21 3 
 2665	24	2	20 4 
 2666	24	2	24 0 
 2667	24	2	20 4 
 2668	24	2	20 4 
 2669	24	2	23 1 
 2670	24	2	23 1 
 2671	24	2	23 1 
 2672	24	2	24 0 
 2673	24	2	24 0 
 2674	24	2	24 0 
 2675	24	2	24 0 
 2676	24	2	24 0 
 2677	24	2	24 0 
 2678	24	2	24 0 
 2679	24	2	24 0 
 2680	24	2	24 0 
 2681	24	2	24 0 
 2682	24	2	24 0 
 2683	24	2	24 0 
 2684	24	2	24 0 
 2685	24	2	24 0 
 2686	24	2	24 0 
 2687	24	2	0 24 
 2688	24	2	24 0 
 2689	24	2	24 0 
 2690	24	2	23 1 
 2691	24	2	24 0 
 2692	24	2	24 0 
 2693	24	2	22 2 
 2694	24	2	24 0 
 2695	24	2	24 0 
 2696	24	2	22 2 
 2697	24	2	24 0 
 2698	24	2	23 1 
 2699	24	2	24 0 
 2700	24	2	24 0 
 2701	24	2	14 10 
 2702	24	2	24 0 
 2703	24	2	14 10 
 2704	24	2	24 0 
 2705	24	2	24 0 
 2706	24	2	24 0 
 2707	24	2	24 0 
 2708	24	2	24 0 
 2709	24	2	24 0 
 2710	24	2	24 0 
 2711	24	2	20 4 
 2712	24	2	23 1 
 2713	24	2	23 1 
 2714	24	2	24 0 
 2715	24	2	24 0 
 2716	24	2	24 0 
 2717	24	2	23 1 
 2718	24	2	24 0 
 2719	24	2	24 0 
 2720	24	2	24 0 
 2721	24	2	23 1 
 2722	24	2	23 1 
 2723	24	2	23 1 
 2724	24	2	24 0 
 2725	24	2	23 1 
 2726	24	2	8 16 
 2727	24	2	24 0 
 2728	24	2	9 15 
 2729	24	2	9 15 
 2730	24	2	24 0 
 2731	24	2	24 0 
 2732	24	2	24 0 
 2733	24	2	24 0 
 2734	24	2	5 19 
 2735	24	2	24 0 
 2736	24	2	24 0 
 2737	24	2	8 16 
 2738	24	2	24 0 
 2739	24	2	23 1 
 2740	24	2	24 0 
 2741	24	2	5 19 
 2742	24	2	17 7 
 2743	24	2	22 2 
 2744	24	2	22 2 
 2745	24	2	24 0 
 2746	24	2	24 0 
 2747	24	2	24 0 
 2748	24	2	16 8 
 2749	24	2	23 1 
 2750	24	2	23 1 
 2751	24	2	23 1 
 2752	24	2	24 0 
 2753	24	2	24 0 
 2754	24	2	24 0 
 2755	24	2	22 2 
 2756	24	2	24 0 
 2757	24	2	24 0 
 2758	24	2	24 0 
 2759	24	2	24 0 
 2760	24	2	24 0 
 2761	24	2	22 2 
 2762	24	2	24 0 
 2763	24	2	24 0 
 2764	24	2	24 0 
 2765	24	2	24 0 
 2766	24	2	24 0 
 2767	24	2	24 0 
 2768	24	2	24 0 
 2769	24	2	24 0 
 2770	24	2	24 0 
 2771	24	2	0 24 
 2772	24	2	21 3 
 2773	24	2	23 1 
 2774	24	2	24 0 
 2775	24	2	21 3 
 2776	24	2	6 18 
 2777	24	2	17 7 
 2778	24	2	7 17 
 2779	24	2	21 3 
 2780	24	2	21 3 
 2781	24	2	21 3 
 2782	24	2	24 0 
 2783	24	2	0 24 
 2784	24	2	24 0 
 2785	24	2	23 1 
 2786	24	2	10 14 
 2787	24	2	14 10 
 2788	24	2	24 0 
 2789	24	2	24 0 
 2790	24	2	24 0 
 2791	24	2	23 1 
 2792	24	2	24 0 
 2793	24	2	24 0 
 2794	24	2	24 0 
 2795	24	2	13 11 
 2796	24	2	19 5 
 2797	24	2	24 0 
 2798	24	2	19 5 
 2799	24	2	24 0 
 2800	24	2	23 1 
 2801	24	2	24 0 
 2802	24	2	20 4 
 2803	24	2	24 0 
 2804	24	2	5 19 
 2805	24	2	5 19 
 2806	24	2	24 0 
 2807	24	2	24 0 
 2808	24	2	24 0 
 2809	24	2	24 0 
 2810	24	2	24 0 
 2811	24	2	24 0 
 2812	24	2	23 1 
 2813	24	2	24 0 
 2814	24	2	17 7 
 2815	24	2	16 8 
 2816	24	2	24 0 
 2817	24	2	0 24 
 2818	24	2	24 0 
 2819	24	2	24 0 
 2820	24	2	24 0 
 2821	24	2	9 15 
 2822	24	2	24 0 
 2823	24	2	24 0 
 2824	24	2	24 0 
 2825	24	2	24 0 
 2826	24	2	24 0 
 2827	24	2	24 0 
 2828	24	2	24 0 
 2829	24	2	23 1 
 2830	24	2	20 4 
 2831	24	2	24 0 
 2832	24	2	23 1 
 2833	24	2	23 1 
 2834	24	2	23 1 
 2835	24	2	24 0 
 2836	24	2	24 0 
 2837	24	2	24 0 
 2838	24	2	18 6 
 2839	24	2	23 1 
 2840	24	2	24 0 
 2841	24	2	15 9 
 2842	24	2	23 1 
 2843	24	2	24 0 
 2844	24	2	18 6 
 2845	24	2	24 0 
 2846	24	2	24 0 
 2847	24	2	24 0 
 2848	24	2	18 6 
 2849	24	2	24 0 
 2850	24	2	24 0 
 2851	24	2	24 0 
 2852	24	2	18 6 
 2853	24	2	18 6 
 2854	24	2	24 0 
 2855	24	2	23 1 
 2856	24	2	23 1 
 2857	24	2	17 7 
 2858	24	2	18 6 
 2859	24	2	24 0 
 2860	24	2	21 3 
 2861	24	2	21 3 
 2862	24	2	21 3 
 2863	24	2	17 7 
 2864	24	2	21 3 
 2865	24	2	24 0 
 2866	24	2	24 0 
 2867	24	2	24 0 
 2868	24	2	24 0 
 2869	24	2	8 16 
 2870	24	2	24 0 
 2871	24	2	15 9 
 2872	24	2	24 0 
 2873	24	2	24 0 
 2874	24	2	17 7 
 2875	24	2	22 2 
 2876	24	2	24 0 
 2877	24	2	24 0 
 2878	24	2	24 0 
 2879	24	2	24 0 
 2880	24	2	24 0 
 2881	24	2	21 3 
 2882	24	2	24 0 
 2883	24	2	23 1 
 2884	24	2	24 0 
 2885	24	2	24 0 
 2886	24	2	24 0 
 2887	24	2	24 0 
 2888	24	2	24 0 
 2889	24	2	24 0 
 2890	24	2	18 6 
 2891	24	2	24 0 
 2892	24	2	1 23 
 2893	24	2	24 0 
 2894	24	2	24 0 
 2895	24	2	23 1 
 2896	24	2	24 0 
 2897	24	2	24 0 
 2898	24	2	21 3 
 2899	24	2	24 0 
 2900	24	2	21 3 
 2901	24	2	24 0 
 2902	24	2	24 0 
 2903	24	2	12 12 
 2904	24	2	23 1 
 2905	24	2	23 1 
 2906	24	2	21 3 
 2907	24	2	1 23 
 2908	24	2	1 23 
 2909	24	2	24 0 
 2910	24	2	20 4 
 2911	24	2	20 4 
 2912	24	2	24 0 
 2913	24	2	24 0 
 2914	24	2	24 0 
 2915	24	2	24 0 
 2916	24	2	24 0 
 2917	24	2	24 0 
 2918	24	2	24 0 
 2919	24	2	24 0 
 2920	24	2	24 0 
 2921	24	2	24 0 
 2922	24	2	24 0 
 2923	24	2	22 2 
 2924	24	2	4 20 
 2925	24	2	16 8 
 2926	24	2	24 0 
 2927	24	2	24 0 
 2928	24	2	13 11 
 2929	24	2	13 11 
 2930	24	2	11 13 
 2931	24	2	24 0 
 2932	24	2	24 0 
 2933	24	2	23 1 
 2934	24	2	23 1 
 2935	24	2	20 4 
 2936	24	2	24 0 
 2937	24	2	24 0 
 2938	24	2	24 0 
 2939	24	2	24 0 
 2940	24	2	23 1 
 2941	24	2	24 0 
 2942	24	2	24 0 
 2943	24	2	24 0 
 2944	24	2	24 0 
 2945	24	2	24 0 
 2946	24	2	23 1 
 2947	24	2	6 18 
 2948	24	2	24 0 
 2949	24	2	6 18 
 2950	24	2	24 0 
 2951	24	2	24 0 
 2952	24	2	24 0 
 2953	24	2	24 0 
 2954	24	2	24 0 
 2955	24	2	24 0 
 2956	24	2	23 1 
 2957	24	2	24 0 
 2958	24	2	24 0 
 2959	24	2	17 7 
 2960	24	2	24 0 
 2961	24	2	17 7 
 2962	24	2	22 2 
 2963	24	2	24 0 
 2964	24	2	24 0 
 2965	24	2	24 0 
 2966	24	2	24 0 
 2967	24	2	24 0 
 2968	24	2	24 0 
 2969	24	2	24 0 
 2970	24	2	24 0 
 2971	24	2	20 4 
 2972	24	2	24 0 
 2973	24	2	24 0 
 2974	24	2	24 0 
 2975	24	2	24 0 
 2976	24	2	24 0 
 2977	24	2	15 9 
 2978	24	2	23 1 
 2979	24	2	22 2 
 2980	24	2	22 2 
 2981	24	2	22 2 
 2982	24	2	24 0 
 2983	24	2	22 2 
 2984	24	2	24 0 
 2985	24	2	24 0 
 2986	24	2	24 0 
 2987	24	2	24 0 
 2988	24	2	24 0 
 2989	24	2	24 0 
 2990	24	2	24 0 
 2991	24	2	24 0 
 2992	24	2	24 0 
 2993	24	2	24 0 
 2994	24	2	24 0 
 2995	24	2	23 1 
 2996	24	2	22 2 
 2997	24	2	15 9 
 2998	24	2	24 0 
 2999	24	2	24 0 
 3000	24	2	14 10 
 3001	24	2	23 1 
 3002	24	2	23 1 
 3003	24	2	24 0 
 3004	24	2	2 22 
 3005	24	2	0 24 
 3006	24	2	2 22 
 3007	24	2	2 22 
 3008	24	2	0 24 
 3009	24	2	23 1 
 3010	24	2	19 5 
 3011	24	2	19 5 
 3012	24	2	19 5 
 3013	24	2	24 0 
 3014	24	2	19 5 
 3015	24	2	19 5 
 3016	24	2	19 5 
 3017	24	2	24 0 
 3018	24	2	19 5 
 3019	24	2	24 0 
 3020	24	2	24 0 
 3021	24	2	0 24 
 3022	24	2	24 0 
 3023	24	2	24 0 
 3024	24	2	22 2 
 3025	24	2	2 22 
 3026	24	2	23 1 
 3027	24	2	24 0 
 3028	24	2	24 0 
 3029	24	2	11 13 
 3030	24	2	24 0 
 3031	24	2	24 0 
 3032	24	2	24 0 
 3033	24	2	24 0 
 3034	24	2	23 1 
 3035	24	2	5 19 
 3036	24	2	24 0 
 3037	24	2	21 3 
 3038	24	2	22 2 
 3039	24	2	24 0 
 3040	24	2	24 0 
 3041	24	2	24 0 
 3042	24	2	24 0 
 3043	24	2	24 0 
 3044	24	2	24 0 
 3045	24	2	24 0 
 3046	24	2	24 0 
 3047	24	2	23 1 
 3048	24	2	24 0 
 3049	24	2	24 0 
 3050	24	2	24 0 
 3051	24	2	13 11 
 3052	24	2	3 21 
 3053	24	2	22 2 
 3054	24	2	22 2 
 3055	24	2	18 6 
 3056	24	2	24 0 
 3057	24	2	24 0 
 3058	24	2	23 1 
 3059	24	2	24 0 
 3060	24	2	23 1 
 3061	24	2	19 5 
 3062	24	2	4 20 
 3063	24	2	24 0 
 3064	24	2	24 0 
 3065	24	2	24 0 
 3066	24	2	24 0 
 3067	24	2	24 0 
 3068	24	2	24 0 
 3069	24	2	20 4 
 3070	24	2	24 0 
 3071	24	2	23 1 
 3072	24	2	21 3 
 3073	24	2	24 0 
 3074	24	2	23 1 
 3075	24	2	24 0 
 3076	24	2	24 0 
 3077	24	2	24 0 
 3078	24	2	7 17 
 3079	24	2	17 7 
 3080	24	2	17 7 
 3081	24	2	24 0 
 3082	24	2	24 0 
 3083	24	2	22 2 
 3084	24	2	24 0 
 3085	24	2	24 0 
 3086	24	2	21 3 
 3087	24	2	24 0 
 3088	24	2	23 1 
 3089	24	2	24 0 
 3090	24	2	24 0 
 3091	24	2	24 0 
 3092	24	2	22 2 
 3093	24	2	24 0 
 3094	24	2	24 0 
 3095	24	2	24 0 
 3096	24	2	24 0 
 3097	24	2	24 0 
 3098	24	2	23 1 
 3099	24	2	23 1 
 3100	24	2	23 1 
 3101	24	2	23 1 
 3102	24	2	24 0 
 3103	24	2	14 10 
 3104	24	2	24 0 
 3105	24	2	24 0 
 3106	24	2	21 3 
 3107	24	2	23 1 
 3108	24	2	24 0 
 3109	24	2	11 13 
 3110	24	2	6 18 
 3111	24	2	24 0 
 3112	24	2	23 1 
 3113	24	2	23 1 
 3114	24	2	24 0 
 3115	24	2	23 1 
 3116	24	2	23 1 
 3117	24	2	24 0 
 3118	24	2	24 0 
 3119	24	2	24 0 
 3120	24	2	24 0 
 3121	24	2	24 0 
 3122	24	2	24 0 
 3123	24	2	24 0 
 3124	24	2	24 0 
 3125	24	2	24 0 
 3126	24	2	20 4 
 3127	24	2	23 1 
 3128	24	2	4 20 
 3129	24	2	20 4 
 3130	24	2	20 4 
 3131	24	2	24 0 
 3132	24	2	21 3 
 3133	24	2	24 0 
 3134	24	2	15 9 
 3135	24	2	24 0 
 3136	24	2	24 0 
 3137	24	2	13 11 
 3138	24	2	24 0 
 3139	24	2	23 1 
 3140	24	2	20 4 
 3141	24	2	17 7 
 3142	24	2	10 14 
 3143	24	2	23 1 
 3144	24	2	23 1 
 3145	24	2	24 0 
 3146	24	2	24 0 
 3147	24	2	24 0 
 3148	24	2	24 0 
 3149	24	2	19 5 
 3150	24	2	24 0 
 3151	24	2	18 6 
 3152	24	2	17 7 
 3153	24	2	24 0 
 3154	24	2	24 0 
 3155	24	2	24 0 
 3156	24	2	16 8 
 3157	24	2	24 0 
 3158	24	2	24 0 
 3159	24	2	24 0 
 3160	24	2	22 2 
 3161	24	2	21 3 
 3162	24	2	24 0 
 3163	24	2	23 1 
 3164	24	2	24 0 
 3165	24	2	24 0 
 3166	24	2	24 0 
 3167	24	2	24 0 
 3168	24	2	24 0 
 3169	24	2	24 0 
 3170	24	2	24 0 
 3171	24	2	24 0 
 3172	24	2	24 0 
 3173	24	2	24 0 
 3174	24	2	24 0 
 3175	24	2	14 10 
 3176	24	2	2 22 
 3177	24	2	24 0 
 3178	24	2	23 1 
 3179	24	2	24 0 
 3180	24	2	24 0 
 3181	24	2	21 3 
 3182	24	2	22 2 
 3183	24	2	24 0 
 3184	24	2	24 0 
 3185	24	2	24 0 
 3186	24	2	23 1 
 3187	24	2	12 12 
 3188	24	2	24 0 
 3189	24	2	24 0 
 3190	24	2	8 16 
 3191	24	2	23 1 
 3192	24	2	24 0 
 3193	24	2	24 0 
 3194	24	2	24 0 
 3195	24	2	24 0 
 3196	24	2	24 0 
 3197	24	2	20 4 
 3198	24	2	10 14 
 3199	24	2	20 4 
 3200	24	2	24 0 
 3201	24	2	24 0 
 3202	24	2	24 0 
 3203	24	2	24 0 
 3204	24	2	24 0 
 3205	24	2	24 0 
 3206	24	2	24 0 
 3207	24	2	24 0 
 3208	24	2	24 0 
 3209	24	2	24 0 
 3210	24	2	23 1 
 3211	24	2	24 0 
 3212	24	2	24 0 
 3213	24	2	18 6 
 3214	24	2	24 0 
 3215	24	2	16 8 
 3216	24	2	21 3 
 3217	24	2	24 0 
 3218	24	2	24 0 
 3219	24	2	24 0 
 3220	24	2	23 1 
 3221	24	2	23 1 
 3222	24	2	21 3 
 3223	24	2	24 0 
 3224	24	2	24 0 
 3225	24	2	23 1 
 3226	24	2	21 3 
 3227	24	2	21 3 
 3228	24	2	21 3 
 3229	24	2	24 0 
 3230	24	2	24 0 
 3231	24	2	23 1 
 3232	24	2	24 0 
 3233	24	2	23 1 
 3234	24	2	1 23 
 3235	24	2	24 0 
 3236	24	2	23 1 
 3237	24	2	23 1 
 3238	24	2	23 1 
 3239	24	2	22 2 
 3240	24	2	24 0 
 3241	24	2	22 2 
 3242	24	2	24 0 
 3243	24	2	24 0 
 3244	24	2	24 0 
 3245	24	2	19 5 
 3246	24	2	21 3 
 3247	24	2	22 2 
 3248	24	2	21 3 
 3249	24	2	24 0 
 3250	24	2	19 5 
 3251	24	2	17 7 
 3252	24	2	24 0 
 3253	24	2	17 7 
 3254	24	2	24 0 
 3255	24	2	24 0 
 3256	24	2	24 0 
 3257	24	2	24 0 
 3258	24	2	23 1 
 3259	24	2	24 0 
 3260	24	2	24 0 
 3261	24	2	24 0 
 3262	24	2	24 0 
 3263	24	2	24 0 
 3264	24	2	24 0 
 3265	24	2	24 0 
 3266	24	2	24 0 
 3267	24	2	24 0 
 3268	24	2	14 10 
 3269	24	2	24 0 
 3270	24	2	11 13 
 3271	24	2	21 3 
 3272	24	2	11 13 
 3273	24	2	21 3 
 3274	24	2	23 1 
 3275	24	2	24 0 
 3276	24	2	13 11 
 3277	24	2	22 2 
 3278	24	2	24 0 
 3279	24	2	24 0 
 3280	24	2	23 1 
 3281	24	2	24 0 
 3282	24	2	23 1 
 3283	24	2	23 1 
 3284	24	2	24 0 
 3285	24	2	20 4 
 3286	24	2	23 1 
 3287	24	2	24 0 
 3288	24	2	24 0 
 3289	24	2	24 0 
 3290	24	2	23 1 
 3291	24	2	22 2 
 3292	24	2	21 3 
 3293	24	2	23 1 
 3294	24	2	21 3 
 3295	24	2	22 2 
 3296	24	2	23 1 
 3297	24	2	21 3 
 3298	24	2	23 1 
 3299	24	2	23 1 
 3300	24	2	24 0 
 3301	24	2	2 22 
 3302	24	2	2 22 
 3303	24	2	24 0 
 3304	24	2	23 1 
 3305	24	2	23 1 
 3306	24	2	23 1 
 3307	24	2	24 0 
 3308	24	2	19 5 
 3309	24	2	24 0 
 3310	24	2	7 17 
 3311	24	2	24 0 
 3312	24	2	24 0 
 3313	24	2	24 0 
 3314	24	2	24 0 
 3315	24	2	9 15 
 3316	24	2	24 0 
 3317	24	2	24 0 
 3318	24	2	9 15 
 3319	24	2	10 14 
 3320	24	2	21 3 
 3321	24	2	21 3 
 3322	24	2	23 1 
 3323	24	2	24 0 
 3324	24	2	24 0 
 3325	24	2	24 0 
 3326	24	2	21 3 
 3327	24	2	24 0 
 3328	24	2	22 2 
 3329	24	2	24 0 
 3330	24	2	0 24 
 3331	24	2	19 5 
 3332	24	2	23 1 
 3333	24	2	23 1 
 3334	24	2	23 1 
 3335	24	2	24 0 
 3336	24	2	23 1 
 3337	24	2	24 0 
 3338	24	2	1 23 
 3339	24	2	10 14 
 3340	24	2	24 0 
 3341	24	2	21 3 
 3342	24	2	0 24 
 3343	24	2	13 11 
 3344	24	2	24 0 
 3345	24	2	8 16 
 3346	24	2	21 3 
 3347	24	2	24 0 
 3348	24	2	24 0 
 3349	24	2	24 0 
 3350	24	2	24 0 
 3351	24	2	24 0 
 3352	24	2	21 3 
 3353	24	2	24 0 
 3354	24	2	24 0 
 3355	24	2	24 0 
 3356	24	2	24 0 
 3357	24	2	16 8 
 3358	24	2	24 0 
 3359	24	2	24 0 
 3360	24	2	24 0 
 3361	24	2	23 1 
 3362	24	2	24 0 
 3363	24	2	20 4 
 3364	24	2	15 9 
 3365	24	2	16 8 
 3366	24	2	17 7 
 3367	24	2	23 1 
 3368	24	2	24 0 
 3369	24	2	24 0 
 3370	24	2	23 1 
 3371	24	2	24 0 
 3372	24	2	24 0 
 3373	24	2	24 0 
 3374	24	2	24 0 
 3375	24	2	22 2 
 3376	24	2	22 2 
 3377	24	2	23 1 
 3378	24	2	24 0 
 3379	24	2	23 1 
 3380	24	2	22 2 
 3381	24	2	22 2 
 3382	24	2	24 0 
 3383	24	2	23 1 
 3384	24	2	24 0 
 3385	24	2	24 0 
 3386	24	2	0 24 
 3387	24	2	15 9 
 3388	24	2	24 0 
 3389	24	2	22 2 
 3390	24	2	24 0 
 3391	24	2	15 9 
 3392	24	2	24 0 
 3393	24	2	24 0 
 3394	24	2	24 0 
 3395	24	2	24 0 
 3396	24	2	0 24 
 3397	24	2	24 0 
 3398	24	2	24 0 
 3399	24	2	24 0 
 3400	24	2	24 0 
 3401	24	2	24 0 
 3402	24	2	24 0 
 3403	24	2	24 0 
 3404	24	2	21 3 
 3405	24	2	24 0 
 3406	24	2	24 0 
 3407	24	2	3 21 
 3408	24	2	14 10 
 3409	24	2	24 0 
 3410	24	2	24 0 
 3411	24	2	24 0 
 3412	24	2	19 5 
 3413	24	2	24 0 
 3414	24	2	24 0 
 3415	24	2	24 0 
 3416	24	2	23 1 
 3417	24	2	24 0 
 3418	24	2	24 0 
 3419	24	2	16 8 
 3420	24	2	24 0 
 3421	24	2	15 9 
 3422	24	2	23 1 
 3423	24	2	24 0 
 3424	24	2	24 0 
 3425	24	2	23 1 
 3426	24	2	15 9 
 3427	24	2	24 0 
 3428	24	2	24 0 
 3429	24	2	24 0 
 3430	24	2	24 0 
 3431	24	2	24 0 
 3432	24	2	24 0 
 3433	24	2	15 9 
 3434	24	2	24 0 
 3435	24	2	24 0 
 3436	24	2	24 0 
 3437	24	2	24 0 
 3438	24	2	24 0 
 3439	24	2	5 19 
 3440	24	2	24 0 
 3441	24	2	24 0 
 3442	24	2	24 0 
 3443	24	2	24 0 
 3444	24	2	24 0 
 3445	24	2	24 0 
 3446	24	2	23 1 
 3447	24	2	24 0 
 3448	24	2	24 0 
 3449	24	2	24 0 
 3450	24	2	23 1 
 3451	24	2	24 0 
 3452	24	2	24 0 
 3453	24	2	16 8 
 3454	24	2	15 9 
 3455	24	2	24 0 
 3456	24	2	24 0 
 3457	24	2	24 0 
 3458	24	2	4 20 
 3459	24	2	4 20 
 3460	24	2	24 0 
 3461	24	2	23 1 
 3462	24	2	0 24 
 3463	24	2	24 0 
 3464	24	2	22 2 
 3465	24	2	24 0 
 3466	24	2	24 0 
 3467	24	2	24 0 
 3468	24	2	23 1 
 3469	24	2	22 2 
 3470	24	2	22 2 
 3471	24	2	24 0 
 3472	24	2	24 0 
 3473	24	2	24 0 
 3474	24	2	24 0 
 3475	24	2	24 0 
 3476	24	2	24 0 
 3477	24	2	24 0 
 3478	24	2	24 0 
 3479	24	2	24 0 
 3480	24	2	24 0 
 3481	24	2	24 0 
 3482	24	2	24 0 
 3483	24	2	20 4 
 3484	24	2	24 0 
 3485	24	2	24 0 
 3486	24	2	24 0 
 3487	24	2	24 0 
 3488	24	2	24 0 
 3489	24	2	24 0 
 3490	24	2	24 0 
 3491	24	2	24 0 
 3492	24	2	24 0 
 3493	24	2	24 0 
 3494	24	2	24 0 
 3495	24	2	23 1 
 3496	24	2	24 0 
 3497	24	2	21 3 
 3498	24	2	11 13 
 3499	24	2	24 0 
 3500	24	2	24 0 
 3501	24	2	24 0 
 3502	24	2	23 1 
 3503	24	2	18 6 
 3504	24	2	24 0 
 3505	24	2	9 15 
 3506	24	2	14 10 
 3507	24	2	24 0 
 3508	24	2	22 2 
 3509	24	2	14 10 
 3510	24	2	14 10 
 3511	24	2	14 10 
 3512	24	2	22 2 
 3513	24	2	14 10 
 3514	24	2	24 0 
 3515	24	2	24 0 
 3516	24	2	24 0 
 3517	24	2	24 0 
 3518	24	2	24 0 
 3519	24	2	23 1 
 3520	24	2	24 0 
 3521	24	2	23 1 
 3522	24	2	24 0 
 3523	24	2	20 4 
 3524	24	2	24 0 
 3525	24	2	23 1 
 3526	24	2	24 0 
 3527	24	2	16 8 
 3528	24	2	15 9 
 3529	24	2	24 0 
 3530	24	2	24 0 
 3531	24	2	24 0 
 3532	24	2	24 0 
 3533	24	2	24 0 
 3534	24	2	24 0 
 3535	24	2	24 0 
 3536	24	2	21 3 
 3537	24	2	15 9 
 3538	24	2	24 0 
 3539	24	2	24 0 
 3540	24	2	24 0 
 3541	24	2	24 0 
 3542	24	2	24 0 
 3543	24	2	24 0 
 3544	24	2	2 22 
 3545	24	2	24 0 
 3546	24	2	24 0 
 3547	24	2	2 22 
 3548	24	2	24 0 
 3549	24	2	16 8 
 3550	24	2	24 0 
 3551	24	2	24 0 
 3552	24	2	24 0 
 3553	24	2	24 0 
 3554	24	2	24 0 
 3555	24	2	24 0 
 3556	24	2	0 24 
 3557	24	2	24 0 
 3558	24	2	24 0 
 3559	24	2	24 0 
 3560	24	2	20 4 
 3561	24	2	24 0 
 3562	24	2	24 0 
 3563	24	2	24 0 
 3564	24	2	24 0 
 3565	24	2	14 10 
 3566	24	2	24 0 
 3567	24	2	23 1 
 3568	24	2	23 1 
 3569	24	2	24 0 
 3570	24	2	24 0 
 3571	24	2	24 0 
 3572	24	2	24 0 
 3573	24	2	23 1 
 3574	24	2	20 4 
 3575	24	2	20 4 
 3576	24	2	24 0 
 3577	24	2	22 2 
 3578	24	2	24 0 
 3579	24	2	24 0 
 3580	24	2	22 2 
 3581	24	2	24 0 
 3582	24	2	24 0 
 3583	24	2	22 2 
 3584	24	2	24 0 
 3585	24	2	24 0 
 3586	24	2	24 0 
 3587	24	2	24 0 
 3588	24	2	24 0 
 3589	24	2	24 0 
 3590	24	2	24 0 
 3591	24	2	11 13 
 3592	24	2	18 6 
 3593	24	2	24 0 
 3594	24	2	24 0 
 3595	24	2	18 6 
 3596	24	2	24 0 
 3597	24	2	24 0 
 3598	24	2	24 0 
 3599	24	2	24 0 
 3600	24	2	24 0 
 3601	24	2	24 0 
 3602	24	2	24 0 
 3603	24	2	24 0 
 3604	24	2	24 0 
 3605	24	2	24 0 
 3606	24	2	24 0 
 3607	24	2	24 0 
 3608	24	2	21 3 
 3609	24	2	24 0 
 3610	24	2	20 4 
 3611	24	2	24 0 
 3612	24	2	11 13 
 3613	24	2	20 4 
 3614	24	2	24 0 
 3615	24	2	24 0 
 3616	24	2	18 6 
 3617	24	2	22 2 
 3618	24	2	22 2 
 3619	24	2	23 1 
 3620	24	2	24 0 
 3621	24	2	24 0 
 3622	24	2	24 0 
 3623	24	2	24 0 
 3624	24	2	14 10 
 3625	24	2	1 23 
 3626	24	2	24 0 
 3627	24	2	24 0 
 3628	24	2	23 1 
 3629	24	2	24 0 
 3630	24	2	24 0 
 3631	24	2	24 0 
 3632	24	2	24 0 
 3633	24	2	24 0 
 3634	24	2	19 5 
 3635	24	2	14 10 
 3636	24	2	24 0 
 3637	24	2	10 14 
 3638	24	2	24 0 
 3639	24	2	7 17 
 3640	24	2	24 0 
 3641	24	2	17 7 
 3642	24	2	24 0 
 3643	24	2	20 4 
 3644	24	2	20 4 
 3645	24	2	24 0 
 3646	24	2	24 0 
 3647	24	2	24 0 
 3648	24	2	23 1 
 3649	24	2	24 0 
 3650	24	2	24 0 
 3651	24	2	24 0 
 3652	24	2	24 0 
 3653	24	2	24 0 
 3654	24	2	19 5 
 3655	24	2	24 0 
 3656	24	2	18 6 
 3657	24	2	24 0 
 3658	24	2	24 0 
 3659	24	2	24 0 
 3660	24	2	24 0 
 3661	24	2	24 0 
 3662	24	2	23 1 
 3663	24	2	24 0 
 3664	24	2	21 3 
 3665	24	2	24 0 
 3666	24	2	24 0 
 3667	24	2	23 1 
 3668	24	2	24 0 
 3669	24	2	2 22 
 3670	24	2	24 0 
 3671	24	2	24 0 
 3672	24	2	23 1 
 3673	24	2	18 6 
 3674	24	2	18 6 
 3675	24	2	24 0 
 3676	24	2	18 6 
 3677	24	2	18 6 
 3678	24	2	18 6 
 3679	24	2	24 0 
 3680	24	2	24 0 
 3681	24	2	14 10 
 3682	24	2	14 10 
 3683	24	2	14 10 
 3684	24	2	24 0 
 3685	24	2	14 10 
 3686	24	2	24 0 
 3687	24	2	24 0 
 3688	24	2	24 0 
 3689	24	2	11 13 
 3690	24	2	24 0 
 3691	24	2	24 0 
 3692	24	2	17 7 
 3693	24	2	24 0 
 3694	24	2	24 0 
 3695	24	2	24 0 
 3696	24	2	24 0 
 3697	24	2	22 2 
 3698	24	2	23 1 
 3699	24	2	17 7 
 3700	24	2	24 0 
 3701	24	2	24 0 
 3702	24	2	17 7 
 3703	24	2	24 0 
 3704	24	2	24 0 
 3705	24	2	24 0 
 3706	24	2	24 0 
 3707	24	2	24 0 
 3708	24	2	24 0 
 3709	24	2	20 4 
 3710	24	2	24 0 
 3711	24	2	24 0 
 3712	24	2	24 0 
 3713	24	2	18 6 
 3714	24	2	24 0 
 3715	24	2	24 0 
 3716	24	2	24 0 
 3717	24	2	24 0 
 3718	24	2	24 0 
 3719	24	2	2 22 
 3720	24	2	2 22 
 3721	24	2	22 2 
 3722	24	2	2 22 
 3723	24	2	24 0 
 3724	24	2	24 0 
 3725	24	2	24 0 
 3726	24	2	24 0 
 3727	24	2	24 0 
 3728	24	2	24 0 
 3729	24	2	24 0 
 3730	24	2	24 0 
 3731	24	2	24 0 
 3732	24	2	23 1 
 3733	24	2	20 4 
 3734	24	2	21 3 
 3735	24	2	23 1 
 3736	24	2	19 5 
 3737	24	2	24 0 
 3738	24	2	5 19 
 3739	24	2	22 2 
 3740	24	2	22 2 
 3741	24	2	22 2 
 3742	24	2	20 4 
 3743	24	2	24 0 
 3744	24	2	22 2 
 3745	24	2	24 0 
 3746	24	2	2 22 
 3747	24	2	24 0 
 3748	24	2	24 0 
 3749	24	2	19 5 
 3750	24	2	24 0 
 3751	24	2	24 0 
 3752	24	2	24 0 
 3753	24	2	24 0 
 3754	24	2	24 0 
 3755	24	2	24 0 
 3756	24	2	24 0 
 3757	24	2	24 0 
 3758	24	2	24 0 
 3759	24	2	10 14 
 3760	24	2	7 17 
 3761	24	2	24 0 
 3762	24	2	23 1 
 3763	24	2	24 0 
 3764	24	2	20 4 
 3765	24	2	24 0 
 3766	24	2	24 0 
 3767	24	2	22 2 
 3768	24	2	22 2 
 3769	24	2	24 0 
 3770	24	2	24 0 
 3771	24	2	22 2 
 3772	24	2	24 0 
 3773	24	2	24 0 
 3774	24	2	22 2 
 3775	24	2	24 0 
 3776	24	2	24 0 
 3777	24	2	17 7 
 3778	24	2	17 7 
 3779	24	2	18 6 
 3780	24	2	24 0 
 3781	24	2	18 6 
 3782	24	2	17 7 
 3783	24	2	21 3 
 3784	24	2	21 3 
 3785	24	2	22 2 
 3786	24	2	14 10 
 3787	24	2	24 0 
 3788	24	2	24 0 
 3789	24	2	21 3 
 3790	24	2	21 3 
 3791	24	2	24 0 
 3792	24	2	20 4 
 3793	24	2	24 0 
 3794	24	2	23 1 
 3795	24	2	24 0 
 3796	24	2	24 0 
 3797	24	2	24 0 
 3798	24	2	23 1 
 3799	24	2	5 19 
 3800	24	2	24 0 
 3801	24	2	21 3 
 3802	24	2	23 1 
 3803	24	2	24 0 
 3804	24	2	24 0 
 3805	24	2	24 0 
 3806	24	2	24 0 
 3807	24	2	24 0 
 3808	24	2	24 0 
 3809	24	2	24 0 
 3810	24	2	16 8 
 3811	24	2	8 16 
 3812	24	2	8 16 
 3813	24	2	8 16 
 3814	24	2	8 16 
 3815	24	2	24 0 
 3816	24	2	24 0 
 3817	24	2	24 0 
 3818	24	2	24 0 
 3819	24	2	24 0 
 3820	24	2	24 0 
 3821	24	2	19 5 
 3822	24	2	24 0 
 3823	24	2	24 0 
 3824	24	2	24 0 
 3825	24	2	24 0 
 3826	24	2	24 0 
 3827	24	2	24 0 
 3828	24	2	24 0 
 3829	24	2	24 0 
 3830	24	2	24 0 
 3831	24	2	24 0 
 3832	24	2	23 1 
 3833	24	2	24 0 
 3834	24	2	23 1 
 3835	24	2	23 1 
 3836	24	2	20 4 
 3837	24	2	23 1 
 3838	24	2	22 2 
 3839	24	2	24 0 
 3840	24	2	24 0 
 3841	24	2	23 1 
 3842	24	2	24 0 
 3843	24	2	24 0 
 3844	24	2	0 24 
 3845	24	2	23 1 
 3846	24	2	24 0 
 3847	24	2	24 0 
 3848	24	2	24 0 
 3849	24	2	23 1 
 3850	24	2	24 0 
 3851	24	2	24 0 
 3852	24	2	23 1 
 3853	24	2	24 0 
 3854	24	2	21 3 
 3855	24	2	17 7 
 3856	24	2	24 0 
 3857	24	2	12 12 
 3858	24	2	22 2 
 3859	24	2	8 16 
 3860	24	2	24 0 
 3861	24	2	21 3 
 3862	24	2	24 0 
 3863	24	2	24 0 
 3864	24	2	21 3 
 3865	24	2	24 0 
 3866	24	2	24 0 
 3867	24	2	24 0 
 3868	24	2	24 0 
 3869	24	2	24 0 
 3870	24	2	24 0 
 3871	24	2	24 0 
 3872	24	2	24 0 
 3873	24	2	18 6 
 3874	24	2	24 0 
 3875	24	2	24 0 
 3876	24	2	24 0 
 3877	24	2	23 1 
 3878	24	2	23 1 
 3879	24	2	23 1 
 3880	24	2	24 0 
 3881	24	2	23 1 
 3882	24	2	21 3 
 3883	24	2	23 1 
 3884	24	2	24 0 
 3885	24	2	24 0 
 3886	24	2	22 2 
 3887	24	2	24 0 
 3888	24	2	22 2 
 3889	24	2	24 0 
 3890	24	2	22 2 
 3891	24	2	24 0 
 3892	24	2	22 2 
 3893	24	2	23 1 
 3894	24	2	24 0 
 3895	24	2	12 12 
 3896	24	2	24 0 
 3897	24	2	24 0 
 3898	24	2	12 12 
 3899	24	2	14 10 
 3900	24	2	24 0 
 3901	24	2	24 0 
 3902	24	2	24 0 
 3903	24	2	24 0 
 3904	24	2	24 0 
 3905	24	2	24 0 
 3906	24	2	23 1 
 3907	24	2	24 0 
 3908	24	2	0 24 
 3909	24	2	24 0 
 3910	24	2	24 0 
 3911	24	2	24 0 
 3912	24	2	24 0 
 3913	24	2	24 0 
 3914	24	2	24 0 
 3915	24	2	24 0 
 3916	24	2	24 0 
 3917	24	2	24 0 
 3918	24	2	24 0 
 3919	24	2	18 6 
 3920	24	2	23 1 
 3921	24	2	24 0 
 3922	24	2	22 2 
 3923	24	2	24 0 
 3924	24	2	24 0 
 3925	24	2	15 9 
 3926	24	2	24 0 
 3927	24	2	23 1 
 3928	24	2	23 1 
 3929	24	2	23 1 
 3930	24	2	24 0 
 3931	24	2	6 18 
 3932	24	2	23 1 
 3933	24	2	22 2 
 3934	24	2	24 0 
 3935	24	2	23 1 
 3936	24	2	23 1 
 3937	24	2	23 1 
 3938	24	2	23 1 
 3939	24	2	24 0 
 3940	24	2	23 1 
 3941	24	2	24 0 
 3942	24	2	24 0 
 3943	24	2	13 11 
 3944	24	2	24 0 
 3945	24	2	21 3 
 3946	24	2	19 5 
 3947	24	2	24 0 
 3948	24	2	4 20 
 3949	24	2	24 0 
 3950	24	2	24 0 
 3951	24	2	24 0 
 3952	24	2	23 1 
 3953	24	2	13 11 
 3954	24	2	23 1 
 3955	24	2	24 0 
 3956	24	2	24 0 
 3957	24	2	20 4 
 3958	24	2	14 10 
 3959	24	2	24 0 
 3960	24	2	23 1 
 3961	24	2	24 0 
 3962	24	2	13 11 
 3963	24	2	13 11 
 3964	24	2	23 1 
 3965	24	2	23 1 
 3966	24	2	24 0 
 3967	24	2	24 0 
 3968	24	2	23 1 
 3969	24	2	24 0 
 3970	24	2	18 6 
 3971	24	2	11 13 
 3972	24	2	13 11 
 3973	24	2	24 0 
 3974	24	2	24 0 
 3975	24	2	24 0 
 3976	24	2	24 0 
 3977	24	2	24 0 
 3978	24	2	21 3 
 3979	24	2	22 2 
 3980	24	2	24 0 
 3981	24	2	24 0 
 3982	24	2	23 1 
 3983	24	2	24 0 
 3984	24	2	23 1 
 3985	24	2	24 0 
 3986	24	2	24 0 
 3987	24	2	24 0 
 3988	24	2	24 0 
 3989	24	2	24 0 
 3990	24	2	24 0 
 3991	24	2	24 0 
 3992	24	2	24 0 
 3993	24	2	18 6 
 3994	24	2	23 1 
 3995	24	2	23 1 
 3996	24	2	24 0 
 3997	24	2	24 0 
 3998	24	2	24 0 
 3999	24	2	24 0 
 4000	24	2	24 0 
 4001	24	2	24 0 
 4002	24	2	24 0 
 4003	24	2	22 2 
 4004	24	2	17 7 
 4005	24	2	23 1 
 4006	24	2	23 1 
 4007	24	2	24 0 
 4008	24	2	24 0 
 4009	24	2	21 3 
 4010	24	2	24 0 
 4011	24	2	24 0 
 4012	24	2	24 0 
 4013	24	2	24 0 
 4014	24	2	24 0 
 4015	24	2	24 0 
 4016	24	2	24 0 
 4017	24	2	21 3 
 4018	24	2	19 5 
 4019	24	2	23 1 
 4020	24	2	24 0 
 4021	24	2	24 0 
 4022	24	2	20 4 
 4023	24	2	20 4 
 4024	24	2	24 0 
 4025	24	2	1 23 
 4026	24	2	20 4 
 4027	24	2	23 1 
 4028	24	2	24 0 
 4029	24	2	24 0 
 4030	24	2	24 0 
 4031	24	2	22 2 
 4032	24	2	13 11 
 4033	24	2	10 14 
 4034	24	2	24 0 
 4035	24	2	20 4 
 4036	24	2	24 0 
 4037	24	2	10 14 
 4038	24	2	24 0 
 4039	24	2	22 2 
 4040	24	2	24 0 
 4041	24	2	24 0 
 4042	24	2	24 0 
 4043	24	2	23 1 
 4044	24	2	24 0 
 4045	24	2	22 2 
 4046	24	2	22 2 
 4047	24	2	23 1 
 4048	24	2	23 1 
 4049	24	2	5 19 
 4050	24	2	23 1 
 4051	24	2	24 0 
 4052	24	2	23 1 
 4053	24	2	23 1 
 4054	24	2	24 0 
 4055	24	2	24 0 
 4056	24	2	24 0 
 4057	24	2	24 0 
 4058	24	2	24 0 
 4059	24	2	24 0 
 4060	24	2	23 1 
 4061	24	2	24 0 
 4062	24	2	24 0 
 4063	24	2	19 5 
 4064	24	2	24 0 
 4065	24	2	24 0 
 4066	24	2	24 0 
 4067	24	2	24 0 
 4068	24	2	24 0 
 4069	24	2	24 0 
 4070	24	2	24 0 
 4071	24	2	24 0 
 4072	24	2	24 0 
 4073	24	2	24 0 
 4074	24	2	23 1 
 4075	24	2	24 0 
 4076	24	2	24 0 
 4077	24	2	24 0 
 4078	24	2	24 0 
 4079	24	2	24 0 
 4080	24	2	24 0 
 4081	24	2	24 0 
 4082	24	2	24 0 
 4083	24	2	23 1 
 4084	24	2	24 0 
 4085	24	2	24 0 
 4086	24	2	24 0 
 4087	24	2	24 0 
 4088	24	2	24 0 
 4089	24	2	15 9 
 4090	24	2	24 0 
 4091	24	2	24 0 
 4092	24	2	24 0 
 4093	24	2	24 0 
 4094	24	2	24 0 
 4095	24	2	23 1 
 4096	24	2	24 0 
 4097	24	2	23 1 
 4098	24	2	7 17 
 4099	24	2	24 0 
 4100	24	2	22 2 
 4101	24	2	17 7 
 4102	24	2	7 17 
 4103	24	2	7 17 
 4104	24	2	24 0 
 4105	24	2	23 1 
 4106	24	2	24 0 
 4107	24	2	24 0 
 4108	24	2	19 5 
 4109	24	2	24 0 
 4110	24	2	24 0 
 4111	24	2	21 3 
 4112	24	2	22 2 
 4113	24	2	19 5 
 4114	24	2	22 2 
 4115	24	2	21 3 
 4116	24	2	22 2 
 4117	24	2	22 2 
 4118	24	2	19 5 
 4119	24	2	14 10 
 4120	24	2	21 3 
 4121	24	2	24 0 
 4122	24	2	24 0 
 4123	24	2	15 9 
 4124	24	2	21 3 
 4125	24	2	5 19 
 4126	24	2	10 14 
 4127	24	2	22 2 
 4128	24	2	23 1 
 4129	24	2	0 24 
 4130	24	2	24 0 
 4131	24	2	24 0 
 4132	24	2	24 0 
 4133	24	2	24 0 
 4134	24	2	17 7 
 4135	24	2	24 0 
 4136	24	2	23 1 
 4137	24	2	17 7 
 4138	24	2	22 2 
 4139	24	2	24 0 
 4140	24	2	24 0 
 4141	24	2	24 0 
 4142	24	2	10 14 
 4143	24	2	7 17 
 4144	24	2	24 0 
 4145	24	2	24 0 
 4146	24	2	24 0 
 4147	24	2	24 0 
 4148	24	2	0 24 
 4149	24	2	24 0 
 4150	24	2	23 1 
 4151	24	2	24 0 
 4152	24	2	24 0 
 4153	24	2	24 0 
 4154	24	2	24 0 
 4155	24	2	24 0 
 4156	24	2	22 2 
 4157	24	2	24 0 
 4158	24	2	12 12 
 4159	24	2	23 1 
 4160	24	2	22 2 
 4161	24	2	20 4 
 4162	24	2	24 0 
 4163	24	2	24 0 
 4164	24	2	17 7 
 4165	24	2	24 0 
 4166	24	2	24 0 
 4167	24	2	24 0 
 4168	24	2	17 7 
 4169	24	2	24 0 
 4170	24	2	24 0 
 4171	24	2	23 1 
 4172	24	2	23 1 
 4173	24	2	24 0 
 4174	24	2	24 0 
 4175	24	2	24 0 
 4176	24	2	14 10 
 4177	24	2	22 2 
 4178	24	2	24 0 
 4179	24	2	20 4 
 4180	24	2	14 10 
 4181	24	2	18 6 
 4182	24	2	24 0 
 4183	24	2	24 0 
 4184	24	2	24 0 
 4185	24	2	24 0 
 4186	24	2	24 0 
 4187	24	2	23 1 
 4188	24	2	24 0 
 4189	24	2	24 0 
 4190	24	2	24 0 
 4191	24	2	24 0 
 4192	24	2	24 0 
 4193	24	2	24 0 
 4194	24	2	24 0 
 4195	24	2	24 0 
 4196	24	2	21 3 
 4197	24	2	22 2 
 4198	24	2	24 0 
 4199	24	2	24 0 
 4200	24	2	24 0 
 4201	24	2	24 0 
 4202	24	2	24 0 
 4203	24	2	24 0 
 4204	24	2	21 3 
 4205	24	2	21 3 
 4206	24	2	21 3 
 4207	24	2	8 16 
 4208	24	2	24 0 
 4209	24	2	6 18 
 4210	24	2	24 0 
 4211	24	2	20 4 
 4212	24	2	20 4 
 4213	24	2	24 0 
 4214	24	2	20 4 
 4215	24	2	20 4 
 4216	24	2	22 2 
 4217	24	2	10 14 
 4218	24	2	24 0 
 4219	24	2	24 0 
 4220	24	2	24 0 
 4221	24	2	24 0 
 4222	24	2	21 3 
 4223	24	2	23 1 
 4224	24	2	24 0 
 4225	24	2	12 12 
 4226	24	2	24 0 
 4227	24	2	12 12 
 4228	24	2	20 4 
 4229	24	2	19 5 
 4230	24	2	24 0 
 4231	24	2	16 8 
 4232	24	2	24 0 
 4233	24	2	24 0 
 4234	24	2	20 4 
 4235	24	2	23 1 
 4236	24	2	24 0 
 4237	24	2	24 0 
 4238	24	2	1 23 
 4239	24	2	23 1 
 4240	24	2	1 23 
 4241	24	2	1 23 
 4242	24	2	16 8 
 4243	24	2	1 23 
 4244	24	2	1 23 
 4245	24	2	23 1 
 4246	24	2	22 2 
 4247	24	2	23 1 
 4248	24	2	24 0 
 4249	24	2	23 1 
 4250	24	2	24 0 
 4251	24	2	24 0 
 4252	24	2	24 0 
 4253	24	2	24 0 
 4254	24	2	24 0 
 4255	24	2	24 0 
 4256	24	2	24 0 
 4257	24	2	24 0 
 4258	24	2	23 1 
 4259	24	2	23 1 
 4260	24	2	24 0 
 4261	24	2	23 1 
 4262	24	2	24 0 
 4263	24	2	23 1 
 4264	24	2	24 0 
 4265	24	2	23 1 
 4266	24	2	23 1 
 4267	24	2	15 9 
 4268	24	2	24 0 
 4269	24	2	23 1 
 4270	24	2	24 0 
 4271	24	2	24 0 
 4272	24	2	24 0 
 4273	24	2	24 0 
 4274	24	2	24 0 
 4275	24	2	23 1 
 4276	24	2	17 7 
 4277	24	2	24 0 
 4278	24	2	24 0 
 4279	24	2	24 0 
 4280	24	2	24 0 
 4281	24	2	23 1 
 4282	24	2	21 3 
 4283	24	2	21 3 
 4284	24	2	24 0 
 4285	24	2	23 1 
 4286	24	2	23 1 
 4287	24	2	24 0 
 4288	24	2	24 0 
 4289	24	2	20 4 
 4290	24	2	21 3 
 4291	24	2	24 0 
 4292	24	2	20 4 
 4293	24	2	24 0 
 4294	24	2	24 0 
 4295	24	2	24 0 
 4296	24	2	20 4 
 4297	24	2	24 0 
 4298	24	2	24 0 
 4299	24	2	24 0 
 4300	24	2	24 0 
 4301	24	2	19 5 
 4302	24	2	23 1 
 4303	24	2	18 6 
 4304	24	2	24 0 
 4305	24	2	0 24 
 4306	24	2	0 24 
 4307	24	2	24 0 
 4308	24	2	0 24 
 4309	24	2	18 6 
 4310	24	2	24 0 
 4311	24	2	24 0 
 4312	24	2	24 0 
 4313	24	2	24 0 
 4314	24	2	24 0 
 4315	24	2	24 0 
 4316	24	2	24 0 
 4317	24	2	24 0 
 4318	24	2	24 0 
 4319	24	2	24 0 
 4320	24	2	24 0 
 4321	24	2	18 6 
 4322	24	2	18 6 
 4323	24	2	24 0 
 4324	24	2	22 2 
 4325	24	2	24 0 
 4326	24	2	21 3 
 4327	24	2	22 2 
 4328	24	2	24 0 
 4329	24	2	12 12 
 4330	24	2	22 2 
 4331	24	2	24 0 
 4332	24	2	21 3 
 4333	24	2	24 0 
 4334	24	2	23 1 
 4335	24	2	23 1 
 4336	24	2	24 0 
 4337	24	2	23 1 
 4338	24	2	24 0 
 4339	24	2	24 0 
 4340	24	2	24 0 
 4341	24	2	24 0 
 4342	24	2	23 1 
 4343	24	2	24 0 
 4344	24	2	24 0 
 4345	24	2	20 4 
 4346	24	2	9 15 
 4347	24	2	13 11 
 4348	24	2	13 11 
 4349	24	2	24 0 
 4350	24	2	24 0 
 4351	24	2	24 0 
 4352	24	2	10 14 
 4353	24	2	18 6 
 4354	24	2	10 14 
 4355	24	2	10 14 
 4356	24	2	10 14 
 4357	24	2	21 3 
 4358	24	2	24 0 
 4359	24	2	24 0 
 4360	24	2	24 0 
 4361	24	2	21 3 
 4362	24	2	20 4 
 4363	24	2	24 0 
 4364	24	2	20 4 
 4365	24	2	20 4 
 4366	24	2	24 0 
 4367	24	2	24 0 
 4368	24	2	24 0 
 4369	24	2	24 0 
 4370	24	2	24 0 
 4371	24	2	24 0 
 4372	24	2	0 24 
 4373	24	2	24 0 
 4374	24	2	17 7 
 4375	24	2	5 19 
 4376	24	2	0 24 
 4377	24	2	22 2 
 4378	24	2	23 1 
 4379	24	2	24 0 
 4380	24	2	16 8 
 4381	24	2	24 0 
 4382	24	2	24 0 
 4383	24	2	24 0 
 4384	24	2	23 1 
 4385	24	2	22 2 
 4386	24	2	24 0 
 4387	24	2	24 0 
 4388	24	2	24 0 
 4389	24	2	23 1 
 4390	24	2	24 0 
 4391	24	2	24 0 
 4392	24	2	23 1 
 4393	24	2	24 0 
 4394	24	2	24 0 
 4395	24	2	22 2 
 4396	24	2	22 2 
 4397	24	2	24 0 
 4398	24	2	23 1 
 4399	24	2	24 0 
 4400	24	2	23 1 
 4401	24	2	24 0 
 4402	24	2	24 0 
 4403	24	2	24 0 
 4404	24	2	23 1 
 4405	24	2	24 0 
 4406	24	2	24 0 
 4407	24	2	24 0 
 4408	24	2	24 0 
 4409	24	2	23 1 
 4410	24	2	23 1 
 4411	24	2	23 1 
 4412	24	2	24 0 
 4413	24	2	22 2 
 4414	24	2	24 0 
 4415	24	2	23 1 
 4416	24	2	24 0 
 4417	24	2	23 1 
 4418	24	2	23 1 
 4419	24	2	21 3 
 4420	24	2	2 22 
 4421	24	2	3 21 
 4422	24	2	23 1 
 4423	24	2	16 8 
 4424	24	2	23 1 
 4425	24	2	24 0 
 4426	24	2	24 0 
 4427	24	2	22 2 
 4428	24	2	22 2 
 4429	24	2	23 1 
 4430	24	2	24 0 
 4431	24	2	24 0 
 4432	24	2	24 0 
 4433	24	2	22 2 
 4434	24	2	24 0 
 4435	24	2	24 0 
 4436	24	2	23 1 
 4437	24	2	19 5 
 4438	24	2	21 3 
 4439	24	2	24 0 
 4440	24	2	21 3 
 4441	24	2	22 2 
 4442	24	2	24 0 
 4443	24	2	23 1 
 4444	24	2	24 0 
 4445	24	2	23 1 
 4446	24	2	24 0 
 4447	24	2	24 0 
 4448	24	2	18 6 
 4449	24	2	24 0 
 4450	24	2	17 7 
 4451	24	2	22 2 
 4452	24	2	22 2 
 4453	24	2	22 2 
 4454	24	2	23 1 
 4455	24	2	22 2 
 4456	24	2	24 0 
 4457	24	2	20 4 
 4458	24	2	24 0 
 4459	24	2	23 1 
 4460	24	2	24 0 
 4461	24	2	24 0 
 4462	24	2	23 1 
 4463	24	2	24 0 
 4464	24	2	24 0 
 4465	24	2	22 2 
 4466	24	2	24 0 
 4467	24	2	18 6 
 4468	24	2	24 0 
 4469	24	2	24 0 
 4470	24	2	24 0 
 4471	24	2	24 0 
 4472	24	2	21 3 
 4473	24	2	24 0 
 4474	24	2	24 0 
 4475	24	2	24 0 
 4476	24	2	21 3 
 4477	24	2	21 3 
 4478	24	2	21 3 
 4479	24	2	24 0 
 4480	24	2	24 0 
 4481	24	2	21 3 
 4482	24	2	24 0 
 4483	24	2	21 3 
 4484	24	2	21 3 
 4485	24	2	21 3 
 4486	24	2	21 3 
 4487	24	2	24 0 
 4488	24	2	24 0 
 4489	24	2	19 5 
 4490	24	2	24 0 
 4491	24	2	24 0 
 4492	24	2	24 0 
 4493	24	2	16 8 
 4494	24	2	24 0 
 4495	24	2	24 0 
 4496	24	2	22 2 
 4497	24	2	9 15 
 4498	24	2	24 0 
 4499	24	2	24 0 
 4500	24	2	24 0 
 4501	24	2	24 0 
 4502	24	2	24 0 
 4503	24	2	22 2 
 4504	24	2	22 2 
 4505	24	2	22 2 
 4506	24	2	22 2 
 4507	24	2	24 0 
 4508	24	2	23 1 
 4509	24	2	22 2 
 4510	24	2	24 0 
 4511	24	2	23 1 
 4512	24	2	24 0 
 4513	24	2	22 2 
 4514	24	2	24 0 
 4515	24	2	22 2 
 4516	24	2	24 0 
 4517	24	2	19 5 
 4518	24	2	24 0 
 4519	24	2	18 6 
 4520	24	2	24 0 
 4521	24	2	24 0 
 4522	24	2	0 24 
 4523	24	2	19 5 
 4524	24	2	24 0 
 4525	24	2	24 0 
 4526	24	2	23 1 
 4527	24	2	23 1 
 4528	24	2	24 0 
 4529	24	2	24 0 
 4530	24	2	1 23 
 4531	24	2	24 0 
 4532	24	2	22 2 
 4533	24	2	22 2 
 4534	24	2	24 0 
 4535	24	2	22 2 
 4536	24	2	22 2 
 4537	24	2	24 0 
 4538	24	2	24 0 
 4539	24	2	24 0 
 4540	24	2	24 0 
 4541	24	2	24 0 
 4542	24	2	24 0 
 4543	24	2	24 0 
 4544	24	2	24 0 
 4545	24	2	24 0 
 4546	24	2	8 16 
 4547	24	2	24 0 
 4548	24	2	16 8 
 4549	24	2	24 0 
 4550	24	2	16 8 
 4551	24	2	24 0 
 4552	24	2	24 0 
 4553	24	2	22 2 
 4554	24	2	24 0 
 4555	24	2	22 2 
 4556	24	2	24 0 
 4557	24	2	24 0 
 4558	24	2	23 1 
 4559	24	2	24 0 
 4560	24	2	24 0 
 4561	24	2	24 0 
 4562	24	2	24 0 
 4563	24	2	24 0 
 4564	24	2	24 0 
 4565	24	2	24 0 
 4566	24	2	24 0 
 4567	24	2	24 0 
 4568	24	2	24 0 
 4569	24	2	24 0 
 4570	24	2	21 3 
 4571	24	2	18 6 
 4572	24	2	23 1 
 4573	24	2	15 9 
 4574	24	2	24 0 
 4575	24	2	24 0 
 4576	24	2	24 0 
 4577	24	2	22 2 
 4578	24	2	24 0 
 4579	24	2	21 3 
 4580	24	2	22 2 
 4581	24	2	24 0 
 4582	24	2	9 15 
 4583	24	2	22 2 
 4584	24	2	24 0 
 4585	24	2	18 6 
 4586	24	2	22 2 
 4587	24	2	22 2 
 4588	24	2	24 0 
 4589	24	2	23 1 
 4590	24	2	18 6 
 4591	24	2	22 2 
 4592	24	2	24 0 
 4593	24	2	23 1 
 4594	24	2	24 0 
 4595	24	2	22 2 
 4596	24	2	24 0 
 4597	24	2	23 1 
 4598	24	2	24 0 
 4599	24	2	24 0 
 4600	24	2	23 1 
 4601	24	2	24 0 
 4602	24	2	23 1 
 4603	24	2	24 0 
 4604	24	2	23 1 
 4605	24	2	16 8 
 4606	24	2	24 0 
 4607	24	2	24 0 
 4608	24	2	23 1 
 4609	24	2	24 0 
 4610	24	2	24 0 
 4611	24	2	24 0 
 4612	24	2	23 1 
 4613	24	2	22 2 
 4614	24	2	21 3 
 4615	24	2	14 10 
 4616	24	2	24 0 
 4617	24	2	24 0 
 4618	24	2	24 0 
 4619	24	2	24 0 
 4620	24	2	24 0 
 4621	24	2	24 0 
 4622	24	2	11 13 
 4623	24	2	20 4 
 4624	24	2	11 13 
 4625	24	2	11 13 
 4626	24	2	21 3 
 4627	24	2	21 3 
 4628	24	2	21 3 
 4629	24	2	21 3 
 4630	24	2	3 21 
 4631	24	2	24 0 
 4632	24	2	24 0 
 4633	24	2	24 0 
 4634	24	2	22 2 
 4635	24	2	23 1 
 4636	24	2	24 0 
 4637	24	2	19 5 
 4638	24	2	24 0 
 4639	24	2	19 5 
 4640	24	2	3 21 
 4641	24	2	24 0 
 4642	24	2	8 16 
 4643	24	2	24 0 
 4644	24	2	0 24 
 4645	24	2	16 8 
 4646	24	2	24 0 
 4647	24	2	16 8 
 4648	24	2	16 8 
 4649	24	2	24 0 
 4650	24	2	24 0 
 4651	24	2	24 0 
 4652	24	2	24 0 
 4653	24	2	23 1 
 4654	24	2	24 0 
 4655	24	2	23 1 
 4656	24	2	24 0 
 4657	24	2	24 0 
 4658	24	2	24 0 
 4659	24	2	21 3 
 4660	24	2	24 0 
 4661	24	2	23 1 
 4662	24	2	24 0 
 4663	24	2	24 0 
 4664	24	2	24 0 
 4665	24	2	24 0 
 4666	24	2	24 0 
 4667	24	2	24 0 
 4668	24	2	24 0 
 4669	24	2	24 0 
 4670	24	2	24 0 
 4671	24	2	24 0 
 4672	24	2	24 0 
 4673	24	2	24 0 
 4674	24	2	24 0 
 4675	24	2	24 0 
 4676	24	2	24 0 
 4677	24	2	15 9 
 4678	24	2	17 7 
 4679	24	2	24 0 
 4680	24	2	24 0 
 4681	24	2	23 1 
 4682	24	2	24 0 
 4683	24	2	24 0 
 4684	24	2	22 2 
 4685	24	2	24 0 
 4686	24	2	24 0 
 4687	24	2	24 0 
 4688	24	2	22 2 
 4689	24	2	24 0 
 4690	24	2	24 0 
 4691	24	2	20 4 
 4692	24	2	23 1 
 4693	24	2	22 2 
 4694	24	2	19 5 
 4695	24	2	19 5 
 4696	24	2	5 19 
 4697	24	2	0 24 
 4698	24	2	18 6 
 4699	24	2	21 3 
 4700	24	2	24 0 
 4701	24	2	24 0 
 4702	24	2	24 0 
 4703	24	2	23 1 
 4704	24	2	24 0 
 4705	24	2	22 2 
 4706	24	2	24 0 
 4707	24	2	24 0 
 4708	24	2	24 0 
 4709	24	2	22 2 
 4710	24	2	4 20 
 4711	24	2	24 0 
 4712	24	2	22 2 
 4713	24	2	18 6 
 4714	24	2	24 0 
 4715	24	2	24 0 
 4716	24	2	24 0 
 4717	24	2	24 0 
 4718	24	2	24 0 
 4719	24	2	24 0 
 4720	24	2	24 0 
 4721	24	2	24 0 
 4722	24	2	24 0 
 4723	24	2	24 0 
 4724	24	2	20 4 
 4725	24	2	24 0 
 4726	24	2	24 0 
 4727	24	2	23 1 
 4728	24	2	24 0 
 4729	24	2	24 0 
 4730	24	2	24 0 
 4731	24	2	24 0 
 4732	24	2	24 0 
 4733	24	2	20 4 
 4734	24	2	24 0 
 4735	24	2	24 0 
 4736	24	2	17 7 
 4737	24	2	24 0 
 4738	24	2	23 1 
 4739	24	2	24 0 
 4740	24	2	14 10 
 4741	24	2	24 0 
 4742	24	2	14 10 
 4743	24	2	14 10 
 4744	24	2	24 0 
 4745	24	2	14 10 
 4746	24	2	22 2 
 4747	24	2	24 0 
 4748	24	2	24 0 
 4749	24	2	24 0 
 4750	24	2	19 5 
 4751	24	2	24 0 
 4752	24	2	21 3 
 4753	24	2	24 0 
 4754	24	2	24 0 
 4755	24	2	21 3 
 4756	24	2	0 24 
 4757	24	2	24 0 
 4758	24	2	23 1 
 4759	24	2	21 3 
 4760	24	2	22 2 
 4761	24	2	23 1 
 4762	24	2	24 0 
 4763	24	2	24 0 
 4764	24	2	24 0 
 4765	24	2	24 0 
 4766	24	2	24 0 
 4767	24	2	24 0 
 4768	24	2	24 0 
 4769	24	2	24 0 
 4770	24	2	24 0 
 4771	24	2	24 0 
 4772	24	2	23 1 
 4773	24	2	23 1 
 4774	24	2	24 0 
 4775	24	2	24 0 
 4776	24	2	24 0 
 4777	24	2	24 0 
 4778	24	2	23 1 
 4779	24	2	23 1 
 4780	24	2	24 0 
 4781	24	2	24 0 
 4782	24	2	18 6 
 4783	24	2	15 9 
 4784	24	2	24 0 
 4785	24	2	24 0 
 4786	24	2	24 0 
 4787	24	2	24 0 
 4788	24	2	8 16 
 4789	24	2	15 9 
 4790	24	2	15 9 
 4791	24	2	23 1 
 4792	24	2	24 0 
 4793	24	2	23 1 
 4794	24	2	24 0 
 4795	24	2	24 0 
 4796	24	2	24 0 
 4797	24	2	24 0 
 4798	24	2	24 0 
 4799	24	2	24 0 
 4800	24	2	24 0 
 4801	24	2	21 3 
 4802	24	2	21 3 
 4803	24	2	22 2 
 4804	24	2	20 4 
 4805	24	2	24 0 
 4806	24	2	17 7 
 4807	24	2	24 0 
 4808	24	2	24 0 
 4809	24	2	24 0 
 4810	24	2	24 0 
 4811	24	2	22 2 
 4812	24	2	24 0 
 4813	24	2	0 24 
 4814	24	2	24 0 
 4815	24	2	24 0 
 4816	24	2	24 0 
 4817	24	2	24 0 
 4818	24	2	24 0 
 4819	24	2	23 1 
 4820	24	2	24 0 
 4821	24	2	19 5 
 4822	24	2	23 1 
 4823	24	2	23 1 
 4824	24	2	19 5 
 4825	24	2	24 0 
 4826	24	2	24 0 
 4827	24	2	24 0 
 4828	24	2	24 0 
 4829	24	2	24 0 
 4830	24	2	24 0 
 4831	24	2	18 6 
 4832	24	2	24 0 
 4833	24	2	24 0 
 4834	24	2	21 3 
 4835	24	2	13 11 
 4836	24	2	13 11 
 4837	24	2	13 11 
 4838	24	2	11 13 
 4839	24	2	11 13 
 4840	24	2	11 13 
 4841	24	2	21 3 
 4842	24	2	8 16 
 4843	24	2	24 0 
 4844	24	2	24 0 
 4845	24	2	24 0 
 4846	24	2	24 0 
 4847	24	2	24 0 
 4848	24	2	24 0 
 4849	24	2	24 0 
 4850	24	2	24 0 
 4851	24	2	20 4 
 4852	24	2	24 0 
 4853	24	2	24 0 
 4854	24	2	24 0 
 4855	24	2	14 10 
 4856	24	2	24 0 
 4857	24	2	14 10 
 4858	24	2	24 0 
 4859	24	2	24 0 
 4860	24	2	23 1 
 4861	24	2	24 0 
 4862	24	2	15 9 
 4863	24	2	24 0 
 4864	24	2	23 1 
 4865	24	2	24 0 
 4866	24	2	24 0 
 4867	24	2	24 0 
 4868	24	2	23 1 
 4869	24	2	23 1 
 4870	24	2	23 1 
 4871	24	2	23 1 
 4872	24	2	15 9 
 4873	24	2	24 0 
 4874	24	2	24 0 
 4875	24	2	24 0 
 4876	24	2	21 3 
 4877	24	2	24 0 
 4878	24	2	21 3 
 4879	24	2	23 1 
 4880	24	2	21 3 
 4881	24	2	24 0 
 4882	24	2	23 1 
 4883	24	2	24 0 
 4884	24	2	24 0 
 4885	24	2	24 0 
 4886	24	2	24 0 
 4887	24	2	24 0 
 4888	24	2	24 0 
 4889	24	2	1 23 
 4890	24	2	10 14 
 4891	24	2	10 14 
 4892	24	2	23 1 
 4893	24	2	10 14 
 4894	24	2	21 3 
 4895	24	2	19 5 
 4896	24	2	21 3 
 4897	24	2	19 5 
 4898	24	2	19 5 
 4899	24	2	16 8 
 4900	24	2	24 0 
 4901	24	2	24 0 
 4902	24	2	24 0 
 4903	24	2	24 0 
 4904	24	2	21 3 
 4905	24	2	24 0 
 4906	24	2	23 1 
 4907	24	2	24 0 
 4908	24	2	24 0 
 4909	24	2	24 0 
 4910	24	2	24 0 
 4911	24	2	24 0 
 4912	24	2	24 0 
 4913	24	2	24 0 
 4914	24	2	24 0 
 4915	24	2	23 1 
 4916	24	2	23 1 
 4917	24	2	23 1 
 4918	24	2	22 2 
 4919	24	2	24 0 
 4920	24	2	24 0 
 4921	24	2	14 10 
 4922	24	2	24 0 
 4923	24	2	24 0 
 4924	24	2	24 0 
 4925	24	2	7 17 
 4926	24	2	24 0 
 4927	24	2	17 7 
 4928	24	2	22 2 
 4929	24	2	24 0 
 4930	24	2	20 4 
 4931	24	2	24 0 
 4932	24	2	24 0 
 4933	24	2	24 0 
 4934	24	2	24 0 
 4935	24	2	24 0 
 4936	24	2	24 0 
 4937	24	2	21 3 
 4938	24	2	22 2 
 4939	24	2	22 2 
 4940	24	2	21 3 
 4941	24	2	24 0 
 4942	24	2	11 13 
 4943	24	2	11 13 
 4944	24	2	11 13 
 4945	24	2	24 0 
 4946	24	2	21 3 
 4947	24	2	24 0 
 4948	24	2	21 3 
 4949	24	2	23 1 
 4950	24	2	18 6 
 4951	24	2	23 1 
 4952	24	2	23 1 
 4953	24	2	0 24 
 4954	24	2	24 0 
 4955	24	2	19 5 
 4956	24	2	24 0 
 4957	24	2	24 0 
 4958	24	2	24 0 
 4959	24	2	24 0 
 4960	24	2	24 0 
 4961	24	2	24 0 
 4962	24	2	4 20 
 4963	24	2	20 4 
 4964	24	2	24 0 
 4965	24	2	19 5 
 4966	24	2	24 0 
 4967	24	2	24 0 
 4968	24	2	24 0 
 4969	24	2	24 0 
 4970	24	2	24 0 
 4971	24	2	24 0 
 4972	24	2	18 6 
 4973	24	2	18 6 
 4974	24	2	18 6 
 4975	24	2	23 1 
 4976	24	2	24 0 
 4977	24	2	24 0 
 4978	24	2	24 0 
 4979	24	2	23 1 
 4980	24	2	23 1 
 4981	24	2	24 0 
 4982	24	2	8 16 
 4983	24	2	9 15 
 4984	24	2	24 0 
 4985	24	2	21 3 
 4986	24	2	24 0 
 4987	24	2	24 0 
 4988	24	2	0 24 
 4989	24	2	18 6 
 4990	24	2	24 0 
 4991	24	2	14 10 
 4992	24	2	22 2 
 4993	24	2	22 2 
 4994	24	2	23 1 
 4995	24	2	23 1 
 4996	24	2	21 3 
 4997	24	2	24 0 
 4998	24	2	17 7 
 4999	24	2	23 1 
 5000	24	2	24 0 
 5001	24	2	23 1 
 5002	24	2	24 0 
 5003	24	2	24 0 
 5004	24	2	24 0 
 5005	24	2	24 0 
 5006	24	2	24 0 
 5007	24	2	24 0 
 5008	24	2	18 6 
 5009	24	2	17 7 
 5010	24	2	18 6 
 5011	24	2	24 0 
 5012	24	2	24 0 
 5013	24	2	23 1 
 5014	24	2	24 0 
 5015	24	2	24 0 
 5016	24	2	24 0 
 5017	24	2	23 1 
 5018	24	2	24 0 
 5019	24	2	24 0 
 5020	24	2	24 0 
 5021	24	2	24 0 
 5022	24	2	24 0 
 5023	24	2	23 1 
 5024	24	2	24 0 
 5025	24	2	24 0 
 5026	24	2	24 0 
 5027	24	2	24 0 
 5028	24	2	24 0 
 5029	24	2	24 0 
 5030	24	2	24 0 
 5031	24	2	22 2 
 5032	24	2	24 0 
 5033	24	2	24 0 
 5034	24	2	24 0 
 5035	24	2	4 20 
 5036	24	2	4 20 
 5037	24	2	24 0 
 5038	24	2	4 20 
 5039	24	2	24 0 
 5040	24	2	24 0 
 5041	24	2	24 0 
 5042	24	2	24 0 
 5043	24	2	24 0 
 5044	24	2	22 2 
 5045	24	2	15 9 
 5046	24	2	22 2 
 5047	24	2	22 2 
 5048	24	2	24 0 
 5049	24	2	15 9 
 5050	24	2	15 9 
 5051	24	2	24 0 
 5052	24	2	24 0 
 5053	24	2	22 2 
 5054	24	2	24 0 
 5055	24	2	24 0 
 5056	24	2	24 0 
 5057	24	2	24 0 
 5058	24	2	24 0 
 5059	24	2	24 0 
 5060	24	2	24 0 
 5061	24	2	24 0 
 5062	24	2	23 1 
 5063	24	2	23 1 
 5064	24	2	24 0 
 5065	24	2	24 0 
 5066	24	2	23 1 
 5067	24	2	23 1 
 5068	24	2	24 0 
 5069	24	2	21 3 
 5070	24	2	23 1 
 5071	24	2	13 11 
 5072	24	2	24 0 
 5073	24	2	24 0 
 5074	24	2	24 0 
 5075	24	2	24 0 
 5076	24	2	24 0 
 5077	24	2	24 0 
 5078	24	2	24 0 
 5079	24	2	1 23 
 5080	24	2	14 10 
 5081	24	2	24 0 
 5082	24	2	24 0 
 5083	24	2	13 11 
 5084	24	2	13 11 
 5085	24	2	24 0 
 5086	24	2	24 0 
 5087	24	2	24 0 
 5088	24	2	1 23 
 5089	24	2	24 0 
 5090	24	2	24 0 
 5091	24	2	21 3 
 5092	24	2	24 0 
 5093	24	2	21 3 
 5094	24	2	21 3 
 5095	24	2	22 2 
 5096	24	2	24 0 
 5097	24	2	24 0 
 5098	24	2	23 1 
 5099	24	2	0 24 
 5100	24	2	18 6 
 5101	24	2	24 0 
 5102	24	2	0 24 
 5103	24	2	0 24 
 5104	24	2	24 0 
 5105	24	2	4 20 
 5106	24	2	21 3 
 5107	24	2	24 0 
 5108	24	2	0 24 
 5109	24	2	24 0 
 5110	24	2	24 0 
 5111	24	2	24 0 
 5112	24	2	24 0 
 5113	24	2	24 0 
 5114	24	2	24 0 
 5115	24	2	24 0 
 5116	24	2	23 1 
 5117	24	2	24 0 
 5118	24	2	16 8 
 5119	24	2	23 1 
 5120	24	2	23 1 
 5121	24	2	24 0 
 5122	24	2	24 0 
 5123	24	2	24 0 
 5124	24	2	21 3 
 5125	24	2	24 0 
 5126	24	2	23 1 
 5127	24	2	24 0 
 5128	24	2	24 0 
 5129	24	2	23 1 
 5130	24	2	21 3 
 5131	24	2	24 0 
 5132	24	2	24 0 
 5133	24	2	24 0 
 5134	24	2	24 0 
 5135	24	2	24 0 
 5136	24	2	24 0 
 5137	24	2	19 5 
 5138	24	2	24 0 
 5139	24	2	24 0 
 5140	24	2	23 1 
 5141	24	2	24 0 
 5142	24	2	24 0 
 5143	24	2	24 0 
 5144	24	2	24 0 
 5145	24	2	6 18 
 5146	24	2	7 17 
 5147	24	2	24 0 
 5148	24	2	24 0 
 5149	24	2	22 2 
 5150	24	2	1 23 
 5151	24	2	7 17 
 5152	24	2	24 0 
 5153	24	2	1 23 
 5154	24	2	24 0 
 5155	24	2	15 9 
 5156	24	2	24 0 
 5157	24	2	24 0 
 5158	24	2	24 0 
 5159	24	2	24 0 
 5160	24	2	24 0 
 5161	24	2	24 0 
 5162	24	2	23 1 
 5163	24	2	23 1 
 5164	24	2	24 0 
 5165	24	2	24 0 
 5166	24	2	22 2 
 5167	24	2	24 0 
 5168	24	2	24 0 
 5169	24	2	0 24 
 5170	24	2	24 0 
 5171	24	2	0 24 
 5172	24	2	24 0 
 5173	24	2	24 0 
 5174	24	2	24 0 
 5175	24	2	24 0 
 5176	24	2	24 0 
 5177	24	2	24 0 
 5178	24	2	24 0 
 5179	24	2	21 3 
 5180	24	2	14 10 
 5181	24	2	10 14 
 5182	24	2	0 24 
 5183	24	2	24 0 
 5184	24	2	24 0 
 5185	24	2	24 0 
 5186	24	2	6 18 
 5187	24	2	6 18 
 5188	24	2	24 0 
 5189	24	2	23 1 
 5190	24	2	24 0 
 5191	24	2	6 18 
 5192	24	2	20 4 
 5193	24	2	6 18 
 5194	24	2	1 23 
 5195	24	2	20 4 
 5196	24	2	24 0 
 5197	24	2	24 0 
 5198	24	2	24 0 
 5199	24	2	24 0 
 5200	24	2	20 4 
 5201	24	2	5 19 
 5202	24	2	1 23 
 5203	24	2	24 0 
 5204	24	2	24 0 
 5205	24	2	24 0 
 5206	24	2	24 0 
 5207	24	2	23 1 
 5208	24	2	24 0 
 5209	24	2	24 0 
 5210	24	2	6 18 
 5211	24	2	24 0 
 5212	24	2	7 17 
 5213	24	2	6 18 
 5214	24	2	16 8 
 5215	24	2	23 1 
 5216	24	2	16 8 
 5217	24	2	23 1 
 5218	24	2	24 0 
 5219	24	2	24 0 
 5220	24	2	24 0 
 5221	24	2	24 0 
 5222	24	2	24 0 
 5223	24	2	16 8 
 5224	24	2	24 0 
 5225	24	2	24 0 
 5226	24	2	24 0 
 5227	24	2	24 0 
 5228	24	2	22 2 
 5229	24	2	20 4 
 5230	24	2	21 3 
 5231	24	2	16 8 
 5232	24	2	24 0 
 5233	24	2	24 0 
 5234	24	2	14 10 
 5235	24	2	0 24 
 5236	24	2	6 18 
 5237	24	2	18 6 
 5238	24	2	24 0 
 5239	24	2	12 12 
 5240	24	2	23 1 
 5241	24	2	24 0 
 5242	24	2	24 0 
 5243	24	2	12 12 
 5244	24	2	19 5 
 5245	24	2	19 5 
 5246	24	2	23 1 
 5247	24	2	19 5 
 5248	24	2	24 0 
 5249	24	2	24 0 
 5250	24	2	24 0 
 5251	24	2	23 1 
 5252	24	2	1 23 
 5253	24	2	12 12 
 5254	24	2	20 4 
 5255	24	2	24 0 
 5256	24	2	24 0 
 5257	24	2	24 0 
 5258	24	2	24 0 
 5259	24	2	18 6 
 5260	24	2	24 0 
 5261	24	2	24 0 
 5262	24	2	24 0 
 5263	24	2	23 1 
 5264	24	2	24 0 
 5265	24	2	24 0 
 5266	24	2	18 6 
 5267	24	2	17 7 
 5268	24	2	23 1 
 5269	24	2	23 1 
 5270	24	2	24 0 
 5271	24	2	18 6 
 5272	24	2	5 19 
 5273	24	2	24 0 
 5274	24	2	5 19 
 5275	24	2	23 1 
 5276	24	2	24 0 
 5277	24	2	24 0 
 5278	24	2	24 0 
 5279	24	2	24 0 
 5280	24	2	24 0 
 5281	24	2	24 0 
 5282	24	2	22 2 
 5283	24	2	24 0 
 5284	24	2	23 1 
 5285	24	2	24 0 
 5286	24	2	20 4 
 5287	24	2	24 0 
 5288	24	2	24 0 
 5289	24	2	24 0 
 5290	24	2	24 0 
 5291	24	2	24 0 
 5292	24	2	8 16 
 5293	24	2	11 13 
 5294	24	2	24 0 
 5295	24	2	23 1 
 5296	24	2	21 3 
 5297	24	2	21 3 
 5298	24	2	24 0 
 5299	24	2	24 0 
 5300	24	2	24 0 
 5301	24	2	24 0 
 5302	24	2	24 0 
 5303	24	2	24 0 
 5304	24	2	21 3 
 5305	24	2	24 0 
 5306	24	2	24 0 
 5307	24	2	0 24 
 5308	24	2	24 0 
 5309	24	2	24 0 
 5310	24	2	24 0 
 5311	24	2	24 0 
 5312	24	2	24 0 
 5313	24	2	24 0 
 5314	24	2	24 0 
 5315	24	2	24 0 
 5316	24	2	22 2 
 5317	24	2	24 0 
 5318	24	2	24 0 
 5319	24	2	24 0 
 5320	24	2	24 0 
 5321	24	2	24 0 
 5322	24	2	24 0 
 5323	24	2	23 1 
 5324	24	2	24 0 
 5325	24	2	24 0 
 5326	24	2	21 3 
 5327	24	2	24 0 
 5328	24	2	24 0 
 5329	24	2	22 2 
 5330	24	2	24 0 
 5331	24	2	22 2 
 5332	24	2	24 0 
 5333	24	2	21 3 
 5334	24	2	20 4 
 5335	24	2	24 0 
 5336	24	2	4 20 
 5337	24	2	4 20 
 5338	24	2	24 0 
 5339	24	2	24 0 
 5340	24	2	24 0 
 5341	24	2	24 0 
 5342	24	2	23 1 
 5343	24	2	18 6 
 5344	24	2	7 17 
 5345	24	2	24 0 
 5346	24	2	24 0 
 5347	24	2	1 23 
 5348	24	2	24 0 
 5349	24	2	12 12 
 5350	24	2	24 0 
 5351	24	2	21 3 
 5352	24	2	24 0 
 5353	24	2	23 1 
 5354	24	2	23 1 
 5355	24	2	24 0 
 5356	24	2	24 0 
 5357	24	2	23 1 
 5358	24	2	24 0 
 5359	24	2	24 0 
 5360	24	2	24 0 
 5361	24	2	24 0 
 5362	24	2	24 0 
 5363	24	2	24 0 
 5364	24	2	23 1 
 5365	24	2	24 0 
 5366	24	2	24 0 
 5367	24	2	24 0 
 5368	24	2	24 0 
 5369	24	2	24 0 
 5370	24	2	24 0 
 5371	24	2	24 0 
 5372	24	2	24 0 
 5373	24	2	24 0 
 5374	24	2	24 0 
 5375	24	2	23 1 
 5376	24	2	23 1 
 5377	24	2	23 1 
 5378	24	2	24 0 
 5379	24	2	24 0 
 5380	24	2	24 0 
 5381	24	2	24 0 
 5382	24	2	19 5 
 5383	24	2	19 5 
 5384	24	2	19 5 
 5385	24	2	22 2 
 5386	24	2	21 3 
 5387	24	2	24 0 
 5388	24	2	24 0 
 5389	24	2	16 8 
 5390	24	2	23 1 
 5391	24	2	16 8 
 5392	24	2	24 0 
 5393	24	2	24 0 
 5394	24	2	18 6 
 5395	24	2	21 3 
 5396	24	2	24 0 
 5397	24	2	24 0 
 5398	24	2	24 0 
 5399	24	2	24 0 
 5400	24	2	24 0 
 5401	24	2	24 0 
 5402	24	2	24 0 
 5403	24	2	24 0 
 5404	24	2	22 2 
 5405	24	2	24 0 
 5406	24	2	22 2 
 5407	24	2	24 0 
 5408	24	2	24 0 
 5409	24	2	22 2 
 5410	24	2	23 1 
 5411	24	2	21 3 
 5412	24	2	23 1 
 5413	24	2	24 0 
 5414	24	2	23 1 
 5415	24	2	24 0 
 5416	24	2	21 3 
 5417	24	2	24 0 
 5418	24	2	22 2 
 5419	24	2	23 1 
 5420	24	2	23 1 
 5421	24	2	23 1 
 5422	24	2	18 6 
 5423	24	2	21 3 
 5424	24	2	24 0 
 5425	24	2	24 0 
 5426	24	2	24 0 

[pop]=8
 1	20	2	15 5 
 2	20	2	20 0 
 3	20	2	15 5 
 4	20	2	16 4 
 5	20	2	20 0 
 6	20	2	20 0 
 7	20	2	19 1 
 8	20	2	19 1 
 9	20	2	19 1 
 10	20	2	19 1 
 11	20	2	15 5 
 12	20	2	15 5 
 13	20	2	17 3 
 14	20	2	19 1 
 15	20	2	19 1 
 16	20	2	20 0 
 17	20	2	18 2 
 18	20	2	18 2 
 19	20	2	20 0 
 20	20	2	20 0 
 21	20	2	20 0 
 22	20	2	19 1 
 23	20	2	15 5 
 24	20	2	20 0 
 25	20	2	20 0 
 26	20	2	20 0 
 27	20	2	20 0 
 28	20	2	12 8 
 29	20	2	19 1 
 30	20	2	20 0 
 31	20	2	20 0 
 32	20	2	19 1 
 33	20	2	20 0 
 34	20	2	20 0 
 35	20	2	12 8 
 36	20	2	17 3 
 37	20	2	18 2 
 38	20	2	18 2 
 39	20	2	20 0 
 40	20	2	20 0 
 41	20	2	12 8 
 42	20	2	20 0 
 43	20	2	7 13 
 44	20	2	20 0 
 45	20	2	20 0 
 46	20	2	20 0 
 47	20	2	20 0 
 48	20	2	17 3 
 49	20	2	20 0 
 50	20	2	20 0 
 51	20	2	19 1 
 52	20	2	19 1 
 53	20	2	20 0 
 54	20	2	15 5 
 55	20	2	20 0 
 56	20	2	20 0 
 57	20	2	19 1 
 58	20	2	19 1 
 59	20	2	4 16 
 60	20	2	17 3 
 61	20	2	4 16 
 62	20	2	16 4 
 63	20	2	20 0 
 64	20	2	20 0 
 65	20	2	20 0 
 66	20	2	20 0 
 67	20	2	20 0 
 68	20	2	20 0 
 69	20	2	18 2 
 70	20	2	20 0 
 71	20	2	19 1 
 72	20	2	20 0 
 73	20	2	19 1 
 74	20	2	19 1 
 75	20	2	20 0 
 76	20	2	20 0 
 77	20	2	20 0 
 78	20	2	20 0 
 79	20	2	20 0 
 80	20	2	19 1 
 81	20	2	20 0 
 82	20	2	20 0 
 83	20	2	20 0 
 84	20	2	20 0 
 85	20	2	15 5 
 86	20	2	14 6 
 87	20	2	14 6 
 88	20	2	20 0 
 89	20	2	20 0 
 90	20	2	20 0 
 91	20	2	16 4 
 92	20	2	19 1 
 93	20	2	20 0 
 94	20	2	20 0 
 95	20	2	18 2 
 96	20	2	19 1 
 97	20	2	20 0 
 98	20	2	20 0 
 99	20	2	18 2 
 100	20	2	16 4 
 101	20	2	18 2 
 102	20	2	1 19 
 103	20	2	20 0 
 104	20	2	17 3 
 105	20	2	18 2 
 106	20	2	18 2 
 107	20	2	18 2 
 108	20	2	20 0 
 109	20	2	18 2 
 110	20	2	19 1 
 111	20	2	20 0 
 112	20	2	20 0 
 113	20	2	13 7 
 114	20	2	20 0 
 115	20	2	15 5 
 116	20	2	0 20 
 117	20	2	0 20 
 118	20	2	15 5 
 119	20	2	20 0 
 120	20	2	19 1 
 121	20	2	20 0 
 122	20	2	16 4 
 123	20	2	16 4 
 124	20	2	16 4 
 125	20	2	16 4 
 126	20	2	20 0 
 127	20	2	11 9 
 128	20	2	20 0 
 129	20	2	20 0 
 130	20	2	12 8 
 131	20	2	12 8 
 132	20	2	20 0 
 133	20	2	20 0 
 134	20	2	20 0 
 135	20	2	20 0 
 136	20	2	13 7 
 137	20	2	20 0 
 138	20	2	19 1 
 139	20	2	20 0 
 140	20	2	20 0 
 141	20	2	20 0 
 142	20	2	10 10 
 143	20	2	13 7 
 144	20	2	20 0 
 145	20	2	20 0 
 146	20	2	20 0 
 147	20	2	20 0 
 148	20	2	20 0 
 149	20	2	17 3 
 150	20	2	18 2 
 151	20	2	20 0 
 152	20	2	3 17 
 153	20	2	20 0 
 154	20	2	20 0 
 155	20	2	19 1 
 156	20	2	18 2 
 157	20	2	11 9 
 158	20	2	19 1 
 159	20	2	20 0 
 160	20	2	15 5 
 161	20	2	19 1 
 162	20	2	19 1 
 163	20	2	19 1 
 164	20	2	20 0 
 165	20	2	19 1 
 166	20	2	19 1 
 167	20	2	19 1 
 168	20	2	20 0 
 169	20	2	20 0 
 170	20	2	14 6 
 171	20	2	20 0 
 172	20	2	18 2 
 173	20	2	20 0 
 174	20	2	20 0 
 175	20	2	20 0 
 176	20	2	20 0 
 177	20	2	20 0 
 178	20	2	20 0 
 179	20	2	20 0 
 180	20	2	20 0 
 181	20	2	20 0 
 182	20	2	20 0 
 183	20	2	20 0 
 184	20	2	20 0 
 185	20	2	19 1 
 186	20	2	20 0 
 187	20	2	20 0 
 188	20	2	19 1 
 189	20	2	19 1 
 190	20	2	19 1 
 191	20	2	20 0 
 192	20	2	20 0 
 193	20	2	20 0 
 194	20	2	12 8 
 195	20	2	20 0 
 196	20	2	0 20 
 197	20	2	20 0 
 198	20	2	20 0 
 199	20	2	19 1 
 200	20	2	19 1 
 201	20	2	20 0 
 202	20	2	15 5 
 203	20	2	20 0 
 204	20	2	10 10 
 205	20	2	10 10 
 206	20	2	20 0 
 207	20	2	20 0 
 208	20	2	13 7 
 209	20	2	20 0 
 210	20	2	20 0 
 211	20	2	19 1 
 212	20	2	20 0 
 213	20	2	19 1 
 214	20	2	20 0 
 215	20	2	20 0 
 216	20	2	9 11 
 217	20	2	11 9 
 218	20	2	9 11 
 219	20	2	11 9 
 220	20	2	16 4 
 221	20	2	16 4 
 222	20	2	20 0 
 223	20	2	20 0 
 224	20	2	20 0 
 225	20	2	19 1 
 226	20	2	20 0 
 227	20	2	20 0 
 228	20	2	20 0 
 229	20	2	20 0 
 230	20	2	18 2 
 231	20	2	18 2 
 232	20	2	19 1 
 233	20	2	19 1 
 234	20	2	19 1 
 235	20	2	20 0 
 236	20	2	20 0 
 237	20	2	13 7 
 238	20	2	13 7 
 239	20	2	13 7 
 240	20	2	20 0 
 241	20	2	20 0 
 242	20	2	19 1 
 243	20	2	19 1 
 244	20	2	14 6 
 245	20	2	20 0 
 246	20	2	18 2 
 247	20	2	20 0 
 248	20	2	18 2 
 249	20	2	19 1 
 250	20	2	20 0 
 251	20	2	20 0 
 252	20	2	20 0 
 253	20	2	19 1 
 254	20	2	5 15 
 255	20	2	20 0 
 256	20	2	20 0 
 257	20	2	16 4 
 258	20	2	5 15 
 259	20	2	20 0 
 260	20	2	20 0 
 261	20	2	14 6 
 262	20	2	19 1 
 263	20	2	19 1 
 264	20	2	20 0 
 265	20	2	20 0 
 266	20	2	20 0 
 267	20	2	16 4 
 268	20	2	20 0 
 269	20	2	19 1 
 270	20	2	19 1 
 271	20	2	18 2 
 272	20	2	19 1 
 273	20	2	20 0 
 274	20	2	20 0 
 275	20	2	20 0 
 276	20	2	20 0 
 277	20	2	20 0 
 278	20	2	19 1 
 279	20	2	19 1 
 280	20	2	19 1 
 281	20	2	16 4 
 282	20	2	18 2 
 283	20	2	16 4 
 284	20	2	18 2 
 285	20	2	20 0 
 286	20	2	20 0 
 287	20	2	8 12 
 288	20	2	20 0 
 289	20	2	13 7 
 290	20	2	20 0 
 291	20	2	19 1 
 292	20	2	20 0 
 293	20	2	19 1 
 294	20	2	20 0 
 295	20	2	20 0 
 296	20	2	20 0 
 297	20	2	20 0 
 298	20	2	20 0 
 299	20	2	20 0 
 300	20	2	20 0 
 301	20	2	20 0 
 302	20	2	1 19 
 303	20	2	20 0 
 304	20	2	20 0 
 305	20	2	19 1 
 306	20	2	20 0 
 307	20	2	20 0 
 308	20	2	20 0 
 309	20	2	20 0 
 310	20	2	20 0 
 311	20	2	10 10 
 312	20	2	20 0 
 313	20	2	20 0 
 314	20	2	20 0 
 315	20	2	7 13 
 316	20	2	19 1 
 317	20	2	20 0 
 318	20	2	19 1 
 319	20	2	9 11 
 320	20	2	1 19 
 321	20	2	20 0 
 322	20	2	20 0 
 323	20	2	18 2 
 324	20	2	19 1 
 325	20	2	20 0 
 326	20	2	17 3 
 327	20	2	19 1 
 328	20	2	18 2 
 329	20	2	20 0 
 330	20	2	20 0 
 331	20	2	20 0 
 332	20	2	20 0 
 333	20	2	20 0 
 334	20	2	20 0 
 335	20	2	19 1 
 336	20	2	20 0 
 337	20	2	20 0 
 338	20	2	20 0 
 339	20	2	18 2 
 340	20	2	20 0 
 341	20	2	20 0 
 342	20	2	20 0 
 343	20	2	15 5 
 344	20	2	20 0 
 345	20	2	17 3 
 346	20	2	18 2 
 347	20	2	18 2 
 348	20	2	18 2 
 349	20	2	18 2 
 350	20	2	15 5 
 351	20	2	20 0 
 352	20	2	10 10 
 353	20	2	20 0 
 354	20	2	17 3 
 355	20	2	20 0 
 356	20	2	20 0 
 357	20	2	19 1 
 358	20	2	20 0 
 359	20	2	20 0 
 360	20	2	20 0 
 361	20	2	20 0 
 362	20	2	20 0 
 363	20	2	3 17 
 364	20	2	20 0 
 365	20	2	20 0 
 366	20	2	20 0 
 367	20	2	20 0 
 368	20	2	19 1 
 369	20	2	0 20 
 370	20	2	8 12 
 371	20	2	20 0 
 372	20	2	0 20 
 373	20	2	20 0 
 374	20	2	20 0 
 375	20	2	0 20 
 376	20	2	15 5 
 377	20	2	20 0 
 378	20	2	20 0 
 379	20	2	20 0 
 380	20	2	20 0 
 381	20	2	15 5 
 382	20	2	20 0 
 383	20	2	20 0 
 384	20	2	20 0 
 385	20	2	20 0 
 386	20	2	20 0 
 387	20	2	20 0 
 388	20	2	20 0 
 389	20	2	20 0 
 390	20	2	20 0 
 391	20	2	20 0 
 392	20	2	20 0 
 393	20	2	0 20 
 394	20	2	20 0 
 395	20	2	20 0 
 396	20	2	20 0 
 397	20	2	20 0 
 398	20	2	17 3 
 399	20	2	17 3 
 400	20	2	17 3 
 401	20	2	17 3 
 402	20	2	17 3 
 403	20	2	20 0 
 404	20	2	17 3 
 405	20	2	20 0 
 406	20	2	20 0 
 407	20	2	20 0 
 408	20	2	20 0 
 409	20	2	20 0 
 410	20	2	20 0 
 411	20	2	20 0 
 412	20	2	20 0 
 413	20	2	20 0 
 414	20	2	19 1 
 415	20	2	19 1 
 416	20	2	19 1 
 417	20	2	16 4 
 418	20	2	20 0 
 419	20	2	19 1 
 420	20	2	17 3 
 421	20	2	20 0 
 422	20	2	19 1 
 423	20	2	20 0 
 424	20	2	18 2 
 425	20	2	18 2 
 426	20	2	18 2 
 427	20	2	20 0 
 428	20	2	20 0 
 429	20	2	20 0 
 430	20	2	19 1 
 431	20	2	20 0 
 432	20	2	19 1 
 433	20	2	19 1 
 434	20	2	16 4 
 435	20	2	20 0 
 436	20	2	19 1 
 437	20	2	13 7 
 438	20	2	20 0 
 439	20	2	19 1 
 440	20	2	17 3 
 441	20	2	20 0 
 442	20	2	20 0 
 443	20	2	19 1 
 444	20	2	20 0 
 445	20	2	18 2 
 446	20	2	20 0 
 447	20	2	18 2 
 448	20	2	20 0 
 449	20	2	19 1 
 450	20	2	3 17 
 451	20	2	18 2 
 452	20	2	8 12 
 453	20	2	20 0 
 454	20	2	19 1 
 455	20	2	20 0 
 456	20	2	20 0 
 457	20	2	20 0 
 458	20	2	20 0 
 459	20	2	20 0 
 460	20	2	20 0 
 461	20	2	20 0 
 462	20	2	20 0 
 463	20	2	18 2 
 464	20	2	20 0 
 465	20	2	20 0 
 466	20	2	20 0 
 467	20	2	20 0 
 468	20	2	20 0 
 469	20	2	20 0 
 470	20	2	13 7 
 471	20	2	19 1 
 472	20	2	20 0 
 473	20	2	19 1 
 474	20	2	1 19 
 475	20	2	20 0 
 476	20	2	5 15 
 477	20	2	20 0 
 478	20	2	19 1 
 479	20	2	20 0 
 480	20	2	20 0 
 481	20	2	11 9 
 482	20	2	20 0 
 483	20	2	20 0 
 484	20	2	20 0 
 485	20	2	20 0 
 486	20	2	0 20 
 487	20	2	18 2 
 488	20	2	18 2 
 489	20	2	20 0 
 490	20	2	18 2 
 491	20	2	19 1 
 492	20	2	20 0 
 493	20	2	8 12 
 494	20	2	20 0 
 495	20	2	20 0 
 496	20	2	19 1 
 497	20	2	19 1 
 498	20	2	20 0 
 499	20	2	10 10 
 500	20	2	10 10 
 501	20	2	20 0 
 502	20	2	18 2 
 503	20	2	20 0 
 504	20	2	17 3 
 505	20	2	16 4 
 506	20	2	20 0 
 507	20	2	20 0 
 508	20	2	20 0 
 509	20	2	20 0 
 510	20	2	20 0 
 511	20	2	15 5 
 512	20	2	20 0 
 513	20	2	19 1 
 514	20	2	20 0 
 515	20	2	17 3 
 516	20	2	18 2 
 517	20	2	18 2 
 518	20	2	19 1 
 519	20	2	18 2 
 520	20	2	19 1 
 521	20	2	14 6 
 522	20	2	6 14 
 523	20	2	20 0 
 524	20	2	20 0 
 525	20	2	20 0 
 526	20	2	20 0 
 527	20	2	20 0 
 528	20	2	19 1 
 529	20	2	17 3 
 530	20	2	20 0 
 531	20	2	20 0 
 532	20	2	19 1 
 533	20	2	16 4 
 534	20	2	20 0 
 535	20	2	20 0 
 536	20	2	19 1 
 537	20	2	19 1 
 538	20	2	19 1 
 539	20	2	10 10 
 540	20	2	3 17 
 541	20	2	17 3 
 542	20	2	17 3 
 543	20	2	20 0 
 544	20	2	20 0 
 545	20	2	18 2 
 546	20	2	20 0 
 547	20	2	16 4 
 548	20	2	20 0 
 549	20	2	20 0 
 550	20	2	20 0 
 551	20	2	18 2 
 552	20	2	18 2 
 553	20	2	20 0 
 554	20	2	18 2 
 555	20	2	18 2 
 556	20	2	20 0 
 557	20	2	0 20 
 558	20	2	18 2 
 559	20	2	20 0 
 560	20	2	20 0 
 561	20	2	20 0 
 562	20	2	20 0 
 563	20	2	20 0 
 564	20	2	20 0 
 565	20	2	19 1 
 566	20	2	20 0 
 567	20	2	20 0 
 568	20	2	20 0 
 569	20	2	20 0 
 570	20	2	17 3 
 571	20	2	20 0 
 572	20	2	20 0 
 573	20	2	20 0 
 574	20	2	20 0 
 575	20	2	20 0 
 576	20	2	16 4 
 577	20	2	5 15 
 578	20	2	20 0 
 579	20	2	20 0 
 580	20	2	20 0 
 581	20	2	18 2 
 582	20	2	20 0 
 583	20	2	20 0 
 584	20	2	15 5 
 585	20	2	18 2 
 586	20	2	20 0 
 587	20	2	18 2 
 588	20	2	19 1 
 589	20	2	20 0 
 590	20	2	12 8 
 591	20	2	12 8 
 592	20	2	20 0 
 593	20	2	20 0 
 594	20	2	20 0 
 595	20	2	16 4 
 596	20	2	19 1 
 597	20	2	20 0 
 598	20	2	20 0 
 599	20	2	20 0 
 600	20	2	20 0 
 601	20	2	20 0 
 602	20	2	20 0 
 603	20	2	20 0 
 604	20	2	19 1 
 605	20	2	17 3 
 606	20	2	11 9 
 607	20	2	20 0 
 608	20	2	20 0 
 609	20	2	0 20 
 610	20	2	20 0 
 611	20	2	16 4 
 612	20	2	20 0 
 613	20	2	16 4 
 614	20	2	20 0 
 615	20	2	20 0 
 616	20	2	20 0 
 617	20	2	3 17 
 618	20	2	20 0 
 619	20	2	20 0 
 620	20	2	7 13 
 621	20	2	20 0 
 622	20	2	20 0 
 623	20	2	8 12 
 624	20	2	18 2 
 625	20	2	19 1 
 626	20	2	16 4 
 627	20	2	20 0 
 628	20	2	19 1 
 629	20	2	20 0 
 630	20	2	19 1 
 631	20	2	20 0 
 632	20	2	4 16 
 633	20	2	19 1 
 634	20	2	20 0 
 635	20	2	19 1 
 636	20	2	20 0 
 637	20	2	20 0 
 638	20	2	13 7 
 639	20	2	13 7 
 640	20	2	20 0 
 641	20	2	19 1 
 642	20	2	20 0 
 643	20	2	20 0 
 644	20	2	19 1 
 645	20	2	18 2 
 646	20	2	15 5 
 647	20	2	20 0 
 648	20	2	20 0 
 649	20	2	0 20 
 650	20	2	15 5 
 651	20	2	20 0 
 652	20	2	20 0 
 653	20	2	20 0 
 654	20	2	15 5 
 655	20	2	20 0 
 656	20	2	20 0 
 657	20	2	20 0 
 658	20	2	19 1 
 659	20	2	6 14 
 660	20	2	16 4 
 661	20	2	20 0 
 662	20	2	20 0 
 663	20	2	10 10 
 664	20	2	10 10 
 665	20	2	20 0 
 666	20	2	20 0 
 667	20	2	19 1 
 668	20	2	10 10 
 669	20	2	20 0 
 670	20	2	20 0 
 671	20	2	20 0 
 672	20	2	19 1 
 673	20	2	20 0 
 674	20	2	20 0 
 675	20	2	20 0 
 676	20	2	19 1 
 677	20	2	18 2 
 678	20	2	20 0 
 679	20	2	20 0 
 680	20	2	17 3 
 681	20	2	17 3 
 682	20	2	20 0 
 683	20	2	19 1 
 684	20	2	20 0 
 685	20	2	10 10 
 686	20	2	19 1 
 687	20	2	16 4 
 688	20	2	19 1 
 689	20	2	20 0 
 690	20	2	19 1 
 691	20	2	20 0 
 692	20	2	18 2 
 693	20	2	20 0 
 694	20	2	17 3 
 695	20	2	20 0 
 696	20	2	17 3 
 697	20	2	15 5 
 698	20	2	18 2 
 699	20	2	20 0 
 700	20	2	2 18 
 701	20	2	3 17 
 702	20	2	20 0 
 703	20	2	20 0 
 704	20	2	19 1 
 705	20	2	19 1 
 706	20	2	19 1 
 707	20	2	20 0 
 708	20	2	20 0 
 709	20	2	20 0 
 710	20	2	20 0 
 711	20	2	20 0 
 712	20	2	18 2 
 713	20	2	20 0 
 714	20	2	20 0 
 715	20	2	20 0 
 716	20	2	19 1 
 717	20	2	17 3 
 718	20	2	19 1 
 719	20	2	19 1 
 720	20	2	19 1 
 721	20	2	19 1 
 722	20	2	20 0 
 723	20	2	20 0 
 724	20	2	16 4 
 725	20	2	16 4 
 726	20	2	20 0 
 727	20	2	19 1 
 728	20	2	19 1 
 729	20	2	19 1 
 730	20	2	17 3 
 731	20	2	7 13 
 732	20	2	7 13 
 733	20	2	18 2 
 734	20	2	19 1 
 735	20	2	20 0 
 736	20	2	17 3 
 737	20	2	20 0 
 738	20	2	20 0 
 739	20	2	20 0 
 740	20	2	20 0 
 741	20	2	20 0 
 742	20	2	16 4 
 743	20	2	19 1 
 744	20	2	16 4 
 745	20	2	19 1 
 746	20	2	19 1 
 747	20	2	20 0 
 748	20	2	19 1 
 749	20	2	20 0 
 750	20	2	20 0 
 751	20	2	20 0 
 752	20	2	20 0 
 753	20	2	20 0 
 754	20	2	20 0 
 755	20	2	20 0 
 756	20	2	17 3 
 757	20	2	18 2 
 758	20	2	20 0 
 759	20	2	20 0 
 760	20	2	20 0 
 761	20	2	19 1 
 762	20	2	0 20 
 763	20	2	10 10 
 764	20	2	20 0 
 765	20	2	20 0 
 766	20	2	20 0 
 767	20	2	19 1 
 768	20	2	20 0 
 769	20	2	15 5 
 770	20	2	15 5 
 771	20	2	19 1 
 772	20	2	15 5 
 773	20	2	15 5 
 774	20	2	9 11 
 775	20	2	20 0 
 776	20	2	20 0 
 777	20	2	19 1 
 778	20	2	9 11 
 779	20	2	20 0 
 780	20	2	1 19 
 781	20	2	20 0 
 782	20	2	20 0 
 783	20	2	20 0 
 784	20	2	19 1 
 785	20	2	19 1 
 786	20	2	20 0 
 787	20	2	20 0 
 788	20	2	20 0 
 789	20	2	20 0 
 790	20	2	20 0 
 791	20	2	20 0 
 792	20	2	20 0 
 793	20	2	20 0 
 794	20	2	20 0 
 795	20	2	20 0 
 796	20	2	20 0 
 797	20	2	20 0 
 798	20	2	13 7 
 799	20	2	20 0 
 800	20	2	20 0 
 801	20	2	20 0 
 802	20	2	19 1 
 803	20	2	20 0 
 804	20	2	19 1 
 805	20	2	20 0 
 806	20	2	20 0 
 807	20	2	20 0 
 808	20	2	20 0 
 809	20	2	20 0 
 810	20	2	20 0 
 811	20	2	20 0 
 812	20	2	19 1 
 813	20	2	20 0 
 814	20	2	20 0 
 815	20	2	7 13 
 816	20	2	7 13 
 817	20	2	17 3 
 818	20	2	13 7 
 819	20	2	20 0 
 820	20	2	0 20 
 821	20	2	20 0 
 822	20	2	20 0 
 823	20	2	19 1 
 824	20	2	15 5 
 825	20	2	6 14 
 826	20	2	19 1 
 827	20	2	20 0 
 828	20	2	18 2 
 829	20	2	2 18 
 830	20	2	20 0 
 831	20	2	20 0 
 832	20	2	20 0 
 833	20	2	20 0 
 834	20	2	20 0 
 835	20	2	18 2 
 836	20	2	19 1 
 837	20	2	20 0 
 838	20	2	19 1 
 839	20	2	6 14 
 840	20	2	20 0 
 841	20	2	19 1 
 842	20	2	20 0 
 843	20	2	20 0 
 844	20	2	19 1 
 845	20	2	19 1 
 846	20	2	20 0 
 847	20	2	19 1 
 848	20	2	20 0 
 849	20	2	20 0 
 850	20	2	19 1 
 851	20	2	20 0 
 852	20	2	20 0 
 853	20	2	6 14 
 854	20	2	20 0 
 855	20	2	20 0 
 856	20	2	20 0 
 857	20	2	17 3 
 858	20	2	20 0 
 859	20	2	20 0 
 860	20	2	20 0 
 861	20	2	20 0 
 862	20	2	20 0 
 863	20	2	20 0 
 864	20	2	20 0 
 865	20	2	20 0 
 866	20	2	17 3 
 867	20	2	9 11 
 868	20	2	20 0 
 869	20	2	17 3 
 870	20	2	19 1 
 871	20	2	18 2 
 872	20	2	20 0 
 873	20	2	20 0 
 874	20	2	20 0 
 875	20	2	20 0 
 876	20	2	20 0 
 877	20	2	20 0 
 878	20	2	19 1 
 879	20	2	20 0 
 880	20	2	20 0 
 881	20	2	20 0 
 882	20	2	20 0 
 883	20	2	20 0 
 884	20	2	18 2 
 885	20	2	20 0 
 886	20	2	18 2 
 887	20	2	20 0 
 888	20	2	18 2 
 889	20	2	20 0 
 890	20	2	17 3 
 891	20	2	0 20 
 892	20	2	20 0 
 893	20	2	19 1 
 894	20	2	20 0 
 895	20	2	17 3 
 896	20	2	17 3 
 897	20	2	19 1 
 898	20	2	18 2 
 899	20	2	20 0 
 900	20	2	20 0 
 901	20	2	20 0 
 902	20	2	19 1 
 903	20	2	20 0 
 904	20	2	16 4 
 905	20	2	16 4 
 906	20	2	16 4 
 907	20	2	16 4 
 908	20	2	20 0 
 909	20	2	4 16 
 910	20	2	13 7 
 911	20	2	16 4 
 912	20	2	20 0 
 913	20	2	20 0 
 914	20	2	20 0 
 915	20	2	3 17 
 916	20	2	20 0 
 917	20	2	16 4 
 918	20	2	20 0 
 919	20	2	20 0 
 920	20	2	20 0 
 921	20	2	19 1 
 922	20	2	20 0 
 923	20	2	20 0 
 924	20	2	20 0 
 925	20	2	19 1 
 926	20	2	20 0 
 927	20	2	19 1 
 928	20	2	12 8 
 929	20	2	20 0 
 930	20	2	20 0 
 931	20	2	20 0 
 932	20	2	20 0 
 933	20	2	20 0 
 934	20	2	19 1 
 935	20	2	20 0 
 936	20	2	18 2 
 937	20	2	19 1 
 938	20	2	20 0 
 939	20	2	14 6 
 940	20	2	20 0 
 941	20	2	20 0 
 942	20	2	20 0 
 943	20	2	19 1 
 944	20	2	20 0 
 945	20	2	20 0 
 946	20	2	20 0 
 947	20	2	20 0 
 948	20	2	20 0 
 949	20	2	19 1 
 950	20	2	20 0 
 951	20	2	20 0 
 952	20	2	15 5 
 953	20	2	20 0 
 954	20	2	17 3 
 955	20	2	19 1 
 956	20	2	8 12 
 957	20	2	8 12 
 958	20	2	20 0 
 959	20	2	20 0 
 960	20	2	20 0 
 961	20	2	20 0 
 962	20	2	20 0 
 963	20	2	20 0 
 964	20	2	20 0 
 965	20	2	15 5 
 966	20	2	20 0 
 967	20	2	11 9 
 968	20	2	11 9 
 969	20	2	20 0 
 970	20	2	17 3 
 971	20	2	18 2 
 972	20	2	20 0 
 973	20	2	20 0 
 974	20	2	20 0 
 975	20	2	18 2 
 976	20	2	20 0 
 977	20	2	15 5 
 978	20	2	17 3 
 979	20	2	15 5 
 980	20	2	20 0 
 981	20	2	20 0 
 982	20	2	17 3 
 983	20	2	17 3 
 984	20	2	17 3 
 985	20	2	20 0 
 986	20	2	20 0 
 987	20	2	0 20 
 988	20	2	20 0 
 989	20	2	20 0 
 990	20	2	20 0 
 991	20	2	20 0 
 992	20	2	19 1 
 993	20	2	20 0 
 994	20	2	20 0 
 995	20	2	19 1 
 996	20	2	20 0 
 997	20	2	19 1 
 998	20	2	20 0 
 999	20	2	20 0 
 1000	20	2	19 1 
 1001	20	2	7 13 
 1002	20	2	20 0 
 1003	20	2	20 0 
 1004	20	2	20 0 
 1005	20	2	20 0 
 1006	20	2	20 0 
 1007	20	2	20 0 
 1008	20	2	11 9 
 1009	20	2	20 0 
 1010	20	2	20 0 
 1011	20	2	18 2 
 1012	20	2	19 1 
 1013	20	2	18 2 
 1014	20	2	11 9 
 1015	20	2	15 5 
 1016	20	2	19 1 
 1017	20	2	20 0 
 1018	20	2	5 15 
 1019	20	2	5 15 
 1020	20	2	19 1 
 1021	20	2	20 0 
 1022	20	2	20 0 
 1023	20	2	8 12 
 1024	20	2	12 8 
 1025	20	2	20 0 
 1026	20	2	20 0 
 1027	20	2	19 1 
 1028	20	2	20 0 
 1029	20	2	19 1 
 1030	20	2	14 6 
 1031	20	2	14 6 
 1032	20	2	5 15 
 1033	20	2	12 8 
 1034	20	2	20 0 
 1035	20	2	20 0 
 1036	20	2	20 0 
 1037	20	2	19 1 
 1038	20	2	7 13 
 1039	20	2	20 0 
 1040	20	2	7 13 
 1041	20	2	12 8 
 1042	20	2	20 0 
 1043	20	2	12 8 
 1044	20	2	18 2 
 1045	20	2	20 0 
 1046	20	2	20 0 
 1047	20	2	19 1 
 1048	20	2	18 2 
 1049	20	2	18 2 
 1050	20	2	17 3 
 1051	20	2	20 0 
 1052	20	2	20 0 
 1053	20	2	20 0 
 1054	20	2	20 0 
 1055	20	2	20 0 
 1056	20	2	20 0 
 1057	20	2	20 0 
 1058	20	2	20 0 
 1059	20	2	20 0 
 1060	20	2	20 0 
 1061	20	2	20 0 
 1062	20	2	20 0 
 1063	20	2	18 2 
 1064	20	2	20 0 
 1065	20	2	20 0 
 1066	20	2	20 0 
 1067	20	2	20 0 
 1068	20	2	20 0 
 1069	20	2	17 3 
 1070	20	2	20 0 
 1071	20	2	18 2 
 1072	20	2	19 1 
 1073	20	2	20 0 
 1074	20	2	20 0 
 1075	20	2	20 0 
 1076	20	2	20 0 
 1077	20	2	20 0 
 1078	20	2	20 0 
 1079	20	2	18 2 
 1080	20	2	19 1 
 1081	20	2	20 0 
 1082	20	2	19 1 
 1083	20	2	19 1 
 1084	20	2	20 0 
 1085	20	2	18 2 
 1086	20	2	20 0 
 1087	20	2	20 0 
 1088	20	2	18 2 
 1089	20	2	20 0 
 1090	20	2	20 0 
 1091	20	2	20 0 
 1092	20	2	20 0 
 1093	20	2	19 1 
 1094	20	2	20 0 
 1095	20	2	20 0 
 1096	20	2	20 0 
 1097	20	2	20 0 
 1098	20	2	19 1 
 1099	20	2	20 0 
 1100	20	2	20 0 
 1101	20	2	20 0 
 1102	20	2	20 0 
 1103	20	2	20 0 
 1104	20	2	20 0 
 1105	20	2	20 0 
 1106	20	2	20 0 
 1107	20	2	15 5 
 1108	20	2	5 15 
 1109	20	2	20 0 
 1110	20	2	20 0 
 1111	20	2	20 0 
 1112	20	2	20 0 
 1113	20	2	15 5 
 1114	20	2	20 0 
 1115	20	2	17 3 
 1116	20	2	19 1 
 1117	20	2	20 0 
 1118	20	2	20 0 
 1119	20	2	13 7 
 1120	20	2	19 1 
 1121	20	2	18 2 
 1122	20	2	20 0 
 1123	20	2	20 0 
 1124	20	2	2 18 
 1125	20	2	20 0 
 1126	20	2	19 1 
 1127	20	2	4 16 
 1128	20	2	16 4 
 1129	20	2	20 0 
 1130	20	2	2 18 
 1131	20	2	1 19 
 1132	20	2	20 0 
 1133	20	2	20 0 
 1134	20	2	12 8 
 1135	20	2	20 0 
 1136	20	2	20 0 
 1137	20	2	20 0 
 1138	20	2	20 0 
 1139	20	2	20 0 
 1140	20	2	15 5 
 1141	20	2	20 0 
 1142	20	2	20 0 
 1143	20	2	20 0 
 1144	20	2	19 1 
 1145	20	2	20 0 
 1146	20	2	20 0 
 1147	20	2	19 1 
 1148	20	2	20 0 
 1149	20	2	20 0 
 1150	20	2	20 0 
 1151	20	2	19 1 
 1152	20	2	19 1 
 1153	20	2	20 0 
 1154	20	2	16 4 
 1155	20	2	20 0 
 1156	20	2	20 0 
 1157	20	2	16 4 
 1158	20	2	19 1 
 1159	20	2	16 4 
 1160	20	2	19 1 
 1161	20	2	20 0 
 1162	20	2	20 0 
 1163	20	2	20 0 
 1164	20	2	20 0 
 1165	20	2	20 0 
 1166	20	2	20 0 
 1167	20	2	20 0 
 1168	20	2	18 2 
 1169	20	2	20 0 
 1170	20	2	20 0 
 1171	20	2	20 0 
 1172	20	2	20 0 
 1173	20	2	20 0 
 1174	20	2	20 0 
 1175	20	2	18 2 
 1176	20	2	20 0 
 1177	20	2	20 0 
 1178	20	2	20 0 
 1179	20	2	20 0 
 1180	20	2	20 0 
 1181	20	2	20 0 
 1182	20	2	20 0 
 1183	20	2	18 2 
 1184	20	2	20 0 
 1185	20	2	7 13 
 1186	20	2	20 0 
 1187	20	2	20 0 
 1188	20	2	9 11 
 1189	20	2	19 1 
 1190	20	2	19 1 
 1191	20	2	19 1 
 1192	20	2	19 1 
 1193	20	2	19 1 
 1194	20	2	20 0 
 1195	20	2	19 1 
 1196	20	2	19 1 
 1197	20	2	19 1 
 1198	20	2	19 1 
 1199	20	2	19 1 
 1200	20	2	20 0 
 1201	20	2	19 1 
 1202	20	2	20 0 
 1203	20	2	17 3 
 1204	20	2	14 6 
 1205	20	2	20 0 
 1206	20	2	20 0 
 1207	20	2	20 0 
 1208	20	2	13 7 
 1209	20	2	20 0 
 1210	20	2	19 1 
 1211	20	2	20 0 
 1212	20	2	17 3 
 1213	20	2	20 0 
 1214	20	2	20 0 
 1215	20	2	20 0 
 1216	20	2	20 0 
 1217	20	2	20 0 
 1218	20	2	20 0 
 1219	20	2	15 5 
 1220	20	2	20 0 
 1221	20	2	15 5 
 1222	20	2	20 0 
 1223	20	2	19 1 
 1224	20	2	17 3 
 1225	20	2	15 5 
 1226	20	2	15 5 
 1227	20	2	16 4 
 1228	20	2	20 0 
 1229	20	2	20 0 
 1230	20	2	15 5 
 1231	20	2	20 0 
 1232	20	2	20 0 
 1233	20	2	20 0 
 1234	20	2	20 0 
 1235	20	2	20 0 
 1236	20	2	19 1 
 1237	20	2	20 0 
 1238	20	2	15 5 
 1239	20	2	20 0 
 1240	20	2	20 0 
 1241	20	2	20 0 
 1242	20	2	20 0 
 1243	20	2	20 0 
 1244	20	2	9 11 
 1245	20	2	19 1 
 1246	20	2	12 8 
 1247	20	2	17 3 
 1248	20	2	20 0 
 1249	20	2	19 1 
 1250	20	2	20 0 
 1251	20	2	18 2 
 1252	20	2	20 0 
 1253	20	2	19 1 
 1254	20	2	19 1 
 1255	20	2	20 0 
 1256	20	2	20 0 
 1257	20	2	20 0 
 1258	20	2	20 0 
 1259	20	2	18 2 
 1260	20	2	19 1 
 1261	20	2	20 0 
 1262	20	2	17 3 
 1263	20	2	20 0 
 1264	20	2	20 0 
 1265	20	2	20 0 
 1266	20	2	20 0 
 1267	20	2	20 0 
 1268	20	2	18 2 
 1269	20	2	17 3 
 1270	20	2	17 3 
 1271	20	2	17 3 
 1272	20	2	17 3 
 1273	20	2	20 0 
 1274	20	2	17 3 
 1275	20	2	18 2 
 1276	20	2	20 0 
 1277	20	2	19 1 
 1278	20	2	20 0 
 1279	20	2	19 1 
 1280	20	2	20 0 
 1281	20	2	20 0 
 1282	20	2	19 1 
 1283	20	2	20 0 
 1284	20	2	20 0 
 1285	20	2	20 0 
 1286	20	2	1 19 
 1287	20	2	19 1 
 1288	20	2	16 4 
 1289	20	2	20 0 
 1290	20	2	20 0 
 1291	20	2	20 0 
 1292	20	2	4 16 
 1293	20	2	20 0 
 1294	20	2	20 0 
 1295	20	2	16 4 
 1296	20	2	20 0 
 1297	20	2	0 20 
 1298	20	2	18 2 
 1299	20	2	20 0 
 1300	20	2	19 1 
 1301	20	2	18 2 
 1302	20	2	20 0 
 1303	20	2	20 0 
 1304	20	2	17 3 
 1305	20	2	18 2 
 1306	20	2	20 0 
 1307	20	2	5 15 
 1308	20	2	20 0 
 1309	20	2	20 0 
 1310	20	2	20 0 
 1311	20	2	18 2 
 1312	20	2	20 0 
 1313	20	2	20 0 
 1314	20	2	15 5 
 1315	20	2	18 2 
 1316	20	2	20 0 
 1317	20	2	18 2 
 1318	20	2	19 1 
 1319	20	2	20 0 
 1320	20	2	12 8 
 1321	20	2	12 8 
 1322	20	2	20 0 
 1323	20	2	0 20 
 1324	20	2	20 0 
 1325	20	2	16 4 
 1326	20	2	20 0 
 1327	20	2	15 5 
 1328	20	2	5 15 
 1329	20	2	5 15 
 1330	20	2	20 0 
 1331	20	2	5 15 
 1332	20	2	5 15 
 1333	20	2	20 0 
 1334	20	2	18 2 
 1335	20	2	20 0 
 1336	20	2	20 0 
 1337	20	2	17 3 
 1338	20	2	20 0 
 1339	20	2	20 0 
 1340	20	2	20 0 
 1341	20	2	20 0 
 1342	20	2	18 2 
 1343	20	2	17 3 
 1344	20	2	20 0 
 1345	20	2	20 0 
 1346	20	2	17 3 
 1347	20	2	20 0 
 1348	20	2	19 1 
 1349	20	2	19 1 
 1350	20	2	4 16 
 1351	20	2	5 15 
 1352	20	2	5 15 
 1353	20	2	20 0 
 1354	20	2	20 0 
 1355	20	2	20 0 
 1356	20	2	19 1 
 1357	20	2	12 8 
 1358	20	2	20 0 
 1359	20	2	19 1 
 1360	20	2	20 0 
 1361	20	2	20 0 
 1362	20	2	20 0 
 1363	20	2	20 0 
 1364	20	2	20 0 
 1365	20	2	20 0 
 1366	20	2	20 0 
 1367	20	2	19 1 
 1368	20	2	20 0 
 1369	20	2	19 1 
 1370	20	2	20 0 
 1371	20	2	0 20 
 1372	20	2	6 14 
 1373	20	2	20 0 
 1374	20	2	20 0 
 1375	20	2	20 0 
 1376	20	2	19 1 
 1377	20	2	20 0 
 1378	20	2	19 1 
 1379	20	2	14 6 
 1380	20	2	19 1 
 1381	20	2	20 0 
 1382	20	2	20 0 
 1383	20	2	20 0 
 1384	20	2	20 0 
 1385	20	2	20 0 
 1386	20	2	20 0 
 1387	20	2	20 0 
 1388	20	2	18 2 
 1389	20	2	16 4 
 1390	20	2	20 0 
 1391	20	2	18 2 
 1392	20	2	3 17 
 1393	20	2	20 0 
 1394	20	2	3 17 
 1395	20	2	20 0 
 1396	20	2	20 0 
 1397	20	2	3 17 
 1398	20	2	0 20 
 1399	20	2	20 0 
 1400	20	2	9 11 
 1401	20	2	0 20 
 1402	20	2	18 2 
 1403	20	2	15 5 
 1404	20	2	20 0 
 1405	20	2	20 0 
 1406	20	2	18 2 
 1407	20	2	20 0 
 1408	20	2	20 0 
 1409	20	2	20 0 
 1410	20	2	20 0 
 1411	20	2	20 0 
 1412	20	2	20 0 
 1413	20	2	20 0 
 1414	20	2	20 0 
 1415	20	2	20 0 
 1416	20	2	20 0 
 1417	20	2	2 18 
 1418	20	2	19 1 
 1419	20	2	20 0 
 1420	20	2	20 0 
 1421	20	2	19 1 
 1422	20	2	0 20 
 1423	20	2	20 0 
 1424	20	2	20 0 
 1425	20	2	20 0 
 1426	20	2	20 0 
 1427	20	2	20 0 
 1428	20	2	20 0 
 1429	20	2	12 8 
 1430	20	2	17 3 
 1431	20	2	20 0 
 1432	20	2	19 1 
 1433	20	2	3 17 
 1434	20	2	20 0 
 1435	20	2	20 0 
 1436	20	2	0 20 
 1437	20	2	3 17 
 1438	20	2	14 6 
 1439	20	2	20 0 
 1440	20	2	20 0 
 1441	20	2	20 0 
 1442	20	2	20 0 
 1443	20	2	20 0 
 1444	20	2	16 4 
 1445	20	2	16 4 
 1446	20	2	18 2 
 1447	20	2	18 2 
 1448	20	2	18 2 
 1449	20	2	20 0 
 1450	20	2	20 0 
 1451	20	2	17 3 
 1452	20	2	20 0 
 1453	20	2	20 0 
 1454	20	2	16 4 
 1455	20	2	20 0 
 1456	20	2	20 0 
 1457	20	2	19 1 
 1458	20	2	20 0 
 1459	20	2	20 0 
 1460	20	2	20 0 
 1461	20	2	19 1 
 1462	20	2	8 12 
 1463	20	2	20 0 
 1464	20	2	8 12 
 1465	20	2	20 0 
 1466	20	2	20 0 
 1467	20	2	8 12 
 1468	20	2	20 0 
 1469	20	2	20 0 
 1470	20	2	20 0 
 1471	20	2	20 0 
 1472	20	2	20 0 
 1473	20	2	15 5 
 1474	20	2	19 1 
 1475	20	2	14 6 
 1476	20	2	19 1 
 1477	20	2	18 2 
 1478	20	2	20 0 
 1479	20	2	15 5 
 1480	20	2	20 0 
 1481	20	2	20 0 
 1482	20	2	20 0 
 1483	20	2	19 1 
 1484	20	2	19 1 
 1485	20	2	19 1 
 1486	20	2	19 1 
 1487	20	2	20 0 
 1488	20	2	20 0 
 1489	20	2	20 0 
 1490	20	2	20 0 
 1491	20	2	19 1 
 1492	20	2	19 1 
 1493	20	2	20 0 
 1494	20	2	20 0 
 1495	20	2	19 1 
 1496	20	2	14 6 
 1497	20	2	20 0 
 1498	20	2	20 0 
 1499	20	2	20 0 
 1500	20	2	20 0 
 1501	20	2	20 0 
 1502	20	2	20 0 
 1503	20	2	20 0 
 1504	20	2	20 0 
 1505	20	2	20 0 
 1506	20	2	20 0 
 1507	20	2	18 2 
 1508	20	2	0 20 
 1509	20	2	20 0 
 1510	20	2	18 2 
 1511	20	2	19 1 
 1512	20	2	19 1 
 1513	20	2	19 1 
 1514	20	2	20 0 
 1515	20	2	19 1 
 1516	20	2	19 1 
 1517	20	2	20 0 
 1518	20	2	13 7 
 1519	20	2	20 0 
 1520	20	2	20 0 
 1521	20	2	20 0 
 1522	20	2	20 0 
 1523	20	2	20 0 
 1524	20	2	4 16 
 1525	20	2	16 4 
 1526	20	2	19 1 
 1527	20	2	19 1 
 1528	20	2	19 1 
 1529	20	2	19 1 
 1530	20	2	20 0 
 1531	20	2	19 1 
 1532	20	2	20 0 
 1533	20	2	13 7 
 1534	20	2	7 13 
 1535	20	2	7 13 
 1536	20	2	20 0 
 1537	20	2	20 0 
 1538	20	2	20 0 
 1539	20	2	20 0 
 1540	20	2	20 0 
 1541	20	2	16 4 
 1542	20	2	20 0 
 1543	20	2	20 0 
 1544	20	2	18 2 
 1545	20	2	20 0 
 1546	20	2	16 4 
 1547	20	2	18 2 
 1548	20	2	18 2 
 1549	20	2	16 4 
 1550	20	2	20 0 
 1551	20	2	19 1 
 1552	20	2	0 20 
 1553	20	2	20 0 
 1554	20	2	20 0 
 1555	20	2	20 0 
 1556	20	2	18 2 
 1557	20	2	19 1 
 1558	20	2	15 5 
 1559	20	2	14 6 
 1560	20	2	6 14 
 1561	20	2	20 0 
 1562	20	2	20 0 
 1563	20	2	20 0 
 1564	20	2	19 1 
 1565	20	2	20 0 
 1566	20	2	19 1 
 1567	20	2	20 0 
 1568	20	2	20 0 
 1569	20	2	20 0 
 1570	20	2	19 1 
 1571	20	2	12 8 
 1572	20	2	20 0 
 1573	20	2	18 2 
 1574	20	2	19 1 
 1575	20	2	20 0 
 1576	20	2	20 0 
 1577	20	2	20 0 
 1578	20	2	20 0 
 1579	20	2	20 0 
 1580	20	2	19 1 
 1581	20	2	20 0 
 1582	20	2	18 2 
 1583	20	2	18 2 
 1584	20	2	18 2 
 1585	20	2	18 2 
 1586	20	2	18 2 
 1587	20	2	18 2 
 1588	20	2	20 0 
 1589	20	2	20 0 
 1590	20	2	17 3 
 1591	20	2	20 0 
 1592	20	2	20 0 
 1593	20	2	20 0 
 1594	20	2	20 0 
 1595	20	2	20 0 
 1596	20	2	20 0 
 1597	20	2	20 0 
 1598	20	2	20 0 
 1599	20	2	20 0 
 1600	20	2	20 0 
 1601	20	2	16 4 
 1602	20	2	20 0 
 1603	20	2	4 16 
 1604	20	2	20 0 
 1605	20	2	10 10 
 1606	20	2	20 0 
 1607	20	2	20 0 
 1608	20	2	20 0 
 1609	20	2	20 0 
 1610	20	2	20 0 
 1611	20	2	20 0 
 1612	20	2	20 0 
 1613	20	2	20 0 
 1614	20	2	20 0 
 1615	20	2	20 0 
 1616	20	2	17 3 
 1617	20	2	20 0 
 1618	20	2	20 0 
 1619	20	2	11 9 
 1620	20	2	20 0 
 1621	20	2	17 3 
 1622	20	2	18 2 
 1623	20	2	19 1 
 1624	20	2	15 5 
 1625	20	2	19 1 
 1626	20	2	19 1 
 1627	20	2	20 0 
 1628	20	2	20 0 
 1629	20	2	14 6 
 1630	20	2	19 1 
 1631	20	2	20 0 
 1632	20	2	18 2 
 1633	20	2	16 4 
 1634	20	2	16 4 
 1635	20	2	8 12 
 1636	20	2	20 0 
 1637	20	2	20 0 
 1638	20	2	19 1 
 1639	20	2	19 1 
 1640	20	2	18 2 
 1641	20	2	20 0 
 1642	20	2	20 0 
 1643	20	2	20 0 
 1644	20	2	20 0 
 1645	20	2	20 0 
 1646	20	2	14 6 
 1647	20	2	20 0 
 1648	20	2	14 6 
 1649	20	2	20 0 
 1650	20	2	14 6 
 1651	20	2	20 0 
 1652	20	2	20 0 
 1653	20	2	14 6 
 1654	20	2	19 1 
 1655	20	2	6 14 
 1656	20	2	20 0 
 1657	20	2	20 0 
 1658	20	2	20 0 
 1659	20	2	6 14 
 1660	20	2	19 1 
 1661	20	2	19 1 
 1662	20	2	20 0 
 1663	20	2	3 17 
 1664	20	2	20 0 
 1665	20	2	20 0 
 1666	20	2	19 1 
 1667	20	2	19 1 
 1668	20	2	20 0 
 1669	20	2	20 0 
 1670	20	2	20 0 
 1671	20	2	20 0 
 1672	20	2	20 0 
 1673	20	2	19 1 
 1674	20	2	20 0 
 1675	20	2	19 1 
 1676	20	2	19 1 
 1677	20	2	20 0 
 1678	20	2	20 0 
 1679	20	2	20 0 
 1680	20	2	13 7 
 1681	20	2	6 14 
 1682	20	2	20 0 
 1683	20	2	12 8 
 1684	20	2	19 1 
 1685	20	2	20 0 
 1686	20	2	19 1 
 1687	20	2	20 0 
 1688	20	2	20 0 
 1689	20	2	18 2 
 1690	20	2	20 0 
 1691	20	2	20 0 
 1692	20	2	15 5 
 1693	20	2	20 0 
 1694	20	2	20 0 
 1695	20	2	20 0 
 1696	20	2	17 3 
 1697	20	2	20 0 
 1698	20	2	15 5 
 1699	20	2	15 5 
 1700	20	2	18 2 
 1701	20	2	20 0 
 1702	20	2	19 1 
 1703	20	2	20 0 
 1704	20	2	20 0 
 1705	20	2	18 2 
 1706	20	2	20 0 
 1707	20	2	20 0 
 1708	20	2	20 0 
 1709	20	2	19 1 
 1710	20	2	8 12 
 1711	20	2	19 1 
 1712	20	2	20 0 
 1713	20	2	14 6 
 1714	20	2	20 0 
 1715	20	2	19 1 
 1716	20	2	20 0 
 1717	20	2	20 0 
 1718	20	2	0 20 
 1719	20	2	20 0 
 1720	20	2	20 0 
 1721	20	2	0 20 
 1722	20	2	20 0 
 1723	20	2	20 0 
 1724	20	2	19 1 
 1725	20	2	17 3 
 1726	20	2	20 0 
 1727	20	2	17 3 
 1728	20	2	15 5 
 1729	20	2	20 0 
 1730	20	2	15 5 
 1731	20	2	20 0 
 1732	20	2	10 10 
 1733	20	2	17 3 
 1734	20	2	18 2 
 1735	20	2	17 3 
 1736	20	2	15 5 
 1737	20	2	12 8 
 1738	20	2	17 3 
 1739	20	2	15 5 
 1740	20	2	15 5 
 1741	20	2	10 10 
 1742	20	2	17 3 
 1743	20	2	18 2 
 1744	20	2	17 3 
 1745	20	2	15 5 
 1746	20	2	16 4 
 1747	20	2	20 0 
 1748	20	2	15 5 
 1749	20	2	20 0 
 1750	20	2	19 1 
 1751	20	2	20 0 
 1752	20	2	19 1 
 1753	20	2	20 0 
 1754	20	2	19 1 
 1755	20	2	19 1 
 1756	20	2	20 0 
 1757	20	2	16 4 
 1758	20	2	20 0 
 1759	20	2	20 0 
 1760	20	2	20 0 
 1761	20	2	14 6 
 1762	20	2	20 0 
 1763	20	2	7 13 
 1764	20	2	20 0 
 1765	20	2	20 0 
 1766	20	2	20 0 
 1767	20	2	20 0 
 1768	20	2	20 0 
 1769	20	2	15 5 
 1770	20	2	18 2 
 1771	20	2	20 0 
 1772	20	2	17 3 
 1773	20	2	20 0 
 1774	20	2	20 0 
 1775	20	2	20 0 
 1776	20	2	20 0 
 1777	20	2	19 1 
 1778	20	2	18 2 
 1779	20	2	18 2 
 1780	20	2	20 0 
 1781	20	2	20 0 
 1782	20	2	15 5 
 1783	20	2	20 0 
 1784	20	2	19 1 
 1785	20	2	20 0 
 1786	20	2	20 0 
 1787	20	2	20 0 
 1788	20	2	20 0 
 1789	20	2	20 0 
 1790	20	2	19 1 
 1791	20	2	20 0 
 1792	20	2	20 0 
 1793	20	2	20 0 
 1794	20	2	10 10 
 1795	20	2	0 20 
 1796	20	2	0 20 
 1797	20	2	0 20 
 1798	20	2	0 20 
 1799	20	2	19 1 
 1800	20	2	19 1 
 1801	20	2	20 0 
 1802	20	2	19 1 
 1803	20	2	19 1 
 1804	20	2	1 19 
 1805	20	2	20 0 
 1806	20	2	19 1 
 1807	20	2	16 4 
 1808	20	2	18 2 
 1809	20	2	20 0 
 1810	20	2	20 0 
 1811	20	2	20 0 
 1812	20	2	20 0 
 1813	20	2	19 1 
 1814	20	2	20 0 
 1815	20	2	20 0 
 1816	20	2	19 1 
 1817	20	2	20 0 
 1818	20	2	20 0 
 1819	20	2	20 0 
 1820	20	2	20 0 
 1821	20	2	19 1 
 1822	20	2	20 0 
 1823	20	2	19 1 
 1824	20	2	20 0 
 1825	20	2	20 0 
 1826	20	2	19 1 
 1827	20	2	20 0 
 1828	20	2	14 6 
 1829	20	2	20 0 
 1830	20	2	13 7 
 1831	20	2	20 0 
 1832	20	2	20 0 
 1833	20	2	20 0 
 1834	20	2	13 7 
 1835	20	2	5 15 
 1836	20	2	19 1 
 1837	20	2	20 0 
 1838	20	2	17 3 
 1839	20	2	16 4 
 1840	20	2	20 0 
 1841	20	2	20 0 
 1842	20	2	20 0 
 1843	20	2	20 0 
 1844	20	2	20 0 
 1845	20	2	20 0 
 1846	20	2	20 0 
 1847	20	2	19 1 
 1848	20	2	20 0 
 1849	20	2	20 0 
 1850	20	2	20 0 
 1851	20	2	20 0 
 1852	20	2	20 0 
 1853	20	2	20 0 
 1854	20	2	20 0 
 1855	20	2	10 10 
 1856	20	2	20 0 
 1857	20	2	12 8 
 1858	20	2	20 0 
 1859	20	2	20 0 
 1860	20	2	19 1 
 1861	20	2	19 1 
 1862	20	2	20 0 
 1863	20	2	20 0 
 1864	20	2	2 18 
 1865	20	2	20 0 
 1866	20	2	20 0 
 1867	20	2	19 1 
 1868	20	2	20 0 
 1869	20	2	15 5 
 1870	20	2	20 0 
 1871	20	2	8 12 
 1872	20	2	5 15 
 1873	20	2	16 4 
 1874	20	2	20 0 
 1875	20	2	20 0 
 1876	20	2	15 5 
 1877	20	2	15 5 
 1878	20	2	20 0 
 1879	20	2	2 18 
 1880	20	2	20 0 
 1881	20	2	20 0 
 1882	20	2	15 5 
 1883	20	2	20 0 
 1884	20	2	20 0 
 1885	20	2	20 0 
 1886	20	2	20 0 
 1887	20	2	19 1 
 1888	20	2	20 0 
 1889	20	2	18 2 
 1890	20	2	20 0 
 1891	20	2	20 0 
 1892	20	2	19 1 
 1893	20	2	6 14 
 1894	20	2	20 0 
 1895	20	2	10 10 
 1896	20	2	20 0 
 1897	20	2	20 0 
 1898	20	2	20 0 
 1899	20	2	20 0 
 1900	20	2	19 1 
 1901	20	2	20 0 
 1902	20	2	4 16 
 1903	20	2	16 4 
 1904	20	2	20 0 
 1905	20	2	20 0 
 1906	20	2	20 0 
 1907	20	2	20 0 
 1908	20	2	10 10 
 1909	20	2	20 0 
 1910	20	2	10 10 
 1911	20	2	20 0 
 1912	20	2	17 3 
 1913	20	2	5 15 
 1914	20	2	20 0 
 1915	20	2	18 2 
 1916	20	2	20 0 
 1917	20	2	19 1 
 1918	20	2	20 0 
 1919	20	2	12 8 
 1920	20	2	18 2 
 1921	20	2	1 19 
 1922	20	2	20 0 
 1923	20	2	20 0 
 1924	20	2	20 0 
 1925	20	2	18 2 
 1926	20	2	20 0 
 1927	20	2	20 0 
 1928	20	2	12 8 
 1929	20	2	12 8 
 1930	20	2	5 15 
 1931	20	2	19 1 
 1932	20	2	20 0 
 1933	20	2	19 1 
 1934	20	2	20 0 
 1935	20	2	20 0 
 1936	20	2	20 0 
 1937	20	2	20 0 
 1938	20	2	19 1 
 1939	20	2	20 0 
 1940	20	2	20 0 
 1941	20	2	16 4 
 1942	20	2	18 2 
 1943	20	2	8 12 
 1944	20	2	20 0 
 1945	20	2	11 9 
 1946	20	2	11 9 
 1947	20	2	20 0 
 1948	20	2	2 18 
 1949	20	2	20 0 
 1950	20	2	18 2 
 1951	20	2	19 1 
 1952	20	2	5 15 
 1953	20	2	19 1 
 1954	20	2	19 1 
 1955	20	2	20 0 
 1956	20	2	20 0 
 1957	20	2	19 1 
 1958	20	2	20 0 
 1959	20	2	20 0 
 1960	20	2	20 0 
 1961	20	2	20 0 
 1962	20	2	20 0 
 1963	20	2	20 0 
 1964	20	2	18 2 
 1965	20	2	20 0 
 1966	20	2	19 1 
 1967	20	2	16 4 
 1968	20	2	4 16 
 1969	20	2	4 16 
 1970	20	2	19 1 
 1971	20	2	20 0 
 1972	20	2	15 5 
 1973	20	2	20 0 
 1974	20	2	20 0 
 1975	20	2	19 1 
 1976	20	2	20 0 
 1977	20	2	19 1 
 1978	20	2	16 4 
 1979	20	2	20 0 
 1980	20	2	20 0 
 1981	20	2	20 0 
 1982	20	2	20 0 
 1983	20	2	20 0 
 1984	20	2	18 2 
 1985	20	2	20 0 
 1986	20	2	20 0 
 1987	20	2	20 0 
 1988	20	2	20 0 
 1989	20	2	20 0 
 1990	20	2	20 0 
 1991	20	2	20 0 
 1992	20	2	20 0 
 1993	20	2	17 3 
 1994	20	2	17 3 
 1995	20	2	17 3 
 1996	20	2	20 0 
 1997	20	2	20 0 
 1998	20	2	18 2 
 1999	20	2	20 0 
 2000	20	2	0 20 
 2001	20	2	20 0 
 2002	20	2	20 0 
 2003	20	2	20 0 
 2004	20	2	19 1 
 2005	20	2	20 0 
 2006	20	2	19 1 
 2007	20	2	20 0 
 2008	20	2	20 0 
 2009	20	2	19 1 
 2010	20	2	19 1 
 2011	20	2	10 10 
 2012	20	2	19 1 
 2013	20	2	9 11 
 2014	20	2	12 8 
 2015	20	2	20 0 
 2016	20	2	8 12 
 2017	20	2	9 11 
 2018	20	2	20 0 
 2019	20	2	20 0 
 2020	20	2	20 0 
 2021	20	2	20 0 
 2022	20	2	20 0 
 2023	20	2	20 0 
 2024	20	2	2 18 
 2025	20	2	14 6 
 2026	20	2	20 0 
 2027	20	2	16 4 
 2028	20	2	16 4 
 2029	20	2	19 1 
 2030	20	2	12 8 
 2031	20	2	5 15 
 2032	20	2	20 0 
 2033	20	2	18 2 
 2034	20	2	20 0 
 2035	20	2	18 2 
 2036	20	2	20 0 
 2037	20	2	11 9 
 2038	20	2	18 2 
 2039	20	2	19 1 
 2040	20	2	20 0 
 2041	20	2	20 0 
 2042	20	2	15 5 
 2043	20	2	19 1 
 2044	20	2	18 2 
 2045	20	2	20 0 
 2046	20	2	20 0 
 2047	20	2	20 0 
 2048	20	2	16 4 
 2049	20	2	20 0 
 2050	20	2	20 0 
 2051	20	2	20 0 
 2052	20	2	9 11 
 2053	20	2	20 0 
 2054	20	2	20 0 
 2055	20	2	20 0 
 2056	20	2	20 0 
 2057	20	2	20 0 
 2058	20	2	19 1 
 2059	20	2	20 0 
 2060	20	2	20 0 
 2061	20	2	20 0 
 2062	20	2	19 1 
 2063	20	2	19 1 
 2064	20	2	19 1 
 2065	20	2	19 1 
 2066	20	2	11 9 
 2067	20	2	20 0 
 2068	20	2	20 0 
 2069	20	2	20 0 
 2070	20	2	20 0 
 2071	20	2	20 0 
 2072	20	2	20 0 
 2073	20	2	20 0 
 2074	20	2	20 0 
 2075	20	2	20 0 
 2076	20	2	20 0 
 2077	20	2	20 0 
 2078	20	2	20 0 
 2079	20	2	7 13 
 2080	20	2	20 0 
 2081	20	2	20 0 
 2082	20	2	20 0 
 2083	20	2	19 1 
 2084	20	2	20 0 
 2085	20	2	20 0 
 2086	20	2	20 0 
 2087	20	2	20 0 
 2088	20	2	20 0 
 2089	20	2	20 0 
 2090	20	2	20 0 
 2091	20	2	20 0 
 2092	20	2	20 0 
 2093	20	2	9 11 
 2094	20	2	20 0 
 2095	20	2	20 0 
 2096	20	2	15 5 
 2097	20	2	20 0 
 2098	20	2	20 0 
 2099	20	2	9 11 
 2100	20	2	9 11 
 2101	20	2	20 0 
 2102	20	2	20 0 
 2103	20	2	10 10 
 2104	20	2	20 0 
 2105	20	2	20 0 
 2106	20	2	10 10 
 2107	20	2	20 0 
 2108	20	2	10 10 
 2109	20	2	20 0 
 2110	20	2	10 10 
 2111	20	2	20 0 
 2112	20	2	20 0 
 2113	20	2	19 1 
 2114	20	2	19 1 
 2115	20	2	20 0 
 2116	20	2	19 1 
 2117	20	2	19 1 
 2118	20	2	19 1 
 2119	20	2	19 1 
 2120	20	2	20 0 
 2121	20	2	14 6 
 2122	20	2	20 0 
 2123	20	2	17 3 
 2124	20	2	14 6 
 2125	20	2	12 8 
 2126	20	2	18 2 
 2127	20	2	8 12 
 2128	20	2	18 2 
 2129	20	2	15 5 
 2130	20	2	18 2 
 2131	20	2	15 5 
 2132	20	2	18 2 
 2133	20	2	17 3 
 2134	20	2	20 0 
 2135	20	2	19 1 
 2136	20	2	20 0 
 2137	20	2	20 0 
 2138	20	2	20 0 
 2139	20	2	20 0 
 2140	20	2	18 2 
 2141	20	2	20 0 
 2142	20	2	20 0 
 2143	20	2	20 0 
 2144	20	2	20 0 
 2145	20	2	18 2 
 2146	20	2	20 0 
 2147	20	2	20 0 
 2148	20	2	2 18 
 2149	20	2	19 1 
 2150	20	2	20 0 
 2151	20	2	20 0 
 2152	20	2	13 7 
 2153	20	2	7 13 
 2154	20	2	18 2 
 2155	20	2	17 3 
 2156	20	2	20 0 
 2157	20	2	14 6 
 2158	20	2	20 0 
 2159	20	2	5 15 
 2160	20	2	16 4 
 2161	20	2	19 1 
 2162	20	2	15 5 
 2163	20	2	7 13 
 2164	20	2	19 1 
 2165	20	2	20 0 
 2166	20	2	20 0 
 2167	20	2	20 0 
 2168	20	2	4 16 
 2169	20	2	4 16 
 2170	20	2	4 16 
 2171	20	2	20 0 
 2172	20	2	4 16 
 2173	20	2	9 11 
 2174	20	2	20 0 
 2175	20	2	19 1 
 2176	20	2	9 11 
 2177	20	2	20 0 
 2178	20	2	20 0 
 2179	20	2	19 1 
 2180	20	2	20 0 
 2181	20	2	20 0 
 2182	20	2	20 0 
 2183	20	2	20 0 
 2184	20	2	17 3 
 2185	20	2	19 1 
 2186	20	2	20 0 
 2187	20	2	5 15 
 2188	20	2	20 0 
 2189	20	2	19 1 
 2190	20	2	19 1 
 2191	20	2	20 0 
 2192	20	2	20 0 
 2193	20	2	20 0 
 2194	20	2	20 0 
 2195	20	2	20 0 
 2196	20	2	20 0 
 2197	20	2	6 14 
 2198	20	2	19 1 
 2199	20	2	20 0 
 2200	20	2	20 0 
 2201	20	2	20 0 
 2202	20	2	19 1 
 2203	20	2	20 0 
 2204	20	2	20 0 
 2205	20	2	19 1 
 2206	20	2	19 1 
 2207	20	2	15 5 
 2208	20	2	20 0 
 2209	20	2	7 13 
 2210	20	2	18 2 
 2211	20	2	20 0 
 2212	20	2	20 0 
 2213	20	2	20 0 
 2214	20	2	16 4 
 2215	20	2	19 1 
 2216	20	2	19 1 
 2217	20	2	19 1 
 2218	20	2	4 16 
 2219	20	2	20 0 
 2220	20	2	20 0 
 2221	20	2	20 0 
 2222	20	2	20 0 
 2223	20	2	20 0 
 2224	20	2	20 0 
 2225	20	2	20 0 
 2226	20	2	19 1 
 2227	20	2	20 0 
 2228	20	2	19 1 
 2229	20	2	20 0 
 2230	20	2	20 0 
 2231	20	2	20 0 
 2232	20	2	0 20 
 2233	20	2	19 1 
 2234	20	2	20 0 
 2235	20	2	20 0 
 2236	20	2	15 5 
 2237	20	2	19 1 
 2238	20	2	17 3 
 2239	20	2	16 4 
 2240	20	2	19 1 
 2241	20	2	20 0 
 2242	20	2	20 0 
 2243	20	2	18 2 
 2244	20	2	20 0 
 2245	20	2	19 1 
 2246	20	2	20 0 
 2247	20	2	19 1 
 2248	20	2	20 0 
 2249	20	2	7 13 
 2250	20	2	20 0 
 2251	20	2	20 0 
 2252	20	2	20 0 
 2253	20	2	20 0 
 2254	20	2	19 1 
 2255	20	2	17 3 
 2256	20	2	20 0 
 2257	20	2	20 0 
 2258	20	2	17 3 
 2259	20	2	20 0 
 2260	20	2	20 0 
 2261	20	2	19 1 
 2262	20	2	20 0 
 2263	20	2	19 1 
 2264	20	2	20 0 
 2265	20	2	20 0 
 2266	20	2	15 5 
 2267	20	2	18 2 
 2268	20	2	18 2 
 2269	20	2	20 0 
 2270	20	2	18 2 
 2271	20	2	20 0 
 2272	20	2	20 0 
 2273	20	2	12 8 
 2274	20	2	12 8 
 2275	20	2	19 1 
 2276	20	2	20 0 
 2277	20	2	12 8 
 2278	20	2	12 8 
 2279	20	2	20 0 
 2280	20	2	20 0 
 2281	20	2	14 6 
 2282	20	2	19 1 
 2283	20	2	20 0 
 2284	20	2	19 1 
 2285	20	2	14 6 
 2286	20	2	20 0 
 2287	20	2	18 2 
 2288	20	2	19 1 
 2289	20	2	19 1 
 2290	20	2	20 0 
 2291	20	2	18 2 
 2292	20	2	19 1 
 2293	20	2	20 0 
 2294	20	2	10 10 
 2295	20	2	10 10 
 2296	20	2	20 0 
 2297	20	2	10 10 
 2298	20	2	20 0 
 2299	20	2	10 10 
 2300	20	2	20 0 
 2301	20	2	20 0 
 2302	20	2	20 0 
 2303	20	2	20 0 
 2304	20	2	20 0 
 2305	20	2	19 1 
 2306	20	2	20 0 
 2307	20	2	16 4 
 2308	20	2	20 0 
 2309	20	2	20 0 
 2310	20	2	20 0 
 2311	20	2	20 0 
 2312	20	2	20 0 
 2313	20	2	20 0 
 2314	20	2	14 6 
 2315	20	2	20 0 
 2316	20	2	18 2 
 2317	20	2	20 0 
 2318	20	2	20 0 
 2319	20	2	20 0 
 2320	20	2	20 0 
 2321	20	2	20 0 
 2322	20	2	11 9 
 2323	20	2	20 0 
 2324	20	2	20 0 
 2325	20	2	14 6 
 2326	20	2	20 0 
 2327	20	2	6 14 
 2328	20	2	20 0 
 2329	20	2	19 1 
 2330	20	2	14 6 
 2331	20	2	20 0 
 2332	20	2	14 6 
 2333	20	2	4 16 
 2334	20	2	20 0 
 2335	20	2	20 0 
 2336	20	2	5 15 
 2337	20	2	20 0 
 2338	20	2	20 0 
 2339	20	2	20 0 
 2340	20	2	20 0 
 2341	20	2	20 0 
 2342	20	2	18 2 
 2343	20	2	20 0 
 2344	20	2	20 0 
 2345	20	2	19 1 
 2346	20	2	19 1 
 2347	20	2	19 1 
 2348	20	2	17 3 
 2349	20	2	19 1 
 2350	20	2	19 1 
 2351	20	2	20 0 
 2352	20	2	19 1 
 2353	20	2	20 0 
 2354	20	2	19 1 
 2355	20	2	19 1 
 2356	20	2	20 0 
 2357	20	2	18 2 
 2358	20	2	18 2 
 2359	20	2	19 1 
 2360	20	2	19 1 
 2361	20	2	0 20 
 2362	20	2	20 0 
 2363	20	2	20 0 
 2364	20	2	18 2 
 2365	20	2	15 5 
 2366	20	2	20 0 
 2367	20	2	20 0 
 2368	20	2	19 1 
 2369	20	2	18 2 
 2370	20	2	20 0 
 2371	20	2	20 0 
 2372	20	2	20 0 
 2373	20	2	20 0 
 2374	20	2	20 0 
 2375	20	2	20 0 
 2376	20	2	20 0 
 2377	20	2	20 0 
 2378	20	2	20 0 
 2379	20	2	20 0 
 2380	20	2	20 0 
 2381	20	2	20 0 
 2382	20	2	20 0 
 2383	20	2	6 14 
 2384	20	2	20 0 
 2385	20	2	20 0 
 2386	20	2	20 0 
 2387	20	2	20 0 
 2388	20	2	20 0 
 2389	20	2	20 0 
 2390	20	2	19 1 
 2391	20	2	19 1 
 2392	20	2	17 3 
 2393	20	2	18 2 
 2394	20	2	20 0 
 2395	20	2	20 0 
 2396	20	2	19 1 
 2397	20	2	20 0 
 2398	20	2	20 0 
 2399	20	2	19 1 
 2400	20	2	19 1 
 2401	20	2	19 1 
 2402	20	2	20 0 
 2403	20	2	6 14 
 2404	20	2	20 0 
 2405	20	2	20 0 
 2406	20	2	19 1 
 2407	20	2	20 0 
 2408	20	2	19 1 
 2409	20	2	19 1 
 2410	20	2	19 1 
 2411	20	2	20 0 
 2412	20	2	20 0 
 2413	20	2	7 13 
 2414	20	2	7 13 
 2415	20	2	20 0 
 2416	20	2	20 0 
 2417	20	2	20 0 
 2418	20	2	1 19 
 2419	20	2	20 0 
 2420	20	2	20 0 
 2421	20	2	1 19 
 2422	20	2	19 1 
 2423	20	2	20 0 
 2424	20	2	20 0 
 2425	20	2	19 1 
 2426	20	2	20 0 
 2427	20	2	20 0 
 2428	20	2	16 4 
 2429	20	2	20 0 
 2430	20	2	19 1 
 2431	20	2	19 1 
 2432	20	2	20 0 
 2433	20	2	1 19 
 2434	20	2	17 3 
 2435	20	2	19 1 
 2436	20	2	20 0 
 2437	20	2	20 0 
 2438	20	2	9 11 
 2439	20	2	20 0 
 2440	20	2	17 3 
 2441	20	2	2 18 
 2442	20	2	20 0 
 2443	20	2	20 0 
 2444	20	2	20 0 
 2445	20	2	20 0 
 2446	20	2	20 0 
 2447	20	2	20 0 
 2448	20	2	20 0 
 2449	20	2	20 0 
 2450	20	2	17 3 
 2451	20	2	20 0 
 2452	20	2	20 0 
 2453	20	2	20 0 
 2454	20	2	20 0 
 2455	20	2	20 0 
 2456	20	2	20 0 
 2457	20	2	20 0 
 2458	20	2	20 0 
 2459	20	2	2 18 
 2460	20	2	8 12 
 2461	20	2	8 12 
 2462	20	2	10 10 
 2463	20	2	2 18 
 2464	20	2	8 12 
 2465	20	2	18 2 
 2466	20	2	17 3 
 2467	20	2	20 0 
 2468	20	2	13 7 
 2469	20	2	20 0 
 2470	20	2	20 0 
 2471	20	2	20 0 
 2472	20	2	17 3 
 2473	20	2	19 1 
 2474	20	2	20 0 
 2475	20	2	5 15 
 2476	20	2	19 1 
 2477	20	2	19 1 
 2478	20	2	20 0 
 2479	20	2	19 1 
 2480	20	2	20 0 
 2481	20	2	19 1 
 2482	20	2	20 0 
 2483	20	2	20 0 
 2484	20	2	16 4 
 2485	20	2	14 6 
 2486	20	2	20 0 
 2487	20	2	14 6 
 2488	20	2	14 6 
 2489	20	2	14 6 
 2490	20	2	20 0 
 2491	20	2	14 6 
 2492	20	2	20 0 
 2493	20	2	20 0 
 2494	20	2	20 0 
 2495	20	2	20 0 
 2496	20	2	20 0 
 2497	20	2	20 0 
 2498	20	2	13 7 
 2499	20	2	18 2 
 2500	20	2	19 1 
 2501	20	2	20 0 
 2502	20	2	19 1 
 2503	20	2	19 1 
 2504	20	2	19 1 
 2505	20	2	17 3 
 2506	20	2	20 0 
 2507	20	2	15 5 
 2508	20	2	20 0 
 2509	20	2	20 0 
 2510	20	2	20 0 
 2511	20	2	15 5 
 2512	20	2	20 0 
 2513	20	2	13 7 
 2514	20	2	20 0 
 2515	20	2	20 0 
 2516	20	2	20 0 
 2517	20	2	20 0 
 2518	20	2	20 0 
 2519	20	2	20 0 
 2520	20	2	20 0 
 2521	20	2	20 0 
 2522	20	2	20 0 
 2523	20	2	19 1 
 2524	20	2	20 0 
 2525	20	2	20 0 
 2526	20	2	18 2 
 2527	20	2	20 0 
 2528	20	2	19 1 
 2529	20	2	20 0 
 2530	20	2	17 3 
 2531	20	2	20 0 
 2532	20	2	15 5 
 2533	20	2	17 3 
 2534	20	2	15 5 
 2535	20	2	15 5 
 2536	20	2	20 0 
 2537	20	2	20 0 
 2538	20	2	19 1 
 2539	20	2	20 0 
 2540	20	2	20 0 
 2541	20	2	20 0 
 2542	20	2	20 0 
 2543	20	2	20 0 
 2544	20	2	20 0 
 2545	20	2	20 0 
 2546	20	2	20 0 
 2547	20	2	20 0 
 2548	20	2	20 0 
 2549	20	2	20 0 
 2550	20	2	20 0 
 2551	20	2	19 1 
 2552	20	2	20 0 
 2553	20	2	20 0 
 2554	20	2	20 0 
 2555	20	2	20 0 
 2556	20	2	16 4 
 2557	20	2	20 0 
 2558	20	2	17 3 
 2559	20	2	15 5 
 2560	20	2	20 0 
 2561	20	2	6 14 
 2562	20	2	6 14 
 2563	20	2	1 19 
 2564	20	2	20 0 
 2565	20	2	20 0 
 2566	20	2	20 0 
 2567	20	2	14 6 
 2568	20	2	19 1 
 2569	20	2	20 0 
 2570	20	2	20 0 
 2571	20	2	20 0 
 2572	20	2	20 0 
 2573	20	2	15 5 
 2574	20	2	19 1 
 2575	20	2	19 1 
 2576	20	2	20 0 
 2577	20	2	20 0 
 2578	20	2	20 0 
 2579	20	2	20 0 
 2580	20	2	20 0 
 2581	20	2	20 0 
 2582	20	2	20 0 
 2583	20	2	20 0 
 2584	20	2	20 0 
 2585	20	2	20 0 
 2586	20	2	20 0 
 2587	20	2	20 0 
 2588	20	2	20 0 
 2589	20	2	13 7 
 2590	20	2	20 0 
 2591	20	2	13 7 
 2592	20	2	13 7 
 2593	20	2	19 1 
 2594	20	2	20 0 
 2595	20	2	20 0 
 2596	20	2	16 4 
 2597	20	2	19 1 
 2598	20	2	20 0 
 2599	20	2	20 0 
 2600	20	2	20 0 
 2601	20	2	20 0 
 2602	20	2	20 0 
 2603	20	2	20 0 
 2604	20	2	20 0 
 2605	20	2	20 0 
 2606	20	2	20 0 
 2607	20	2	19 1 
 2608	20	2	20 0 
 2609	20	2	16 4 
 2610	20	2	20 0 
 2611	20	2	20 0 
 2612	20	2	18 2 
 2613	20	2	18 2 
 2614	20	2	18 2 
 2615	20	2	20 0 
 2616	20	2	20 0 
 2617	20	2	16 4 
 2618	20	2	19 1 
 2619	20	2	19 1 
 2620	20	2	20 0 
 2621	20	2	20 0 
 2622	20	2	19 1 
 2623	20	2	20 0 
 2624	20	2	19 1 
 2625	20	2	20 0 
 2626	20	2	20 0 
 2627	20	2	20 0 
 2628	20	2	20 0 
 2629	20	2	20 0 
 2630	20	2	20 0 
 2631	20	2	20 0 
 2632	20	2	17 3 
 2633	20	2	2 18 
 2634	20	2	18 2 
 2635	20	2	19 1 
 2636	20	2	20 0 
 2637	20	2	0 20 
 2638	20	2	20 0 
 2639	20	2	19 1 
 2640	20	2	19 1 
 2641	20	2	20 0 
 2642	20	2	19 1 
 2643	20	2	20 0 
 2644	20	2	20 0 
 2645	20	2	20 0 
 2646	20	2	20 0 
 2647	20	2	20 0 
 2648	20	2	18 2 
 2649	20	2	18 2 
 2650	20	2	20 0 
 2651	20	2	20 0 
 2652	20	2	20 0 
 2653	20	2	20 0 
 2654	20	2	18 2 
 2655	20	2	19 1 
 2656	20	2	20 0 
 2657	20	2	20 0 
 2658	20	2	20 0 
 2659	20	2	20 0 
 2660	20	2	20 0 
 2661	20	2	20 0 
 2662	20	2	19 1 
 2663	20	2	19 1 
 2664	20	2	20 0 
 2665	20	2	19 1 
 2666	20	2	20 0 
 2667	20	2	19 1 
 2668	20	2	19 1 
 2669	20	2	20 0 
 2670	20	2	20 0 
 2671	20	2	19 1 
 2672	20	2	20 0 
 2673	20	2	20 0 
 2674	20	2	20 0 
 2675	20	2	20 0 
 2676	20	2	20 0 
 2677	20	2	20 0 
 2678	20	2	20 0 
 2679	20	2	20 0 
 2680	20	2	20 0 
 2681	20	2	20 0 
 2682	20	2	20 0 
 2683	20	2	18 2 
 2684	20	2	20 0 
 2685	20	2	20 0 
 2686	20	2	18 2 
 2687	20	2	2 18 
 2688	20	2	18 2 
 2689	20	2	19 1 
 2690	20	2	20 0 
 2691	20	2	20 0 
 2692	20	2	20 0 
 2693	20	2	20 0 
 2694	20	2	20 0 
 2695	20	2	19 1 
 2696	20	2	20 0 
 2697	20	2	20 0 
 2698	20	2	20 0 
 2699	20	2	18 2 
 2700	20	2	20 0 
 2701	20	2	18 2 
 2702	20	2	19 1 
 2703	20	2	18 2 
 2704	20	2	19 1 
 2705	20	2	20 0 
 2706	20	2	20 0 
 2707	20	2	20 0 
 2708	20	2	20 0 
 2709	20	2	17 3 
 2710	20	2	20 0 
 2711	20	2	16 4 
 2712	20	2	20 0 
 2713	20	2	20 0 
 2714	20	2	20 0 
 2715	20	2	20 0 
 2716	20	2	20 0 
 2717	20	2	20 0 
 2718	20	2	20 0 
 2719	20	2	20 0 
 2720	20	2	20 0 
 2721	20	2	19 1 
 2722	20	2	20 0 
 2723	20	2	20 0 
 2724	20	2	20 0 
 2725	20	2	20 0 
 2726	20	2	11 9 
 2727	20	2	20 0 
 2728	20	2	11 9 
 2729	20	2	11 9 
 2730	20	2	20 0 
 2731	20	2	20 0 
 2732	20	2	20 0 
 2733	20	2	20 0 
 2734	20	2	6 14 
 2735	20	2	20 0 
 2736	20	2	20 0 
 2737	20	2	11 9 
 2738	20	2	20 0 
 2739	20	2	19 1 
 2740	20	2	20 0 
 2741	20	2	7 13 
 2742	20	2	13 7 
 2743	20	2	20 0 
 2744	20	2	16 4 
 2745	20	2	20 0 
 2746	20	2	20 0 
 2747	20	2	20 0 
 2748	20	2	11 9 
 2749	20	2	18 2 
 2750	20	2	20 0 
 2751	20	2	19 1 
 2752	20	2	20 0 
 2753	20	2	20 0 
 2754	20	2	20 0 
 2755	20	2	18 2 
 2756	20	2	20 0 
 2757	20	2	20 0 
 2758	20	2	20 0 
 2759	20	2	20 0 
 2760	20	2	19 1 
 2761	20	2	20 0 
 2762	20	2	18 2 
 2763	20	2	20 0 
 2764	20	2	19 1 
 2765	20	2	19 1 
 2766	20	2	20 0 
 2767	20	2	19 1 
 2768	20	2	19 1 
 2769	20	2	18 2 
 2770	20	2	20 0 
 2771	20	2	1 19 
 2772	20	2	16 4 
 2773	20	2	18 2 
 2774	20	2	20 0 
 2775	20	2	18 2 
 2776	20	2	4 16 
 2777	20	2	6 14 
 2778	20	2	14 6 
 2779	20	2	19 1 
 2780	20	2	19 1 
 2781	20	2	19 1 
 2782	20	2	20 0 
 2783	20	2	1 19 
 2784	20	2	20 0 
 2785	20	2	18 2 
 2786	20	2	9 11 
 2787	20	2	13 7 
 2788	20	2	20 0 
 2789	20	2	20 0 
 2790	20	2	20 0 
 2791	20	2	20 0 
 2792	20	2	20 0 
 2793	20	2	19 1 
 2794	20	2	20 0 
 2795	20	2	8 12 
 2796	20	2	13 7 
 2797	20	2	20 0 
 2798	20	2	13 7 
 2799	20	2	20 0 
 2800	20	2	20 0 
 2801	20	2	20 0 
 2802	20	2	15 5 
 2803	20	2	20 0 
 2804	20	2	6 14 
 2805	20	2	6 14 
 2806	20	2	20 0 
 2807	20	2	20 0 
 2808	20	2	20 0 
 2809	20	2	19 1 
 2810	20	2	19 1 
 2811	20	2	20 0 
 2812	20	2	20 0 
 2813	20	2	20 0 
 2814	20	2	19 1 
 2815	20	2	19 1 
 2816	20	2	20 0 
 2817	20	2	0 20 
 2818	20	2	19 1 
 2819	20	2	20 0 
 2820	20	2	20 0 
 2821	20	2	11 9 
 2822	20	2	20 0 
 2823	20	2	20 0 
 2824	20	2	20 0 
 2825	20	2	19 1 
 2826	20	2	19 1 
 2827	20	2	20 0 
 2828	20	2	19 1 
 2829	20	2	20 0 
 2830	20	2	18 2 
 2831	20	2	19 1 
 2832	20	2	20 0 
 2833	20	2	20 0 
 2834	20	2	20 0 
 2835	20	2	20 0 
 2836	20	2	20 0 
 2837	20	2	20 0 
 2838	20	2	12 8 
 2839	20	2	19 1 
 2840	20	2	20 0 
 2841	20	2	16 4 
 2842	20	2	19 1 
 2843	20	2	20 0 
 2844	20	2	18 2 
 2845	20	2	20 0 
 2846	20	2	20 0 
 2847	20	2	20 0 
 2848	20	2	18 2 
 2849	20	2	20 0 
 2850	20	2	20 0 
 2851	20	2	20 0 
 2852	20	2	18 2 
 2853	20	2	18 2 
 2854	20	2	20 0 
 2855	20	2	20 0 
 2856	20	2	18 2 
 2857	20	2	17 3 
 2858	20	2	18 2 
 2859	20	2	20 0 
 2860	20	2	19 1 
 2861	20	2	19 1 
 2862	20	2	19 1 
 2863	20	2	18 2 
 2864	20	2	19 1 
 2865	20	2	20 0 
 2866	20	2	20 0 
 2867	20	2	20 0 
 2868	20	2	20 0 
 2869	20	2	7 13 
 2870	20	2	18 2 
 2871	20	2	10 10 
 2872	20	2	20 0 
 2873	20	2	18 2 
 2874	20	2	16 4 
 2875	20	2	20 0 
 2876	20	2	20 0 
 2877	20	2	18 2 
 2878	20	2	20 0 
 2879	20	2	20 0 
 2880	20	2	20 0 
 2881	20	2	19 1 
 2882	20	2	20 0 
 2883	20	2	20 0 
 2884	20	2	20 0 
 2885	20	2	20 0 
 2886	20	2	17 3 
 2887	20	2	20 0 
 2888	20	2	20 0 
 2889	20	2	19 1 
 2890	20	2	20 0 
 2891	20	2	17 3 
 2892	20	2	0 20 
 2893	20	2	19 1 
 2894	20	2	20 0 
 2895	20	2	19 1 
 2896	20	2	20 0 
 2897	20	2	20 0 
 2898	20	2	17 3 
 2899	20	2	20 0 
 2900	20	2	17 3 
 2901	20	2	20 0 
 2902	20	2	20 0 
 2903	20	2	8 12 
 2904	20	2	19 1 
 2905	20	2	19 1 
 2906	20	2	20 0 
 2907	20	2	1 19 
 2908	20	2	1 19 
 2909	20	2	20 0 
 2910	20	2	17 3 
 2911	20	2	17 3 
 2912	20	2	19 1 
 2913	20	2	20 0 
 2914	20	2	20 0 
 2915	20	2	18 2 
 2916	20	2	20 0 
 2917	20	2	20 0 
 2918	20	2	20 0 
 2919	20	2	20 0 
 2920	20	2	20 0 
 2921	20	2	20 0 
 2922	20	2	20 0 
 2923	20	2	20 0 
 2924	20	2	4 16 
 2925	20	2	12 8 
 2926	20	2	20 0 
 2927	20	2	20 0 
 2928	20	2	15 5 
 2929	20	2	15 5 
 2930	20	2	4 16 
 2931	20	2	19 1 
 2932	20	2	19 1 
 2933	20	2	16 4 
 2934	20	2	20 0 
 2935	20	2	17 3 
 2936	20	2	19 1 
 2937	20	2	20 0 
 2938	20	2	20 0 
 2939	20	2	19 1 
 2940	20	2	20 0 
 2941	20	2	19 1 
 2942	20	2	20 0 
 2943	20	2	20 0 
 2944	20	2	20 0 
 2945	20	2	20 0 
 2946	20	2	16 4 
 2947	20	2	7 13 
 2948	20	2	18 2 
 2949	20	2	7 13 
 2950	20	2	20 0 
 2951	20	2	19 1 
 2952	20	2	20 0 
 2953	20	2	19 1 
 2954	20	2	20 0 
 2955	20	2	20 0 
 2956	20	2	20 0 
 2957	20	2	19 1 
 2958	20	2	20 0 
 2959	20	2	15 5 
 2960	20	2	20 0 
 2961	20	2	15 5 
 2962	20	2	18 2 
 2963	20	2	20 0 
 2964	20	2	19 1 
 2965	20	2	20 0 
 2966	20	2	19 1 
 2967	20	2	19 1 
 2968	20	2	20 0 
 2969	20	2	20 0 
 2970	20	2	20 0 
 2971	20	2	15 5 
 2972	20	2	20 0 
 2973	20	2	19 1 
 2974	20	2	20 0 
 2975	20	2	20 0 
 2976	20	2	18 2 
 2977	20	2	20 0 
 2978	20	2	20 0 
 2979	20	2	15 5 
 2980	20	2	15 5 
 2981	20	2	15 5 
 2982	20	2	20 0 
 2983	20	2	20 0 
 2984	20	2	20 0 
 2985	20	2	20 0 
 2986	20	2	20 0 
 2987	20	2	19 1 
 2988	20	2	20 0 
 2989	20	2	19 1 
 2990	20	2	20 0 
 2991	20	2	20 0 
 2992	20	2	20 0 
 2993	20	2	20 0 
 2994	20	2	20 0 
 2995	20	2	20 0 
 2996	20	2	19 1 
 2997	20	2	17 3 
 2998	20	2	20 0 
 2999	20	2	20 0 
 3000	20	2	10 10 
 3001	20	2	18 2 
 3002	20	2	18 2 
 3003	20	2	20 0 
 3004	20	2	7 13 
 3005	20	2	6 14 
 3006	20	2	7 13 
 3007	20	2	7 13 
 3008	20	2	6 14 
 3009	20	2	20 0 
 3010	20	2	18 2 
 3011	20	2	18 2 
 3012	20	2	18 2 
 3013	20	2	20 0 
 3014	20	2	18 2 
 3015	20	2	18 2 
 3016	20	2	18 2 
 3017	20	2	20 0 
 3018	20	2	14 6 
 3019	20	2	20 0 
 3020	20	2	20 0 
 3021	20	2	0 20 
 3022	20	2	20 0 
 3023	20	2	20 0 
 3024	20	2	18 2 
 3025	20	2	7 13 
 3026	20	2	20 0 
 3027	20	2	19 1 
 3028	20	2	20 0 
 3029	20	2	8 12 
 3030	20	2	20 0 
 3031	20	2	20 0 
 3032	20	2	20 0 
 3033	20	2	20 0 
 3034	20	2	19 1 
 3035	20	2	5 15 
 3036	20	2	19 1 
 3037	20	2	18 2 
 3038	20	2	19 1 
 3039	20	2	20 0 
 3040	20	2	20 0 
 3041	20	2	20 0 
 3042	20	2	20 0 
 3043	20	2	20 0 
 3044	20	2	20 0 
 3045	20	2	20 0 
 3046	20	2	18 2 
 3047	20	2	20 0 
 3048	20	2	20 0 
 3049	20	2	20 0 
 3050	20	2	20 0 
 3051	20	2	18 2 
 3052	20	2	9 11 
 3053	20	2	18 2 
 3054	20	2	20 0 
 3055	20	2	20 0 
 3056	20	2	20 0 
 3057	20	2	20 0 
 3058	20	2	15 5 
 3059	20	2	19 1 
 3060	20	2	20 0 
 3061	20	2	12 8 
 3062	20	2	2 18 
 3063	20	2	20 0 
 3064	20	2	20 0 
 3065	20	2	19 1 
 3066	20	2	19 1 
 3067	20	2	20 0 
 3068	20	2	19 1 
 3069	20	2	17 3 
 3070	20	2	20 0 
 3071	20	2	18 2 
 3072	20	2	15 5 
 3073	20	2	19 1 
 3074	20	2	20 0 
 3075	20	2	20 0 
 3076	20	2	20 0 
 3077	20	2	20 0 
 3078	20	2	6 14 
 3079	20	2	14 6 
 3080	20	2	17 3 
 3081	20	2	20 0 
 3082	20	2	20 0 
 3083	20	2	20 0 
 3084	20	2	19 1 
 3085	20	2	19 1 
 3086	20	2	17 3 
 3087	20	2	20 0 
 3088	20	2	19 1 
 3089	20	2	20 0 
 3090	20	2	20 0 
 3091	20	2	20 0 
 3092	20	2	20 0 
 3093	20	2	20 0 
 3094	20	2	20 0 
 3095	20	2	20 0 
 3096	20	2	20 0 
 3097	20	2	19 1 
 3098	20	2	20 0 
 3099	20	2	20 0 
 3100	20	2	20 0 
 3101	20	2	20 0 
 3102	20	2	20 0 
 3103	20	2	16 4 
 3104	20	2	20 0 
 3105	20	2	20 0 
 3106	20	2	17 3 
 3107	20	2	18 2 
 3108	20	2	20 0 
 3109	20	2	9 11 
 3110	20	2	6 14 
 3111	20	2	20 0 
 3112	20	2	20 0 
 3113	20	2	20 0 
 3114	20	2	20 0 
 3115	20	2	20 0 
 3116	20	2	20 0 
 3117	20	2	20 0 
 3118	20	2	20 0 
 3119	20	2	18 2 
 3120	20	2	20 0 
 3121	20	2	20 0 
 3122	20	2	20 0 
 3123	20	2	20 0 
 3124	20	2	20 0 
 3125	20	2	20 0 
 3126	20	2	17 3 
 3127	20	2	19 1 
 3128	20	2	5 15 
 3129	20	2	15 5 
 3130	20	2	15 5 
 3131	20	2	20 0 
 3132	20	2	16 4 
 3133	20	2	20 0 
 3134	20	2	16 4 
 3135	20	2	20 0 
 3136	20	2	20 0 
 3137	20	2	15 5 
 3138	20	2	18 2 
 3139	20	2	19 1 
 3140	20	2	13 7 
 3141	20	2	17 3 
 3142	20	2	8 12 
 3143	20	2	19 1 
 3144	20	2	17 3 
 3145	20	2	20 0 
 3146	20	2	19 1 
 3147	20	2	20 0 
 3148	20	2	20 0 
 3149	20	2	16 4 
 3150	20	2	20 0 
 3151	20	2	19 1 
 3152	20	2	13 7 
 3153	20	2	20 0 
 3154	20	2	20 0 
 3155	20	2	20 0 
 3156	20	2	18 2 
 3157	20	2	19 1 
 3158	20	2	20 0 
 3159	20	2	20 0 
 3160	20	2	18 2 
 3161	20	2	19 1 
 3162	20	2	20 0 
 3163	20	2	20 0 
 3164	20	2	20 0 
 3165	20	2	18 2 
 3166	20	2	18 2 
 3167	20	2	18 2 
 3168	20	2	18 2 
 3169	20	2	18 2 
 3170	20	2	18 2 
 3171	20	2	19 1 
 3172	20	2	20 0 
 3173	20	2	20 0 
 3174	20	2	20 0 
 3175	20	2	17 3 
 3176	20	2	0 20 
 3177	20	2	18 2 
 3178	20	2	20 0 
 3179	20	2	20 0 
 3180	20	2	20 0 
 3181	20	2	19 1 
 3182	20	2	20 0 
 3183	20	2	19 1 
 3184	20	2	20 0 
 3185	20	2	20 0 
 3186	20	2	20 0 
 3187	20	2	7 13 
 3188	20	2	20 0 
 3189	20	2	20 0 
 3190	20	2	6 14 
 3191	20	2	20 0 
 3192	20	2	20 0 
 3193	20	2	20 0 
 3194	20	2	20 0 
 3195	20	2	20 0 
 3196	20	2	17 3 
 3197	20	2	16 4 
 3198	20	2	9 11 
 3199	20	2	16 4 
 3200	20	2	20 0 
 3201	20	2	20 0 
 3202	20	2	20 0 
 3203	20	2	18 2 
 3204	20	2	20 0 
 3205	20	2	20 0 
 3206	20	2	20 0 
 3207	20	2	20 0 
 3208	20	2	20 0 
 3209	20	2	20 0 
 3210	20	2	19 1 
 3211	20	2	20 0 
 3212	20	2	20 0 
 3213	20	2	11 9 
 3214	20	2	20 0 
 3215	20	2	16 4 
 3216	20	2	19 1 
 3217	20	2	19 1 
 3218	20	2	19 1 
 3219	20	2	20 0 
 3220	20	2	20 0 
 3221	20	2	20 0 
 3222	20	2	19 1 
 3223	20	2	20 0 
 3224	20	2	20 0 
 3225	20	2	20 0 
 3226	20	2	19 1 
 3227	20	2	19 1 
 3228	20	2	19 1 
 3229	20	2	20 0 
 3230	20	2	20 0 
 3231	20	2	20 0 
 3232	20	2	20 0 
 3233	20	2	20 0 
 3234	20	2	1 19 
 3235	20	2	20 0 
 3236	20	2	18 2 
 3237	20	2	19 1 
 3238	20	2	16 4 
 3239	20	2	20 0 
 3240	20	2	20 0 
 3241	20	2	17 3 
 3242	20	2	20 0 
 3243	20	2	20 0 
 3244	20	2	19 1 
 3245	20	2	15 5 
 3246	20	2	17 3 
 3247	20	2	18 2 
 3248	20	2	17 3 
 3249	20	2	20 0 
 3250	20	2	15 5 
 3251	20	2	16 4 
 3252	20	2	20 0 
 3253	20	2	16 4 
 3254	20	2	20 0 
 3255	20	2	20 0 
 3256	20	2	19 1 
 3257	20	2	20 0 
 3258	20	2	20 0 
 3259	20	2	20 0 
 3260	20	2	20 0 
 3261	20	2	20 0 
 3262	20	2	18 2 
 3263	20	2	18 2 
 3264	20	2	16 4 
 3265	20	2	20 0 
 3266	20	2	19 1 
 3267	20	2	17 3 
 3268	20	2	16 4 
 3269	20	2	20 0 
 3270	20	2	9 11 
 3271	20	2	14 6 
 3272	20	2	9 11 
 3273	20	2	14 6 
 3274	20	2	18 2 
 3275	20	2	20 0 
 3276	20	2	9 11 
 3277	20	2	19 1 
 3278	20	2	20 0 
 3279	20	2	20 0 
 3280	20	2	17 3 
 3281	20	2	20 0 
 3282	20	2	20 0 
 3283	20	2	20 0 
 3284	20	2	20 0 
 3285	20	2	19 1 
 3286	20	2	20 0 
 3287	20	2	20 0 
 3288	20	2	20 0 
 3289	20	2	20 0 
 3290	20	2	20 0 
 3291	20	2	19 1 
 3292	20	2	16 4 
 3293	20	2	19 1 
 3294	20	2	16 4 
 3295	20	2	17 3 
 3296	20	2	19 1 
 3297	20	2	16 4 
 3298	20	2	19 1 
 3299	20	2	19 1 
 3300	20	2	20 0 
 3301	20	2	1 19 
 3302	20	2	1 19 
 3303	20	2	20 0 
 3304	20	2	18 2 
 3305	20	2	18 2 
 3306	20	2	18 2 
 3307	20	2	19 1 
 3308	20	2	18 2 
 3309	20	2	20 0 
 3310	20	2	10 10 
 3311	20	2	20 0 
 3312	20	2	20 0 
 3313	20	2	20 0 
 3314	20	2	20 0 
 3315	20	2	7 13 
 3316	20	2	19 1 
 3317	20	2	20 0 
 3318	20	2	8 12 
 3319	20	2	7 13 
 3320	20	2	20 0 
 3321	20	2	20 0 
 3322	20	2	17 3 
 3323	20	2	20 0 
 3324	20	2	20 0 
 3325	20	2	20 0 
 3326	20	2	14 6 
 3327	20	2	19 1 
 3328	20	2	17 3 
 3329	20	2	20 0 
 3330	20	2	1 19 
 3331	20	2	16 4 
 3332	20	2	20 0 
 3333	20	2	16 4 
 3334	20	2	20 0 
 3335	20	2	18 2 
 3336	20	2	18 2 
 3337	20	2	20 0 
 3338	20	2	2 18 
 3339	20	2	13 7 
 3340	20	2	20 0 
 3341	20	2	17 3 
 3342	20	2	0 20 
 3343	20	2	18 2 
 3344	20	2	18 2 
 3345	20	2	9 11 
 3346	20	2	17 3 
 3347	20	2	19 1 
 3348	20	2	20 0 
 3349	20	2	19 1 
 3350	20	2	19 1 
 3351	20	2	19 1 
 3352	20	2	16 4 
 3353	20	2	20 0 
 3354	20	2	20 0 
 3355	20	2	20 0 
 3356	20	2	20 0 
 3357	20	2	20 0 
 3358	20	2	20 0 
 3359	20	2	20 0 
 3360	20	2	20 0 
 3361	20	2	20 0 
 3362	20	2	20 0 
 3363	20	2	14 6 
 3364	20	2	20 0 
 3365	20	2	20 0 
 3366	20	2	20 0 
 3367	20	2	20 0 
 3368	20	2	20 0 
 3369	20	2	20 0 
 3370	20	2	20 0 
 3371	20	2	20 0 
 3372	20	2	20 0 
 3373	20	2	20 0 
 3374	20	2	20 0 
 3375	20	2	17 3 
 3376	20	2	19 1 
 3377	20	2	18 2 
 3378	20	2	20 0 
 3379	20	2	18 2 
 3380	20	2	17 3 
 3381	20	2	15 5 
 3382	20	2	20 0 
 3383	20	2	20 0 
 3384	20	2	20 0 
 3385	20	2	20 0 
 3386	20	2	2 18 
 3387	20	2	13 7 
 3388	20	2	20 0 
 3389	20	2	19 1 
 3390	20	2	19 1 
 3391	20	2	14 6 
 3392	20	2	16 4 
 3393	20	2	20 0 
 3394	20	2	20 0 
 3395	20	2	19 1 
 3396	20	2	2 18 
 3397	20	2	20 0 
 3398	20	2	20 0 
 3399	20	2	19 1 
 3400	20	2	20 0 
 3401	20	2	20 0 
 3402	20	2	19 1 
 3403	20	2	19 1 
 3404	20	2	18 2 
 3405	20	2	20 0 
 3406	20	2	19 1 
 3407	20	2	1 19 
 3408	20	2	16 4 
 3409	20	2	20 0 
 3410	20	2	20 0 
 3411	20	2	20 0 
 3412	20	2	17 3 
 3413	20	2	19 1 
 3414	20	2	20 0 
 3415	20	2	20 0 
 3416	20	2	17 3 
 3417	20	2	20 0 
 3418	20	2	20 0 
 3419	20	2	14 6 
 3420	20	2	20 0 
 3421	20	2	15 5 
 3422	20	2	20 0 
 3423	20	2	20 0 
 3424	20	2	20 0 
 3425	20	2	19 1 
 3426	20	2	15 5 
 3427	20	2	20 0 
 3428	20	2	20 0 
 3429	20	2	20 0 
 3430	20	2	20 0 
 3431	20	2	20 0 
 3432	20	2	20 0 
 3433	20	2	15 5 
 3434	20	2	20 0 
 3435	20	2	20 0 
 3436	20	2	20 0 
 3437	20	2	20 0 
 3438	20	2	20 0 
 3439	20	2	6 14 
 3440	20	2	20 0 
 3441	20	2	19 1 
 3442	20	2	20 0 
 3443	20	2	20 0 
 3444	20	2	19 1 
 3445	20	2	19 1 
 3446	20	2	19 1 
 3447	20	2	20 0 
 3448	20	2	20 0 
 3449	20	2	20 0 
 3450	20	2	19 1 
 3451	20	2	19 1 
 3452	20	2	20 0 
 3453	20	2	10 10 
 3454	20	2	8 12 
 3455	20	2	20 0 
 3456	20	2	20 0 
 3457	20	2	20 0 
 3458	20	2	5 15 
 3459	20	2	5 15 
 3460	20	2	19 1 
 3461	20	2	18 2 
 3462	20	2	1 19 
 3463	20	2	19 1 
 3464	20	2	19 1 
 3465	20	2	20 0 
 3466	20	2	20 0 
 3467	20	2	20 0 
 3468	20	2	20 0 
 3469	20	2	19 1 
 3470	20	2	19 1 
 3471	20	2	20 0 
 3472	20	2	20 0 
 3473	20	2	20 0 
 3474	20	2	19 1 
 3475	20	2	20 0 
 3476	20	2	20 0 
 3477	20	2	19 1 
 3478	20	2	20 0 
 3479	20	2	20 0 
 3480	20	2	20 0 
 3481	20	2	20 0 
 3482	20	2	20 0 
 3483	20	2	17 3 
 3484	20	2	20 0 
 3485	20	2	20 0 
 3486	20	2	20 0 
 3487	20	2	19 1 
 3488	20	2	19 1 
 3489	20	2	20 0 
 3490	20	2	20 0 
 3491	20	2	19 1 
 3492	20	2	19 1 
 3493	20	2	19 1 
 3494	20	2	20 0 
 3495	20	2	18 2 
 3496	20	2	19 1 
 3497	20	2	18 2 
 3498	20	2	8 12 
 3499	20	2	18 2 
 3500	20	2	19 1 
 3501	20	2	18 2 
 3502	20	2	19 1 
 3503	20	2	19 1 
 3504	20	2	19 1 
 3505	20	2	10 10 
 3506	20	2	17 3 
 3507	20	2	20 0 
 3508	20	2	15 5 
 3509	20	2	17 3 
 3510	20	2	17 3 
 3511	20	2	17 3 
 3512	20	2	15 5 
 3513	20	2	17 3 
 3514	20	2	20 0 
 3515	20	2	20 0 
 3516	20	2	19 1 
 3517	20	2	19 1 
 3518	20	2	20 0 
 3519	20	2	20 0 
 3520	20	2	20 0 
 3521	20	2	20 0 
 3522	20	2	20 0 
 3523	20	2	17 3 
 3524	20	2	20 0 
 3525	20	2	19 1 
 3526	20	2	20 0 
 3527	20	2	13 7 
 3528	20	2	13 7 
 3529	20	2	20 0 
 3530	20	2	20 0 
 3531	20	2	20 0 
 3532	20	2	20 0 
 3533	20	2	20 0 
 3534	20	2	20 0 
 3535	20	2	20 0 
 3536	20	2	16 4 
 3537	20	2	13 7 
 3538	20	2	19 1 
 3539	20	2	20 0 
 3540	20	2	19 1 
 3541	20	2	20 0 
 3542	20	2	20 0 
 3543	20	2	18 2 
 3544	20	2	4 16 
 3545	20	2	20 0 
 3546	20	2	18 2 
 3547	20	2	4 16 
 3548	20	2	20 0 
 3549	20	2	14 6 
 3550	20	2	20 0 
 3551	20	2	20 0 
 3552	20	2	20 0 
 3553	20	2	20 0 
 3554	20	2	20 0 
 3555	20	2	19 1 
 3556	20	2	0 20 
 3557	20	2	20 0 
 3558	20	2	20 0 
 3559	20	2	20 0 
 3560	20	2	19 1 
 3561	20	2	20 0 
 3562	20	2	20 0 
 3563	20	2	20 0 
 3564	20	2	20 0 
 3565	20	2	13 7 
 3566	20	2	19 1 
 3567	20	2	20 0 
 3568	20	2	20 0 
 3569	20	2	19 1 
 3570	20	2	20 0 
 3571	20	2	20 0 
 3572	20	2	18 2 
 3573	20	2	20 0 
 3574	20	2	17 3 
 3575	20	2	17 3 
 3576	20	2	20 0 
 3577	20	2	19 1 
 3578	20	2	20 0 
 3579	20	2	20 0 
 3580	20	2	20 0 
 3581	20	2	20 0 
 3582	20	2	20 0 
 3583	20	2	20 0 
 3584	20	2	20 0 
 3585	20	2	20 0 
 3586	20	2	20 0 
 3587	20	2	20 0 
 3588	20	2	20 0 
 3589	20	2	20 0 
 3590	20	2	20 0 
 3591	20	2	17 3 
 3592	20	2	19 1 
 3593	20	2	20 0 
 3594	20	2	20 0 
 3595	20	2	19 1 
 3596	20	2	20 0 
 3597	20	2	19 1 
 3598	20	2	20 0 
 3599	20	2	20 0 
 3600	20	2	19 1 
 3601	20	2	20 0 
 3602	20	2	20 0 
 3603	20	2	20 0 
 3604	20	2	20 0 
 3605	20	2	20 0 
 3606	20	2	20 0 
 3607	20	2	20 0 
 3608	20	2	20 0 
 3609	20	2	18 2 
 3610	20	2	19 1 
 3611	20	2	20 0 
 3612	20	2	8 12 
 3613	20	2	19 1 
 3614	20	2	20 0 
 3615	20	2	20 0 
 3616	20	2	18 2 
 3617	20	2	19 1 
 3618	20	2	17 3 
 3619	20	2	19 1 
 3620	20	2	20 0 
 3621	20	2	20 0 
 3622	20	2	20 0 
 3623	20	2	20 0 
 3624	20	2	16 4 
 3625	20	2	6 14 
 3626	20	2	19 1 
 3627	20	2	20 0 
 3628	20	2	18 2 
 3629	20	2	20 0 
 3630	20	2	19 1 
 3631	20	2	20 0 
 3632	20	2	19 1 
 3633	20	2	20 0 
 3634	20	2	16 4 
 3635	20	2	12 8 
 3636	20	2	20 0 
 3637	20	2	8 12 
 3638	20	2	20 0 
 3639	20	2	5 15 
 3640	20	2	20 0 
 3641	20	2	11 9 
 3642	20	2	20 0 
 3643	20	2	20 0 
 3644	20	2	20 0 
 3645	20	2	20 0 
 3646	20	2	20 0 
 3647	20	2	20 0 
 3648	20	2	20 0 
 3649	20	2	20 0 
 3650	20	2	20 0 
 3651	20	2	20 0 
 3652	20	2	20 0 
 3653	20	2	19 1 
 3654	20	2	15 5 
 3655	20	2	20 0 
 3656	20	2	12 8 
 3657	20	2	20 0 
 3658	20	2	20 0 
 3659	20	2	20 0 
 3660	20	2	20 0 
 3661	20	2	20 0 
 3662	20	2	19 1 
 3663	20	2	20 0 
 3664	20	2	17 3 
 3665	20	2	20 0 
 3666	20	2	20 0 
 3667	20	2	20 0 
 3668	20	2	19 1 
 3669	20	2	1 19 
 3670	20	2	20 0 
 3671	20	2	19 1 
 3672	20	2	20 0 
 3673	20	2	13 7 
 3674	20	2	14 6 
 3675	20	2	20 0 
 3676	20	2	13 7 
 3677	20	2	14 6 
 3678	20	2	13 7 
 3679	20	2	20 0 
 3680	20	2	19 1 
 3681	20	2	19 1 
 3682	20	2	19 1 
 3683	20	2	19 1 
 3684	20	2	20 0 
 3685	20	2	19 1 
 3686	20	2	20 0 
 3687	20	2	20 0 
 3688	20	2	20 0 
 3689	20	2	13 7 
 3690	20	2	20 0 
 3691	20	2	20 0 
 3692	20	2	16 4 
 3693	20	2	20 0 
 3694	20	2	20 0 
 3695	20	2	20 0 
 3696	20	2	19 1 
 3697	20	2	16 4 
 3698	20	2	20 0 
 3699	20	2	12 8 
 3700	20	2	20 0 
 3701	20	2	20 0 
 3702	20	2	13 7 
 3703	20	2	20 0 
 3704	20	2	20 0 
 3705	20	2	20 0 
 3706	20	2	20 0 
 3707	20	2	20 0 
 3708	20	2	20 0 
 3709	20	2	15 5 
 3710	20	2	20 0 
 3711	20	2	20 0 
 3712	20	2	20 0 
 3713	20	2	15 5 
 3714	20	2	20 0 
 3715	20	2	20 0 
 3716	20	2	20 0 
 3717	20	2	19 1 
 3718	20	2	20 0 
 3719	20	2	3 17 
 3720	20	2	3 17 
 3721	20	2	18 2 
 3722	20	2	3 17 
 3723	20	2	20 0 
 3724	20	2	19 1 
 3725	20	2	19 1 
 3726	20	2	20 0 
 3727	20	2	20 0 
 3728	20	2	20 0 
 3729	20	2	20 0 
 3730	20	2	19 1 
 3731	20	2	20 0 
 3732	20	2	20 0 
 3733	20	2	19 1 
 3734	20	2	15 5 
 3735	20	2	20 0 
 3736	20	2	15 5 
 3737	20	2	20 0 
 3738	20	2	4 16 
 3739	20	2	20 0 
 3740	20	2	20 0 
 3741	20	2	20 0 
 3742	20	2	13 7 
 3743	20	2	20 0 
 3744	20	2	20 0 
 3745	20	2	20 0 
 3746	20	2	1 19 
 3747	20	2	18 2 
 3748	20	2	20 0 
 3749	20	2	19 1 
 3750	20	2	20 0 
 3751	20	2	17 3 
 3752	20	2	20 0 
 3753	20	2	20 0 
 3754	20	2	20 0 
 3755	20	2	20 0 
 3756	20	2	20 0 
 3757	20	2	20 0 
 3758	20	2	20 0 
 3759	20	2	16 4 
 3760	20	2	9 11 
 3761	20	2	20 0 
 3762	20	2	17 3 
 3763	20	2	20 0 
 3764	20	2	18 2 
 3765	20	2	20 0 
 3766	20	2	20 0 
 3767	20	2	18 2 
 3768	20	2	19 1 
 3769	20	2	20 0 
 3770	20	2	19 1 
 3771	20	2	18 2 
 3772	20	2	20 0 
 3773	20	2	20 0 
 3774	20	2	18 2 
 3775	20	2	20 0 
 3776	20	2	20 0 
 3777	20	2	17 3 
 3778	20	2	18 2 
 3779	20	2	19 1 
 3780	20	2	20 0 
 3781	20	2	19 1 
 3782	20	2	17 3 
 3783	20	2	20 0 
 3784	20	2	20 0 
 3785	20	2	19 1 
 3786	20	2	7 13 
 3787	20	2	20 0 
 3788	20	2	19 1 
 3789	20	2	18 2 
 3790	20	2	18 2 
 3791	20	2	19 1 
 3792	20	2	19 1 
 3793	20	2	20 0 
 3794	20	2	17 3 
 3795	20	2	20 0 
 3796	20	2	20 0 
 3797	20	2	20 0 
 3798	20	2	19 1 
 3799	20	2	3 17 
 3800	20	2	20 0 
 3801	20	2	17 3 
 3802	20	2	19 1 
 3803	20	2	18 2 
 3804	20	2	18 2 
 3805	20	2	20 0 
 3806	20	2	20 0 
 3807	20	2	18 2 
 3808	20	2	18 2 
 3809	20	2	20 0 
 3810	20	2	18 2 
 3811	20	2	10 10 
 3812	20	2	10 10 
 3813	20	2	10 10 
 3814	20	2	10 10 
 3815	20	2	20 0 
 3816	20	2	20 0 
 3817	20	2	20 0 
 3818	20	2	20 0 
 3819	20	2	20 0 
 3820	20	2	20 0 
 3821	20	2	12 8 
 3822	20	2	20 0 
 3823	20	2	20 0 
 3824	20	2	20 0 
 3825	20	2	20 0 
 3826	20	2	20 0 
 3827	20	2	20 0 
 3828	20	2	20 0 
 3829	20	2	20 0 
 3830	20	2	20 0 
 3831	20	2	19 1 
 3832	20	2	15 5 
 3833	20	2	20 0 
 3834	20	2	15 5 
 3835	20	2	20 0 
 3836	20	2	15 5 
 3837	20	2	19 1 
 3838	20	2	20 0 
 3839	20	2	20 0 
 3840	20	2	20 0 
 3841	20	2	19 1 
 3842	20	2	20 0 
 3843	20	2	20 0 
 3844	20	2	1 19 
 3845	20	2	15 5 
 3846	20	2	20 0 
 3847	20	2	20 0 
 3848	20	2	19 1 
 3849	20	2	20 0 
 3850	20	2	20 0 
 3851	20	2	20 0 
 3852	20	2	13 7 
 3853	20	2	20 0 
 3854	20	2	17 3 
 3855	20	2	12 8 
 3856	20	2	20 0 
 3857	20	2	10 10 
 3858	20	2	20 0 
 3859	20	2	3 17 
 3860	20	2	19 1 
 3861	20	2	19 1 
 3862	20	2	20 0 
 3863	20	2	18 2 
 3864	20	2	16 4 
 3865	20	2	20 0 
 3866	20	2	19 1 
 3867	20	2	20 0 
 3868	20	2	20 0 
 3869	20	2	20 0 
 3870	20	2	20 0 
 3871	20	2	20 0 
 3872	20	2	20 0 
 3873	20	2	16 4 
 3874	20	2	20 0 
 3875	20	2	20 0 
 3876	20	2	19 1 
 3877	20	2	17 3 
 3878	20	2	17 3 
 3879	20	2	17 3 
 3880	20	2	20 0 
 3881	20	2	20 0 
 3882	20	2	18 2 
 3883	20	2	17 3 
 3884	20	2	20 0 
 3885	20	2	20 0 
 3886	20	2	20 0 
 3887	20	2	20 0 
 3888	20	2	20 0 
 3889	20	2	20 0 
 3890	20	2	20 0 
 3891	20	2	19 1 
 3892	20	2	17 3 
 3893	20	2	20 0 
 3894	20	2	20 0 
 3895	20	2	15 5 
 3896	20	2	20 0 
 3897	20	2	20 0 
 3898	20	2	15 5 
 3899	20	2	19 1 
 3900	20	2	20 0 
 3901	20	2	20 0 
 3902	20	2	20 0 
 3903	20	2	20 0 
 3904	20	2	20 0 
 3905	20	2	20 0 
 3906	20	2	19 1 
 3907	20	2	20 0 
 3908	20	2	0 20 
 3909	20	2	20 0 
 3910	20	2	19 1 
 3911	20	2	20 0 
 3912	20	2	19 1 
 3913	20	2	19 1 
 3914	20	2	19 1 
 3915	20	2	19 1 
 3916	20	2	20 0 
 3917	20	2	19 1 
 3918	20	2	19 1 
 3919	20	2	17 3 
 3920	20	2	20 0 
 3921	20	2	20 0 
 3922	20	2	19 1 
 3923	20	2	20 0 
 3924	20	2	20 0 
 3925	20	2	14 6 
 3926	20	2	20 0 
 3927	20	2	20 0 
 3928	20	2	20 0 
 3929	20	2	20 0 
 3930	20	2	20 0 
 3931	20	2	5 15 
 3932	20	2	18 2 
 3933	20	2	14 6 
 3934	20	2	20 0 
 3935	20	2	20 0 
 3936	20	2	20 0 
 3937	20	2	20 0 
 3938	20	2	20 0 
 3939	20	2	20 0 
 3940	20	2	18 2 
 3941	20	2	20 0 
 3942	20	2	20 0 
 3943	20	2	10 10 
 3944	20	2	19 1 
 3945	20	2	17 3 
 3946	20	2	13 7 
 3947	20	2	20 0 
 3948	20	2	3 17 
 3949	20	2	20 0 
 3950	20	2	20 0 
 3951	20	2	20 0 
 3952	20	2	18 2 
 3953	20	2	5 15 
 3954	20	2	20 0 
 3955	20	2	20 0 
 3956	20	2	19 1 
 3957	20	2	14 6 
 3958	20	2	6 14 
 3959	20	2	20 0 
 3960	20	2	20 0 
 3961	20	2	20 0 
 3962	20	2	14 6 
 3963	20	2	14 6 
 3964	20	2	20 0 
 3965	20	2	20 0 
 3966	20	2	20 0 
 3967	20	2	20 0 
 3968	20	2	20 0 
 3969	20	2	20 0 
 3970	20	2	20 0 
 3971	20	2	9 11 
 3972	20	2	11 9 
 3973	20	2	20 0 
 3974	20	2	20 0 
 3975	20	2	19 1 
 3976	20	2	19 1 
 3977	20	2	20 0 
 3978	20	2	15 5 
 3979	20	2	19 1 
 3980	20	2	20 0 
 3981	20	2	20 0 
 3982	20	2	20 0 
 3983	20	2	20 0 
 3984	20	2	19 1 
 3985	20	2	20 0 
 3986	20	2	20 0 
 3987	20	2	20 0 
 3988	20	2	20 0 
 3989	20	2	20 0 
 3990	20	2	20 0 
 3991	20	2	20 0 
 3992	20	2	20 0 
 3993	20	2	15 5 
 3994	20	2	18 2 
 3995	20	2	18 2 
 3996	20	2	20 0 
 3997	20	2	20 0 
 3998	20	2	20 0 
 3999	20	2	20 0 
 4000	20	2	19 1 
 4001	20	2	20 0 
 4002	20	2	20 0 
 4003	20	2	16 4 
 4004	20	2	15 5 
 4005	20	2	20 0 
 4006	20	2	17 3 
 4007	20	2	20 0 
 4008	20	2	20 0 
 4009	20	2	14 6 
 4010	20	2	20 0 
 4011	20	2	19 1 
 4012	20	2	20 0 
 4013	20	2	20 0 
 4014	20	2	19 1 
 4015	20	2	20 0 
 4016	20	2	20 0 
 4017	20	2	13 7 
 4018	20	2	15 5 
 4019	20	2	19 1 
 4020	20	2	20 0 
 4021	20	2	20 0 
 4022	20	2	16 4 
 4023	20	2	16 4 
 4024	20	2	20 0 
 4025	20	2	1 19 
 4026	20	2	16 4 
 4027	20	2	20 0 
 4028	20	2	19 1 
 4029	20	2	19 1 
 4030	20	2	20 0 
 4031	20	2	19 1 
 4032	20	2	13 7 
 4033	20	2	7 13 
 4034	20	2	20 0 
 4035	20	2	19 1 
 4036	20	2	20 0 
 4037	20	2	7 13 
 4038	20	2	20 0 
 4039	20	2	17 3 
 4040	20	2	20 0 
 4041	20	2	20 0 
 4042	20	2	19 1 
 4043	20	2	20 0 
 4044	20	2	19 1 
 4045	20	2	19 1 
 4046	20	2	19 1 
 4047	20	2	19 1 
 4048	20	2	20 0 
 4049	20	2	6 14 
 4050	20	2	19 1 
 4051	20	2	19 1 
 4052	20	2	19 1 
 4053	20	2	20 0 
 4054	20	2	19 1 
 4055	20	2	19 1 
 4056	20	2	20 0 
 4057	20	2	20 0 
 4058	20	2	20 0 
 4059	20	2	20 0 
 4060	20	2	19 1 
 4061	20	2	20 0 
 4062	20	2	19 1 
 4063	20	2	18 2 
 4064	20	2	20 0 
 4065	20	2	20 0 
 4066	20	2	20 0 
 4067	20	2	20 0 
 4068	20	2	20 0 
 4069	20	2	20 0 
 4070	20	2	19 1 
 4071	20	2	20 0 
 4072	20	2	20 0 
 4073	20	2	20 0 
 4074	20	2	20 0 
 4075	20	2	20 0 
 4076	20	2	20 0 
 4077	20	2	20 0 
 4078	20	2	20 0 
 4079	20	2	20 0 
 4080	20	2	20 0 
 4081	20	2	20 0 
 4082	20	2	20 0 
 4083	20	2	20 0 
 4084	20	2	20 0 
 4085	20	2	20 0 
 4086	20	2	20 0 
 4087	20	2	20 0 
 4088	20	2	16 4 
 4089	20	2	18 2 
 4090	20	2	20 0 
 4091	20	2	20 0 
 4092	20	2	20 0 
 4093	20	2	19 1 
 4094	20	2	20 0 
 4095	20	2	20 0 
 4096	20	2	20 0 
 4097	20	2	20 0 
 4098	20	2	5 15 
 4099	20	2	20 0 
 4100	20	2	17 3 
 4101	20	2	15 5 
 4102	20	2	5 15 
 4103	20	2	5 15 
 4104	20	2	20 0 
 4105	20	2	20 0 
 4106	20	2	20 0 
 4107	20	2	20 0 
 4108	20	2	19 1 
 4109	20	2	20 0 
 4110	20	2	20 0 
 4111	20	2	16 4 
 4112	20	2	18 2 
 4113	20	2	16 4 
 4114	20	2	18 2 
 4115	20	2	16 4 
 4116	20	2	18 2 
 4117	20	2	16 4 
 4118	20	2	16 4 
 4119	20	2	9 11 
 4120	20	2	18 2 
 4121	20	2	20 0 
 4122	20	2	20 0 
 4123	20	2	13 7 
 4124	20	2	18 2 
 4125	20	2	4 16 
 4126	20	2	11 9 
 4127	20	2	19 1 
 4128	20	2	20 0 
 4129	20	2	0 20 
 4130	20	2	20 0 
 4131	20	2	20 0 
 4132	20	2	20 0 
 4133	20	2	20 0 
 4134	20	2	16 4 
 4135	20	2	20 0 
 4136	20	2	20 0 
 4137	20	2	16 4 
 4138	20	2	19 1 
 4139	20	2	20 0 
 4140	20	2	20 0 
 4141	20	2	20 0 
 4142	20	2	7 13 
 4143	20	2	12 8 
 4144	20	2	20 0 
 4145	20	2	19 1 
 4146	20	2	20 0 
 4147	20	2	20 0 
 4148	20	2	0 20 
 4149	20	2	20 0 
 4150	20	2	20 0 
 4151	20	2	20 0 
 4152	20	2	20 0 
 4153	20	2	20 0 
 4154	20	2	20 0 
 4155	20	2	20 0 
 4156	20	2	20 0 
 4157	20	2	20 0 
 4158	20	2	14 6 
 4159	20	2	20 0 
 4160	20	2	19 1 
 4161	20	2	18 2 
 4162	20	2	19 1 
 4163	20	2	19 1 
 4164	20	2	17 3 
 4165	20	2	20 0 
 4166	20	2	19 1 
 4167	20	2	20 0 
 4168	20	2	17 3 
 4169	20	2	20 0 
 4170	20	2	20 0 
 4171	20	2	20 0 
 4172	20	2	20 0 
 4173	20	2	20 0 
 4174	20	2	20 0 
 4175	20	2	19 1 
 4176	20	2	17 3 
 4177	20	2	19 1 
 4178	20	2	20 0 
 4179	20	2	18 2 
 4180	20	2	17 3 
 4181	20	2	19 1 
 4182	20	2	20 0 
 4183	20	2	20 0 
 4184	20	2	20 0 
 4185	20	2	20 0 
 4186	20	2	20 0 
 4187	20	2	20 0 
 4188	20	2	20 0 
 4189	20	2	20 0 
 4190	20	2	20 0 
 4191	20	2	20 0 
 4192	20	2	20 0 
 4193	20	2	20 0 
 4194	20	2	20 0 
 4195	20	2	20 0 
 4196	20	2	12 8 
 4197	20	2	16 4 
 4198	20	2	20 0 
 4199	20	2	20 0 
 4200	20	2	20 0 
 4201	20	2	20 0 
 4202	20	2	20 0 
 4203	20	2	20 0 
 4204	20	2	16 4 
 4205	20	2	16 4 
 4206	20	2	14 6 
 4207	20	2	5 15 
 4208	20	2	20 0 
 4209	20	2	4 16 
 4210	20	2	20 0 
 4211	20	2	18 2 
 4212	20	2	18 2 
 4213	20	2	20 0 
 4214	20	2	18 2 
 4215	20	2	18 2 
 4216	20	2	18 2 
 4217	20	2	8 12 
 4218	20	2	19 1 
 4219	20	2	19 1 
 4220	20	2	20 0 
 4221	20	2	19 1 
 4222	20	2	20 0 
 4223	20	2	20 0 
 4224	20	2	20 0 
 4225	20	2	6 14 
 4226	20	2	20 0 
 4227	20	2	14 6 
 4228	20	2	17 3 
 4229	20	2	17 3 
 4230	20	2	20 0 
 4231	20	2	17 3 
 4232	20	2	20 0 
 4233	20	2	20 0 
 4234	20	2	20 0 
 4235	20	2	20 0 
 4236	20	2	20 0 
 4237	20	2	20 0 
 4238	20	2	0 20 
 4239	20	2	20 0 
 4240	20	2	0 20 
 4241	20	2	0 20 
 4242	20	2	15 5 
 4243	20	2	0 20 
 4244	20	2	0 20 
 4245	20	2	20 0 
 4246	20	2	16 4 
 4247	20	2	20 0 
 4248	20	2	20 0 
 4249	20	2	16 4 
 4250	20	2	20 0 
 4251	20	2	18 2 
 4252	20	2	20 0 
 4253	20	2	19 1 
 4254	20	2	20 0 
 4255	20	2	20 0 
 4256	20	2	20 0 
 4257	20	2	20 0 
 4258	20	2	20 0 
 4259	20	2	20 0 
 4260	20	2	20 0 
 4261	20	2	20 0 
 4262	20	2	20 0 
 4263	20	2	20 0 
 4264	20	2	20 0 
 4265	20	2	20 0 
 4266	20	2	20 0 
 4267	20	2	14 6 
 4268	20	2	18 2 
 4269	20	2	20 0 
 4270	20	2	20 0 
 4271	20	2	19 1 
 4272	20	2	20 0 
 4273	20	2	20 0 
 4274	20	2	20 0 
 4275	20	2	20 0 
 4276	20	2	15 5 
 4277	20	2	20 0 
 4278	20	2	20 0 
 4279	20	2	20 0 
 4280	20	2	20 0 
 4281	20	2	19 1 
 4282	20	2	20 0 
 4283	20	2	20 0 
 4284	20	2	20 0 
 4285	20	2	19 1 
 4286	20	2	19 1 
 4287	20	2	20 0 
 4288	20	2	18 2 
 4289	20	2	19 1 
 4290	20	2	20 0 
 4291	20	2	20 0 
 4292	20	2	19 1 
 4293	20	2	20 0 
 4294	20	2	19 1 
 4295	20	2	19 1 
 4296	20	2	13 7 
 4297	20	2	20 0 
 4298	20	2	20 0 
 4299	20	2	19 1 
 4300	20	2	20 0 
 4301	20	2	18 2 
 4302	20	2	20 0 
 4303	20	2	18 2 
 4304	20	2	20 0 
 4305	20	2	0 20 
 4306	20	2	0 20 
 4307	20	2	20 0 
 4308	20	2	0 20 
 4309	20	2	14 6 
 4310	20	2	20 0 
 4311	20	2	20 0 
 4312	20	2	20 0 
 4313	20	2	20 0 
 4314	20	2	20 0 
 4315	20	2	20 0 
 4316	20	2	20 0 
 4317	20	2	20 0 
 4318	20	2	20 0 
 4319	20	2	20 0 
 4320	20	2	20 0 
 4321	20	2	20 0 
 4322	20	2	20 0 
 4323	20	2	20 0 
 4324	20	2	20 0 
 4325	20	2	20 0 
 4326	20	2	13 7 
 4327	20	2	20 0 
 4328	20	2	18 2 
 4329	20	2	9 11 
 4330	20	2	20 0 
 4331	20	2	20 0 
 4332	20	2	18 2 
 4333	20	2	20 0 
 4334	20	2	20 0 
 4335	20	2	20 0 
 4336	20	2	20 0 
 4337	20	2	20 0 
 4338	20	2	20 0 
 4339	20	2	20 0 
 4340	20	2	19 1 
 4341	20	2	20 0 
 4342	20	2	15 5 
 4343	20	2	20 0 
 4344	20	2	20 0 
 4345	20	2	16 4 
 4346	20	2	11 9 
 4347	20	2	15 5 
 4348	20	2	15 5 
 4349	20	2	20 0 
 4350	20	2	20 0 
 4351	20	2	19 1 
 4352	20	2	11 9 
 4353	20	2	17 3 
 4354	20	2	12 8 
 4355	20	2	11 9 
 4356	20	2	11 9 
 4357	20	2	18 2 
 4358	20	2	20 0 
 4359	20	2	20 0 
 4360	20	2	20 0 
 4361	20	2	19 1 
 4362	20	2	15 5 
 4363	20	2	20 0 
 4364	20	2	15 5 
 4365	20	2	15 5 
 4366	20	2	20 0 
 4367	20	2	20 0 
 4368	20	2	19 1 
 4369	20	2	20 0 
 4370	20	2	20 0 
 4371	20	2	20 0 
 4372	20	2	0 20 
 4373	20	2	20 0 
 4374	20	2	14 6 
 4375	20	2	4 16 
 4376	20	2	0 20 
 4377	20	2	19 1 
 4378	20	2	20 0 
 4379	20	2	20 0 
 4380	20	2	16 4 
 4381	20	2	19 1 
 4382	20	2	20 0 
 4383	20	2	20 0 
 4384	20	2	20 0 
 4385	20	2	18 2 
 4386	20	2	20 0 
 4387	20	2	20 0 
 4388	20	2	20 0 
 4389	20	2	18 2 
 4390	20	2	20 0 
 4391	20	2	20 0 
 4392	20	2	15 5 
 4393	20	2	20 0 
 4394	20	2	20 0 
 4395	20	2	20 0 
 4396	20	2	19 1 
 4397	20	2	19 1 
 4398	20	2	20 0 
 4399	20	2	20 0 
 4400	20	2	20 0 
 4401	20	2	20 0 
 4402	20	2	20 0 
 4403	20	2	19 1 
 4404	20	2	16 4 
 4405	20	2	20 0 
 4406	20	2	20 0 
 4407	20	2	20 0 
 4408	20	2	20 0 
 4409	20	2	20 0 
 4410	20	2	20 0 
 4411	20	2	20 0 
 4412	20	2	20 0 
 4413	20	2	19 1 
 4414	20	2	20 0 
 4415	20	2	20 0 
 4416	20	2	20 0 
 4417	20	2	20 0 
 4418	20	2	20 0 
 4419	20	2	16 4 
 4420	20	2	4 16 
 4421	20	2	4 16 
 4422	20	2	20 0 
 4423	20	2	19 1 
 4424	20	2	20 0 
 4425	20	2	20 0 
 4426	20	2	20 0 
 4427	20	2	16 4 
 4428	20	2	16 4 
 4429	20	2	20 0 
 4430	20	2	18 2 
 4431	20	2	20 0 
 4432	20	2	20 0 
 4433	20	2	19 1 
 4434	20	2	19 1 
 4435	20	2	20 0 
 4436	20	2	20 0 
 4437	20	2	17 3 
 4438	20	2	19 1 
 4439	20	2	20 0 
 4440	20	2	19 1 
 4441	20	2	19 1 
 4442	20	2	20 0 
 4443	20	2	20 0 
 4444	20	2	20 0 
 4445	20	2	20 0 
 4446	20	2	20 0 
 4447	20	2	20 0 
 4448	20	2	19 1 
 4449	20	2	20 0 
 4450	20	2	17 3 
 4451	20	2	20 0 
 4452	20	2	20 0 
 4453	20	2	20 0 
 4454	20	2	20 0 
 4455	20	2	20 0 
 4456	20	2	20 0 
 4457	20	2	16 4 
 4458	20	2	19 1 
 4459	20	2	20 0 
 4460	20	2	20 0 
 4461	20	2	20 0 
 4462	20	2	20 0 
 4463	20	2	20 0 
 4464	20	2	20 0 
 4465	20	2	16 4 
 4466	20	2	20 0 
 4467	20	2	19 1 
 4468	20	2	20 0 
 4469	20	2	20 0 
 4470	20	2	20 0 
 4471	20	2	19 1 
 4472	20	2	17 3 
 4473	20	2	20 0 
 4474	20	2	19 1 
 4475	20	2	19 1 
 4476	20	2	19 1 
 4477	20	2	19 1 
 4478	20	2	19 1 
 4479	20	2	20 0 
 4480	20	2	20 0 
 4481	20	2	19 1 
 4482	20	2	20 0 
 4483	20	2	19 1 
 4484	20	2	19 1 
 4485	20	2	19 1 
 4486	20	2	19 1 
 4487	20	2	19 1 
 4488	20	2	19 1 
 4489	20	2	12 8 
 4490	20	2	20 0 
 4491	20	2	20 0 
 4492	20	2	20 0 
 4493	20	2	19 1 
 4494	20	2	20 0 
 4495	20	2	20 0 
 4496	20	2	17 3 
 4497	20	2	6 14 
 4498	20	2	18 2 
 4499	20	2	17 3 
 4500	20	2	19 1 
 4501	20	2	18 2 
 4502	20	2	20 0 
 4503	20	2	18 2 
 4504	20	2	18 2 
 4505	20	2	18 2 
 4506	20	2	18 2 
 4507	20	2	20 0 
 4508	20	2	19 1 
 4509	20	2	18 2 
 4510	20	2	18 2 
 4511	20	2	20 0 
 4512	20	2	20 0 
 4513	20	2	17 3 
 4514	20	2	19 1 
 4515	20	2	17 3 
 4516	20	2	20 0 
 4517	20	2	19 1 
 4518	20	2	20 0 
 4519	20	2	18 2 
 4520	20	2	20 0 
 4521	20	2	19 1 
 4522	20	2	0 20 
 4523	20	2	19 1 
 4524	20	2	19 1 
 4525	20	2	18 2 
 4526	20	2	18 2 
 4527	20	2	20 0 
 4528	20	2	20 0 
 4529	20	2	20 0 
 4530	20	2	0 20 
 4531	20	2	20 0 
 4532	20	2	19 1 
 4533	20	2	19 1 
 4534	20	2	19 1 
 4535	20	2	16 4 
 4536	20	2	16 4 
 4537	20	2	20 0 
 4538	20	2	17 3 
 4539	20	2	20 0 
 4540	20	2	20 0 
 4541	20	2	20 0 
 4542	20	2	20 0 
 4543	20	2	20 0 
 4544	20	2	20 0 
 4545	20	2	20 0 
 4546	20	2	3 17 
 4547	20	2	20 0 
 4548	20	2	8 12 
 4549	20	2	20 0 
 4550	20	2	8 12 
 4551	20	2	20 0 
 4552	20	2	18 2 
 4553	20	2	19 1 
 4554	20	2	20 0 
 4555	20	2	18 2 
 4556	20	2	19 1 
 4557	20	2	20 0 
 4558	20	2	19 1 
 4559	20	2	20 0 
 4560	20	2	20 0 
 4561	20	2	20 0 
 4562	20	2	20 0 
 4563	20	2	19 1 
 4564	20	2	19 1 
 4565	20	2	18 2 
 4566	20	2	20 0 
 4567	20	2	18 2 
 4568	20	2	18 2 
 4569	20	2	18 2 
 4570	20	2	16 4 
 4571	20	2	20 0 
 4572	20	2	18 2 
 4573	20	2	11 9 
 4574	20	2	20 0 
 4575	20	2	20 0 
 4576	20	2	20 0 
 4577	20	2	20 0 
 4578	20	2	20 0 
 4579	20	2	15 5 
 4580	20	2	19 1 
 4581	20	2	20 0 
 4582	20	2	12 8 
 4583	20	2	19 1 
 4584	20	2	19 1 
 4585	20	2	11 9 
 4586	20	2	20 0 
 4587	20	2	20 0 
 4588	20	2	20 0 
 4589	20	2	20 0 
 4590	20	2	16 4 
 4591	20	2	19 1 
 4592	20	2	18 2 
 4593	20	2	20 0 
 4594	20	2	20 0 
 4595	20	2	17 3 
 4596	20	2	20 0 
 4597	20	2	20 0 
 4598	20	2	20 0 
 4599	20	2	20 0 
 4600	20	2	20 0 
 4601	20	2	19 1 
 4602	20	2	20 0 
 4603	20	2	20 0 
 4604	20	2	20 0 
 4605	20	2	12 8 
 4606	20	2	20 0 
 4607	20	2	19 1 
 4608	20	2	19 1 
 4609	20	2	20 0 
 4610	20	2	20 0 
 4611	20	2	20 0 
 4612	20	2	20 0 
 4613	20	2	19 1 
 4614	20	2	19 1 
 4615	20	2	13 7 
 4616	20	2	20 0 
 4617	20	2	18 2 
 4618	20	2	20 0 
 4619	20	2	20 0 
 4620	20	2	20 0 
 4621	20	2	19 1 
 4622	20	2	10 10 
 4623	20	2	16 4 
 4624	20	2	10 10 
 4625	20	2	10 10 
 4626	20	2	17 3 
 4627	20	2	17 3 
 4628	20	2	19 1 
 4629	20	2	17 3 
 4630	20	2	0 20 
 4631	20	2	20 0 
 4632	20	2	20 0 
 4633	20	2	20 0 
 4634	20	2	19 1 
 4635	20	2	20 0 
 4636	20	2	20 0 
 4637	20	2	14 6 
 4638	20	2	17 3 
 4639	20	2	14 6 
 4640	20	2	1 19 
 4641	20	2	19 1 
 4642	20	2	11 9 
 4643	20	2	20 0 
 4644	20	2	0 20 
 4645	20	2	10 10 
 4646	20	2	19 1 
 4647	20	2	10 10 
 4648	20	2	10 10 
 4649	20	2	19 1 
 4650	20	2	20 0 
 4651	20	2	19 1 
 4652	20	2	20 0 
 4653	20	2	15 5 
 4654	20	2	20 0 
 4655	20	2	19 1 
 4656	20	2	20 0 
 4657	20	2	20 0 
 4658	20	2	20 0 
 4659	20	2	20 0 
 4660	20	2	20 0 
 4661	20	2	19 1 
 4662	20	2	20 0 
 4663	20	2	19 1 
 4664	20	2	20 0 
 4665	20	2	19 1 
 4666	20	2	20 0 
 4667	20	2	20 0 
 4668	20	2	20 0 
 4669	20	2	20 0 
 4670	20	2	19 1 
 4671	20	2	19 1 
 4672	20	2	20 0 
 4673	20	2	20 0 
 4674	20	2	20 0 
 4675	20	2	19 1 
 4676	20	2	19 1 
 4677	20	2	17 3 
 4678	20	2	16 4 
 4679	20	2	20 0 
 4680	20	2	20 0 
 4681	20	2	18 2 
 4682	20	2	20 0 
 4683	20	2	20 0 
 4684	20	2	20 0 
 4685	20	2	20 0 
 4686	20	2	20 0 
 4687	20	2	20 0 
 4688	20	2	20 0 
 4689	20	2	19 1 
 4690	20	2	20 0 
 4691	20	2	17 3 
 4692	20	2	20 0 
 4693	20	2	20 0 
 4694	20	2	18 2 
 4695	20	2	18 2 
 4696	20	2	8 12 
 4697	20	2	0 20 
 4698	20	2	17 3 
 4699	20	2	16 4 
 4700	20	2	18 2 
 4701	20	2	19 1 
 4702	20	2	20 0 
 4703	20	2	19 1 
 4704	20	2	19 1 
 4705	20	2	16 4 
 4706	20	2	20 0 
 4707	20	2	20 0 
 4708	20	2	19 1 
 4709	20	2	20 0 
 4710	20	2	0 20 
 4711	20	2	20 0 
 4712	20	2	20 0 
 4713	20	2	18 2 
 4714	20	2	20 0 
 4715	20	2	19 1 
 4716	20	2	19 1 
 4717	20	2	19 1 
 4718	20	2	19 1 
 4719	20	2	20 0 
 4720	20	2	20 0 
 4721	20	2	20 0 
 4722	20	2	20 0 
 4723	20	2	20 0 
 4724	20	2	17 3 
 4725	20	2	20 0 
 4726	20	2	20 0 
 4727	20	2	20 0 
 4728	20	2	20 0 
 4729	20	2	20 0 
 4730	20	2	20 0 
 4731	20	2	20 0 
 4732	20	2	20 0 
 4733	20	2	19 1 
 4734	20	2	19 1 
 4735	20	2	20 0 
 4736	20	2	16 4 
 4737	20	2	20 0 
 4738	20	2	20 0 
 4739	20	2	19 1 
 4740	20	2	12 8 
 4741	20	2	19 1 
 4742	20	2	12 8 
 4743	20	2	12 8 
 4744	20	2	20 0 
 4745	20	2	12 8 
 4746	20	2	20 0 
 4747	20	2	20 0 
 4748	20	2	20 0 
 4749	20	2	20 0 
 4750	20	2	9 11 
 4751	20	2	20 0 
 4752	20	2	16 4 
 4753	20	2	19 1 
 4754	20	2	20 0 
 4755	20	2	20 0 
 4756	20	2	3 17 
 4757	20	2	19 1 
 4758	20	2	20 0 
 4759	20	2	19 1 
 4760	20	2	20 0 
 4761	20	2	18 2 
 4762	20	2	20 0 
 4763	20	2	20 0 
 4764	20	2	20 0 
 4765	20	2	20 0 
 4766	20	2	20 0 
 4767	20	2	20 0 
 4768	20	2	20 0 
 4769	20	2	20 0 
 4770	20	2	20 0 
 4771	20	2	19 1 
 4772	20	2	20 0 
 4773	20	2	18 2 
 4774	20	2	20 0 
 4775	20	2	20 0 
 4776	20	2	20 0 
 4777	20	2	20 0 
 4778	20	2	20 0 
 4779	20	2	20 0 
 4780	20	2	20 0 
 4781	20	2	20 0 
 4782	20	2	13 7 
 4783	20	2	13 7 
 4784	20	2	20 0 
 4785	20	2	20 0 
 4786	20	2	20 0 
 4787	20	2	20 0 
 4788	20	2	7 13 
 4789	20	2	15 5 
 4790	20	2	15 5 
 4791	20	2	20 0 
 4792	20	2	20 0 
 4793	20	2	20 0 
 4794	20	2	20 0 
 4795	20	2	20 0 
 4796	20	2	19 1 
 4797	20	2	20 0 
 4798	20	2	19 1 
 4799	20	2	20 0 
 4800	20	2	20 0 
 4801	20	2	19 1 
 4802	20	2	19 1 
 4803	20	2	20 0 
 4804	20	2	17 3 
 4805	20	2	20 0 
 4806	20	2	20 0 
 4807	20	2	20 0 
 4808	20	2	20 0 
 4809	20	2	19 1 
 4810	20	2	20 0 
 4811	20	2	18 2 
 4812	20	2	18 2 
 4813	20	2	0 20 
 4814	20	2	20 0 
 4815	20	2	20 0 
 4816	20	2	20 0 
 4817	20	2	20 0 
 4818	20	2	20 0 
 4819	20	2	18 2 
 4820	20	2	20 0 
 4821	20	2	14 6 
 4822	20	2	20 0 
 4823	20	2	18 2 
 4824	20	2	15 5 
 4825	20	2	20 0 
 4826	20	2	20 0 
 4827	20	2	20 0 
 4828	20	2	20 0 
 4829	20	2	19 1 
 4830	20	2	20 0 
 4831	20	2	14 6 
 4832	20	2	20 0 
 4833	20	2	20 0 
 4834	20	2	17 3 
 4835	20	2	11 9 
 4836	20	2	11 9 
 4837	20	2	11 9 
 4838	20	2	9 11 
 4839	20	2	9 11 
 4840	20	2	9 11 
 4841	20	2	17 3 
 4842	20	2	9 11 
 4843	20	2	20 0 
 4844	20	2	20 0 
 4845	20	2	20 0 
 4846	20	2	20 0 
 4847	20	2	19 1 
 4848	20	2	20 0 
 4849	20	2	20 0 
 4850	20	2	20 0 
 4851	20	2	18 2 
 4852	20	2	20 0 
 4853	20	2	20 0 
 4854	20	2	20 0 
 4855	20	2	16 4 
 4856	20	2	20 0 
 4857	20	2	16 4 
 4858	20	2	20 0 
 4859	20	2	20 0 
 4860	20	2	20 0 
 4861	20	2	19 1 
 4862	20	2	15 5 
 4863	20	2	20 0 
 4864	20	2	20 0 
 4865	20	2	20 0 
 4866	20	2	20 0 
 4867	20	2	20 0 
 4868	20	2	19 1 
 4869	20	2	17 3 
 4870	20	2	17 3 
 4871	20	2	17 3 
 4872	20	2	15 5 
 4873	20	2	20 0 
 4874	20	2	20 0 
 4875	20	2	20 0 
 4876	20	2	15 5 
 4877	20	2	20 0 
 4878	20	2	20 0 
 4879	20	2	20 0 
 4880	20	2	20 0 
 4881	20	2	20 0 
 4882	20	2	16 4 
 4883	20	2	18 2 
 4884	20	2	18 2 
 4885	20	2	20 0 
 4886	20	2	20 0 
 4887	20	2	19 1 
 4888	20	2	20 0 
 4889	20	2	6 14 
 4890	20	2	14 6 
 4891	20	2	14 6 
 4892	20	2	20 0 
 4893	20	2	7 13 
 4894	20	2	16 4 
 4895	20	2	16 4 
 4896	20	2	16 4 
 4897	20	2	16 4 
 4898	20	2	16 4 
 4899	20	2	12 8 
 4900	20	2	19 1 
 4901	20	2	19 1 
 4902	20	2	18 2 
 4903	20	2	19 1 
 4904	20	2	18 2 
 4905	20	2	20 0 
 4906	20	2	20 0 
 4907	20	2	20 0 
 4908	20	2	20 0 
 4909	20	2	20 0 
 4910	20	2	20 0 
 4911	20	2	20 0 
 4912	20	2	20 0 
 4913	20	2	20 0 
 4914	20	2	20 0 
 4915	20	2	19 1 
 4916	20	2	20 0 
 4917	20	2	20 0 
 4918	20	2	17 3 
 4919	20	2	20 0 
 4920	20	2	20 0 
 4921	20	2	14 6 
 4922	20	2	20 0 
 4923	20	2	20 0 
 4924	20	2	19 1 
 4925	20	2	5 15 
 4926	20	2	20 0 
 4927	20	2	15 5 
 4928	20	2	20 0 
 4929	20	2	19 1 
 4930	20	2	16 4 
 4931	20	2	20 0 
 4932	20	2	20 0 
 4933	20	2	20 0 
 4934	20	2	20 0 
 4935	20	2	20 0 
 4936	20	2	20 0 
 4937	20	2	14 6 
 4938	20	2	15 5 
 4939	20	2	15 5 
 4940	20	2	14 6 
 4941	20	2	20 0 
 4942	20	2	9 11 
 4943	20	2	9 11 
 4944	20	2	9 11 
 4945	20	2	20 0 
 4946	20	2	17 3 
 4947	20	2	19 1 
 4948	20	2	17 3 
 4949	20	2	20 0 
 4950	20	2	20 0 
 4951	20	2	20 0 
 4952	20	2	20 0 
 4953	20	2	0 20 
 4954	20	2	20 0 
 4955	20	2	20 0 
 4956	20	2	20 0 
 4957	20	2	20 0 
 4958	20	2	20 0 
 4959	20	2	16 4 
 4960	20	2	16 4 
 4961	20	2	20 0 
 4962	20	2	1 19 
 4963	20	2	19 1 
 4964	20	2	20 0 
 4965	20	2	20 0 
 4966	20	2	20 0 
 4967	20	2	20 0 
 4968	20	2	20 0 
 4969	20	2	20 0 
 4970	20	2	20 0 
 4971	20	2	20 0 
 4972	20	2	13 7 
 4973	20	2	13 7 
 4974	20	2	13 7 
 4975	20	2	20 0 
 4976	20	2	15 5 
 4977	20	2	20 0 
 4978	20	2	20 0 
 4979	20	2	17 3 
 4980	20	2	19 1 
 4981	20	2	20 0 
 4982	20	2	14 6 
 4983	20	2	15 5 
 4984	20	2	19 1 
 4985	20	2	20 0 
 4986	20	2	20 0 
 4987	20	2	20 0 
 4988	20	2	0 20 
 4989	20	2	16 4 
 4990	20	2	20 0 
 4991	20	2	12 8 
 4992	20	2	18 2 
 4993	20	2	17 3 
 4994	20	2	18 2 
 4995	20	2	20 0 
 4996	20	2	17 3 
 4997	20	2	20 0 
 4998	20	2	16 4 
 4999	20	2	20 0 
 5000	20	2	19 1 
 5001	20	2	20 0 
 5002	20	2	20 0 
 5003	20	2	20 0 
 5004	20	2	19 1 
 5005	20	2	19 1 
 5006	20	2	20 0 
 5007	20	2	19 1 
 5008	20	2	19 1 
 5009	20	2	18 2 
 5010	20	2	19 1 
 5011	20	2	20 0 
 5012	20	2	20 0 
 5013	20	2	19 1 
 5014	20	2	20 0 
 5015	20	2	20 0 
 5016	20	2	20 0 
 5017	20	2	19 1 
 5018	20	2	19 1 
 5019	20	2	20 0 
 5020	20	2	18 2 
 5021	20	2	18 2 
 5022	20	2	20 0 
 5023	20	2	17 3 
 5024	20	2	20 0 
 5025	20	2	20 0 
 5026	20	2	20 0 
 5027	20	2	20 0 
 5028	20	2	20 0 
 5029	20	2	20 0 
 5030	20	2	20 0 
 5031	20	2	19 1 
 5032	20	2	20 0 
 5033	20	2	19 1 
 5034	20	2	20 0 
 5035	20	2	6 14 
 5036	20	2	6 14 
 5037	20	2	20 0 
 5038	20	2	6 14 
 5039	20	2	20 0 
 5040	20	2	20 0 
 5041	20	2	20 0 
 5042	20	2	19 1 
 5043	20	2	20 0 
 5044	20	2	20 0 
 5045	20	2	17 3 
 5046	20	2	18 2 
 5047	20	2	20 0 
 5048	20	2	20 0 
 5049	20	2	17 3 
 5050	20	2	17 3 
 5051	20	2	20 0 
 5052	20	2	20 0 
 5053	20	2	20 0 
 5054	20	2	20 0 
 5055	20	2	19 1 
 5056	20	2	18 2 
 5057	20	2	20 0 
 5058	20	2	20 0 
 5059	20	2	20 0 
 5060	20	2	20 0 
 5061	20	2	20 0 
 5062	20	2	20 0 
 5063	20	2	19 1 
 5064	20	2	20 0 
 5065	20	2	20 0 
 5066	20	2	17 3 
 5067	20	2	17 3 
 5068	20	2	18 2 
 5069	20	2	17 3 
 5070	20	2	20 0 
 5071	20	2	15 5 
 5072	20	2	20 0 
 5073	20	2	20 0 
 5074	20	2	18 2 
 5075	20	2	20 0 
 5076	20	2	18 2 
 5077	20	2	18 2 
 5078	20	2	20 0 
 5079	20	2	3 17 
 5080	20	2	12 8 
 5081	20	2	19 1 
 5082	20	2	20 0 
 5083	20	2	11 9 
 5084	20	2	11 9 
 5085	20	2	20 0 
 5086	20	2	19 1 
 5087	20	2	18 2 
 5088	20	2	2 18 
 5089	20	2	16 4 
 5090	20	2	20 0 
 5091	20	2	19 1 
 5092	20	2	19 1 
 5093	20	2	19 1 
 5094	20	2	19 1 
 5095	20	2	19 1 
 5096	20	2	20 0 
 5097	20	2	20 0 
 5098	20	2	19 1 
 5099	20	2	1 19 
 5100	20	2	16 4 
 5101	20	2	20 0 
 5102	20	2	2 18 
 5103	20	2	2 18 
 5104	20	2	20 0 
 5105	20	2	6 14 
 5106	20	2	15 5 
 5107	20	2	20 0 
 5108	20	2	2 18 
 5109	20	2	20 0 
 5110	20	2	20 0 
 5111	20	2	20 0 
 5112	20	2	20 0 
 5113	20	2	19 1 
 5114	20	2	20 0 
 5115	20	2	20 0 
 5116	20	2	20 0 
 5117	20	2	19 1 
 5118	20	2	12 8 
 5119	20	2	19 1 
 5120	20	2	20 0 
 5121	20	2	20 0 
 5122	20	2	16 4 
 5123	20	2	20 0 
 5124	20	2	19 1 
 5125	20	2	16 4 
 5126	20	2	19 1 
 5127	20	2	16 4 
 5128	20	2	16 4 
 5129	20	2	15 5 
 5130	20	2	16 4 
 5131	20	2	19 1 
 5132	20	2	20 0 
 5133	20	2	20 0 
 5134	20	2	19 1 
 5135	20	2	20 0 
 5136	20	2	19 1 
 5137	20	2	19 1 
 5138	20	2	19 1 
 5139	20	2	19 1 
 5140	20	2	20 0 
 5141	20	2	20 0 
 5142	20	2	19 1 
 5143	20	2	20 0 
 5144	20	2	18 2 
 5145	20	2	9 11 
 5146	20	2	11 9 
 5147	20	2	20 0 
 5148	20	2	20 0 
 5149	20	2	17 3 
 5150	20	2	2 18 
 5151	20	2	11 9 
 5152	20	2	19 1 
 5153	20	2	2 18 
 5154	20	2	20 0 
 5155	20	2	16 4 
 5156	20	2	19 1 
 5157	20	2	18 2 
 5158	20	2	20 0 
 5159	20	2	19 1 
 5160	20	2	19 1 
 5161	20	2	20 0 
 5162	20	2	19 1 
 5163	20	2	20 0 
 5164	20	2	20 0 
 5165	20	2	19 1 
 5166	20	2	20 0 
 5167	20	2	20 0 
 5168	20	2	20 0 
 5169	20	2	1 19 
 5170	20	2	20 0 
 5171	20	2	1 19 
 5172	20	2	20 0 
 5173	20	2	19 1 
 5174	20	2	20 0 
 5175	20	2	20 0 
 5176	20	2	19 1 
 5177	20	2	20 0 
 5178	20	2	19 1 
 5179	20	2	20 0 
 5180	20	2	5 15 
 5181	20	2	15 5 
 5182	20	2	0 20 
 5183	20	2	20 0 
 5184	20	2	18 2 
 5185	20	2	20 0 
 5186	20	2	15 5 
 5187	20	2	15 5 
 5188	20	2	20 0 
 5189	20	2	18 2 
 5190	20	2	20 0 
 5191	20	2	15 5 
 5192	20	2	20 0 
 5193	20	2	15 5 
 5194	20	2	4 16 
 5195	20	2	20 0 
 5196	20	2	19 1 
 5197	20	2	20 0 
 5198	20	2	19 1 
 5199	20	2	20 0 
 5200	20	2	17 3 
 5201	20	2	8 12 
 5202	20	2	3 17 
 5203	20	2	20 0 
 5204	20	2	19 1 
 5205	20	2	20 0 
 5206	20	2	19 1 
 5207	20	2	18 2 
 5208	20	2	20 0 
 5209	20	2	19 1 
 5210	20	2	3 17 
 5211	20	2	20 0 
 5212	20	2	5 15 
 5213	20	2	3 17 
 5214	20	2	15 5 
 5215	20	2	18 2 
 5216	20	2	15 5 
 5217	20	2	18 2 
 5218	20	2	20 0 
 5219	20	2	19 1 
 5220	20	2	20 0 
 5221	20	2	20 0 
 5222	20	2	17 3 
 5223	20	2	16 4 
 5224	20	2	20 0 
 5225	20	2	19 1 
 5226	20	2	20 0 
 5227	20	2	20 0 
 5228	20	2	20 0 
 5229	20	2	20 0 
 5230	20	2	20 0 
 5231	20	2	16 4 
 5232	20	2	20 0 
 5233	20	2	20 0 
 5234	20	2	19 1 
 5235	20	2	4 16 
 5236	20	2	13 7 
 5237	20	2	17 3 
 5238	20	2	20 0 
 5239	20	2	10 10 
 5240	20	2	18 2 
 5241	20	2	18 2 
 5242	20	2	20 0 
 5243	20	2	10 10 
 5244	20	2	15 5 
 5245	20	2	15 5 
 5246	20	2	19 1 
 5247	20	2	17 3 
 5248	20	2	18 2 
 5249	20	2	18 2 
 5250	20	2	20 0 
 5251	20	2	19 1 
 5252	20	2	6 14 
 5253	20	2	9 11 
 5254	20	2	17 3 
 5255	20	2	20 0 
 5256	20	2	20 0 
 5257	20	2	20 0 
 5258	20	2	20 0 
 5259	20	2	16 4 
 5260	20	2	20 0 
 5261	20	2	20 0 
 5262	20	2	20 0 
 5263	20	2	18 2 
 5264	20	2	20 0 
 5265	20	2	19 1 
 5266	20	2	16 4 
 5267	20	2	16 4 
 5268	20	2	20 0 
 5269	20	2	20 0 
 5270	20	2	20 0 
 5271	20	2	16 4 
 5272	20	2	7 13 
 5273	20	2	20 0 
 5274	20	2	7 13 
 5275	20	2	19 1 
 5276	20	2	19 1 
 5277	20	2	20 0 
 5278	20	2	20 0 
 5279	20	2	20 0 
 5280	20	2	20 0 
 5281	20	2	20 0 
 5282	20	2	19 1 
 5283	20	2	20 0 
 5284	20	2	20 0 
 5285	20	2	20 0 
 5286	20	2	19 1 
 5287	20	2	20 0 
 5288	20	2	19 1 
 5289	20	2	20 0 
 5290	20	2	20 0 
 5291	20	2	20 0 
 5292	20	2	11 9 
 5293	20	2	10 10 
 5294	20	2	20 0 
 5295	20	2	19 1 
 5296	20	2	20 0 
 5297	20	2	20 0 
 5298	20	2	20 0 
 5299	20	2	20 0 
 5300	20	2	20 0 
 5301	20	2	20 0 
 5302	20	2	19 1 
 5303	20	2	20 0 
 5304	20	2	14 6 
 5305	20	2	19 1 
 5306	20	2	20 0 
 5307	20	2	0 20 
 5308	20	2	20 0 
 5309	20	2	19 1 
 5310	20	2	19 1 
 5311	20	2	20 0 
 5312	20	2	20 0 
 5313	20	2	20 0 
 5314	20	2	20 0 
 5315	20	2	20 0 
 5316	20	2	12 8 
 5317	20	2	20 0 
 5318	20	2	20 0 
 5319	20	2	20 0 
 5320	20	2	18 2 
 5321	20	2	20 0 
 5322	20	2	20 0 
 5323	20	2	17 3 
 5324	20	2	20 0 
 5325	20	2	20 0 
 5326	20	2	9 11 
 5327	20	2	20 0 
 5328	20	2	19 1 
 5329	20	2	15 5 
 5330	20	2	19 1 
 5331	20	2	20 0 
 5332	20	2	20 0 
 5333	20	2	11 9 
 5334	20	2	15 5 
 5335	20	2	20 0 
 5336	20	2	5 15 
 5337	20	2	5 15 
 5338	20	2	20 0 
 5339	20	2	20 0 
 5340	20	2	20 0 
 5341	20	2	20 0 
 5342	20	2	19 1 
 5343	20	2	17 3 
 5344	20	2	14 6 
 5345	20	2	20 0 
 5346	20	2	20 0 
 5347	20	2	6 14 
 5348	20	2	20 0 
 5349	20	2	5 15 
 5350	20	2	19 1 
 5351	20	2	11 9 
 5352	20	2	20 0 
 5353	20	2	20 0 
 5354	20	2	20 0 
 5355	20	2	20 0 
 5356	20	2	20 0 
 5357	20	2	20 0 
 5358	20	2	20 0 
 5359	20	2	20 0 
 5360	20	2	17 3 
 5361	20	2	20 0 
 5362	20	2	17 3 
 5363	20	2	20 0 
 5364	20	2	20 0 
 5365	20	2	20 0 
 5366	20	2	20 0 
 5367	20	2	20 0 
 5368	20	2	20 0 
 5369	20	2	20 0 
 5370	20	2	20 0 
 5371	20	2	20 0 
 5372	20	2	17 3 
 5373	20	2	20 0 
 5374	20	2	20 0 
 5375	20	2	20 0 
 5376	20	2	19 1 
 5377	20	2	20 0 
 5378	20	2	20 0 
 5379	20	2	20 0 
 5380	20	2	20 0 
 5381	20	2	20 0 
 5382	20	2	17 3 
 5383	20	2	17 3 
 5384	20	2	17 3 
 5385	20	2	19 1 
 5386	20	2	18 2 
 5387	20	2	20 0 
 5388	20	2	20 0 
 5389	20	2	18 2 
 5390	20	2	20 0 
 5391	20	2	18 2 
 5392	20	2	20 0 
 5393	20	2	20 0 
 5394	20	2	14 6 
 5395	20	2	18 2 
 5396	20	2	20 0 
 5397	20	2	19 1 
 5398	20	2	20 0 
 5399	20	2	19 1 
 5400	20	2	19 1 
 5401	20	2	19 1 
 5402	20	2	20 0 
 5403	20	2	20 0 
 5404	20	2	16 4 
 5405	20	2	19 1 
 5406	20	2	19 1 
 5407	20	2	20 0 
 5408	20	2	19 1 
 5409	20	2	19 1 
 5410	20	2	20 0 
 5411	20	2	18 2 
 5412	20	2	19 1 
 5413	20	2	20 0 
 5414	20	2	20 0 
 5415	20	2	19 1 
 5416	20	2	18 2 
 5417	20	2	20 0 
 5418	20	2	16 4 
 5419	20	2	17 3 
 5420	20	2	20 0 
 5421	20	2	20 0 
 5422	20	2	17 3 
 5423	20	2	18 2 
 5424	20	2	20 0 
 5425	20	2	20 0 
 5426	20	2	19 1 

[pop]=9
 1	6	2	5 1 
 2	6	2	6 0 
 3	6	2	5 1 
 4	6	2	5 1 
 5	6	2	6 0 
 6	6	2	6 0 
 7	6	2	6 0 
 8	6	2	6 0 
 9	6	2	6 0 
 10	6	2	6 0 
 11	6	2	3 3 
 12	6	2	3 3 
 13	6	2	5 1 
 14	6	2	6 0 
 15	6	2	6 0 
 16	6	2	5 1 
 17	6	2	6 0 
 18	6	2	4 2 
 19	6	2	6 0 
 20	6	2	6 0 
 21	6	2	5 1 
 22	6	2	6 0 
 23	6	2	5 1 
 24	6	2	6 0 
 25	6	2	6 0 
 26	6	2	6 0 
 27	6	2	6 0 
 28	6	2	4 2 
 29	6	2	6 0 
 30	6	2	6 0 
 31	6	2	6 0 
 32	6	2	6 0 
 33	6	2	6 0 
 34	6	2	5 1 
 35	6	2	2 4 
 36	6	2	6 0 
 37	6	2	5 1 
 38	6	2	5 1 
 39	6	2	6 0 
 40	6	2	6 0 
 41	6	2	2 4 
 42	6	2	6 0 
 43	6	2	1 5 
 44	6	2	6 0 
 45	6	2	6 0 
 46	6	2	6 0 
 47	6	2	6 0 
 48	6	2	5 1 
 49	6	2	6 0 
 50	6	2	6 0 
 51	6	2	6 0 
 52	6	2	6 0 
 53	6	2	6 0 
 54	6	2	4 2 
 55	6	2	6 0 
 56	6	2	6 0 
 57	6	2	6 0 
 58	6	2	6 0 
 59	6	2	0 6 
 60	6	2	5 1 
 61	6	2	0 6 
 62	6	2	5 1 
 63	6	2	6 0 
 64	6	2	6 0 
 65	6	2	6 0 
 66	6	2	6 0 
 67	6	2	6 0 
 68	6	2	6 0 
 69	6	2	6 0 
 70	6	2	6 0 
 71	6	2	5 1 
 72	6	2	6 0 
 73	6	2	6 0 
 74	6	2	5 1 
 75	6	2	6 0 
 76	6	2	6 0 
 77	6	2	6 0 
 78	6	2	6 0 
 79	6	2	6 0 
 80	6	2	6 0 
 81	6	2	6 0 
 82	6	2	6 0 
 83	6	2	6 0 
 84	6	2	6 0 
 85	6	2	5 1 
 86	6	2	5 1 
 87	6	2	5 1 
 88	6	2	6 0 
 89	6	2	6 0 
 90	6	2	6 0 
 91	6	2	6 0 
 92	6	2	6 0 
 93	6	2	6 0 
 94	6	2	6 0 
 95	6	2	6 0 
 96	6	2	6 0 
 97	6	2	6 0 
 98	6	2	6 0 
 99	6	2	6 0 
 100	6	2	6 0 
 101	6	2	6 0 
 102	6	2	0 6 
 103	6	2	6 0 
 104	6	2	5 1 
 105	6	2	5 1 
 106	6	2	5 1 
 107	6	2	5 1 
 108	6	2	6 0 
 109	6	2	5 1 
 110	6	2	6 0 
 111	6	2	6 0 
 112	6	2	6 0 
 113	6	2	5 1 
 114	6	2	6 0 
 115	6	2	5 1 
 116	6	2	0 6 
 117	6	2	0 6 
 118	6	2	5 1 
 119	6	2	6 0 
 120	6	2	6 0 
 121	6	2	6 0 
 122	6	2	6 0 
 123	6	2	6 0 
 124	6	2	6 0 
 125	6	2	6 0 
 126	6	2	5 1 
 127	6	2	5 1 
 128	6	2	6 0 
 129	6	2	6 0 
 130	6	2	6 0 
 131	6	2	6 0 
 132	6	2	6 0 
 133	6	2	6 0 
 134	6	2	6 0 
 135	6	2	6 0 
 136	6	2	6 0 
 137	6	2	6 0 
 138	6	2	6 0 
 139	6	2	6 0 
 140	6	2	6 0 
 141	6	2	6 0 
 142	6	2	3 3 
 143	6	2	3 3 
 144	6	2	6 0 
 145	6	2	6 0 
 146	6	2	6 0 
 147	6	2	6 0 
 148	6	2	6 0 
 149	6	2	6 0 
 150	6	2	6 0 
 151	6	2	6 0 
 152	6	2	0 6 
 153	6	2	6 0 
 154	6	2	6 0 
 155	6	2	6 0 
 156	6	2	5 1 
 157	6	2	3 3 
 158	6	2	6 0 
 159	6	2	6 0 
 160	6	2	4 2 
 161	6	2	6 0 
 162	6	2	6 0 
 163	6	2	6 0 
 164	6	2	6 0 
 165	6	2	6 0 
 166	6	2	6 0 
 167	6	2	6 0 
 168	6	2	6 0 
 169	6	2	6 0 
 170	6	2	6 0 
 171	6	2	6 0 
 172	6	2	6 0 
 173	6	2	6 0 
 174	6	2	6 0 
 175	6	2	6 0 
 176	6	2	6 0 
 177	6	2	6 0 
 178	6	2	6 0 
 179	6	2	6 0 
 180	6	2	6 0 
 181	6	2	6 0 
 182	6	2	6 0 
 183	6	2	6 0 
 184	6	2	6 0 
 185	6	2	6 0 
 186	6	2	6 0 
 187	6	2	6 0 
 188	6	2	6 0 
 189	6	2	6 0 
 190	6	2	6 0 
 191	6	2	6 0 
 192	6	2	6 0 
 193	6	2	6 0 
 194	6	2	4 2 
 195	6	2	6 0 
 196	6	2	0 6 
 197	6	2	6 0 
 198	6	2	6 0 
 199	6	2	6 0 
 200	6	2	6 0 
 201	6	2	6 0 
 202	6	2	4 2 
 203	6	2	6 0 
 204	6	2	4 2 
 205	6	2	4 2 
 206	6	2	6 0 
 207	6	2	6 0 
 208	6	2	4 2 
 209	6	2	6 0 
 210	6	2	6 0 
 211	6	2	6 0 
 212	6	2	6 0 
 213	6	2	6 0 
 214	6	2	6 0 
 215	6	2	6 0 
 216	6	2	3 3 
 217	6	2	3 3 
 218	6	2	3 3 
 219	6	2	3 3 
 220	6	2	5 1 
 221	6	2	5 1 
 222	6	2	6 0 
 223	6	2	6 0 
 224	6	2	6 0 
 225	6	2	5 1 
 226	6	2	6 0 
 227	6	2	6 0 
 228	6	2	6 0 
 229	6	2	6 0 
 230	6	2	6 0 
 231	6	2	6 0 
 232	6	2	5 1 
 233	6	2	6 0 
 234	6	2	6 0 
 235	6	2	6 0 
 236	6	2	6 0 
 237	6	2	5 1 
 238	6	2	5 1 
 239	6	2	5 1 
 240	6	2	6 0 
 241	6	2	6 0 
 242	6	2	5 1 
 243	6	2	6 0 
 244	6	2	1 5 
 245	6	2	6 0 
 246	6	2	6 0 
 247	6	2	6 0 
 248	6	2	6 0 
 249	6	2	6 0 
 250	6	2	6 0 
 251	6	2	6 0 
 252	6	2	6 0 
 253	6	2	6 0 
 254	6	2	1 5 
 255	6	2	6 0 
 256	6	2	6 0 
 257	6	2	3 3 
 258	6	2	1 5 
 259	6	2	6 0 
 260	6	2	6 0 
 261	6	2	3 3 
 262	6	2	6 0 
 263	6	2	5 1 
 264	6	2	5 1 
 265	6	2	6 0 
 266	6	2	6 0 
 267	6	2	6 0 
 268	6	2	6 0 
 269	6	2	6 0 
 270	6	2	6 0 
 271	6	2	5 1 
 272	6	2	6 0 
 273	6	2	5 1 
 274	6	2	6 0 
 275	6	2	6 0 
 276	6	2	6 0 
 277	6	2	6 0 
 278	6	2	6 0 
 279	6	2	6 0 
 280	6	2	6 0 
 281	6	2	6 0 
 282	6	2	6 0 
 283	6	2	6 0 
 284	6	2	5 1 
 285	6	2	6 0 
 286	6	2	6 0 
 287	6	2	4 2 
 288	6	2	6 0 
 289	6	2	4 2 
 290	6	2	6 0 
 291	6	2	6 0 
 292	6	2	6 0 
 293	6	2	6 0 
 294	6	2	6 0 
 295	6	2	6 0 
 296	6	2	6 0 
 297	6	2	6 0 
 298	6	2	6 0 
 299	6	2	6 0 
 300	6	2	6 0 
 301	6	2	6 0 
 302	6	2	0 6 
 303	6	2	6 0 
 304	6	2	6 0 
 305	6	2	6 0 
 306	6	2	6 0 
 307	6	2	6 0 
 308	6	2	6 0 
 309	6	2	6 0 
 310	6	2	6 0 
 311	6	2	5 1 
 312	6	2	6 0 
 313	6	2	6 0 
 314	6	2	6 0 
 315	6	2	3 3 
 316	6	2	6 0 
 317	6	2	6 0 
 318	6	2	6 0 
 319	6	2	1 5 
 320	6	2	0 6 
 321	6	2	6 0 
 322	6	2	6 0 
 323	6	2	6 0 
 324	6	2	5 1 
 325	6	2	6 0 
 326	6	2	6 0 
 327	6	2	5 1 
 328	6	2	6 0 
 329	6	2	6 0 
 330	6	2	6 0 
 331	6	2	6 0 
 332	6	2	6 0 
 333	6	2	6 0 
 334	6	2	6 0 
 335	6	2	4 2 
 336	6	2	6 0 
 337	6	2	6 0 
 338	6	2	6 0 
 339	6	2	5 1 
 340	6	2	5 1 
 341	6	2	6 0 
 342	6	2	6 0 
 343	6	2	5 1 
 344	6	2	6 0 
 345	6	2	4 2 
 346	6	2	4 2 
 347	6	2	6 0 
 348	6	2	5 1 
 349	6	2	6 0 
 350	6	2	5 1 
 351	6	2	6 0 
 352	6	2	2 4 
 353	6	2	5 1 
 354	6	2	5 1 
 355	6	2	6 0 
 356	6	2	6 0 
 357	6	2	6 0 
 358	6	2	6 0 
 359	6	2	6 0 
 360	6	2	5 1 
 361	6	2	6 0 
 362	6	2	5 1 
 363	6	2	1 5 
 364	6	2	5 1 
 365	6	2	6 0 
 366	6	2	6 0 
 367	6	2	5 1 
 368	6	2	5 1 
 369	6	2	0 6 
 370	6	2	2 4 
 371	6	2	6 0 
 372	6	2	0 6 
 373	6	2	6 0 
 374	6	2	6 0 
 375	6	2	0 6 
 376	6	2	5 1 
 377	6	2	6 0 
 378	6	2	6 0 
 379	6	2	6 0 
 380	6	2	6 0 
 381	6	2	5 1 
 382	6	2	6 0 
 383	6	2	6 0 
 384	6	2	6 0 
 385	6	2	6 0 
 386	6	2	6 0 
 387	6	2	6 0 
 388	6	2	6 0 
 389	6	2	6 0 
 390	6	2	6 0 
 391	6	2	6 0 
 392	6	2	6 0 
 393	6	2	0 6 
 394	6	2	6 0 
 395	6	2	6 0 
 396	6	2	6 0 
 397	6	2	6 0 
 398	6	2	6 0 
 399	6	2	6 0 
 400	6	2	6 0 
 401	6	2	6 0 
 402	6	2	6 0 
 403	6	2	6 0 
 404	6	2	6 0 
 405	6	2	6 0 
 406	6	2	3 3 
 407	6	2	6 0 
 408	6	2	6 0 
 409	6	2	6 0 
 410	6	2	6 0 
 411	6	2	6 0 
 412	6	2	6 0 
 413	6	2	6 0 
 414	6	2	5 1 
 415	6	2	5 1 
 416	6	2	5 1 
 417	6	2	6 0 
 418	6	2	6 0 
 419	6	2	6 0 
 420	6	2	5 1 
 421	6	2	6 0 
 422	6	2	6 0 
 423	6	2	6 0 
 424	6	2	6 0 
 425	6	2	6 0 
 426	6	2	6 0 
 427	6	2	6 0 
 428	6	2	6 0 
 429	6	2	6 0 
 430	6	2	6 0 
 431	6	2	6 0 
 432	6	2	6 0 
 433	6	2	6 0 
 434	6	2	6 0 
 435	6	2	5 1 
 436	6	2	5 1 
 437	6	2	2 4 
 438	6	2	6 0 
 439	6	2	6 0 
 440	6	2	5 1 
 441	6	2	6 0 
 442	6	2	6 0 
 443	6	2	6 0 
 444	6	2	6 0 
 445	6	2	6 0 
 446	6	2	6 0 
 447	6	2	6 0 
 448	6	2	6 0 
 449	6	2	6 0 
 450	6	2	1 5 
 451	6	2	6 0 
 452	6	2	1 5 
 453	6	2	6 0 
 454	6	2	6 0 
 455	6	2	6 0 
 456	6	2	6 0 
 457	6	2	6 0 
 458	6	2	6 0 
 459	6	2	6 0 
 460	6	2	6 0 
 461	6	2	6 0 
 462	6	2	6 0 
 463	6	2	6 0 
 464	6	2	6 0 
 465	6	2	6 0 
 466	6	2	6 0 
 467	6	2	6 0 
 468	6	2	6 0 
 469	6	2	6 0 
 470	6	2	6 0 
 471	6	2	6 0 
 472	6	2	6 0 
 473	6	2	6 0 
 474	6	2	0 6 
 475	6	2	6 0 
 476	6	2	1 5 
 477	6	2	6 0 
 478	6	2	6 0 
 479	6	2	6 0 
 480	6	2	6 0 
 481	6	2	0 6 
 482	6	2	6 0 
 483	6	2	6 0 
 484	6	2	6 0 
 485	6	2	6 0 
 486	6	2	0 6 
 487	6	2	6 0 
 488	6	2	6 0 
 489	6	2	6 0 
 490	6	2	5 1 
 491	6	2	6 0 
 492	6	2	6 0 
 493	6	2	6 0 
 494	6	2	6 0 
 495	6	2	6 0 
 496	6	2	6 0 
 497	6	2	5 1 
 498	6	2	6 0 
 499	6	2	5 1 
 500	6	2	5 1 
 501	6	2	6 0 
 502	6	2	6 0 
 503	6	2	6 0 
 504	6	2	6 0 
 505	6	2	5 1 
 506	6	2	6 0 
 507	6	2	6 0 
 508	6	2	6 0 
 509	6	2	6 0 
 510	6	2	6 0 
 511	6	2	1 5 
 512	6	2	6 0 
 513	6	2	6 0 
 514	6	2	6 0 
 515	6	2	5 1 
 516	6	2	6 0 
 517	6	2	6 0 
 518	6	2	6 0 
 519	6	2	6 0 
 520	6	2	3 3 
 521	6	2	6 0 
 522	6	2	0 6 
 523	6	2	6 0 
 524	6	2	6 0 
 525	6	2	6 0 
 526	6	2	6 0 
 527	6	2	6 0 
 528	6	2	6 0 
 529	6	2	6 0 
 530	6	2	6 0 
 531	6	2	6 0 
 532	6	2	6 0 
 533	6	2	2 4 
 534	6	2	5 1 
 535	6	2	6 0 
 536	6	2	6 0 
 537	6	2	6 0 
 538	6	2	6 0 
 539	6	2	1 5 
 540	6	2	0 6 
 541	6	2	5 1 
 542	6	2	5 1 
 543	6	2	6 0 
 544	6	2	6 0 
 545	6	2	4 2 
 546	6	2	6 0 
 547	6	2	4 2 
 548	6	2	6 0 
 549	6	2	6 0 
 550	6	2	6 0 
 551	6	2	6 0 
 552	6	2	6 0 
 553	6	2	6 0 
 554	6	2	6 0 
 555	6	2	6 0 
 556	6	2	6 0 
 557	6	2	0 6 
 558	6	2	6 0 
 559	6	2	6 0 
 560	6	2	6 0 
 561	6	2	6 0 
 562	6	2	6 0 
 563	6	2	6 0 
 564	6	2	6 0 
 565	6	2	6 0 
 566	6	2	6 0 
 567	6	2	6 0 
 568	6	2	6 0 
 569	6	2	6 0 
 570	6	2	3 3 
 571	6	2	6 0 
 572	6	2	6 0 
 573	6	2	6 0 
 574	6	2	6 0 
 575	6	2	6 0 
 576	6	2	6 0 
 577	6	2	1 5 
 578	6	2	6 0 
 579	6	2	6 0 
 580	6	2	6 0 
 581	6	2	6 0 
 582	6	2	5 1 
 583	6	2	6 0 
 584	6	2	5 1 
 585	6	2	4 2 
 586	6	2	6 0 
 587	6	2	4 2 
 588	6	2	5 1 
 589	6	2	6 0 
 590	6	2	4 2 
 591	6	2	4 2 
 592	6	2	6 0 
 593	6	2	6 0 
 594	6	2	6 0 
 595	6	2	5 1 
 596	6	2	6 0 
 597	6	2	6 0 
 598	6	2	6 0 
 599	6	2	6 0 
 600	6	2	5 1 
 601	6	2	6 0 
 602	6	2	6 0 
 603	6	2	6 0 
 604	6	2	6 0 
 605	6	2	4 2 
 606	6	2	5 1 
 607	6	2	6 0 
 608	6	2	6 0 
 609	6	2	1 5 
 610	6	2	6 0 
 611	6	2	3 3 
 612	6	2	6 0 
 613	6	2	3 3 
 614	6	2	6 0 
 615	6	2	6 0 
 616	6	2	6 0 
 617	6	2	3 3 
 618	6	2	6 0 
 619	6	2	6 0 
 620	6	2	3 3 
 621	6	2	6 0 
 622	6	2	6 0 
 623	6	2	2 4 
 624	6	2	4 2 
 625	6	2	5 1 
 626	6	2	4 2 
 627	6	2	6 0 
 628	6	2	6 0 
 629	6	2	6 0 
 630	6	2	6 0 
 631	6	2	6 0 
 632	6	2	2 4 
 633	6	2	6 0 
 634	6	2	6 0 
 635	6	2	6 0 
 636	6	2	6 0 
 637	6	2	6 0 
 638	6	2	5 1 
 639	6	2	5 1 
 640	6	2	6 0 
 641	6	2	6 0 
 642	6	2	6 0 
 643	6	2	6 0 
 644	6	2	6 0 
 645	6	2	6 0 
 646	6	2	6 0 
 647	6	2	6 0 
 648	6	2	6 0 
 649	6	2	0 6 
 650	6	2	5 1 
 651	6	2	5 1 
 652	6	2	6 0 
 653	6	2	6 0 
 654	6	2	6 0 
 655	6	2	6 0 
 656	6	2	6 0 
 657	6	2	6 0 
 658	6	2	6 0 
 659	6	2	2 4 
 660	6	2	6 0 
 661	6	2	6 0 
 662	6	2	6 0 
 663	6	2	4 2 
 664	6	2	2 4 
 665	6	2	6 0 
 666	6	2	6 0 
 667	6	2	6 0 
 668	6	2	4 2 
 669	6	2	6 0 
 670	6	2	6 0 
 671	6	2	6 0 
 672	6	2	6 0 
 673	6	2	6 0 
 674	6	2	6 0 
 675	6	2	6 0 
 676	6	2	6 0 
 677	6	2	6 0 
 678	6	2	6 0 
 679	6	2	6 0 
 680	6	2	4 2 
 681	6	2	6 0 
 682	6	2	6 0 
 683	6	2	6 0 
 684	6	2	6 0 
 685	6	2	5 1 
 686	6	2	6 0 
 687	6	2	6 0 
 688	6	2	6 0 
 689	6	2	6 0 
 690	6	2	6 0 
 691	6	2	6 0 
 692	6	2	6 0 
 693	6	2	6 0 
 694	6	2	4 2 
 695	6	2	6 0 
 696	6	2	6 0 
 697	6	2	5 1 
 698	6	2	6 0 
 699	6	2	6 0 
 700	6	2	0 6 
 701	6	2	0 6 
 702	6	2	6 0 
 703	6	2	6 0 
 704	6	2	6 0 
 705	6	2	6 0 
 706	6	2	6 0 
 707	6	2	6 0 
 708	6	2	6 0 
 709	6	2	6 0 
 710	6	2	6 0 
 711	6	2	6 0 
 712	6	2	5 1 
 713	6	2	6 0 
 714	6	2	6 0 
 715	6	2	6 0 
 716	6	2	6 0 
 717	6	2	6 0 
 718	6	2	6 0 
 719	6	2	6 0 
 720	6	2	6 0 
 721	6	2	6 0 
 722	6	2	6 0 
 723	6	2	6 0 
 724	6	2	2 4 
 725	6	2	2 4 
 726	6	2	4 2 
 727	6	2	4 2 
 728	6	2	4 2 
 729	6	2	4 2 
 730	6	2	6 0 
 731	6	2	2 4 
 732	6	2	2 4 
 733	6	2	6 0 
 734	6	2	6 0 
 735	6	2	6 0 
 736	6	2	5 1 
 737	6	2	6 0 
 738	6	2	6 0 
 739	6	2	6 0 
 740	6	2	6 0 
 741	6	2	6 0 
 742	6	2	6 0 
 743	6	2	6 0 
 744	6	2	6 0 
 745	6	2	6 0 
 746	6	2	6 0 
 747	6	2	6 0 
 748	6	2	5 1 
 749	6	2	6 0 
 750	6	2	6 0 
 751	6	2	6 0 
 752	6	2	6 0 
 753	6	2	6 0 
 754	6	2	6 0 
 755	6	2	6 0 
 756	6	2	6 0 
 757	6	2	4 2 
 758	6	2	6 0 
 759	6	2	6 0 
 760	6	2	6 0 
 761	6	2	6 0 
 762	6	2	0 6 
 763	6	2	5 1 
 764	6	2	5 1 
 765	6	2	6 0 
 766	6	2	6 0 
 767	6	2	6 0 
 768	6	2	6 0 
 769	6	2	3 3 
 770	6	2	3 3 
 771	6	2	4 2 
 772	6	2	3 3 
 773	6	2	3 3 
 774	6	2	1 5 
 775	6	2	6 0 
 776	6	2	6 0 
 777	6	2	6 0 
 778	6	2	1 5 
 779	6	2	6 0 
 780	6	2	1 5 
 781	6	2	6 0 
 782	6	2	6 0 
 783	6	2	6 0 
 784	6	2	5 1 
 785	6	2	5 1 
 786	6	2	6 0 
 787	6	2	6 0 
 788	6	2	6 0 
 789	6	2	6 0 
 790	6	2	6 0 
 791	6	2	6 0 
 792	6	2	6 0 
 793	6	2	4 2 
 794	6	2	6 0 
 795	6	2	6 0 
 796	6	2	6 0 
 797	6	2	6 0 
 798	6	2	6 0 
 799	6	2	6 0 
 800	6	2	6 0 
 801	6	2	5 1 
 802	6	2	6 0 
 803	6	2	6 0 
 804	6	2	6 0 
 805	6	2	5 1 
 806	6	2	6 0 
 807	6	2	5 1 
 808	6	2	6 0 
 809	6	2	6 0 
 810	6	2	6 0 
 811	6	2	6 0 
 812	6	2	6 0 
 813	6	2	6 0 
 814	6	2	6 0 
 815	6	2	2 4 
 816	6	2	2 4 
 817	6	2	6 0 
 818	6	2	4 2 
 819	6	2	6 0 
 820	6	2	0 6 
 821	6	2	6 0 
 822	6	2	6 0 
 823	6	2	6 0 
 824	6	2	6 0 
 825	6	2	1 5 
 826	6	2	6 0 
 827	6	2	6 0 
 828	6	2	6 0 
 829	6	2	0 6 
 830	6	2	6 0 
 831	6	2	6 0 
 832	6	2	6 0 
 833	6	2	6 0 
 834	6	2	6 0 
 835	6	2	6 0 
 836	6	2	6 0 
 837	6	2	6 0 
 838	6	2	6 0 
 839	6	2	2 4 
 840	6	2	6 0 
 841	6	2	4 2 
 842	6	2	6 0 
 843	6	2	6 0 
 844	6	2	6 0 
 845	6	2	6 0 
 846	6	2	6 0 
 847	6	2	6 0 
 848	6	2	6 0 
 849	6	2	6 0 
 850	6	2	6 0 
 851	6	2	6 0 
 852	6	2	6 0 
 853	6	2	4 2 
 854	6	2	6 0 
 855	6	2	6 0 
 856	6	2	6 0 
 857	6	2	5 1 
 858	6	2	6 0 
 859	6	2	6 0 
 860	6	2	6 0 
 861	6	2	6 0 
 862	6	2	6 0 
 863	6	2	6 0 
 864	6	2	6 0 
 865	6	2	6 0 
 866	6	2	6 0 
 867	6	2	2 4 
 868	6	2	6 0 
 869	6	2	6 0 
 870	6	2	6 0 
 871	6	2	6 0 
 872	6	2	6 0 
 873	6	2	6 0 
 874	6	2	6 0 
 875	6	2	6 0 
 876	6	2	6 0 
 877	6	2	6 0 
 878	6	2	6 0 
 879	6	2	6 0 
 880	6	2	6 0 
 881	6	2	6 0 
 882	6	2	6 0 
 883	6	2	6 0 
 884	6	2	6 0 
 885	6	2	6 0 
 886	6	2	6 0 
 887	6	2	6 0 
 888	6	2	6 0 
 889	6	2	6 0 
 890	6	2	4 2 
 891	6	2	0 6 
 892	6	2	6 0 
 893	6	2	6 0 
 894	6	2	6 0 
 895	6	2	4 2 
 896	6	2	4 2 
 897	6	2	6 0 
 898	6	2	6 0 
 899	6	2	6 0 
 900	6	2	6 0 
 901	6	2	4 2 
 902	6	2	6 0 
 903	6	2	6 0 
 904	6	2	5 1 
 905	6	2	5 1 
 906	6	2	5 1 
 907	6	2	5 1 
 908	6	2	6 0 
 909	6	2	0 6 
 910	6	2	6 0 
 911	6	2	6 0 
 912	6	2	6 0 
 913	6	2	6 0 
 914	6	2	6 0 
 915	6	2	0 6 
 916	6	2	6 0 
 917	6	2	5 1 
 918	6	2	6 0 
 919	6	2	6 0 
 920	6	2	6 0 
 921	6	2	6 0 
 922	6	2	6 0 
 923	6	2	6 0 
 924	6	2	6 0 
 925	6	2	3 3 
 926	6	2	6 0 
 927	6	2	6 0 
 928	6	2	4 2 
 929	6	2	6 0 
 930	6	2	6 0 
 931	6	2	6 0 
 932	6	2	6 0 
 933	6	2	6 0 
 934	6	2	6 0 
 935	6	2	6 0 
 936	6	2	6 0 
 937	6	2	6 0 
 938	6	2	6 0 
 939	6	2	4 2 
 940	6	2	6 0 
 941	6	2	6 0 
 942	6	2	6 0 
 943	6	2	6 0 
 944	6	2	6 0 
 945	6	2	6 0 
 946	6	2	6 0 
 947	6	2	6 0 
 948	6	2	6 0 
 949	6	2	6 0 
 950	6	2	6 0 
 951	6	2	6 0 
 952	6	2	3 3 
 953	6	2	6 0 
 954	6	2	6 0 
 955	6	2	5 1 
 956	6	2	2 4 
 957	6	2	2 4 
 958	6	2	6 0 
 959	6	2	6 0 
 960	6	2	6 0 
 961	6	2	6 0 
 962	6	2	6 0 
 963	6	2	3 3 
 964	6	2	6 0 
 965	6	2	3 3 
 966	6	2	6 0 
 967	6	2	2 4 
 968	6	2	2 4 
 969	6	2	6 0 
 970	6	2	6 0 
 971	6	2	6 0 
 972	6	2	6 0 
 973	6	2	6 0 
 974	6	2	6 0 
 975	6	2	5 1 
 976	6	2	6 0 
 977	6	2	6 0 
 978	6	2	6 0 
 979	6	2	6 0 
 980	6	2	6 0 
 981	6	2	6 0 
 982	6	2	6 0 
 983	6	2	6 0 
 984	6	2	6 0 
 985	6	2	6 0 
 986	6	2	6 0 
 987	6	2	0 6 
 988	6	2	6 0 
 989	6	2	6 0 
 990	6	2	6 0 
 991	6	2	6 0 
 992	6	2	6 0 
 993	6	2	6 0 
 994	6	2	6 0 
 995	6	2	6 0 
 996	6	2	6 0 
 997	6	2	6 0 
 998	6	2	6 0 
 999	6	2	6 0 
 1000	6	2	6 0 
 1001	6	2	1 5 
 1002	6	2	6 0 
 1003	6	2	6 0 
 1004	6	2	6 0 
 1005	6	2	6 0 
 1006	6	2	6 0 
 1007	6	2	6 0 
 1008	6	2	2 4 
 1009	6	2	6 0 
 1010	6	2	6 0 
 1011	6	2	4 2 
 1012	6	2	4 2 
 1013	6	2	4 2 
 1014	6	2	6 0 
 1015	6	2	4 2 
 1016	6	2	5 1 
 1017	6	2	6 0 
 1018	6	2	5 1 
 1019	6	2	5 1 
 1020	6	2	6 0 
 1021	6	2	6 0 
 1022	6	2	6 0 
 1023	6	2	3 3 
 1024	6	2	3 3 
 1025	6	2	5 1 
 1026	6	2	6 0 
 1027	6	2	6 0 
 1028	6	2	6 0 
 1029	6	2	6 0 
 1030	6	2	1 5 
 1031	6	2	1 5 
 1032	6	2	1 5 
 1033	6	2	6 0 
 1034	6	2	6 0 
 1035	6	2	6 0 
 1036	6	2	6 0 
 1037	6	2	6 0 
 1038	6	2	1 5 
 1039	6	2	6 0 
 1040	6	2	1 5 
 1041	6	2	4 2 
 1042	6	2	6 0 
 1043	6	2	4 2 
 1044	6	2	5 1 
 1045	6	2	6 0 
 1046	6	2	5 1 
 1047	6	2	6 0 
 1048	6	2	5 1 
 1049	6	2	4 2 
 1050	6	2	6 0 
 1051	6	2	6 0 
 1052	6	2	6 0 
 1053	6	2	6 0 
 1054	6	2	6 0 
 1055	6	2	6 0 
 1056	6	2	6 0 
 1057	6	2	6 0 
 1058	6	2	6 0 
 1059	6	2	6 0 
 1060	6	2	6 0 
 1061	6	2	6 0 
 1062	6	2	6 0 
 1063	6	2	4 2 
 1064	6	2	6 0 
 1065	6	2	6 0 
 1066	6	2	6 0 
 1067	6	2	6 0 
 1068	6	2	6 0 
 1069	6	2	4 2 
 1070	6	2	6 0 
 1071	6	2	5 1 
 1072	6	2	5 1 
 1073	6	2	5 1 
 1074	6	2	6 0 
 1075	6	2	6 0 
 1076	6	2	6 0 
 1077	6	2	6 0 
 1078	6	2	6 0 
 1079	6	2	4 2 
 1080	6	2	6 0 
 1081	6	2	6 0 
 1082	6	2	5 1 
 1083	6	2	5 1 
 1084	6	2	6 0 
 1085	6	2	6 0 
 1086	6	2	6 0 
 1087	6	2	6 0 
 1088	6	2	6 0 
 1089	6	2	6 0 
 1090	6	2	6 0 
 1091	6	2	6 0 
 1092	6	2	6 0 
 1093	6	2	6 0 
 1094	6	2	6 0 
 1095	6	2	6 0 
 1096	6	2	6 0 
 1097	6	2	6 0 
 1098	6	2	6 0 
 1099	6	2	6 0 
 1100	6	2	6 0 
 1101	6	2	6 0 
 1102	6	2	6 0 
 1103	6	2	6 0 
 1104	6	2	6 0 
 1105	6	2	6 0 
 1106	6	2	6 0 
 1107	6	2	1 5 
 1108	6	2	5 1 
 1109	6	2	6 0 
 1110	6	2	6 0 
 1111	6	2	6 0 
 1112	6	2	6 0 
 1113	6	2	5 1 
 1114	6	2	6 0 
 1115	6	2	6 0 
 1116	6	2	6 0 
 1117	6	2	6 0 
 1118	6	2	6 0 
 1119	6	2	6 0 
 1120	6	2	6 0 
 1121	6	2	6 0 
 1122	6	2	6 0 
 1123	6	2	6 0 
 1124	6	2	3 3 
 1125	6	2	6 0 
 1126	6	2	6 0 
 1127	6	2	0 6 
 1128	6	2	5 1 
 1129	6	2	6 0 
 1130	6	2	3 3 
 1131	6	2	0 6 
 1132	6	2	6 0 
 1133	6	2	6 0 
 1134	6	2	4 2 
 1135	6	2	6 0 
 1136	6	2	6 0 
 1137	6	2	6 0 
 1138	6	2	5 1 
 1139	6	2	6 0 
 1140	6	2	5 1 
 1141	6	2	6 0 
 1142	6	2	6 0 
 1143	6	2	6 0 
 1144	6	2	6 0 
 1145	6	2	6 0 
 1146	6	2	6 0 
 1147	6	2	5 1 
 1148	6	2	6 0 
 1149	6	2	6 0 
 1150	6	2	6 0 
 1151	6	2	5 1 
 1152	6	2	6 0 
 1153	6	2	6 0 
 1154	6	2	4 2 
 1155	6	2	6 0 
 1156	6	2	6 0 
 1157	6	2	5 1 
 1158	6	2	6 0 
 1159	6	2	5 1 
 1160	6	2	6 0 
 1161	6	2	6 0 
 1162	6	2	6 0 
 1163	6	2	6 0 
 1164	6	2	6 0 
 1165	6	2	6 0 
 1166	6	2	6 0 
 1167	6	2	6 0 
 1168	6	2	5 1 
 1169	6	2	6 0 
 1170	6	2	6 0 
 1171	6	2	6 0 
 1172	6	2	6 0 
 1173	6	2	5 1 
 1174	6	2	6 0 
 1175	6	2	6 0 
 1176	6	2	6 0 
 1177	6	2	6 0 
 1178	6	2	6 0 
 1179	6	2	6 0 
 1180	6	2	6 0 
 1181	6	2	6 0 
 1182	6	2	6 0 
 1183	6	2	6 0 
 1184	6	2	6 0 
 1185	6	2	0 6 
 1186	6	2	6 0 
 1187	6	2	6 0 
 1188	6	2	4 2 
 1189	6	2	6 0 
 1190	6	2	6 0 
 1191	6	2	6 0 
 1192	6	2	6 0 
 1193	6	2	6 0 
 1194	6	2	4 2 
 1195	6	2	5 1 
 1196	6	2	6 0 
 1197	6	2	6 0 
 1198	6	2	6 0 
 1199	6	2	6 0 
 1200	6	2	6 0 
 1201	6	2	6 0 
 1202	6	2	6 0 
 1203	6	2	6 0 
 1204	6	2	2 4 
 1205	6	2	5 1 
 1206	6	2	5 1 
 1207	6	2	6 0 
 1208	6	2	3 3 
 1209	6	2	6 0 
 1210	6	2	6 0 
 1211	6	2	6 0 
 1212	6	2	6 0 
 1213	6	2	6 0 
 1214	6	2	6 0 
 1215	6	2	4 2 
 1216	6	2	6 0 
 1217	6	2	6 0 
 1218	6	2	6 0 
 1219	6	2	6 0 
 1220	6	2	6 0 
 1221	6	2	6 0 
 1222	6	2	6 0 
 1223	6	2	6 0 
 1224	6	2	6 0 
 1225	6	2	6 0 
 1226	6	2	6 0 
 1227	6	2	6 0 
 1228	6	2	3 3 
 1229	6	2	6 0 
 1230	6	2	2 4 
 1231	6	2	6 0 
 1232	6	2	6 0 
 1233	6	2	6 0 
 1234	6	2	6 0 
 1235	6	2	6 0 
 1236	6	2	6 0 
 1237	6	2	6 0 
 1238	6	2	4 2 
 1239	6	2	6 0 
 1240	6	2	6 0 
 1241	6	2	4 2 
 1242	6	2	6 0 
 1243	6	2	6 0 
 1244	6	2	1 5 
 1245	6	2	6 0 
 1246	6	2	4 2 
 1247	6	2	6 0 
 1248	6	2	6 0 
 1249	6	2	6 0 
 1250	6	2	6 0 
 1251	6	2	6 0 
 1252	6	2	6 0 
 1253	6	2	5 1 
 1254	6	2	5 1 
 1255	6	2	6 0 
 1256	6	2	6 0 
 1257	6	2	6 0 
 1258	6	2	6 0 
 1259	6	2	5 1 
 1260	6	2	5 1 
 1261	6	2	6 0 
 1262	6	2	6 0 
 1263	6	2	6 0 
 1264	6	2	6 0 
 1265	6	2	6 0 
 1266	6	2	6 0 
 1267	6	2	6 0 
 1268	6	2	6 0 
 1269	6	2	5 1 
 1270	6	2	5 1 
 1271	6	2	5 1 
 1272	6	2	5 1 
 1273	6	2	6 0 
 1274	6	2	5 1 
 1275	6	2	6 0 
 1276	6	2	6 0 
 1277	6	2	6 0 
 1278	6	2	6 0 
 1279	6	2	6 0 
 1280	6	2	6 0 
 1281	6	2	6 0 
 1282	6	2	6 0 
 1283	6	2	6 0 
 1284	6	2	6 0 
 1285	6	2	6 0 
 1286	6	2	1 5 
 1287	6	2	6 0 
 1288	6	2	6 0 
 1289	6	2	6 0 
 1290	6	2	6 0 
 1291	6	2	6 0 
 1292	6	2	0 6 
 1293	6	2	6 0 
 1294	6	2	6 0 
 1295	6	2	6 0 
 1296	6	2	6 0 
 1297	6	2	0 6 
 1298	6	2	6 0 
 1299	6	2	5 1 
 1300	6	2	5 1 
 1301	6	2	3 3 
 1302	6	2	6 0 
 1303	6	2	6 0 
 1304	6	2	6 0 
 1305	6	2	6 0 
 1306	6	2	6 0 
 1307	6	2	1 5 
 1308	6	2	6 0 
 1309	6	2	6 0 
 1310	6	2	6 0 
 1311	6	2	6 0 
 1312	6	2	5 1 
 1313	6	2	6 0 
 1314	6	2	5 1 
 1315	6	2	4 2 
 1316	6	2	6 0 
 1317	6	2	4 2 
 1318	6	2	5 1 
 1319	6	2	6 0 
 1320	6	2	4 2 
 1321	6	2	4 2 
 1322	6	2	6 0 
 1323	6	2	0 6 
 1324	6	2	6 0 
 1325	6	2	6 0 
 1326	6	2	6 0 
 1327	6	2	5 1 
 1328	6	2	1 5 
 1329	6	2	1 5 
 1330	6	2	6 0 
 1331	6	2	1 5 
 1332	6	2	1 5 
 1333	6	2	6 0 
 1334	6	2	6 0 
 1335	6	2	6 0 
 1336	6	2	6 0 
 1337	6	2	6 0 
 1338	6	2	6 0 
 1339	6	2	6 0 
 1340	6	2	6 0 
 1341	6	2	6 0 
 1342	6	2	3 3 
 1343	6	2	6 0 
 1344	6	2	6 0 
 1345	6	2	5 1 
 1346	6	2	6 0 
 1347	6	2	6 0 
 1348	6	2	6 0 
 1349	6	2	6 0 
 1350	6	2	1 5 
 1351	6	2	1 5 
 1352	6	2	1 5 
 1353	6	2	6 0 
 1354	6	2	6 0 
 1355	6	2	6 0 
 1356	6	2	6 0 
 1357	6	2	1 5 
 1358	6	2	6 0 
 1359	6	2	6 0 
 1360	6	2	6 0 
 1361	6	2	6 0 
 1362	6	2	6 0 
 1363	6	2	6 0 
 1364	6	2	6 0 
 1365	6	2	6 0 
 1366	6	2	5 1 
 1367	6	2	6 0 
 1368	6	2	6 0 
 1369	6	2	6 0 
 1370	6	2	6 0 
 1371	6	2	0 6 
 1372	6	2	2 4 
 1373	6	2	6 0 
 1374	6	2	6 0 
 1375	6	2	6 0 
 1376	6	2	6 0 
 1377	6	2	5 1 
 1378	6	2	6 0 
 1379	6	2	5 1 
 1380	6	2	6 0 
 1381	6	2	6 0 
 1382	6	2	6 0 
 1383	6	2	6 0 
 1384	6	2	6 0 
 1385	6	2	6 0 
 1386	6	2	6 0 
 1387	6	2	6 0 
 1388	6	2	6 0 
 1389	6	2	5 1 
 1390	6	2	6 0 
 1391	6	2	6 0 
 1392	6	2	3 3 
 1393	6	2	6 0 
 1394	6	2	3 3 
 1395	6	2	6 0 
 1396	6	2	6 0 
 1397	6	2	3 3 
 1398	6	2	0 6 
 1399	6	2	6 0 
 1400	6	2	0 6 
 1401	6	2	0 6 
 1402	6	2	6 0 
 1403	6	2	6 0 
 1404	6	2	6 0 
 1405	6	2	6 0 
 1406	6	2	6 0 
 1407	6	2	6 0 
 1408	6	2	6 0 
 1409	6	2	6 0 
 1410	6	2	5 1 
 1411	6	2	5 1 
 1412	6	2	6 0 
 1413	6	2	6 0 
 1414	6	2	5 1 
 1415	6	2	6 0 
 1416	6	2	5 1 
 1417	6	2	1 5 
 1418	6	2	6 0 
 1419	6	2	6 0 
 1420	6	2	6 0 
 1421	6	2	6 0 
 1422	6	2	0 6 
 1423	6	2	5 1 
 1424	6	2	6 0 
 1425	6	2	5 1 
 1426	6	2	6 0 
 1427	6	2	5 1 
 1428	6	2	6 0 
 1429	6	2	3 3 
 1430	6	2	6 0 
 1431	6	2	6 0 
 1432	6	2	6 0 
 1433	6	2	1 5 
 1434	6	2	6 0 
 1435	6	2	6 0 
 1436	6	2	0 6 
 1437	6	2	2 4 
 1438	6	2	4 2 
 1439	6	2	6 0 
 1440	6	2	6 0 
 1441	6	2	6 0 
 1442	6	2	6 0 
 1443	6	2	6 0 
 1444	6	2	6 0 
 1445	6	2	6 0 
 1446	6	2	3 3 
 1447	6	2	6 0 
 1448	6	2	3 3 
 1449	6	2	6 0 
 1450	6	2	6 0 
 1451	6	2	6 0 
 1452	6	2	6 0 
 1453	6	2	6 0 
 1454	6	2	6 0 
 1455	6	2	6 0 
 1456	6	2	6 0 
 1457	6	2	5 1 
 1458	6	2	6 0 
 1459	6	2	6 0 
 1460	6	2	6 0 
 1461	6	2	5 1 
 1462	6	2	1 5 
 1463	6	2	6 0 
 1464	6	2	1 5 
 1465	6	2	6 0 
 1466	6	2	6 0 
 1467	6	2	1 5 
 1468	6	2	6 0 
 1469	6	2	6 0 
 1470	6	2	6 0 
 1471	6	2	6 0 
 1472	6	2	6 0 
 1473	6	2	5 1 
 1474	6	2	6 0 
 1475	6	2	6 0 
 1476	6	2	6 0 
 1477	6	2	5 1 
 1478	6	2	6 0 
 1479	6	2	5 1 
 1480	6	2	6 0 
 1481	6	2	6 0 
 1482	6	2	6 0 
 1483	6	2	6 0 
 1484	6	2	6 0 
 1485	6	2	6 0 
 1486	6	2	6 0 
 1487	6	2	6 0 
 1488	6	2	6 0 
 1489	6	2	6 0 
 1490	6	2	6 0 
 1491	6	2	6 0 
 1492	6	2	6 0 
 1493	6	2	6 0 
 1494	6	2	6 0 
 1495	6	2	6 0 
 1496	6	2	3 3 
 1497	6	2	6 0 
 1498	6	2	6 0 
 1499	6	2	6 0 
 1500	6	2	6 0 
 1501	6	2	6 0 
 1502	6	2	6 0 
 1503	6	2	6 0 
 1504	6	2	6 0 
 1505	6	2	5 1 
 1506	6	2	6 0 
 1507	6	2	6 0 
 1508	6	2	0 6 
 1509	6	2	6 0 
 1510	6	2	4 2 
 1511	6	2	3 3 
 1512	6	2	3 3 
 1513	6	2	6 0 
 1514	6	2	3 3 
 1515	6	2	3 3 
 1516	6	2	6 0 
 1517	6	2	3 3 
 1518	6	2	6 0 
 1519	6	2	6 0 
 1520	6	2	6 0 
 1521	6	2	6 0 
 1522	6	2	6 0 
 1523	6	2	6 0 
 1524	6	2	1 5 
 1525	6	2	5 1 
 1526	6	2	6 0 
 1527	6	2	6 0 
 1528	6	2	6 0 
 1529	6	2	6 0 
 1530	6	2	6 0 
 1531	6	2	6 0 
 1532	6	2	6 0 
 1533	6	2	2 4 
 1534	6	2	4 2 
 1535	6	2	4 2 
 1536	6	2	6 0 
 1537	6	2	6 0 
 1538	6	2	6 0 
 1539	6	2	6 0 
 1540	6	2	4 2 
 1541	6	2	4 2 
 1542	6	2	6 0 
 1543	6	2	6 0 
 1544	6	2	5 1 
 1545	6	2	6 0 
 1546	6	2	4 2 
 1547	6	2	6 0 
 1548	6	2	6 0 
 1549	6	2	4 2 
 1550	6	2	6 0 
 1551	6	2	3 3 
 1552	6	2	0 6 
 1553	6	2	6 0 
 1554	6	2	6 0 
 1555	6	2	6 0 
 1556	6	2	5 1 
 1557	6	2	6 0 
 1558	6	2	6 0 
 1559	6	2	2 4 
 1560	6	2	4 2 
 1561	6	2	6 0 
 1562	6	2	6 0 
 1563	6	2	6 0 
 1564	6	2	6 0 
 1565	6	2	6 0 
 1566	6	2	6 0 
 1567	6	2	6 0 
 1568	6	2	6 0 
 1569	6	2	6 0 
 1570	6	2	5 1 
 1571	6	2	6 0 
 1572	6	2	6 0 
 1573	6	2	5 1 
 1574	6	2	6 0 
 1575	6	2	6 0 
 1576	6	2	6 0 
 1577	6	2	6 0 
 1578	6	2	6 0 
 1579	6	2	6 0 
 1580	6	2	6 0 
 1581	6	2	6 0 
 1582	6	2	5 1 
 1583	6	2	5 1 
 1584	6	2	5 1 
 1585	6	2	5 1 
 1586	6	2	5 1 
 1587	6	2	5 1 
 1588	6	2	6 0 
 1589	6	2	6 0 
 1590	6	2	6 0 
 1591	6	2	3 3 
 1592	6	2	6 0 
 1593	6	2	6 0 
 1594	6	2	6 0 
 1595	6	2	6 0 
 1596	6	2	6 0 
 1597	6	2	6 0 
 1598	6	2	6 0 
 1599	6	2	6 0 
 1600	6	2	6 0 
 1601	6	2	5 1 
 1602	6	2	6 0 
 1603	6	2	1 5 
 1604	6	2	6 0 
 1605	6	2	3 3 
 1606	6	2	6 0 
 1607	6	2	6 0 
 1608	6	2	6 0 
 1609	6	2	6 0 
 1610	6	2	6 0 
 1611	6	2	6 0 
 1612	6	2	6 0 
 1613	6	2	5 1 
 1614	6	2	6 0 
 1615	6	2	6 0 
 1616	6	2	5 1 
 1617	6	2	6 0 
 1618	6	2	6 0 
 1619	6	2	2 4 
 1620	6	2	5 1 
 1621	6	2	2 4 
 1622	6	2	5 1 
 1623	6	2	3 3 
 1624	6	2	1 5 
 1625	6	2	3 3 
 1626	6	2	3 3 
 1627	6	2	6 0 
 1628	6	2	5 1 
 1629	6	2	4 2 
 1630	6	2	6 0 
 1631	6	2	6 0 
 1632	6	2	6 0 
 1633	6	2	5 1 
 1634	6	2	3 3 
 1635	6	2	1 5 
 1636	6	2	6 0 
 1637	6	2	6 0 
 1638	6	2	6 0 
 1639	6	2	6 0 
 1640	6	2	6 0 
 1641	6	2	6 0 
 1642	6	2	6 0 
 1643	6	2	6 0 
 1644	6	2	6 0 
 1645	6	2	5 1 
 1646	6	2	4 2 
 1647	6	2	6 0 
 1648	6	2	5 1 
 1649	6	2	5 1 
 1650	6	2	4 2 
 1651	6	2	6 0 
 1652	6	2	6 0 
 1653	6	2	6 0 
 1654	6	2	6 0 
 1655	6	2	4 2 
 1656	6	2	6 0 
 1657	6	2	6 0 
 1658	6	2	6 0 
 1659	6	2	3 3 
 1660	6	2	6 0 
 1661	6	2	6 0 
 1662	6	2	6 0 
 1663	6	2	1 5 
 1664	6	2	6 0 
 1665	6	2	6 0 
 1666	6	2	6 0 
 1667	6	2	6 0 
 1668	6	2	6 0 
 1669	6	2	5 1 
 1670	6	2	6 0 
 1671	6	2	5 1 
 1672	6	2	6 0 
 1673	6	2	6 0 
 1674	6	2	5 1 
 1675	6	2	6 0 
 1676	6	2	6 0 
 1677	6	2	6 0 
 1678	6	2	4 2 
 1679	6	2	6 0 
 1680	6	2	6 0 
 1681	6	2	3 3 
 1682	6	2	5 1 
 1683	6	2	4 2 
 1684	6	2	4 2 
 1685	6	2	5 1 
 1686	6	2	6 0 
 1687	6	2	6 0 
 1688	6	2	5 1 
 1689	6	2	5 1 
 1690	6	2	6 0 
 1691	6	2	6 0 
 1692	6	2	4 2 
 1693	6	2	6 0 
 1694	6	2	6 0 
 1695	6	2	6 0 
 1696	6	2	6 0 
 1697	6	2	6 0 
 1698	6	2	5 1 
 1699	6	2	5 1 
 1700	6	2	3 3 
 1701	6	2	6 0 
 1702	6	2	5 1 
 1703	6	2	6 0 
 1704	6	2	6 0 
 1705	6	2	6 0 
 1706	6	2	6 0 
 1707	6	2	6 0 
 1708	6	2	6 0 
 1709	6	2	6 0 
 1710	6	2	2 4 
 1711	6	2	5 1 
 1712	6	2	4 2 
 1713	6	2	6 0 
 1714	6	2	6 0 
 1715	6	2	5 1 
 1716	6	2	6 0 
 1717	6	2	6 0 
 1718	6	2	0 6 
 1719	6	2	6 0 
 1720	6	2	6 0 
 1721	6	2	0 6 
 1722	6	2	6 0 
 1723	6	2	6 0 
 1724	6	2	6 0 
 1725	6	2	5 1 
 1726	6	2	6 0 
 1727	6	2	3 3 
 1728	6	2	6 0 
 1729	6	2	6 0 
 1730	6	2	6 0 
 1731	6	2	6 0 
 1732	6	2	1 5 
 1733	6	2	5 1 
 1734	6	2	4 2 
 1735	6	2	3 3 
 1736	6	2	6 0 
 1737	6	2	3 3 
 1738	6	2	3 3 
 1739	6	2	6 0 
 1740	6	2	6 0 
 1741	6	2	1 5 
 1742	6	2	5 1 
 1743	6	2	4 2 
 1744	6	2	3 3 
 1745	6	2	6 0 
 1746	6	2	6 0 
 1747	6	2	6 0 
 1748	6	2	4 2 
 1749	6	2	6 0 
 1750	6	2	6 0 
 1751	6	2	6 0 
 1752	6	2	6 0 
 1753	6	2	6 0 
 1754	6	2	6 0 
 1755	6	2	6 0 
 1756	6	2	6 0 
 1757	6	2	6 0 
 1758	6	2	6 0 
 1759	6	2	6 0 
 1760	6	2	6 0 
 1761	6	2	4 2 
 1762	6	2	6 0 
 1763	6	2	3 3 
 1764	6	2	6 0 
 1765	6	2	6 0 
 1766	6	2	6 0 
 1767	6	2	4 2 
 1768	6	2	6 0 
 1769	6	2	6 0 
 1770	6	2	4 2 
 1771	6	2	6 0 
 1772	6	2	6 0 
 1773	6	2	6 0 
 1774	6	2	6 0 
 1775	6	2	6 0 
 1776	6	2	6 0 
 1777	6	2	6 0 
 1778	6	2	6 0 
 1779	6	2	6 0 
 1780	6	2	6 0 
 1781	6	2	6 0 
 1782	6	2	4 2 
 1783	6	2	6 0 
 1784	6	2	6 0 
 1785	6	2	6 0 
 1786	6	2	6 0 
 1787	6	2	6 0 
 1788	6	2	6 0 
 1789	6	2	6 0 
 1790	6	2	6 0 
 1791	6	2	6 0 
 1792	6	2	6 0 
 1793	6	2	3 3 
 1794	6	2	2 4 
 1795	6	2	0 6 
 1796	6	2	0 6 
 1797	6	2	0 6 
 1798	6	2	0 6 
 1799	6	2	6 0 
 1800	6	2	6 0 
 1801	6	2	6 0 
 1802	6	2	6 0 
 1803	6	2	6 0 
 1804	6	2	1 5 
 1805	6	2	6 0 
 1806	6	2	6 0 
 1807	6	2	4 2 
 1808	6	2	6 0 
 1809	6	2	6 0 
 1810	6	2	6 0 
 1811	6	2	6 0 
 1812	6	2	6 0 
 1813	6	2	6 0 
 1814	6	2	6 0 
 1815	6	2	6 0 
 1816	6	2	6 0 
 1817	6	2	6 0 
 1818	6	2	3 3 
 1819	6	2	6 0 
 1820	6	2	6 0 
 1821	6	2	6 0 
 1822	6	2	6 0 
 1823	6	2	6 0 
 1824	6	2	6 0 
 1825	6	2	6 0 
 1826	6	2	5 1 
 1827	6	2	6 0 
 1828	6	2	5 1 
 1829	6	2	6 0 
 1830	6	2	3 3 
 1831	6	2	6 0 
 1832	6	2	5 1 
 1833	6	2	5 1 
 1834	6	2	5 1 
 1835	6	2	0 6 
 1836	6	2	6 0 
 1837	6	2	6 0 
 1838	6	2	6 0 
 1839	6	2	6 0 
 1840	6	2	6 0 
 1841	6	2	6 0 
 1842	6	2	6 0 
 1843	6	2	6 0 
 1844	6	2	5 1 
 1845	6	2	5 1 
 1846	6	2	5 1 
 1847	6	2	6 0 
 1848	6	2	6 0 
 1849	6	2	6 0 
 1850	6	2	6 0 
 1851	6	2	6 0 
 1852	6	2	6 0 
 1853	6	2	6 0 
 1854	6	2	6 0 
 1855	6	2	3 3 
 1856	6	2	6 0 
 1857	6	2	3 3 
 1858	6	2	5 1 
 1859	6	2	6 0 
 1860	6	2	6 0 
 1861	6	2	6 0 
 1862	6	2	6 0 
 1863	6	2	6 0 
 1864	6	2	0 6 
 1865	6	2	6 0 
 1866	6	2	6 0 
 1867	6	2	6 0 
 1868	6	2	6 0 
 1869	6	2	6 0 
 1870	6	2	6 0 
 1871	6	2	1 5 
 1872	6	2	0 6 
 1873	6	2	6 0 
 1874	6	2	6 0 
 1875	6	2	6 0 
 1876	6	2	6 0 
 1877	6	2	3 3 
 1878	6	2	6 0 
 1879	6	2	0 6 
 1880	6	2	6 0 
 1881	6	2	6 0 
 1882	6	2	4 2 
 1883	6	2	6 0 
 1884	6	2	6 0 
 1885	6	2	6 0 
 1886	6	2	6 0 
 1887	6	2	6 0 
 1888	6	2	6 0 
 1889	6	2	6 0 
 1890	6	2	6 0 
 1891	6	2	6 0 
 1892	6	2	6 0 
 1893	6	2	4 2 
 1894	6	2	6 0 
 1895	6	2	3 3 
 1896	6	2	6 0 
 1897	6	2	6 0 
 1898	6	2	6 0 
 1899	6	2	6 0 
 1900	6	2	6 0 
 1901	6	2	6 0 
 1902	6	2	1 5 
 1903	6	2	5 1 
 1904	6	2	6 0 
 1905	6	2	6 0 
 1906	6	2	6 0 
 1907	6	2	6 0 
 1908	6	2	5 1 
 1909	6	2	6 0 
 1910	6	2	5 1 
 1911	6	2	6 0 
 1912	6	2	6 0 
 1913	6	2	1 5 
 1914	6	2	6 0 
 1915	6	2	6 0 
 1916	6	2	6 0 
 1917	6	2	6 0 
 1918	6	2	6 0 
 1919	6	2	4 2 
 1920	6	2	5 1 
 1921	6	2	2 4 
 1922	6	2	6 0 
 1923	6	2	6 0 
 1924	6	2	6 0 
 1925	6	2	5 1 
 1926	6	2	5 1 
 1927	6	2	6 0 
 1928	6	2	4 2 
 1929	6	2	4 2 
 1930	6	2	1 5 
 1931	6	2	6 0 
 1932	6	2	6 0 
 1933	6	2	6 0 
 1934	6	2	6 0 
 1935	6	2	6 0 
 1936	6	2	6 0 
 1937	6	2	6 0 
 1938	6	2	6 0 
 1939	6	2	6 0 
 1940	6	2	6 0 
 1941	6	2	4 2 
 1942	6	2	6 0 
 1943	6	2	4 2 
 1944	6	2	6 0 
 1945	6	2	5 1 
 1946	6	2	5 1 
 1947	6	2	6 0 
 1948	6	2	1 5 
 1949	6	2	6 0 
 1950	6	2	6 0 
 1951	6	2	5 1 
 1952	6	2	1 5 
 1953	6	2	5 1 
 1954	6	2	6 0 
 1955	6	2	6 0 
 1956	6	2	5 1 
 1957	6	2	6 0 
 1958	6	2	6 0 
 1959	6	2	5 1 
 1960	6	2	3 3 
 1961	6	2	6 0 
 1962	6	2	6 0 
 1963	6	2	6 0 
 1964	6	2	6 0 
 1965	6	2	6 0 
 1966	6	2	6 0 
 1967	6	2	5 1 
 1968	6	2	1 5 
 1969	6	2	1 5 
 1970	6	2	6 0 
 1971	6	2	6 0 
 1972	6	2	6 0 
 1973	6	2	6 0 
 1974	6	2	6 0 
 1975	6	2	6 0 
 1976	6	2	6 0 
 1977	6	2	6 0 
 1978	6	2	6 0 
 1979	6	2	6 0 
 1980	6	2	6 0 
 1981	6	2	6 0 
 1982	6	2	6 0 
 1983	6	2	6 0 
 1984	6	2	6 0 
 1985	6	2	6 0 
 1986	6	2	6 0 
 1987	6	2	6 0 
 1988	6	2	6 0 
 1989	6	2	6 0 
 1990	6	2	6 0 
 1991	6	2	6 0 
 1992	6	2	6 0 
 1993	6	2	5 1 
 1994	6	2	5 1 
 1995	6	2	5 1 
 1996	6	2	6 0 
 1997	6	2	6 0 
 1998	6	2	6 0 
 1999	6	2	6 0 
 2000	6	2	0 6 
 2001	6	2	6 0 
 2002	6	2	6 0 
 2003	6	2	6 0 
 2004	6	2	6 0 
 2005	6	2	5 1 
 2006	6	2	6 0 
 2007	6	2	6 0 
 2008	6	2	5 1 
 2009	6	2	6 0 
 2010	6	2	6 0 
 2011	6	2	4 2 
 2012	6	2	6 0 
 2013	6	2	2 4 
 2014	6	2	6 0 
 2015	6	2	6 0 
 2016	6	2	0 6 
 2017	6	2	2 4 
 2018	6	2	6 0 
 2019	6	2	6 0 
 2020	6	2	6 0 
 2021	6	2	6 0 
 2022	6	2	6 0 
 2023	6	2	5 1 
 2024	6	2	1 5 
 2025	6	2	4 2 
 2026	6	2	6 0 
 2027	6	2	5 1 
 2028	6	2	5 1 
 2029	6	2	6 0 
 2030	6	2	4 2 
 2031	6	2	3 3 
 2032	6	2	6 0 
 2033	6	2	6 0 
 2034	6	2	6 0 
 2035	6	2	6 0 
 2036	6	2	6 0 
 2037	6	2	2 4 
 2038	6	2	6 0 
 2039	6	2	6 0 
 2040	6	2	6 0 
 2041	6	2	6 0 
 2042	6	2	5 1 
 2043	6	2	6 0 
 2044	6	2	5 1 
 2045	6	2	6 0 
 2046	6	2	6 0 
 2047	6	2	6 0 
 2048	6	2	5 1 
 2049	6	2	6 0 
 2050	6	2	6 0 
 2051	6	2	6 0 
 2052	6	2	3 3 
 2053	6	2	6 0 
 2054	6	2	6 0 
 2055	6	2	6 0 
 2056	6	2	6 0 
 2057	6	2	6 0 
 2058	6	2	5 1 
 2059	6	2	6 0 
 2060	6	2	6 0 
 2061	6	2	5 1 
 2062	6	2	5 1 
 2063	6	2	5 1 
 2064	6	2	6 0 
 2065	6	2	6 0 
 2066	6	2	6 0 
 2067	6	2	6 0 
 2068	6	2	6 0 
 2069	6	2	6 0 
 2070	6	2	6 0 
 2071	6	2	6 0 
 2072	6	2	6 0 
 2073	6	2	6 0 
 2074	6	2	6 0 
 2075	6	2	6 0 
 2076	6	2	6 0 
 2077	6	2	6 0 
 2078	6	2	6 0 
 2079	6	2	4 2 
 2080	6	2	6 0 
 2081	6	2	5 1 
 2082	6	2	6 0 
 2083	6	2	6 0 
 2084	6	2	6 0 
 2085	6	2	6 0 
 2086	6	2	6 0 
 2087	6	2	5 1 
 2088	6	2	6 0 
 2089	6	2	6 0 
 2090	6	2	5 1 
 2091	6	2	6 0 
 2092	6	2	6 0 
 2093	6	2	5 1 
 2094	6	2	6 0 
 2095	6	2	6 0 
 2096	6	2	1 5 
 2097	6	2	6 0 
 2098	6	2	6 0 
 2099	6	2	5 1 
 2100	6	2	5 1 
 2101	6	2	6 0 
 2102	6	2	6 0 
 2103	6	2	4 2 
 2104	6	2	6 0 
 2105	6	2	6 0 
 2106	6	2	4 2 
 2107	6	2	6 0 
 2108	6	2	4 2 
 2109	6	2	6 0 
 2110	6	2	2 4 
 2111	6	2	6 0 
 2112	6	2	6 0 
 2113	6	2	6 0 
 2114	6	2	6 0 
 2115	6	2	6 0 
 2116	6	2	5 1 
 2117	6	2	6 0 
 2118	6	2	6 0 
 2119	6	2	6 0 
 2120	6	2	6 0 
 2121	6	2	3 3 
 2122	6	2	6 0 
 2123	6	2	6 0 
 2124	6	2	5 1 
 2125	6	2	5 1 
 2126	6	2	6 0 
 2127	6	2	1 5 
 2128	6	2	5 1 
 2129	6	2	5 1 
 2130	6	2	6 0 
 2131	6	2	5 1 
 2132	6	2	6 0 
 2133	6	2	5 1 
 2134	6	2	6 0 
 2135	6	2	6 0 
 2136	6	2	6 0 
 2137	6	2	6 0 
 2138	6	2	6 0 
 2139	6	2	6 0 
 2140	6	2	6 0 
 2141	6	2	6 0 
 2142	6	2	6 0 
 2143	6	2	6 0 
 2144	6	2	6 0 
 2145	6	2	5 1 
 2146	6	2	6 0 
 2147	6	2	6 0 
 2148	6	2	1 5 
 2149	6	2	6 0 
 2150	6	2	6 0 
 2151	6	2	5 1 
 2152	6	2	4 2 
 2153	6	2	2 4 
 2154	6	2	5 1 
 2155	6	2	6 0 
 2156	6	2	6 0 
 2157	6	2	4 2 
 2158	6	2	6 0 
 2159	6	2	2 4 
 2160	6	2	6 0 
 2161	6	2	6 0 
 2162	6	2	6 0 
 2163	6	2	4 2 
 2164	6	2	6 0 
 2165	6	2	6 0 
 2166	6	2	6 0 
 2167	6	2	6 0 
 2168	6	2	1 5 
 2169	6	2	1 5 
 2170	6	2	1 5 
 2171	6	2	6 0 
 2172	6	2	1 5 
 2173	6	2	2 4 
 2174	6	2	6 0 
 2175	6	2	6 0 
 2176	6	2	2 4 
 2177	6	2	6 0 
 2178	6	2	6 0 
 2179	6	2	6 0 
 2180	6	2	6 0 
 2181	6	2	6 0 
 2182	6	2	6 0 
 2183	6	2	6 0 
 2184	6	2	6 0 
 2185	6	2	6 0 
 2186	6	2	6 0 
 2187	6	2	3 3 
 2188	6	2	6 0 
 2189	6	2	5 1 
 2190	6	2	6 0 
 2191	6	2	6 0 
 2192	6	2	6 0 
 2193	6	2	6 0 
 2194	6	2	6 0 
 2195	6	2	6 0 
 2196	6	2	6 0 
 2197	6	2	0 6 
 2198	6	2	6 0 
 2199	6	2	6 0 
 2200	6	2	6 0 
 2201	6	2	6 0 
 2202	6	2	6 0 
 2203	6	2	5 1 
 2204	6	2	6 0 
 2205	6	2	6 0 
 2206	6	2	6 0 
 2207	6	2	6 0 
 2208	6	2	6 0 
 2209	6	2	5 1 
 2210	6	2	6 0 
 2211	6	2	5 1 
 2212	6	2	6 0 
 2213	6	2	6 0 
 2214	6	2	3 3 
 2215	6	2	6 0 
 2216	6	2	6 0 
 2217	6	2	6 0 
 2218	6	2	3 3 
 2219	6	2	6 0 
 2220	6	2	6 0 
 2221	6	2	6 0 
 2222	6	2	6 0 
 2223	6	2	6 0 
 2224	6	2	5 1 
 2225	6	2	6 0 
 2226	6	2	6 0 
 2227	6	2	5 1 
 2228	6	2	6 0 
 2229	6	2	6 0 
 2230	6	2	6 0 
 2231	6	2	6 0 
 2232	6	2	0 6 
 2233	6	2	6 0 
 2234	6	2	6 0 
 2235	6	2	6 0 
 2236	6	2	4 2 
 2237	6	2	6 0 
 2238	6	2	5 1 
 2239	6	2	6 0 
 2240	6	2	6 0 
 2241	6	2	6 0 
 2242	6	2	6 0 
 2243	6	2	5 1 
 2244	6	2	6 0 
 2245	6	2	5 1 
 2246	6	2	5 1 
 2247	6	2	6 0 
 2248	6	2	6 0 
 2249	6	2	3 3 
 2250	6	2	6 0 
 2251	6	2	6 0 
 2252	6	2	6 0 
 2253	6	2	6 0 
 2254	6	2	6 0 
 2255	6	2	6 0 
 2256	6	2	6 0 
 2257	6	2	6 0 
 2258	6	2	6 0 
 2259	6	2	6 0 
 2260	6	2	6 0 
 2261	6	2	6 0 
 2262	6	2	6 0 
 2263	6	2	6 0 
 2264	6	2	6 0 
 2265	6	2	6 0 
 2266	6	2	6 0 
 2267	6	2	6 0 
 2268	6	2	5 1 
 2269	6	2	6 0 
 2270	6	2	6 0 
 2271	6	2	6 0 
 2272	6	2	6 0 
 2273	6	2	4 2 
 2274	6	2	4 2 
 2275	6	2	6 0 
 2276	6	2	6 0 
 2277	6	2	4 2 
 2278	6	2	4 2 
 2279	6	2	6 0 
 2280	6	2	6 0 
 2281	6	2	4 2 
 2282	6	2	6 0 
 2283	6	2	6 0 
 2284	6	2	6 0 
 2285	6	2	4 2 
 2286	6	2	6 0 
 2287	6	2	5 1 
 2288	6	2	6 0 
 2289	6	2	6 0 
 2290	6	2	6 0 
 2291	6	2	5 1 
 2292	6	2	6 0 
 2293	6	2	6 0 
 2294	6	2	6 0 
 2295	6	2	6 0 
 2296	6	2	5 1 
 2297	6	2	6 0 
 2298	6	2	6 0 
 2299	6	2	6 0 
 2300	6	2	6 0 
 2301	6	2	6 0 
 2302	6	2	6 0 
 2303	6	2	6 0 
 2304	6	2	6 0 
 2305	6	2	6 0 
 2306	6	2	6 0 
 2307	6	2	6 0 
 2308	6	2	6 0 
 2309	6	2	6 0 
 2310	6	2	6 0 
 2311	6	2	5 1 
 2312	6	2	6 0 
 2313	6	2	6 0 
 2314	6	2	4 2 
 2315	6	2	6 0 
 2316	6	2	6 0 
 2317	6	2	6 0 
 2318	6	2	6 0 
 2319	6	2	6 0 
 2320	6	2	6 0 
 2321	6	2	6 0 
 2322	6	2	5 1 
 2323	6	2	6 0 
 2324	6	2	6 0 
 2325	6	2	1 5 
 2326	6	2	6 0 
 2327	6	2	0 6 
 2328	6	2	6 0 
 2329	6	2	6 0 
 2330	6	2	5 1 
 2331	6	2	5 1 
 2332	6	2	3 3 
 2333	6	2	1 5 
 2334	6	2	6 0 
 2335	6	2	6 0 
 2336	6	2	0 6 
 2337	6	2	6 0 
 2338	6	2	6 0 
 2339	6	2	6 0 
 2340	6	2	6 0 
 2341	6	2	6 0 
 2342	6	2	6 0 
 2343	6	2	6 0 
 2344	6	2	6 0 
 2345	6	2	6 0 
 2346	6	2	6 0 
 2347	6	2	6 0 
 2348	6	2	6 0 
 2349	6	2	3 3 
 2350	6	2	6 0 
 2351	6	2	6 0 
 2352	6	2	6 0 
 2353	6	2	6 0 
 2354	6	2	6 0 
 2355	6	2	5 1 
 2356	6	2	6 0 
 2357	6	2	6 0 
 2358	6	2	6 0 
 2359	6	2	6 0 
 2360	6	2	6 0 
 2361	6	2	0 6 
 2362	6	2	6 0 
 2363	6	2	6 0 
 2364	6	2	3 3 
 2365	6	2	6 0 
 2366	6	2	6 0 
 2367	6	2	6 0 
 2368	6	2	6 0 
 2369	6	2	6 0 
 2370	6	2	6 0 
 2371	6	2	6 0 
 2372	6	2	6 0 
 2373	6	2	6 0 
 2374	6	2	6 0 
 2375	6	2	6 0 
 2376	6	2	6 0 
 2377	6	2	6 0 
 2378	6	2	6 0 
 2379	6	2	6 0 
 2380	6	2	6 0 
 2381	6	2	6 0 
 2382	6	2	6 0 
 2383	6	2	0 6 
 2384	6	2	6 0 
 2385	6	2	6 0 
 2386	6	2	6 0 
 2387	6	2	6 0 
 2388	6	2	6 0 
 2389	6	2	6 0 
 2390	6	2	6 0 
 2391	6	2	5 1 
 2392	6	2	6 0 
 2393	6	2	6 0 
 2394	6	2	6 0 
 2395	6	2	6 0 
 2396	6	2	6 0 
 2397	6	2	6 0 
 2398	6	2	6 0 
 2399	6	2	6 0 
 2400	6	2	6 0 
 2401	6	2	6 0 
 2402	6	2	6 0 
 2403	6	2	4 2 
 2404	6	2	6 0 
 2405	6	2	6 0 
 2406	6	2	6 0 
 2407	6	2	6 0 
 2408	6	2	6 0 
 2409	6	2	6 0 
 2410	6	2	6 0 
 2411	6	2	6 0 
 2412	6	2	6 0 
 2413	6	2	2 4 
 2414	6	2	2 4 
 2415	6	2	6 0 
 2416	6	2	6 0 
 2417	6	2	6 0 
 2418	6	2	0 6 
 2419	6	2	6 0 
 2420	6	2	6 0 
 2421	6	2	0 6 
 2422	6	2	6 0 
 2423	6	2	6 0 
 2424	6	2	6 0 
 2425	6	2	6 0 
 2426	6	2	6 0 
 2427	6	2	6 0 
 2428	6	2	6 0 
 2429	6	2	6 0 
 2430	6	2	6 0 
 2431	6	2	4 2 
 2432	6	2	6 0 
 2433	6	2	2 4 
 2434	6	2	5 1 
 2435	6	2	5 1 
 2436	6	2	6 0 
 2437	6	2	6 0 
 2438	6	2	0 6 
 2439	6	2	6 0 
 2440	6	2	5 1 
 2441	6	2	1 5 
 2442	6	2	6 0 
 2443	6	2	6 0 
 2444	6	2	6 0 
 2445	6	2	6 0 
 2446	6	2	6 0 
 2447	6	2	6 0 
 2448	6	2	6 0 
 2449	6	2	6 0 
 2450	6	2	3 3 
 2451	6	2	6 0 
 2452	6	2	6 0 
 2453	6	2	6 0 
 2454	6	2	6 0 
 2455	6	2	6 0 
 2456	6	2	6 0 
 2457	6	2	6 0 
 2458	6	2	6 0 
 2459	6	2	2 4 
 2460	6	2	2 4 
 2461	6	2	2 4 
 2462	6	2	4 2 
 2463	6	2	2 4 
 2464	6	2	2 4 
 2465	6	2	4 2 
 2466	6	2	4 2 
 2467	6	2	6 0 
 2468	6	2	5 1 
 2469	6	2	6 0 
 2470	6	2	6 0 
 2471	6	2	6 0 
 2472	6	2	5 1 
 2473	6	2	5 1 
 2474	6	2	6 0 
 2475	6	2	0 6 
 2476	6	2	5 1 
 2477	6	2	5 1 
 2478	6	2	6 0 
 2479	6	2	6 0 
 2480	6	2	6 0 
 2481	6	2	5 1 
 2482	6	2	6 0 
 2483	6	2	6 0 
 2484	6	2	6 0 
 2485	6	2	3 3 
 2486	6	2	6 0 
 2487	6	2	3 3 
 2488	6	2	3 3 
 2489	6	2	3 3 
 2490	6	2	6 0 
 2491	6	2	3 3 
 2492	6	2	6 0 
 2493	6	2	6 0 
 2494	6	2	6 0 
 2495	6	2	6 0 
 2496	6	2	6 0 
 2497	6	2	6 0 
 2498	6	2	5 1 
 2499	6	2	6 0 
 2500	6	2	5 1 
 2501	6	2	5 1 
 2502	6	2	4 2 
 2503	6	2	4 2 
 2504	6	2	6 0 
 2505	6	2	6 0 
 2506	6	2	6 0 
 2507	6	2	4 2 
 2508	6	2	6 0 
 2509	6	2	6 0 
 2510	6	2	6 0 
 2511	6	2	4 2 
 2512	6	2	6 0 
 2513	6	2	2 4 
 2514	6	2	6 0 
 2515	6	2	5 1 
 2516	6	2	6 0 
 2517	6	2	6 0 
 2518	6	2	6 0 
 2519	6	2	6 0 
 2520	6	2	6 0 
 2521	6	2	6 0 
 2522	6	2	6 0 
 2523	6	2	5 1 
 2524	6	2	6 0 
 2525	6	2	6 0 
 2526	6	2	6 0 
 2527	6	2	6 0 
 2528	6	2	6 0 
 2529	6	2	6 0 
 2530	6	2	5 1 
 2531	6	2	6 0 
 2532	6	2	4 2 
 2533	6	2	4 2 
 2534	6	2	4 2 
 2535	6	2	4 2 
 2536	6	2	5 1 
 2537	6	2	6 0 
 2538	6	2	6 0 
 2539	6	2	6 0 
 2540	6	2	6 0 
 2541	6	2	6 0 
 2542	6	2	6 0 
 2543	6	2	6 0 
 2544	6	2	6 0 
 2545	6	2	6 0 
 2546	6	2	6 0 
 2547	6	2	6 0 
 2548	6	2	6 0 
 2549	6	2	6 0 
 2550	6	2	6 0 
 2551	6	2	5 1 
 2552	6	2	6 0 
 2553	6	2	6 0 
 2554	6	2	6 0 
 2555	6	2	6 0 
 2556	6	2	6 0 
 2557	6	2	6 0 
 2558	6	2	3 3 
 2559	6	2	3 3 
 2560	6	2	6 0 
 2561	6	2	4 2 
 2562	6	2	3 3 
 2563	6	2	0 6 
 2564	6	2	6 0 
 2565	6	2	6 0 
 2566	6	2	6 0 
 2567	6	2	6 0 
 2568	6	2	6 0 
 2569	6	2	5 1 
 2570	6	2	5 1 
 2571	6	2	6 0 
 2572	6	2	6 0 
 2573	6	2	6 0 
 2574	6	2	6 0 
 2575	6	2	6 0 
 2576	6	2	3 3 
 2577	6	2	5 1 
 2578	6	2	6 0 
 2579	6	2	5 1 
 2580	6	2	5 1 
 2581	6	2	5 1 
 2582	6	2	6 0 
 2583	6	2	5 1 
 2584	6	2	6 0 
 2585	6	2	6 0 
 2586	6	2	6 0 
 2587	6	2	6 0 
 2588	6	2	6 0 
 2589	6	2	3 3 
 2590	6	2	6 0 
 2591	6	2	3 3 
 2592	6	2	3 3 
 2593	6	2	6 0 
 2594	6	2	6 0 
 2595	6	2	6 0 
 2596	6	2	4 2 
 2597	6	2	6 0 
 2598	6	2	6 0 
 2599	6	2	6 0 
 2600	6	2	6 0 
 2601	6	2	6 0 
 2602	6	2	6 0 
 2603	6	2	6 0 
 2604	6	2	6 0 
 2605	6	2	6 0 
 2606	6	2	6 0 
 2607	6	2	3 3 
 2608	6	2	6 0 
 2609	6	2	6 0 
 2610	6	2	6 0 
 2611	6	2	6 0 
 2612	6	2	4 2 
 2613	6	2	4 2 
 2614	6	2	6 0 
 2615	6	2	6 0 
 2616	6	2	6 0 
 2617	6	2	0 6 
 2618	6	2	6 0 
 2619	6	2	6 0 
 2620	6	2	6 0 
 2621	6	2	6 0 
 2622	6	2	6 0 
 2623	6	2	6 0 
 2624	6	2	6 0 
 2625	6	2	6 0 
 2626	6	2	5 1 
 2627	6	2	5 1 
 2628	6	2	6 0 
 2629	6	2	5 1 
 2630	6	2	5 1 
 2631	6	2	5 1 
 2632	6	2	5 1 
 2633	6	2	0 6 
 2634	6	2	5 1 
 2635	6	2	6 0 
 2636	6	2	5 1 
 2637	6	2	0 6 
 2638	6	2	6 0 
 2639	6	2	6 0 
 2640	6	2	6 0 
 2641	6	2	5 1 
 2642	6	2	6 0 
 2643	6	2	6 0 
 2644	6	2	6 0 
 2645	6	2	6 0 
 2646	6	2	6 0 
 2647	6	2	6 0 
 2648	6	2	6 0 
 2649	6	2	6 0 
 2650	6	2	6 0 
 2651	6	2	6 0 
 2652	6	2	6 0 
 2653	6	2	6 0 
 2654	6	2	6 0 
 2655	6	2	6 0 
 2656	6	2	6 0 
 2657	6	2	6 0 
 2658	6	2	6 0 
 2659	6	2	6 0 
 2660	6	2	6 0 
 2661	6	2	6 0 
 2662	6	2	6 0 
 2663	6	2	4 2 
 2664	6	2	5 1 
 2665	6	2	4 2 
 2666	6	2	5 1 
 2667	6	2	4 2 
 2668	6	2	4 2 
 2669	6	2	6 0 
 2670	6	2	6 0 
 2671	6	2	6 0 
 2672	6	2	6 0 
 2673	6	2	6 0 
 2674	6	2	6 0 
 2675	6	2	6 0 
 2676	6	2	6 0 
 2677	6	2	6 0 
 2678	6	2	6 0 
 2679	6	2	6 0 
 2680	6	2	6 0 
 2681	6	2	5 1 
 2682	6	2	6 0 
 2683	6	2	6 0 
 2684	6	2	6 0 
 2685	6	2	6 0 
 2686	6	2	6 0 
 2687	6	2	0 6 
 2688	6	2	5 1 
 2689	6	2	6 0 
 2690	6	2	6 0 
 2691	6	2	6 0 
 2692	6	2	6 0 
 2693	6	2	6 0 
 2694	6	2	6 0 
 2695	6	2	6 0 
 2696	6	2	6 0 
 2697	6	2	6 0 
 2698	6	2	6 0 
 2699	6	2	6 0 
 2700	6	2	6 0 
 2701	6	2	6 0 
 2702	6	2	6 0 
 2703	6	2	6 0 
 2704	6	2	6 0 
 2705	6	2	6 0 
 2706	6	2	6 0 
 2707	6	2	6 0 
 2708	6	2	6 0 
 2709	6	2	6 0 
 2710	6	2	6 0 
 2711	6	2	6 0 
 2712	6	2	6 0 
 2713	6	2	6 0 
 2714	6	2	6 0 
 2715	6	2	6 0 
 2716	6	2	6 0 
 2717	6	2	6 0 
 2718	6	2	6 0 
 2719	6	2	6 0 
 2720	6	2	6 0 
 2721	6	2	6 0 
 2722	6	2	6 0 
 2723	6	2	6 0 
 2724	6	2	6 0 
 2725	6	2	4 2 
 2726	6	2	4 2 
 2727	6	2	6 0 
 2728	6	2	4 2 
 2729	6	2	4 2 
 2730	6	2	6 0 
 2731	6	2	6 0 
 2732	6	2	6 0 
 2733	6	2	6 0 
 2734	6	2	0 6 
 2735	6	2	6 0 
 2736	6	2	6 0 
 2737	6	2	4 2 
 2738	6	2	6 0 
 2739	6	2	6 0 
 2740	6	2	6 0 
 2741	6	2	1 5 
 2742	6	2	3 3 
 2743	6	2	4 2 
 2744	6	2	6 0 
 2745	6	2	6 0 
 2746	6	2	6 0 
 2747	6	2	6 0 
 2748	6	2	2 4 
 2749	6	2	5 1 
 2750	6	2	6 0 
 2751	6	2	5 1 
 2752	6	2	6 0 
 2753	6	2	6 0 
 2754	6	2	6 0 
 2755	6	2	6 0 
 2756	6	2	6 0 
 2757	6	2	6 0 
 2758	6	2	6 0 
 2759	6	2	6 0 
 2760	6	2	6 0 
 2761	6	2	6 0 
 2762	6	2	6 0 
 2763	6	2	6 0 
 2764	6	2	6 0 
 2765	6	2	6 0 
 2766	6	2	6 0 
 2767	6	2	6 0 
 2768	6	2	6 0 
 2769	6	2	5 1 
 2770	6	2	6 0 
 2771	6	2	1 5 
 2772	6	2	5 1 
 2773	6	2	6 0 
 2774	6	2	6 0 
 2775	6	2	6 0 
 2776	6	2	0 6 
 2777	6	2	2 4 
 2778	6	2	4 2 
 2779	6	2	6 0 
 2780	6	2	6 0 
 2781	6	2	6 0 
 2782	6	2	6 0 
 2783	6	2	0 6 
 2784	6	2	6 0 
 2785	6	2	6 0 
 2786	6	2	2 4 
 2787	6	2	4 2 
 2788	6	2	6 0 
 2789	6	2	6 0 
 2790	6	2	6 0 
 2791	6	2	6 0 
 2792	6	2	6 0 
 2793	6	2	6 0 
 2794	6	2	6 0 
 2795	6	2	4 2 
 2796	6	2	5 1 
 2797	6	2	6 0 
 2798	6	2	5 1 
 2799	6	2	6 0 
 2800	6	2	6 0 
 2801	6	2	6 0 
 2802	6	2	4 2 
 2803	6	2	5 1 
 2804	6	2	1 5 
 2805	6	2	1 5 
 2806	6	2	6 0 
 2807	6	2	6 0 
 2808	6	2	6 0 
 2809	6	2	6 0 
 2810	6	2	5 1 
 2811	6	2	6 0 
 2812	6	2	6 0 
 2813	6	2	6 0 
 2814	6	2	6 0 
 2815	6	2	5 1 
 2816	6	2	6 0 
 2817	6	2	0 6 
 2818	6	2	6 0 
 2819	6	2	6 0 
 2820	6	2	6 0 
 2821	6	2	1 5 
 2822	6	2	6 0 
 2823	6	2	6 0 
 2824	6	2	6 0 
 2825	6	2	6 0 
 2826	6	2	5 1 
 2827	6	2	6 0 
 2828	6	2	6 0 
 2829	6	2	6 0 
 2830	6	2	5 1 
 2831	6	2	6 0 
 2832	6	2	6 0 
 2833	6	2	6 0 
 2834	6	2	6 0 
 2835	6	2	6 0 
 2836	6	2	6 0 
 2837	6	2	6 0 
 2838	6	2	5 1 
 2839	6	2	6 0 
 2840	6	2	6 0 
 2841	6	2	6 0 
 2842	6	2	6 0 
 2843	6	2	6 0 
 2844	6	2	6 0 
 2845	6	2	6 0 
 2846	6	2	6 0 
 2847	6	2	6 0 
 2848	6	2	6 0 
 2849	6	2	6 0 
 2850	6	2	5 1 
 2851	6	2	6 0 
 2852	6	2	6 0 
 2853	6	2	6 0 
 2854	6	2	6 0 
 2855	6	2	6 0 
 2856	6	2	5 1 
 2857	6	2	6 0 
 2858	6	2	6 0 
 2859	6	2	6 0 
 2860	6	2	4 2 
 2861	6	2	4 2 
 2862	6	2	4 2 
 2863	6	2	6 0 
 2864	6	2	4 2 
 2865	6	2	6 0 
 2866	6	2	6 0 
 2867	6	2	6 0 
 2868	6	2	6 0 
 2869	6	2	3 3 
 2870	6	2	6 0 
 2871	6	2	4 2 
 2872	6	2	6 0 
 2873	6	2	6 0 
 2874	6	2	4 2 
 2875	6	2	6 0 
 2876	6	2	6 0 
 2877	6	2	6 0 
 2878	6	2	6 0 
 2879	6	2	6 0 
 2880	6	2	6 0 
 2881	6	2	5 1 
 2882	6	2	6 0 
 2883	6	2	6 0 
 2884	6	2	6 0 
 2885	6	2	6 0 
 2886	6	2	5 1 
 2887	6	2	5 1 
 2888	6	2	6 0 
 2889	6	2	6 0 
 2890	6	2	6 0 
 2891	6	2	5 1 
 2892	6	2	0 6 
 2893	6	2	6 0 
 2894	6	2	6 0 
 2895	6	2	6 0 
 2896	6	2	6 0 
 2897	6	2	6 0 
 2898	6	2	6 0 
 2899	6	2	6 0 
 2900	6	2	6 0 
 2901	6	2	6 0 
 2902	6	2	6 0 
 2903	6	2	4 2 
 2904	6	2	6 0 
 2905	6	2	6 0 
 2906	6	2	6 0 
 2907	6	2	2 4 
 2908	6	2	2 4 
 2909	6	2	5 1 
 2910	6	2	5 1 
 2911	6	2	5 1 
 2912	6	2	6 0 
 2913	6	2	6 0 
 2914	6	2	6 0 
 2915	6	2	6 0 
 2916	6	2	6 0 
 2917	6	2	6 0 
 2918	6	2	6 0 
 2919	6	2	5 1 
 2920	6	2	5 1 
 2921	6	2	5 1 
 2922	6	2	5 1 
 2923	6	2	6 0 
 2924	6	2	2 4 
 2925	6	2	4 2 
 2926	6	2	6 0 
 2927	6	2	6 0 
 2928	6	2	5 1 
 2929	6	2	5 1 
 2930	6	2	1 5 
 2931	6	2	5 1 
 2932	6	2	6 0 
 2933	6	2	4 2 
 2934	6	2	6 0 
 2935	6	2	5 1 
 2936	6	2	6 0 
 2937	6	2	6 0 
 2938	6	2	6 0 
 2939	6	2	6 0 
 2940	6	2	6 0 
 2941	6	2	6 0 
 2942	6	2	6 0 
 2943	6	2	6 0 
 2944	6	2	6 0 
 2945	6	2	6 0 
 2946	6	2	5 1 
 2947	6	2	1 5 
 2948	6	2	6 0 
 2949	6	2	1 5 
 2950	6	2	6 0 
 2951	6	2	6 0 
 2952	6	2	6 0 
 2953	6	2	4 2 
 2954	6	2	6 0 
 2955	6	2	6 0 
 2956	6	2	6 0 
 2957	6	2	6 0 
 2958	6	2	6 0 
 2959	6	2	5 1 
 2960	6	2	6 0 
 2961	6	2	5 1 
 2962	6	2	6 0 
 2963	6	2	6 0 
 2964	6	2	6 0 
 2965	6	2	6 0 
 2966	6	2	6 0 
 2967	6	2	6 0 
 2968	6	2	6 0 
 2969	6	2	6 0 
 2970	6	2	6 0 
 2971	6	2	6 0 
 2972	6	2	6 0 
 2973	6	2	6 0 
 2974	6	2	6 0 
 2975	6	2	6 0 
 2976	6	2	6 0 
 2977	6	2	6 0 
 2978	6	2	6 0 
 2979	6	2	5 1 
 2980	6	2	5 1 
 2981	6	2	5 1 
 2982	6	2	6 0 
 2983	6	2	6 0 
 2984	6	2	6 0 
 2985	6	2	6 0 
 2986	6	2	6 0 
 2987	6	2	6 0 
 2988	6	2	6 0 
 2989	6	2	6 0 
 2990	6	2	6 0 
 2991	6	2	6 0 
 2992	6	2	5 1 
 2993	6	2	6 0 
 2994	6	2	6 0 
 2995	6	2	6 0 
 2996	6	2	6 0 
 2997	6	2	5 1 
 2998	6	2	6 0 
 2999	6	2	6 0 
 3000	6	2	1 5 
 3001	6	2	4 2 
 3002	6	2	4 2 
 3003	6	2	6 0 
 3004	6	2	3 3 
 3005	6	2	3 3 
 3006	6	2	3 3 
 3007	6	2	3 3 
 3008	6	2	3 3 
 3009	6	2	6 0 
 3010	6	2	5 1 
 3011	6	2	5 1 
 3012	6	2	5 1 
 3013	6	2	6 0 
 3014	6	2	5 1 
 3015	6	2	5 1 
 3016	6	2	5 1 
 3017	6	2	6 0 
 3018	6	2	6 0 
 3019	6	2	6 0 
 3020	6	2	6 0 
 3021	6	2	0 6 
 3022	6	2	6 0 
 3023	6	2	6 0 
 3024	6	2	5 1 
 3025	6	2	1 5 
 3026	6	2	3 3 
 3027	6	2	6 0 
 3028	6	2	5 1 
 3029	6	2	2 4 
 3030	6	2	6 0 
 3031	6	2	6 0 
 3032	6	2	6 0 
 3033	6	2	6 0 
 3034	6	2	6 0 
 3035	6	2	1 5 
 3036	6	2	6 0 
 3037	6	2	6 0 
 3038	6	2	4 2 
 3039	6	2	6 0 
 3040	6	2	6 0 
 3041	6	2	6 0 
 3042	6	2	6 0 
 3043	6	2	6 0 
 3044	6	2	6 0 
 3045	6	2	6 0 
 3046	6	2	6 0 
 3047	6	2	6 0 
 3048	6	2	6 0 
 3049	6	2	6 0 
 3050	6	2	6 0 
 3051	6	2	6 0 
 3052	6	2	2 4 
 3053	6	2	3 3 
 3054	6	2	6 0 
 3055	6	2	6 0 
 3056	6	2	6 0 
 3057	6	2	6 0 
 3058	6	2	6 0 
 3059	6	2	6 0 
 3060	6	2	6 0 
 3061	6	2	4 2 
 3062	6	2	0 6 
 3063	6	2	6 0 
 3064	6	2	6 0 
 3065	6	2	4 2 
 3066	6	2	4 2 
 3067	6	2	6 0 
 3068	6	2	4 2 
 3069	6	2	4 2 
 3070	6	2	6 0 
 3071	6	2	5 1 
 3072	6	2	6 0 
 3073	6	2	6 0 
 3074	6	2	6 0 
 3075	6	2	6 0 
 3076	6	2	6 0 
 3077	6	2	6 0 
 3078	6	2	2 4 
 3079	6	2	4 2 
 3080	6	2	6 0 
 3081	6	2	6 0 
 3082	6	2	6 0 
 3083	6	2	6 0 
 3084	6	2	6 0 
 3085	6	2	6 0 
 3086	6	2	6 0 
 3087	6	2	6 0 
 3088	6	2	6 0 
 3089	6	2	6 0 
 3090	6	2	6 0 
 3091	6	2	6 0 
 3092	6	2	6 0 
 3093	6	2	6 0 
 3094	6	2	6 0 
 3095	6	2	6 0 
 3096	6	2	6 0 
 3097	6	2	6 0 
 3098	6	2	6 0 
 3099	6	2	6 0 
 3100	6	2	6 0 
 3101	6	2	6 0 
 3102	6	2	6 0 
 3103	6	2	4 2 
 3104	6	2	6 0 
 3105	6	2	6 0 
 3106	6	2	6 0 
 3107	6	2	6 0 
 3108	6	2	6 0 
 3109	6	2	3 3 
 3110	6	2	3 3 
 3111	6	2	6 0 
 3112	6	2	3 3 
 3113	6	2	3 3 
 3114	6	2	6 0 
 3115	6	2	3 3 
 3116	6	2	6 0 
 3117	6	2	6 0 
 3118	6	2	6 0 
 3119	6	2	6 0 
 3120	6	2	6 0 
 3121	6	2	6 0 
 3122	6	2	6 0 
 3123	6	2	6 0 
 3124	6	2	6 0 
 3125	6	2	6 0 
 3126	6	2	5 1 
 3127	6	2	6 0 
 3128	6	2	0 6 
 3129	6	2	6 0 
 3130	6	2	6 0 
 3131	6	2	6 0 
 3132	6	2	6 0 
 3133	6	2	6 0 
 3134	6	2	5 1 
 3135	6	2	6 0 
 3136	6	2	5 1 
 3137	6	2	3 3 
 3138	6	2	6 0 
 3139	6	2	6 0 
 3140	6	2	5 1 
 3141	6	2	6 0 
 3142	6	2	1 5 
 3143	6	2	6 0 
 3144	6	2	4 2 
 3145	6	2	6 0 
 3146	6	2	6 0 
 3147	6	2	6 0 
 3148	6	2	6 0 
 3149	6	2	4 2 
 3150	6	2	6 0 
 3151	6	2	6 0 
 3152	6	2	3 3 
 3153	6	2	6 0 
 3154	6	2	6 0 
 3155	6	2	6 0 
 3156	6	2	6 0 
 3157	6	2	6 0 
 3158	6	2	6 0 
 3159	6	2	5 1 
 3160	6	2	6 0 
 3161	6	2	6 0 
 3162	6	2	6 0 
 3163	6	2	6 0 
 3164	6	2	5 1 
 3165	6	2	6 0 
 3166	6	2	5 1 
 3167	6	2	6 0 
 3168	6	2	6 0 
 3169	6	2	6 0 
 3170	6	2	6 0 
 3171	6	2	5 1 
 3172	6	2	6 0 
 3173	6	2	6 0 
 3174	6	2	6 0 
 3175	6	2	6 0 
 3176	6	2	0 6 
 3177	6	2	6 0 
 3178	6	2	6 0 
 3179	6	2	6 0 
 3180	6	2	6 0 
 3181	6	2	6 0 
 3182	6	2	6 0 
 3183	6	2	6 0 
 3184	6	2	6 0 
 3185	6	2	6 0 
 3186	6	2	6 0 
 3187	6	2	2 4 
 3188	6	2	5 1 
 3189	6	2	6 0 
 3190	6	2	2 4 
 3191	6	2	6 0 
 3192	6	2	6 0 
 3193	6	2	6 0 
 3194	6	2	6 0 
 3195	6	2	6 0 
 3196	6	2	6 0 
 3197	6	2	6 0 
 3198	6	2	4 2 
 3199	6	2	6 0 
 3200	6	2	6 0 
 3201	6	2	6 0 
 3202	6	2	6 0 
 3203	6	2	6 0 
 3204	6	2	6 0 
 3205	6	2	6 0 
 3206	6	2	6 0 
 3207	6	2	6 0 
 3208	6	2	6 0 
 3209	6	2	6 0 
 3210	6	2	5 1 
 3211	6	2	6 0 
 3212	6	2	6 0 
 3213	6	2	3 3 
 3214	6	2	6 0 
 3215	6	2	6 0 
 3216	6	2	5 1 
 3217	6	2	6 0 
 3218	6	2	6 0 
 3219	6	2	5 1 
 3220	6	2	6 0 
 3221	6	2	6 0 
 3222	6	2	6 0 
 3223	6	2	6 0 
 3224	6	2	6 0 
 3225	6	2	6 0 
 3226	6	2	6 0 
 3227	6	2	6 0 
 3228	6	2	6 0 
 3229	6	2	6 0 
 3230	6	2	6 0 
 3231	6	2	6 0 
 3232	6	2	6 0 
 3233	6	2	6 0 
 3234	6	2	0 6 
 3235	6	2	6 0 
 3236	6	2	2 4 
 3237	6	2	6 0 
 3238	6	2	2 4 
 3239	6	2	6 0 
 3240	6	2	6 0 
 3241	6	2	4 2 
 3242	6	2	6 0 
 3243	6	2	6 0 
 3244	6	2	6 0 
 3245	6	2	2 4 
 3246	6	2	3 3 
 3247	6	2	5 1 
 3248	6	2	3 3 
 3249	6	2	6 0 
 3250	6	2	2 4 
 3251	6	2	4 2 
 3252	6	2	6 0 
 3253	6	2	4 2 
 3254	6	2	6 0 
 3255	6	2	6 0 
 3256	6	2	6 0 
 3257	6	2	6 0 
 3258	6	2	5 1 
 3259	6	2	6 0 
 3260	6	2	6 0 
 3261	6	2	6 0 
 3262	6	2	4 2 
 3263	6	2	4 2 
 3264	6	2	4 2 
 3265	6	2	6 0 
 3266	6	2	5 1 
 3267	6	2	6 0 
 3268	6	2	5 1 
 3269	6	2	6 0 
 3270	6	2	4 2 
 3271	6	2	5 1 
 3272	6	2	4 2 
 3273	6	2	5 1 
 3274	6	2	6 0 
 3275	6	2	6 0 
 3276	6	2	1 5 
 3277	6	2	6 0 
 3278	6	2	6 0 
 3279	6	2	6 0 
 3280	6	2	6 0 
 3281	6	2	6 0 
 3282	6	2	6 0 
 3283	6	2	6 0 
 3284	6	2	6 0 
 3285	6	2	6 0 
 3286	6	2	6 0 
 3287	6	2	6 0 
 3288	6	2	6 0 
 3289	6	2	6 0 
 3290	6	2	6 0 
 3291	6	2	6 0 
 3292	6	2	6 0 
 3293	6	2	6 0 
 3294	6	2	6 0 
 3295	6	2	6 0 
 3296	6	2	6 0 
 3297	6	2	6 0 
 3298	6	2	6 0 
 3299	6	2	6 0 
 3300	6	2	6 0 
 3301	6	2	0 6 
 3302	6	2	0 6 
 3303	6	2	6 0 
 3304	6	2	4 2 
 3305	6	2	6 0 
 3306	6	2	6 0 
 3307	6	2	6 0 
 3308	6	2	6 0 
 3309	6	2	6 0 
 3310	6	2	3 3 
 3311	6	2	6 0 
 3312	6	2	6 0 
 3313	6	2	6 0 
 3314	6	2	6 0 
 3315	6	2	2 4 
 3316	6	2	6 0 
 3317	6	2	5 1 
 3318	6	2	2 4 
 3319	6	2	0 6 
 3320	6	2	3 3 
 3321	6	2	3 3 
 3322	6	2	5 1 
 3323	6	2	6 0 
 3324	6	2	6 0 
 3325	6	2	4 2 
 3326	6	2	3 3 
 3327	6	2	6 0 
 3328	6	2	6 0 
 3329	6	2	6 0 
 3330	6	2	0 6 
 3331	6	2	4 2 
 3332	6	2	6 0 
 3333	6	2	6 0 
 3334	6	2	6 0 
 3335	6	2	6 0 
 3336	6	2	6 0 
 3337	6	2	6 0 
 3338	6	2	0 6 
 3339	6	2	2 4 
 3340	6	2	6 0 
 3341	6	2	6 0 
 3342	6	2	0 6 
 3343	6	2	5 1 
 3344	6	2	6 0 
 3345	6	2	3 3 
 3346	6	2	6 0 
 3347	6	2	6 0 
 3348	6	2	6 0 
 3349	6	2	6 0 
 3350	6	2	6 0 
 3351	6	2	6 0 
 3352	6	2	5 1 
 3353	6	2	6 0 
 3354	6	2	6 0 
 3355	6	2	6 0 
 3356	6	2	6 0 
 3357	6	2	4 2 
 3358	6	2	4 2 
 3359	6	2	4 2 
 3360	6	2	6 0 
 3361	6	2	6 0 
 3362	6	2	6 0 
 3363	6	2	5 1 
 3364	6	2	6 0 
 3365	6	2	4 2 
 3366	6	2	4 2 
 3367	6	2	3 3 
 3368	6	2	6 0 
 3369	6	2	6 0 
 3370	6	2	6 0 
 3371	6	2	5 1 
 3372	6	2	6 0 
 3373	6	2	6 0 
 3374	6	2	6 0 
 3375	6	2	5 1 
 3376	6	2	6 0 
 3377	6	2	6 0 
 3378	6	2	6 0 
 3379	6	2	6 0 
 3380	6	2	5 1 
 3381	6	2	4 2 
 3382	6	2	6 0 
 3383	6	2	6 0 
 3384	6	2	6 0 
 3385	6	2	6 0 
 3386	6	2	0 6 
 3387	6	2	5 1 
 3388	6	2	6 0 
 3389	6	2	4 2 
 3390	6	2	6 0 
 3391	6	2	5 1 
 3392	6	2	4 2 
 3393	6	2	6 0 
 3394	6	2	6 0 
 3395	6	2	6 0 
 3396	6	2	0 6 
 3397	6	2	6 0 
 3398	6	2	6 0 
 3399	6	2	6 0 
 3400	6	2	6 0 
 3401	6	2	6 0 
 3402	6	2	6 0 
 3403	6	2	6 0 
 3404	6	2	6 0 
 3405	6	2	6 0 
 3406	6	2	6 0 
 3407	6	2	0 6 
 3408	6	2	5 1 
 3409	6	2	6 0 
 3410	6	2	6 0 
 3411	6	2	6 0 
 3412	6	2	6 0 
 3413	6	2	6 0 
 3414	6	2	6 0 
 3415	6	2	5 1 
 3416	6	2	6 0 
 3417	6	2	6 0 
 3418	6	2	6 0 
 3419	6	2	5 1 
 3420	6	2	6 0 
 3421	6	2	6 0 
 3422	6	2	6 0 
 3423	6	2	6 0 
 3424	6	2	6 0 
 3425	6	2	6 0 
 3426	6	2	6 0 
 3427	6	2	6 0 
 3428	6	2	6 0 
 3429	6	2	6 0 
 3430	6	2	6 0 
 3431	6	2	6 0 
 3432	6	2	6 0 
 3433	6	2	6 0 
 3434	6	2	6 0 
 3435	6	2	6 0 
 3436	6	2	6 0 
 3437	6	2	6 0 
 3438	6	2	6 0 
 3439	6	2	4 2 
 3440	6	2	6 0 
 3441	6	2	6 0 
 3442	6	2	6 0 
 3443	6	2	6 0 
 3444	6	2	6 0 
 3445	6	2	6 0 
 3446	6	2	5 1 
 3447	6	2	6 0 
 3448	6	2	6 0 
 3449	6	2	6 0 
 3450	6	2	6 0 
 3451	6	2	5 1 
 3452	6	2	6 0 
 3453	6	2	2 4 
 3454	6	2	0 6 
 3455	6	2	6 0 
 3456	6	2	6 0 
 3457	6	2	6 0 
 3458	6	2	1 5 
 3459	6	2	1 5 
 3460	6	2	6 0 
 3461	6	2	5 1 
 3462	6	2	0 6 
 3463	6	2	6 0 
 3464	6	2	6 0 
 3465	6	2	6 0 
 3466	6	2	6 0 
 3467	6	2	6 0 
 3468	6	2	6 0 
 3469	6	2	6 0 
 3470	6	2	6 0 
 3471	6	2	6 0 
 3472	6	2	6 0 
 3473	6	2	6 0 
 3474	6	2	6 0 
 3475	6	2	6 0 
 3476	6	2	6 0 
 3477	6	2	6 0 
 3478	6	2	5 1 
 3479	6	2	6 0 
 3480	6	2	6 0 
 3481	6	2	6 0 
 3482	6	2	6 0 
 3483	6	2	6 0 
 3484	6	2	6 0 
 3485	6	2	6 0 
 3486	6	2	6 0 
 3487	6	2	6 0 
 3488	6	2	6 0 
 3489	6	2	6 0 
 3490	6	2	6 0 
 3491	6	2	6 0 
 3492	6	2	3 3 
 3493	6	2	6 0 
 3494	6	2	6 0 
 3495	6	2	6 0 
 3496	6	2	6 0 
 3497	6	2	6 0 
 3498	6	2	2 4 
 3499	6	2	6 0 
 3500	6	2	6 0 
 3501	6	2	5 1 
 3502	6	2	6 0 
 3503	6	2	4 2 
 3504	6	2	6 0 
 3505	6	2	0 6 
 3506	6	2	1 5 
 3507	6	2	6 0 
 3508	6	2	6 0 
 3509	6	2	1 5 
 3510	6	2	1 5 
 3511	6	2	1 5 
 3512	6	2	6 0 
 3513	6	2	2 4 
 3514	6	2	6 0 
 3515	6	2	6 0 
 3516	6	2	6 0 
 3517	6	2	6 0 
 3518	6	2	6 0 
 3519	6	2	6 0 
 3520	6	2	6 0 
 3521	6	2	6 0 
 3522	6	2	6 0 
 3523	6	2	5 1 
 3524	6	2	6 0 
 3525	6	2	5 1 
 3526	6	2	6 0 
 3527	6	2	3 3 
 3528	6	2	3 3 
 3529	6	2	6 0 
 3530	6	2	6 0 
 3531	6	2	5 1 
 3532	6	2	6 0 
 3533	6	2	4 2 
 3534	6	2	6 0 
 3535	6	2	5 1 
 3536	6	2	4 2 
 3537	6	2	3 3 
 3538	6	2	6 0 
 3539	6	2	6 0 
 3540	6	2	6 0 
 3541	6	2	6 0 
 3542	6	2	6 0 
 3543	6	2	6 0 
 3544	6	2	2 4 
 3545	6	2	6 0 
 3546	6	2	6 0 
 3547	6	2	2 4 
 3548	6	2	6 0 
 3549	6	2	6 0 
 3550	6	2	6 0 
 3551	6	2	6 0 
 3552	6	2	6 0 
 3553	6	2	6 0 
 3554	6	2	6 0 
 3555	6	2	6 0 
 3556	6	2	0 6 
 3557	6	2	6 0 
 3558	6	2	6 0 
 3559	6	2	6 0 
 3560	6	2	4 2 
 3561	6	2	6 0 
 3562	6	2	6 0 
 3563	6	2	6 0 
 3564	6	2	6 0 
 3565	6	2	4 2 
 3566	6	2	6 0 
 3567	6	2	6 0 
 3568	6	2	6 0 
 3569	6	2	6 0 
 3570	6	2	6 0 
 3571	6	2	6 0 
 3572	6	2	4 2 
 3573	6	2	6 0 
 3574	6	2	5 1 
 3575	6	2	5 1 
 3576	6	2	6 0 
 3577	6	2	5 1 
 3578	6	2	6 0 
 3579	6	2	6 0 
 3580	6	2	6 0 
 3581	6	2	6 0 
 3582	6	2	6 0 
 3583	6	2	6 0 
 3584	6	2	6 0 
 3585	6	2	6 0 
 3586	6	2	6 0 
 3587	6	2	6 0 
 3588	6	2	6 0 
 3589	6	2	6 0 
 3590	6	2	6 0 
 3591	6	2	6 0 
 3592	6	2	6 0 
 3593	6	2	6 0 
 3594	6	2	6 0 
 3595	6	2	6 0 
 3596	6	2	6 0 
 3597	6	2	6 0 
 3598	6	2	6 0 
 3599	6	2	6 0 
 3600	6	2	6 0 
 3601	6	2	6 0 
 3602	6	2	6 0 
 3603	6	2	6 0 
 3604	6	2	6 0 
 3605	6	2	6 0 
 3606	6	2	6 0 
 3607	6	2	6 0 
 3608	6	2	6 0 
 3609	6	2	6 0 
 3610	6	2	6 0 
 3611	6	2	6 0 
 3612	6	2	1 5 
 3613	6	2	6 0 
 3614	6	2	6 0 
 3615	6	2	6 0 
 3616	6	2	5 1 
 3617	6	2	6 0 
 3618	6	2	4 2 
 3619	6	2	6 0 
 3620	6	2	6 0 
 3621	6	2	6 0 
 3622	6	2	6 0 
 3623	6	2	6 0 
 3624	6	2	5 1 
 3625	6	2	2 4 
 3626	6	2	6 0 
 3627	6	2	6 0 
 3628	6	2	6 0 
 3629	6	2	6 0 
 3630	6	2	6 0 
 3631	6	2	6 0 
 3632	6	2	6 0 
 3633	6	2	6 0 
 3634	6	2	4 2 
 3635	6	2	4 2 
 3636	6	2	6 0 
 3637	6	2	2 4 
 3638	6	2	6 0 
 3639	6	2	0 6 
 3640	6	2	6 0 
 3641	6	2	4 2 
 3642	6	2	6 0 
 3643	6	2	3 3 
 3644	6	2	3 3 
 3645	6	2	5 1 
 3646	6	2	6 0 
 3647	6	2	6 0 
 3648	6	2	6 0 
 3649	6	2	6 0 
 3650	6	2	6 0 
 3651	6	2	6 0 
 3652	6	2	6 0 
 3653	6	2	6 0 
 3654	6	2	5 1 
 3655	6	2	6 0 
 3656	6	2	6 0 
 3657	6	2	6 0 
 3658	6	2	6 0 
 3659	6	2	6 0 
 3660	6	2	5 1 
 3661	6	2	6 0 
 3662	6	2	5 1 
 3663	6	2	6 0 
 3664	6	2	4 2 
 3665	6	2	6 0 
 3666	6	2	6 0 
 3667	6	2	5 1 
 3668	6	2	6 0 
 3669	6	2	0 6 
 3670	6	2	6 0 
 3671	6	2	6 0 
 3672	6	2	6 0 
 3673	6	2	4 2 
 3674	6	2	4 2 
 3675	6	2	6 0 
 3676	6	2	4 2 
 3677	6	2	4 2 
 3678	6	2	4 2 
 3679	6	2	6 0 
 3680	6	2	6 0 
 3681	6	2	4 2 
 3682	6	2	4 2 
 3683	6	2	4 2 
 3684	6	2	6 0 
 3685	6	2	4 2 
 3686	6	2	6 0 
 3687	6	2	6 0 
 3688	6	2	6 0 
 3689	6	2	3 3 
 3690	6	2	5 1 
 3691	6	2	5 1 
 3692	6	2	6 0 
 3693	6	2	6 0 
 3694	6	2	6 0 
 3695	6	2	6 0 
 3696	6	2	6 0 
 3697	6	2	6 0 
 3698	6	2	5 1 
 3699	6	2	3 3 
 3700	6	2	6 0 
 3701	6	2	6 0 
 3702	6	2	5 1 
 3703	6	2	6 0 
 3704	6	2	6 0 
 3705	6	2	6 0 
 3706	6	2	6 0 
 3707	6	2	6 0 
 3708	6	2	6 0 
 3709	6	2	5 1 
 3710	6	2	6 0 
 3711	6	2	6 0 
 3712	6	2	6 0 
 3713	6	2	5 1 
 3714	6	2	6 0 
 3715	6	2	6 0 
 3716	6	2	6 0 
 3717	6	2	6 0 
 3718	6	2	6 0 
 3719	6	2	2 4 
 3720	6	2	2 4 
 3721	6	2	6 0 
 3722	6	2	2 4 
 3723	6	2	6 0 
 3724	6	2	6 0 
 3725	6	2	6 0 
 3726	6	2	6 0 
 3727	6	2	6 0 
 3728	6	2	6 0 
 3729	6	2	6 0 
 3730	6	2	6 0 
 3731	6	2	6 0 
 3732	6	2	6 0 
 3733	6	2	5 1 
 3734	6	2	6 0 
 3735	6	2	6 0 
 3736	6	2	4 2 
 3737	6	2	6 0 
 3738	6	2	4 2 
 3739	6	2	5 1 
 3740	6	2	5 1 
 3741	6	2	5 1 
 3742	6	2	3 3 
 3743	6	2	6 0 
 3744	6	2	5 1 
 3745	6	2	6 0 
 3746	6	2	0 6 
 3747	6	2	6 0 
 3748	6	2	6 0 
 3749	6	2	6 0 
 3750	6	2	6 0 
 3751	6	2	4 2 
 3752	6	2	6 0 
 3753	6	2	6 0 
 3754	6	2	6 0 
 3755	6	2	5 1 
 3756	6	2	6 0 
 3757	6	2	6 0 
 3758	6	2	6 0 
 3759	6	2	2 4 
 3760	6	2	2 4 
 3761	6	2	6 0 
 3762	6	2	6 0 
 3763	6	2	6 0 
 3764	6	2	3 3 
 3765	6	2	6 0 
 3766	6	2	6 0 
 3767	6	2	4 2 
 3768	6	2	4 2 
 3769	6	2	6 0 
 3770	6	2	6 0 
 3771	6	2	4 2 
 3772	6	2	6 0 
 3773	6	2	6 0 
 3774	6	2	4 2 
 3775	6	2	6 0 
 3776	6	2	6 0 
 3777	6	2	3 3 
 3778	6	2	3 3 
 3779	6	2	4 2 
 3780	6	2	6 0 
 3781	6	2	4 2 
 3782	6	2	3 3 
 3783	6	2	6 0 
 3784	6	2	6 0 
 3785	6	2	6 0 
 3786	6	2	4 2 
 3787	6	2	6 0 
 3788	6	2	6 0 
 3789	6	2	6 0 
 3790	6	2	6 0 
 3791	6	2	6 0 
 3792	6	2	6 0 
 3793	6	2	6 0 
 3794	6	2	6 0 
 3795	6	2	6 0 
 3796	6	2	6 0 
 3797	6	2	6 0 
 3798	6	2	6 0 
 3799	6	2	0 6 
 3800	6	2	6 0 
 3801	6	2	6 0 
 3802	6	2	5 1 
 3803	6	2	6 0 
 3804	6	2	6 0 
 3805	6	2	6 0 
 3806	6	2	6 0 
 3807	6	2	6 0 
 3808	6	2	6 0 
 3809	6	2	6 0 
 3810	6	2	6 0 
 3811	6	2	2 4 
 3812	6	2	2 4 
 3813	6	2	2 4 
 3814	6	2	2 4 
 3815	6	2	6 0 
 3816	6	2	6 0 
 3817	6	2	6 0 
 3818	6	2	6 0 
 3819	6	2	6 0 
 3820	6	2	6 0 
 3821	6	2	6 0 
 3822	6	2	6 0 
 3823	6	2	6 0 
 3824	6	2	6 0 
 3825	6	2	6 0 
 3826	6	2	6 0 
 3827	6	2	6 0 
 3828	6	2	6 0 
 3829	6	2	6 0 
 3830	6	2	6 0 
 3831	6	2	6 0 
 3832	6	2	6 0 
 3833	6	2	6 0 
 3834	6	2	6 0 
 3835	6	2	6 0 
 3836	6	2	5 1 
 3837	6	2	6 0 
 3838	6	2	6 0 
 3839	6	2	6 0 
 3840	6	2	6 0 
 3841	6	2	5 1 
 3842	6	2	6 0 
 3843	6	2	6 0 
 3844	6	2	0 6 
 3845	6	2	6 0 
 3846	6	2	5 1 
 3847	6	2	6 0 
 3848	6	2	6 0 
 3849	6	2	5 1 
 3850	6	2	6 0 
 3851	6	2	6 0 
 3852	6	2	6 0 
 3853	6	2	6 0 
 3854	6	2	6 0 
 3855	6	2	3 3 
 3856	6	2	6 0 
 3857	6	2	1 5 
 3858	6	2	6 0 
 3859	6	2	0 6 
 3860	6	2	6 0 
 3861	6	2	6 0 
 3862	6	2	6 0 
 3863	6	2	5 1 
 3864	6	2	5 1 
 3865	6	2	6 0 
 3866	6	2	5 1 
 3867	6	2	6 0 
 3868	6	2	5 1 
 3869	6	2	6 0 
 3870	6	2	6 0 
 3871	6	2	6 0 
 3872	6	2	6 0 
 3873	6	2	5 1 
 3874	6	2	6 0 
 3875	6	2	6 0 
 3876	6	2	6 0 
 3877	6	2	6 0 
 3878	6	2	6 0 
 3879	6	2	6 0 
 3880	6	2	6 0 
 3881	6	2	6 0 
 3882	6	2	6 0 
 3883	6	2	6 0 
 3884	6	2	6 0 
 3885	6	2	6 0 
 3886	6	2	6 0 
 3887	6	2	5 1 
 3888	6	2	6 0 
 3889	6	2	6 0 
 3890	6	2	5 1 
 3891	6	2	6 0 
 3892	6	2	6 0 
 3893	6	2	6 0 
 3894	6	2	6 0 
 3895	6	2	3 3 
 3896	6	2	6 0 
 3897	6	2	6 0 
 3898	6	2	1 5 
 3899	6	2	6 0 
 3900	6	2	6 0 
 3901	6	2	4 2 
 3902	6	2	6 0 
 3903	6	2	6 0 
 3904	6	2	6 0 
 3905	6	2	5 1 
 3906	6	2	6 0 
 3907	6	2	6 0 
 3908	6	2	0 6 
 3909	6	2	6 0 
 3910	6	2	6 0 
 3911	6	2	6 0 
 3912	6	2	6 0 
 3913	6	2	6 0 
 3914	6	2	6 0 
 3915	6	2	6 0 
 3916	6	2	6 0 
 3917	6	2	6 0 
 3918	6	2	6 0 
 3919	6	2	5 1 
 3920	6	2	5 1 
 3921	6	2	6 0 
 3922	6	2	5 1 
 3923	6	2	6 0 
 3924	6	2	5 1 
 3925	6	2	2 4 
 3926	6	2	6 0 
 3927	6	2	6 0 
 3928	6	2	6 0 
 3929	6	2	6 0 
 3930	6	2	6 0 
 3931	6	2	4 2 
 3932	6	2	5 1 
 3933	6	2	1 5 
 3934	6	2	5 1 
 3935	6	2	6 0 
 3936	6	2	6 0 
 3937	6	2	6 0 
 3938	6	2	6 0 
 3939	6	2	6 0 
 3940	6	2	4 2 
 3941	6	2	6 0 
 3942	6	2	6 0 
 3943	6	2	5 1 
 3944	6	2	5 1 
 3945	6	2	6 0 
 3946	6	2	5 1 
 3947	6	2	6 0 
 3948	6	2	0 6 
 3949	6	2	6 0 
 3950	6	2	5 1 
 3951	6	2	6 0 
 3952	6	2	5 1 
 3953	6	2	2 4 
 3954	6	2	5 1 
 3955	6	2	6 0 
 3956	6	2	6 0 
 3957	6	2	4 2 
 3958	6	2	3 3 
 3959	6	2	5 1 
 3960	6	2	4 2 
 3961	6	2	6 0 
 3962	6	2	6 0 
 3963	6	2	6 0 
 3964	6	2	6 0 
 3965	6	2	6 0 
 3966	6	2	6 0 
 3967	6	2	5 1 
 3968	6	2	6 0 
 3969	6	2	6 0 
 3970	6	2	6 0 
 3971	6	2	0 6 
 3972	6	2	6 0 
 3973	6	2	6 0 
 3974	6	2	6 0 
 3975	6	2	6 0 
 3976	6	2	6 0 
 3977	6	2	6 0 
 3978	6	2	6 0 
 3979	6	2	6 0 
 3980	6	2	6 0 
 3981	6	2	6 0 
 3982	6	2	6 0 
 3983	6	2	6 0 
 3984	6	2	5 1 
 3985	6	2	6 0 
 3986	6	2	6 0 
 3987	6	2	6 0 
 3988	6	2	6 0 
 3989	6	2	6 0 
 3990	6	2	6 0 
 3991	6	2	6 0 
 3992	6	2	6 0 
 3993	6	2	2 4 
 3994	6	2	6 0 
 3995	6	2	6 0 
 3996	6	2	6 0 
 3997	6	2	6 0 
 3998	6	2	6 0 
 3999	6	2	6 0 
 4000	6	2	6 0 
 4001	6	2	6 0 
 4002	6	2	4 2 
 4003	6	2	4 2 
 4004	6	2	6 0 
 4005	6	2	5 1 
 4006	6	2	6 0 
 4007	6	2	6 0 
 4008	6	2	6 0 
 4009	6	2	4 2 
 4010	6	2	6 0 
 4011	6	2	6 0 
 4012	6	2	6 0 
 4013	6	2	6 0 
 4014	6	2	6 0 
 4015	6	2	6 0 
 4016	6	2	6 0 
 4017	6	2	6 0 
 4018	6	2	4 2 
 4019	6	2	5 1 
 4020	6	2	6 0 
 4021	6	2	6 0 
 4022	6	2	5 1 
 4023	6	2	5 1 
 4024	6	2	6 0 
 4025	6	2	1 5 
 4026	6	2	5 1 
 4027	6	2	6 0 
 4028	6	2	6 0 
 4029	6	2	6 0 
 4030	6	2	6 0 
 4031	6	2	6 0 
 4032	6	2	2 4 
 4033	6	2	1 5 
 4034	6	2	6 0 
 4035	6	2	6 0 
 4036	6	2	6 0 
 4037	6	2	1 5 
 4038	6	2	6 0 
 4039	6	2	6 0 
 4040	6	2	6 0 
 4041	6	2	6 0 
 4042	6	2	6 0 
 4043	6	2	6 0 
 4044	6	2	6 0 
 4045	6	2	6 0 
 4046	6	2	6 0 
 4047	6	2	6 0 
 4048	6	2	6 0 
 4049	6	2	2 4 
 4050	6	2	6 0 
 4051	6	2	6 0 
 4052	6	2	6 0 
 4053	6	2	6 0 
 4054	6	2	4 2 
 4055	6	2	6 0 
 4056	6	2	6 0 
 4057	6	2	6 0 
 4058	6	2	6 0 
 4059	6	2	5 1 
 4060	6	2	5 1 
 4061	6	2	6 0 
 4062	6	2	6 0 
 4063	6	2	6 0 
 4064	6	2	6 0 
 4065	6	2	6 0 
 4066	6	2	6 0 
 4067	6	2	5 1 
 4068	6	2	5 1 
 4069	6	2	5 1 
 4070	6	2	6 0 
 4071	6	2	6 0 
 4072	6	2	6 0 
 4073	6	2	6 0 
 4074	6	2	6 0 
 4075	6	2	6 0 
 4076	6	2	6 0 
 4077	6	2	6 0 
 4078	6	2	6 0 
 4079	6	2	6 0 
 4080	6	2	6 0 
 4081	6	2	6 0 
 4082	6	2	6 0 
 4083	6	2	6 0 
 4084	6	2	6 0 
 4085	6	2	6 0 
 4086	6	2	6 0 
 4087	6	2	6 0 
 4088	6	2	4 2 
 4089	6	2	6 0 
 4090	6	2	3 3 
 4091	6	2	6 0 
 4092	6	2	6 0 
 4093	6	2	6 0 
 4094	6	2	6 0 
 4095	6	2	6 0 
 4096	6	2	6 0 
 4097	6	2	6 0 
 4098	6	2	5 1 
 4099	6	2	6 0 
 4100	6	2	6 0 
 4101	6	2	1 5 
 4102	6	2	5 1 
 4103	6	2	5 1 
 4104	6	2	6 0 
 4105	6	2	6 0 
 4106	6	2	6 0 
 4107	6	2	6 0 
 4108	6	2	6 0 
 4109	6	2	6 0 
 4110	6	2	6 0 
 4111	6	2	6 0 
 4112	6	2	6 0 
 4113	6	2	5 1 
 4114	6	2	6 0 
 4115	6	2	6 0 
 4116	6	2	6 0 
 4117	6	2	6 0 
 4118	6	2	5 1 
 4119	6	2	1 5 
 4120	6	2	6 0 
 4121	6	2	6 0 
 4122	6	2	5 1 
 4123	6	2	2 4 
 4124	6	2	6 0 
 4125	6	2	1 5 
 4126	6	2	5 1 
 4127	6	2	6 0 
 4128	6	2	6 0 
 4129	6	2	0 6 
 4130	6	2	6 0 
 4131	6	2	6 0 
 4132	6	2	6 0 
 4133	6	2	6 0 
 4134	6	2	4 2 
 4135	6	2	6 0 
 4136	6	2	6 0 
 4137	6	2	4 2 
 4138	6	2	6 0 
 4139	6	2	6 0 
 4140	6	2	6 0 
 4141	6	2	6 0 
 4142	6	2	1 5 
 4143	6	2	6 0 
 4144	6	2	6 0 
 4145	6	2	6 0 
 4146	6	2	6 0 
 4147	6	2	6 0 
 4148	6	2	0 6 
 4149	6	2	6 0 
 4150	6	2	6 0 
 4151	6	2	6 0 
 4152	6	2	6 0 
 4153	6	2	6 0 
 4154	6	2	5 1 
 4155	6	2	6 0 
 4156	6	2	5 1 
 4157	6	2	6 0 
 4158	6	2	3 3 
 4159	6	2	6 0 
 4160	6	2	5 1 
 4161	6	2	6 0 
 4162	6	2	6 0 
 4163	6	2	6 0 
 4164	6	2	6 0 
 4165	6	2	6 0 
 4166	6	2	6 0 
 4167	6	2	6 0 
 4168	6	2	3 3 
 4169	6	2	6 0 
 4170	6	2	6 0 
 4171	6	2	6 0 
 4172	6	2	6 0 
 4173	6	2	6 0 
 4174	6	2	4 2 
 4175	6	2	6 0 
 4176	6	2	5 1 
 4177	6	2	5 1 
 4178	6	2	6 0 
 4179	6	2	6 0 
 4180	6	2	5 1 
 4181	6	2	5 1 
 4182	6	2	6 0 
 4183	6	2	6 0 
 4184	6	2	6 0 
 4185	6	2	6 0 
 4186	6	2	6 0 
 4187	6	2	5 1 
 4188	6	2	6 0 
 4189	6	2	6 0 
 4190	6	2	6 0 
 4191	6	2	6 0 
 4192	6	2	6 0 
 4193	6	2	6 0 
 4194	6	2	6 0 
 4195	6	2	6 0 
 4196	6	2	6 0 
 4197	6	2	6 0 
 4198	6	2	6 0 
 4199	6	2	6 0 
 4200	6	2	6 0 
 4201	6	2	6 0 
 4202	6	2	6 0 
 4203	6	2	6 0 
 4204	6	2	6 0 
 4205	6	2	6 0 
 4206	6	2	3 3 
 4207	6	2	0 6 
 4208	6	2	6 0 
 4209	6	2	0 6 
 4210	6	2	6 0 
 4211	6	2	4 2 
 4212	6	2	4 2 
 4213	6	2	6 0 
 4214	6	2	4 2 
 4215	6	2	4 2 
 4216	6	2	6 0 
 4217	6	2	1 5 
 4218	6	2	6 0 
 4219	6	2	6 0 
 4220	6	2	6 0 
 4221	6	2	6 0 
 4222	6	2	6 0 
 4223	6	2	6 0 
 4224	6	2	6 0 
 4225	6	2	0 6 
 4226	6	2	6 0 
 4227	6	2	6 0 
 4228	6	2	6 0 
 4229	6	2	6 0 
 4230	6	2	6 0 
 4231	6	2	6 0 
 4232	6	2	6 0 
 4233	6	2	6 0 
 4234	6	2	6 0 
 4235	6	2	6 0 
 4236	6	2	6 0 
 4237	6	2	6 0 
 4238	6	2	0 6 
 4239	6	2	6 0 
 4240	6	2	0 6 
 4241	6	2	0 6 
 4242	6	2	5 1 
 4243	6	2	0 6 
 4244	6	2	0 6 
 4245	6	2	6 0 
 4246	6	2	4 2 
 4247	6	2	6 0 
 4248	6	2	6 0 
 4249	6	2	4 2 
 4250	6	2	6 0 
 4251	6	2	6 0 
 4252	6	2	6 0 
 4253	6	2	6 0 
 4254	6	2	6 0 
 4255	6	2	6 0 
 4256	6	2	6 0 
 4257	6	2	6 0 
 4258	6	2	6 0 
 4259	6	2	6 0 
 4260	6	2	6 0 
 4261	6	2	6 0 
 4262	6	2	6 0 
 4263	6	2	6 0 
 4264	6	2	6 0 
 4265	6	2	6 0 
 4266	6	2	6 0 
 4267	6	2	6 0 
 4268	6	2	6 0 
 4269	6	2	6 0 
 4270	6	2	6 0 
 4271	6	2	6 0 
 4272	6	2	6 0 
 4273	6	2	6 0 
 4274	6	2	6 0 
 4275	6	2	6 0 
 4276	6	2	6 0 
 4277	6	2	6 0 
 4278	6	2	6 0 
 4279	6	2	6 0 
 4280	6	2	6 0 
 4281	6	2	2 4 
 4282	6	2	6 0 
 4283	6	2	6 0 
 4284	6	2	6 0 
 4285	6	2	2 4 
 4286	6	2	2 4 
 4287	6	2	6 0 
 4288	6	2	6 0 
 4289	6	2	2 4 
 4290	6	2	6 0 
 4291	6	2	6 0 
 4292	6	2	2 4 
 4293	6	2	6 0 
 4294	6	2	2 4 
 4295	6	2	2 4 
 4296	6	2	2 4 
 4297	6	2	5 1 
 4298	6	2	6 0 
 4299	6	2	6 0 
 4300	6	2	6 0 
 4301	6	2	6 0 
 4302	6	2	6 0 
 4303	6	2	5 1 
 4304	6	2	5 1 
 4305	6	2	0 6 
 4306	6	2	0 6 
 4307	6	2	6 0 
 4308	6	2	0 6 
 4309	6	2	5 1 
 4310	6	2	6 0 
 4311	6	2	6 0 
 4312	6	2	6 0 
 4313	6	2	6 0 
 4314	6	2	6 0 
 4315	6	2	6 0 
 4316	6	2	6 0 
 4317	6	2	6 0 
 4318	6	2	6 0 
 4319	6	2	6 0 
 4320	6	2	6 0 
 4321	6	2	6 0 
 4322	6	2	6 0 
 4323	6	2	6 0 
 4324	6	2	6 0 
 4325	6	2	6 0 
 4326	6	2	6 0 
 4327	6	2	6 0 
 4328	6	2	5 1 
 4329	6	2	2 4 
 4330	6	2	6 0 
 4331	6	2	6 0 
 4332	6	2	6 0 
 4333	6	2	6 0 
 4334	6	2	6 0 
 4335	6	2	6 0 
 4336	6	2	6 0 
 4337	6	2	6 0 
 4338	6	2	6 0 
 4339	6	2	6 0 
 4340	6	2	5 1 
 4341	6	2	6 0 
 4342	6	2	5 1 
 4343	6	2	5 1 
 4344	6	2	6 0 
 4345	6	2	6 0 
 4346	6	2	5 1 
 4347	6	2	5 1 
 4348	6	2	5 1 
 4349	6	2	6 0 
 4350	6	2	6 0 
 4351	6	2	6 0 
 4352	6	2	4 2 
 4353	6	2	4 2 
 4354	6	2	4 2 
 4355	6	2	4 2 
 4356	6	2	4 2 
 4357	6	2	6 0 
 4358	6	2	6 0 
 4359	6	2	6 0 
 4360	6	2	6 0 
 4361	6	2	6 0 
 4362	6	2	6 0 
 4363	6	2	6 0 
 4364	6	2	6 0 
 4365	6	2	6 0 
 4366	6	2	6 0 
 4367	6	2	6 0 
 4368	6	2	6 0 
 4369	6	2	5 1 
 4370	6	2	5 1 
 4371	6	2	6 0 
 4372	6	2	0 6 
 4373	6	2	6 0 
 4374	6	2	4 2 
 4375	6	2	0 6 
 4376	6	2	0 6 
 4377	6	2	3 3 
 4378	6	2	6 0 
 4379	6	2	6 0 
 4380	6	2	6 0 
 4381	6	2	6 0 
 4382	6	2	6 0 
 4383	6	2	6 0 
 4384	6	2	6 0 
 4385	6	2	5 1 
 4386	6	2	5 1 
 4387	6	2	5 1 
 4388	6	2	5 1 
 4389	6	2	5 1 
 4390	6	2	5 1 
 4391	6	2	6 0 
 4392	6	2	5 1 
 4393	6	2	6 0 
 4394	6	2	6 0 
 4395	6	2	6 0 
 4396	6	2	6 0 
 4397	6	2	5 1 
 4398	6	2	6 0 
 4399	6	2	6 0 
 4400	6	2	6 0 
 4401	6	2	6 0 
 4402	6	2	6 0 
 4403	6	2	6 0 
 4404	6	2	6 0 
 4405	6	2	6 0 
 4406	6	2	6 0 
 4407	6	2	6 0 
 4408	6	2	6 0 
 4409	6	2	6 0 
 4410	6	2	5 1 
 4411	6	2	5 1 
 4412	6	2	6 0 
 4413	6	2	6 0 
 4414	6	2	6 0 
 4415	6	2	5 1 
 4416	6	2	6 0 
 4417	6	2	6 0 
 4418	6	2	4 2 
 4419	6	2	4 2 
 4420	6	2	1 5 
 4421	6	2	1 5 
 4422	6	2	6 0 
 4423	6	2	6 0 
 4424	6	2	6 0 
 4425	6	2	5 1 
 4426	6	2	5 1 
 4427	6	2	5 1 
 4428	6	2	5 1 
 4429	6	2	6 0 
 4430	6	2	6 0 
 4431	6	2	6 0 
 4432	6	2	6 0 
 4433	6	2	6 0 
 4434	6	2	6 0 
 4435	6	2	6 0 
 4436	6	2	6 0 
 4437	6	2	5 1 
 4438	6	2	6 0 
 4439	6	2	6 0 
 4440	6	2	6 0 
 4441	6	2	4 2 
 4442	6	2	6 0 
 4443	6	2	5 1 
 4444	6	2	6 0 
 4445	6	2	5 1 
 4446	6	2	6 0 
 4447	6	2	6 0 
 4448	6	2	6 0 
 4449	6	2	6 0 
 4450	6	2	6 0 
 4451	6	2	5 1 
 4452	6	2	5 1 
 4453	6	2	5 1 
 4454	6	2	5 1 
 4455	6	2	5 1 
 4456	6	2	6 0 
 4457	6	2	6 0 
 4458	6	2	6 0 
 4459	6	2	5 1 
 4460	6	2	6 0 
 4461	6	2	6 0 
 4462	6	2	6 0 
 4463	6	2	6 0 
 4464	6	2	6 0 
 4465	6	2	5 1 
 4466	6	2	6 0 
 4467	6	2	6 0 
 4468	6	2	6 0 
 4469	6	2	6 0 
 4470	6	2	6 0 
 4471	6	2	6 0 
 4472	6	2	5 1 
 4473	6	2	6 0 
 4474	6	2	5 1 
 4475	6	2	6 0 
 4476	6	2	3 3 
 4477	6	2	3 3 
 4478	6	2	3 3 
 4479	6	2	6 0 
 4480	6	2	6 0 
 4481	6	2	3 3 
 4482	6	2	6 0 
 4483	6	2	3 3 
 4484	6	2	3 3 
 4485	6	2	3 3 
 4486	6	2	3 3 
 4487	6	2	6 0 
 4488	6	2	6 0 
 4489	6	2	6 0 
 4490	6	2	4 2 
 4491	6	2	6 0 
 4492	6	2	5 1 
 4493	6	2	4 2 
 4494	6	2	4 2 
 4495	6	2	6 0 
 4496	6	2	6 0 
 4497	6	2	1 5 
 4498	6	2	6 0 
 4499	6	2	6 0 
 4500	6	2	6 0 
 4501	6	2	6 0 
 4502	6	2	6 0 
 4503	6	2	6 0 
 4504	6	2	6 0 
 4505	6	2	6 0 
 4506	6	2	6 0 
 4507	6	2	6 0 
 4508	6	2	6 0 
 4509	6	2	6 0 
 4510	6	2	6 0 
 4511	6	2	5 1 
 4512	6	2	6 0 
 4513	6	2	6 0 
 4514	6	2	6 0 
 4515	6	2	6 0 
 4516	6	2	5 1 
 4517	6	2	6 0 
 4518	6	2	6 0 
 4519	6	2	6 0 
 4520	6	2	6 0 
 4521	6	2	6 0 
 4522	6	2	0 6 
 4523	6	2	6 0 
 4524	6	2	6 0 
 4525	6	2	6 0 
 4526	6	2	6 0 
 4527	6	2	6 0 
 4528	6	2	6 0 
 4529	6	2	6 0 
 4530	6	2	0 6 
 4531	6	2	6 0 
 4532	6	2	6 0 
 4533	6	2	6 0 
 4534	6	2	5 1 
 4535	6	2	5 1 
 4536	6	2	5 1 
 4537	6	2	6 0 
 4538	6	2	5 1 
 4539	6	2	6 0 
 4540	6	2	6 0 
 4541	6	2	6 0 
 4542	6	2	6 0 
 4543	6	2	6 0 
 4544	6	2	6 0 
 4545	6	2	6 0 
 4546	6	2	0 6 
 4547	6	2	6 0 
 4548	6	2	0 6 
 4549	6	2	6 0 
 4550	6	2	0 6 
 4551	6	2	6 0 
 4552	6	2	6 0 
 4553	6	2	6 0 
 4554	6	2	5 1 
 4555	6	2	3 3 
 4556	6	2	6 0 
 4557	6	2	6 0 
 4558	6	2	6 0 
 4559	6	2	6 0 
 4560	6	2	6 0 
 4561	6	2	6 0 
 4562	6	2	6 0 
 4563	6	2	6 0 
 4564	6	2	6 0 
 4565	6	2	5 1 
 4566	6	2	4 2 
 4567	6	2	5 1 
 4568	6	2	5 1 
 4569	6	2	5 1 
 4570	6	2	3 3 
 4571	6	2	6 0 
 4572	6	2	6 0 
 4573	6	2	4 2 
 4574	6	2	6 0 
 4575	6	2	6 0 
 4576	6	2	6 0 
 4577	6	2	6 0 
 4578	6	2	6 0 
 4579	6	2	5 1 
 4580	6	2	4 2 
 4581	6	2	6 0 
 4582	6	2	3 3 
 4583	6	2	4 2 
 4584	6	2	6 0 
 4585	6	2	6 0 
 4586	6	2	6 0 
 4587	6	2	6 0 
 4588	6	2	6 0 
 4589	6	2	6 0 
 4590	6	2	5 1 
 4591	6	2	6 0 
 4592	6	2	5 1 
 4593	6	2	6 0 
 4594	6	2	6 0 
 4595	6	2	6 0 
 4596	6	2	6 0 
 4597	6	2	6 0 
 4598	6	2	6 0 
 4599	6	2	6 0 
 4600	6	2	6 0 
 4601	6	2	6 0 
 4602	6	2	6 0 
 4603	6	2	6 0 
 4604	6	2	6 0 
 4605	6	2	5 1 
 4606	6	2	6 0 
 4607	6	2	5 1 
 4608	6	2	6 0 
 4609	6	2	6 0 
 4610	6	2	6 0 
 4611	6	2	6 0 
 4612	6	2	6 0 
 4613	6	2	6 0 
 4614	6	2	6 0 
 4615	6	2	1 5 
 4616	6	2	6 0 
 4617	6	2	6 0 
 4618	6	2	6 0 
 4619	6	2	6 0 
 4620	6	2	6 0 
 4621	6	2	6 0 
 4622	6	2	5 1 
 4623	6	2	6 0 
 4624	6	2	5 1 
 4625	6	2	5 1 
 4626	6	2	3 3 
 4627	6	2	3 3 
 4628	6	2	4 2 
 4629	6	2	3 3 
 4630	6	2	0 6 
 4631	6	2	6 0 
 4632	6	2	6 0 
 4633	6	2	6 0 
 4634	6	2	6 0 
 4635	6	2	6 0 
 4636	6	2	4 2 
 4637	6	2	5 1 
 4638	6	2	6 0 
 4639	6	2	5 1 
 4640	6	2	0 6 
 4641	6	2	6 0 
 4642	6	2	5 1 
 4643	6	2	6 0 
 4644	6	2	0 6 
 4645	6	2	1 5 
 4646	6	2	6 0 
 4647	6	2	1 5 
 4648	6	2	1 5 
 4649	6	2	6 0 
 4650	6	2	6 0 
 4651	6	2	6 0 
 4652	6	2	6 0 
 4653	6	2	4 2 
 4654	6	2	6 0 
 4655	6	2	6 0 
 4656	6	2	6 0 
 4657	6	2	6 0 
 4658	6	2	6 0 
 4659	6	2	6 0 
 4660	6	2	6 0 
 4661	6	2	6 0 
 4662	6	2	6 0 
 4663	6	2	6 0 
 4664	6	2	6 0 
 4665	6	2	6 0 
 4666	6	2	6 0 
 4667	6	2	6 0 
 4668	6	2	6 0 
 4669	6	2	6 0 
 4670	6	2	6 0 
 4671	6	2	6 0 
 4672	6	2	6 0 
 4673	6	2	6 0 
 4674	6	2	6 0 
 4675	6	2	6 0 
 4676	6	2	6 0 
 4677	6	2	6 0 
 4678	6	2	6 0 
 4679	6	2	6 0 
 4680	6	2	5 1 
 4681	6	2	5 1 
 4682	6	2	5 1 
 4683	6	2	5 1 
 4684	6	2	4 2 
 4685	6	2	6 0 
 4686	6	2	6 0 
 4687	6	2	6 0 
 4688	6	2	6 0 
 4689	6	2	6 0 
 4690	6	2	6 0 
 4691	6	2	5 1 
 4692	6	2	5 1 
 4693	6	2	6 0 
 4694	6	2	6 0 
 4695	6	2	6 0 
 4696	6	2	2 4 
 4697	6	2	0 6 
 4698	6	2	6 0 
 4699	6	2	4 2 
 4700	6	2	6 0 
 4701	6	2	6 0 
 4702	6	2	6 0 
 4703	6	2	6 0 
 4704	6	2	6 0 
 4705	6	2	6 0 
 4706	6	2	6 0 
 4707	6	2	6 0 
 4708	6	2	6 0 
 4709	6	2	4 2 
 4710	6	2	0 6 
 4711	6	2	6 0 
 4712	6	2	4 2 
 4713	6	2	6 0 
 4714	6	2	6 0 
 4715	6	2	3 3 
 4716	6	2	3 3 
 4717	6	2	3 3 
 4718	6	2	3 3 
 4719	6	2	6 0 
 4720	6	2	6 0 
 4721	6	2	6 0 
 4722	6	2	6 0 
 4723	6	2	6 0 
 4724	6	2	5 1 
 4725	6	2	6 0 
 4726	6	2	5 1 
 4727	6	2	3 3 
 4728	6	2	6 0 
 4729	6	2	6 0 
 4730	6	2	6 0 
 4731	6	2	6 0 
 4732	6	2	6 0 
 4733	6	2	6 0 
 4734	6	2	6 0 
 4735	6	2	6 0 
 4736	6	2	3 3 
 4737	6	2	6 0 
 4738	6	2	6 0 
 4739	6	2	6 0 
 4740	6	2	2 4 
 4741	6	2	6 0 
 4742	6	2	2 4 
 4743	6	2	2 4 
 4744	6	2	6 0 
 4745	6	2	2 4 
 4746	6	2	6 0 
 4747	6	2	3 3 
 4748	6	2	6 0 
 4749	6	2	3 3 
 4750	6	2	6 0 
 4751	6	2	6 0 
 4752	6	2	4 2 
 4753	6	2	6 0 
 4754	6	2	6 0 
 4755	6	2	6 0 
 4756	6	2	0 6 
 4757	6	2	6 0 
 4758	6	2	6 0 
 4759	6	2	6 0 
 4760	6	2	6 0 
 4761	6	2	5 1 
 4762	6	2	6 0 
 4763	6	2	6 0 
 4764	6	2	6 0 
 4765	6	2	6 0 
 4766	6	2	6 0 
 4767	6	2	6 0 
 4768	6	2	6 0 
 4769	6	2	6 0 
 4770	6	2	5 1 
 4771	6	2	6 0 
 4772	6	2	6 0 
 4773	6	2	6 0 
 4774	6	2	6 0 
 4775	6	2	6 0 
 4776	6	2	6 0 
 4777	6	2	6 0 
 4778	6	2	6 0 
 4779	6	2	5 1 
 4780	6	2	6 0 
 4781	6	2	6 0 
 4782	6	2	1 5 
 4783	6	2	5 1 
 4784	6	2	6 0 
 4785	6	2	6 0 
 4786	6	2	6 0 
 4787	6	2	6 0 
 4788	6	2	5 1 
 4789	6	2	6 0 
 4790	6	2	6 0 
 4791	6	2	6 0 
 4792	6	2	6 0 
 4793	6	2	6 0 
 4794	6	2	6 0 
 4795	6	2	6 0 
 4796	6	2	6 0 
 4797	6	2	6 0 
 4798	6	2	6 0 
 4799	6	2	6 0 
 4800	6	2	6 0 
 4801	6	2	6 0 
 4802	6	2	6 0 
 4803	6	2	6 0 
 4804	6	2	5 1 
 4805	6	2	6 0 
 4806	6	2	6 0 
 4807	6	2	6 0 
 4808	6	2	6 0 
 4809	6	2	6 0 
 4810	6	2	6 0 
 4811	6	2	6 0 
 4812	6	2	6 0 
 4813	6	2	2 4 
 4814	6	2	6 0 
 4815	6	2	6 0 
 4816	6	2	6 0 
 4817	6	2	5 1 
 4818	6	2	3 3 
 4819	6	2	6 0 
 4820	6	2	6 0 
 4821	6	2	2 4 
 4822	6	2	3 3 
 4823	6	2	6 0 
 4824	6	2	5 1 
 4825	6	2	6 0 
 4826	6	2	6 0 
 4827	6	2	6 0 
 4828	6	2	6 0 
 4829	6	2	6 0 
 4830	6	2	6 0 
 4831	6	2	5 1 
 4832	6	2	6 0 
 4833	6	2	6 0 
 4834	6	2	6 0 
 4835	6	2	3 3 
 4836	6	2	3 3 
 4837	6	2	3 3 
 4838	6	2	3 3 
 4839	6	2	3 3 
 4840	6	2	3 3 
 4841	6	2	6 0 
 4842	6	2	4 2 
 4843	6	2	6 0 
 4844	6	2	6 0 
 4845	6	2	6 0 
 4846	6	2	6 0 
 4847	6	2	6 0 
 4848	6	2	6 0 
 4849	6	2	6 0 
 4850	6	2	6 0 
 4851	6	2	5 1 
 4852	6	2	6 0 
 4853	6	2	6 0 
 4854	6	2	6 0 
 4855	6	2	6 0 
 4856	6	2	6 0 
 4857	6	2	6 0 
 4858	6	2	6 0 
 4859	6	2	6 0 
 4860	6	2	6 0 
 4861	6	2	6 0 
 4862	6	2	5 1 
 4863	6	2	6 0 
 4864	6	2	6 0 
 4865	6	2	6 0 
 4866	6	2	6 0 
 4867	6	2	6 0 
 4868	6	2	6 0 
 4869	6	2	6 0 
 4870	6	2	6 0 
 4871	6	2	6 0 
 4872	6	2	6 0 
 4873	6	2	6 0 
 4874	6	2	6 0 
 4875	6	2	6 0 
 4876	6	2	6 0 
 4877	6	2	6 0 
 4878	6	2	6 0 
 4879	6	2	6 0 
 4880	6	2	6 0 
 4881	6	2	6 0 
 4882	6	2	5 1 
 4883	6	2	6 0 
 4884	6	2	6 0 
 4885	6	2	6 0 
 4886	6	2	6 0 
 4887	6	2	6 0 
 4888	6	2	6 0 
 4889	6	2	0 6 
 4890	6	2	5 1 
 4891	6	2	5 1 
 4892	6	2	6 0 
 4893	6	2	3 3 
 4894	6	2	6 0 
 4895	6	2	6 0 
 4896	6	2	6 0 
 4897	6	2	6 0 
 4898	6	2	6 0 
 4899	6	2	6 0 
 4900	6	2	6 0 
 4901	6	2	6 0 
 4902	6	2	6 0 
 4903	6	2	6 0 
 4904	6	2	6 0 
 4905	6	2	6 0 
 4906	6	2	6 0 
 4907	6	2	6 0 
 4908	6	2	6 0 
 4909	6	2	6 0 
 4910	6	2	6 0 
 4911	6	2	6 0 
 4912	6	2	6 0 
 4913	6	2	6 0 
 4914	6	2	6 0 
 4915	6	2	6 0 
 4916	6	2	6 0 
 4917	6	2	6 0 
 4918	6	2	6 0 
 4919	6	2	6 0 
 4920	6	2	6 0 
 4921	6	2	2 4 
 4922	6	2	6 0 
 4923	6	2	6 0 
 4924	6	2	6 0 
 4925	6	2	4 2 
 4926	6	2	6 0 
 4927	6	2	2 4 
 4928	6	2	5 1 
 4929	6	2	6 0 
 4930	6	2	6 0 
 4931	6	2	6 0 
 4932	6	2	6 0 
 4933	6	2	6 0 
 4934	6	2	6 0 
 4935	6	2	6 0 
 4936	6	2	6 0 
 4937	6	2	3 3 
 4938	6	2	3 3 
 4939	6	2	3 3 
 4940	6	2	3 3 
 4941	6	2	5 1 
 4942	6	2	4 2 
 4943	6	2	4 2 
 4944	6	2	4 2 
 4945	6	2	6 0 
 4946	6	2	6 0 
 4947	6	2	6 0 
 4948	6	2	6 0 
 4949	6	2	6 0 
 4950	6	2	6 0 
 4951	6	2	5 1 
 4952	6	2	5 1 
 4953	6	2	0 6 
 4954	6	2	6 0 
 4955	6	2	6 0 
 4956	6	2	6 0 
 4957	6	2	6 0 
 4958	6	2	6 0 
 4959	6	2	6 0 
 4960	6	2	6 0 
 4961	6	2	6 0 
 4962	6	2	0 6 
 4963	6	2	6 0 
 4964	6	2	5 1 
 4965	6	2	6 0 
 4966	6	2	5 1 
 4967	6	2	5 1 
 4968	6	2	5 1 
 4969	6	2	5 1 
 4970	6	2	5 1 
 4971	6	2	6 0 
 4972	6	2	6 0 
 4973	6	2	6 0 
 4974	6	2	6 0 
 4975	6	2	6 0 
 4976	6	2	5 1 
 4977	6	2	6 0 
 4978	6	2	6 0 
 4979	6	2	5 1 
 4980	6	2	6 0 
 4981	6	2	6 0 
 4982	6	2	4 2 
 4983	6	2	5 1 
 4984	6	2	6 0 
 4985	6	2	5 1 
 4986	6	2	5 1 
 4987	6	2	6 0 
 4988	6	2	0 6 
 4989	6	2	6 0 
 4990	6	2	6 0 
 4991	6	2	2 4 
 4992	6	2	5 1 
 4993	6	2	5 1 
 4994	6	2	5 1 
 4995	6	2	6 0 
 4996	6	2	5 1 
 4997	6	2	6 0 
 4998	6	2	6 0 
 4999	6	2	6 0 
 5000	6	2	6 0 
 5001	6	2	6 0 
 5002	6	2	6 0 
 5003	6	2	6 0 
 5004	6	2	6 0 
 5005	6	2	6 0 
 5006	6	2	6 0 
 5007	6	2	6 0 
 5008	6	2	5 1 
 5009	6	2	5 1 
 5010	6	2	5 1 
 5011	6	2	6 0 
 5012	6	2	6 0 
 5013	6	2	6 0 
 5014	6	2	6 0 
 5015	6	2	6 0 
 5016	6	2	6 0 
 5017	6	2	6 0 
 5018	6	2	6 0 
 5019	6	2	6 0 
 5020	6	2	6 0 
 5021	6	2	6 0 
 5022	6	2	6 0 
 5023	6	2	6 0 
 5024	6	2	6 0 
 5025	6	2	6 0 
 5026	6	2	6 0 
 5027	6	2	6 0 
 5028	6	2	6 0 
 5029	6	2	6 0 
 5030	6	2	6 0 
 5031	6	2	6 0 
 5032	6	2	6 0 
 5033	6	2	6 0 
 5034	6	2	6 0 
 5035	6	2	2 4 
 5036	6	2	2 4 
 5037	6	2	6 0 
 5038	6	2	2 4 
 5039	6	2	6 0 
 5040	6	2	6 0 
 5041	6	2	6 0 
 5042	6	2	6 0 
 5043	6	2	6 0 
 5044	6	2	6 0 
 5045	6	2	4 2 
 5046	6	2	5 1 
 5047	6	2	6 0 
 5048	6	2	6 0 
 5049	6	2	4 2 
 5050	6	2	4 2 
 5051	6	2	6 0 
 5052	6	2	6 0 
 5053	6	2	6 0 
 5054	6	2	6 0 
 5055	6	2	6 0 
 5056	6	2	6 0 
 5057	6	2	6 0 
 5058	6	2	6 0 
 5059	6	2	6 0 
 5060	6	2	6 0 
 5061	6	2	6 0 
 5062	6	2	6 0 
 5063	6	2	6 0 
 5064	6	2	6 0 
 5065	6	2	6 0 
 5066	6	2	6 0 
 5067	6	2	6 0 
 5068	6	2	6 0 
 5069	6	2	6 0 
 5070	6	2	6 0 
 5071	6	2	6 0 
 5072	6	2	6 0 
 5073	6	2	6 0 
 5074	6	2	6 0 
 5075	6	2	6 0 
 5076	6	2	6 0 
 5077	6	2	6 0 
 5078	6	2	6 0 
 5079	6	2	0 6 
 5080	6	2	5 1 
 5081	6	2	6 0 
 5082	6	2	6 0 
 5083	6	2	2 4 
 5084	6	2	2 4 
 5085	6	2	6 0 
 5086	6	2	6 0 
 5087	6	2	6 0 
 5088	6	2	0 6 
 5089	6	2	6 0 
 5090	6	2	6 0 
 5091	6	2	6 0 
 5092	6	2	6 0 
 5093	6	2	6 0 
 5094	6	2	6 0 
 5095	6	2	5 1 
 5096	6	2	6 0 
 5097	6	2	6 0 
 5098	6	2	6 0 
 5099	6	2	0 6 
 5100	6	2	5 1 
 5101	6	2	6 0 
 5102	6	2	0 6 
 5103	6	2	0 6 
 5104	6	2	6 0 
 5105	6	2	2 4 
 5106	6	2	4 2 
 5107	6	2	5 1 
 5108	6	2	0 6 
 5109	6	2	6 0 
 5110	6	2	6 0 
 5111	6	2	6 0 
 5112	6	2	6 0 
 5113	6	2	6 0 
 5114	6	2	6 0 
 5115	6	2	6 0 
 5116	6	2	6 0 
 5117	6	2	6 0 
 5118	6	2	3 3 
 5119	6	2	6 0 
 5120	6	2	6 0 
 5121	6	2	6 0 
 5122	6	2	6 0 
 5123	6	2	6 0 
 5124	6	2	6 0 
 5125	6	2	6 0 
 5126	6	2	6 0 
 5127	6	2	6 0 
 5128	6	2	6 0 
 5129	6	2	6 0 
 5130	6	2	6 0 
 5131	6	2	6 0 
 5132	6	2	6 0 
 5133	6	2	6 0 
 5134	6	2	6 0 
 5135	6	2	6 0 
 5136	6	2	4 2 
 5137	6	2	6 0 
 5138	6	2	6 0 
 5139	6	2	6 0 
 5140	6	2	6 0 
 5141	6	2	5 1 
 5142	6	2	6 0 
 5143	6	2	5 1 
 5144	6	2	5 1 
 5145	6	2	3 3 
 5146	6	2	4 2 
 5147	6	2	6 0 
 5148	6	2	6 0 
 5149	6	2	5 1 
 5150	6	2	1 5 
 5151	6	2	4 2 
 5152	6	2	6 0 
 5153	6	2	1 5 
 5154	6	2	6 0 
 5155	6	2	6 0 
 5156	6	2	6 0 
 5157	6	2	6 0 
 5158	6	2	6 0 
 5159	6	2	6 0 
 5160	6	2	6 0 
 5161	6	2	6 0 
 5162	6	2	5 1 
 5163	6	2	6 0 
 5164	6	2	6 0 
 5165	6	2	6 0 
 5166	6	2	6 0 
 5167	6	2	6 0 
 5168	6	2	6 0 
 5169	6	2	0 6 
 5170	6	2	6 0 
 5171	6	2	0 6 
 5172	6	2	6 0 
 5173	6	2	6 0 
 5174	6	2	6 0 
 5175	6	2	6 0 
 5176	6	2	6 0 
 5177	6	2	6 0 
 5178	6	2	6 0 
 5179	6	2	6 0 
 5180	6	2	1 5 
 5181	6	2	5 1 
 5182	6	2	0 6 
 5183	6	2	6 0 
 5184	6	2	6 0 
 5185	6	2	6 0 
 5186	6	2	1 5 
 5187	6	2	1 5 
 5188	6	2	6 0 
 5189	6	2	5 1 
 5190	6	2	6 0 
 5191	6	2	1 5 
 5192	6	2	4 2 
 5193	6	2	1 5 
 5194	6	2	1 5 
 5195	6	2	4 2 
 5196	6	2	6 0 
 5197	6	2	6 0 
 5198	6	2	4 2 
 5199	6	2	6 0 
 5200	6	2	6 0 
 5201	6	2	4 2 
 5202	6	2	0 6 
 5203	6	2	6 0 
 5204	6	2	4 2 
 5205	6	2	6 0 
 5206	6	2	4 2 
 5207	6	2	5 1 
 5208	6	2	6 0 
 5209	6	2	5 1 
 5210	6	2	1 5 
 5211	6	2	6 0 
 5212	6	2	4 2 
 5213	6	2	1 5 
 5214	6	2	5 1 
 5215	6	2	3 3 
 5216	6	2	5 1 
 5217	6	2	3 3 
 5218	6	2	6 0 
 5219	6	2	6 0 
 5220	6	2	6 0 
 5221	6	2	6 0 
 5222	6	2	4 2 
 5223	6	2	4 2 
 5224	6	2	6 0 
 5225	6	2	6 0 
 5226	6	2	6 0 
 5227	6	2	6 0 
 5228	6	2	5 1 
 5229	6	2	6 0 
 5230	6	2	6 0 
 5231	6	2	4 2 
 5232	6	2	6 0 
 5233	6	2	6 0 
 5234	6	2	6 0 
 5235	6	2	1 5 
 5236	6	2	3 3 
 5237	6	2	5 1 
 5238	6	2	6 0 
 5239	6	2	5 1 
 5240	6	2	4 2 
 5241	6	2	6 0 
 5242	6	2	6 0 
 5243	6	2	1 5 
 5244	6	2	4 2 
 5245	6	2	4 2 
 5246	6	2	6 0 
 5247	6	2	6 0 
 5248	6	2	6 0 
 5249	6	2	6 0 
 5250	6	2	6 0 
 5251	6	2	6 0 
 5252	6	2	0 6 
 5253	6	2	4 2 
 5254	6	2	4 2 
 5255	6	2	6 0 
 5256	6	2	4 2 
 5257	6	2	6 0 
 5258	6	2	6 0 
 5259	6	2	6 0 
 5260	6	2	6 0 
 5261	6	2	6 0 
 5262	6	2	5 1 
 5263	6	2	6 0 
 5264	6	2	6 0 
 5265	6	2	4 2 
 5266	6	2	6 0 
 5267	6	2	6 0 
 5268	6	2	6 0 
 5269	6	2	6 0 
 5270	6	2	6 0 
 5271	6	2	6 0 
 5272	6	2	3 3 
 5273	6	2	5 1 
 5274	6	2	2 4 
 5275	6	2	6 0 
 5276	6	2	6 0 
 5277	6	2	6 0 
 5278	6	2	6 0 
 5279	6	2	6 0 
 5280	6	2	6 0 
 5281	6	2	6 0 
 5282	6	2	4 2 
 5283	6	2	6 0 
 5284	6	2	6 0 
 5285	6	2	6 0 
 5286	6	2	6 0 
 5287	6	2	6 0 
 5288	6	2	6 0 
 5289	6	2	3 3 
 5290	6	2	6 0 
 5291	6	2	3 3 
 5292	6	2	2 4 
 5293	6	2	5 1 
 5294	6	2	6 0 
 5295	6	2	6 0 
 5296	6	2	6 0 
 5297	6	2	6 0 
 5298	6	2	6 0 
 5299	6	2	6 0 
 5300	6	2	6 0 
 5301	6	2	6 0 
 5302	6	2	6 0 
 5303	6	2	6 0 
 5304	6	2	5 1 
 5305	6	2	6 0 
 5306	6	2	6 0 
 5307	6	2	0 6 
 5308	6	2	6 0 
 5309	6	2	6 0 
 5310	6	2	6 0 
 5311	6	2	6 0 
 5312	6	2	6 0 
 5313	6	2	6 0 
 5314	6	2	6 0 
 5315	6	2	6 0 
 5316	6	2	5 1 
 5317	6	2	6 0 
 5318	6	2	6 0 
 5319	6	2	6 0 
 5320	6	2	6 0 
 5321	6	2	6 0 
 5322	6	2	5 1 
 5323	6	2	4 2 
 5324	6	2	5 1 
 5325	6	2	5 1 
 5326	6	2	2 4 
 5327	6	2	5 1 
 5328	6	2	6 0 
 5329	6	2	5 1 
 5330	6	2	6 0 
 5331	6	2	6 0 
 5332	6	2	6 0 
 5333	6	2	3 3 
 5334	6	2	5 1 
 5335	6	2	6 0 
 5336	6	2	1 5 
 5337	6	2	1 5 
 5338	6	2	6 0 
 5339	6	2	6 0 
 5340	6	2	6 0 
 5341	6	2	6 0 
 5342	6	2	6 0 
 5343	6	2	2 4 
 5344	6	2	4 2 
 5345	6	2	6 0 
 5346	6	2	6 0 
 5347	6	2	0 6 
 5348	6	2	6 0 
 5349	6	2	3 3 
 5350	6	2	6 0 
 5351	6	2	4 2 
 5352	6	2	6 0 
 5353	6	2	5 1 
 5354	6	2	4 2 
 5355	6	2	6 0 
 5356	6	2	6 0 
 5357	6	2	6 0 
 5358	6	2	6 0 
 5359	6	2	6 0 
 5360	6	2	6 0 
 5361	6	2	6 0 
 5362	6	2	6 0 
 5363	6	2	6 0 
 5364	6	2	6 0 
 5365	6	2	4 2 
 5366	6	2	6 0 
 5367	6	2	6 0 
 5368	6	2	6 0 
 5369	6	2	6 0 
 5370	6	2	6 0 
 5371	6	2	6 0 
 5372	6	2	6 0 
 5373	6	2	6 0 
 5374	6	2	6 0 
 5375	6	2	6 0 
 5376	6	2	6 0 
 5377	6	2	6 0 
 5378	6	2	6 0 
 5379	6	2	6 0 
 5380	6	2	6 0 
 5381	6	2	6 0 
 5382	6	2	6 0 
 5383	6	2	6 0 
 5384	6	2	6 0 
 5385	6	2	3 3 
 5386	6	2	6 0 
 5387	6	2	6 0 
 5388	6	2	6 0 
 5389	6	2	6 0 
 5390	6	2	6 0 
 5391	6	2	6 0 
 5392	6	2	6 0 
 5393	6	2	6 0 
 5394	6	2	3 3 
 5395	6	2	6 0 
 5396	6	2	6 0 
 5397	6	2	6 0 
 5398	6	2	6 0 
 5399	6	2	6 0 
 5400	6	2	6 0 
 5401	6	2	6 0 
 5402	6	2	6 0 
 5403	6	2	6 0 
 5404	6	2	6 0 
 5405	6	2	6 0 
 5406	6	2	6 0 
 5407	6	2	6 0 
 5408	6	2	6 0 
 5409	6	2	6 0 
 5410	6	2	6 0 
 5411	6	2	3 3 
 5412	6	2	6 0 
 5413	6	2	6 0 
 5414	6	2	6 0 
 5415	6	2	6 0 
 5416	6	2	3 3 
 5417	6	2	6 0 
 5418	6	2	6 0 
 5419	6	2	6 0 
 5420	6	2	6 0 
 5421	6	2	6 0 
 5422	6	2	3 3 
 5423	6	2	3 3 
 5424	6	2	6 0 
 5425	6	2	6 0 
 5426	6	2	6 0 

