    prob  log10(PO)   qval  alpha  fst
1  0.0868174 -1.02195 0.905083 -0.026651 0.24981 
2  0.090018 -1.0047 0.90390 0.023630 0.25879 
3  0.077616 -1.0750 0.90650 -0.025337 0.24982 
4  0.080216 -1.0594 0.90631 0.013393 0.25587 
5  0.090218 -1.0036 0.90380 0.00052704 0.25454 
6  0.093819 -0.98493 0.90183 0.019824 0.25808 
7  0.096219 -0.97280 0.90015 -0.040601 0.24795 
8  0.089618 -1.0068 0.90409 -0.036152 0.24847 
9  0.096019 -0.97380 0.90030 -0.042661 0.24780 
10  0.085617 -1.0286 0.90539 -0.044884 0.24710 
11  0.087818 -1.0165 0.90479 -0.042504 0.24700 
12  0.084017 -1.0375 0.90574 -0.038295 0.24780 
13  0.090618 -1.0015 0.90364 -0.043607 0.24728 
14  0.093619 -0.98595 0.90194 -0.024788 0.25059 
15  0.096619 -0.97081 0.89985 0.023607 0.25884 
16  0.083617 -1.0398 0.90584 -0.027177 0.24980 
17  0.085817 -1.0275 0.90535 -0.0097912 0.25238 
18  0.084817 -1.0330 0.90560 -0.024371 0.25056 
19  0.088618 -1.0122 0.90450 0.00075424 0.25440 
20  0.094019 -0.98390 0.90169 0.045773 0.26265 
21  0.099420 -0.95705 0.89774 0.027159 0.25946 
22  0.099820 -0.95511 0.89737 0.030334 0.26018 
23  0.092218 -0.99316 0.90280 -0.044303 0.24706 
24  0.086417 -1.0241 0.90520 0.017440 0.25729 
25  0.088018 -1.0154 0.90472 0.0092103 0.25644 
26  0.090218 -1.0036 0.90380 0.013155 0.25667 
27  0.091418 -0.99733 0.90321 0.026263 0.25926 
28  0.093619 -0.98595 0.90194 -0.051461 0.24574 
29  0.10302 -0.93986 0.89433 0.020441 0.25877 
30  0.094219 -0.98289 0.90154 -0.048034 0.24743 
31  0.092018 -0.99420 0.90290 -0.038131 0.24850 
32  0.093619 -0.98595 0.90194 -0.055290 0.24586 
33  0.091818 -0.99524 0.90300 0.020304 0.25798 
34  0.088018 -1.0154 0.90472 0.020504 0.25807 
35  0.098420 -0.96192 0.89858 -0.057244 0.24507 
36  0.10022 -0.95318 0.89698 -0.031061 0.24989 
37  0.085617 -1.0286 0.90539 -0.025210 0.25004 
38  0.092619 -0.99109 0.90256 -0.030767 0.24977 
39  0.097419 -0.96684 0.89929 0.034561 0.26082 
40  0.094219 -0.98289 0.90154 0.021130 0.25847 
41  0.090018 -1.0047 0.90390 -0.050502 0.24628 
42  0.088618 -1.0122 0.90450 0.013594 0.25678 
43  0.10022 -0.95318 0.89698 -0.065988 0.24423 
44  0.090818 -1.0005 0.90353 0.019282 0.25794 
45  0.094819 -0.97984 0.90117 0.0080688 0.25581 
46  0.086817 -1.0220 0.90508 0.0087800 0.25562 
47  0.098620 -0.96094 0.89843 0.027269 0.25951 
48  0.096619 -0.97081 0.89985 -0.036962 0.24869 
49  0.088618 -1.0122 0.90450 0.012384 0.25695 
50  0.095219 -0.97782 0.90087 0.017117 0.25782 
51  0.10142 -0.94743 0.89578 0.024732 0.25930 
52  0.082617 -1.0455 0.90598 0.011568 0.25608 
53  0.099820 -0.95511 0.89737 0.019803 0.25829 
54  0.081416 -1.0524 0.90617 -0.026812 0.24931 
55  0.093619 -0.98595 0.90194 0.027134 0.25969 
56  0.092018 -0.99420 0.90290 0.015791 0.25711 
57  0.10102 -0.94934 0.89620 -0.050955 0.24696 
58  0.085817 -1.0275 0.90535 -0.022730 0.25031 
59  0.097620 -0.96585 0.89917 -0.063584 0.24506 
60  0.089218 -1.0090 0.90426 -0.030637 0.24927 
61  0.10262 -0.94174 0.89472 -0.065119 0.24473 
62  0.089618 -1.0068 0.90409 0.016804 0.25691 
63  0.097019 -0.96882 0.89955 0.0019392 0.25531 
64  0.081816 -1.0501 0.90609 0.011212 0.25618 
65  0.10102 -0.94934 0.89620 0.032185 0.26038 
66  0.089418 -1.0079 0.90419 0.0099645 0.25611 
67  0.092018 -0.99420 0.90290 0.010530 0.25653 
68  0.096219 -0.97280 0.90015 0.022709 0.25887 
69  0.085017 -1.0319 0.90555 -0.019315 0.25102 
70  0.095819 -0.97480 0.90045 0.020976 0.25816 
71  0.084817 -1.0330 0.90560 -0.029264 0.24964 
72  0.10262 -0.94174 0.89472 0.027806 0.26018 
73  0.095219 -0.97782 0.90087 -0.036698 0.24873 
74  0.088018 -1.0154 0.90472 -0.032260 0.24922 
75  0.096819 -0.96981 0.89969 0.033542 0.26070 
76  0.094819 -0.97984 0.90117 0.020878 0.25816 
77  0.10122 -0.94839 0.89595 0.041186 0.26224 
78  0.093819 -0.98493 0.90183 0.0093800 0.25619 
79  0.095219 -0.97782 0.90087 0.017001 0.25772 
80  0.091618 -0.99629 0.90311 -0.017492 0.25128 
81  0.094019 -0.98390 0.90169 0.031371 0.26031 
82  0.092619 -0.99109 0.90256 0.0077910 0.25588 
83  0.092418 -0.99213 0.90272 0.010945 0.25623 
84  0.094819 -0.97984 0.90117 0.025997 0.25923 
85  0.089218 -1.0090 0.90426 -0.040558 0.24762 
86  0.10122 -0.94839 0.89595 -0.059215 0.24581 
87  0.10082 -0.95030 0.89637 -0.065241 0.24474 
88  0.093619 -0.98595 0.90194 0.029313 0.25963 
89  0.097019 -0.96882 0.89955 0.027805 0.25975 
90  0.099820 -0.95511 0.89737 0.028079 0.25985 
91  0.096419 -0.97180 0.90003 -0.048838 0.24717 
92  0.093619 -0.98595 0.90194 0.019419 0.25791 
93  0.10042 -0.95222 0.89675 0.035912 0.26126 
94  0.094019 -0.98390 0.90169 0.031112 0.26009 
95  0.092619 -0.99109 0.90256 -0.036560 0.24842 
96  0.091618 -0.99629 0.90311 0.0097664 0.25631 
97  0.10062 -0.95126 0.89653 0.030651 0.26023 
98  0.10502 -0.93054 0.89283 0.033568 0.26085 
99  0.10482 -0.93146 0.89296 -0.067900 0.24440 
100  0.099620 -0.95608 0.89753 -0.064736 0.24477 
101  0.088618 -1.0122 0.90450 -0.033686 0.24894 
102  0.093819 -0.98493 0.90183 -0.047516 0.24688 
103  0.089018 -1.0100 0.90435 0.028817 0.25931 
104  0.10342 -0.93798 0.89404 -0.059955 0.24555 
105  0.091418 -0.99733 0.90321 -0.047724 0.24694 
106  0.091818 -0.99524 0.90300 -0.046352 0.24712 
107  0.099420 -0.95705 0.89774 -0.041955 0.24795 
108  0.096819 -0.96981 0.89969 0.032537 0.26021 
109  0.093219 -0.98800 0.90219 -0.042441 0.24778 
110  0.094019 -0.98390 0.90169 0.023845 0.25869 
111  0.094219 -0.98289 0.90154 0.029293 0.25961 
112  0.098220 -0.96290 0.89876 0.031546 0.26027 
113  0.099420 -0.95705 0.89774 -0.050997 0.24641 
114  0.099220 -0.95802 0.89793 0.015010 0.25727 
115  0.074215 -1.0960 0.90666 -0.0096681 0.25148 
116  0.091218 -0.99838 0.90331 0.017022 0.25731 
117  0.096219 -0.97280 0.90015 0.016265 0.25761 
118  0.075815 -1.0860 0.90661 -0.012250 0.25124 
119  0.098820 -0.95997 0.89826 0.023943 0.25902 
120  0.087217 -1.0198 0.90495 -0.00063076 0.25407 
121  0.10002 -0.95415 0.89719 0.013966 0.25740 
122  0.082016 -1.0489 0.90606 -0.029914 0.24869 
123  0.083217 -1.0421 0.90591 -0.038023 0.24781 
124  0.086817 -1.0220 0.90508 -0.035307 0.24807 
125  0.099420 -0.95705 0.89774 -0.038122 0.24823 
126  0.092418 -0.99213 0.90272 0.021025 0.25824 
127  0.089418 -1.0079 0.90419 -0.046739 0.24676 
128  0.088018 -1.0154 0.90472 0.019606 0.25764 
129  0.091018 -0.99943 0.90342 -0.017784 0.25175 
130  0.096819 -0.96981 0.89969 -0.054993 0.24557 
131  0.095419 -0.97681 0.90072 -0.053357 0.24622 
132  0.092619 -0.99109 0.90256 0.020930 0.25817 
133  0.10382 -0.93611 0.89370 0.035738 0.26141 
134  0.093619 -0.98595 0.90194 0.018013 0.25745 
135  0.099420 -0.95705 0.89774 -0.034822 0.24933 
136  0.10322 -0.93892 0.89419 -0.062617 0.24511 
137  0.097019 -0.96882 0.89955 0.027682 0.25942 
138  0.090618 -1.0015 0.90364 0.0037885 0.25477 
139  0.091218 -0.99838 0.90331 0.019996 0.25801 
140  0.092418 -0.99213 0.90272 0.033274 0.26054 
141  0.091218 -0.99838 0.90331 0.015739 0.25728 
142  0.10102 -0.94934 0.89620 -0.064633 0.24463 
143  0.099420 -0.95705 0.89774 -0.053568 0.24606 
144  0.099620 -0.95608 0.89753 0.027065 0.25948 
145  0.093019 -0.98903 0.90231 0.012224 0.25654 
146  0.095819 -0.97480 0.90045 -0.024736 0.25079 
147  0.10642 -0.92410 0.89173 0.013768 0.25756 
148  0.093419 -0.98697 0.90207 0.021499 0.25823 
149  0.088818 -1.0111 0.90442 -0.018845 0.25100 
150  0.083617 -1.0398 0.90584 -0.033636 0.24885 
151  0.092819 -0.99006 0.90244 0.032283 0.26004 
152  0.094819 -0.97984 0.90117 -0.042174 0.24735 
153  0.096419 -0.97180 0.90003 0.010040 0.25655 
154  0.093419 -0.98697 0.90207 0.030719 0.26010 
155  0.087818 -1.0165 0.90479 -0.032932 0.24919 
156  0.092218 -0.99316 0.90280 0.0030873 0.25495 
157  0.10582 -0.92685 0.89212 -0.076096 0.24374 
158  0.091818 -0.99524 0.90300 -0.039732 0.24828 
159  0.095419 -0.97681 0.90072 0.031235 0.26031 
160  0.093619 -0.98595 0.90194 -0.055789 0.24629 
161  0.090818 -1.0005 0.90353 -0.028649 0.25021 
162  0.097219 -0.96783 0.89942 -0.027080 0.25059 
163  0.10202 -0.94458 0.89524 -0.037120 0.24911 
164  0.088618 -1.0122 0.90450 0.030905 0.25970 
165  0.092018 -0.99420 0.90290 -0.036851 0.24886 
166  0.094419 -0.98187 0.90141 -0.026461 0.25043 
167  0.091218 -0.99838 0.90331 0.014499 0.25701 
168  0.088818 -1.0111 0.90442 -0.037851 0.24873 
169  0.091418 -0.99733 0.90321 0.013845 0.25693 
170  0.10582 -0.92685 0.89212 -0.069167 0.24421 
171  0.095419 -0.97681 0.90072 0.021505 0.25837 
172  0.091018 -0.99943 0.90342 -0.037733 0.24832 
173  0.090018 -1.0047 0.90390 0.0063293 0.25583 
174  0.092619 -0.99109 0.90256 0.021330 0.25823 
175  0.10022 -0.95318 0.89698 0.010074 0.25665 
176  0.10102 -0.94934 0.89620 0.0074345 0.25638 
177  0.087818 -1.0165 0.90479 0.031488 0.26002 
178  0.099820 -0.95511 0.89737 0.012695 0.25711 
179  0.095219 -0.97782 0.90087 0.010997 0.25680 
180  0.096819 -0.96981 0.89969 0.010989 0.25679 
181  0.098820 -0.95997 0.89826 0.019542 0.25858 
182  0.097620 -0.96585 0.89917 0.028841 0.25945 
183  0.090618 -1.0015 0.90364 0.028679 0.25988 
184  0.096219 -0.97280 0.90015 0.015847 0.25776 
185  0.098820 -0.95997 0.89826 -0.043369 0.24827 
186  0.098220 -0.96290 0.89876 0.032848 0.26048 
187  0.10122 -0.94839 0.89595 0.028156 0.25973 
188  0.094619 -0.98085 0.90131 0.028201 0.25972 
189  0.087017 -1.0209 0.90503 -0.0012303 0.25429 
190  0.095019 -0.97883 0.90101 -0.022090 0.25118 
191  0.088418 -1.0133 0.90457 0.024973 0.25883 
192  0.094219 -0.98289 0.90154 0.026926 0.25936 
193  0.095219 -0.97782 0.90087 0.036374 0.26101 
194  0.10522 -0.92961 0.89263 -0.067098 0.24454 
195  0.10022 -0.95318 0.89698 0.032972 0.26069 
196  0.092819 -0.99006 0.90244 0.021231 0.25874 
197  0.094819 -0.97984 0.90117 0.028962 0.25969 
198  0.090018 -1.0047 0.90390 0.013196 0.25672 
199  0.089218 -1.0090 0.90426 0.016068 0.25743 
200  0.095219 -0.97782 0.90087 -0.036376 0.24911 
201  0.10002 -0.95415 0.89719 0.034308 0.26114 
202  0.094619 -0.98085 0.90131 -0.038398 0.24855 
203  0.094419 -0.98187 0.90141 0.021501 0.25834 
204  0.11302 -0.89475 0.88671 -0.071610 0.24415 
205  0.10402 -0.93518 0.89353 -0.066739 0.24444 
206  0.089018 -1.0100 0.90435 0.030645 0.25996 
207  0.086417 -1.0241 0.90520 0.023283 0.25850 
208  0.10082 -0.95030 0.89637 -0.062583 0.24517 
209  0.095019 -0.97883 0.90101 0.028825 0.25973 
210  0.097620 -0.96585 0.89917 0.031930 0.26036 
211  0.094019 -0.98390 0.90169 0.025448 0.25927 
212  0.093219 -0.98800 0.90219 0.033196 0.26031 
213  0.094619 -0.98085 0.90131 0.025103 0.25900 
214  0.084217 -1.0364 0.90570 0.0095779 0.25583 
215  0.095819 -0.97480 0.90045 0.018225 0.25781 
216  0.098220 -0.96290 0.89876 -0.070288 0.24397 
217  0.10362 -0.93705 0.89388 -0.065763 0.24466 
218  0.10502 -0.93054 0.89283 -0.072037 0.24383 
219  0.10622 -0.92502 0.89191 -0.064729 0.24483 
220  0.078216 -1.0713 0.90647 -0.018738 0.25063 
221  0.083417 -1.0409 0.90586 -0.033462 0.24898 
222  0.099020 -0.95899 0.89812 0.027572 0.25950 
223  0.088818 -1.0111 0.90442 0.023989 0.25870 
224  0.096219 -0.97280 0.90015 0.017785 0.25784 
225  0.092018 -0.99420 0.90290 0.012744 0.25677 
226  0.090618 -1.0015 0.90364 0.016716 0.25732 
227  0.085817 -1.0275 0.90535 0.022918 0.25836 
228  0.10042 -0.95222 0.89675 0.020669 0.25823 
229  0.096019 -0.97380 0.90030 0.022507 0.25869 
230  0.085617 -1.0286 0.90539 0.016687 0.25691 
231  0.080816 -1.0559 0.90624 0.0099654 0.25547 
232  0.095219 -0.97782 0.90087 0.010460 0.25654 
233  0.098020 -0.96388 0.89890 0.016763 0.25797 
234  0.092418 -0.99213 0.90272 0.018933 0.25809 
235  0.099620 -0.95608 0.89753 0.017580 0.25805 
236  0.086017 -1.0264 0.90531 -0.00094517 0.25436 
237  0.063013 -1.1723 0.90683 -0.0068408 0.25182 
238  0.077816 -1.0738 0.90649 -0.020204 0.25002 
239  0.074615 -1.0935 0.90665 -0.017566 0.25031 
240  0.10062 -0.95126 0.89653 0.029433 0.25996 
241  0.093219 -0.98800 0.90219 0.028488 0.25946 
242  0.088818 -1.0111 0.90442 0.010125 0.25574 
243  0.093419 -0.98697 0.90207 0.010366 0.25674 
244  0.091618 -0.99629 0.90311 -0.050018 0.24655 
245  0.095819 -0.97480 0.90045 -0.027231 0.25048 
246  0.091018 -0.99943 0.90342 0.017566 0.25760 
247  0.092619 -0.99109 0.90256 0.025021 0.25898 
248  0.084617 -1.0341 0.90564 -0.031757 0.24939 
249  0.097620 -0.96585 0.89917 0.035791 0.26125 
250  0.094019 -0.98390 0.90169 0.0084380 0.25611 
251  0.087417 -1.0187 0.90490 0.023448 0.25849 
252  0.089018 -1.0100 0.90435 0.012387 0.25652 
253  0.090818 -1.0005 0.90353 -0.041424 0.24835 
254  0.10462 -0.93239 0.89313 -0.076326 0.24309 
255  0.10102 -0.94934 0.89620 0.026050 0.25949 
256  0.095219 -0.97782 0.90087 0.025583 0.25885 
257  0.098620 -0.96094 0.89843 -0.059796 0.24518 
258  0.099020 -0.95899 0.89812 -0.065588 0.24513 
259  0.096819 -0.96981 0.89969 0.025946 0.25924 
260  0.093019 -0.98903 0.90231 0.030834 0.25992 
261  0.083817 -1.0387 0.90579 -0.038676 0.24765 
262  0.10242 -0.94269 0.89489 0.033005 0.26096 
263  0.089218 -1.0090 0.90426 -0.039033 0.24831 
264  0.090818 -1.0005 0.90353 0.0084118 0.25588 
265  0.095019 -0.97883 0.90101 0.023971 0.25869 
266  0.095419 -0.97681 0.90072 0.020465 0.25804 
267  0.098220 -0.96290 0.89876 -0.036378 0.24831 
268  0.093619 -0.98595 0.90194 0.028150 0.25967 
269  0.088218 -1.0143 0.90464 0.012471 0.25674 
270  0.086017 -1.0264 0.90531 0.0089907 0.25615 
271  0.091018 -0.99943 0.90342 0.0023985 0.25462 
272  0.086017 -1.0264 0.90531 0.0091487 0.25613 
273  0.096219 -0.97280 0.90015 0.027359 0.25968 
274  0.083617 -1.0398 0.90584 -0.018393 0.25128 
275  0.087818 -1.0165 0.90479 -0.0083009 0.25288 
276  0.086017 -1.0264 0.90531 -0.0081447 0.25272 
277  0.097820 -0.96487 0.89901 0.020976 0.25866 
278  0.096019 -0.97380 0.90030 -0.028842 0.25024 
279  0.092418 -0.99213 0.90272 -0.031977 0.24946 
280  0.096619 -0.97081 0.89985 -0.037624 0.24874 
281  0.091018 -0.99943 0.90342 0.011245 0.25619 
282  0.10642 -0.92410 0.89173 -0.053529 0.24658 
283  0.085217 -1.0308 0.90550 -0.038719 0.24792 
284  0.098020 -0.96388 0.89890 -0.055537 0.24588 
285  0.096819 -0.96981 0.89969 0.028904 0.25976 
286  0.096219 -0.97280 0.90015 0.012593 0.25682 
287  0.10522 -0.92961 0.89263 -0.069091 0.24430 
288  0.094819 -0.97984 0.90117 0.028584 0.25984 
289  0.092418 -0.99213 0.90272 -0.040730 0.24790 
290  0.091018 -0.99943 0.90342 0.015289 0.25756 
291  0.10002 -0.95415 0.89719 -0.049711 0.24712 
292  0.097820 -0.96487 0.89901 0.0086422 0.25612 
293  0.10122 -0.94839 0.89595 -0.051511 0.24679 
294  0.089818 -1.0058 0.90399 0.0079896 0.25608 
295  0.092418 -0.99213 0.90272 0.018589 0.25775 
296  0.089618 -1.0068 0.90409 0.013427 0.25670 
297  0.091218 -0.99838 0.90331 0.010842 0.25645 
298  0.096619 -0.97081 0.89985 0.018756 0.25809 
299  0.093419 -0.98697 0.90207 0.020107 0.25834 
300  0.096219 -0.97280 0.90015 0.024719 0.25937 
301  0.099220 -0.95802 0.89793 0.018611 0.25819 
302  0.095019 -0.97883 0.90101 0.0055458 0.25564 
303  0.096219 -0.97280 0.90015 0.010863 0.25649 
304  0.090218 -1.0036 0.90380 0.022846 0.25872 
305  0.099820 -0.95511 0.89737 0.019663 0.25813 
306  0.095419 -0.97681 0.90072 0.017661 0.25804 
307  0.084417 -1.0353 0.90568 -0.0097991 0.25258 
308  0.090018 -1.0047 0.90390 0.018086 0.25784 
309  0.097019 -0.96882 0.89955 0.025400 0.25923 
310  0.084617 -1.0341 0.90564 0.015174 0.25691 
311  0.096219 -0.97280 0.90015 -0.039491 0.24784 
312  0.093219 -0.98800 0.90219 0.026312 0.25914 
313  0.091218 -0.99838 0.90331 -0.020259 0.25122 
314  0.094219 -0.98289 0.90154 0.032561 0.26060 
315  0.083817 -1.0387 0.90579 -0.026478 0.24933 
316  0.085017 -1.0319 0.90555 -0.012546 0.25231 
317  0.087417 -1.0187 0.90490 0.028981 0.25966 
318  0.091618 -0.99629 0.90311 0.015256 0.25741 
319  0.10022 -0.95318 0.89698 -0.062312 0.24508 
320  0.098820 -0.95997 0.89826 -0.044817 0.24770 
321  0.089218 -1.0090 0.90426 0.0031165 0.25480 
322  0.10002 -0.95415 0.89719 0.028712 0.25983 
323  0.090418 -1.0026 0.90371 0.0052525 0.25507 
324  0.099020 -0.95899 0.89812 0.018817 0.25846 
325  0.094019 -0.98390 0.90169 0.022045 0.25858 
326  0.10182 -0.94553 0.89542 -0.055360 0.24620 
327  0.098620 -0.96094 0.89843 0.019644 0.25822 
328  0.086017 -1.0264 0.90531 -0.027033 0.24974 
329  0.098420 -0.96192 0.89858 0.029152 0.25979 
330  0.093419 -0.98697 0.90207 0.029312 0.25958 
331  0.10522 -0.92961 0.89263 0.033322 0.26071 
332  0.087017 -1.0209 0.90503 0.0044139 0.25503 
333  0.098020 -0.96388 0.89890 0.016082 0.25780 
334  0.084017 -1.0375 0.90574 0.011409 0.25632 
335  0.091218 -0.99838 0.90331 -0.047348 0.24712 
336  0.094419 -0.98187 0.90141 -0.033981 0.24906 
337  0.087818 -1.0165 0.90479 0.015095 0.25716 
338  0.098420 -0.96192 0.89858 0.032077 0.26046 
339  0.085617 -1.0286 0.90539 0.0020314 0.25478 
340  0.094619 -0.98085 0.90131 -0.022750 0.25100 
341  0.084617 -1.0341 0.90564 0.0088692 0.25554 
342  0.092418 -0.99213 0.90272 0.020031 0.25796 
343  0.10262 -0.94174 0.89472 -0.070655 0.24379 
344  0.090018 -1.0047 0.90390 0.027008 0.25920 
345  0.088418 -1.0133 0.90457 -0.037365 0.24844 
346  0.092418 -0.99213 0.90272 -0.047887 0.24702 
347  0.090218 -1.0036 0.90380 -0.041999 0.24754 
348  0.085017 -1.0319 0.90555 0.0082713 0.25530 
349  0.086017 -1.0264 0.90531 -0.045235 0.24692 
350  0.099820 -0.95511 0.89737 -0.069299 0.24416 
351  0.096819 -0.96981 0.89969 0.016050 0.25761 
352  0.096419 -0.97180 0.90003 -0.063729 0.24482 
353  0.095219 -0.97782 0.90087 0.0078563 0.25589 
354  0.085217 -1.0308 0.90550 -0.018397 0.25062 
355  0.092819 -0.99006 0.90244 0.025250 0.25904 
356  0.094219 -0.98289 0.90154 0.020401 0.25836 
357  0.088218 -1.0143 0.90464 0.022430 0.25847 
358  0.098420 -0.96192 0.89858 0.027098 0.25943 
359  0.089418 -1.0079 0.90419 0.018413 0.25781 
360  0.094619 -0.98085 0.90131 0.023299 0.25871 
361  0.098020 -0.96388 0.89890 0.020292 0.25826 
362  0.087017 -1.0209 0.90503 -0.017427 0.25147 
363  0.090618 -1.0015 0.90364 -0.035069 0.24824 
364  0.088618 -1.0122 0.90450 0.017679 0.25752 
365  0.089618 -1.0068 0.90409 0.011541 0.25612 
366  0.087818 -1.0165 0.90479 0.0065107 0.25535 
367  0.079416 -1.0642 0.90640 0.0041543 0.25489 
368  0.091618 -0.99629 0.90311 0.010722 0.25620 
369  0.086817 -1.0220 0.90508 0.028862 0.25936 
370  0.078816 -1.0677 0.90644 -0.021292 0.24972 
371  0.094819 -0.97984 0.90117 0.020779 0.25798 
372  0.089618 -1.0068 0.90409 0.011546 0.25626 
373  0.091418 -0.99733 0.90321 0.023430 0.25863 
374  0.091418 -0.99733 0.90321 0.033339 0.26053 
375  0.087618 -1.0176 0.90485 0.018456 0.25769 
376  0.069814 -1.1246 0.90674 0.0099570 0.25480 
377  0.094219 -0.98289 0.90154 0.030801 0.25988 
378  0.093419 -0.98697 0.90207 0.033014 0.26025 
379  0.093019 -0.98903 0.90231 0.011741 0.25681 
380  0.090418 -1.0026 0.90371 0.023458 0.25873 
381  0.066813 -1.1451 0.90681 0.010253 0.25500 
382  0.090218 -1.0036 0.90380 0.023776 0.25893 
383  0.094619 -0.98085 0.90131 0.024404 0.25881 
384  0.097019 -0.96882 0.89955 0.019061 0.25818 
385  0.10262 -0.94174 0.89472 0.037049 0.26123 
386  0.096219 -0.97280 0.90015 0.026086 0.25920 
387  0.096419 -0.97180 0.90003 0.027587 0.25941 
388  0.096219 -0.97280 0.90015 0.037697 0.26135 
389  0.091018 -0.99943 0.90342 0.036282 0.26088 
390  0.095819 -0.97480 0.90045 0.020981 0.25838 
391  0.10242 -0.94269 0.89489 0.016498 0.25772 
392  0.088818 -1.0111 0.90442 0.020704 0.25837 
393  0.10122 -0.94839 0.89595 0.019972 0.25819 
394  0.089018 -1.0100 0.90435 0.016161 0.25739 
395  0.083617 -1.0398 0.90584 0.019814 0.25787 
396  0.090218 -1.0036 0.90380 -0.024974 0.25052 
397  0.091818 -0.99524 0.90300 0.017835 0.25780 
398  0.081416 -1.0524 0.90617 0.0073657 0.25542 
399  0.092218 -0.99316 0.90280 0.011484 0.25660 
400  0.095619 -0.97581 0.90057 0.0086391 0.25620 
401  0.093819 -0.98493 0.90183 0.015646 0.25717 
402  0.092819 -0.99006 0.90244 0.011630 0.25648 
403  0.095019 -0.97883 0.90101 0.029729 0.25969 
404  0.090218 -1.0036 0.90380 0.0089926 0.25582 
405  0.097019 -0.96882 0.89955 0.022175 0.25874 
406  0.090818 -1.0005 0.90353 0.015133 0.25736 
407  0.095019 -0.97883 0.90101 0.015994 0.25728 
408  0.095619 -0.97581 0.90057 0.029205 0.25949 
409  0.090818 -1.0005 0.90353 0.0081638 0.25618 
410  0.097620 -0.96585 0.89917 0.029003 0.25955 
411  0.096819 -0.96981 0.89969 0.029365 0.25997 
412  0.088618 -1.0122 0.90450 -0.0051224 0.25338 
413  0.081616 -1.0512 0.90613 -0.0018388 0.25405 
414  0.10262 -0.94174 0.89472 -0.049100 0.24718 
415  0.096419 -0.97180 0.90003 -0.052292 0.24657 
416  0.10642 -0.92410 0.89173 -0.054895 0.24662 
417  0.079416 -1.0642 0.90640 -0.019824 0.25064 
418  0.092819 -0.99006 0.90244 0.016829 0.25735 
419  0.099820 -0.95511 0.89737 0.024169 0.25924 
420  0.10222 -0.94363 0.89504 -0.048977 0.24717 
421  0.087017 -1.0209 0.90503 0.017771 0.25732 
422  0.091218 -0.99838 0.90331 -0.0069675 0.25313 
423  0.10262 -0.94174 0.89472 0.026907 0.25968 
424  0.094219 -0.98289 0.90154 -0.046105 0.24775 
425  0.097620 -0.96585 0.89917 -0.041622 0.24796 
426  0.092218 -0.99316 0.90280 -0.034549 0.24901 
427  0.089618 -1.0068 0.90409 -0.049484 0.24670 
428  0.090618 -1.0015 0.90364 0.0056697 0.25521 
429  0.094819 -0.97984 0.90117 -0.025565 0.25079 
430  0.087217 -1.0198 0.90495 -0.019319 0.25124 
431  0.093419 -0.98697 0.90207 0.023870 0.25900 
432  0.080216 -1.0594 0.90631 0.011365 0.25553 
433  0.096819 -0.96981 0.89969 0.021303 0.25862 
434  0.099020 -0.95899 0.89812 -0.062897 0.24503 
435  0.086217 -1.0252 0.90526 0.013408 0.25683 
436  0.091418 -0.99733 0.90321 0.0026959 0.25493 
437  0.081416 -1.0524 0.90617 -0.029781 0.24900 
438  0.088618 -1.0122 0.90450 -0.00067697 0.25444 
439  0.093819 -0.98493 0.90183 0.0016483 0.25463 
440  0.092619 -0.99109 0.90256 -0.044557 0.24692 
441  0.092418 -0.99213 0.90272 0.0057039 0.25579 
442  0.094019 -0.98390 0.90169 0.029752 0.25982 
443  0.094219 -0.98289 0.90154 -0.036119 0.24889 
444  0.094019 -0.98390 0.90169 -0.0022682 0.25419 
445  0.091818 -0.99524 0.90300 -0.042039 0.24761 
446  0.10382 -0.93611 0.89370 0.018681 0.25814 
447  0.092418 -0.99213 0.90272 -0.048643 0.24679 
448  0.10102 -0.94934 0.89620 0.027199 0.25971 
449  0.092819 -0.99006 0.90244 0.018610 0.25793 
450  0.10802 -0.91684 0.89043 -0.069532 0.24409 
451  0.091818 -0.99524 0.90300 -0.036386 0.24849 
452  0.10062 -0.95126 0.89653 -0.063834 0.24477 
453  0.091218 -0.99838 0.90331 0.028852 0.25926 
454  0.088818 -1.0111 0.90442 -0.0091718 0.25289 
455  0.093619 -0.98595 0.90194 0.025490 0.25900 
456  0.094419 -0.98187 0.90141 0.025410 0.25899 
457  0.092018 -0.99420 0.90290 0.021095 0.25862 
458  0.096619 -0.97081 0.89985 0.015566 0.25744 
459  0.092819 -0.99006 0.90244 0.031347 0.26019 
460  0.086417 -1.0241 0.90520 0.022539 0.25818 
461  0.10262 -0.94174 0.89472 0.028015 0.25986 
462  0.10322 -0.93892 0.89419 0.036192 0.26138 
463  0.096019 -0.97380 0.90030 -0.044022 0.24755 
464  0.099220 -0.95802 0.89793 0.020837 0.25832 
465  0.092218 -0.99316 0.90280 0.022460 0.25854 
466  0.093419 -0.98697 0.90207 0.030313 0.25998 
467  0.098020 -0.96388 0.89890 0.024518 0.25911 
468  0.095819 -0.97480 0.90045 0.029000 0.26002 
469  0.099420 -0.95705 0.89774 0.0074801 0.25595 
470  0.071814 -1.1114 0.90672 -0.018605 0.25016 
471  0.096619 -0.97081 0.89985 -0.052200 0.24661 
472  0.086617 -1.0230 0.90513 0.0045840 0.25506 
473  0.088818 -1.0111 0.90442 0.0086260 0.25603 
474  0.098020 -0.96388 0.89890 0.011276 0.25701 
475  0.10402 -0.93518 0.89353 0.025242 0.25947 
476  0.095419 -0.97681 0.90072 -0.046216 0.24700 
477  0.10182 -0.94553 0.89542 0.032401 0.26082 
478  0.095819 -0.97480 0.90045 -0.019128 0.25166 
479  0.084617 -1.0341 0.90564 0.017583 0.25728 
480  0.097820 -0.96487 0.89901 0.014827 0.25751 
481  0.086417 -1.0241 0.90520 -0.042357 0.24720 
482  0.10082 -0.95030 0.89637 0.016596 0.25755 
483  0.088618 -1.0122 0.90450 0.021179 0.25801 
484  0.095419 -0.97681 0.90072 0.031575 0.26043 
485  0.090418 -1.0026 0.90371 0.027895 0.25946 
486  0.085617 -1.0286 0.90539 -0.033846 0.24888 
487  0.083217 -1.0421 0.90591 -0.029187 0.24928 
488  0.089818 -1.0058 0.90399 -0.036934 0.24817 
489  0.093819 -0.98493 0.90183 0.034607 0.26073 
490  0.088018 -1.0154 0.90472 -0.028906 0.24980 
491  0.099820 -0.95511 0.89737 0.027870 0.25975 
492  0.10382 -0.93611 0.89370 0.010993 0.25679 
493  0.10002 -0.95415 0.89719 -0.060632 0.24533 
494  0.089818 -1.0058 0.90399 0.028343 0.25931 
495  0.099220 -0.95802 0.89793 0.029706 0.26014 
496  0.086017 -1.0264 0.90531 0.00074181 0.25449 
497  0.096019 -0.97380 0.90030 -0.041050 0.24855 
498  0.097019 -0.96882 0.89955 0.017702 0.25772 
499  0.086417 -1.0241 0.90520 -0.045838 0.24682 
500  0.091818 -0.99524 0.90300 -0.049518 0.24642 
501  0.087417 -1.0187 0.90490 0.024066 0.25852 
502  0.090618 -1.0015 0.90364 -0.036816 0.24861 
503  0.096819 -0.96981 0.89969 0.015804 0.25749 
504  0.087818 -1.0165 0.90479 -0.028986 0.24929 
505  0.092418 -0.99213 0.90272 -0.049273 0.24675 
506  0.090818 -1.0005 0.90353 0.028056 0.25953 
507  0.094019 -0.98390 0.90169 0.026989 0.25941 
508  0.091418 -0.99733 0.90321 0.0097221 0.25613 
509  0.096419 -0.97180 0.90003 0.028436 0.25975 
510  0.093419 -0.98697 0.90207 -0.039666 0.24826 
511  0.10162 -0.94648 0.89562 -0.064638 0.24478 
512  0.093019 -0.98903 0.90231 0.016411 0.25721 
513  0.096619 -0.97081 0.89985 0.0052294 0.25561 
514  0.10002 -0.95415 0.89719 0.025247 0.25959 
515  0.091018 -0.99943 0.90342 -0.035457 0.24888 
516  0.093019 -0.98903 0.90231 0.014863 0.25716 
517  0.093019 -0.98903 0.90231 0.012370 0.25699 
518  0.084017 -1.0375 0.90574 -0.037069 0.24830 
519  0.097620 -0.96585 0.89917 0.021154 0.25872 
520  0.081616 -1.0512 0.90613 0.012490 0.25613 
521  0.10502 -0.93054 0.89283 -0.070008 0.24393 
522  0.099020 -0.95899 0.89812 -0.066364 0.24420 
523  0.089818 -1.0058 0.90399 0.024918 0.25883 
524  0.10242 -0.94269 0.89489 0.036520 0.26145 
525  0.10542 -0.92869 0.89244 0.030450 0.26003 
526  0.094619 -0.98085 0.90131 0.024169 0.25858 
527  0.095619 -0.97581 0.90057 0.020394 0.25795 
528  0.088818 -1.0111 0.90442 0.010164 0.25613 
529  0.087818 -1.0165 0.90479 0.010948 0.25611 
530  0.097820 -0.96487 0.89901 0.032499 0.26093 
531  0.097620 -0.96585 0.89917 0.027869 0.25935 
532  0.096019 -0.97380 0.90030 0.022402 0.25863 
533  0.10442 -0.93332 0.89331 -0.066254 0.24448 
534  0.087417 -1.0187 0.90490 0.011047 0.25632 
535  0.092418 -0.99213 0.90272 0.037521 0.26132 
536  0.090018 -1.0047 0.90390 0.012585 0.25614 
537  0.087618 -1.0176 0.90485 0.015683 0.25702 
538  0.10202 -0.94458 0.89524 0.030272 0.26064 
539  0.089618 -1.0068 0.90409 -0.038122 0.24792 
540  0.094619 -0.98085 0.90131 -0.045248 0.24760 
541  0.10402 -0.93518 0.89353 -0.038194 0.24890 
542  0.083617 -1.0398 0.90584 -0.026444 0.25015 
543  0.089818 -1.0058 0.90399 0.025697 0.25891 
544  0.093019 -0.98903 0.90231 0.023545 0.25880 
545  0.098420 -0.96192 0.89858 -0.054860 0.24646 
546  0.094819 -0.97984 0.90117 0.030040 0.26005 
547  0.092619 -0.99109 0.90256 -0.052363 0.24594 
548  0.092819 -0.99006 0.90244 0.012835 0.25706 
549  0.091218 -0.99838 0.90331 -0.032432 0.24965 
550  0.089418 -1.0079 0.90419 -0.021914 0.25101 
551  0.086217 -1.0252 0.90526 0.010028 0.25633 
552  0.092418 -0.99213 0.90272 0.010240 0.25638 
553  0.095819 -0.97480 0.90045 0.029655 0.25965 
554  0.095019 -0.97883 0.90101 0.0013590 0.25498 
555  0.094819 -0.97984 0.90117 0.0088276 0.25600 
556  0.091018 -0.99943 0.90342 0.044279 0.26202 
557  0.090418 -1.0026 0.90371 0.026298 0.25913 
558  0.090418 -1.0026 0.90371 0.012895 0.25667 
559  0.094219 -0.98289 0.90154 0.061398 0.26534 
560  0.087618 -1.0176 0.90485 0.0071112 0.25571 
561  0.093019 -0.98903 0.90231 0.024243 0.25890 
562  0.093419 -0.98697 0.90207 0.018187 0.25779 
563  0.096419 -0.97180 0.90003 0.032415 0.26052 
564  0.091818 -0.99524 0.90300 0.038954 0.26125 
565  0.092018 -0.99420 0.90290 -0.015063 0.25197 
566  0.092819 -0.99006 0.90244 0.017018 0.25768 
567  0.10282 -0.94080 0.89449 0.022101 0.25881 
568  0.097419 -0.96684 0.89929 0.021749 0.25862 
569  0.097820 -0.96487 0.89901 0.033080 0.26052 
570  0.10262 -0.94174 0.89472 -0.055892 0.24538 
571  0.099220 -0.95802 0.89793 0.035487 0.26115 
572  0.091618 -0.99629 0.90311 0.013256 0.25701 
573  0.091018 -0.99943 0.90342 0.033351 0.26035 
574  0.10002 -0.95415 0.89719 0.027083 0.25936 
575  0.099620 -0.95608 0.89753 0.025679 0.25930 
576  0.091618 -0.99629 0.90311 -0.045832 0.24722 
577  0.073815 -1.0986 0.90669 -0.011740 0.25143 
578  0.087217 -1.0198 0.90495 0.00018633 0.25442 
579  0.090818 -1.0005 0.90353 0.014293 0.25710 
580  0.096019 -0.97380 0.90030 0.0039691 0.25593 
581  0.093419 -0.98697 0.90207 -0.037378 0.24861 
582  0.086017 -1.0264 0.90531 0.019210 0.25737 
583  0.10002 -0.95415 0.89719 0.0033117 0.25503 
584  0.079616 -1.0630 0.90637 -0.013044 0.25148 
585  0.098020 -0.96388 0.89890 -0.054559 0.24620 
586  0.10302 -0.93986 0.89433 0.022816 0.25910 
587  0.095219 -0.97782 0.90087 -0.045384 0.24705 
588  0.094619 -0.98085 0.90131 -0.027035 0.25069 
589  0.087818 -1.0165 0.90479 0.0092788 0.25603 
590  0.080616 -1.0571 0.90628 -0.026579 0.24897 
591  0.076015 -1.0848 0.90660 -0.019152 0.25028 
592  0.094819 -0.97984 0.90117 0.021891 0.25878 
593  0.097219 -0.96783 0.89942 -0.029813 0.25031 
594  0.097620 -0.96585 0.89917 -0.031143 0.24952 
595  0.094019 -0.98390 0.90169 -0.023624 0.25042 
596  0.11322 -0.89388 0.88658 -0.070605 0.24430 
597  0.093619 -0.98595 0.90194 0.011080 0.25664 
598  0.090218 -1.0036 0.90380 0.0098173 0.25634 
599  0.088018 -1.0154 0.90472 0.013311 0.25682 
600  0.087618 -1.0176 0.90485 -0.019410 0.25109 
601  0.099420 -0.95705 0.89774 0.019132 0.25820 
602  0.084217 -1.0364 0.90570 0.010202 0.25598 
603  0.093019 -0.98903 0.90231 0.019572 0.25791 
604  0.091818 -0.99524 0.90300 0.012912 0.25680 
605  0.078216 -1.0713 0.90647 -0.013983 0.25103 
606  0.10022 -0.95318 0.89698 -0.053373 0.24611 
607  0.091018 -0.99943 0.90342 0.012386 0.25642 
608  0.094019 -0.98390 0.90169 0.024358 0.25914 
609  0.082216 -1.0478 0.90602 -0.018902 0.25024 
610  0.094219 -0.98289 0.90154 0.029967 0.26004 
611  0.086017 -1.0264 0.90531 -0.035215 0.24818 
612  0.090418 -1.0026 0.90371 0.011453 0.25664 
613  0.084417 -1.0353 0.90568 -0.032016 0.24857 
614  0.099820 -0.95511 0.89737 0.032641 0.26056 
615  0.090818 -1.0005 0.90353 0.024306 0.25858 
616  0.096819 -0.96981 0.89969 0.017613 0.25784 
617  0.093419 -0.98697 0.90207 -0.033329 0.24883 
618  0.099220 -0.95802 0.89793 0.027749 0.25982 
619  0.096419 -0.97180 0.90003 0.023701 0.25869 
620  0.10542 -0.92869 0.89244 -0.068551 0.24436 
621  0.092418 -0.99213 0.90272 0.032289 0.26006 
622  0.096219 -0.97280 0.90015 0.028516 0.25971 
623  0.10062 -0.95126 0.89653 -0.055928 0.24596 
624  0.088618 -1.0122 0.90450 -0.040998 0.24772 
625  0.083817 -1.0387 0.90579 -0.019732 0.25111 
626  0.10222 -0.94363 0.89504 -0.054391 0.24600 
627  0.094219 -0.98289 0.90154 0.024964 0.25911 
628  0.093619 -0.98595 0.90194 -0.031354 0.24959 
629  0.093819 -0.98493 0.90183 -0.0086384 0.25323 
630  0.088218 -1.0143 0.90464 -0.033514 0.24879 
631  0.090618 -1.0015 0.90364 0.013230 0.25695 
632  0.085017 -1.0319 0.90555 -0.037358 0.24783 
633  0.092018 -0.99420 0.90290 -0.029878 0.24983 
634  0.098020 -0.96388 0.89890 0.027812 0.25966 
635  0.092819 -0.99006 0.90244 0.013753 0.25669 
636  0.090818 -1.0005 0.90353 -0.0029589 0.25411 
637  0.087818 -1.0165 0.90479 0.025859 0.25897 
638  0.082416 -1.0466 0.90600 -0.023456 0.24975 
639  0.077015 -1.0786 0.90654 -0.023514 0.24963 
640  0.094219 -0.98289 0.90154 0.019037 0.25798 
641  0.098220 -0.96290 0.89876 0.040944 0.26201 
642  0.095419 -0.97681 0.90072 0.025736 0.25928 
643  0.097019 -0.96882 0.89955 0.030162 0.26016 
644  0.087818 -1.0165 0.90479 0.010732 0.25623 
645  0.086217 -1.0252 0.90526 0.013800 0.25681 
646  0.10142 -0.94743 0.89578 -0.054697 0.24623 
647  0.094019 -0.98390 0.90169 0.026778 0.25973 
648  0.094219 -0.98289 0.90154 0.022764 0.25865 
649  0.095219 -0.97782 0.90087 0.019341 0.25814 
650  0.094019 -0.98390 0.90169 -0.047764 0.24684 
651  0.099020 -0.95899 0.89812 0.012238 0.25669 
652  0.10282 -0.94080 0.89449 0.022523 0.25885 
653  0.094619 -0.98085 0.90131 0.029587 0.25997 
654  0.093419 -0.98697 0.90207 -0.046775 0.24736 
655  0.089618 -1.0068 0.90409 0.014678 0.25687 
656  0.089618 -1.0068 0.90409 -0.014635 0.25214 
657  0.087618 -1.0176 0.90485 0.011280 0.25624 
658  0.096619 -0.97081 0.89985 -0.038936 0.24870 
659  0.098020 -0.96388 0.89890 -0.055909 0.24563 
660  0.077415 -1.0762 0.90651 -0.00044514 0.25345 
661  0.096619 -0.97081 0.89985 0.028357 0.25991 
662  0.10002 -0.95415 0.89719 0.025638 0.25920 
663  0.096819 -0.96981 0.89969 -0.055946 0.24570 
664  0.099020 -0.95899 0.89812 -0.048751 0.24634 
665  0.090818 -1.0005 0.90353 0.013913 0.25695 
666  0.091618 -0.99629 0.90311 0.022826 0.25830 
667  0.092218 -0.99316 0.90280 0.027885 0.25948 
668  0.094019 -0.98390 0.90169 -0.045565 0.24734 
669  0.099820 -0.95511 0.89737 0.021779 0.25846 
670  0.096819 -0.96981 0.89969 0.030990 0.25999 
671  0.091618 -0.99629 0.90311 0.020353 0.25808 
672  0.099220 -0.95802 0.89793 0.031346 0.26019 
673  0.094219 -0.98289 0.90154 0.016034 0.25732 
674  0.086817 -1.0220 0.90508 0.016299 0.25720 
675  0.098620 -0.96094 0.89843 0.025554 0.25914 
676  0.10122 -0.94839 0.89595 0.036313 0.26092 
677  0.098420 -0.96192 0.89858 0.017526 0.25783 
678  0.10002 -0.95415 0.89719 0.030240 0.26025 
679  0.084817 -1.0330 0.90560 0.026205 0.25887 
680  0.086217 -1.0252 0.90526 -0.033903 0.24837 
681  0.089018 -1.0100 0.90435 -0.029040 0.24989 
682  0.091818 -0.99524 0.90300 0.019110 0.25784 
683  0.092218 -0.99316 0.90280 -0.029088 0.25011 
684  0.10122 -0.94839 0.89595 0.029144 0.26010 
685  0.10762 -0.91865 0.89073 -0.065865 0.24482 
686  0.092418 -0.99213 0.90272 -0.020138 0.25141 
687  0.095019 -0.97883 0.90101 -0.054335 0.24621 
688  0.098820 -0.95997 0.89826 -0.016911 0.25207 
689  0.092018 -0.99420 0.90290 0.019216 0.25785 
690  0.094219 -0.98289 0.90154 -0.044081 0.24765 
691  0.089818 -1.0058 0.90399 0.016298 0.25745 
692  0.094619 -0.98085 0.90131 -0.052433 0.24625 
693  0.090618 -1.0015 0.90364 0.013855 0.25708 
694  0.087818 -1.0165 0.90479 -0.028648 0.24901 
695  0.095619 -0.97581 0.90057 0.032577 0.26030 
696  0.093619 -0.98595 0.90194 -0.038732 0.24839 
697  0.075215 -1.0897 0.90663 -0.022941 0.24965 
698  0.085017 -1.0319 0.90555 -0.027879 0.24990 
699  0.094219 -0.98289 0.90154 0.031900 0.26013 
700  0.092218 -0.99316 0.90280 -0.040836 0.24818 
701  0.087017 -1.0209 0.90503 -0.034596 0.24862 
702  0.097219 -0.96783 0.89942 -0.041013 0.24805 
703  0.095819 -0.97480 0.90045 0.027556 0.25961 
704  0.10322 -0.93892 0.89419 -0.061990 0.24536 
705  0.094019 -0.98390 0.90169 -0.033258 0.24898 
706  0.091418 -0.99733 0.90321 -0.038844 0.24859 
707  0.10042 -0.95222 0.89675 0.026061 0.25934 
708  0.096019 -0.97380 0.90030 0.030059 0.26013 
709  0.095819 -0.97480 0.90045 0.023326 0.25871 
710  0.091218 -0.99838 0.90331 0.014206 0.25698 
711  0.10002 -0.95415 0.89719 0.033039 0.26071 
712  0.098620 -0.96094 0.89843 -0.066573 0.24450 
713  0.095619 -0.97581 0.90057 0.029188 0.25974 
714  0.097620 -0.96585 0.89917 0.024171 0.25886 
715  0.089618 -1.0068 0.90409 0.022105 0.25836 
716  0.085217 -1.0308 0.90550 -0.017956 0.25096 
717  0.089018 -1.0100 0.90435 -0.028269 0.24950 
718  0.085417 -1.0297 0.90544 -0.016723 0.25115 
719  0.087217 -1.0198 0.90495 -0.017027 0.25116 
720  0.080816 -1.0559 0.90624 -0.019748 0.25075 
721  0.088218 -1.0143 0.90464 -0.025652 0.25010 
722  0.10022 -0.95318 0.89698 0.036963 0.26140 
723  0.092418 -0.99213 0.90272 0.020490 0.25811 
724  0.072615 -1.1062 0.90671 -0.018091 0.25021 
725  0.069214 -1.1287 0.90675 -0.0098735 0.25145 
726  0.10242 -0.94269 0.89489 0.018524 0.25805 
727  0.092418 -0.99213 0.90272 -0.032358 0.24951 
728  0.096619 -0.97081 0.89985 -0.030827 0.24980 
729  0.088818 -1.0111 0.90442 -0.026852 0.25039 
730  0.090818 -1.0005 0.90353 0.019482 0.25776 
731  0.096419 -0.97180 0.90003 -0.054699 0.24596 
732  0.099220 -0.95802 0.89793 -0.058518 0.24563 
733  0.090218 -1.0036 0.90380 -0.031927 0.24901 
734  0.076815 -1.0798 0.90656 -0.020200 0.25019 
735  0.099820 -0.95511 0.89737 0.033470 0.26069 
736  0.094219 -0.98289 0.90154 -0.047766 0.24673 
737  0.095419 -0.97681 0.90072 0.017219 0.25753 
738  0.10002 -0.95415 0.89719 0.023964 0.25898 
739  0.099620 -0.95608 0.89753 0.024502 0.25916 
740  0.095019 -0.97883 0.90101 0.031449 0.26025 
741  0.099420 -0.95705 0.89774 0.033253 0.26060 
742  0.089018 -1.0100 0.90435 -0.027811 0.24914 
743  0.10142 -0.94743 0.89578 -0.058864 0.24617 
744  0.087618 -1.0176 0.90485 -0.034477 0.24822 
745  0.095019 -0.97883 0.90101 0.022966 0.25841 
746  0.095619 -0.97581 0.90057 0.027647 0.25962 
747  0.093819 -0.98493 0.90183 0.022164 0.25879 
748  0.091418 -0.99733 0.90321 -0.038460 0.24848 
749  0.094619 -0.98085 0.90131 0.027228 0.25958 
750  0.094219 -0.98289 0.90154 0.022930 0.25894 
751  0.097419 -0.96684 0.89929 0.023833 0.25890 
752  0.088618 -1.0122 0.90450 0.010672 0.25621 
753  0.097820 -0.96487 0.89901 0.026890 0.25928 
754  0.094019 -0.98390 0.90169 0.025347 0.25942 
755  0.094219 -0.98289 0.90154 0.024300 0.25882 
756  0.085817 -1.0275 0.90535 -0.035031 0.24883 
757  0.11002 -0.90790 0.88846 -0.074416 0.24345 
758  0.094019 -0.98390 0.90169 0.030817 0.26010 
759  0.092819 -0.99006 0.90244 0.025985 0.25950 
760  0.094019 -0.98390 0.90169 0.026192 0.25917 
761  0.091018 -0.99943 0.90342 0.019391 0.25809 
762  0.098820 -0.95997 0.89826 -0.053698 0.24627 
763  0.10682 -0.92228 0.89135 -0.072240 0.24393 
764  0.090818 -1.0005 0.90353 0.027984 0.25958 
765  0.095419 -0.97681 0.90072 0.026122 0.25908 
766  0.10062 -0.95126 0.89653 0.031225 0.26021 
767  0.093219 -0.98800 0.90219 -0.034728 0.24912 
768  0.098420 -0.96192 0.89858 0.029761 0.25993 
769  0.10322 -0.93892 0.89419 -0.062285 0.24513 
770  0.10262 -0.94174 0.89472 -0.061750 0.24499 
771  0.10002 -0.95415 0.89719 -0.053615 0.24661 
772  0.096619 -0.97081 0.89985 -0.062203 0.24499 
773  0.097219 -0.96783 0.89942 -0.060328 0.24524 
774  0.087818 -1.0165 0.90479 -0.048481 0.24654 
775  0.096019 -0.97380 0.90030 0.024499 0.25894 
776  0.099220 -0.95802 0.89793 0.033910 0.26075 
777  0.093419 -0.98697 0.90207 0.031173 0.26011 
778  0.094619 -0.98085 0.90131 -0.051121 0.24639 
779  0.10162 -0.94648 0.89562 0.033287 0.26073 
780  0.079816 -1.0618 0.90636 0.0071003 0.25548 
781  0.091218 -0.99838 0.90331 0.020482 0.25802 
782  0.094619 -0.98085 0.90131 0.027960 0.25960 
783  0.083817 -1.0387 0.90579 0.015161 0.25676 
784  0.090418 -1.0026 0.90371 0.019596 0.25821 
785  0.084417 -1.0353 0.90568 0.011987 0.25636 
786  0.094819 -0.97984 0.90117 0.029597 0.25986 
787  0.093819 -0.98493 0.90183 0.027263 0.25945 
788  0.10302 -0.93986 0.89433 0.025585 0.25919 
789  0.089818 -1.0058 0.90399 0.030639 0.25984 
790  0.097820 -0.96487 0.89901 -0.037571 0.24888 
791  0.088618 -1.0122 0.90450 0.018037 0.25749 
792  0.089218 -1.0090 0.90426 -0.014652 0.25189 
793  0.072414 -1.1075 0.90671 0.015708 0.25591 
794  0.086217 -1.0252 0.90526 0.023451 0.25871 
795  0.10062 -0.95126 0.89653 0.021812 0.25892 
796  0.089018 -1.0100 0.90435 -0.014449 0.25203 
797  0.095619 -0.97581 0.90057 0.017811 0.25778 
798  0.10022 -0.95318 0.89698 -0.055710 0.24635 
799  0.095019 -0.97883 0.90101 0.011820 0.25648 
800  0.10062 -0.95126 0.89653 0.028097 0.25967 
801  0.094819 -0.97984 0.90117 0.030464 0.26010 
802  0.093819 -0.98493 0.90183 0.021133 0.25834 
803  0.092418 -0.99213 0.90272 0.034348 0.26083 
804  0.087417 -1.0187 0.90490 -0.031402 0.24948 
805  0.092418 -0.99213 0.90272 0.017891 0.25780 
806  0.086217 -1.0252 0.90526 0.0067092 0.25552 
807  0.096419 -0.97180 0.90003 0.023124 0.25896 
808  0.095419 -0.97681 0.90072 0.035249 0.26059 
809  0.092218 -0.99316 0.90280 0.0065135 0.25587 
810  0.092418 -0.99213 0.90272 0.0078444 0.25597 
811  0.089418 -1.0079 0.90419 0.0077978 0.25584 
812  0.095219 -0.97782 0.90087 0.016604 0.25737 
813  0.093619 -0.98595 0.90194 0.025769 0.25931 
814  0.10102 -0.94934 0.89620 0.021878 0.25851 
815  0.095819 -0.97480 0.90045 -0.048540 0.24706 
816  0.092218 -0.99316 0.90280 -0.044087 0.24762 
817  0.088218 -1.0143 0.90464 -0.036899 0.24856 
818  0.093219 -0.98800 0.90219 -0.045357 0.24730 
819  0.082216 -1.0478 0.90602 0.0053263 0.25490 
820  0.086817 -1.0220 0.90508 0.022564 0.25804 
821  0.086417 -1.0241 0.90520 -6.4531e-05 0.25438 
822  0.085017 -1.0319 0.90555 0.017946 0.25763 
823  0.081416 -1.0524 0.90617 0.011832 0.25630 
824  0.087017 -1.0209 0.90503 0.011449 0.25611 
825  0.090418 -1.0026 0.90371 -0.040456 0.24765 
826  0.091018 -0.99943 0.90342 0.017026 0.25732 
827  0.092218 -0.99316 0.90280 0.019450 0.25789 
828  0.090418 -1.0026 0.90371 0.0055855 0.25550 
829  0.094819 -0.97984 0.90117 -0.033995 0.24903 
830  0.081616 -1.0512 0.90613 0.0063973 0.25498 
831  0.091018 -0.99943 0.90342 0.033499 0.26020 
832  0.092418 -0.99213 0.90272 0.025119 0.25936 
833  0.091618 -0.99629 0.90311 0.022621 0.25855 
834  0.094219 -0.98289 0.90154 0.024977 0.25936 
835  0.099020 -0.95899 0.89812 0.021779 0.25834 
836  0.087618 -1.0176 0.90485 -0.029700 0.24983 
837  0.093619 -0.98595 0.90194 0.026340 0.25898 
838  0.093019 -0.98903 0.90231 -0.034847 0.24915 
839  0.078816 -1.0677 0.90644 -0.029845 0.24910 
840  0.098220 -0.96290 0.89876 0.031392 0.26047 
841  0.094219 -0.98289 0.90154 -0.044001 0.24747 
842  0.094819 -0.97984 0.90117 0.017248 0.25757 
843  0.083217 -1.0421 0.90591 0.017921 0.25752 
844  0.094619 -0.98085 0.90131 0.028128 0.25954 
845  0.094619 -0.98085 0.90131 -0.026949 0.25035 
846  0.096619 -0.97081 0.89985 0.035901 0.26126 
847  0.076615 -1.0811 0.90657 0.00041927 0.25363 
848  0.091218 -0.99838 0.90331 0.014471 0.25704 
849  0.098020 -0.96388 0.89890 0.016148 0.25762 
850  0.095619 -0.97581 0.90057 -0.018889 0.25126 
851  0.087417 -1.0187 0.90490 0.014165 0.25690 
852  0.095019 -0.97883 0.90101 0.021184 0.25822 
853  0.088618 -1.0122 0.90450 -0.045305 0.24703 
854  0.094019 -0.98390 0.90169 0.013659 0.25676 
855  0.093019 -0.98903 0.90231 0.017330 0.25766 
856  0.098620 -0.96094 0.89843 0.039568 0.26183 
857  0.094219 -0.98289 0.90154 -0.043773 0.24774 
858  0.098620 -0.96094 0.89843 0.028632 0.25978 
859  0.094819 -0.97984 0.90117 0.019190 0.25789 
860  0.096219 -0.97280 0.90015 0.032093 0.26026 
861  0.096019 -0.97380 0.90030 0.026774 0.25942 
862  0.086617 -1.0230 0.90513 0.019416 0.25742 
863  0.092418 -0.99213 0.90272 0.023644 0.25868 
864  0.10042 -0.95222 0.89675 0.021895 0.25870 
865  0.099220 -0.95802 0.89793 0.023623 0.25900 
866  0.097820 -0.96487 0.89901 -0.057614 0.24596 
867  0.10522 -0.92961 0.89263 -0.066746 0.24455 
868  0.095219 -0.97782 0.90087 0.031356 0.26027 
869  0.10602 -0.92593 0.89204 -0.054051 0.24626 
870  0.090018 -1.0047 0.90390 0.012438 0.25668 
871  0.088618 -1.0122 0.90450 0.018298 0.25789 
872  0.099820 -0.95511 0.89737 0.032948 0.26060 
873  0.095019 -0.97883 0.90101 0.024719 0.25909 
874  0.089418 -1.0079 0.90419 0.013862 0.25678 
875  0.092418 -0.99213 0.90272 0.020654 0.25824 
876  0.096619 -0.97081 0.89985 0.017360 0.25784 
877  0.097019 -0.96882 0.89955 0.011911 0.25679 
878  0.088418 -1.0133 0.90457 0.015795 0.25686 
879  0.097419 -0.96684 0.89929 0.022544 0.25884 
880  0.10362 -0.93705 0.89388 0.025716 0.25943 
881  0.088018 -1.0154 0.90472 0.026692 0.25935 
882  0.095019 -0.97883 0.90101 0.020610 0.25829 
883  0.10142 -0.94743 0.89578 0.025186 0.25927 
884  0.086817 -1.0220 0.90508 0.019695 0.25821 
885  0.092018 -0.99420 0.90290 0.029809 0.25987 
886  0.090818 -1.0005 0.90353 0.012311 0.25679 
887  0.094019 -0.98390 0.90169 0.031865 0.26021 
888  0.093619 -0.98595 0.90194 0.016631 0.25759 
889  0.098420 -0.96192 0.89858 0.026709 0.25959 
890  0.095819 -0.97480 0.90045 -0.037828 0.24857 
891  0.097620 -0.96585 0.89917 0.027556 0.25958 
892  0.10022 -0.95318 0.89698 0.020375 0.25872 
893  0.085017 -1.0319 0.90555 0.012982 0.25651 
894  0.089418 -1.0079 0.90419 -0.024212 0.25069 
895  0.092218 -0.99316 0.90280 0.0050975 0.25527 
896  0.083217 -1.0421 0.90591 0.0077846 0.25529 
897  0.090018 -1.0047 0.90390 0.0047492 0.25537 
898  0.088218 -1.0143 0.90464 -0.038124 0.24823 
899  0.097219 -0.96783 0.89942 -0.042062 0.24831 
900  0.095619 -0.97581 0.90057 -0.041802 0.24828 
901  0.085417 -1.0297 0.90544 0.0024379 0.25486 
902  0.085417 -1.0297 0.90544 0.0098293 0.25564 
903  0.085017 -1.0319 0.90555 0.018744 0.25739 
904  0.076415 -1.0823 0.90658 -0.019085 0.25033 
905  0.081416 -1.0524 0.90617 -0.015594 0.25129 
906  0.079816 -1.0618 0.90636 -0.015755 0.25106 
907  0.076015 -1.0848 0.90660 -0.020783 0.25026 
908  0.092018 -0.99420 0.90290 0.026423 0.25905 
909  0.096019 -0.97380 0.90030 -0.043446 0.24802 
910  0.099820 -0.95511 0.89737 -0.062857 0.24462 
911  0.099020 -0.95899 0.89812 -0.054088 0.24628 
912  0.099620 -0.95608 0.89753 0.029120 0.25978 
913  0.097620 -0.96585 0.89917 0.020511 0.25826 
914  0.099820 -0.95511 0.89737 0.025258 0.25927 
915  0.097620 -0.96585 0.89917 -0.053119 0.24646 
916  0.093819 -0.98493 0.90183 0.020416 0.25827 
917  0.10182 -0.94553 0.89542 -0.067578 0.24457 
918  0.093619 -0.98595 0.90194 0.019173 0.25802 
919  0.093019 -0.98903 0.90231 0.027147 0.25925 
920  0.091618 -0.99629 0.90311 0.015596 0.25701 
921  0.095819 -0.97480 0.90045 0.031715 0.26027 
922  0.097820 -0.96487 0.89901 0.0080599 0.25582 
923  0.096219 -0.97280 0.90015 0.030771 0.26012 
924  0.090418 -1.0026 0.90371 0.036957 0.26094 
925  0.094819 -0.97984 0.90117 -0.051718 0.24630 
926  0.088018 -1.0154 0.90472 0.024601 0.25889 
927  0.091018 -0.99943 0.90342 -0.023523 0.25061 
928  0.092418 -0.99213 0.90272 -0.048160 0.24652 
929  0.094819 -0.97984 0.90117 0.028488 0.25965 
930  0.094619 -0.98085 0.90131 0.032397 0.26038 
931  0.098420 -0.96192 0.89858 0.030464 0.25996 
932  0.099820 -0.95511 0.89737 0.030208 0.26035 
933  0.092018 -0.99420 0.90290 0.020402 0.25809 
934  0.092819 -0.99006 0.90244 -0.032721 0.24980 
935  0.098820 -0.95997 0.89826 0.032669 0.26063 
936  0.091618 -0.99629 0.90311 0.013767 0.25704 
937  0.096219 -0.97280 0.90015 -0.034493 0.24920 
938  0.094619 -0.98085 0.90131 0.034800 0.26080 
939  0.10162 -0.94648 0.89562 -0.061174 0.24498 
940  0.095219 -0.97782 0.90087 0.030843 0.26024 
941  0.083017 -1.0432 0.90594 -0.0044922 0.25343 
942  0.097219 -0.96783 0.89942 0.036250 0.26115 
943  0.089018 -1.0100 0.90435 -0.020080 0.25128 
944  0.086417 -1.0241 0.90520 0.0079092 0.25567 
945  0.095819 -0.97480 0.90045 0.019404 0.25821 
946  0.089418 -1.0079 0.90419 0.029172 0.25962 
947  0.088218 -1.0143 0.90464 0.010539 0.25617 
948  0.094619 -0.98085 0.90131 0.030699 0.26048 
949  0.080616 -1.0571 0.90628 -0.00075265 0.25405 
950  0.094019 -0.98390 0.90169 0.015783 0.25744 
951  0.093019 -0.98903 0.90231 0.018986 0.25777 
952  0.086817 -1.0220 0.90508 -0.038707 0.24815 
953  0.093019 -0.98903 0.90231 0.034850 0.26049 
954  0.085417 -1.0297 0.90544 -0.028343 0.24928 
955  0.081816 -1.0501 0.90609 -0.024068 0.24974 
956  0.084417 -1.0353 0.90568 -0.027434 0.24909 
957  0.083017 -1.0432 0.90594 -0.033679 0.24834 
958  0.090818 -1.0005 0.90353 0.030264 0.25989 
959  0.091418 -0.99733 0.90321 0.030654 0.26022 
960  0.089818 -1.0058 0.90399 0.010275 0.25630 
961  0.092619 -0.99109 0.90256 0.0083648 0.25629 
962  0.10122 -0.94839 0.89595 0.026688 0.26011 
963  0.091818 -0.99524 0.90300 -0.038217 0.24855 
964  0.10202 -0.94458 0.89524 0.030318 0.26009 
965  0.092619 -0.99109 0.90256 -0.060294 0.24544 
966  0.081616 -1.0512 0.90613 0.0058599 0.25525 
967  0.11362 -0.89215 0.88638 -0.083201 0.24263 
968  0.10242 -0.94269 0.89489 -0.057938 0.24550 
969  0.10102 -0.94934 0.89620 0.011170 0.25659 
970  0.095619 -0.97581 0.90057 -0.022133 0.25116 
971  0.099620 -0.95608 0.89753 -0.047535 0.24727 
972  0.095419 -0.97681 0.90072 0.034972 0.26095 
973  0.089218 -1.0090 0.90426 0.028128 0.25931 
974  0.096019 -0.97380 0.90030 0.026552 0.25951 
975  0.089418 -1.0079 0.90419 0.0056320 0.25577 
976  0.095619 -0.97581 0.90057 0.024637 0.25915 
977  0.093819 -0.98493 0.90183 -0.054103 0.24618 
978  0.096619 -0.97081 0.89985 0.012384 0.25690 
979  0.10342 -0.93798 0.89404 -0.053699 0.24641 
980  0.094819 -0.97984 0.90117 0.030957 0.25999 
981  0.097019 -0.96882 0.89955 0.030507 0.25980 
982  0.092018 -0.99420 0.90290 0.0051866 0.25546 
983  0.085017 -1.0319 0.90555 0.0059442 0.25553 
984  0.090418 -1.0026 0.90371 0.015562 0.25701 
985  0.093819 -0.98493 0.90183 0.014268 0.25689 
986  0.099020 -0.95899 0.89812 0.027861 0.25980 
987  0.099420 -0.95705 0.89774 -0.057936 0.24574 
988  0.093219 -0.98800 0.90219 0.023373 0.25881 
989  0.10102 -0.94934 0.89620 0.036778 0.26108 
990  0.087618 -1.0176 0.90485 -0.041589 0.24796 
991  0.098420 -0.96192 0.89858 -0.044434 0.24768 
992  0.085017 -1.0319 0.90555 0.015131 0.25707 
993  0.099220 -0.95802 0.89793 0.037526 0.26125 
994  0.097620 -0.96585 0.89917 -0.047447 0.24714 
995  0.089018 -1.0100 0.90435 0.0088081 0.25598 
996  0.098420 -0.96192 0.89858 0.025825 0.25903 
997  0.091818 -0.99524 0.90300 -0.029814 0.25011 
998  0.098620 -0.96094 0.89843 0.034452 0.26077 
999  0.096019 -0.97380 0.90030 0.025755 0.25924 
1000  0.077415 -1.0762 0.90651 -0.0031947 0.25312 
1001  0.090818 -1.0005 0.90353 -0.045399 0.24695 
1002  0.092819 -0.99006 0.90244 0.029771 0.25993 
1003  0.092218 -0.99316 0.90280 0.020358 0.25826 
1004  0.088218 -1.0143 0.90464 0.020380 0.25808 
1005  0.097419 -0.96684 0.89929 0.032207 0.26032 
1006  0.092218 -0.99316 0.90280 0.017680 0.25765 
1007  0.098820 -0.95997 0.89826 0.030759 0.26019 
1008  0.11242 -0.89735 0.88706 -0.076896 0.24345 
1009  0.089418 -1.0079 0.90419 0.015583 0.25711 
1010  0.095219 -0.97782 0.90087 0.023983 0.25885 
1011  0.093819 -0.98493 0.90183 -0.045837 0.24730 
1012  0.092418 -0.99213 0.90272 -0.031837 0.24943 
1013  0.10102 -0.94934 0.89620 -0.057971 0.24579 
1014  0.096019 -0.97380 0.90030 -0.047689 0.24705 
1015  0.11022 -0.90701 0.88832 -0.077367 0.24308 
1016  0.079016 -1.0665 0.90642 -0.015411 0.25098 
1017  0.094019 -0.98390 0.90169 0.028288 0.25925 
1018  0.096019 -0.97380 0.90030 -0.057426 0.24534 
1019  0.10022 -0.95318 0.89698 -0.068172 0.24400 
1020  0.087017 -1.0209 0.90503 -0.028743 0.24958 
1021  0.091818 -0.99524 0.90300 0.017813 0.25788 
1022  0.089818 -1.0058 0.90399 0.025837 0.25902 
1023  0.10662 -0.92319 0.89158 -0.069968 0.24404 
1024  0.10542 -0.92869 0.89244 -0.069780 0.24432 
1025  0.089818 -1.0058 0.90399 -0.0050666 0.25361 
1026  0.092619 -0.99109 0.90256 0.026991 0.25947 
1027  0.098220 -0.96290 0.89876 0.023578 0.25880 
1028  0.093619 -0.98595 0.90194 0.016919 0.25754 
1029  0.089218 -1.0090 0.90426 -0.0016970 0.25413 
1030  0.10722 -0.92046 0.89104 -0.052541 0.24648 
1031  0.091818 -0.99524 0.90300 -0.048147 0.24661 
1032  0.089218 -1.0090 0.90426 -0.046377 0.24714 
1033  0.077415 -1.0762 0.90651 -0.0098202 0.25173 
1034  0.083217 -1.0421 0.90591 -0.027294 0.24962 
1035  0.094019 -0.98390 0.90169 0.015961 0.25748 
1036  0.093819 -0.98493 0.90183 0.019050 0.25819 
1037  0.088818 -1.0111 0.90442 0.018497 0.25779 
1038  0.079016 -1.0665 0.90642 -0.017159 0.25054 
1039  0.092018 -0.99420 0.90290 0.028736 0.25940 
1040  0.072815 -1.1049 0.90670 -0.020636 0.24970 
1041  0.10122 -0.94839 0.89595 -0.065904 0.24480 
1042  0.092619 -0.99109 0.90256 0.012310 0.25685 
1043  0.10342 -0.93798 0.89404 -0.067866 0.24443 
1044  0.10462 -0.93239 0.89313 -0.068537 0.24425 
1045  0.093019 -0.98903 0.90231 0.021629 0.25833 
1046  0.097620 -0.96585 0.89917 -0.042455 0.24789 
1047  0.093819 -0.98493 0.90183 0.029611 0.25973 
1048  0.10482 -0.93146 0.89296 -0.070647 0.24409 
1049  0.10862 -0.91415 0.88986 -0.074485 0.24389 
1050  0.090218 -1.0036 0.90380 0.012725 0.25687 
1051  0.096419 -0.97180 0.90003 0.022181 0.25841 
1052  0.093619 -0.98595 0.90194 0.011391 0.25661 
1053  0.10242 -0.94269 0.89489 0.030290 0.26016 
1054  0.097419 -0.96684 0.89929 -0.027564 0.25031 
1055  0.098020 -0.96388 0.89890 0.027765 0.25974 
1056  0.098620 -0.96094 0.89843 0.028027 0.25984 
1057  0.10042 -0.95222 0.89675 0.028664 0.26025 
1058  0.097620 -0.96585 0.89917 0.028881 0.25967 
1059  0.099620 -0.95608 0.89753 0.032932 0.26063 
1060  0.098820 -0.95997 0.89826 0.030158 0.26013 
1061  0.094019 -0.98390 0.90169 0.030381 0.25996 
1062  0.094619 -0.98085 0.90131 -0.020789 0.25170 
1063  0.097419 -0.96684 0.89929 -0.056264 0.24547 
1064  0.098820 -0.95997 0.89826 0.038360 0.26169 
1065  0.085417 -1.0297 0.90544 0.0040635 0.25482 
1066  0.090618 -1.0015 0.90364 -0.0013126 0.25402 
1067  0.091818 -0.99524 0.90300 -0.028662 0.25008 
1068  0.096419 -0.97180 0.90003 0.032131 0.26031 
1069  0.099220 -0.95802 0.89793 -0.042212 0.24785 
1070  0.091418 -0.99733 0.90321 0.010726 0.25620 
1071  0.095419 -0.97681 0.90072 -0.033340 0.24954 
1072  0.092218 -0.99316 0.90280 -0.021893 0.25115 
1073  0.10082 -0.95030 0.89637 0.026133 0.25953 
1074  0.092819 -0.99006 0.90244 -0.0061692 0.25364 
1075  0.11042 -0.90613 0.88800 0.032478 0.26099 
1076  0.088818 -1.0111 0.90442 0.023370 0.25853 
1077  0.098220 -0.96290 0.89876 0.033107 0.26046 
1078  0.098220 -0.96290 0.89876 0.032487 0.26057 
1079  0.092619 -0.99109 0.90256 -0.049454 0.24682 
1080  0.098620 -0.96094 0.89843 -0.037278 0.24865 
1081  0.089018 -1.0100 0.90435 0.016738 0.25723 
1082  0.084017 -1.0375 0.90574 0.016358 0.25680 
1083  0.077015 -1.0786 0.90654 0.018065 0.25665 
1084  0.089418 -1.0079 0.90419 -0.012106 0.25289 
1085  0.093619 -0.98595 0.90194 0.0079015 0.25583 
1086  0.10162 -0.94648 0.89562 0.038562 0.26176 
1087  0.095419 -0.97681 0.90072 -0.048928 0.24675 
1088  0.096219 -0.97280 0.90015 -0.030874 0.24978 
1089  0.096819 -0.96981 0.89969 0.027073 0.25944 
1090  0.094019 -0.98390 0.90169 -0.0027221 0.25418 
1091  0.086417 -1.0241 0.90520 -0.028280 0.24962 
1092  0.094819 -0.97984 0.90117 -0.041874 0.24772 
1093  0.088018 -1.0154 0.90472 0.0058912 0.25541 
1094  0.10022 -0.95318 0.89698 0.023436 0.25882 
1095  0.094419 -0.98187 0.90141 0.025005 0.25903 
1096  0.091818 -0.99524 0.90300 -0.022091 0.25075 
1097  0.082617 -1.0455 0.90598 0.029059 0.25933 
1098  0.094619 -0.98085 0.90131 0.030263 0.26009 
1099  0.085417 -1.0297 0.90544 0.0035994 0.25514 
1100  0.091218 -0.99838 0.90331 0.014642 0.25713 
1101  0.091018 -0.99943 0.90342 -0.040450 0.24824 
1102  0.096819 -0.96981 0.89969 0.0076736 0.25598 
1103  0.093419 -0.98697 0.90207 0.013416 0.25675 
1104  0.089018 -1.0100 0.90435 0.0069423 0.25572 
1105  0.099220 -0.95802 0.89793 0.054785 0.26418 
1106  0.090618 -1.0015 0.90364 0.027731 0.25946 
1107  0.10182 -0.94553 0.89542 -0.054331 0.24594 
1108  0.090818 -1.0005 0.90353 -0.052782 0.24604 
1109  0.094019 -0.98390 0.90169 0.0093884 0.25612 
1110  0.089618 -1.0068 0.90409 0.0081080 0.25582 
1111  0.089218 -1.0090 0.90426 0.010104 0.25633 
1112  0.090218 -1.0036 0.90380 0.0024226 0.25477 
1113  0.095219 -0.97782 0.90087 -0.048458 0.24651 
1114  0.093219 -0.98800 0.90219 0.029615 0.26000 
1115  0.084217 -1.0364 0.90570 -0.024110 0.25032 
1116  0.084017 -1.0375 0.90574 0.0061286 0.25541 
1117  0.086617 -1.0230 0.90513 0.016430 0.25750 
1118  0.10122 -0.94839 0.89595 0.0096236 0.25658 
1119  0.099020 -0.95899 0.89812 -0.056131 0.24617 
1120  0.097019 -0.96882 0.89955 -0.042988 0.24801 
1121  0.084617 -1.0341 0.90564 -0.011712 0.25217 
1122  0.093219 -0.98800 0.90219 0.025479 0.25920 
1123  0.076415 -1.0823 0.90658 -0.012257 0.25157 
1124  0.098820 -0.95997 0.89826 -0.056117 0.24570 
1125  0.098420 -0.96192 0.89858 0.031451 0.26008 
1126  0.098420 -0.96192 0.89858 0.028453 0.26005 
1127  0.093019 -0.98903 0.90231 -0.045689 0.24713 
1128  0.089018 -1.0100 0.90435 -0.032279 0.24913 
1129  0.10482 -0.93146 0.89296 0.021537 0.25891 
1130  0.089218 -1.0090 0.90426 -0.045491 0.24700 
1131  0.091618 -0.99629 0.90311 -0.029730 0.24997 
1132  0.096419 -0.97180 0.90003 0.037500 0.26129 
1133  0.098220 -0.96290 0.89876 0.024110 0.25900 
1134  0.087818 -1.0165 0.90479 -0.044995 0.24674 
1135  0.091618 -0.99629 0.90311 0.030134 0.25972 
1136  0.10722 -0.92046 0.89104 0.037653 0.26148 
1137  0.094219 -0.98289 0.90154 0.031611 0.26029 
1138  0.089818 -1.0058 0.90399 0.012804 0.25650 
1139  0.098020 -0.96388 0.89890 0.017091 0.25759 
1140  0.098620 -0.96094 0.89843 -0.059983 0.24526 
1141  0.093819 -0.98493 0.90183 0.027108 0.25961 
1142  0.10022 -0.95318 0.89698 0.022533 0.25871 
1143  0.088818 -1.0111 0.90442 0.024935 0.25874 
1144  0.092018 -0.99420 0.90290 0.017606 0.25762 
1145  0.091618 -0.99629 0.90311 0.017608 0.25776 
1146  0.093419 -0.98697 0.90207 0.026804 0.25938 
1147  0.097820 -0.96487 0.89901 0.018728 0.25797 
1148  0.096419 -0.97180 0.90003 0.024491 0.25908 
1149  0.097820 -0.96487 0.89901 0.023848 0.25883 
1150  0.089618 -1.0068 0.90409 0.031952 0.26026 
1151  0.084417 -1.0353 0.90568 0.0074367 0.25575 
1152  0.088818 -1.0111 0.90442 0.014214 0.25670 
1153  0.099020 -0.95899 0.89812 0.019253 0.25832 
1154  0.10562 -0.92777 0.89231 -0.069828 0.24438 
1155  0.094619 -0.98085 0.90131 0.025158 0.25907 
1156  0.089418 -1.0079 0.90419 -0.032792 0.24912 
1157  0.10062 -0.95126 0.89653 -0.061706 0.24501 
1158  0.094619 -0.98085 0.90131 0.023698 0.25883 
1159  0.098820 -0.95997 0.89826 -0.062537 0.24505 
1160  0.089418 -1.0079 0.90419 0.026354 0.25904 
1161  0.097620 -0.96585 0.89917 0.018106 0.25792 
1162  0.097419 -0.96684 0.89929 0.013012 0.25715 
1163  0.093019 -0.98903 0.90231 0.021899 0.25860 
1164  0.10282 -0.94080 0.89449 0.027270 0.25951 
1165  0.093619 -0.98595 0.90194 0.015308 0.25731 
1166  0.092418 -0.99213 0.90272 0.0086374 0.25634 
1167  0.099020 -0.95899 0.89812 0.042824 0.26233 
1168  0.095819 -0.97480 0.90045 -0.044927 0.24765 
1169  0.095619 -0.97581 0.90057 0.012016 0.25697 
1170  0.099020 -0.95899 0.89812 0.027081 0.25989 
1171  0.10442 -0.93332 0.89331 0.014671 0.25767 
1172  0.094019 -0.98390 0.90169 0.023594 0.25896 
1173  0.092018 -0.99420 0.90290 -0.028559 0.25001 
1174  0.092418 -0.99213 0.90272 0.011339 0.25653 
1175  0.095019 -0.97883 0.90101 -0.038090 0.24865 
1176  0.091218 -0.99838 0.90331 0.031678 0.26021 
1177  0.092018 -0.99420 0.90290 0.018602 0.25832 
1178  0.097219 -0.96783 0.89942 0.023560 0.25896 
1179  0.10062 -0.95126 0.89653 0.015063 0.25746 
1180  0.096819 -0.96981 0.89969 0.027823 0.25969 
1181  0.091418 -0.99733 0.90321 0.025075 0.25880 
1182  0.085417 -1.0297 0.90544 0.0088643 0.25604 
1183  0.082216 -1.0478 0.90602 0.0059780 0.25527 
1184  0.094819 -0.97984 0.90117 0.029375 0.25987 
1185  0.090418 -1.0026 0.90371 -0.035259 0.24860 
1186  0.099820 -0.95511 0.89737 0.0060986 0.25549 
1187  0.093419 -0.98697 0.90207 -0.026333 0.25064 
1188  0.10142 -0.94743 0.89578 -0.062144 0.24479 
1189  0.095419 -0.97681 0.90072 0.012832 0.25671 
1190  0.089418 -1.0079 0.90419 0.015598 0.25727 
1191  0.097419 -0.96684 0.89929 -0.042181 0.24841 
1192  0.092619 -0.99109 0.90256 0.012311 0.25654 
1193  0.086017 -1.0264 0.90531 0.0065399 0.25533 
1194  0.099620 -0.95608 0.89753 -0.037070 0.24894 
1195  0.091818 -0.99524 0.90300 -0.037221 0.24876 
1196  0.093619 -0.98595 0.90194 0.020739 0.25800 
1197  0.096219 -0.97280 0.90015 0.028014 0.25961 
1198  0.090818 -1.0005 0.90353 -0.0074048 0.25315 
1199  0.099420 -0.95705 0.89774 -0.019996 0.25162 
1200  0.093819 -0.98493 0.90183 0.020798 0.25805 
1201  0.089618 -1.0068 0.90409 -0.012994 0.25208 
1202  0.086217 -1.0252 0.90526 -0.0078515 0.25325 
1203  0.075415 -1.0885 0.90662 -0.010881 0.25150 
1204  0.10102 -0.94934 0.89620 -0.064733 0.24484 
1205  0.085417 -1.0297 0.90544 0.0097092 0.25591 
1206  0.095419 -0.97681 0.90072 0.012616 0.25678 
1207  0.086817 -1.0220 0.90508 0.0056785 0.25574 
1208  0.085417 -1.0297 0.90544 -0.035521 0.24802 
1209  0.097219 -0.96783 0.89942 0.021450 0.25822 
1210  0.081616 -1.0512 0.90613 -0.0045500 0.25306 
1211  0.095819 -0.97480 0.90045 0.028673 0.25961 
1212  0.088818 -1.0111 0.90442 -0.035087 0.24906 
1213  0.084417 -1.0353 0.90568 -0.0010928 0.25399 
1214  0.094419 -0.98187 0.90141 0.012789 0.25684 
1215  0.083617 -1.0398 0.90584 0.0048506 0.25497 
1216  0.092819 -0.99006 0.90244 0.024745 0.25887 
1217  0.097219 -0.96783 0.89942 0.014791 0.25741 
1218  0.087017 -1.0209 0.90503 0.0098905 0.25626 
1219  0.10202 -0.94458 0.89524 -0.057490 0.24582 
1220  0.096419 -0.97180 0.90003 0.021418 0.25825 
1221  0.098020 -0.96388 0.89890 -0.054525 0.24608 
1222  0.088218 -1.0143 0.90464 -0.0054204 0.25334 
1223  0.090218 -1.0036 0.90380 0.017887 0.25773 
1224  0.088218 -1.0143 0.90464 -0.017539 0.25116 
1225  0.089218 -1.0090 0.90426 -0.030746 0.24928 
1226  0.079816 -1.0618 0.90636 -0.016944 0.25118 
1227  0.090618 -1.0015 0.90364 -0.025725 0.25014 
1228  0.092418 -0.99213 0.90272 0.010762 0.25654 
1229  0.093819 -0.98493 0.90183 0.015204 0.25744 
1230  0.087017 -1.0209 0.90503 -0.027148 0.24972 
1231  0.098020 -0.96388 0.89890 0.033402 0.26089 
1232  0.099620 -0.95608 0.89753 0.038463 0.26127 
1233  0.092819 -0.99006 0.90244 0.025046 0.25897 
1234  0.091018 -0.99943 0.90342 0.014473 0.25698 
1235  0.090818 -1.0005 0.90353 -0.0012932 0.25405 
1236  0.10502 -0.93054 0.89283 0.031341 0.26073 
1237  0.093219 -0.98800 0.90219 0.0077516 0.25628 
1238  0.083217 -1.0421 0.90591 -0.023170 0.24990 
1239  0.092418 -0.99213 0.90272 -0.031094 0.24969 
1240  0.10122 -0.94839 0.89595 0.036393 0.26129 
1241  0.084017 -1.0375 0.90574 0.0047090 0.25463 
1242  0.087217 -1.0198 0.90495 -0.00065954 0.25421 
1243  0.095019 -0.97883 0.90101 0.024936 0.25914 
1244  0.086217 -1.0252 0.90526 -0.044636 0.24705 
1245  0.093419 -0.98697 0.90207 -0.0010119 0.25400 
1246  0.097219 -0.96783 0.89942 -0.050859 0.24637 
1247  0.088818 -1.0111 0.90442 -0.024065 0.25044 
1248  0.098420 -0.96192 0.89858 0.029416 0.25985 
1249  0.094019 -0.98390 0.90169 0.015235 0.25716 
1250  0.095219 -0.97782 0.90087 0.023997 0.25881 
1251  0.087017 -1.0209 0.90503 -0.026823 0.24972 
1252  0.096619 -0.97081 0.89985 0.030451 0.26012 
1253  0.081016 -1.0547 0.90621 -0.012537 0.25194 
1254  0.089218 -1.0090 0.90426 -0.015711 0.25130 
1255  0.084817 -1.0330 0.90560 0.015563 0.25715 
1256  0.093219 -0.98800 0.90219 0.0038471 0.25527 
1257  0.096619 -0.97081 0.89985 0.021683 0.25847 
1258  0.097620 -0.96585 0.89917 0.014619 0.25704 
1259  0.10022 -0.95318 0.89698 -0.054583 0.24617 
1260  0.094419 -0.98187 0.90141 0.0077298 0.25603 
1261  0.084817 -1.0330 0.90560 0.0048898 0.25501 
1262  0.084817 -1.0330 0.90560 0.0077327 0.25606 
1263  0.093019 -0.98903 0.90231 0.021923 0.25859 
1264  0.10162 -0.94648 0.89562 0.013621 0.25714 
1265  0.095219 -0.97782 0.90087 0.011341 0.25659 
1266  0.089218 -1.0090 0.90426 0.0079891 0.25590 
1267  0.10522 -0.92961 0.89263 0.026170 0.25974 
1268  0.086017 -1.0264 0.90531 0.018141 0.25736 
1269  0.089818 -1.0058 0.90399 -0.036783 0.24834 
1270  0.089218 -1.0090 0.90426 -0.040052 0.24791 
1271  0.093019 -0.98903 0.90231 -0.040824 0.24771 
1272  0.086217 -1.0252 0.90526 -0.041160 0.24740 
1273  0.093619 -0.98595 0.90194 0.021145 0.25827 
1274  0.090218 -1.0036 0.90380 -0.041561 0.24754 
1275  0.096219 -0.97280 0.90015 0.021477 0.25826 
1276  0.10082 -0.95030 0.89637 0.014797 0.25763 
1277  0.094219 -0.98289 0.90154 0.011485 0.25682 
1278  0.088018 -1.0154 0.90472 0.021167 0.25831 
1279  0.098420 -0.96192 0.89858 0.019496 0.25834 
1280  0.096219 -0.97280 0.90015 0.028317 0.25985 
1281  0.099420 -0.95705 0.89774 0.030688 0.25997 
1282  0.090418 -1.0026 0.90371 0.016502 0.25733 
1283  0.095619 -0.97581 0.90057 0.027795 0.25943 
1284  0.089818 -1.0058 0.90399 0.027085 0.25946 
1285  0.089418 -1.0079 0.90419 0.019918 0.25800 
1286  0.10182 -0.94553 0.89542 -0.044268 0.24814 
1287  0.088018 -1.0154 0.90472 0.031732 0.25995 
1288  0.10042 -0.95222 0.89675 -0.053526 0.24622 
1289  0.095419 -0.97681 0.90072 0.021896 0.25841 
1290  0.094419 -0.98187 0.90141 0.023968 0.25874 
1291  0.097019 -0.96882 0.89955 0.025018 0.25935 
1292  0.10302 -0.93986 0.89433 -0.056785 0.24569 
1293  0.090618 -1.0015 0.90364 0.022824 0.25844 
1294  0.093619 -0.98595 0.90194 0.021872 0.25843 
1295  0.10522 -0.92961 0.89263 -0.063789 0.24525 
1296  0.094619 -0.98085 0.90131 0.017847 0.25751 
1297  0.10022 -0.95318 0.89698 0.032388 0.26046 
1298  0.094019 -0.98390 0.90169 0.014849 0.25694 
1299  0.091818 -0.99524 0.90300 0.031003 0.26027 
1300  0.085217 -1.0308 0.90550 0.0062905 0.25540 
1301  0.089618 -1.0068 0.90409 -0.030143 0.24884 
1302  0.092619 -0.99109 0.90256 0.025156 0.25893 
1303  0.091218 -0.99838 0.90331 0.0038110 0.25488 
1304  0.10222 -0.94363 0.89504 -0.042620 0.24813 
1305  0.095419 -0.97681 0.90072 0.015223 0.25727 
1306  0.093819 -0.98493 0.90183 0.034032 0.26063 
1307  0.072615 -1.1062 0.90671 -0.011440 0.25122 
1308  0.093819 -0.98493 0.90183 0.014440 0.25707 
1309  0.085217 -1.0308 0.90550 0.018416 0.25762 
1310  0.090018 -1.0047 0.90390 0.014825 0.25719 
1311  0.095019 -0.97883 0.90101 -0.048504 0.24705 
1312  0.092218 -0.99316 0.90280 0.0093852 0.25605 
1313  0.087417 -1.0187 0.90490 0.0078848 0.25582 
1314  0.073815 -1.0986 0.90669 -0.016395 0.25061 
1315  0.099220 -0.95802 0.89793 -0.053358 0.24630 
1316  0.096419 -0.97180 0.90003 0.022134 0.25886 
1317  0.10142 -0.94743 0.89578 -0.056213 0.24595 
1318  0.096219 -0.97280 0.90015 -0.020962 0.25170 
1319  0.092619 -0.99109 0.90256 0.013503 0.25663 
1320  0.079816 -1.0618 0.90636 -0.023136 0.24942 
1321  0.074815 -1.0922 0.90664 -0.024127 0.24951 
1322  0.087618 -1.0176 0.90485 0.0061840 0.25549 
1323  0.091418 -0.99733 0.90321 0.0021771 0.25462 
1324  0.096019 -0.97380 0.90030 0.030817 0.26018 
1325  0.10022 -0.95318 0.89698 0.0050599 0.25546 
1326  0.098620 -0.96094 0.89843 0.029412 0.25995 
1327  0.10502 -0.93054 0.89283 -0.062653 0.24506 
1328  0.10282 -0.94080 0.89449 -0.063044 0.24503 
1329  0.10562 -0.92777 0.89231 -0.073950 0.24332 
1330  0.096019 -0.97380 0.90030 0.019395 0.25804 
1331  0.10102 -0.94934 0.89620 -0.068715 0.24410 
1332  0.10142 -0.94743 0.89578 -0.066250 0.24464 
1333  0.084417 -1.0353 0.90568 0.021209 0.25820 
1334  0.083817 -1.0387 0.90579 0.011438 0.25604 
1335  0.086817 -1.0220 0.90508 0.021900 0.25814 
1336  0.084817 -1.0330 0.90560 -0.028086 0.24977 
1337  0.097019 -0.96882 0.89955 -0.048952 0.24711 
1338  0.10102 -0.94934 0.89620 0.023991 0.25863 
1339  0.098620 -0.96094 0.89843 0.011651 0.25682 
1340  0.090018 -1.0047 0.90390 0.014589 0.25696 
1341  0.090018 -1.0047 0.90390 0.014160 0.25696 
1342  0.086817 -1.0220 0.90508 -0.027793 0.25003 
1343  0.098820 -0.95997 0.89826 -0.051308 0.24679 
1344  0.095419 -0.97681 0.90072 0.031968 0.26031 
1345  0.088618 -1.0122 0.90450 0.0059304 0.25544 
1346  0.092018 -0.99420 0.90290 -0.041173 0.24798 
1347  0.10302 -0.93986 0.89433 0.041894 0.26231 
1348  0.084217 -1.0364 0.90570 0.0058385 0.25522 
1349  0.092018 -0.99420 0.90290 0.016848 0.25747 
1350  0.096819 -0.96981 0.89969 -0.044096 0.24749 
1351  0.089618 -1.0068 0.90409 -0.031835 0.24893 
1352  0.087417 -1.0187 0.90490 -0.028369 0.24918 
1353  0.096619 -0.97081 0.89985 0.030294 0.26037 
1354  0.088018 -1.0154 0.90472 0.020970 0.25818 
1355  0.093219 -0.98800 0.90219 0.019910 0.25800 
1356  0.094819 -0.97984 0.90117 0.018229 0.25774 
1357  0.10722 -0.92046 0.89104 -0.067811 0.24422 
1358  0.092418 -0.99213 0.90272 0.016861 0.25746 
1359  0.093419 -0.98697 0.90207 0.030701 0.26014 
1360  0.090618 -1.0015 0.90364 0.0099757 0.25590 
1361  0.093619 -0.98595 0.90194 0.019124 0.25787 
1362  0.085417 -1.0297 0.90544 -0.027508 0.25003 
1363  0.097419 -0.96684 0.89929 0.021231 0.25840 
1364  0.091418 -0.99733 0.90321 0.0094400 0.25607 
1365  0.093419 -0.98697 0.90207 0.031428 0.26029 
1366  0.097419 -0.96684 0.89929 0.0059637 0.25552 
1367  0.090818 -1.0005 0.90353 0.014686 0.25701 
1368  0.092819 -0.99006 0.90244 0.017079 0.25786 
1369  0.098420 -0.96192 0.89858 0.023596 0.25861 
1370  0.093819 -0.98493 0.90183 0.021087 0.25845 
1371  0.085817 -1.0275 0.90535 0.011376 0.25578 
1372  0.10722 -0.92046 0.89104 -0.069650 0.24399 
1373  0.083017 -1.0432 0.90594 0.014023 0.25665 
1374  0.093219 -0.98800 0.90219 0.028061 0.25967 
1375  0.097820 -0.96487 0.89901 0.024121 0.25926 
1376  0.098220 -0.96290 0.89876 0.018619 0.25789 
1377  0.088618 -1.0122 0.90450 0.0092368 0.25612 
1378  0.086217 -1.0252 0.90526 -0.025454 0.25020 
1379  0.090618 -1.0015 0.90364 -0.049117 0.24659 
1380  0.095619 -0.97581 0.90057 0.015593 0.25738 
1381  0.087017 -1.0209 0.90503 0.0071275 0.25559 
1382  0.090818 -1.0005 0.90353 0.029220 0.25949 
1383  0.092619 -0.99109 0.90256 0.021409 0.25834 
1384  0.085617 -1.0286 0.90539 0.012347 0.25667 
1385  0.087618 -1.0176 0.90485 -0.012977 0.25226 
1386  0.095819 -0.97480 0.90045 0.032738 0.26043 
1387  0.084217 -1.0364 0.90570 0.0068681 0.25530 
1388  0.089018 -1.0100 0.90435 -0.031043 0.24976 
1389  0.088418 -1.0133 0.90457 0.0077540 0.25595 
1390  0.090818 -1.0005 0.90353 -0.017066 0.25218 
1391  0.084017 -1.0375 0.90574 -0.024666 0.25031 
1392  0.094219 -0.98289 0.90154 -0.053882 0.24605 
1393  0.091418 -0.99733 0.90321 0.028161 0.25944 
1394  0.093019 -0.98903 0.90231 -0.057127 0.24575 
1395  0.093419 -0.98697 0.90207 0.027020 0.25921 
1396  0.096619 -0.97081 0.89985 0.023745 0.25881 
1397  0.10562 -0.92777 0.89231 -0.063330 0.24475 
1398  0.095819 -0.97480 0.90045 0.022753 0.25876 
1399  0.088418 -1.0133 0.90457 0.00091413 0.25411 
1400  0.091818 -0.99524 0.90300 -0.051594 0.24610 
1401  0.092418 -0.99213 0.90272 0.021643 0.25835 
1402  0.089818 -1.0058 0.90399 -0.028117 0.25009 
1403  0.095219 -0.97782 0.90087 -0.056364 0.24591 
1404  0.094819 -0.97984 0.90117 0.022171 0.25880 
1405  0.096019 -0.97380 0.90030 0.020107 0.25847 
1406  0.089418 -1.0079 0.90419 -0.046826 0.24655 
1407  0.091418 -0.99733 0.90321 0.016848 0.25737 
1408  0.093819 -0.98493 0.90183 0.014799 0.25711 
1409  0.092018 -0.99420 0.90290 0.021213 0.25824 
1410  0.093819 -0.98493 0.90183 0.030430 0.26031 
1411  0.097019 -0.96882 0.89955 0.029450 0.26018 
1412  0.089418 -1.0079 0.90419 0.010153 0.25598 
1413  0.094419 -0.98187 0.90141 0.019635 0.25797 
1414  0.099420 -0.95705 0.89774 0.030962 0.26005 
1415  0.096619 -0.97081 0.89985 0.0088745 0.25626 
1416  0.090818 -1.0005 0.90353 0.010248 0.25632 
1417  0.10942 -0.91057 0.88918 -0.054172 0.24623 
1418  0.10182 -0.94553 0.89542 0.026626 0.25971 
1419  0.094619 -0.98085 0.90131 0.031836 0.26001 
1420  0.10002 -0.95415 0.89719 0.025787 0.25943 
1421  0.089818 -1.0058 0.90399 -0.0050650 0.25384 
1422  0.088418 -1.0133 0.90457 0.012446 0.25669 
1423  0.088818 -1.0111 0.90442 0.010209 0.25616 
1424  0.093219 -0.98800 0.90219 0.0068736 0.25556 
1425  0.093219 -0.98800 0.90219 -0.021488 0.25092 
1426  0.093819 -0.98493 0.90183 0.011804 0.25658 
1427  0.083017 -1.0432 0.90594 -0.022024 0.25034 
1428  0.096219 -0.97280 0.90015 0.015830 0.25783 
1429  0.10782 -0.91775 0.89055 -0.070492 0.24389 
1430  0.095419 -0.97681 0.90072 -0.027751 0.25030 
1431  0.099020 -0.95899 0.89812 0.028022 0.25970 
1432  0.10282 -0.94080 0.89449 0.030035 0.25990 
1433  0.10082 -0.95030 0.89637 -0.063263 0.24500 
1434  0.099820 -0.95511 0.89737 0.034615 0.26107 
1435  0.094219 -0.98289 0.90154 0.032275 0.26021 
1436  0.097419 -0.96684 0.89929 -0.046122 0.24728 
1437  0.097620 -0.96585 0.89917 -0.057575 0.24591 
1438  0.10002 -0.95415 0.89719 -0.071009 0.24408 
1439  0.099020 -0.95899 0.89812 0.028406 0.25983 
1440  0.098220 -0.96290 0.89876 -0.050500 0.24674 
1441  0.092619 -0.99109 0.90256 0.019000 0.25815 
1442  0.089818 -1.0058 0.90399 0.017146 0.25749 
1443  0.099420 -0.95705 0.89774 0.033936 0.26088 
1444  0.066813 -1.1451 0.90681 -0.0039968 0.25223 
1445  0.062212 -1.1782 0.90684 -0.0043264 0.25223 
1446  0.089218 -1.0090 0.90426 -0.043666 0.24726 
1447  0.092819 -0.99006 0.90244 0.022032 0.25840 
1448  0.086417 -1.0241 0.90520 -0.037911 0.24807 
1449  0.093819 -0.98493 0.90183 0.039960 0.26158 
1450  0.097019 -0.96882 0.89955 0.019896 0.25798 
1451  0.081216 -1.0536 0.90620 0.0091472 0.25545 
1452  0.096419 -0.97180 0.90003 0.017008 0.25756 
1453  0.10082 -0.95030 0.89637 0.018278 0.25806 
1454  0.087217 -1.0198 0.90495 -0.033707 0.24877 
1455  0.092819 -0.99006 0.90244 0.026752 0.25915 
1456  0.092619 -0.99109 0.90256 0.026100 0.25923 
1457  0.10022 -0.95318 0.89698 -0.047940 0.24747 
1458  0.091818 -0.99524 0.90300 0.031083 0.26010 
1459  0.092218 -0.99316 0.90280 0.025373 0.25890 
1460  0.091418 -0.99733 0.90321 0.029106 0.25942 
1461  0.10622 -0.92502 0.89191 -0.046480 0.24766 
1462  0.099220 -0.95802 0.89793 -0.061074 0.24529 
1463  0.097419 -0.96684 0.89929 0.022800 0.25906 
1464  0.10422 -0.93425 0.89344 -0.060532 0.24565 
1465  0.095419 -0.97681 0.90072 0.031805 0.26015 
1466  0.084217 -1.0364 0.90570 -0.0030262 0.25391 
1467  0.10862 -0.91415 0.88986 -0.075206 0.24315 
1468  0.092819 -0.99006 0.90244 0.014557 0.25728 
1469  0.089418 -1.0079 0.90419 0.016440 0.25749 
1470  0.097620 -0.96585 0.89917 0.013100 0.25701 
1471  0.092418 -0.99213 0.90272 0.016327 0.25772 
1472  0.090418 -1.0026 0.90371 -0.017439 0.25154 
1473  0.091218 -0.99838 0.90331 -0.040442 0.24794 
1474  0.096419 -0.97180 0.90003 -0.040149 0.24858 
1475  0.10422 -0.93425 0.89344 -0.063702 0.24489 
1476  0.089418 -1.0079 0.90419 -0.042422 0.24783 
1477  0.096419 -0.97180 0.90003 -0.034709 0.24907 
1478  0.095019 -0.97883 0.90101 0.024253 0.25888 
1479  0.10382 -0.93611 0.89370 -0.068956 0.24418 
1480  0.089618 -1.0068 0.90409 0.015946 0.25716 
1481  0.088418 -1.0133 0.90457 0.0069775 0.25562 
1482  0.091818 -0.99524 0.90300 0.014707 0.25709 
1483  0.086617 -1.0230 0.90513 -0.035272 0.24894 
1484  0.097620 -0.96585 0.89917 -0.040560 0.24860 
1485  0.10422 -0.93425 0.89344 -0.038777 0.24879 
1486  0.098820 -0.95997 0.89826 -0.035970 0.24901 
1487  0.093419 -0.98697 0.90207 -0.0063341 0.25358 
1488  0.096419 -0.97180 0.90003 0.030331 0.25996 
1489  0.10102 -0.94934 0.89620 0.033726 0.26083 
1490  0.096619 -0.97081 0.89985 0.0085617 0.25628 
1491  0.091418 -0.99733 0.90321 0.0066549 0.25554 
1492  0.088418 -1.0133 0.90457 0.0056649 0.25524 
1493  0.088618 -1.0122 0.90450 0.034220 0.26027 
1494  0.092819 -0.99006 0.90244 0.030964 0.26003 
1495  0.095619 -0.97581 0.90057 -0.030104 0.24976 
1496  0.095419 -0.97681 0.90072 -0.062761 0.24487 
1497  0.098420 -0.96192 0.89858 0.014952 0.25730 
1498  0.097019 -0.96882 0.89955 0.030022 0.26026 
1499  0.093019 -0.98903 0.90231 0.028365 0.25956 
1500  0.089618 -1.0068 0.90409 0.010739 0.25631 
1501  0.096219 -0.97280 0.90015 0.025654 0.25896 
1502  0.10262 -0.94174 0.89472 0.034255 0.26126 
1503  0.096819 -0.96981 0.89969 0.018367 0.25803 
1504  0.088018 -1.0154 0.90472 0.014380 0.25710 
1505  0.089818 -1.0058 0.90399 0.0078963 0.25558 
1506  0.094419 -0.98187 0.90141 0.019463 0.25820 
1507  0.094019 -0.98390 0.90169 -0.042671 0.24791 
1508  0.090218 -1.0036 0.90380 0.011110 0.25628 
1509  0.098020 -0.96388 0.89890 0.043794 0.26234 
1510  0.095419 -0.97681 0.90072 -0.053857 0.24591 
1511  0.10442 -0.93332 0.89331 -0.052620 0.24648 
1512  0.092418 -0.99213 0.90272 -0.046549 0.24724 
1513  0.083817 -1.0387 0.90579 -0.0033197 0.25369 
1514  0.091218 -0.99838 0.90331 0.0088094 0.25597 
1515  0.10342 -0.93798 0.89404 -0.054866 0.24628 
1516  0.083617 -1.0398 0.90584 -0.0011091 0.25409 
1517  0.084817 -1.0330 0.90560 0.010190 0.25573 
1518  0.075015 -1.0910 0.90663 -0.019114 0.25006 
1519  0.091818 -0.99524 0.90300 0.020449 0.25801 
1520  0.10022 -0.95318 0.89698 0.034265 0.26112 
1521  0.087618 -1.0176 0.90485 0.025249 0.25862 
1522  0.088818 -1.0111 0.90442 0.0048751 0.25523 
1523  0.092819 -0.99006 0.90244 0.029035 0.25991 
1524  0.093019 -0.98903 0.90231 -0.059058 0.24537 
1525  0.092018 -0.99420 0.90290 -0.054970 0.24611 
1526  0.095619 -0.97581 0.90057 -0.040356 0.24826 
1527  0.092819 -0.99006 0.90244 -0.044594 0.24731 
1528  0.088618 -1.0122 0.90450 -0.042728 0.24780 
1529  0.086817 -1.0220 0.90508 -0.034518 0.24874 
1530  0.084417 -1.0353 0.90568 0.0040039 0.25483 
1531  0.094419 -0.98187 0.90141 -0.036442 0.24899 
1532  0.096219 -0.97280 0.90015 0.032272 0.26065 
1533  0.10202 -0.94458 0.89524 -0.066044 0.24427 
1534  0.10242 -0.94269 0.89489 -0.072381 0.24384 
1535  0.10182 -0.94553 0.89542 -0.062561 0.24493 
1536  0.083817 -1.0387 0.90579 -0.020313 0.25075 
1537  0.093419 -0.98697 0.90207 0.010060 0.25640 
1538  0.10162 -0.94648 0.89562 0.026070 0.25965 
1539  0.085617 -1.0286 0.90539 -0.021061 0.25047 
1540  0.10282 -0.94080 0.89449 0.019687 0.25833 
1541  0.090418 -1.0026 0.90371 -0.046851 0.24705 
1542  0.10002 -0.95415 0.89719 0.0082899 0.25639 
1543  0.097219 -0.96783 0.89942 0.030335 0.25981 
1544  0.082617 -1.0455 0.90598 0.0073846 0.25548 
1545  0.090218 -1.0036 0.90380 0.027560 0.25941 
1546  0.098820 -0.95997 0.89826 -0.048999 0.24685 
1547  0.086617 -1.0230 0.90513 0.0020134 0.25456 
1548  0.084417 -1.0353 0.90568 -0.040778 0.24794 
1549  0.091218 -0.99838 0.90331 -0.042149 0.24770 
1550  0.099420 -0.95705 0.89774 0.026995 0.25982 
1551  0.092619 -0.99109 0.90256 0.0044985 0.25514 
1552  0.092619 -0.99109 0.90256 0.032260 0.26013 
1553  0.091818 -0.99524 0.90300 0.015629 0.25737 
1554  0.089618 -1.0068 0.90409 0.0084932 0.25603 
1555  0.095019 -0.97883 0.90101 0.014004 0.25737 
1556  0.095219 -0.97782 0.90087 -0.0033723 0.25402 
1557  0.094419 -0.98187 0.90141 0.022819 0.25877 
1558  0.083017 -1.0432 0.90594 0.0093842 0.25587 
1559  0.10362 -0.93705 0.89388 -0.055274 0.24627 
1560  0.099420 -0.95705 0.89774 -0.054151 0.24605 
1561  0.098220 -0.96290 0.89876 0.022017 0.25853 
1562  0.093019 -0.98903 0.90231 0.017215 0.25787 
1563  0.099220 -0.95802 0.89793 0.028562 0.25978 
1564  0.096019 -0.97380 0.90030 0.023409 0.25893 
1565  0.090218 -1.0036 0.90380 0.021014 0.25829 
1566  0.083617 -1.0398 0.90584 -0.0022702 0.25389 
1567  0.10122 -0.94839 0.89595 -0.039519 0.24861 
1568  0.088618 -1.0122 0.90450 0.013608 0.25664 
1569  0.092018 -0.99420 0.90290 0.010703 0.25631 
1570  0.092619 -0.99109 0.90256 -0.023104 0.25070 
1571  0.084817 -1.0330 0.90560 -0.035246 0.24786 
1572  0.098220 -0.96290 0.89876 0.033761 0.26085 
1573  0.095619 -0.97581 0.90057 -0.045382 0.24735 
1574  0.098020 -0.96388 0.89890 -0.039898 0.24846 
1575  0.090018 -1.0047 0.90390 0.028494 0.25945 
1576  0.099420 -0.95705 0.89774 0.025646 0.25915 
1577  0.096819 -0.96981 0.89969 0.017642 0.25810 
1578  0.097419 -0.96684 0.89929 0.024751 0.25939 
1579  0.10042 -0.95222 0.89675 0.033067 0.26047 
1580  0.094219 -0.98289 0.90154 0.0064810 0.25574 
1581  0.090618 -1.0015 0.90364 0.029206 0.25955 
1582  0.082617 -1.0455 0.90598 0.0087948 0.25534 
1583  0.084617 -1.0341 0.90564 0.0079991 0.25523 
1584  0.091018 -0.99943 0.90342 0.0060571 0.25512 
1585  0.080816 -1.0559 0.90624 0.0068927 0.25511 
1586  0.087017 -1.0209 0.90503 0.014112 0.25653 
1587  0.078816 -1.0677 0.90644 0.0071252 0.25515 
1588  0.10182 -0.94553 0.89542 0.029350 0.25991 
1589  0.090818 -1.0005 0.90353 0.031965 0.26006 
1590  0.090018 -1.0047 0.90390 -0.049629 0.24674 
1591  0.092418 -0.99213 0.90272 0.012621 0.25684 
1592  0.095819 -0.97480 0.90045 0.023615 0.25886 
1593  0.095219 -0.97782 0.90087 0.032148 0.26002 
1594  0.10622 -0.92502 0.89191 0.028584 0.26012 
1595  0.089018 -1.0100 0.90435 0.022307 0.25848 
1596  0.093019 -0.98903 0.90231 0.018557 0.25773 
1597  0.093219 -0.98800 0.90219 0.024083 0.25895 
1598  0.088418 -1.0133 0.90457 0.023206 0.25864 
1599  0.096819 -0.96981 0.89969 0.021796 0.25840 
1600  0.10362 -0.93705 0.89388 0.029285 0.25980 
1601  0.093819 -0.98493 0.90183 -0.040217 0.24834 
1602  0.10082 -0.95030 0.89637 0.028363 0.25986 
1603  0.098220 -0.96290 0.89876 -0.042748 0.24792 
1604  0.095819 -0.97480 0.90045 0.040673 0.26181 
1605  0.097219 -0.96783 0.89942 -0.058388 0.24538 
1606  0.098220 -0.96290 0.89876 0.027594 0.25997 
1607  0.096019 -0.97380 0.90030 0.012528 0.25682 
1608  0.091418 -0.99733 0.90321 0.023555 0.25878 
1609  0.094819 -0.97984 0.90117 0.014878 0.25731 
1610  0.093819 -0.98493 0.90183 0.019315 0.25786 
1611  0.093819 -0.98493 0.90183 0.046101 0.26238 
1612  0.090818 -1.0005 0.90353 0.014693 0.25695 
1613  0.092218 -0.99316 0.90280 -0.0085671 0.25324 
1614  0.094419 -0.98187 0.90141 0.039865 0.26138 
1615  0.096019 -0.97380 0.90030 0.013695 0.25706 
1616  0.098020 -0.96388 0.89890 -0.053490 0.24610 
1617  0.091018 -0.99943 0.90342 0.013131 0.25691 
1618  0.090618 -1.0015 0.90364 0.013894 0.25685 
1619  0.10782 -0.91775 0.89055 -0.064949 0.24470 
1620  0.094219 -0.98289 0.90154 0.012287 0.25675 
1621  0.11062 -0.90524 0.88780 -0.057257 0.24579 
1622  0.10322 -0.93892 0.89419 -0.064821 0.24464 
1623  0.080216 -1.0594 0.90631 0.0083494 0.25554 
1624  0.10122 -0.94839 0.89595 -0.069308 0.24408 
1625  0.084617 -1.0341 0.90564 0.0049857 0.25513 
1626  0.083217 -1.0421 0.90591 0.010170 0.25596 
1627  0.085017 -1.0319 0.90555 -0.022390 0.25047 
1628  0.10342 -0.93798 0.89404 0.029961 0.26042 
1629  0.067413 -1.1409 0.90678 -0.0044128 0.25209 
1630  0.083217 -1.0421 0.90591 -0.0067822 0.25258 
1631  0.089618 -1.0068 0.90409 0.014737 0.25716 
1632  0.085417 -1.0297 0.90544 0.0096395 0.25591 
1633  0.085817 -1.0275 0.90535 -0.030542 0.24898 
1634  0.098020 -0.96388 0.89890 -0.057350 0.24570 
1635  0.093819 -0.98493 0.90183 -0.059160 0.24526 
1636  0.10182 -0.94553 0.89542 0.024586 0.25909 
1637  0.097820 -0.96487 0.89901 0.016873 0.25778 
1638  0.089418 -1.0079 0.90419 -0.0037124 0.25376 
1639  0.083617 -1.0398 0.90584 0.0053411 0.25527 
1640  0.092418 -0.99213 0.90272 -0.037150 0.24880 
1641  0.092819 -0.99006 0.90244 0.016517 0.25734 
1642  0.092819 -0.99006 0.90244 0.027208 0.25949 
1643  0.093419 -0.98697 0.90207 0.017179 0.25774 
1644  0.097019 -0.96882 0.89955 0.024416 0.25914 
1645  0.088018 -1.0154 0.90472 0.0075352 0.25571 
1646  0.085017 -1.0319 0.90555 -0.039832 0.24771 
1647  0.099220 -0.95802 0.89793 0.018744 0.25811 
1648  0.096419 -0.97180 0.90003 -0.058531 0.24539 
1649  0.094219 -0.98289 0.90154 0.012797 0.25701 
1650  0.088218 -1.0143 0.90464 -0.052739 0.24622 
1651  0.093819 -0.98493 0.90183 0.032525 0.26018 
1652  0.090818 -1.0005 0.90353 -0.024034 0.25052 
1653  0.080416 -1.0582 0.90630 0.014636 0.25641 
1654  0.094819 -0.97984 0.90117 -0.024824 0.25049 
1655  0.10042 -0.95222 0.89675 -0.066421 0.24452 
1656  0.099020 -0.95899 0.89812 0.0057616 0.25585 
1657  0.092418 -0.99213 0.90272 0.015735 0.25735 
1658  0.086017 -1.0264 0.90531 0.013942 0.25687 
1659  0.093019 -0.98903 0.90231 -0.050208 0.24643 
1660  0.086217 -1.0252 0.90526 -0.037246 0.24847 
1661  0.098220 -0.96290 0.89876 0.019768 0.25830 
1662  0.10162 -0.94648 0.89562 0.028823 0.26002 
1663  0.088818 -1.0111 0.90442 -0.034554 0.24839 
1664  0.089618 -1.0068 0.90409 0.0077105 0.25580 
1665  0.098220 -0.96290 0.89876 0.023343 0.25887 
1666  0.088018 -1.0154 0.90472 0.012863 0.25675 
1667  0.087017 -1.0209 0.90503 0.011364 0.25650 
1668  0.10162 -0.94648 0.89562 0.028036 0.25959 
1669  0.090818 -1.0005 0.90353 0.013697 0.25683 
1670  0.092418 -0.99213 0.90272 0.027822 0.25923 
1671  0.091618 -0.99629 0.90311 0.0082730 0.25593 
1672  0.10062 -0.95126 0.89653 0.012887 0.25703 
1673  0.089818 -1.0058 0.90399 0.0088806 0.25626 
1674  0.087818 -1.0165 0.90479 0.0026469 0.25489 
1675  0.092619 -0.99109 0.90256 0.030147 0.25982 
1676  0.087017 -1.0209 0.90503 -0.028257 0.24950 
1677  0.097419 -0.96684 0.89929 0.032717 0.26069 
1678  0.089818 -1.0058 0.90399 -0.039359 0.24839 
1679  0.10182 -0.94553 0.89542 0.029477 0.25994 
1680  0.098820 -0.95997 0.89826 -0.062292 0.24524 
1681  0.10842 -0.91504 0.89007 -0.073026 0.24366 
1682  0.083017 -1.0432 0.90594 0.014117 0.25643 
1683  0.10162 -0.94648 0.89562 -0.059743 0.24532 
1684  0.090218 -1.0036 0.90380 0.0065286 0.25535 
1685  0.089618 -1.0068 0.90409 -0.020330 0.25104 
1686  0.090418 -1.0026 0.90371 -0.030839 0.24916 
1687  0.091218 -0.99838 0.90331 0.010786 0.25632 
1688  0.099620 -0.95608 0.89753 0.031467 0.26021 
1689  0.098220 -0.96290 0.89876 -0.032823 0.24964 
1690  0.089818 -1.0058 0.90399 0.0090205 0.25608 
1691  0.084617 -1.0341 0.90564 0.011592 0.25680 
1692  0.090818 -1.0005 0.90353 -0.052910 0.24607 
1693  0.093419 -0.98697 0.90207 0.026740 0.25938 
1694  0.087818 -1.0165 0.90479 0.023396 0.25861 
1695  0.10102 -0.94934 0.89620 0.030549 0.26001 
1696  0.10082 -0.95030 0.89637 0.010143 0.25644 
1697  0.092018 -0.99420 0.90290 0.022060 0.25814 
1698  0.11082 -0.90436 0.88758 -0.073098 0.24421 
1699  0.099820 -0.95511 0.89737 -0.065944 0.24460 
1700  0.097019 -0.96882 0.89955 -0.054246 0.24604 
1701  0.098020 -0.96388 0.89890 0.024697 0.25876 
1702  0.10322 -0.93892 0.89419 -0.044273 0.24781 
1703  0.093219 -0.98800 0.90219 0.016064 0.25748 
1704  0.097019 -0.96882 0.89955 0.030496 0.26010 
1705  0.091418 -0.99733 0.90321 -0.050252 0.24629 
1706  0.093419 -0.98697 0.90207 0.024336 0.25867 
1707  0.095819 -0.97480 0.90045 0.027748 0.25954 
1708  0.090818 -1.0005 0.90353 0.010822 0.25672 
1709  0.089818 -1.0058 0.90399 -0.013209 0.25230 
1710  0.099420 -0.95705 0.89774 -0.060080 0.24482 
1711  0.10362 -0.93705 0.89388 -0.055937 0.24613 
1712  0.089618 -1.0068 0.90409 -0.033493 0.24873 
1713  0.083417 -1.0409 0.90586 0.0044637 0.25496 
1714  0.090618 -1.0015 0.90364 0.0066372 0.25591 
1715  0.092819 -0.99006 0.90244 -0.036930 0.24873 
1716  0.087818 -1.0165 0.90479 0.015030 0.25678 
1717  0.094619 -0.98085 0.90131 0.025713 0.25927 
1718  0.093619 -0.98595 0.90194 0.0062339 0.25550 
1719  0.094219 -0.98289 0.90154 0.017662 0.25766 
1720  0.088018 -1.0154 0.90472 0.0032326 0.25494 
1721  0.096819 -0.96981 0.89969 0.0094035 0.25618 
1722  0.087417 -1.0187 0.90490 -0.017498 0.25157 
1723  0.091418 -0.99733 0.90321 -0.0020362 0.25395 
1724  0.087017 -1.0209 0.90503 -0.0026465 0.25367 
1725  0.080016 -1.0606 0.90632 -0.024588 0.24968 
1726  0.094619 -0.98085 0.90131 0.025409 0.25897 
1727  0.10602 -0.92593 0.89204 -0.062951 0.24507 
1728  0.089818 -1.0058 0.90399 -0.030829 0.24942 
1729  0.097419 -0.96684 0.89929 0.027893 0.25978 
1730  0.098220 -0.96290 0.89876 -0.051109 0.24667 
1731  0.091818 -0.99524 0.90300 0.030834 0.26009 
1732  0.10582 -0.92685 0.89212 -0.068508 0.24434 
1733  0.086417 -1.0241 0.90520 -0.036441 0.24800 
1734  0.10002 -0.95415 0.89719 -0.056380 0.24600 
1735  0.097419 -0.96684 0.89929 -0.055387 0.24601 
1736  0.092018 -0.99420 0.90290 -0.035628 0.24870 
1737  0.10162 -0.94648 0.89562 -0.061939 0.24507 
1738  0.10302 -0.93986 0.89433 -0.053322 0.24609 
1739  0.085417 -1.0297 0.90544 -0.031799 0.24906 
1740  0.096419 -0.97180 0.90003 -0.039872 0.24814 
1741  0.10562 -0.92777 0.89231 -0.068175 0.24436 
1742  0.088218 -1.0143 0.90464 -0.040631 0.24764 
1743  0.093419 -0.98697 0.90207 -0.051342 0.24664 
1744  0.10242 -0.94269 0.89489 -0.060929 0.24522 
1745  0.090618 -1.0015 0.90364 -0.045845 0.24730 
1746  0.099220 -0.95802 0.89793 -0.053981 0.24617 
1747  0.098620 -0.96094 0.89843 0.022255 0.25861 
1748  0.097419 -0.96684 0.89929 -0.035811 0.24874 
1749  0.094619 -0.98085 0.90131 0.025742 0.25949 
1750  0.091418 -0.99733 0.90321 0.0088913 0.25628 
1751  0.088018 -1.0154 0.90472 -0.0030158 0.25343 
1752  0.094819 -0.97984 0.90117 0.014600 0.25721 
1753  0.10142 -0.94743 0.89578 0.021657 0.25872 
1754  0.094019 -0.98390 0.90169 0.020157 0.25821 
1755  0.089818 -1.0058 0.90399 -0.020918 0.25126 
1756  0.091218 -0.99838 0.90331 0.017904 0.25752 
1757  0.089818 -1.0058 0.90399 -0.044189 0.24739 
1758  0.094419 -0.98187 0.90141 0.023931 0.25873 
1759  0.085017 -1.0319 0.90555 0.013555 0.25671 
1760  0.092819 -0.99006 0.90244 0.032731 0.26033 
1761  0.10842 -0.91504 0.89007 -0.068656 0.24438 
1762  0.095619 -0.97581 0.90057 0.024938 0.25927 
1763  0.097219 -0.96783 0.89942 -0.066723 0.24409 
1764  0.089018 -1.0100 0.90435 0.021416 0.25834 
1765  0.081416 -1.0524 0.90617 0.015022 0.25719 
1766  0.10162 -0.94648 0.89562 0.029491 0.25994 
1767  0.090618 -1.0015 0.90364 0.013296 0.25665 
1768  0.095019 -0.97883 0.90101 0.031032 0.25987 
1769  0.096219 -0.97280 0.90015 -0.055950 0.24609 
1770  0.086817 -1.0220 0.90508 -0.045811 0.24726 
1771  0.091818 -0.99524 0.90300 0.034440 0.26047 
1772  0.084617 -1.0341 0.90564 -0.020785 0.25099 
1773  0.094419 -0.98187 0.90141 0.027319 0.25945 
1774  0.095219 -0.97782 0.90087 0.030979 0.26038 
1775  0.10542 -0.92869 0.89244 0.029095 0.26013 
1776  0.10222 -0.94363 0.89504 0.036618 0.26145 
1777  0.092018 -0.99420 0.90290 0.028756 0.25966 
1778  0.078216 -1.0713 0.90647 -0.0078873 0.25208 
1779  0.092619 -0.99109 0.90256 -0.031558 0.24963 
1780  0.091418 -0.99733 0.90321 0.018102 0.25786 
1781  0.088018 -1.0154 0.90472 0.020305 0.25833 
1782  0.087217 -1.0198 0.90495 -0.051183 0.24602 
1783  0.098820 -0.95997 0.89826 0.029293 0.26003 
1784  0.096019 -0.97380 0.90030 0.016691 0.25744 
1785  0.091218 -0.99838 0.90331 0.023267 0.25846 
1786  0.099620 -0.95608 0.89753 0.026507 0.25922 
1787  0.10162 -0.94648 0.89562 0.034018 0.26097 
1788  0.094419 -0.98187 0.90141 0.023709 0.25913 
1789  0.089418 -1.0079 0.90419 0.012472 0.25656 
1790  0.092619 -0.99109 0.90256 -0.015263 0.25228 
1791  0.089418 -1.0079 0.90419 0.0040500 0.25541 
1792  0.099020 -0.95899 0.89812 0.026888 0.25918 
1793  0.089818 -1.0058 0.90399 -0.042696 0.24728 
1794  0.10662 -0.92319 0.89158 -0.075825 0.24338 
1795  0.090618 -1.0015 0.90364 0.0055608 0.25508 
1796  0.089418 -1.0079 0.90419 0.013780 0.25695 
1797  0.086817 -1.0220 0.90508 0.0078223 0.25582 
1798  0.084017 -1.0375 0.90574 0.011683 0.25618 
1799  0.088418 -1.0133 0.90457 0.012067 0.25626 
1800  0.099220 -0.95802 0.89793 0.028066 0.25976 
1801  0.087017 -1.0209 0.90503 0.0061063 0.25554 
1802  0.096819 -0.96981 0.89969 -0.033217 0.24978 
1803  0.089018 -1.0100 0.90435 -0.029054 0.24972 
1804  0.079416 -1.0642 0.90640 -0.014036 0.25127 
1805  0.095219 -0.97782 0.90087 0.014761 0.25704 
1806  0.089418 -1.0079 0.90419 -0.016271 0.25195 
1807  0.091818 -0.99524 0.90300 -0.039977 0.24796 
1808  0.096219 -0.97280 0.90015 -0.027254 0.25029 
1809  0.093819 -0.98493 0.90183 0.024609 0.25884 
1810  0.092418 -0.99213 0.90272 0.026830 0.25938 
1811  0.097620 -0.96585 0.89917 0.025289 0.25928 
1812  0.10522 -0.92961 0.89263 0.036088 0.26152 
1813  0.098220 -0.96290 0.89876 -0.014453 0.25231 
1814  0.090618 -1.0015 0.90364 0.0093522 0.25613 
1815  0.093219 -0.98800 0.90219 0.013655 0.25714 
1816  0.082016 -1.0489 0.90606 0.0084702 0.25536 
1817  0.099420 -0.95705 0.89774 0.022875 0.25877 
1818  0.091018 -0.99943 0.90342 0.017798 0.25767 
1819  0.088618 -1.0122 0.90450 0.024975 0.25884 
1820  0.085217 -1.0308 0.90550 -0.034078 0.24893 
1821  0.090818 -1.0005 0.90353 0.021173 0.25819 
1822  0.093019 -0.98903 0.90231 0.029329 0.25963 
1823  0.090618 -1.0015 0.90364 0.025166 0.25914 
1824  0.098820 -0.95997 0.89826 0.028029 0.25994 
1825  0.10322 -0.93892 0.89419 0.029533 0.26015 
1826  0.083217 -1.0421 0.90591 0.0054598 0.25532 
1827  0.093019 -0.98903 0.90231 0.025369 0.25887 
1828  0.086817 -1.0220 0.90508 -0.036647 0.24833 
1829  0.090618 -1.0015 0.90364 0.0071039 0.25608 
1830  0.094819 -0.97984 0.90117 -0.058553 0.24558 
1831  0.097820 -0.96487 0.89901 0.027320 0.25946 
1832  0.085617 -1.0286 0.90539 -0.017177 0.25148 
1833  0.095419 -0.97681 0.90072 -0.019042 0.25160 
1834  0.088218 -1.0143 0.90464 -0.046312 0.24656 
1835  0.078816 -1.0677 0.90644 -0.022388 0.24974 
1836  0.094019 -0.98390 0.90169 -0.014187 0.25226 
1837  0.087017 -1.0209 0.90503 0.0024922 0.25453 
1838  0.097019 -0.96882 0.89955 0.0093274 0.25613 
1839  0.080816 -1.0559 0.90624 -0.023593 0.24999 
1840  0.10182 -0.94553 0.89542 0.033236 0.26049 
1841  0.090818 -1.0005 0.90353 0.0025222 0.25468 
1842  0.085617 -1.0286 0.90539 -0.0046310 0.25362 
1843  0.10042 -0.95222 0.89675 0.035669 0.26090 
1844  0.085417 -1.0297 0.90544 -0.028789 0.24949 
1845  0.091818 -0.99524 0.90300 -0.036153 0.24845 
1846  0.088618 -1.0122 0.90450 -0.039756 0.24813 
1847  0.10482 -0.93146 0.89296 0.032686 0.26084 
1848  0.092018 -0.99420 0.90290 -0.0021822 0.25389 
1849  0.087417 -1.0187 0.90490 0.017537 0.25749 
1850  0.091618 -0.99629 0.90311 -0.0050227 0.25395 
1851  0.081216 -1.0536 0.90620 -0.0072040 0.25295 
1852  0.089418 -1.0079 0.90419 0.030763 0.25986 
1853  0.087618 -1.0176 0.90485 0.012850 0.25678 
1854  0.098820 -0.95997 0.89826 0.028155 0.25978 
1855  0.10922 -0.91146 0.88933 -0.079343 0.24290 
1856  0.093419 -0.98697 0.90207 0.015774 0.25719 
1857  0.065413 -1.1550 0.90682 -0.0044115 0.25211 
1858  0.081816 -1.0501 0.90609 0.0092689 0.25597 
1859  0.088018 -1.0154 0.90472 0.0067580 0.25585 
1860  0.091618 -0.99629 0.90311 0.020999 0.25788 
1861  0.097019 -0.96882 0.89955 0.020483 0.25827 
1862  0.095419 -0.97681 0.90072 0.022224 0.25871 
1863  0.10602 -0.92593 0.89204 0.028326 0.26026 
1864  0.089618 -1.0068 0.90409 0.013382 0.25654 
1865  0.092619 -0.99109 0.90256 0.019832 0.25812 
1866  0.093219 -0.98800 0.90219 0.0078875 0.25591 
1867  0.092218 -0.99316 0.90280 -0.015295 0.25197 
1868  0.096819 -0.96981 0.89969 0.015117 0.25719 
1869  0.10622 -0.92502 0.89191 -0.070782 0.24380 
1870  0.093219 -0.98800 0.90219 0.015788 0.25687 
1871  0.094019 -0.98390 0.90169 -0.054583 0.24553 
1872  0.098220 -0.96290 0.89876 -0.064535 0.24487 
1873  0.087017 -1.0209 0.90503 -0.020178 0.25072 
1874  0.095219 -0.97782 0.90087 0.027610 0.25952 
1875  0.094819 -0.97984 0.90117 0.016021 0.25715 
1876  0.099620 -0.95608 0.89753 -0.067902 0.24416 
1877  0.093019 -0.98903 0.90231 -0.028240 0.25000 
1878  0.091618 -0.99629 0.90311 0.017843 0.25791 
1879  0.097820 -0.96487 0.89901 -0.056512 0.24569 
1880  0.10142 -0.94743 0.89578 0.031492 0.26065 
1881  0.088618 -1.0122 0.90450 0.020104 0.25770 
1882  0.084017 -1.0375 0.90574 -0.034070 0.24827 
1883  0.095019 -0.97883 0.90101 0.017475 0.25764 
1884  0.090018 -1.0047 0.90390 0.014831 0.25726 
1885  0.10022 -0.95318 0.89698 0.031231 0.26050 
1886  0.090818 -1.0005 0.90353 0.012467 0.25667 
1887  0.087017 -1.0209 0.90503 0.029911 0.25964 
1888  0.090218 -1.0036 0.90380 0.016415 0.25736 
1889  0.090018 -1.0047 0.90390 -0.035342 0.24921 
1890  0.086617 -1.0230 0.90513 0.0079232 0.25581 
1891  0.088218 -1.0143 0.90464 -0.032802 0.24960 
1892  0.097219 -0.96783 0.89942 0.025396 0.25923 
1893  0.078016 -1.0725 0.90648 -0.010910 0.25161 
1894  0.096019 -0.97380 0.90030 0.029682 0.25976 
1895  0.091218 -0.99838 0.90331 -0.054157 0.24582 
1896  0.089618 -1.0068 0.90409 0.017249 0.25760 
1897  0.099620 -0.95608 0.89753 0.019534 0.25837 
1898  0.089218 -1.0090 0.90426 0.025602 0.25903 
1899  0.092418 -0.99213 0.90272 0.017316 0.25748 
1900  0.096419 -0.97180 0.90003 -0.025166 0.25092 
1901  0.094019 -0.98390 0.90169 0.014626 0.25733 
1902  0.090818 -1.0005 0.90353 -0.036470 0.24901 
1903  0.094619 -0.98085 0.90131 -0.040575 0.24815 
1904  0.091618 -0.99629 0.90311 0.0082100 0.25585 
1905  0.099020 -0.95899 0.89812 0.034148 0.26082 
1906  0.095019 -0.97883 0.90101 0.030649 0.26020 
1907  0.088818 -1.0111 0.90442 0.027283 0.25914 
1908  0.098420 -0.96192 0.89858 -0.059783 0.24530 
1909  0.081816 -1.0501 0.90609 0.023556 0.25833 
1910  0.10322 -0.93892 0.89419 -0.067077 0.24454 
1911  0.091818 -0.99524 0.90300 0.028966 0.25951 
1912  0.095819 -0.97480 0.90045 -0.024687 0.25112 
1913  0.068814 -1.1314 0.90677 -0.011005 0.25145 
1914  0.099420 -0.95705 0.89774 0.028959 0.25968 
1915  0.085617 -1.0286 0.90539 -0.018450 0.25081 
1916  0.083617 -1.0398 0.90584 0.017525 0.25748 
1917  0.10082 -0.95030 0.89637 0.024714 0.25911 
1918  0.088618 -1.0122 0.90450 0.016841 0.25756 
1919  0.10602 -0.92593 0.89204 -0.062161 0.24502 
1920  0.080816 -1.0559 0.90624 -0.013168 0.25119 
1921  0.098820 -0.95997 0.89826 -0.054644 0.24596 
1922  0.095019 -0.97883 0.90101 0.025804 0.25933 
1923  0.095219 -0.97782 0.90087 0.018442 0.25781 
1924  0.095819 -0.97480 0.90045 0.0072277 0.25619 
1925  0.076415 -1.0823 0.90658 -0.020314 0.25016 
1926  0.083617 -1.0398 0.90584 -0.023385 0.25070 
1927  0.099820 -0.95511 0.89737 0.034826 0.26068 
1928  0.10042 -0.95222 0.89675 -0.056462 0.24562 
1929  0.10662 -0.92319 0.89158 -0.065838 0.24456 
1930  0.078016 -1.0725 0.90648 -0.015507 0.25090 
1931  0.099220 -0.95802 0.89793 0.025749 0.25917 
1932  0.090818 -1.0005 0.90353 0.029199 0.25962 
1933  0.091218 -0.99838 0.90331 -0.012177 0.25247 
1934  0.090218 -1.0036 0.90380 0.010885 0.25667 
1935  0.10382 -0.93611 0.89370 0.030346 0.26012 
1936  0.10042 -0.95222 0.89675 0.031528 0.26039 
1937  0.10222 -0.94363 0.89504 0.037662 0.26124 
1938  0.096419 -0.97180 0.90003 0.020107 0.25812 
1939  0.081216 -1.0536 0.90620 -0.0029067 0.25373 
1940  0.095819 -0.97480 0.90045 0.027584 0.25934 
1941  0.087017 -1.0209 0.90503 -0.039629 0.24787 
1942  0.093019 -0.98903 0.90231 -0.053982 0.24621 
1943  0.091418 -0.99733 0.90321 -0.051787 0.24627 
1944  0.087017 -1.0209 0.90503 0.024305 0.25897 
1945  0.093419 -0.98697 0.90207 -0.043167 0.24706 
1946  0.090818 -1.0005 0.90353 -0.043916 0.24711 
1947  0.095419 -0.97681 0.90072 0.027268 0.25979 
1948  0.10182 -0.94553 0.89542 -0.065528 0.24480 
1949  0.092619 -0.99109 0.90256 0.020804 0.25810 
1950  0.092418 -0.99213 0.90272 0.0037758 0.25505 
1951  0.083817 -1.0387 0.90579 -0.012432 0.25175 
1952  0.086217 -1.0252 0.90526 -0.055242 0.24559 
1953  0.091418 -0.99733 0.90321 0.0092978 0.25597 
1954  0.083617 -1.0398 0.90584 0.011643 0.25644 
1955  0.093819 -0.98493 0.90183 0.0067672 0.25565 
1956  0.088618 -1.0122 0.90450 0.028282 0.25945 
1957  0.090618 -1.0015 0.90364 -0.031415 0.24979 
1958  0.088618 -1.0122 0.90450 0.013375 0.25647 
1959  0.095219 -0.97782 0.90087 0.026841 0.25922 
1960  0.096619 -0.97081 0.89985 0.0088505 0.25609 
1961  0.091418 -0.99733 0.90321 0.0028487 0.25504 
1962  0.092619 -0.99109 0.90256 0.028291 0.25962 
1963  0.095219 -0.97782 0.90087 0.024424 0.25893 
1964  0.086417 -1.0241 0.90520 -0.018123 0.25121 
1965  0.095419 -0.97681 0.90072 0.027546 0.25960 
1966  0.098420 -0.96192 0.89858 -0.051277 0.24678 
1967  0.096619 -0.97081 0.89985 -0.047905 0.24691 
1968  0.096219 -0.97280 0.90015 -0.047664 0.24707 
1969  0.097219 -0.96783 0.89942 -0.046689 0.24691 
1970  0.086617 -1.0230 0.90513 -0.0024803 0.25372 
1971  0.098820 -0.95997 0.89826 0.0058851 0.25581 
1972  0.099820 -0.95511 0.89737 -0.053685 0.24634 
1973  0.10102 -0.94934 0.89620 0.033767 0.26089 
1974  0.095219 -0.97782 0.90087 0.014855 0.25715 
1975  0.089218 -1.0090 0.90426 -0.035125 0.24881 
1976  0.091018 -0.99943 0.90342 0.021326 0.25831 
1977  0.081616 -1.0512 0.90613 -0.014249 0.25139 
1978  0.095419 -0.97681 0.90072 -0.043527 0.24792 
1979  0.096019 -0.97380 0.90030 0.020162 0.25820 
1980  0.089818 -1.0058 0.90399 0.022720 0.25851 
1981  0.092418 -0.99213 0.90272 0.023521 0.25881 
1982  0.086417 -1.0241 0.90520 0.018999 0.25768 
1983  0.087017 -1.0209 0.90503 0.033972 0.26065 
1984  0.095819 -0.97480 0.90045 0.020980 0.25822 
1985  0.098420 -0.96192 0.89858 0.022368 0.25861 
1986  0.099420 -0.95705 0.89774 0.026657 0.25955 
1987  0.096219 -0.97280 0.90015 0.024638 0.25913 
1988  0.096019 -0.97380 0.90030 0.022336 0.25850 
1989  0.088618 -1.0122 0.90450 0.024364 0.25848 
1990  0.10002 -0.95415 0.89719 0.035785 0.26125 
1991  0.092619 -0.99109 0.90256 0.016071 0.25769 
1992  0.094019 -0.98390 0.90169 0.033955 0.26066 
1993  0.088418 -1.0133 0.90457 0.0077938 0.25568 
1994  0.088218 -1.0143 0.90464 0.0033457 0.25432 
1995  0.083417 -1.0409 0.90586 0.010177 0.25603 
1996  0.093219 -0.98800 0.90219 0.0096691 0.25627 
1997  0.091018 -0.99943 0.90342 0.029360 0.25988 
1998  0.091418 -0.99733 0.90321 -0.041105 0.24778 
1999  0.097419 -0.96684 0.89929 0.034776 0.26075 
2000  0.086817 -1.0220 0.90508 0.010270 0.25608 
2001  0.090218 -1.0036 0.90380 0.013263 0.25660 
2002  0.097419 -0.96684 0.89929 0.013607 0.25735 
2003  0.095819 -0.97480 0.90045 0.0013678 0.25500 
2004  0.086617 -1.0230 0.90513 0.0059437 0.25519 
2005  0.095019 -0.97883 0.90101 -0.015576 0.25194 
2006  0.094219 -0.98289 0.90154 0.0093046 0.25599 
2007  0.091218 -0.99838 0.90331 0.029896 0.26003 
2008  0.081816 -1.0501 0.90609 -0.0037883 0.25361 
2009  0.090018 -1.0047 0.90390 -0.0080687 0.25304 
2010  0.096219 -0.97280 0.90015 0.023287 0.25883 
2011  0.091418 -0.99733 0.90321 -0.040658 0.24720 
2012  0.096819 -0.96981 0.89969 0.019901 0.25821 
2013  0.090418 -1.0026 0.90371 -0.045172 0.24692 
2014  0.093419 -0.98697 0.90207 -0.047973 0.24667 
2015  0.10542 -0.92869 0.89244 0.028693 0.25987 
2016  0.10462 -0.93239 0.89313 -0.058373 0.24524 
2017  0.092018 -0.99420 0.90290 -0.044235 0.24695 
2018  0.095219 -0.97782 0.90087 -0.033086 0.24924 
2019  0.090618 -1.0015 0.90364 0.021617 0.25847 
2020  0.098020 -0.96388 0.89890 0.024943 0.25913 
2021  0.098020 -0.96388 0.89890 -0.053227 0.24658 
2022  0.092819 -0.99006 0.90244 -0.025503 0.25074 
2023  0.082817 -1.0443 0.90596 0.011060 0.25591 
2024  0.088818 -1.0111 0.90442 -0.030030 0.24898 
2025  0.084617 -1.0341 0.90564 -0.031570 0.24874 
2026  0.099420 -0.95705 0.89774 0.021948 0.25851 
2027  0.095619 -0.97581 0.90057 -0.041855 0.24768 
2028  0.10102 -0.94934 0.89620 -0.046453 0.24705 
2029  0.092418 -0.99213 0.90272 -0.036774 0.24869 
2030  0.079816 -1.0618 0.90636 -0.034891 0.24810 
2031  0.10122 -0.94839 0.89595 -0.056856 0.24575 
2032  0.10182 -0.94553 0.89542 0.031968 0.26046 
2033  0.089418 -1.0079 0.90419 0.014240 0.25666 
2034  0.099420 -0.95705 0.89774 0.029452 0.26010 
2035  0.088018 -1.0154 0.90472 0.013939 0.25683 
2036  0.090818 -1.0005 0.90353 0.0056635 0.25569 
2037  0.10042 -0.95222 0.89675 -0.065478 0.24479 
2038  0.099020 -0.95899 0.89812 0.016904 0.25769 
2039  0.093019 -0.98903 0.90231 -0.030748 0.24927 
2040  0.094219 -0.98289 0.90154 0.013954 0.25685 
2041  0.090618 -1.0015 0.90364 -0.020921 0.25099 
2042  0.089218 -1.0090 0.90426 -0.041286 0.24706 
2043  0.083217 -1.0421 0.90591 -0.029595 0.24918 
2044  0.095619 -0.97581 0.90057 -0.041178 0.24813 
2045  0.092218 -0.99316 0.90280 0.027385 0.25954 
2046  0.090618 -1.0015 0.90364 0.010636 0.25652 
2047  0.090618 -1.0015 0.90364 0.019404 0.25813 
2048  0.093419 -0.98697 0.90207 -0.053778 0.24603 
2049  0.091618 -0.99629 0.90311 0.022578 0.25855 
2050  0.090818 -1.0005 0.90353 0.020733 0.25839 
2051  0.094019 -0.98390 0.90169 0.014292 0.25727 
2052  0.089618 -1.0068 0.90409 -0.030619 0.24880 
2053  0.095419 -0.97681 0.90072 0.025143 0.25914 
2054  0.096419 -0.97180 0.90003 0.024505 0.25879 
2055  0.093819 -0.98493 0.90183 0.029497 0.25996 
2056  0.085217 -1.0308 0.90550 0.0064655 0.25507 
2057  0.092619 -0.99109 0.90256 0.011718 0.25648 
2058  0.093219 -0.98800 0.90219 -0.034236 0.24929 
2059  0.095819 -0.97480 0.90045 0.029516 0.26000 
2060  0.087618 -1.0176 0.90485 0.0078786 0.25585 
2061  0.098620 -0.96094 0.89843 0.034459 0.26101 
2062  0.094219 -0.98289 0.90154 -0.043917 0.24794 
2063  0.089618 -1.0068 0.90409 -0.035133 0.24924 
2064  0.090618 -1.0015 0.90364 -0.030101 0.24925 
2065  0.081016 -1.0547 0.90621 -0.030029 0.24918 
2066  0.080016 -1.0606 0.90632 -0.022966 0.24984 
2067  0.094619 -0.98085 0.90131 0.024125 0.25879 
2068  0.086417 -1.0241 0.90520 0.012497 0.25666 
2069  0.094619 -0.98085 0.90131 0.017564 0.25788 
2070  0.099220 -0.95802 0.89793 0.031352 0.26027 
2071  0.091618 -0.99629 0.90311 0.027542 0.25960 
2072  0.090818 -1.0005 0.90353 0.0076368 0.25561 
2073  0.098420 -0.96192 0.89858 -0.020801 0.25098 
2074  0.092418 -0.99213 0.90272 0.014476 0.25696 
2075  0.088018 -1.0154 0.90472 0.015961 0.25723 
2076  0.094819 -0.97984 0.90117 0.013705 0.25694 
2077  0.092819 -0.99006 0.90244 -0.0025520 0.25379 
2078  0.087217 -1.0198 0.90495 -0.0073255 0.25318 
2079  0.10882 -0.91325 0.88962 -0.074741 0.24368 
2080  0.096619 -0.97081 0.89985 0.022333 0.25841 
2081  0.097219 -0.96783 0.89942 0.029403 0.26015 
2082  0.092619 -0.99109 0.90256 0.021396 0.25848 
2083  0.090018 -1.0047 0.90390 0.0086306 0.25585 
2084  0.098620 -0.96094 0.89843 0.014656 0.25738 
2085  0.092819 -0.99006 0.90244 0.0037535 0.25502 
2086  0.081416 -1.0524 0.90617 0.022743 0.25799 
2087  0.10242 -0.94269 0.89489 0.033080 0.26098 
2088  0.089818 -1.0058 0.90399 0.0061410 0.25567 
2089  0.089218 -1.0090 0.90426 -6.4419e-05 0.25438 
2090  0.091818 -0.99524 0.90300 0.019139 0.25775 
2091  0.092018 -0.99420 0.90290 0.037327 0.26139 
2092  0.091018 -0.99943 0.90342 0.0028665 0.25495 
2093  0.096819 -0.96981 0.89969 -0.053416 0.24590 
2094  0.095819 -0.97480 0.90045 0.025199 0.25930 
2095  0.097820 -0.96487 0.89901 0.025934 0.25928 
2096  0.095619 -0.97581 0.90057 -0.050301 0.24631 
2097  0.095619 -0.97581 0.90057 0.032719 0.26055 
2098  0.086417 -1.0241 0.90520 0.0012183 0.25432 
2099  0.098220 -0.96290 0.89876 -0.061617 0.24488 
2100  0.097419 -0.96684 0.89929 -0.062205 0.24492 
2101  0.087017 -1.0209 0.90503 -0.0089410 0.25310 
2102  0.087818 -1.0165 0.90479 0.016136 0.25732 
2103  0.10402 -0.93518 0.89353 -0.063713 0.24463 
2104  0.091818 -0.99524 0.90300 0.024440 0.25905 
2105  0.097019 -0.96882 0.89955 0.032072 0.26050 
2106  0.11142 -0.90172 0.88731 -0.072117 0.24377 
2107  0.095019 -0.97883 0.90101 0.010658 0.25636 
2108  0.099420 -0.95705 0.89774 -0.060336 0.24502 
2109  0.088818 -1.0111 0.90442 0.021838 0.25827 
2110  0.10702 -0.92137 0.89117 -0.063488 0.24486 
2111  0.094619 -0.98085 0.90131 0.028998 0.25981 
2112  0.082016 -1.0489 0.90606 0.010414 0.25629 
2113  0.098820 -0.95997 0.89826 0.018349 0.25799 
2114  0.097419 -0.96684 0.89929 0.021544 0.25874 
2115  0.10262 -0.94174 0.89472 0.025660 0.25935 
2116  0.090218 -1.0036 0.90380 0.020648 0.25809 
2117  0.085217 -1.0308 0.90550 0.00062776 0.25440 
2118  0.096819 -0.96981 0.89969 0.027240 0.25947 
2119  0.10122 -0.94839 0.89595 0.024744 0.25933 
2120  0.092418 -0.99213 0.90272 0.021370 0.25830 
2121  0.088618 -1.0122 0.90450 -0.034070 0.24863 
2122  0.085617 -1.0286 0.90539 0.017235 0.25701 
2123  0.087217 -1.0198 0.90495 -0.0096717 0.25233 
2124  0.084617 -1.0341 0.90564 -0.025132 0.24925 
2125  0.10102 -0.94934 0.89620 -0.062833 0.24495 
2126  0.079816 -1.0618 0.90636 -0.010117 0.25213 
2127  0.096419 -0.97180 0.90003 -0.049209 0.24680 
2128  0.091818 -0.99524 0.90300 -0.031656 0.24894 
2129  0.092619 -0.99109 0.90256 -0.044852 0.24697 
2130  0.090218 -1.0036 0.90380 -0.028193 0.24974 
2131  0.090218 -1.0036 0.90380 -0.034435 0.24848 
2132  0.087217 -1.0198 0.90495 -0.035815 0.24859 
2133  0.081816 -1.0501 0.90609 -0.023420 0.25000 
2134  0.085817 -1.0275 0.90535 0.0077530 0.25582 
2135  0.085617 -1.0286 0.90539 0.0011357 0.25407 
2136  0.097820 -0.96487 0.89901 0.022462 0.25864 
2137  0.094819 -0.97984 0.90117 0.019970 0.25820 
2138  0.095219 -0.97782 0.90087 0.025186 0.25894 
2139  0.088018 -1.0154 0.90472 0.029732 0.25981 
2140  0.094219 -0.98289 0.90154 0.018594 0.25791 
2141  0.10042 -0.95222 0.89675 0.028385 0.25966 
2142  0.095019 -0.97883 0.90101 0.024320 0.25906 
2143  0.098220 -0.96290 0.89876 0.032339 0.26050 
2144  0.094819 -0.97984 0.90117 0.010302 0.25651 
2145  0.090418 -1.0026 0.90371 -0.035349 0.24871 
2146  0.094219 -0.98289 0.90154 0.024172 0.25879 
2147  0.096419 -0.97180 0.90003 0.020829 0.25827 
2148  0.089418 -1.0079 0.90419 -0.045112 0.24731 
2149  0.084817 -1.0330 0.90560 0.0069391 0.25546 
2150  0.091018 -0.99943 0.90342 0.019693 0.25810 
2151  0.095019 -0.97883 0.90101 0.013461 0.25684 
2152  0.092018 -0.99420 0.90290 -0.058207 0.24538 
2153  0.096819 -0.96981 0.89969 -0.054406 0.24581 
2154  0.089418 -1.0079 0.90419 -0.031682 0.24963 
2155  0.080416 -1.0582 0.90630 -0.0048949 0.25313 
2156  0.10662 -0.92319 0.89158 0.018651 0.25821 
2157  0.089218 -1.0090 0.90426 -0.041739 0.24749 
2158  0.086017 -1.0264 0.90531 0.017826 0.25751 
2159  0.10382 -0.93611 0.89370 -0.063554 0.24496 
2160  0.089218 -1.0090 0.90426 -0.035006 0.24879 
2161  0.082016 -1.0489 0.90606 -0.022060 0.25042 
2162  0.095219 -0.97782 0.90087 -0.035172 0.24888 
2163  0.10422 -0.93425 0.89344 -0.072781 0.24345 
2164  0.10122 -0.94839 0.89595 0.024502 0.25923 
2165  0.098220 -0.96290 0.89876 0.013052 0.25734 
2166  0.091218 -0.99838 0.90331 0.027976 0.25947 
2167  0.095219 -0.97782 0.90087 0.019085 0.25818 
2168  0.10402 -0.93518 0.89353 -0.056569 0.24614 
2169  0.096419 -0.97180 0.90003 -0.050630 0.24668 
2170  0.099220 -0.95802 0.89793 -0.060479 0.24514 
2171  0.085617 -1.0286 0.90539 0.023397 0.25828 
2172  0.096019 -0.97380 0.90030 -0.058762 0.24583 
2173  0.097820 -0.96487 0.89901 -0.058626 0.24515 
2174  0.097219 -0.96783 0.89942 0.022639 0.25939 
2175  0.088818 -1.0111 0.90442 -0.011835 0.25236 
2176  0.091618 -0.99629 0.90311 -0.049931 0.24631 
2177  0.099220 -0.95802 0.89793 0.019128 0.25796 
2178  0.092619 -0.99109 0.90256 0.027458 0.25942 
2179  0.088618 -1.0122 0.90450 0.0074158 0.25581 
2180  0.095819 -0.97480 0.90045 0.024340 0.25907 
2181  0.096419 -0.97180 0.90003 -0.037493 0.24916 
2182  0.093419 -0.98697 0.90207 0.025362 0.25904 
2183  0.10502 -0.93054 0.89283 0.031234 0.26026 
2184  0.087417 -1.0187 0.90490 0.0030031 0.25450 
2185  0.091618 -0.99629 0.90311 -0.039159 0.24843 
2186  0.096419 -0.97180 0.90003 0.0082603 0.25608 
2187  0.10782 -0.91775 0.89055 -0.068167 0.24416 
2188  0.10182 -0.94553 0.89542 0.030327 0.26038 
2189  0.10362 -0.93705 0.89388 -0.044955 0.24811 
2190  0.091418 -0.99733 0.90321 0.013803 0.25697 
2191  0.091818 -0.99524 0.90300 0.018464 0.25772 
2192  0.10262 -0.94174 0.89472 0.017781 0.25805 
2193  0.080616 -1.0571 0.90628 -0.00025326 0.25350 
2194  0.095819 -0.97480 0.90045 0.012017 0.25654 
2195  0.096819 -0.96981 0.89969 0.019111 0.25832 
2196  0.098620 -0.96094 0.89843 0.025515 0.25936 
2197  0.079016 -1.0665 0.90642 0.019294 0.25695 
2198  0.088418 -1.0133 0.90457 0.0076753 0.25551 
2199  0.099220 -0.95802 0.89793 0.032719 0.26068 
2200  0.089418 -1.0079 0.90419 0.010067 0.25617 
2201  0.090018 -1.0047 0.90390 0.026014 0.25904 
2202  0.098820 -0.95997 0.89826 0.027406 0.25955 
2203  0.091618 -0.99629 0.90311 0.011636 0.25657 
2204  0.090618 -1.0015 0.90364 0.027653 0.25941 
2205  0.087017 -1.0209 0.90503 0.0020437 0.25457 
2206  0.084417 -1.0353 0.90568 0.0072287 0.25553 
2207  0.076815 -1.0798 0.90656 0.015622 0.25633 
2208  0.096019 -0.97380 0.90030 0.021956 0.25863 
2209  0.080416 -1.0582 0.90630 -0.027942 0.24879 
2210  0.10482 -0.93146 0.89296 -0.059247 0.24562 
2211  0.099820 -0.95511 0.89737 0.018843 0.25796 
2212  0.089818 -1.0058 0.90399 0.012627 0.25690 
2213  0.098020 -0.96388 0.89890 0.026852 0.25956 
2214  0.085817 -1.0275 0.90535 -0.027378 0.24939 
2215  0.092418 -0.99213 0.90272 -0.031907 0.24972 
2216  0.091818 -0.99524 0.90300 -0.027372 0.24999 
2217  0.10222 -0.94363 0.89504 -0.038786 0.24911 
2218  0.092018 -0.99420 0.90290 -0.057376 0.24564 
2219  0.10162 -0.94648 0.89562 0.033336 0.26078 
2220  0.095819 -0.97480 0.90045 0.025359 0.25944 
2221  0.090418 -1.0026 0.90371 0.024333 0.25875 
2222  0.095419 -0.97681 0.90072 0.0039795 0.25534 
2223  0.096019 -0.97380 0.90030 0.012378 0.25667 
2224  0.095019 -0.97883 0.90101 0.024176 0.25868 
2225  0.083417 -1.0409 0.90586 -0.030305 0.24895 
2226  0.094219 -0.98289 0.90154 0.0059990 0.25595 
2227  0.10362 -0.93705 0.89388 0.034132 0.26068 
2228  0.090218 -1.0036 0.90380 0.0051700 0.25473 
2229  0.098020 -0.96388 0.89890 0.029979 0.26001 
2230  0.099420 -0.95705 0.89774 0.026258 0.25942 
2231  0.10422 -0.93425 0.89344 0.0092078 0.25653 
2232  0.10102 -0.94934 0.89620 -0.041985 0.24801 
2233  0.088818 -1.0111 0.90442 0.020333 0.25800 
2234  0.097620 -0.96585 0.89917 0.013661 0.25726 
2235  0.092418 -0.99213 0.90272 0.030199 0.25972 
2236  0.10262 -0.94174 0.89472 -0.056937 0.24597 
2237  0.091818 -0.99524 0.90300 0.012380 0.25664 
2238  0.10462 -0.93239 0.89313 -0.066740 0.24494 
2239  0.086017 -1.0264 0.90531 -0.0035543 0.25409 
2240  0.089618 -1.0068 0.90409 0.010187 0.25619 
2241  0.093019 -0.98903 0.90231 0.033974 0.26064 
2242  0.092218 -0.99316 0.90280 0.024738 0.25900 
2243  0.090618 -1.0015 0.90364 -0.033517 0.24900 
2244  0.085817 -1.0275 0.90535 0.016051 0.25734 
2245  0.093219 -0.98800 0.90219 -0.036359 0.24896 
2246  0.095819 -0.97480 0.90045 0.017295 0.25774 
2247  0.094419 -0.98187 0.90141 0.0043467 0.25500 
2248  0.088418 -1.0133 0.90457 0.026677 0.25889 
2249  0.075815 -1.0860 0.90661 -0.019480 0.25031 
2250  0.095619 -0.97581 0.90057 0.023584 0.25878 
2251  0.096419 -0.97180 0.90003 0.019119 0.25803 
2252  0.098020 -0.96388 0.89890 0.023943 0.25878 
2253  0.091018 -0.99943 0.90342 0.037923 0.26123 
2254  0.089218 -1.0090 0.90426 -0.041376 0.24750 
2255  0.090418 -1.0026 0.90371 0.010218 0.25603 
2256  0.095619 -0.97581 0.90057 0.029060 0.25984 
2257  0.089818 -1.0058 0.90399 0.025788 0.25913 
2258  0.088818 -1.0111 0.90442 0.0052437 0.25545 
2259  0.099420 -0.95705 0.89774 0.026057 0.25906 
2260  0.093019 -0.98903 0.90231 0.021884 0.25845 
2261  0.083417 -1.0409 0.90586 0.017852 0.25733 
2262  0.095019 -0.97883 0.90101 0.014517 0.25706 
2263  0.088218 -1.0143 0.90464 0.0027948 0.25479 
2264  0.089818 -1.0058 0.90399 0.029406 0.25955 
2265  0.094019 -0.98390 0.90169 0.030498 0.25991 
2266  0.095419 -0.97681 0.90072 -0.031628 0.24935 
2267  0.096419 -0.97180 0.90003 -0.026118 0.25031 
2268  0.090418 -1.0026 0.90371 -0.039622 0.24874 
2269  0.095219 -0.97782 0.90087 0.022887 0.25870 
2270  0.088418 -1.0133 0.90457 -0.026643 0.24999 
2271  0.089418 -1.0079 0.90419 0.0096682 0.25616 
2272  0.091018 -0.99943 0.90342 0.011853 0.25657 
2273  0.077015 -1.0786 0.90654 -0.018608 0.25025 
2274  0.080416 -1.0582 0.90630 -0.015923 0.25083 
2275  0.079216 -1.0653 0.90641 0.0045328 0.25448 
2276  0.096819 -0.96981 0.89969 0.018383 0.25796 
2277  0.069014 -1.1300 0.90677 -0.015804 0.25062 
2278  0.093419 -0.98697 0.90207 -0.050982 0.24633 
2279  0.091018 -0.99943 0.90342 0.019516 0.25804 
2280  0.089418 -1.0079 0.90419 0.037156 0.26105 
2281  0.10482 -0.93146 0.89296 -0.071183 0.24379 
2282  0.092619 -0.99109 0.90256 0.020876 0.25836 
2283  0.084817 -1.0330 0.90560 0.0081314 0.25576 
2284  0.099420 -0.95705 0.89774 0.025138 0.25942 
2285  0.10842 -0.91504 0.89007 -0.072493 0.24378 
2286  0.090418 -1.0026 0.90371 0.018306 0.25780 
2287  0.098420 -0.96192 0.89858 -0.037925 0.24869 
2288  0.090618 -1.0015 0.90364 0.0072518 0.25589 
2289  0.082416 -1.0466 0.90600 -0.0072264 0.25249 
2290  0.094019 -0.98390 0.90169 0.023998 0.25923 
2291  0.098220 -0.96290 0.89876 -0.039068 0.24854 
2292  0.083817 -1.0387 0.90579 -0.013291 0.25185 
2293  0.091418 -0.99733 0.90321 0.022327 0.25865 
2294  0.10102 -0.94934 0.89620 -0.047776 0.24709 
2295  0.082416 -1.0466 0.90600 -0.044753 0.24688 
2296  0.098020 -0.96388 0.89890 0.029263 0.25976 
2297  0.094419 -0.98187 0.90141 -0.048456 0.24665 
2298  0.088818 -1.0111 0.90442 0.016195 0.25694 
2299  0.10102 -0.94934 0.89620 -0.045464 0.24695 
2300  0.082416 -1.0466 0.90600 0.0064423 0.25531 
2301  0.094819 -0.97984 0.90117 0.043259 0.26206 
2302  0.097219 -0.96783 0.89942 0.042840 0.26234 
2303  0.094619 -0.98085 0.90131 0.014678 0.25719 
2304  0.096419 -0.97180 0.90003 0.016936 0.25775 
2305  0.093419 -0.98697 0.90207 -0.025431 0.25066 
2306  0.093219 -0.98800 0.90219 0.030623 0.25990 
2307  0.090618 -1.0015 0.90364 -0.036461 0.24796 
2308  0.097219 -0.96783 0.89942 0.022087 0.25860 
2309  0.097820 -0.96487 0.89901 0.024247 0.25915 
2310  0.092619 -0.99109 0.90256 0.031023 0.26021 
2311  0.094619 -0.98085 0.90131 0.025096 0.25909 
2312  0.094619 -0.98085 0.90131 0.025406 0.25919 
2313  0.097419 -0.96684 0.89929 0.029510 0.26021 
2314  0.10802 -0.91684 0.89043 -0.067871 0.24438 
2315  0.10022 -0.95318 0.89698 0.033917 0.26114 
2316  0.090618 -1.0015 0.90364 -0.036824 0.24867 
2317  0.084617 -1.0341 0.90564 0.011871 0.25654 
2318  0.095419 -0.97681 0.90072 -0.026447 0.25066 
2319  0.085817 -1.0275 0.90535 -0.034722 0.24903 
2320  0.099220 -0.95802 0.89793 0.029308 0.25992 
2321  0.094419 -0.98187 0.90141 0.016971 0.25751 
2322  0.098620 -0.96094 0.89843 -0.052144 0.24628 
2323  0.085217 -1.0308 0.90550 0.018316 0.25779 
2324  0.10022 -0.95318 0.89698 0.024181 0.25916 
2325  0.10042 -0.95222 0.89675 -0.054910 0.24578 
2326  0.097419 -0.96684 0.89929 0.025541 0.25942 
2327  0.10702 -0.92137 0.89117 -0.070929 0.24383 
2328  0.085017 -1.0319 0.90555 0.012480 0.25637 
2329  0.088618 -1.0122 0.90450 -0.020004 0.25140 
2330  0.099020 -0.95899 0.89812 -0.055516 0.24602 
2331  0.092819 -0.99006 0.90244 0.015002 0.25697 
2332  0.089018 -1.0100 0.90435 -0.044472 0.24693 
2333  0.10022 -0.95318 0.89698 -0.055954 0.24597 
2334  0.096819 -0.96981 0.89969 0.032016 0.26055 
2335  0.094819 -0.97984 0.90117 0.031756 0.26044 
2336  0.079416 -1.0642 0.90640 -0.023957 0.24984 
2337  0.097620 -0.96585 0.89917 0.023962 0.25913 
2338  0.076615 -1.0811 0.90657 -0.0089406 0.25234 
2339  0.099420 -0.95705 0.89774 0.026243 0.25947 
2340  0.086417 -1.0241 0.90520 0.022358 0.25849 
2341  0.095419 -0.97681 0.90072 0.028006 0.25963 
2342  0.098420 -0.96192 0.89858 0.021480 0.25856 
2343  0.098820 -0.95997 0.89826 0.021407 0.25869 
2344  0.10042 -0.95222 0.89675 0.026942 0.25960 
2345  0.090018 -1.0047 0.90390 -0.036572 0.24853 
2346  0.092619 -0.99109 0.90256 -0.012485 0.25284 
2347  0.095619 -0.97581 0.90057 0.019601 0.25808 
2348  0.092819 -0.99006 0.90244 -0.038635 0.24831 
2349  0.096419 -0.97180 0.90003 -0.046512 0.24755 
2350  0.090218 -1.0036 0.90380 0.013198 0.25690 
2351  0.094019 -0.98390 0.90169 0.030823 0.26019 
2352  0.099220 -0.95802 0.89793 -0.026724 0.25052 
2353  0.098620 -0.96094 0.89843 0.025448 0.25923 
2354  0.091818 -0.99524 0.90300 -0.016732 0.25165 
2355  0.093419 -0.98697 0.90207 -0.025321 0.25047 
2356  0.091218 -0.99838 0.90331 0.017157 0.25742 
2357  0.091418 -0.99733 0.90321 -0.035379 0.24894 
2358  0.095419 -0.97681 0.90072 0.015967 0.25739 
2359  0.092619 -0.99109 0.90256 0.010660 0.25657 
2360  0.098220 -0.96290 0.89876 0.016259 0.25776 
2361  0.093419 -0.98697 0.90207 0.0051305 0.25524 
2362  0.093819 -0.98493 0.90183 0.022881 0.25854 
2363  0.093619 -0.98595 0.90194 0.0048277 0.25520 
2364  0.080616 -1.0571 0.90628 -0.021195 0.25027 
2365  0.095819 -0.97480 0.90045 -0.060091 0.24504 
2366  0.095219 -0.97782 0.90087 0.027546 0.25955 
2367  0.090018 -1.0047 0.90390 0.031256 0.26000 
2368  0.098420 -0.96192 0.89858 0.021377 0.25857 
2369  0.092619 -0.99109 0.90256 -0.040962 0.24862 
2370  0.091818 -0.99524 0.90300 0.026810 0.25936 
2371  0.095219 -0.97782 0.90087 0.030190 0.25998 
2372  0.091218 -0.99838 0.90331 0.027939 0.25946 
2373  0.095019 -0.97883 0.90101 0.032982 0.26060 
2374  0.090018 -1.0047 0.90390 0.022809 0.25850 
2375  0.094219 -0.98289 0.90154 0.026511 0.25923 
2376  0.093219 -0.98800 0.90219 -0.0059164 0.25366 
2377  0.095819 -0.97480 0.90045 0.027035 0.25936 
2378  0.099020 -0.95899 0.89812 0.033406 0.26062 
2379  0.091418 -0.99733 0.90321 0.027289 0.25975 
2380  0.10702 -0.92137 0.89117 0.032254 0.26063 
2381  0.093819 -0.98493 0.90183 0.030288 0.25974 
2382  0.095019 -0.97883 0.90101 0.013817 0.25720 
2383  0.095219 -0.97782 0.90087 -0.038837 0.24806 
2384  0.095819 -0.97480 0.90045 0.023647 0.25881 
2385  0.087818 -1.0165 0.90479 0.021596 0.25809 
2386  0.10202 -0.94458 0.89524 0.027817 0.25972 
2387  0.094019 -0.98390 0.90169 0.037689 0.26124 
2388  0.090018 -1.0047 0.90390 0.022530 0.25838 
2389  0.089818 -1.0058 0.90399 0.0033188 0.25481 
2390  0.093819 -0.98493 0.90183 -0.027627 0.24989 
2391  0.087017 -1.0209 0.90503 -0.028267 0.24980 
2392  0.090218 -1.0036 0.90380 -0.027336 0.24939 
2393  0.092018 -0.99420 0.90290 -0.044273 0.24746 
2394  0.10022 -0.95318 0.89698 0.037490 0.26152 
2395  0.087017 -1.0209 0.90503 0.013732 0.25655 
2396  0.089618 -1.0068 0.90409 -0.049831 0.24692 
2397  0.090618 -1.0015 0.90364 0.013399 0.25699 
2398  0.092819 -0.99006 0.90244 0.031390 0.26036 
2399  0.091418 -0.99733 0.90321 -0.050272 0.24665 
2400  0.089018 -1.0100 0.90435 -0.044822 0.24719 
2401  0.10002 -0.95415 0.89719 -0.053090 0.24642 
2402  0.096419 -0.97180 0.90003 0.026781 0.25923 
2403  0.071214 -1.1153 0.90672 -0.015594 0.25059 
2404  0.090618 -1.0015 0.90364 0.024558 0.25881 
2405  0.094019 -0.98390 0.90169 0.027634 0.25967 
2406  0.094619 -0.98085 0.90131 0.012465 0.25681 
2407  0.092619 -0.99109 0.90256 0.027389 0.25925 
2408  0.092619 -0.99109 0.90256 -0.037459 0.24828 
2409  0.095019 -0.97883 0.90101 0.011296 0.25666 
2410  0.097419 -0.96684 0.89929 0.023751 0.25886 
2411  0.099220 -0.95802 0.89793 0.027670 0.25992 
2412  0.093019 -0.98903 0.90231 0.013953 0.25739 
2413  0.085817 -1.0275 0.90535 -0.032306 0.24848 
2414  0.090018 -1.0047 0.90390 -0.033785 0.24821 
2415  0.089818 -1.0058 0.90399 0.011583 0.25649 
2416  0.10382 -0.93611 0.89370 0.033566 0.26120 
2417  0.098220 -0.96290 0.89876 0.037337 0.26118 
2418  0.091618 -0.99629 0.90311 -0.037411 0.24834 
2419  0.094019 -0.98390 0.90169 0.033927 0.26070 
2420  0.099420 -0.95705 0.89774 0.026267 0.25952 
2421  0.091618 -0.99629 0.90311 -0.031699 0.24950 
2422  0.098020 -0.96388 0.89890 0.032175 0.26039 
2423  0.083617 -1.0398 0.90584 0.00072329 0.25432 
2424  0.091618 -0.99629 0.90311 0.011045 0.25647 
2425  0.10002 -0.95415 0.89719 0.0076246 0.25616 
2426  0.098820 -0.95997 0.89826 0.011747 0.25700 
2427  0.095819 -0.97480 0.90045 0.012400 0.25696 
2428  0.096219 -0.97280 0.90015 -0.053119 0.24634 
2429  0.098820 -0.95997 0.89826 0.016525 0.25734 
2430  0.087818 -1.0165 0.90479 0.012925 0.25672 
2431  0.10562 -0.92777 0.89231 -0.058762 0.24571 
2432  0.095819 -0.97480 0.90045 0.025696 0.25933 
2433  0.10002 -0.95415 0.89719 -0.054097 0.24649 
2434  0.091418 -0.99733 0.90321 -0.038273 0.24828 
2435  0.094019 -0.98390 0.90169 0.017446 0.25772 
2436  0.10142 -0.94743 0.89578 0.028015 0.25957 
2437  0.088418 -1.0133 0.90457 0.016871 0.25741 
2438  0.099420 -0.95705 0.89774 -0.062635 0.24489 
2439  0.090418 -1.0026 0.90371 0.033788 0.26054 
2440  0.093419 -0.98697 0.90207 -0.029020 0.24943 
2441  0.079216 -1.0653 0.90641 0.020684 0.25725 
2442  0.091618 -0.99629 0.90311 -0.037312 0.24863 
2443  0.092619 -0.99109 0.90256 0.019726 0.25795 
2444  0.10262 -0.94174 0.89472 0.028329 0.26011 
2445  0.087417 -1.0187 0.90490 0.026427 0.25908 
2446  0.098820 -0.95997 0.89826 0.030428 0.26017 
2447  0.092418 -0.99213 0.90272 0.023827 0.25888 
2448  0.093819 -0.98493 0.90183 0.012746 0.25726 
2449  0.083017 -1.0432 0.90594 0.029708 0.25946 
2450  0.10262 -0.94174 0.89472 -0.062387 0.24543 
2451  0.098420 -0.96192 0.89858 0.034473 0.26092 
2452  0.095019 -0.97883 0.90101 0.033558 0.26053 
2453  0.090818 -1.0005 0.90353 0.028068 0.25952 
2454  0.089418 -1.0079 0.90419 0.030193 0.25988 
2455  0.10082 -0.95030 0.89637 0.025007 0.25902 
2456  0.093619 -0.98595 0.90194 0.018682 0.25804 
2457  0.098620 -0.96094 0.89843 0.022468 0.25875 
2458  0.091618 -0.99629 0.90311 0.011343 0.25668 
2459  0.092619 -0.99109 0.90256 0.0095223 0.25568 
2460  0.10422 -0.93425 0.89344 -0.064260 0.24496 
2461  0.095419 -0.97681 0.90072 -0.056022 0.24570 
2462  0.10822 -0.91594 0.89021 -0.075085 0.24336 
2463  0.084417 -1.0353 0.90568 0.015442 0.25675 
2464  0.098020 -0.96388 0.89890 -0.058623 0.24557 
2465  0.080416 -1.0582 0.90630 0.013182 0.25615 
2466  0.099420 -0.95705 0.89774 -0.055432 0.24602 
2467  0.087217 -1.0198 0.90495 0.034852 0.26067 
2468  0.098620 -0.96094 0.89843 -0.056498 0.24588 
2469  0.086017 -1.0264 0.90531 -0.0058622 0.25322 
2470  0.089018 -1.0100 0.90435 -7.6802e-05 0.25433 
2471  0.089418 -1.0079 0.90419 0.028323 0.25931 
2472  0.084617 -1.0341 0.90564 -0.051055 0.24627 
2473  0.087818 -1.0165 0.90479 0.0054993 0.25512 
2474  0.087818 -1.0165 0.90479 0.0067286 0.25516 
2475  0.096619 -0.97081 0.89985 -0.042933 0.24761 
2476  0.086817 -1.0220 0.90508 0.0099451 0.25581 
2477  0.086617 -1.0230 0.90513 0.0063541 0.25471 
2478  0.094019 -0.98390 0.90169 0.035084 0.26071 
2479  0.086217 -1.0252 0.90526 0.011869 0.25635 
2480  0.099020 -0.95899 0.89812 0.030468 0.25994 
2481  0.087818 -1.0165 0.90479 0.0067814 0.25494 
2482  0.089418 -1.0079 0.90419 0.028423 0.25961 
2483  0.080616 -1.0571 0.90628 0.0014062 0.25405 
2484  0.081616 -1.0512 0.90613 -0.024983 0.24931 
2485  0.098020 -0.96388 0.89890 -0.065322 0.24448 
2486  0.090218 -1.0036 0.90380 0.025267 0.25888 
2487  0.083617 -1.0398 0.90584 -0.026024 0.24946 
2488  0.078416 -1.0701 0.90645 -0.017691 0.25073 
2489  0.081416 -1.0524 0.90617 -0.016366 0.25080 
2490  0.097419 -0.96684 0.89929 0.026988 0.25960 
2491  0.079616 -1.0630 0.90637 -0.017870 0.25075 
2492  0.096219 -0.97280 0.90015 0.033328 0.26069 
2493  0.092819 -0.99006 0.90244 0.010092 0.25607 
2494  0.10002 -0.95415 0.89719 0.016962 0.25758 
2495  0.099820 -0.95511 0.89737 0.024741 0.25914 
2496  0.098620 -0.96094 0.89843 0.028453 0.25974 
2497  0.088018 -1.0154 0.90472 0.027212 0.25919 
2498  0.095219 -0.97782 0.90087 -0.047098 0.24661 
2499  0.091418 -0.99733 0.90321 -0.033128 0.24869 
2500  0.093419 -0.98697 0.90207 0.0050623 0.25565 
2501  0.093819 -0.98493 0.90183 0.016596 0.25715 
2502  0.087618 -1.0176 0.90485 0.0026848 0.25462 
2503  0.089218 -1.0090 0.90426 -0.00052761 0.25427 
2504  0.093419 -0.98697 0.90207 0.013976 0.25710 
2505  0.10562 -0.92777 0.89231 -0.050065 0.24711 
2506  0.095019 -0.97883 0.90101 0.028478 0.25957 
2507  0.097820 -0.96487 0.89901 -0.059659 0.24596 
2508  0.092418 -0.99213 0.90272 0.020922 0.25833 
2509  0.091218 -0.99838 0.90331 0.022068 0.25848 
2510  0.089818 -1.0058 0.90399 -0.026760 0.25023 
2511  0.081216 -1.0536 0.90620 -0.028055 0.24916 
2512  0.10002 -0.95415 0.89719 0.015742 0.25755 
2513  0.099620 -0.95608 0.89753 -0.069649 0.24410 
2514  0.091418 -0.99733 0.90321 0.022521 0.25831 
2515  0.091218 -0.99838 0.90331 0.016710 0.25745 
2516  0.088018 -1.0154 0.90472 0.018621 0.25755 
2517  0.089818 -1.0058 0.90399 0.016126 0.25708 
2518  0.099020 -0.95899 0.89812 0.036968 0.26151 
2519  0.10062 -0.95126 0.89653 0.019678 0.25831 
2520  0.097620 -0.96585 0.89917 0.026419 0.25935 
2521  0.094819 -0.97984 0.90117 0.031821 0.26007 
2522  0.096619 -0.97081 0.89985 0.021544 0.25860 
2523  0.089018 -1.0100 0.90435 0.0029545 0.25510 
2524  0.087417 -1.0187 0.90490 -0.019040 0.25120 
2525  0.095419 -0.97681 0.90072 0.027511 0.25957 
2526  0.083217 -1.0421 0.90591 0.013606 0.25589 
2527  0.093219 -0.98800 0.90219 0.041259 0.26172 
2528  0.097019 -0.96882 0.89955 -0.045571 0.24777 
2529  0.089818 -1.0058 0.90399 0.0048967 0.25533 
2530  0.099020 -0.95899 0.89812 -0.052263 0.24651 
2531  0.082817 -1.0443 0.90596 0.012250 0.25665 
2532  0.099220 -0.95802 0.89793 -0.063730 0.24492 
2533  0.10242 -0.94269 0.89489 -0.062178 0.24520 
2534  0.099420 -0.95705 0.89774 -0.068124 0.24416 
2535  0.10262 -0.94174 0.89472 -0.060963 0.24544 
2536  0.097019 -0.96882 0.89955 -0.027450 0.25047 
2537  0.089618 -1.0068 0.90409 -0.0047519 0.25335 
2538  0.093019 -0.98903 0.90231 -0.028838 0.25013 
2539  0.097419 -0.96684 0.89929 0.035154 0.26106 
2540  0.091818 -0.99524 0.90300 0.0018074 0.25485 
2541  0.095819 -0.97480 0.90045 0.030267 0.26019 
2542  0.092619 -0.99109 0.90256 0.010149 0.25621 
2543  0.089018 -1.0100 0.90435 0.028088 0.25965 
2544  0.094219 -0.98289 0.90154 0.032233 0.26036 
2545  0.087818 -1.0165 0.90479 0.032909 0.26018 
2546  0.098220 -0.96290 0.89876 0.038205 0.26137 
2547  0.095219 -0.97782 0.90087 0.025269 0.25940 
2548  0.10202 -0.94458 0.89524 0.025380 0.25921 
2549  0.094419 -0.98187 0.90141 0.035311 0.26082 
2550  0.10162 -0.94648 0.89562 0.020418 0.25846 
2551  0.093019 -0.98903 0.90231 -0.043801 0.24782 
2552  0.093419 -0.98697 0.90207 0.017159 0.25799 
2553  0.10142 -0.94743 0.89578 0.019443 0.25796 
2554  0.090618 -1.0015 0.90364 0.024405 0.25882 
2555  0.10122 -0.94839 0.89595 0.010784 0.25653 
2556  0.088418 -1.0133 0.90457 -0.026368 0.25045 
2557  0.087017 -1.0209 0.90503 0.022956 0.25847 
2558  0.082617 -1.0455 0.90598 -0.035388 0.24829 
2559  0.088218 -1.0143 0.90464 -0.045977 0.24693 
2560  0.089818 -1.0058 0.90399 0.022211 0.25841 
2561  0.089418 -1.0079 0.90419 -0.055909 0.24553 
2562  0.094219 -0.98289 0.90154 -0.051590 0.24626 
2563  0.086017 -1.0264 0.90531 0.0076140 0.25537 
2564  0.090418 -1.0026 0.90371 0.014877 0.25671 
2565  0.096419 -0.97180 0.90003 0.028267 0.26011 
2566  0.092018 -0.99420 0.90290 0.024148 0.25891 
2567  0.10382 -0.93611 0.89370 -0.062824 0.24496 
2568  0.084617 -1.0341 0.90564 0.0090642 0.25608 
2569  0.097620 -0.96585 0.89917 0.025031 0.25915 
2570  0.097620 -0.96585 0.89917 0.021729 0.25879 
2571  0.095619 -0.97581 0.90057 0.020846 0.25901 
2572  0.091418 -0.99733 0.90321 0.0086705 0.25591 
2573  0.080016 -1.0606 0.90632 -0.0012249 0.25308 
2574  0.086017 -1.0264 0.90531 -0.0046766 0.25350 
2575  0.098820 -0.95997 0.89826 -0.0020074 0.25446 
2576  0.093819 -0.98493 0.90183 0.013043 0.25703 
2577  0.099220 -0.95802 0.89793 0.029136 0.25963 
2578  0.083617 -1.0398 0.90584 0.0079191 0.25573 
2579  0.094019 -0.98390 0.90169 0.028644 0.25957 
2580  0.099620 -0.95608 0.89753 0.025981 0.25916 
2581  0.096019 -0.97380 0.90030 0.032321 0.26027 
2582  0.10282 -0.94080 0.89449 0.011271 0.25717 
2583  0.097019 -0.96882 0.89955 0.023783 0.25872 
2584  0.098420 -0.96192 0.89858 0.011785 0.25706 
2585  0.097620 -0.96585 0.89917 0.0060996 0.25568 
2586  0.088818 -1.0111 0.90442 0.012480 0.25654 
2587  0.10282 -0.94080 0.89449 0.030251 0.26009 
2588  0.083417 -1.0409 0.90586 0.0075738 0.25535 
2589  0.095619 -0.97581 0.90057 -0.059721 0.24513 
2590  0.096619 -0.97081 0.89985 0.031008 0.26016 
2591  0.097219 -0.96783 0.89942 -0.066214 0.24442 
2592  0.099820 -0.95511 0.89737 -0.067632 0.24414 
2593  0.088818 -1.0111 0.90442 0.011098 0.25628 
2594  0.088218 -1.0143 0.90464 0.015974 0.25735 
2595  0.095219 -0.97782 0.90087 0.030375 0.25997 
2596  0.089018 -1.0100 0.90435 -0.042988 0.24742 
2597  0.086417 -1.0241 0.90520 -0.0077576 0.25302 
2598  0.10022 -0.95318 0.89698 -0.044234 0.24810 
2599  0.095419 -0.97681 0.90072 -0.045346 0.24772 
2600  0.095219 -0.97782 0.90087 0.015053 0.25727 
2601  0.089018 -1.0100 0.90435 0.0063729 0.25579 
2602  0.10002 -0.95415 0.89719 0.015452 0.25739 
2603  0.097019 -0.96882 0.89955 0.029108 0.26025 
2604  0.098820 -0.95997 0.89826 0.012547 0.25726 
2605  0.090818 -1.0005 0.90353 0.0094659 0.25601 
2606  0.092218 -0.99316 0.90280 0.015246 0.25712 
2607  0.089418 -1.0079 0.90419 0.0062380 0.25544 
2608  0.085817 -1.0275 0.90535 0.031392 0.26010 
2609  0.091618 -0.99629 0.90311 -0.050463 0.24646 
2610  0.091418 -0.99733 0.90321 0.011066 0.25630 
2611  0.10022 -0.95318 0.89698 0.012797 0.25722 
2612  0.085217 -1.0308 0.90550 -0.035699 0.24847 
2613  0.098820 -0.95997 0.89826 -0.045184 0.24733 
2614  0.094019 -0.98390 0.90169 -0.029685 0.24989 
2615  0.094019 -0.98390 0.90169 0.026844 0.25944 
2616  0.089618 -1.0068 0.90409 0.019798 0.25814 
2617  0.085817 -1.0275 0.90535 -0.022217 0.25000 
2618  0.092018 -0.99420 0.90290 -0.035420 0.24861 
2619  0.091818 -0.99524 0.90300 -0.00055891 0.25462 
2620  0.091418 -0.99733 0.90321 0.037762 0.26123 
2621  0.094019 -0.98390 0.90169 0.022838 0.25849 
2622  0.091418 -0.99733 0.90321 -0.032639 0.24938 
2623  0.10082 -0.95030 0.89637 0.026091 0.25938 
2624  0.081216 -1.0536 0.90620 0.014020 0.25637 
2625  0.096219 -0.97280 0.90015 0.012597 0.25702 
2626  0.090218 -1.0036 0.90380 0.0080456 0.25568 
2627  0.082617 -1.0455 0.90598 0.0086255 0.25555 
2628  0.091818 -0.99524 0.90300 0.031348 0.26032 
2629  0.087017 -1.0209 0.90503 0.010383 0.25593 
2630  0.085617 -1.0286 0.90539 0.0063102 0.25534 
2631  0.088818 -1.0111 0.90442 0.0077246 0.25587 
2632  0.099220 -0.95802 0.89793 -0.052934 0.24619 
2633  0.099420 -0.95705 0.89774 -0.037185 0.24825 
2634  0.083817 -1.0387 0.90579 -0.0065469 0.25304 
2635  0.089218 -1.0090 0.90426 0.016338 0.25714 
2636  0.092619 -0.99109 0.90256 0.027606 0.25943 
2637  0.10182 -0.94553 0.89542 0.034042 0.26078 
2638  0.084017 -1.0375 0.90574 0.0078136 0.25531 
2639  0.096019 -0.97380 0.90030 0.012638 0.25693 
2640  0.086817 -1.0220 0.90508 0.020697 0.25810 
2641  0.093419 -0.98697 0.90207 0.011301 0.25657 
2642  0.092018 -0.99420 0.90290 0.0079895 0.25582 
2643  0.098620 -0.96094 0.89843 0.031191 0.26036 
2644  0.091618 -0.99629 0.90311 0.019122 0.25775 
2645  0.095219 -0.97782 0.90087 0.028535 0.25962 
2646  0.092218 -0.99316 0.90280 -0.022101 0.25138 
2647  0.097620 -0.96585 0.89917 0.017742 0.25779 
2648  0.088618 -1.0122 0.90450 -0.010728 0.25287 
2649  0.087618 -1.0176 0.90485 -0.0099432 0.25285 
2650  0.091618 -0.99629 0.90311 0.021446 0.25863 
2651  0.095819 -0.97480 0.90045 0.019644 0.25809 
2652  0.081816 -1.0501 0.90609 0.0094564 0.25584 
2653  0.098220 -0.96290 0.89876 0.030873 0.25985 
2654  0.091218 -0.99838 0.90331 0.0098914 0.25625 
2655  0.089618 -1.0068 0.90409 -0.021066 0.25125 
2656  0.091018 -0.99943 0.90342 0.033647 0.26035 
2657  0.098820 -0.95997 0.89826 0.011399 0.25708 
2658  0.096619 -0.97081 0.89985 -0.026126 0.25063 
2659  0.092418 -0.99213 0.90272 0.030803 0.25992 
2660  0.092418 -0.99213 0.90272 0.013413 0.25692 
2661  0.093219 -0.98800 0.90219 0.026402 0.25923 
2662  0.093819 -0.98493 0.90183 -0.0036659 0.25404 
2663  0.095419 -0.97681 0.90072 -0.057998 0.24546 
2664  0.094419 -0.98187 0.90141 -0.051529 0.24687 
2665  0.10002 -0.95415 0.89719 -0.065760 0.24478 
2666  0.10122 -0.94839 0.89595 0.023427 0.25895 
2667  0.10122 -0.94839 0.89595 -0.057718 0.24566 
2668  0.097419 -0.96684 0.89929 -0.053758 0.24630 
2669  0.087618 -1.0176 0.90485 -0.022361 0.25070 
2670  0.096419 -0.97180 0.90003 0.023907 0.25887 
2671  0.094219 -0.98289 0.90154 -0.031999 0.24959 
2672  0.099820 -0.95511 0.89737 0.016205 0.25757 
2673  0.092418 -0.99213 0.90272 0.034200 0.26050 
2674  0.097419 -0.96684 0.89929 0.035526 0.26066 
2675  0.098020 -0.96388 0.89890 0.021753 0.25866 
2676  0.091218 -0.99838 0.90331 0.029457 0.25974 
2677  0.097419 -0.96684 0.89929 0.029433 0.26002 
2678  0.095619 -0.97581 0.90057 0.031133 0.26011 
2679  0.10022 -0.95318 0.89698 0.026744 0.25914 
2680  0.098020 -0.96388 0.89890 0.030390 0.26013 
2681  0.10962 -0.90968 0.88892 0.032116 0.26060 
2682  0.096819 -0.96981 0.89969 0.024797 0.25915 
2683  0.099220 -0.95802 0.89793 0.022709 0.25856 
2684  0.098020 -0.96388 0.89890 0.027681 0.25943 
2685  0.10042 -0.95222 0.89675 0.029742 0.25995 
2686  0.093219 -0.98800 0.90219 0.0056221 0.25593 
2687  0.092218 -0.99316 0.90280 0.0071937 0.25574 
2688  0.084817 -1.0330 0.90560 0.0064801 0.25512 
2689  0.096419 -0.97180 0.90003 0.013482 0.25678 
2690  0.093619 -0.98595 0.90194 -0.016741 0.25195 
2691  0.095019 -0.97883 0.90101 0.0092255 0.25623 
2692  0.094819 -0.97984 0.90117 0.020840 0.25826 
2693  0.090618 -1.0015 0.90364 -0.030088 0.24988 
2694  0.096019 -0.97380 0.90030 0.030426 0.25996 
2695  0.093019 -0.98903 0.90231 0.016847 0.25773 
2696  0.091218 -0.99838 0.90331 0.032490 0.26003 
2697  0.087618 -1.0176 0.90485 0.015960 0.25754 
2698  0.097620 -0.96585 0.89917 0.027251 0.25962 
2699  0.092018 -0.99420 0.90290 0.016532 0.25743 
2700  0.095419 -0.97681 0.90072 0.022213 0.25873 
2701  0.075815 -1.0860 0.90661 0.0016937 0.25376 
2702  0.092218 -0.99316 0.90280 0.0056282 0.25567 
2703  0.074415 -1.0948 0.90665 0.0083506 0.25476 
2704  0.098620 -0.96094 0.89843 0.028158 0.25972 
2705  0.10202 -0.94458 0.89524 0.031016 0.26010 
2706  0.086817 -1.0220 0.90508 0.0060441 0.25530 
2707  0.088418 -1.0133 0.90457 0.0032086 0.25473 
2708  0.088418 -1.0133 0.90457 0.0058767 0.25522 
2709  0.091818 -0.99524 0.90300 0.0049949 0.25547 
2710  0.094819 -0.97984 0.90117 0.011721 0.25675 
2711  0.085417 -1.0297 0.90544 -0.020520 0.25068 
2712  0.087618 -1.0176 0.90485 -0.032417 0.24897 
2713  0.090018 -1.0047 0.90390 -0.036207 0.24871 
2714  0.095219 -0.97782 0.90087 0.021499 0.25844 
2715  0.092018 -0.99420 0.90290 0.024915 0.25897 
2716  0.093619 -0.98595 0.90194 0.025090 0.25902 
2717  0.092619 -0.99109 0.90256 -0.038181 0.24812 
2718  0.089018 -1.0100 0.90435 0.020351 0.25812 
2719  0.091218 -0.99838 0.90331 0.012981 0.25686 
2720  0.093619 -0.98595 0.90194 0.030352 0.25989 
2721  0.090618 -1.0015 0.90364 -0.029528 0.24986 
2722  0.092418 -0.99213 0.90272 -0.035854 0.24926 
2723  0.089018 -1.0100 0.90435 -0.023914 0.25081 
2724  0.10202 -0.94458 0.89524 0.028074 0.25995 
2725  0.10222 -0.94363 0.89504 -0.040796 0.24843 
2726  0.089618 -1.0068 0.90409 -0.046675 0.24669 
2727  0.10002 -0.95415 0.89719 0.027743 0.25972 
2728  0.089418 -1.0079 0.90419 -0.052590 0.24568 
2729  0.086017 -1.0264 0.90531 -0.045712 0.24663 
2730  0.096819 -0.96981 0.89969 0.016173 0.25767 
2731  0.094219 -0.98289 0.90154 0.029189 0.25965 
2732  0.090418 -1.0026 0.90371 0.0060972 0.25563 
2733  0.094619 -0.98085 0.90131 0.030649 0.26016 
2734  0.10882 -0.91325 0.88962 -0.066414 0.24481 
2735  0.10342 -0.93798 0.89404 0.025177 0.25950 
2736  0.098420 -0.96192 0.89858 0.018186 0.25838 
2737  0.089418 -1.0079 0.90419 -0.051119 0.24618 
2738  0.093019 -0.98903 0.90231 0.022718 0.25839 
2739  0.083617 -1.0398 0.90584 -0.017992 0.25114 
2740  0.091418 -0.99733 0.90321 0.018212 0.25786 
2741  0.089418 -1.0079 0.90419 -0.038115 0.24769 
2742  0.085217 -1.0308 0.90550 -0.035876 0.24789 
2743  0.088418 -1.0133 0.90457 -0.048380 0.24712 
2744  0.092018 -0.99420 0.90290 -0.033039 0.24944 
2745  0.099820 -0.95511 0.89737 0.025967 0.25943 
2746  0.090818 -1.0005 0.90353 0.025422 0.25898 
2747  0.095419 -0.97681 0.90072 0.028532 0.25977 
2748  0.074215 -1.0960 0.90666 -0.022756 0.24959 
2749  0.087818 -1.0165 0.90479 -0.029458 0.24943 
2750  0.087217 -1.0198 0.90495 0.030217 0.25969 
2751  0.094619 -0.98085 0.90131 -0.029847 0.25023 
2752  0.088618 -1.0122 0.90450 0.029392 0.25968 
2753  0.091018 -0.99943 0.90342 0.027272 0.25951 
2754  0.094219 -0.98289 0.90154 0.033013 0.26039 
2755  0.097219 -0.96783 0.89942 -0.051211 0.24656 
2756  0.086417 -1.0241 0.90520 0.013109 0.25642 
2757  0.096019 -0.97380 0.90030 0.028240 0.25950 
2758  0.095419 -0.97681 0.90072 0.030433 0.26006 
2759  0.10442 -0.93332 0.89331 0.026684 0.25964 
2760  0.096419 -0.97180 0.90003 0.0076770 0.25598 
2761  0.092418 -0.99213 0.90272 0.031917 0.26009 
2762  0.080616 -1.0571 0.90628 0.0056725 0.25514 
2763  0.10382 -0.93611 0.89370 0.027346 0.25976 
2764  0.090418 -1.0026 0.90371 0.0098646 0.25601 
2765  0.089218 -1.0090 0.90426 0.012744 0.25675 
2766  0.092619 -0.99109 0.90256 0.014028 0.25706 
2767  0.087618 -1.0176 0.90485 0.0028032 0.25464 
2768  0.090218 -1.0036 0.90380 0.0079774 0.25588 
2769  0.087818 -1.0165 0.90479 0.0072568 0.25532 
2770  0.090018 -1.0047 0.90390 0.015417 0.25726 
2771  0.079616 -1.0630 0.90637 0.013822 0.25612 
2772  0.093819 -0.98493 0.90183 -0.049292 0.24689 
2773  0.093219 -0.98800 0.90219 -0.041616 0.24778 
2774  0.088218 -1.0143 0.90464 0.0065659 0.25577 
2775  0.085417 -1.0297 0.90544 -0.036869 0.24859 
2776  0.095819 -0.97480 0.90045 -0.053926 0.24623 
2777  0.079416 -1.0642 0.90640 -0.024656 0.24952 
2778  0.077415 -1.0762 0.90651 -0.024356 0.24940 
2779  0.094019 -0.98390 0.90169 -0.028394 0.24974 
2780  0.083817 -1.0387 0.90579 -0.026609 0.24950 
2781  0.086417 -1.0241 0.90520 -0.016057 0.25147 
2782  0.088618 -1.0122 0.90450 0.021883 0.25831 
2783  0.082016 -1.0489 0.90606 0.015566 0.25656 
2784  0.097219 -0.96783 0.89942 0.027061 0.25973 
2785  0.091218 -0.99838 0.90331 -0.030873 0.24955 
2786  0.10062 -0.95126 0.89653 -0.063726 0.24517 
2787  0.10902 -0.91235 0.88941 -0.070253 0.24420 
2788  0.099020 -0.95899 0.89812 0.028006 0.25955 
2789  0.10662 -0.92319 0.89158 0.029170 0.26003 
2790  0.087618 -1.0176 0.90485 0.020241 0.25787 
2791  0.081416 -1.0524 0.90617 -0.011765 0.25236 
2792  0.098420 -0.96192 0.89858 0.018718 0.25808 
2793  0.081216 -1.0536 0.90620 0.0087996 0.25537 
2794  0.095419 -0.97681 0.90072 0.020056 0.25807 
2795  0.10722 -0.92046 0.89104 -0.065512 0.24450 
2796  0.096219 -0.97280 0.90015 -0.054311 0.24594 
2797  0.095819 -0.97480 0.90045 0.027435 0.25941 
2798  0.094619 -0.98085 0.90131 -0.053445 0.24612 
2799  0.097019 -0.96882 0.89955 0.032142 0.26043 
2800  0.093219 -0.98800 0.90219 -0.016416 0.25210 
2801  0.10082 -0.95030 0.89637 0.031059 0.26044 
2802  0.10202 -0.94458 0.89524 -0.068066 0.24428 
2803  0.10102 -0.94934 0.89620 0.014116 0.25706 
2804  0.10142 -0.94743 0.89578 -0.059803 0.24563 
2805  0.095819 -0.97480 0.90045 -0.061412 0.24516 
2806  0.090818 -1.0005 0.90353 0.012915 0.25663 
2807  0.089618 -1.0068 0.90409 0.019107 0.25802 
2808  0.098220 -0.96290 0.89876 0.027866 0.25960 
2809  0.098420 -0.96192 0.89858 0.023652 0.25881 
2810  0.086217 -1.0252 0.90526 0.0029084 0.25500 
2811  0.099220 -0.95802 0.89793 0.032400 0.26066 
2812  0.098820 -0.95997 0.89826 0.031924 0.26052 
2813  0.093819 -0.98493 0.90183 0.022681 0.25854 
2814  0.088218 -1.0143 0.90464 -0.013685 0.25157 
2815  0.090418 -1.0026 0.90371 -0.039787 0.24773 
2816  0.092619 -0.99109 0.90256 0.0030942 0.25499 
2817  0.089818 -1.0058 0.90399 0.0084673 0.25602 
2818  0.093819 -0.98493 0.90183 0.0072580 0.25575 
2819  0.092819 -0.99006 0.90244 0.0084839 0.25604 
2820  0.089018 -1.0100 0.90435 0.015015 0.25713 
2821  0.10262 -0.94174 0.89472 -0.063989 0.24496 
2822  0.092819 -0.99006 0.90244 0.015840 0.25737 
2823  0.092418 -0.99213 0.90272 0.021961 0.25839 
2824  0.10262 -0.94174 0.89472 0.032216 0.26054 
2825  0.090818 -1.0005 0.90353 0.032056 0.26019 
2826  0.081816 -1.0501 0.90609 0.0090089 0.25569 
2827  0.098420 -0.96192 0.89858 0.031034 0.26009 
2828  0.091018 -0.99943 0.90342 0.015324 0.25763 
2829  0.095019 -0.97883 0.90101 -0.014288 0.25257 
2830  0.085817 -1.0275 0.90535 -0.033710 0.24883 
2831  0.086017 -1.0264 0.90531 0.017136 0.25730 
2832  0.091618 -0.99629 0.90311 -0.037449 0.24866 
2833  0.090618 -1.0015 0.90364 -0.025905 0.25035 
2834  0.089818 -1.0058 0.90399 -0.024367 0.25115 
2835  0.093019 -0.98903 0.90231 0.025048 0.25883 
2836  0.087417 -1.0187 0.90490 0.011594 0.25651 
2837  0.093419 -0.98697 0.90207 0.030118 0.25986 
2838  0.098620 -0.96094 0.89843 -0.059190 0.24511 
2839  0.090218 -1.0036 0.90380 -0.035059 0.24917 
2840  0.096219 -0.97280 0.90015 0.015818 0.25714 
2841  0.080216 -1.0594 0.90631 -0.013578 0.25147 
2842  0.092619 -0.99109 0.90256 -0.0038762 0.25375 
2843  0.095219 -0.97782 0.90087 0.028514 0.25955 
2844  0.080616 -1.0571 0.90628 -0.018453 0.25084 
2845  0.099620 -0.95608 0.89753 0.018445 0.25795 
2846  0.093619 -0.98595 0.90194 0.022929 0.25872 
2847  0.088018 -1.0154 0.90472 0.018032 0.25780 
2848  0.083217 -1.0421 0.90591 -0.016658 0.25103 
2849  0.092418 -0.99213 0.90272 0.017809 0.25763 
2850  0.099820 -0.95511 0.89737 0.023830 0.25902 
2851  0.088618 -1.0122 0.90450 0.012756 0.25659 
2852  0.078616 -1.0689 0.90645 -0.0042488 0.25299 
2853  0.082617 -1.0455 0.90598 -0.019634 0.25075 
2854  0.093019 -0.98903 0.90231 0.012833 0.25680 
2855  0.10362 -0.93705 0.89388 0.037664 0.26145 
2856  0.094219 -0.98289 0.90154 -0.028286 0.25018 
2857  0.081616 -1.0512 0.90613 -0.016524 0.25083 
2858  0.081816 -1.0501 0.90609 -0.023223 0.25006 
2859  0.086617 -1.0230 0.90513 0.0032501 0.25488 
2860  0.10302 -0.93986 0.89433 -0.057275 0.24617 
2861  0.099820 -0.95511 0.89737 -0.053641 0.24647 
2862  0.096019 -0.97380 0.90030 -0.056666 0.24567 
2863  0.079216 -1.0653 0.90641 0.019806 0.25701 
2864  0.097820 -0.96487 0.89901 -0.050565 0.24689 
2865  0.096619 -0.97081 0.89985 0.015251 0.25736 
2866  0.090218 -1.0036 0.90380 0.016514 0.25743 
2867  0.092619 -0.99109 0.90256 0.015106 0.25728 
2868  0.098620 -0.96094 0.89843 0.025461 0.25913 
2869  0.10882 -0.91325 0.88962 -0.074173 0.24370 
2870  0.10202 -0.94458 0.89524 0.024394 0.25915 
2871  0.10162 -0.94648 0.89562 -0.058831 0.24556 
2872  0.092418 -0.99213 0.90272 0.017580 0.25759 
2873  0.095019 -0.97883 0.90101 0.015497 0.25745 
2874  0.096019 -0.97380 0.90030 -0.054842 0.24579 
2875  0.10342 -0.93798 0.89404 0.033022 0.26053 
2876  0.098420 -0.96192 0.89858 0.036234 0.26122 
2877  0.088218 -1.0143 0.90464 0.019374 0.25727 
2878  0.10342 -0.93798 0.89404 0.024153 0.25914 
2879  0.096419 -0.97180 0.90003 0.017394 0.25788 
2880  0.093019 -0.98903 0.90231 0.024389 0.25875 
2881  0.087618 -1.0176 0.90485 -0.029662 0.24969 
2882  0.093819 -0.98493 0.90183 0.018750 0.25758 
2883  0.087618 -1.0176 0.90485 -0.00013534 0.25420 
2884  0.091618 -0.99629 0.90311 0.021238 0.25796 
2885  0.10442 -0.93332 0.89331 0.030407 0.25996 
2886  0.095219 -0.97782 0.90087 0.010027 0.25602 
2887  0.094219 -0.98289 0.90154 0.022334 0.25878 
2888  0.097219 -0.96783 0.89942 0.014562 0.25716 
2889  0.097620 -0.96585 0.89917 0.032215 0.26034 
2890  0.099620 -0.95608 0.89753 0.053744 0.26417 
2891  0.085817 -1.0275 0.90535 0.015099 0.25645 
2892  0.090418 -1.0026 0.90371 -0.026280 0.25029 
2893  0.090018 -1.0047 0.90390 0.0037351 0.25514 
2894  0.089418 -1.0079 0.90419 0.018913 0.25800 
2895  0.083617 -1.0398 0.90584 -0.030879 0.24942 
2896  0.088618 -1.0122 0.90450 0.023582 0.25841 
2897  0.091618 -0.99629 0.90311 0.021166 0.25838 
2898  0.095619 -0.97581 0.90057 -0.037594 0.24882 
2899  0.094419 -0.98187 0.90141 0.021962 0.25839 
2900  0.10442 -0.93332 0.89331 -0.049742 0.24689 
2901  0.096019 -0.97380 0.90030 0.027108 0.25946 
2902  0.089618 -1.0068 0.90409 0.012816 0.25700 
2903  0.093819 -0.98493 0.90183 -0.056038 0.24570 
2904  0.086017 -1.0264 0.90531 0.0027098 0.25465 
2905  0.081616 -1.0512 0.90613 0.0015149 0.25429 
2906  0.085417 -1.0297 0.90544 -0.021931 0.25066 
2907  0.086217 -1.0252 0.90526 -0.024617 0.24970 
2908  0.086617 -1.0230 0.90513 -0.021749 0.25044 
2909  0.090818 -1.0005 0.90353 0.016337 0.25728 
2910  0.093019 -0.98903 0.90231 -0.051874 0.24649 
2911  0.098620 -0.96094 0.89843 -0.060861 0.24558 
2912  0.088218 -1.0143 0.90464 0.012357 0.25642 
2913  0.092418 -0.99213 0.90272 0.020652 0.25817 
2914  0.096019 -0.97380 0.90030 0.025471 0.25917 
2915  0.081216 -1.0536 0.90620 0.012862 0.25636 
2916  0.10102 -0.94934 0.89620 0.028070 0.25962 
2917  0.098020 -0.96388 0.89890 0.029795 0.26007 
2918  0.094619 -0.98085 0.90131 0.026967 0.25939 
2919  0.096219 -0.97280 0.90015 0.025779 0.25917 
2920  0.096419 -0.97180 0.90003 0.025501 0.25914 
2921  0.095019 -0.97883 0.90101 0.019570 0.25774 
2922  0.091218 -0.99838 0.90331 0.023154 0.25873 
2923  0.088418 -1.0133 0.90457 0.031323 0.25975 
2924  0.10622 -0.92502 0.89191 -0.066730 0.24469 
2925  0.094419 -0.98187 0.90141 -0.055069 0.24570 
2926  0.097620 -0.96585 0.89917 0.036260 0.26115 
2927  0.093019 -0.98903 0.90231 0.018752 0.25784 
2928  0.081816 -1.0501 0.90609 -0.023818 0.24982 
2929  0.084817 -1.0330 0.90560 -0.024669 0.24932 
2930  0.067013 -1.1437 0.90679 -0.016615 0.25037 
2931  0.090018 -1.0047 0.90390 0.012851 0.25677 
2932  0.096619 -0.97081 0.89985 0.024759 0.25931 
2933  0.089618 -1.0068 0.90409 -0.027308 0.24974 
2934  0.094219 -0.98289 0.90154 0.030721 0.26010 
2935  0.094619 -0.98085 0.90131 -0.053952 0.24641 
2936  0.097820 -0.96487 0.89901 0.016508 0.25745 
2937  0.087818 -1.0165 0.90479 0.011455 0.25635 
2938  0.084217 -1.0364 0.90570 0.0078786 0.25581 
2939  0.097019 -0.96882 0.89955 0.0092397 0.25624 
2940  0.097219 -0.96783 0.89942 0.032023 0.26021 
2941  0.10002 -0.95415 0.89719 0.030616 0.25987 
2942  0.10442 -0.93332 0.89331 0.033939 0.26089 
2943  0.087618 -1.0176 0.90485 0.018771 0.25777 
2944  0.097419 -0.96684 0.89929 0.012891 0.25721 
2945  0.096819 -0.96981 0.89969 0.026959 0.25956 
2946  0.086417 -1.0241 0.90520 -0.024257 0.25009 
2947  0.090818 -1.0005 0.90353 -0.051141 0.24631 
2948  0.096819 -0.96981 0.89969 0.023858 0.25892 
2949  0.10402 -0.93518 0.89353 -0.062148 0.24484 
2950  0.089018 -1.0100 0.90435 0.023665 0.25842 
2951  0.094019 -0.98390 0.90169 0.016081 0.25726 
2952  0.091018 -0.99943 0.90342 0.027922 0.25938 
2953  0.088218 -1.0143 0.90464 0.017685 0.25699 
2954  0.091018 -0.99943 0.90342 0.027088 0.25927 
2955  0.092018 -0.99420 0.90290 0.021176 0.25850 
2956  0.092418 -0.99213 0.90272 0.024510 0.25904 
2957  0.094219 -0.98289 0.90154 0.026416 0.25930 
2958  0.089418 -1.0079 0.90419 0.016277 0.25756 
2959  0.10222 -0.94363 0.89504 -0.068341 0.24430 
2960  0.098220 -0.96290 0.89876 0.016650 0.25740 
2961  0.10682 -0.92228 0.89135 -0.075494 0.24334 
2962  0.087017 -1.0209 0.90503 -0.033126 0.24916 
2963  0.094019 -0.98390 0.90169 0.026248 0.25943 
2964  0.090218 -1.0036 0.90380 0.0045508 0.25521 
2965  0.094819 -0.97984 0.90117 0.020255 0.25831 
2966  0.097019 -0.96882 0.89955 0.021527 0.25857 
2967  0.086817 -1.0220 0.90508 0.0056671 0.25517 
2968  0.099020 -0.95899 0.89812 0.0090113 0.25645 
2969  0.093419 -0.98697 0.90207 0.019372 0.25826 
2970  0.098620 -0.96094 0.89843 0.013046 0.25730 
2971  0.10042 -0.95222 0.89675 -0.067905 0.24454 
2972  0.093419 -0.98697 0.90207 0.030225 0.25996 
2973  0.099020 -0.95899 0.89812 0.017130 0.25785 
2974  0.098020 -0.96388 0.89890 0.022827 0.25861 
2975  0.096819 -0.96981 0.89969 0.026318 0.25933 
2976  0.088218 -1.0143 0.90464 0.0011114 0.25460 
2977  0.078016 -1.0725 0.90648 0.0093340 0.25510 
2978  0.093019 -0.98903 0.90231 0.031230 0.26016 
2979  0.085217 -1.0308 0.90550 -0.028747 0.24891 
2980  0.075215 -1.0897 0.90663 -0.030821 0.24850 
2981  0.081216 -1.0536 0.90620 -0.032322 0.24850 
2982  0.096019 -0.97380 0.90030 0.027952 0.25965 
2983  0.089418 -1.0079 0.90419 -0.021272 0.25096 
2984  0.088018 -1.0154 0.90472 0.0071683 0.25591 
2985  0.097219 -0.96783 0.89942 0.027077 0.25927 
2986  0.094219 -0.98289 0.90154 0.031754 0.26035 
2987  0.086017 -1.0264 0.90531 0.013760 0.25641 
2988  0.092218 -0.99316 0.90280 0.020391 0.25813 
2989  0.099020 -0.95899 0.89812 0.028728 0.25965 
2990  0.092218 -0.99316 0.90280 0.021245 0.25824 
2991  0.092218 -0.99316 0.90280 0.018909 0.25796 
2992  0.090618 -1.0015 0.90364 0.0053827 0.25530 
2993  0.094419 -0.98187 0.90141 0.013223 0.25680 
2994  0.094619 -0.98085 0.90131 0.0084691 0.25643 
2995  0.096019 -0.97380 0.90030 0.028513 0.25964 
2996  0.098020 -0.96388 0.89890 -0.047426 0.24764 
2997  0.080216 -1.0594 0.90631 0.00043536 0.25359 
2998  0.093419 -0.98697 0.90207 0.014476 0.25728 
2999  0.091218 -0.99838 0.90331 0.021235 0.25840 
3000  0.10122 -0.94839 0.89595 -0.065273 0.24451 
3001  0.098820 -0.95997 0.89826 -0.037861 0.24859 
3002  0.097019 -0.96882 0.89955 -0.032388 0.24930 
3003  0.087217 -1.0198 0.90495 0.015618 0.25723 
3004  0.068414 -1.1341 0.90678 -0.0053786 0.25212 
3005  0.089218 -1.0090 0.90426 0.046949 0.26214 
3006  0.070414 -1.1206 0.90674 -0.0029500 0.25254 
3007  0.064813 -1.1592 0.90683 -0.0010575 0.25281 
3008  0.083817 -1.0387 0.90579 0.045197 0.26170 
3009  0.093819 -0.98493 0.90183 -0.040987 0.24804 
3010  0.079016 -1.0665 0.90642 -0.020858 0.25041 
3011  0.091218 -0.99838 0.90331 -0.035282 0.24847 
3012  0.090018 -1.0047 0.90390 -0.027389 0.25014 
3013  0.090018 -1.0047 0.90390 0.024362 0.25893 
3014  0.086617 -1.0230 0.90513 -0.024985 0.24974 
3015  0.087618 -1.0176 0.90485 -0.024650 0.25002 
3016  0.084817 -1.0330 0.90560 -0.032059 0.24884 
3017  0.099020 -0.95899 0.89812 0.026128 0.25940 
3018  0.092619 -0.99109 0.90256 -0.040531 0.24807 
3019  0.096219 -0.97280 0.90015 0.028637 0.25986 
3020  0.093419 -0.98697 0.90207 0.023071 0.25874 
3021  0.095619 -0.97581 0.90057 0.026181 0.25928 
3022  0.095219 -0.97782 0.90087 0.019219 0.25809 
3023  0.10462 -0.93239 0.89313 0.027033 0.25987 
3024  0.096419 -0.97180 0.90003 -0.044365 0.24811 
3025  0.079216 -1.0653 0.90641 -0.028335 0.24902 
3026  0.092819 -0.99006 0.90244 -0.046267 0.24743 
3027  0.091818 -0.99524 0.90300 0.021043 0.25810 
3028  0.096419 -0.97180 0.90003 0.027063 0.25940 
3029  0.098620 -0.96094 0.89843 -0.068351 0.24400 
3030  0.095819 -0.97480 0.90045 0.029940 0.26009 
3031  0.097019 -0.96882 0.89955 0.014528 0.25722 
3032  0.093419 -0.98697 0.90207 0.027122 0.25945 
3033  0.098620 -0.96094 0.89843 0.020050 0.25834 
3034  0.088418 -1.0133 0.90457 -0.016303 0.25196 
3035  0.10002 -0.95415 0.89719 -0.063256 0.24500 
3036  0.089018 -1.0100 0.90435 0.016607 0.25726 
3037  0.092619 -0.99109 0.90256 -0.024878 0.25015 
3038  0.088418 -1.0133 0.90457 -0.039256 0.24866 
3039  0.090218 -1.0036 0.90380 0.0094495 0.25609 
3040  0.098820 -0.95997 0.89826 0.029290 0.25977 
3041  0.096819 -0.96981 0.89969 0.0015859 0.25545 
3042  0.091618 -0.99629 0.90311 0.0057185 0.25580 
3043  0.085217 -1.0308 0.90550 0.0073392 0.25575 
3044  0.088418 -1.0133 0.90457 0.0085617 0.25620 
3045  0.085417 -1.0297 0.90544 0.00046244 0.25426 
3046  0.093419 -0.98697 0.90207 0.020989 0.25794 
3047  0.091018 -0.99943 0.90342 -0.030735 0.24993 
3048  0.093419 -0.98697 0.90207 0.0087937 0.25575 
3049  0.10002 -0.95415 0.89719 0.028725 0.25981 
3050  0.089818 -1.0058 0.90399 0.021978 0.25821 
3051  0.069214 -1.1287 0.90675 0.013625 0.25547 
3052  0.080616 -1.0571 0.90628 -0.029726 0.24879 
3053  0.099820 -0.95511 0.89737 -0.039102 0.24866 
3054  0.080616 -1.0571 0.90628 -0.0038956 0.25346 
3055  0.088618 -1.0122 0.90450 0.048495 0.26278 
3056  0.093019 -0.98903 0.90231 0.0077311 0.25601 
3057  0.090218 -1.0036 0.90380 0.011601 0.25651 
3058  0.097419 -0.96684 0.89929 -0.030326 0.25023 
3059  0.086417 -1.0241 0.90520 0.011224 0.25639 
3060  0.094819 -0.97984 0.90117 -0.0021875 0.25412 
3061  0.088618 -1.0122 0.90450 -0.041659 0.24717 
3062  0.10062 -0.95126 0.89653 -0.054446 0.24605 
3063  0.088418 -1.0133 0.90457 0.0043560 0.25529 
3064  0.096419 -0.97180 0.90003 0.029823 0.26015 
3065  0.080816 -1.0559 0.90624 0.014773 0.25623 
3066  0.084417 -1.0353 0.90568 0.015285 0.25667 
3067  0.096019 -0.97380 0.90030 0.024787 0.25930 
3068  0.078816 -1.0677 0.90644 0.0073380 0.25519 
3069  0.087417 -1.0187 0.90490 -0.045785 0.24706 
3070  0.099220 -0.95802 0.89793 0.020071 0.25850 
3071  0.090618 -1.0015 0.90364 -0.037863 0.24869 
3072  0.10942 -0.91057 0.88918 -0.064554 0.24508 
3073  0.092018 -0.99420 0.90290 0.022981 0.25860 
3074  0.096619 -0.97081 0.89985 -0.027345 0.25019 
3075  0.093219 -0.98800 0.90219 0.026909 0.25912 
3076  0.093419 -0.98697 0.90207 0.025392 0.25906 
3077  0.095819 -0.97480 0.90045 0.027051 0.25948 
3078  0.099620 -0.95608 0.89753 -0.060801 0.24539 
3079  0.10462 -0.93239 0.89313 -0.061704 0.24492 
3080  0.092418 -0.99213 0.90272 -0.039669 0.24781 
3081  0.10762 -0.91865 0.89073 0.021805 0.25893 
3082  0.088818 -1.0111 0.90442 0.0017943 0.25483 
3083  0.088418 -1.0133 0.90457 -0.032789 0.24915 
3084  0.098020 -0.96388 0.89890 0.026766 0.25950 
3085  0.083617 -1.0398 0.90584 0.0064159 0.25513 
3086  0.089018 -1.0100 0.90435 -0.044680 0.24726 
3087  0.093219 -0.98800 0.90219 0.0044723 0.25529 
3088  0.090418 -1.0026 0.90371 -0.0027399 0.25384 
3089  0.096819 -0.96981 0.89969 0.033769 0.26058 
3090  0.096619 -0.97081 0.89985 0.029544 0.25988 
3091  0.097620 -0.96585 0.89917 0.014521 0.25752 
3092  0.093019 -0.98903 0.90231 0.0020626 0.25489 
3093  0.10182 -0.94553 0.89542 0.026558 0.25941 
3094  0.086417 -1.0241 0.90520 0.0027040 0.25507 
3095  0.097419 -0.96684 0.89929 0.031017 0.26052 
3096  0.10062 -0.95126 0.89653 0.028174 0.25948 
3097  0.090418 -1.0026 0.90371 0.013012 0.25662 
3098  0.098020 -0.96388 0.89890 0.043038 0.26243 
3099  0.098820 -0.95997 0.89826 0.029774 0.26005 
3100  0.10162 -0.94648 0.89562 0.028058 0.25967 
3101  0.086617 -1.0230 0.90513 0.023712 0.25836 
3102  0.099420 -0.95705 0.89774 0.017968 0.25819 
3103  0.094019 -0.98390 0.90169 -0.053111 0.24614 
3104  0.097219 -0.96783 0.89942 0.026968 0.25933 
3105  0.092418 -0.99213 0.90272 0.019957 0.25774 
3106  0.092819 -0.99006 0.90244 -0.051406 0.24621 
3107  0.090018 -1.0047 0.90390 -0.0081763 0.25318 
3108  0.093819 -0.98493 0.90183 0.016054 0.25719 
3109  0.090218 -1.0036 0.90380 -0.041922 0.24727 
3110  0.096619 -0.97081 0.89985 -0.051290 0.24599 
3111  0.093619 -0.98595 0.90194 0.014737 0.25720 
3112  0.092819 -0.99006 0.90244 -0.016119 0.25183 
3113  0.090218 -1.0036 0.90380 -0.037698 0.24839 
3114  0.096619 -0.97081 0.89985 0.028544 0.25974 
3115  0.090618 -1.0015 0.90364 -0.034445 0.24893 
3116  0.096419 -0.97180 0.90003 -0.031339 0.24970 
3117  0.10042 -0.95222 0.89675 0.025275 0.25910 
3118  0.094019 -0.98390 0.90169 0.023646 0.25890 
3119  0.092819 -0.99006 0.90244 0.016569 0.25758 
3120  0.098020 -0.96388 0.89890 0.029681 0.25990 
3121  0.091618 -0.99629 0.90311 0.022344 0.25869 
3122  0.093219 -0.98800 0.90219 0.025084 0.25897 
3123  0.097620 -0.96585 0.89917 0.030855 0.26041 
3124  0.091418 -0.99733 0.90321 0.029105 0.25998 
3125  0.091018 -0.99943 0.90342 0.022722 0.25847 
3126  0.097620 -0.96585 0.89917 -0.066084 0.24477 
3127  0.092819 -0.99006 0.90244 -0.0010820 0.25459 
3128  0.099420 -0.95705 0.89774 -0.061227 0.24474 
3129  0.099220 -0.95802 0.89793 -0.048982 0.24692 
3130  0.097019 -0.96882 0.89955 -0.055227 0.24589 
3131  0.093019 -0.98903 0.90231 0.021247 0.25850 
3132  0.090418 -1.0026 0.90371 -0.032053 0.24936 
3133  0.095619 -0.97581 0.90057 0.021395 0.25853 
3134  0.10262 -0.94174 0.89472 -0.060961 0.24526 
3135  0.095819 -0.97480 0.90045 0.015924 0.25743 
3136  0.085617 -1.0286 0.90539 0.010401 0.25553 
3137  0.096819 -0.96981 0.89969 -0.062478 0.24494 
3138  0.087818 -1.0165 0.90479 0.0066947 0.25578 
3139  0.090618 -1.0015 0.90364 -0.039013 0.24824 
3140  0.092018 -0.99420 0.90290 -0.046055 0.24728 
3141  0.095419 -0.97681 0.90072 -0.043638 0.24730 
3142  0.099820 -0.95511 0.89737 -0.064047 0.24461 
3143  0.091818 -0.99524 0.90300 -0.039899 0.24860 
3144  0.089018 -1.0100 0.90435 -0.032511 0.24916 
3145  0.095819 -0.97480 0.90045 0.020596 0.25825 
3146  0.094019 -0.98390 0.90169 0.014214 0.25719 
3147  0.087618 -1.0176 0.90485 0.0054083 0.25495 
3148  0.092018 -0.99420 0.90290 0.011263 0.25624 
3149  0.10002 -0.95415 0.89719 -0.059750 0.24557 
3150  0.094219 -0.98289 0.90154 0.033986 0.26043 
3151  0.083217 -1.0421 0.90591 0.016137 0.25658 
3152  0.096419 -0.97180 0.90003 -0.059435 0.24543 
3153  0.092218 -0.99316 0.90280 0.032563 0.26052 
3154  0.098420 -0.96192 0.89858 0.020589 0.25851 
3155  0.095819 -0.97480 0.90045 0.032469 0.26022 
3156  0.089818 -1.0058 0.90399 -0.034353 0.24857 
3157  0.093019 -0.98903 0.90231 0.027857 0.25946 
3158  0.092819 -0.99006 0.90244 0.013076 0.25686 
3159  0.094819 -0.97984 0.90117 0.027367 0.25922 
3160  0.085817 -1.0275 0.90535 -0.010475 0.25258 
3161  0.099220 -0.95802 0.89793 -0.048958 0.24692 
3162  0.094619 -0.98085 0.90131 0.025917 0.25910 
3163  0.095219 -0.97782 0.90087 0.035436 0.26095 
3164  0.094019 -0.98390 0.90169 0.019935 0.25815 
3165  0.089018 -1.0100 0.90435 0.013444 0.25687 
3166  0.090218 -1.0036 0.90380 -0.00022248 0.25453 
3167  0.092018 -0.99420 0.90290 0.022910 0.25877 
3168  0.094019 -0.98390 0.90169 0.0012860 0.25511 
3169  0.093019 -0.98903 0.90231 0.0067169 0.25584 
3170  0.091018 -0.99943 0.90342 0.0095585 0.25627 
3171  0.092018 -0.99420 0.90290 0.0048816 0.25517 
3172  0.095019 -0.97883 0.90101 0.015001 0.25701 
3173  0.086817 -1.0220 0.90508 0.0037418 0.25459 
3174  0.084817 -1.0330 0.90560 0.0055138 0.25515 
3175  0.077616 -1.0750 0.90650 0.00013237 0.25349 
3176  0.095219 -0.97782 0.90087 -0.027754 0.25027 
3177  0.097820 -0.96487 0.89901 0.018954 0.25780 
3178  0.10962 -0.90968 0.88892 0.036813 0.26170 
3179  0.091018 -0.99943 0.90342 0.014529 0.25730 
3180  0.090418 -1.0026 0.90371 0.014456 0.25715 
3181  0.085017 -1.0319 0.90555 -0.0054413 0.25310 
3182  0.090818 -1.0005 0.90353 -0.0046128 0.25375 
3183  0.093819 -0.98493 0.90183 0.026455 0.25942 
3184  0.093019 -0.98903 0.90231 0.023920 0.25900 
3185  0.094419 -0.98187 0.90141 0.036774 0.26100 
3186  0.089218 -1.0090 0.90426 -0.0049827 0.25359 
3187  0.095419 -0.97681 0.90072 -0.038079 0.24803 
3188  0.092819 -0.99006 0.90244 0.010762 0.25648 
3189  0.10082 -0.95030 0.89637 0.029692 0.26014 
3190  0.089018 -1.0100 0.90435 -0.050847 0.24667 
3191  0.096419 -0.97180 0.90003 -0.030689 0.24970 
3192  0.099420 -0.95705 0.89774 0.022891 0.25881 
3193  0.096419 -0.97180 0.90003 0.037992 0.26148 
3194  0.10182 -0.94553 0.89542 0.012572 0.25680 
3195  0.093419 -0.98697 0.90207 0.029266 0.25982 
3196  0.088418 -1.0133 0.90457 0.0046035 0.25526 
3197  0.094819 -0.97984 0.90117 -0.023936 0.25062 
3198  0.10502 -0.93054 0.89283 -0.066717 0.24440 
3199  0.088418 -1.0133 0.90457 -0.019323 0.25100 
3200  0.092819 -0.99006 0.90244 0.020860 0.25840 
3201  0.086217 -1.0252 0.90526 0.018103 0.25730 
3202  0.099820 -0.95511 0.89737 0.016534 0.25774 
3203  0.094219 -0.98289 0.90154 0.0031542 0.25505 
3204  0.10222 -0.94363 0.89504 0.020563 0.25840 
3205  0.093219 -0.98800 0.90219 0.015696 0.25769 
3206  0.090018 -1.0047 0.90390 0.025864 0.25898 
3207  0.092418 -0.99213 0.90272 0.028145 0.25967 
3208  0.098220 -0.96290 0.89876 0.035685 0.26094 
3209  0.10302 -0.93986 0.89433 0.016522 0.25792 
3210  0.088818 -1.0111 0.90442 -0.040370 0.24789 
3211  0.099420 -0.95705 0.89774 0.020736 0.25867 
3212  0.091218 -0.99838 0.90331 0.016803 0.25735 
3213  0.10542 -0.92869 0.89244 -0.067439 0.24444 
3214  0.095419 -0.97681 0.90072 0.015316 0.25739 
3215  0.077415 -1.0762 0.90651 -0.012611 0.25130 
3216  0.089618 -1.0068 0.90409 -0.029191 0.24945 
3217  0.091218 -0.99838 0.90331 0.023956 0.25866 
3218  0.092018 -0.99420 0.90290 0.021283 0.25848 
3219  0.097219 -0.96783 0.89942 0.014639 0.25735 
3220  0.094619 -0.98085 0.90131 0.030952 0.25985 
3221  0.099220 -0.95802 0.89793 0.030718 0.26028 
3222  0.090818 -1.0005 0.90353 -0.012307 0.25221 
3223  0.090018 -1.0047 0.90390 0.013438 0.25691 
3224  0.091618 -0.99629 0.90311 0.017334 0.25749 
3225  0.087417 -1.0187 0.90490 -0.026948 0.25039 
3226  0.085617 -1.0286 0.90539 0.0016230 0.25432 
3227  0.087417 -1.0187 0.90490 -0.0080582 0.25304 
3228  0.082016 -1.0489 0.90606 -0.0013399 0.25361 
3229  0.098220 -0.96290 0.89876 0.034787 0.26109 
3230  0.096819 -0.96981 0.89969 0.013180 0.25678 
3231  0.088218 -1.0143 0.90464 -0.036875 0.24865 
3232  0.093619 -0.98595 0.90194 0.012737 0.25681 
3233  0.084417 -1.0353 0.90568 -0.00021763 0.25429 
3234  0.092819 -0.99006 0.90244 -0.035471 0.24892 
3235  0.093019 -0.98903 0.90231 0.028792 0.25959 
3236  0.081816 -1.0501 0.90609 -0.024755 0.24959 
3237  0.095419 -0.97681 0.90072 -0.032042 0.24983 
3238  0.073615 -1.0998 0.90670 -0.018400 0.25035 
3239  0.088218 -1.0143 0.90464 -0.010535 0.25246 
3240  0.10762 -0.91865 0.89073 0.017098 0.25816 
3241  0.093619 -0.98595 0.90194 -0.048550 0.24710 
3242  0.097019 -0.96882 0.89955 0.017015 0.25773 
3243  0.081416 -1.0524 0.90617 0.019179 0.25760 
3244  0.094819 -0.97984 0.90117 0.022028 0.25846 
3245  0.093219 -0.98800 0.90219 -0.053629 0.24592 
3246  0.091618 -0.99629 0.90311 -0.053365 0.24629 
3247  0.092819 -0.99006 0.90244 -0.036937 0.24815 
3248  0.10442 -0.93332 0.89331 -0.055282 0.24587 
3249  0.094219 -0.98289 0.90154 0.025463 0.25922 
3250  0.096219 -0.97280 0.90015 -0.054801 0.24564 
3251  0.10722 -0.92046 0.89104 -0.060694 0.24531 
3252  0.10042 -0.95222 0.89675 0.030096 0.26032 
3253  0.10802 -0.91684 0.89043 -0.069505 0.24418 
3254  0.094219 -0.98289 0.90154 0.030816 0.26010 
3255  0.095219 -0.97782 0.90087 0.024455 0.25914 
3256  0.091418 -0.99733 0.90321 0.0061475 0.25547 
3257  0.099220 -0.95802 0.89793 0.035913 0.26104 
3258  0.089418 -1.0079 0.90419 -0.010136 0.25271 
3259  0.095419 -0.97681 0.90072 0.024478 0.25890 
3260  0.085817 -1.0275 0.90535 0.0075449 0.25568 
3261  0.087017 -1.0209 0.90503 0.025736 0.25932 
3262  0.092218 -0.99316 0.90280 0.0095316 0.25638 
3263  0.089618 -1.0068 0.90409 0.010687 0.25627 
3264  0.094219 -0.98289 0.90154 -0.00078513 0.25416 
3265  0.10122 -0.94839 0.89595 0.033925 0.26077 
3266  0.090018 -1.0047 0.90390 0.017392 0.25751 
3267  0.089618 -1.0068 0.90409 0.011196 0.25627 
3268  0.075215 -1.0897 0.90663 -0.0082931 0.25192 
3269  0.094819 -0.97984 0.90117 0.028783 0.25962 
3270  0.10022 -0.95318 0.89698 -0.054848 0.24598 
3271  0.097620 -0.96585 0.89917 -0.058183 0.24541 
3272  0.097019 -0.96882 0.89955 -0.047528 0.24683 
3273  0.093819 -0.98493 0.90183 -0.042851 0.24754 
3274  0.085017 -1.0319 0.90555 -0.017451 0.25153 
3275  0.091618 -0.99629 0.90311 0.011616 0.25674 
3276  0.091018 -0.99943 0.90342 -0.045793 0.24683 
3277  0.086217 -1.0252 0.90526 0.0029333 0.25462 
3278  0.095819 -0.97480 0.90045 0.018792 0.25804 
3279  0.096419 -0.97180 0.90003 0.029709 0.25967 
3280  0.092819 -0.99006 0.90244 -0.039366 0.24833 
3281  0.094819 -0.97984 0.90117 0.018473 0.25774 
3282  0.091418 -0.99733 0.90321 -0.034583 0.24938 
3283  0.096819 -0.96981 0.89969 0.031747 0.26011 
3284  0.094419 -0.98187 0.90141 0.022979 0.25849 
3285  0.085017 -1.0319 0.90555 0.0094841 0.25564 
3286  0.098020 -0.96388 0.89890 0.029829 0.25977 
3287  0.092819 -0.99006 0.90244 0.027032 0.25938 
3288  0.10042 -0.95222 0.89675 0.026721 0.25985 
3289  0.095819 -0.97480 0.90045 0.017807 0.25774 
3290  0.099020 -0.95899 0.89812 0.030106 0.25998 
3291  0.089618 -1.0068 0.90409 -0.019385 0.25131 
3292  0.095619 -0.97581 0.90057 -0.049668 0.24675 
3293  0.096419 -0.97180 0.90003 -0.0036055 0.25399 
3294  0.092819 -0.99006 0.90244 -0.052273 0.24608 
3295  0.085217 -1.0308 0.90550 -0.037667 0.24801 
3296  0.084817 -1.0330 0.90560 -0.0039174 0.25363 
3297  0.094619 -0.98085 0.90131 -0.042804 0.24760 
3298  0.085417 -1.0297 0.90544 -0.0049414 0.25368 
3299  0.084017 -1.0375 0.90574 -0.0066162 0.25325 
3300  0.097620 -0.96585 0.89917 0.026810 0.25957 
3301  0.092418 -0.99213 0.90272 -0.043073 0.24764 
3302  0.098420 -0.96192 0.89858 -0.047754 0.24742 
3303  0.094019 -0.98390 0.90169 0.0020646 0.25514 
3304  0.085617 -1.0286 0.90539 -0.036563 0.24847 
3305  0.091018 -0.99943 0.90342 -0.041447 0.24794 
3306  0.094019 -0.98390 0.90169 -0.043281 0.24766 
3307  0.098420 -0.96192 0.89858 0.033075 0.26053 
3308  0.097219 -0.96783 0.89942 -0.057078 0.24584 
3309  0.097219 -0.96783 0.89942 0.025643 0.25914 
3310  0.10562 -0.92777 0.89231 -0.067041 0.24454 
3311  0.098220 -0.96290 0.89876 0.026451 0.25942 
3312  0.092819 -0.99006 0.90244 0.027793 0.25974 
3313  0.10022 -0.95318 0.89698 0.025275 0.25939 
3314  0.092619 -0.99109 0.90256 0.026949 0.25920 
3315  0.099820 -0.95511 0.89737 -0.062194 0.24489 
3316  0.089018 -1.0100 0.90435 0.022857 0.25826 
3317  0.097820 -0.96487 0.89901 0.021417 0.25836 
3318  0.10162 -0.94648 0.89562 -0.067377 0.24453 
3319  0.10462 -0.93239 0.89313 -0.075391 0.24308 
3320  0.087417 -1.0187 0.90490 -0.027190 0.24966 
3321  0.097419 -0.96684 0.89929 -0.039294 0.24830 
3322  0.095019 -0.97883 0.90101 -0.026109 0.25042 
3323  0.095019 -0.97883 0.90101 0.0086164 0.25620 
3324  0.096619 -0.97081 0.89985 0.027756 0.25957 
3325  0.10202 -0.94458 0.89524 0.010047 0.25657 
3326  0.081616 -1.0512 0.90613 -0.033560 0.24835 
3327  0.087618 -1.0176 0.90485 0.0097220 0.25629 
3328  0.094219 -0.98289 0.90154 -0.049414 0.24666 
3329  0.088018 -1.0154 0.90472 0.025711 0.25885 
3330  0.084017 -1.0375 0.90574 0.0066339 0.25541 
3331  0.084017 -1.0375 0.90574 -0.024055 0.25024 
3332  0.10202 -0.94458 0.89524 0.038534 0.26147 
3333  0.094819 -0.97984 0.90117 -0.040546 0.24805 
3334  0.098620 -0.96094 0.89843 0.025014 0.25948 
3335  0.098420 -0.96192 0.89858 0.014499 0.25720 
3336  0.098420 -0.96192 0.89858 -0.034663 0.24901 
3337  0.098220 -0.96290 0.89876 0.025890 0.25912 
3338  0.083417 -1.0409 0.90586 -0.026747 0.24935 
3339  0.087217 -1.0198 0.90495 -0.043101 0.24736 
3340  0.094819 -0.97984 0.90117 0.028613 0.25963 
3341  0.10202 -0.94458 0.89524 -0.062326 0.24536 
3342  0.099820 -0.95511 0.89737 0.028872 0.26004 
3343  0.070214 -1.1220 0.90674 -0.014824 0.25077 
3344  0.092619 -0.99109 0.90256 0.012263 0.25675 
3345  0.099220 -0.95802 0.89793 -0.062487 0.24471 
3346  0.10142 -0.94743 0.89578 -0.057532 0.24622 
3347  0.089018 -1.0100 0.90435 0.00076422 0.25445 
3348  0.093219 -0.98800 0.90219 0.013873 0.25700 
3349  0.095819 -0.97480 0.90045 0.027961 0.25948 
3350  0.089018 -1.0100 0.90435 0.023883 0.25851 
3351  0.093619 -0.98595 0.90194 0.014828 0.25687 
3352  0.096019 -0.97380 0.90030 -0.056336 0.24585 
3353  0.10102 -0.94934 0.89620 0.024532 0.25903 
3354  0.094219 -0.98289 0.90154 0.018431 0.25765 
3355  0.093219 -0.98800 0.90219 0.026438 0.25901 
3356  0.087217 -1.0198 0.90495 0.018316 0.25753 
3357  0.087217 -1.0198 0.90495 -0.034200 0.24858 
3358  0.092418 -0.99213 0.90272 0.020217 0.25790 
3359  0.084817 -1.0330 0.90560 0.016527 0.25730 
3360  0.090218 -1.0036 0.90380 0.0093333 0.25612 
3361  0.089618 -1.0068 0.90409 0.028333 0.25957 
3362  0.089418 -1.0079 0.90419 0.0088483 0.25597 
3363  0.082416 -1.0466 0.90600 -0.034125 0.24847 
3364  0.077215 -1.0774 0.90653 -0.0044180 0.25255 
3365  0.091218 -0.99838 0.90331 -0.041926 0.24727 
3366  0.081216 -1.0536 0.90620 -0.027972 0.24922 
3367  0.093619 -0.98595 0.90194 -0.036241 0.24896 
3368  0.10142 -0.94743 0.89578 0.029547 0.26008 
3369  0.095219 -0.97782 0.90087 0.028074 0.25951 
3370  0.098220 -0.96290 0.89876 0.037850 0.26134 
3371  0.085017 -1.0319 0.90555 0.0079375 0.25527 
3372  0.098220 -0.96290 0.89876 0.030891 0.26015 
3373  0.090218 -1.0036 0.90380 0.026412 0.25909 
3374  0.10002 -0.95415 0.89719 0.021550 0.25837 
3375  0.097219 -0.96783 0.89942 -0.053739 0.24663 
3376  0.10202 -0.94458 0.89524 -0.037649 0.24914 
3377  0.091018 -0.99943 0.90342 -0.029514 0.24967 
3378  0.094419 -0.98187 0.90141 0.017856 0.25784 
3379  0.095619 -0.97581 0.90057 -0.026963 0.25030 
3380  0.092218 -0.99316 0.90280 -0.048615 0.24679 
3381  0.088018 -1.0154 0.90472 -0.034502 0.24841 
3382  0.090418 -1.0026 0.90371 0.026025 0.25917 
3383  0.099020 -0.95899 0.89812 0.030690 0.26014 
3384  0.098820 -0.95997 0.89826 0.021877 0.25861 
3385  0.10102 -0.94934 0.89620 0.030855 0.26049 
3386  0.093819 -0.98493 0.90183 0.011580 0.25654 
3387  0.097620 -0.96585 0.89917 -0.045312 0.24728 
3388  0.090018 -1.0047 0.90390 0.011195 0.25646 
3389  0.083017 -1.0432 0.90594 -0.037866 0.24802 
3390  0.088418 -1.0133 0.90457 0.027896 0.25928 
3391  0.082016 -1.0489 0.90606 -0.027325 0.24935 
3392  0.090818 -1.0005 0.90353 0.0077692 0.25543 
3393  0.092418 -0.99213 0.90272 0.029000 0.25969 
3394  0.097620 -0.96585 0.89917 0.018368 0.25781 
3395  0.095219 -0.97782 0.90087 0.015487 0.25744 
3396  0.090618 -1.0015 0.90364 0.016886 0.25746 
3397  0.096019 -0.97380 0.90030 0.026947 0.25985 
3398  0.089618 -1.0068 0.90409 0.019678 0.25792 
3399  0.093419 -0.98697 0.90207 0.0056097 0.25564 
3400  0.089818 -1.0058 0.90399 0.0048869 0.25546 
3401  0.084217 -1.0364 0.90570 0.022091 0.25815 
3402  0.093619 -0.98595 0.90194 0.0091804 0.25591 
3403  0.097019 -0.96882 0.89955 0.025495 0.25950 
3404  0.10322 -0.93892 0.89419 -0.048167 0.24684 
3405  0.097620 -0.96585 0.89917 0.031670 0.26036 
3406  0.094019 -0.98390 0.90169 0.028737 0.25935 
3407  0.091218 -0.99838 0.90331 -0.0043515 0.25360 
3408  0.082016 -1.0489 0.90606 -0.015816 0.25110 
3409  0.098020 -0.96388 0.89890 0.026554 0.25939 
3410  0.098420 -0.96192 0.89858 0.022987 0.25878 
3411  0.097620 -0.96585 0.89917 0.029851 0.25989 
3412  0.085017 -1.0319 0.90555 -0.024828 0.24985 
3413  0.088818 -1.0111 0.90442 0.0043117 0.25487 
3414  0.089418 -1.0079 0.90419 0.023292 0.25844 
3415  0.096419 -0.97180 0.90003 0.031645 0.26022 
3416  0.095019 -0.97883 0.90101 -0.040029 0.24792 
3417  0.094219 -0.98289 0.90154 0.025208 0.25935 
3418  0.094219 -0.98289 0.90154 0.013342 0.25708 
3419  0.096219 -0.97280 0.90015 -0.059632 0.24523 
3420  0.088018 -1.0154 0.90472 0.0098159 0.25612 
3421  0.081216 -1.0536 0.90620 -0.017234 0.25067 
3422  0.091018 -0.99943 0.90342 -0.039006 0.24828 
3423  0.094819 -0.97984 0.90117 0.023333 0.25860 
3424  0.086617 -1.0230 0.90513 0.024449 0.25851 
3425  0.081016 -1.0547 0.90621 -0.013286 0.25171 
3426  0.076215 -1.0835 0.90658 -0.020639 0.25006 
3427  0.089618 -1.0068 0.90409 0.012486 0.25659 
3428  0.091418 -0.99733 0.90321 0.017505 0.25781 
3429  0.099020 -0.95899 0.89812 0.024517 0.25925 
3430  0.095819 -0.97480 0.90045 0.021797 0.25851 
3431  0.090018 -1.0047 0.90390 0.018249 0.25754 
3432  0.098220 -0.96290 0.89876 0.019731 0.25820 
3433  0.079416 -1.0642 0.90640 -0.025154 0.24944 
3434  0.094819 -0.97984 0.90117 0.027464 0.25945 
3435  0.097620 -0.96585 0.89917 0.011782 0.25689 
3436  0.091618 -0.99629 0.90311 0.016921 0.25744 
3437  0.092418 -0.99213 0.90272 0.020843 0.25806 
3438  0.093419 -0.98697 0.90207 0.014126 0.25701 
3439  0.091818 -0.99524 0.90300 -0.043039 0.24739 
3440  0.093419 -0.98697 0.90207 0.021806 0.25839 
3441  0.087217 -1.0198 0.90495 0.014918 0.25688 
3442  0.091018 -0.99943 0.90342 0.012660 0.25636 
3443  0.091418 -0.99733 0.90321 0.021481 0.25838 
3444  0.093219 -0.98800 0.90219 0.014202 0.25697 
3445  0.098420 -0.96192 0.89858 0.027559 0.25963 
3446  0.10082 -0.95030 0.89637 -0.023372 0.25109 
3447  0.091218 -0.99838 0.90331 0.026666 0.25912 
3448  0.092819 -0.99006 0.90244 0.0082338 0.25603 
3449  0.10762 -0.91865 0.89073 0.037742 0.26175 
3450  0.088618 -1.0122 0.90450 -0.018290 0.25122 
3451  0.086217 -1.0252 0.90526 0.0093011 0.25575 
3452  0.090218 -1.0036 0.90380 0.014436 0.25694 
3453  0.092218 -0.99316 0.90280 -0.058121 0.24528 
3454  0.082016 -1.0489 0.90606 -0.028346 0.24876 
3455  0.092819 -0.99006 0.90244 0.026665 0.25924 
3456  0.095019 -0.97883 0.90101 0.031380 0.26032 
3457  0.083217 -1.0421 0.90591 0.011657 0.25595 
3458  0.096819 -0.96981 0.89969 -0.057077 0.24577 
3459  0.094619 -0.98085 0.90131 -0.051803 0.24651 
3460  0.082817 -1.0443 0.90596 0.011489 0.25622 
3461  0.091218 -0.99838 0.90331 -0.030930 0.24891 
3462  0.081616 -1.0512 0.90613 0.010167 0.25594 
3463  0.090018 -1.0047 0.90390 0.013946 0.25642 
3464  0.082416 -1.0466 0.90600 0.0029203 0.25470 
3465  0.096419 -0.97180 0.90003 0.025390 0.25923 
3466  0.094419 -0.98187 0.90141 0.035427 0.26084 
3467  0.098220 -0.96290 0.89876 0.025669 0.25937 
3468  0.091218 -0.99838 0.90331 -0.029254 0.24977 
3469  0.083617 -1.0398 0.90584 0.0018159 0.25429 
3470  0.089818 -1.0058 0.90399 -0.0041242 0.25373 
3471  0.098020 -0.96388 0.89890 0.028610 0.25963 
3472  0.093419 -0.98697 0.90207 0.030266 0.25967 
3473  0.087818 -1.0165 0.90479 0.015571 0.25699 
3474  0.087618 -1.0176 0.90485 0.0083783 0.25556 
3475  0.095019 -0.97883 0.90101 0.025414 0.25925 
3476  0.10562 -0.92777 0.89231 0.027608 0.25969 
3477  0.095019 -0.97883 0.90101 0.010717 0.25667 
3478  0.096419 -0.97180 0.90003 0.022081 0.25864 
3479  0.10042 -0.95222 0.89675 0.027565 0.25961 
3480  0.10302 -0.93986 0.89433 0.029708 0.25982 
3481  0.098020 -0.96388 0.89890 0.030609 0.26014 
3482  0.095419 -0.97681 0.90072 0.015745 0.25747 
3483  0.099020 -0.95899 0.89812 -0.033723 0.24913 
3484  0.088618 -1.0122 0.90450 0.0095287 0.25605 
3485  0.089418 -1.0079 0.90419 0.0036936 0.25522 
3486  0.094619 -0.98085 0.90131 0.0055124 0.25530 
3487  0.090818 -1.0005 0.90353 0.0070462 0.25590 
3488  0.086617 -1.0230 0.90513 0.0093583 0.25608 
3489  0.086217 -1.0252 0.90526 0.0077192 0.25553 
3490  0.090218 -1.0036 0.90380 0.0091823 0.25629 
3491  0.095219 -0.97782 0.90087 0.013146 0.25694 
3492  0.090018 -1.0047 0.90390 0.0079580 0.25573 
3493  0.095819 -0.97480 0.90045 0.025768 0.25919 
3494  0.10082 -0.95030 0.89637 0.024974 0.25934 
3495  0.10182 -0.94553 0.89542 -0.030595 0.24975 
3496  0.092418 -0.99213 0.90272 0.019934 0.25820 
3497  0.089418 -1.0079 0.90419 -0.037117 0.24853 
3498  0.10842 -0.91504 0.89007 -0.074347 0.24336 
3499  0.084817 -1.0330 0.90560 0.011004 0.25594 
3500  0.095419 -0.97681 0.90072 0.013911 0.25702 
3501  0.088818 -1.0111 0.90442 0.015211 0.25666 
3502  0.098620 -0.96094 0.89843 -0.039797 0.24822 
3503  0.086217 -1.0252 0.90526 -0.014773 0.25147 
3504  0.093819 -0.98493 0.90183 0.023047 0.25862 
3505  0.10942 -0.91057 0.88918 -0.068293 0.24431 
3506  0.10122 -0.94839 0.89595 -0.065229 0.24464 
3507  0.094619 -0.98085 0.90131 0.024330 0.25871 
3508  0.098020 -0.96388 0.89890 -0.048364 0.24703 
3509  0.094819 -0.97984 0.90117 -0.051046 0.24618 
3510  0.089618 -1.0068 0.90409 -0.060566 0.24484 
3511  0.090418 -1.0026 0.90371 -0.050149 0.24612 
3512  0.093419 -0.98697 0.90207 -0.051116 0.24674 
3513  0.091618 -0.99629 0.90311 -0.052825 0.24599 
3514  0.091618 -0.99629 0.90311 0.029236 0.25981 
3515  0.10002 -0.95415 0.89719 0.029204 0.26011 
3516  0.088018 -1.0154 0.90472 0.0092676 0.25592 
3517  0.10082 -0.95030 0.89637 0.026801 0.25951 
3518  0.089818 -1.0058 0.90399 0.026456 0.25895 
3519  0.093819 -0.98493 0.90183 0.030825 0.25998 
3520  0.098420 -0.96192 0.89858 0.023545 0.25885 
3521  0.094819 -0.97984 0.90117 0.030679 0.26000 
3522  0.10022 -0.95318 0.89698 0.031185 0.26017 
3523  0.092418 -0.99213 0.90272 -0.049580 0.24679 
3524  0.090218 -1.0036 0.90380 0.026454 0.25916 
3525  0.091018 -0.99943 0.90342 -0.025857 0.25010 
3526  0.093419 -0.98697 0.90207 0.027947 0.25957 
3527  0.095019 -0.97883 0.90101 -0.063223 0.24491 
3528  0.10362 -0.93705 0.89388 -0.059620 0.24541 
3529  0.091618 -0.99629 0.90311 0.028098 0.25964 
3530  0.095019 -0.97883 0.90101 0.018071 0.25780 
3531  0.096019 -0.97380 0.90030 0.0087085 0.25628 
3532  0.083017 -1.0432 0.90594 0.021796 0.25828 
3533  0.098420 -0.96192 0.89858 0.023082 0.25863 
3534  0.092819 -0.99006 0.90244 0.022427 0.25844 
3535  0.099020 -0.95899 0.89812 0.012541 0.25685 
3536  0.096619 -0.97081 0.89985 -0.050110 0.24662 
3537  0.098420 -0.96192 0.89858 -0.057183 0.24584 
3538  0.091018 -0.99943 0.90342 0.0093415 0.25603 
3539  0.096219 -0.97280 0.90015 0.021444 0.25850 
3540  0.087217 -1.0198 0.90495 0.0042107 0.25500 
3541  0.098820 -0.95997 0.89826 0.025654 0.25953 
3542  0.097219 -0.96783 0.89942 0.0097500 0.25652 
3543  0.091018 -0.99943 0.90342 0.013308 0.25672 
3544  0.084617 -1.0341 0.90564 -0.018616 0.25061 
3545  0.091018 -0.99943 0.90342 0.011451 0.25670 
3546  0.082617 -1.0455 0.90598 0.0054437 0.25521 
3547  0.075615 -1.0872 0.90661 -0.018400 0.25040 
3548  0.087417 -1.0187 0.90490 0.024886 0.25868 
3549  0.10462 -0.93239 0.89313 -0.062414 0.24526 
3550  0.087417 -1.0187 0.90490 0.018997 0.25773 
3551  0.092218 -0.99316 0.90280 0.022901 0.25844 
3552  0.084617 -1.0341 0.90564 0.0055255 0.25523 
3553  0.097219 -0.96783 0.89942 0.024405 0.25896 
3554  0.096419 -0.97180 0.90003 0.027452 0.25954 
3555  0.094419 -0.98187 0.90141 0.0092186 0.25606 
3556  0.092418 -0.99213 0.90272 0.019100 0.25764 
3557  0.094819 -0.97984 0.90117 0.017601 0.25802 
3558  0.10062 -0.95126 0.89653 0.021049 0.25850 
3559  0.091218 -0.99838 0.90331 0.012188 0.25690 
3560  0.097419 -0.96684 0.89929 -0.057618 0.24555 
3561  0.095019 -0.97883 0.90101 0.025533 0.25888 
3562  0.091218 -0.99838 0.90331 0.0022571 0.25444 
3563  0.092418 -0.99213 0.90272 0.030670 0.25990 
3564  0.089418 -1.0079 0.90419 0.015827 0.25736 
3565  0.089618 -1.0068 0.90409 -0.047312 0.24668 
3566  0.098620 -0.96094 0.89843 0.015598 0.25761 
3567  0.10022 -0.95318 0.89698 -0.036535 0.24891 
3568  0.10342 -0.93798 0.89404 -0.040195 0.24839 
3569  0.10122 -0.94839 0.89595 0.013836 0.25695 
3570  0.095619 -0.97581 0.90057 0.0099782 0.25648 
3571  0.093619 -0.98595 0.90194 0.025429 0.25927 
3572  0.078016 -1.0725 0.90648 0.011425 0.25600 
3573  0.094819 -0.97984 0.90117 -0.022608 0.25099 
3574  0.099420 -0.95705 0.89774 -0.052435 0.24665 
3575  0.094219 -0.98289 0.90154 -0.046646 0.24737 
3576  0.089018 -1.0100 0.90435 0.010123 0.25624 
3577  0.085017 -1.0319 0.90555 -0.022786 0.25039 
3578  0.088218 -1.0143 0.90464 0.013166 0.25678 
3579  0.10022 -0.95318 0.89698 0.023164 0.25853 
3580  0.089018 -1.0100 0.90435 -0.0066446 0.25325 
3581  0.094219 -0.98289 0.90154 0.011566 0.25673 
3582  0.094619 -0.98085 0.90131 0.023048 0.25877 
3583  0.089218 -1.0090 0.90426 0.028770 0.25909 
3584  0.094819 -0.97984 0.90117 0.022521 0.25848 
3585  0.088018 -1.0154 0.90472 0.018507 0.25757 
3586  0.096219 -0.97280 0.90015 0.026250 0.25941 
3587  0.094819 -0.97984 0.90117 0.026592 0.25921 
3588  0.098220 -0.96290 0.89876 0.023140 0.25883 
3589  0.096619 -0.97081 0.89985 0.034089 0.26077 
3590  0.095619 -0.97581 0.90057 0.035499 0.26107 
3591  0.067413 -1.1409 0.90678 0.0015529 0.25340 
3592  0.076415 -1.0823 0.90658 0.014530 0.25613 
3593  0.088218 -1.0143 0.90464 0.010020 0.25612 
3594  0.094419 -0.98187 0.90141 0.027545 0.25923 
3595  0.077215 -1.0774 0.90653 0.0036109 0.25429 
3596  0.090618 -1.0015 0.90364 0.019363 0.25761 
3597  0.087818 -1.0165 0.90479 0.0037880 0.25513 
3598  0.087618 -1.0176 0.90485 0.018541 0.25797 
3599  0.092418 -0.99213 0.90272 0.029244 0.25969 
3600  0.090018 -1.0047 0.90390 0.0085568 0.25585 
3601  0.096619 -0.97081 0.89985 0.026293 0.25958 
3602  0.10002 -0.95415 0.89719 0.026354 0.25951 
3603  0.096219 -0.97280 0.90015 0.028343 0.25943 
3604  0.096019 -0.97380 0.90030 0.031976 0.26026 
3605  0.10102 -0.94934 0.89620 0.018160 0.25783 
3606  0.092018 -0.99420 0.90290 0.024801 0.25880 
3607  0.10282 -0.94080 0.89449 0.027375 0.25990 
3608  0.084617 -1.0341 0.90564 -0.020995 0.25040 
3609  0.092819 -0.99006 0.90244 0.018523 0.25833 
3610  0.091618 -0.99629 0.90311 -0.047445 0.24704 
3611  0.093419 -0.98697 0.90207 0.019839 0.25809 
3612  0.099820 -0.95511 0.89737 -0.069258 0.24406 
3613  0.089018 -1.0100 0.90435 -0.044670 0.24732 
3614  0.095219 -0.97782 0.90087 0.022683 0.25856 
3615  0.097219 -0.96783 0.89942 0.024115 0.25900 
3616  0.10162 -0.94648 0.89562 -0.068135 0.24460 
3617  0.093019 -0.98903 0.90231 -0.044982 0.24769 
3618  0.086417 -1.0241 0.90520 -0.020099 0.25042 
3619  0.087818 -1.0165 0.90479 -0.011917 0.25258 
3620  0.099820 -0.95511 0.89737 0.031723 0.26049 
3621  0.090818 -1.0005 0.90353 0.033136 0.26039 
3622  0.089018 -1.0100 0.90435 0.027473 0.25953 
3623  0.097219 -0.96783 0.89942 0.027986 0.25955 
3624  0.097419 -0.96684 0.89929 -0.055914 0.24575 
3625  0.077215 -1.0774 0.90653 -0.020834 0.25035 
3626  0.096219 -0.97280 0.90015 0.020024 0.25824 
3627  0.095219 -0.97782 0.90087 0.030783 0.26005 
3628  0.093219 -0.98800 0.90219 -0.027835 0.24999 
3629  0.090218 -1.0036 0.90380 0.010307 0.25630 
3630  0.096619 -0.97081 0.89985 0.014806 0.25720 
3631  0.090018 -1.0047 0.90390 0.024497 0.25883 
3632  0.093019 -0.98903 0.90231 0.0087392 0.25601 
3633  0.093819 -0.98493 0.90183 0.013281 0.25676 
3634  0.096419 -0.97180 0.90003 -0.043109 0.24731 
3635  0.099420 -0.95705 0.89774 -0.065333 0.24475 
3636  0.091618 -0.99629 0.90311 0.033811 0.26050 
3637  0.10522 -0.92961 0.89263 -0.066528 0.24447 
3638  0.094819 -0.97984 0.90117 0.026416 0.25946 
3639  0.10462 -0.93239 0.89313 -0.065717 0.24476 
3640  0.096419 -0.97180 0.90003 0.026641 0.25940 
3641  0.10822 -0.91594 0.89021 -0.071570 0.24411 
3642  0.098620 -0.96094 0.89843 0.028502 0.25986 
3643  0.097620 -0.96585 0.89917 -0.053087 0.24652 
3644  0.098220 -0.96290 0.89876 -0.043924 0.24746 
3645  0.091018 -0.99943 0.90342 0.019577 0.25797 
3646  0.093019 -0.98903 0.90231 0.016204 0.25739 
3647  0.089618 -1.0068 0.90409 0.0063536 0.25547 
3648  0.093419 -0.98697 0.90207 -0.033074 0.24921 
3649  0.095419 -0.97681 0.90072 0.018041 0.25787 
3650  0.099820 -0.95511 0.89737 0.038991 0.26187 
3651  0.095019 -0.97883 0.90101 0.029261 0.25980 
3652  0.093619 -0.98595 0.90194 0.029266 0.26017 
3653  0.089418 -1.0079 0.90419 0.016901 0.25736 
3654  0.093219 -0.98800 0.90219 -0.052615 0.24634 
3655  0.098220 -0.96290 0.89876 0.023526 0.25903 
3656  0.10062 -0.95126 0.89653 -0.057446 0.24592 
3657  0.094219 -0.98289 0.90154 0.023489 0.25875 
3658  0.098620 -0.96094 0.89843 0.034739 0.26087 
3659  0.093419 -0.98697 0.90207 0.028664 0.25961 
3660  0.094419 -0.98187 0.90141 0.015340 0.25750 
3661  0.086617 -1.0230 0.90513 0.015582 0.25699 
3662  0.093219 -0.98800 0.90219 -0.037520 0.24844 
3663  0.094619 -0.98085 0.90131 0.010217 0.25648 
3664  0.10162 -0.94648 0.89562 -0.060614 0.24530 
3665  0.093219 -0.98800 0.90219 0.0036733 0.25533 
3666  0.090818 -1.0005 0.90353 0.023573 0.25862 
3667  0.087417 -1.0187 0.90490 -0.037252 0.24893 
3668  0.099020 -0.95899 0.89812 0.025570 0.25924 
3669  0.099020 -0.95899 0.89812 -0.048957 0.24703 
3670  0.093419 -0.98697 0.90207 0.017006 0.25766 
3671  0.095219 -0.97782 0.90087 0.034796 0.26056 
3672  0.10302 -0.93986 0.89433 0.026958 0.25976 
3673  0.10982 -0.90879 0.88871 -0.068014 0.24454 
3674  0.10442 -0.93332 0.89331 -0.063031 0.24491 
3675  0.096819 -0.96981 0.89969 0.034638 0.26076 
3676  0.10462 -0.93239 0.89313 -0.066881 0.24452 
3677  0.10182 -0.94553 0.89542 -0.065021 0.24481 
3678  0.10002 -0.95415 0.89719 -0.066055 0.24471 
3679  0.099220 -0.95802 0.89793 0.036823 0.26136 
3680  0.10042 -0.95222 0.89675 0.036001 0.26119 
3681  0.070414 -1.1206 0.90674 -0.0035566 0.25267 
3682  0.074615 -1.0935 0.90665 0.0036219 0.25387 
3683  0.066813 -1.1451 0.90681 0.0031099 0.25358 
3684  0.093019 -0.98903 0.90231 0.032121 0.26059 
3685  0.066813 -1.1451 0.90681 0.0043370 0.25378 
3686  0.099420 -0.95705 0.89774 0.023413 0.25913 
3687  0.10262 -0.94174 0.89472 0.028712 0.26002 
3688  0.098620 -0.96094 0.89843 0.029610 0.26001 
3689  0.083817 -1.0387 0.90579 -0.032114 0.24840 
3690  0.084417 -1.0353 0.90568 0.017646 0.25737 
3691  0.091618 -0.99629 0.90311 0.014737 0.25721 
3692  0.10142 -0.94743 0.89578 -0.052392 0.24635 
3693  0.090218 -1.0036 0.90380 0.026954 0.25947 
3694  0.085017 -1.0319 0.90555 0.032016 0.26002 
3695  0.095219 -0.97782 0.90087 0.016774 0.25745 
3696  0.086617 -1.0230 0.90513 0.0014684 0.25478 
3697  0.10242 -0.94269 0.89489 -0.055184 0.24666 
3698  0.094219 -0.98289 0.90154 -0.043323 0.24803 
3699  0.079816 -1.0618 0.90636 -0.026225 0.24913 
3700  0.10162 -0.94648 0.89562 0.020016 0.25846 
3701  0.099820 -0.95511 0.89737 0.020806 0.25848 
3702  0.10082 -0.95030 0.89637 -0.057917 0.24548 
3703  0.098620 -0.96094 0.89843 0.027635 0.25940 
3704  0.083817 -1.0387 0.90579 0.013755 0.25656 
3705  0.097620 -0.96585 0.89917 0.026198 0.25946 
3706  0.10062 -0.95126 0.89653 0.040045 0.26167 
3707  0.088618 -1.0122 0.90450 0.015600 0.25717 
3708  0.091418 -0.99733 0.90321 0.025838 0.25896 
3709  0.095619 -0.97581 0.90057 -0.041990 0.24765 
3710  0.093419 -0.98697 0.90207 0.0074203 0.25592 
3711  0.094819 -0.97984 0.90117 0.0049414 0.25581 
3712  0.096019 -0.97380 0.90030 0.010442 0.25645 
3713  0.094819 -0.97984 0.90117 -0.053179 0.24638 
3714  0.10062 -0.95126 0.89653 0.0099757 0.25640 
3715  0.091018 -0.99943 0.90342 0.010509 0.25638 
3716  0.086417 -1.0241 0.90520 0.0078208 0.25592 
3717  0.096419 -0.97180 0.90003 0.026633 0.25950 
3718  0.092819 -0.99006 0.90244 0.016945 0.25760 
3719  0.089018 -1.0100 0.90435 -0.031855 0.24890 
3720  0.089418 -1.0079 0.90419 -0.041509 0.24761 
3721  0.099620 -0.95608 0.89753 -0.053375 0.24619 
3722  0.081616 -1.0512 0.90613 -0.035942 0.24809 
3723  0.098220 -0.96290 0.89876 0.025372 0.25924 
3724  0.090018 -1.0047 0.90390 0.0090662 0.25613 
3725  0.078616 -1.0689 0.90645 0.0028781 0.25449 
3726  0.096819 -0.96981 0.89969 0.017642 0.25782 
3727  0.097820 -0.96487 0.89901 0.025564 0.25911 
3728  0.10262 -0.94174 0.89472 0.027034 0.25954 
3729  0.10022 -0.95318 0.89698 0.014356 0.25762 
3730  0.083017 -1.0432 0.90594 0.0065637 0.25520 
3731  0.089618 -1.0068 0.90409 0.0049843 0.25530 
3732  0.092819 -0.99006 0.90244 0.029843 0.25948 
3733  0.096619 -0.97081 0.89985 -0.040568 0.24834 
3734  0.099620 -0.95608 0.89753 -0.059065 0.24562 
3735  0.093619 -0.98595 0.90194 0.029811 0.25964 
3736  0.10442 -0.93332 0.89331 -0.069223 0.24417 
3737  0.095819 -0.97480 0.90045 0.024980 0.25911 
3738  0.10342 -0.93798 0.89404 -0.064941 0.24478 
3739  0.094819 -0.97984 0.90117 -0.026757 0.25021 
3740  0.093419 -0.98697 0.90207 -0.029662 0.24995 
3741  0.090218 -1.0036 0.90380 -0.033734 0.24928 
3742  0.10002 -0.95415 0.89719 -0.059888 0.24519 
3743  0.10202 -0.94458 0.89524 0.025900 0.25970 
3744  0.097019 -0.96882 0.89955 -0.027152 0.25023 
3745  0.096419 -0.97180 0.90003 0.013863 0.25719 
3746  0.092619 -0.99109 0.90256 -0.041905 0.24810 
3747  0.097019 -0.96882 0.89955 0.019430 0.25815 
3748  0.091618 -0.99629 0.90311 0.016169 0.25786 
3749  0.086417 -1.0241 0.90520 0.0011647 0.25404 
3750  0.090018 -1.0047 0.90390 0.011736 0.25623 
3751  0.084217 -1.0364 0.90570 0.031107 0.25920 
3752  0.095019 -0.97883 0.90101 0.019643 0.25802 
3753  0.098620 -0.96094 0.89843 0.030014 0.25999 
3754  0.092619 -0.99109 0.90256 0.020656 0.25787 
3755  0.093219 -0.98800 0.90219 0.021513 0.25824 
3756  0.091218 -0.99838 0.90331 0.027042 0.25956 
3757  0.096619 -0.97081 0.89985 0.029600 0.26017 
3758  0.094619 -0.98085 0.90131 0.022197 0.25852 
3759  0.073815 -1.0986 0.90669 -0.018813 0.25032 
3760  0.095219 -0.97782 0.90087 -0.055780 0.24554 
3761  0.088018 -1.0154 0.90472 0.013251 0.25675 
3762  0.094219 -0.98289 0.90154 -0.042205 0.24842 
3763  0.094819 -0.97984 0.90117 0.0055494 0.25561 
3764  0.099620 -0.95608 0.89753 -0.056445 0.24594 
3765  0.091218 -0.99838 0.90331 0.016741 0.25742 
3766  0.095419 -0.97681 0.90072 0.027196 0.25963 
3767  0.094819 -0.97984 0.90117 -0.034866 0.24923 
3768  0.086417 -1.0241 0.90520 -0.031772 0.24933 
3769  0.093819 -0.98493 0.90183 0.023170 0.25853 
3770  0.090818 -1.0005 0.90353 0.032248 0.26011 
3771  0.099620 -0.95608 0.89753 -0.043022 0.24823 
3772  0.099420 -0.95705 0.89774 0.029726 0.26019 
3773  0.096219 -0.97280 0.90015 0.026042 0.25923 
3774  0.091018 -0.99943 0.90342 -0.041118 0.24815 
3775  0.097620 -0.96585 0.89917 0.028465 0.25981 
3776  0.10102 -0.94934 0.89620 0.022408 0.25875 
3777  0.081816 -1.0501 0.90609 -0.034036 0.24836 
3778  0.089418 -1.0079 0.90419 -0.037672 0.24786 
3779  0.086417 -1.0241 0.90520 -0.014325 0.25152 
3780  0.086817 -1.0220 0.90508 0.012671 0.25667 
3781  0.082216 -1.0478 0.90602 -0.018364 0.25084 
3782  0.089018 -1.0100 0.90435 -0.030660 0.24881 
3783  0.098820 -0.95997 0.89826 -0.036421 0.24890 
3784  0.089818 -1.0058 0.90399 -0.029210 0.24991 
3785  0.096219 -0.97280 0.90015 -0.039282 0.24848 
3786  0.091818 -0.99524 0.90300 -0.050158 0.24642 
3787  0.093219 -0.98800 0.90219 0.029391 0.25960 
3788  0.10282 -0.94080 0.89449 0.030065 0.26005 
3789  0.096819 -0.96981 0.89969 -0.044034 0.24804 
3790  0.10062 -0.95126 0.89653 -0.057089 0.24637 
3791  0.083017 -1.0432 0.90594 0.010338 0.25579 
3792  0.093219 -0.98800 0.90219 -0.036367 0.24850 
3793  0.094019 -0.98390 0.90169 0.023456 0.25879 
3794  0.087217 -1.0198 0.90495 -0.038855 0.24834 
3795  0.094819 -0.97984 0.90117 0.022946 0.25841 
3796  0.091218 -0.99838 0.90331 0.021794 0.25843 
3797  0.095819 -0.97480 0.90045 0.032610 0.26032 
3798  0.089218 -1.0090 0.90426 -0.028929 0.24997 
3799  0.092819 -0.99006 0.90244 -0.048808 0.24674 
3800  0.098620 -0.96094 0.89843 0.035086 0.26101 
3801  0.083817 -1.0387 0.90579 -0.019896 0.25083 
3802  0.092418 -0.99213 0.90272 -0.031370 0.25001 
3803  0.081616 -1.0512 0.90613 0.013205 0.25665 
3804  0.088618 -1.0122 0.90450 0.011327 0.25639 
3805  0.096019 -0.97380 0.90030 0.011164 0.25689 
3806  0.088418 -1.0133 0.90457 0.011776 0.25681 
3807  0.095419 -0.97681 0.90072 0.019007 0.25789 
3808  0.086217 -1.0252 0.90526 0.0076036 0.25542 
3809  0.10062 -0.95126 0.89653 0.026434 0.25951 
3810  0.079816 -1.0618 0.90636 -0.014332 0.25123 
3811  0.091018 -0.99943 0.90342 -0.064579 0.24470 
3812  0.10642 -0.92410 0.89173 -0.066108 0.24456 
3813  0.10422 -0.93425 0.89344 -0.068074 0.24436 
3814  0.10022 -0.95318 0.89698 -0.062673 0.24524 
3815  0.094419 -0.98187 0.90141 0.022799 0.25846 
3816  0.092418 -0.99213 0.90272 0.012580 0.25686 
3817  0.095019 -0.97883 0.90101 0.023782 0.25868 
3818  0.096619 -0.97081 0.89985 0.023348 0.25875 
3819  0.10002 -0.95415 0.89719 0.028580 0.25975 
3820  0.10062 -0.95126 0.89653 0.034396 0.26095 
3821  0.10042 -0.95222 0.89675 -0.060696 0.24545 
3822  0.096419 -0.97180 0.90003 0.029667 0.26005 
3823  0.092418 -0.99213 0.90272 0.019929 0.25794 
3824  0.095419 -0.97681 0.90072 0.023596 0.25885 
3825  0.097419 -0.96684 0.89929 0.023057 0.25885 
3826  0.089018 -1.0100 0.90435 0.015724 0.25712 
3827  0.094019 -0.98390 0.90169 0.020126 0.25795 
3828  0.096819 -0.96981 0.89969 0.026193 0.25925 
3829  0.093219 -0.98800 0.90219 0.026442 0.25936 
3830  0.091418 -0.99733 0.90321 0.021235 0.25824 
3831  0.094819 -0.97984 0.90117 0.010660 0.25659 
3832  0.084017 -1.0375 0.90574 -0.028885 0.24900 
3833  0.086817 -1.0220 0.90508 0.014929 0.25695 
3834  0.083217 -1.0421 0.90591 -0.028998 0.24927 
3835  0.087217 -1.0198 0.90495 -0.012881 0.25241 
3836  0.089218 -1.0090 0.90426 -0.047009 0.24697 
3837  0.092218 -0.99316 0.90280 -0.026943 0.25033 
3838  0.088418 -1.0133 0.90457 -0.016082 0.25176 
3839  0.092619 -0.99109 0.90256 0.024850 0.25893 
3840  0.092218 -0.99316 0.90280 0.023163 0.25874 
3841  0.088618 -1.0122 0.90450 -0.031417 0.24947 
3842  0.092218 -0.99316 0.90280 0.018970 0.25791 
3843  0.095419 -0.97681 0.90072 0.012359 0.25677 
3844  0.095019 -0.97883 0.90101 0.012679 0.25666 
3845  0.093019 -0.98903 0.90231 -0.038324 0.24836 
3846  0.092018 -0.99420 0.90290 0.013638 0.25680 
3847  0.097019 -0.96882 0.89955 0.033176 0.26046 
3848  0.094619 -0.98085 0.90131 0.030780 0.26000 
3849  0.082617 -1.0455 0.90598 -0.032778 0.24919 
3850  0.10022 -0.95318 0.89698 0.031823 0.26062 
3851  0.088818 -1.0111 0.90442 0.028314 0.25961 
3852  0.094619 -0.98085 0.90131 -0.036914 0.24826 
3853  0.10162 -0.94648 0.89562 0.030622 0.26010 
3854  0.094019 -0.98390 0.90169 -0.025874 0.25037 
3855  0.10122 -0.94839 0.89595 -0.060016 0.24507 
3856  0.095419 -0.97681 0.90072 0.033245 0.26051 
3857  0.089818 -1.0058 0.90399 -0.041474 0.24714 
3858  0.087217 -1.0198 0.90495 -0.018363 0.25153 
3859  0.10662 -0.92319 0.89158 -0.078498 0.24321 
3860  0.10502 -0.93054 0.89283 0.029246 0.26008 
3861  0.086417 -1.0241 0.90520 -0.023230 0.25077 
3862  0.084217 -1.0364 0.90570 0.0070132 0.25537 
3863  0.090818 -1.0005 0.90353 0.0064975 0.25568 
3864  0.093619 -0.98595 0.90194 -0.041682 0.24810 
3865  0.096219 -0.97280 0.90015 0.022453 0.25858 
3866  0.093419 -0.98697 0.90207 0.019267 0.25817 
3867  0.093019 -0.98903 0.90231 0.0042618 0.25545 
3868  0.092619 -0.99109 0.90256 0.027378 0.25966 
3869  0.10022 -0.95318 0.89698 0.032967 0.26076 
3870  0.10142 -0.94743 0.89578 0.019726 0.25833 
3871  0.097820 -0.96487 0.89901 0.021108 0.25840 
3872  0.097820 -0.96487 0.89901 0.025184 0.25922 
3873  0.098220 -0.96290 0.89876 -0.058879 0.24555 
3874  0.10142 -0.94743 0.89578 0.027449 0.25953 
3875  0.092819 -0.99006 0.90244 0.025673 0.25916 
3876  0.092619 -0.99109 0.90256 0.026392 0.25939 
3877  0.093219 -0.98800 0.90219 -0.033111 0.24943 
3878  0.096819 -0.96981 0.89969 -0.035537 0.24918 
3879  0.091418 -0.99733 0.90321 -0.038369 0.24856 
3880  0.099620 -0.95608 0.89753 0.027644 0.25965 
3881  0.096419 -0.97180 0.90003 0.025913 0.25943 
3882  0.074015 -1.0973 0.90667 -0.015921 0.25124 
3883  0.095819 -0.97480 0.90045 -0.040119 0.24864 
3884  0.086617 -1.0230 0.90513 0.013894 0.25702 
3885  0.089418 -1.0079 0.90419 0.030615 0.26014 
3886  0.095819 -0.97480 0.90045 0.037742 0.26139 
3887  0.092819 -0.99006 0.90244 0.027825 0.25942 
3888  0.097820 -0.96487 0.89901 -0.042293 0.24835 
3889  0.092218 -0.99316 0.90280 0.032213 0.26027 
3890  0.091618 -0.99629 0.90311 -0.016601 0.25175 
3891  0.099020 -0.95899 0.89812 0.036065 0.26130 
3892  0.090818 -1.0005 0.90353 -0.040823 0.24799 
3893  0.089418 -1.0079 0.90419 -0.021288 0.25110 
3894  0.10242 -0.94269 0.89489 0.037802 0.26160 
3895  0.066813 -1.1451 0.90681 -0.012231 0.25113 
3896  0.098220 -0.96290 0.89876 0.020013 0.25834 
3897  0.096219 -0.97280 0.90015 0.020047 0.25828 
3898  0.098020 -0.96388 0.89890 -0.056570 0.24599 
3899  0.073815 -1.0986 0.90669 0.0058660 0.25424 
3900  0.088018 -1.0154 0.90472 0.0025027 0.25492 
3901  0.095819 -0.97480 0.90045 0.017816 0.25773 
3902  0.088018 -1.0154 0.90472 0.011215 0.25654 
3903  0.10002 -0.95415 0.89719 0.027753 0.25957 
3904  0.099820 -0.95511 0.89737 0.021077 0.25837 
3905  0.094419 -0.98187 0.90141 0.023018 0.25851 
3906  0.083817 -1.0387 0.90579 -0.0018638 0.25424 
3907  0.087217 -1.0198 0.90495 0.012489 0.25660 
3908  0.092218 -0.99316 0.90280 0.013003 0.25650 
3909  0.10102 -0.94934 0.89620 0.017198 0.25769 
3910  0.10382 -0.93611 0.89370 0.030992 0.26046 
3911  0.098020 -0.96388 0.89890 0.0092438 0.25657 
3912  0.089818 -1.0058 0.90399 0.0095431 0.25594 
3913  0.087818 -1.0165 0.90479 0.0069268 0.25570 
3914  0.094419 -0.98187 0.90141 0.0027673 0.25477 
3915  0.094819 -0.97984 0.90117 0.011310 0.25660 
3916  0.10642 -0.92410 0.89173 0.018235 0.25839 
3917  0.099020 -0.95899 0.89812 0.0051297 0.25524 
3918  0.097419 -0.96684 0.89929 0.015588 0.25725 
3919  0.096419 -0.97180 0.90003 -0.047152 0.24735 
3920  0.090218 -1.0036 0.90380 -0.013268 0.25224 
3921  0.10102 -0.94934 0.89620 0.027644 0.25985 
3922  0.093219 -0.98800 0.90219 -0.042185 0.24754 
3923  0.095619 -0.97581 0.90057 0.033511 0.26051 
3924  0.088018 -1.0154 0.90472 0.011358 0.25645 
3925  0.10042 -0.95222 0.89675 -0.069053 0.24410 
3926  0.088418 -1.0133 0.90457 0.011894 0.25658 
3927  0.087818 -1.0165 0.90479 -0.029664 0.24960 
3928  0.092418 -0.99213 0.90272 -0.038887 0.24836 
3929  0.093819 -0.98493 0.90183 -0.029234 0.24966 
3930  0.099020 -0.95899 0.89812 0.025639 0.25918 
3931  0.081416 -1.0524 0.90617 -0.022896 0.24969 
3932  0.086617 -1.0230 0.90513 -0.031667 0.24913 
3933  0.095019 -0.97883 0.90101 -0.045688 0.24708 
3934  0.10022 -0.95318 0.89698 0.021712 0.25887 
3935  0.090818 -1.0005 0.90353 0.033626 0.26030 
3936  0.091218 -0.99838 0.90331 0.033247 0.26060 
3937  0.10082 -0.95030 0.89637 0.036623 0.26103 
3938  0.093819 -0.98493 0.90183 0.032317 0.26037 
3939  0.099820 -0.95511 0.89737 0.026159 0.25934 
3940  0.092819 -0.99006 0.90244 -0.036832 0.24875 
3941  0.089618 -1.0068 0.90409 0.021799 0.25826 
3942  0.099020 -0.95899 0.89812 0.027023 0.25960 
3943  0.089218 -1.0090 0.90426 -0.039527 0.24778 
3944  0.089818 -1.0058 0.90399 0.020276 0.25805 
3945  0.089018 -1.0100 0.90435 -0.028788 0.24982 
3946  0.095219 -0.97782 0.90087 -0.060738 0.24544 
3947  0.094619 -0.98085 0.90131 0.026819 0.25933 
3948  0.098620 -0.96094 0.89843 -0.055319 0.24597 
3949  0.092218 -0.99316 0.90280 0.017424 0.25805 
3950  0.095219 -0.97782 0.90087 0.016234 0.25765 
3951  0.092218 -0.99316 0.90280 0.022851 0.25864 
3952  0.093619 -0.98595 0.90194 -0.032844 0.24921 
3953  0.10002 -0.95415 0.89719 -0.063214 0.24471 
3954  0.091618 -0.99629 0.90311 -0.026560 0.25026 
3955  0.092418 -0.99213 0.90272 0.038394 0.26133 
3956  0.096219 -0.97280 0.90015 0.010930 0.25641 
3957  0.096619 -0.97081 0.89985 -0.053044 0.24639 
3958  0.10482 -0.93146 0.89296 -0.067189 0.24477 
3959  0.096419 -0.97180 0.90003 0.015490 0.25721 
3960  0.090818 -1.0005 0.90353 -0.038319 0.24823 
3961  0.10022 -0.95318 0.89698 0.019482 0.25806 
3962  0.071814 -1.1114 0.90672 -0.0074563 0.25184 
3963  0.073815 -1.0986 0.90669 -0.0027917 0.25268 
3964  0.096619 -0.97081 0.89985 0.027900 0.25950 
3965  0.087017 -1.0209 0.90503 -0.013045 0.25246 
3966  0.084817 -1.0330 0.90560 0.010015 0.25619 
3967  0.096419 -0.97180 0.90003 0.022567 0.25866 
3968  0.090818 -1.0005 0.90353 0.030414 0.25966 
3969  0.097820 -0.96487 0.89901 0.030091 0.25995 
3970  0.092018 -0.99420 0.90290 0.046597 0.26244 
3971  0.10082 -0.95030 0.89637 -0.064676 0.24467 
3972  0.10722 -0.92046 0.89104 -0.063838 0.24461 
3973  0.091018 -0.99943 0.90342 0.015240 0.25697 
3974  0.087017 -1.0209 0.90503 0.0062278 0.25520 
3975  0.097419 -0.96684 0.89929 0.021115 0.25807 
3976  0.091018 -0.99943 0.90342 0.011034 0.25645 
3977  0.092819 -0.99006 0.90244 0.013342 0.25681 
3978  0.095619 -0.97581 0.90057 -0.044426 0.24728 
3979  0.096019 -0.97380 0.90030 -0.045074 0.24747 
3980  0.10022 -0.95318 0.89698 0.030988 0.26046 
3981  0.093619 -0.98595 0.90194 0.031938 0.26055 
3982  0.086217 -1.0252 0.90526 -0.012726 0.25243 
3983  0.082016 -1.0489 0.90606 0.017900 0.25730 
3984  0.094019 -0.98390 0.90169 -0.031663 0.24945 
3985  0.089218 -1.0090 0.90426 0.0050902 0.25552 
3986  0.10222 -0.94363 0.89504 0.025718 0.25922 
3987  0.096019 -0.97380 0.90030 0.027013 0.25937 
3988  0.088018 -1.0154 0.90472 0.0078535 0.25615 
3989  0.095019 -0.97883 0.90101 0.024560 0.25885 
3990  0.085217 -1.0308 0.90550 0.0073407 0.25578 
3991  0.098220 -0.96290 0.89876 0.024127 0.25890 
3992  0.091218 -0.99838 0.90331 0.019283 0.25813 
3993  0.081216 -1.0536 0.90620 -0.034936 0.24798 
3994  0.086617 -1.0230 0.90513 -0.036922 0.24883 
3995  0.095419 -0.97681 0.90072 -0.025031 0.25066 
3996  0.086017 -1.0264 0.90531 0.018608 0.25763 
3997  0.10042 -0.95222 0.89675 0.026465 0.25946 
3998  0.093619 -0.98595 0.90194 0.031432 0.26008 
3999  0.091018 -0.99943 0.90342 0.020035 0.25793 
4000  0.090418 -1.0026 0.90371 0.015221 0.25726 
4001  0.099620 -0.95608 0.89753 0.030726 0.26049 
4002  0.10242 -0.94269 0.89489 0.019897 0.25857 
4003  0.092619 -0.99109 0.90256 -0.040902 0.24789 
4004  0.089018 -1.0100 0.90435 -0.027844 0.24932 
4005  0.092218 -0.99316 0.90280 0.0030167 0.25491 
4006  0.089818 -1.0058 0.90399 -0.019775 0.25119 
4007  0.10062 -0.95126 0.89653 0.028006 0.25987 
4008  0.094619 -0.98085 0.90131 0.012310 0.25682 
4009  0.088218 -1.0143 0.90464 -0.042388 0.24711 
4010  0.098020 -0.96388 0.89890 0.026563 0.25960 
4011  0.10242 -0.94269 0.89489 0.035781 0.26128 
4012  0.085417 -1.0297 0.90544 0.0069358 0.25526 
4013  0.090218 -1.0036 0.90380 0.012804 0.25669 
4014  0.10222 -0.94363 0.89504 0.026589 0.25962 
4015  0.083217 -1.0421 0.90591 0.022734 0.25817 
4016  0.092218 -0.99316 0.90280 0.023470 0.25858 
4017  0.092819 -0.99006 0.90244 -0.051978 0.24654 
4018  0.091618 -0.99629 0.90311 -0.053729 0.24581 
4019  0.092418 -0.99213 0.90272 -0.032586 0.24927 
4020  0.090818 -1.0005 0.90353 0.013003 0.25648 
4021  0.095419 -0.97681 0.90072 0.027356 0.25924 
4022  0.099220 -0.95802 0.89793 -0.059048 0.24558 
4023  0.10362 -0.93705 0.89388 -0.058785 0.24592 
4024  0.099420 -0.95705 0.89774 0.026552 0.25948 
4025  0.084017 -1.0375 0.90574 -0.029934 0.24913 
4026  0.10502 -0.93054 0.89283 -0.065415 0.24483 
4027  0.089618 -1.0068 0.90409 -0.017577 0.25168 
4028  0.090018 -1.0047 0.90390 0.010125 0.25569 
4029  0.082817 -1.0443 0.90596 0.012614 0.25632 
4030  0.10002 -0.95415 0.89719 0.027593 0.25952 
4031  0.095819 -0.97480 0.90045 -0.046295 0.24713 
4032  0.091818 -0.99524 0.90300 -0.054713 0.24603 
4033  0.10322 -0.93892 0.89419 -0.072750 0.24386 
4034  0.096019 -0.97380 0.90030 0.023023 0.25875 
4035  0.091218 -0.99838 0.90331 -0.034640 0.24861 
4036  0.088018 -1.0154 0.90472 0.013193 0.25697 
4037  0.10682 -0.92228 0.89135 -0.070856 0.24391 
4038  0.090818 -1.0005 0.90353 0.029323 0.25975 
4039  0.094619 -0.98085 0.90131 -0.046647 0.24733 
4040  0.093819 -0.98493 0.90183 0.027101 0.25968 
4041  0.099220 -0.95802 0.89793 0.026498 0.25949 
4042  0.10362 -0.93705 0.89388 0.028140 0.25958 
4043  0.098420 -0.96192 0.89858 0.037758 0.26145 
4044  0.094419 -0.98187 0.90141 0.020958 0.25835 
4045  0.088818 -1.0111 0.90442 -0.014221 0.25195 
4046  0.093219 -0.98800 0.90219 -0.010395 0.25263 
4047  0.096619 -0.97081 0.89985 -0.025613 0.25061 
4048  0.089618 -1.0068 0.90409 -0.0083865 0.25350 
4049  0.082016 -1.0489 0.90606 -0.030438 0.24869 
4050  0.093819 -0.98493 0.90183 -0.019597 0.25154 
4051  0.085617 -1.0286 0.90539 0.024700 0.25854 
4052  0.095619 -0.97581 0.90057 -0.032634 0.24962 
4053  0.10122 -0.94839 0.89595 0.035380 0.26111 
4054  0.083817 -1.0387 0.90579 0.0085768 0.25581 
4055  0.087618 -1.0176 0.90485 0.010141 0.25607 
4056  0.094419 -0.98187 0.90141 0.037096 0.26129 
4057  0.094819 -0.97984 0.90117 0.031387 0.26034 
4058  0.10342 -0.93798 0.89404 0.032604 0.26050 
4059  0.091618 -0.99629 0.90311 0.014108 0.25666 
4060  0.077616 -1.0750 0.90650 -0.023766 0.24968 
4061  0.092418 -0.99213 0.90272 0.023573 0.25864 
4062  0.095819 -0.97480 0.90045 0.027579 0.25940 
4063  0.091018 -0.99943 0.90342 -0.037820 0.24844 
4064  0.096419 -0.97180 0.90003 0.025068 0.25916 
4065  0.096419 -0.97180 0.90003 0.028333 0.25959 
4066  0.093419 -0.98697 0.90207 0.025426 0.25908 
4067  0.093019 -0.98903 0.90231 0.020052 0.25788 
4068  0.095819 -0.97480 0.90045 0.023958 0.25909 
4069  0.089218 -1.0090 0.90426 0.013408 0.25725 
4070  0.091618 -0.99629 0.90311 0.024765 0.25901 
4071  0.092418 -0.99213 0.90272 0.024572 0.25884 
4072  0.091218 -0.99838 0.90331 0.026921 0.25921 
4073  0.090818 -1.0005 0.90353 0.016301 0.25741 
4074  0.094619 -0.98085 0.90131 0.033386 0.26048 
4075  0.099220 -0.95802 0.89793 0.016811 0.25752 
4076  0.096419 -0.97180 0.90003 0.029016 0.25982 
4077  0.096419 -0.97180 0.90003 0.0099444 0.25622 
4078  0.095419 -0.97681 0.90072 0.015719 0.25744 
4079  0.10202 -0.94458 0.89524 0.020024 0.25859 
4080  0.10382 -0.93611 0.89370 0.023428 0.25898 
4081  0.10202 -0.94458 0.89524 0.028697 0.25986 
4082  0.089418 -1.0079 0.90419 0.016782 0.25737 
4083  0.093219 -0.98800 0.90219 0.036001 0.26071 
4084  0.098620 -0.96094 0.89843 0.019669 0.25830 
4085  0.096819 -0.96981 0.89969 0.020447 0.25813 
4086  0.091018 -0.99943 0.90342 0.021086 0.25811 
4087  0.093819 -0.98493 0.90183 0.020750 0.25816 
4088  0.093219 -0.98800 0.90219 0.0074568 0.25557 
4089  0.079816 -1.0618 0.90636 -0.023539 0.24969 
4090  0.084017 -1.0375 0.90574 0.0037132 0.25458 
4091  0.097219 -0.96783 0.89942 0.021073 0.25854 
4092  0.098620 -0.96094 0.89843 0.030399 0.25991 
4093  0.084417 -1.0353 0.90568 0.015476 0.25710 
4094  0.090818 -1.0005 0.90353 0.010860 0.25626 
4095  0.095419 -0.97681 0.90072 -0.037038 0.24917 
4096  0.089018 -1.0100 0.90435 0.029397 0.25970 
4097  0.095419 -0.97681 0.90072 -0.040839 0.24859 
4098  0.10502 -0.93054 0.89283 -0.071955 0.24375 
4099  0.087217 -1.0198 0.90495 0.023813 0.25894 
4100  0.094419 -0.98187 0.90141 -0.047124 0.24721 
4101  0.10742 -0.91956 0.89081 -0.064044 0.24476 
4102  0.095619 -0.97581 0.90057 -0.059460 0.24498 
4103  0.099020 -0.95899 0.89812 -0.062105 0.24508 
4104  0.091018 -0.99943 0.90342 0.0045465 0.25538 
4105  0.10042 -0.95222 0.89675 0.031479 0.26046 
4106  0.092018 -0.99420 0.90290 0.0079019 0.25620 
4107  0.096619 -0.97081 0.89985 0.032537 0.26061 
4108  0.083217 -1.0421 0.90591 -0.010031 0.25237 
4109  0.090618 -1.0015 0.90364 0.0025422 0.25477 
4110  0.087618 -1.0176 0.90485 0.012517 0.25691 
4111  0.098020 -0.96388 0.89890 -0.046965 0.24753 
4112  0.093219 -0.98800 0.90219 -0.023445 0.25079 
4113  0.089418 -1.0079 0.90419 -0.056739 0.24565 
4114  0.087217 -1.0198 0.90495 -0.025543 0.25016 
4115  0.096219 -0.97280 0.90015 -0.047725 0.24748 
4116  0.096819 -0.96981 0.89969 -0.029602 0.25012 
4117  0.10102 -0.94934 0.89620 -0.048906 0.24725 
4118  0.10362 -0.93705 0.89388 -0.065042 0.24472 
4119  0.10102 -0.94934 0.89620 -0.070178 0.24384 
4120  0.086217 -1.0252 0.90526 -0.018374 0.25124 
4121  0.098220 -0.96290 0.89876 0.030072 0.25978 
4122  0.093619 -0.98595 0.90194 0.012635 0.25661 
4123  0.10282 -0.94080 0.89449 -0.068768 0.24426 
4124  0.090818 -1.0005 0.90353 -0.019957 0.25111 
4125  0.096819 -0.96981 0.89969 -0.051760 0.24625 
4126  0.10522 -0.92961 0.89263 -0.065590 0.24468 
4127  0.085217 -1.0308 0.90550 -0.030425 0.24883 
4128  0.091018 -0.99943 0.90342 -0.027091 0.25028 
4129  0.096019 -0.97380 0.90030 0.013614 0.25690 
4130  0.088218 -1.0143 0.90464 0.011539 0.25639 
4131  0.093419 -0.98697 0.90207 0.020505 0.25809 
4132  0.093619 -0.98595 0.90194 0.024849 0.25909 
4133  0.091618 -0.99629 0.90311 0.014449 0.25685 
4134  0.10302 -0.93986 0.89433 -0.064321 0.24490 
4135  0.095619 -0.97581 0.90057 0.013528 0.25685 
4136  0.099220 -0.95802 0.89793 0.028489 0.25978 
4137  0.099020 -0.95899 0.89812 -0.057405 0.24572 
4138  0.099020 -0.95899 0.89812 -0.038982 0.24885 
4139  0.10062 -0.95126 0.89653 0.026865 0.25935 
4140  0.096219 -0.97280 0.90015 0.026618 0.25937 
4141  0.082016 -1.0489 0.90606 0.0043332 0.25496 
4142  0.088618 -1.0122 0.90450 -0.036368 0.24815 
4143  0.069014 -1.1300 0.90677 0.0094759 0.25463 
4144  0.088818 -1.0111 0.90442 0.021618 0.25836 
4145  0.099420 -0.95705 0.89774 0.021000 0.25849 
4146  0.095619 -0.97581 0.90057 0.026431 0.25940 
4147  0.098620 -0.96094 0.89843 0.029618 0.26010 
4148  0.10342 -0.93798 0.89404 0.029680 0.26022 
4149  0.096019 -0.97380 0.90030 0.026414 0.25931 
4150  0.093819 -0.98493 0.90183 0.029230 0.25979 
4151  0.098220 -0.96290 0.89876 0.025832 0.25939 
4152  0.092418 -0.99213 0.90272 0.023510 0.25893 
4153  0.086417 -1.0241 0.90520 0.016742 0.25706 
4154  0.089618 -1.0068 0.90409 0.024358 0.25883 
4155  0.093419 -0.98697 0.90207 0.016844 0.25759 
4156  0.094019 -0.98390 0.90169 -0.045664 0.24724 
4157  0.088818 -1.0111 0.90442 0.0069442 0.25559 
4158  0.099220 -0.95802 0.89793 -0.068469 0.24406 
4159  0.085217 -1.0308 0.90550 -0.014546 0.25211 
4160  0.092619 -0.99109 0.90256 -0.024408 0.25070 
4161  0.087017 -1.0209 0.90503 -0.0094811 0.25254 
4162  0.087417 -1.0187 0.90490 0.0059061 0.25560 
4163  0.090618 -1.0015 0.90364 0.028980 0.25947 
4164  0.085017 -1.0319 0.90555 -0.038891 0.24778 
4165  0.097019 -0.96882 0.89955 0.027873 0.25973 
4166  0.094219 -0.98289 0.90154 0.030314 0.25997 
4167  0.095819 -0.97480 0.90045 0.032969 0.26062 
4168  0.087818 -1.0165 0.90479 -0.035774 0.24813 
4169  0.10062 -0.95126 0.89653 0.023351 0.25890 
4170  0.097019 -0.96882 0.89955 0.028043 0.25979 
4171  0.096619 -0.97081 0.89985 -0.031699 0.24972 
4172  0.088018 -1.0154 0.90472 -0.040804 0.24779 
4173  0.099020 -0.95899 0.89812 0.022811 0.25866 
4174  0.085217 -1.0308 0.90550 0.0061625 0.25533 
4175  0.092819 -0.99006 0.90244 0.0090631 0.25610 
4176  0.083217 -1.0421 0.90591 -0.037522 0.24777 
4177  0.092819 -0.99006 0.90244 -0.039008 0.24837 
4178  0.085817 -1.0275 0.90535 0.017474 0.25690 
4179  0.087017 -1.0209 0.90503 -0.019910 0.25098 
4180  0.085417 -1.0297 0.90544 -0.041554 0.24731 
4181  0.098620 -0.96094 0.89843 -0.054830 0.24596 
4182  0.092819 -0.99006 0.90244 0.016402 0.25705 
4183  0.089018 -1.0100 0.90435 0.0059870 0.25587 
4184  0.098220 -0.96290 0.89876 0.013480 0.25701 
4185  0.090018 -1.0047 0.90390 0.015248 0.25717 
4186  0.087618 -1.0176 0.90485 0.030816 0.25978 
4187  0.083417 -1.0409 0.90586 -0.0019637 0.25386 
4188  0.088218 -1.0143 0.90464 0.019064 0.25779 
4189  0.096619 -0.97081 0.89985 0.025032 0.25922 
4190  0.094619 -0.98085 0.90131 0.033866 0.26062 
4191  0.10062 -0.95126 0.89653 0.031746 0.26037 
4192  0.091018 -0.99943 0.90342 0.016773 0.25740 
4193  0.098020 -0.96388 0.89890 0.026839 0.25967 
4194  0.091618 -0.99629 0.90311 0.025953 0.25915 
4195  0.094219 -0.98289 0.90154 0.021845 0.25855 
4196  0.089218 -1.0090 0.90426 -0.040138 0.24781 
4197  0.093219 -0.98800 0.90219 -0.038791 0.24854 
4198  0.092018 -0.99420 0.90290 0.013245 0.25723 
4199  0.089618 -1.0068 0.90409 0.022241 0.25830 
4200  0.099220 -0.95802 0.89793 0.019964 0.25833 
4201  0.094219 -0.98289 0.90154 0.016439 0.25725 
4202  0.090018 -1.0047 0.90390 0.019184 0.25770 
4203  0.096819 -0.96981 0.89969 0.027779 0.25962 
4204  0.10462 -0.93239 0.89313 -0.062638 0.24557 
4205  0.10062 -0.95126 0.89653 -0.056038 0.24598 
4206  0.096419 -0.97180 0.90003 -0.051036 0.24618 
4207  0.10582 -0.92685 0.89212 -0.073987 0.24387 
4208  0.095619 -0.97581 0.90057 0.023568 0.25871 
4209  0.10102 -0.94934 0.89620 -0.058752 0.24562 
4210  0.099620 -0.95608 0.89753 0.026100 0.25935 
4211  0.090418 -1.0026 0.90371 -0.044815 0.24729 
4212  0.090818 -1.0005 0.90353 -0.040844 0.24803 
4213  0.085617 -1.0286 0.90539 0.013207 0.25638 
4214  0.099220 -0.95802 0.89793 -0.038702 0.24838 
4215  0.087818 -1.0165 0.90479 -0.042099 0.24760 
4216  0.091818 -0.99524 0.90300 -0.042210 0.24789 
4217  0.11242 -0.89735 0.88706 -0.066976 0.24451 
4218  0.099220 -0.95802 0.89793 0.034211 0.26088 
4219  0.094819 -0.97984 0.90117 0.026760 0.25963 
4220  0.099620 -0.95608 0.89753 0.021680 0.25866 
4221  0.095819 -0.97480 0.90045 0.032027 0.26015 
4222  0.080816 -1.0559 0.90624 0.00050523 0.25399 
4223  0.097019 -0.96882 0.89955 0.035000 0.26082 
4224  0.086017 -1.0264 0.90531 0.010468 0.25614 
4225  0.093019 -0.98903 0.90231 -0.043865 0.24711 
4226  0.096219 -0.97280 0.90015 0.017010 0.25772 
4227  0.089818 -1.0058 0.90399 -0.046979 0.24659 
4228  0.097219 -0.96783 0.89942 -0.052377 0.24657 
4229  0.10102 -0.94934 0.89620 -0.056746 0.24594 
4230  0.096619 -0.97081 0.89985 0.020967 0.25858 
4231  0.099020 -0.95899 0.89812 -0.057798 0.24559 
4232  0.083417 -1.0409 0.90586 0.0098701 0.25591 
4233  0.098020 -0.96388 0.89890 0.016743 0.25773 
4234  0.094019 -0.98390 0.90169 0.032631 0.25986 
4235  0.096819 -0.96981 0.89969 0.037606 0.26137 
4236  0.091218 -0.99838 0.90331 0.026201 0.25900 
4237  0.096219 -0.97280 0.90015 0.023540 0.25875 
4238  0.093219 -0.98800 0.90219 -0.038197 0.24888 
4239  0.099820 -0.95511 0.89737 -0.040211 0.24825 
4240  0.10682 -0.92228 0.89135 -0.043746 0.24831 
4241  0.086817 -1.0220 0.90508 -0.029353 0.24994 
4242  0.092018 -0.99420 0.90290 -0.053598 0.24602 
4243  0.085017 -1.0319 0.90555 -0.026625 0.25009 
4244  0.099020 -0.95899 0.89812 -0.038175 0.24836 
4245  0.088218 -1.0143 0.90464 -0.037542 0.24873 
4246  0.095019 -0.97883 0.90101 -0.039872 0.24806 
4247  0.093819 -0.98493 0.90183 0.032210 0.26072 
4248  0.10162 -0.94648 0.89562 0.022146 0.25888 
4249  0.086617 -1.0230 0.90513 -0.034925 0.24857 
4250  0.083617 -1.0398 0.90584 0.018947 0.25812 
4251  0.091618 -0.99629 0.90311 0.020809 0.25832 
4252  0.095419 -0.97681 0.90072 0.012644 0.25692 
4253  0.087818 -1.0165 0.90479 0.0040765 0.25499 
4254  0.096619 -0.97081 0.89985 0.019283 0.25804 
4255  0.10142 -0.94743 0.89578 0.038198 0.26154 
4256  0.098620 -0.96094 0.89843 0.029600 0.26024 
4257  0.092418 -0.99213 0.90272 0.029775 0.25975 
4258  0.089218 -1.0090 0.90426 -0.016629 0.25216 
4259  0.093419 -0.98697 0.90207 -0.015245 0.25193 
4260  0.096819 -0.96981 0.89969 0.033568 0.26055 
4261  0.093819 -0.98493 0.90183 -0.022394 0.25121 
4262  0.097219 -0.96783 0.89942 0.014214 0.25737 
4263  0.085017 -1.0319 0.90555 -0.012488 0.25232 
4264  0.092819 -0.99006 0.90244 0.0055033 0.25535 
4265  0.094219 -0.98289 0.90154 0.028166 0.25956 
4266  0.094619 -0.98085 0.90131 -0.022815 0.25133 
4267  0.097620 -0.96585 0.89917 -0.057749 0.24557 
4268  0.089418 -1.0079 0.90419 0.014656 0.25662 
4269  0.099620 -0.95608 0.89753 0.026303 0.25963 
4270  0.099620 -0.95608 0.89753 0.010777 0.25682 
4271  0.094019 -0.98390 0.90169 0.020090 0.25792 
4272  0.090618 -1.0015 0.90364 0.017617 0.25744 
4273  0.098820 -0.95997 0.89826 0.031078 0.26008 
4274  0.089818 -1.0058 0.90399 0.016005 0.25716 
4275  0.083417 -1.0409 0.90586 -0.00056160 0.25437 
4276  0.094019 -0.98390 0.90169 -0.053268 0.24606 
4277  0.093219 -0.98800 0.90219 0.0036991 0.25513 
4278  0.10102 -0.94934 0.89620 0.033539 0.26071 
4279  0.096619 -0.97081 0.89985 0.028364 0.25973 
4280  0.097019 -0.96882 0.89955 0.024137 0.25879 
4281  0.094619 -0.98085 0.90131 -0.036640 0.24844 
4282  0.082817 -1.0443 0.90596 -0.021280 0.25071 
4283  0.088218 -1.0143 0.90464 -0.021714 0.25085 
4284  0.091418 -0.99733 0.90321 0.022275 0.25826 
4285  0.093419 -0.98697 0.90207 -0.038186 0.24826 
4286  0.095419 -0.97681 0.90072 -0.036115 0.24878 
4287  0.085217 -1.0308 0.90550 0.024186 0.25851 
4288  0.087417 -1.0187 0.90490 0.017775 0.25740 
4289  0.094819 -0.97984 0.90117 -0.056902 0.24601 
4290  0.084817 -1.0330 0.90560 -0.023030 0.25007 
4291  0.086017 -1.0264 0.90531 0.025917 0.25887 
4292  0.10922 -0.91146 0.88933 -0.059032 0.24582 
4293  0.094019 -0.98390 0.90169 0.012826 0.25664 
4294  0.094819 -0.97984 0.90117 0.0056737 0.25551 
4295  0.092418 -0.99213 0.90272 0.011695 0.25648 
4296  0.10202 -0.94458 0.89524 -0.064318 0.24496 
4297  0.095019 -0.97883 0.90101 0.022542 0.25859 
4298  0.095619 -0.97581 0.90057 0.028382 0.25974 
4299  0.090618 -1.0015 0.90364 0.029363 0.25973 
4300  0.089818 -1.0058 0.90399 0.013328 0.25662 
4301  0.098620 -0.96094 0.89843 -0.054471 0.24598 
4302  0.090618 -1.0015 0.90364 0.034712 0.26045 
4303  0.094619 -0.98085 0.90131 -0.054247 0.24578 
4304  0.096419 -0.97180 0.90003 0.020921 0.25849 
4305  0.084017 -1.0375 0.90574 0.0087173 0.25557 
4306  0.080816 -1.0559 0.90624 0.0081253 0.25547 
4307  0.080816 -1.0559 0.90624 0.0051508 0.25490 
4308  0.094819 -0.97984 0.90117 0.015546 0.25676 
4309  0.10022 -0.95318 0.89698 -0.058439 0.24549 
4310  0.092018 -0.99420 0.90290 0.027851 0.25972 
4311  0.093619 -0.98595 0.90194 0.025994 0.25903 
4312  0.093619 -0.98595 0.90194 0.031177 0.25993 
4313  0.092418 -0.99213 0.90272 0.020245 0.25810 
4314  0.096619 -0.97081 0.89985 0.023386 0.25887 
4315  0.10102 -0.94934 0.89620 0.027370 0.25956 
4316  0.098820 -0.95997 0.89826 0.023383 0.25865 
4317  0.090418 -1.0026 0.90371 0.022675 0.25836 
4318  0.10242 -0.94269 0.89489 0.034043 0.26083 
4319  0.099820 -0.95511 0.89737 0.026685 0.25929 
4320  0.092619 -0.99109 0.90256 0.029154 0.25944 
4321  0.081816 -1.0501 0.90609 0.0029190 0.25424 
4322  0.069014 -1.1300 0.90677 0.0041259 0.25426 
4323  0.098220 -0.96290 0.89876 0.025621 0.25939 
4324  0.10102 -0.94934 0.89620 -0.047396 0.24794 
4325  0.096819 -0.96981 0.89969 0.023882 0.25894 
4326  0.089818 -1.0058 0.90399 -0.047754 0.24742 
4327  0.091018 -0.99943 0.90342 -0.016060 0.25172 
4328  0.096619 -0.97081 0.89985 0.014922 0.25690 
4329  0.096819 -0.96981 0.89969 -0.072733 0.24360 
4330  0.087017 -1.0209 0.90503 -0.030005 0.24992 
4331  0.093819 -0.98493 0.90183 0.023017 0.25870 
4332  0.098620 -0.96094 0.89843 -0.018814 0.25162 
4333  0.094619 -0.98085 0.90131 0.012817 0.25682 
4334  0.096619 -0.97081 0.89985 -0.0067407 0.25330 
4335  0.086417 -1.0241 0.90520 -0.0038453 0.25358 
4336  0.10282 -0.94080 0.89449 0.023303 0.25902 
4337  0.095219 -0.97782 0.90087 -0.00060201 0.25455 
4338  0.094419 -0.98187 0.90141 0.027246 0.25943 
4339  0.094619 -0.98085 0.90131 0.018441 0.25804 
4340  0.092819 -0.99006 0.90244 0.0040332 0.25536 
4341  0.090418 -1.0026 0.90371 0.026391 0.25908 
4342  0.086017 -1.0264 0.90531 -0.018940 0.25053 
4343  0.099420 -0.95705 0.89774 0.022769 0.25865 
4344  0.096419 -0.97180 0.90003 0.023640 0.25889 
4345  0.078216 -1.0713 0.90647 -0.017263 0.25131 
4346  0.090418 -1.0026 0.90371 -0.043421 0.24703 
4347  0.099820 -0.95511 0.89737 -0.063979 0.24489 
4348  0.10402 -0.93518 0.89353 -0.064903 0.24465 
4349  0.10282 -0.94080 0.89449 0.022219 0.25875 
4350  0.097019 -0.96882 0.89955 0.022972 0.25859 
4351  0.099020 -0.95899 0.89812 0.017883 0.25794 
4352  0.085217 -1.0308 0.90550 -0.024420 0.24964 
4353  0.084017 -1.0375 0.90574 -0.026650 0.24941 
4354  0.078816 -1.0677 0.90644 -0.026953 0.24904 
4355  0.085417 -1.0297 0.90544 -0.032202 0.24865 
4356  0.079816 -1.0618 0.90636 -0.031664 0.24871 
4357  0.10022 -0.95318 0.89698 -0.048304 0.24679 
4358  0.097019 -0.96882 0.89955 0.030490 0.25987 
4359  0.098820 -0.95997 0.89826 0.035832 0.26153 
4360  0.10622 -0.92502 0.89191 0.028131 0.26015 
4361  0.083817 -1.0387 0.90579 0.0069736 0.25514 
4362  0.10382 -0.93611 0.89370 -0.063060 0.24511 
4363  0.093819 -0.98493 0.90183 0.012924 0.25674 
4364  0.10042 -0.95222 0.89675 -0.054438 0.24586 
4365  0.10502 -0.93054 0.89283 -0.062286 0.24516 
4366  0.090018 -1.0047 0.90390 0.013724 0.25692 
4367  0.095219 -0.97782 0.90087 0.021738 0.25858 
4368  0.089418 -1.0079 0.90419 0.012707 0.25670 
4369  0.091618 -0.99629 0.90311 0.015870 0.25739 
4370  0.094419 -0.98187 0.90141 0.014721 0.25690 
4371  0.097620 -0.96585 0.89917 0.013794 0.25713 
4372  0.097820 -0.96487 0.89901 0.011936 0.25665 
4373  0.092619 -0.99109 0.90256 0.030747 0.25995 
4374  0.10682 -0.92228 0.89135 -0.058888 0.24524 
4375  0.097820 -0.96487 0.89901 -0.059112 0.24536 
4376  0.097219 -0.96783 0.89942 0.028870 0.26004 
4377  0.095219 -0.97782 0.90087 -0.040279 0.24834 
4378  0.093419 -0.98697 0.90207 -0.010715 0.25312 
4379  0.086217 -1.0252 0.90526 0.0099524 0.25615 
4380  0.075215 -1.0897 0.90663 -0.0018047 0.25309 
4381  0.091618 -0.99629 0.90311 0.022883 0.25868 
4382  0.10102 -0.94934 0.89620 0.025054 0.25936 
4383  0.092819 -0.99006 0.90244 0.012759 0.25692 
4384  0.096619 -0.97081 0.89985 -0.036506 0.24897 
4385  0.091218 -0.99838 0.90331 -0.043204 0.24767 
4386  0.099820 -0.95511 0.89737 0.029331 0.25994 
4387  0.091818 -0.99524 0.90300 0.028572 0.25948 
4388  0.10262 -0.94174 0.89472 0.025942 0.25958 
4389  0.088218 -1.0143 0.90464 -0.026990 0.24995 
4390  0.098620 -0.96094 0.89843 0.021403 0.25854 
4391  0.088818 -1.0111 0.90442 0.011579 0.25624 
4392  0.093219 -0.98800 0.90219 -0.036695 0.24854 
4393  0.092018 -0.99420 0.90290 0.022624 0.25856 
4394  0.088418 -1.0133 0.90457 0.0089825 0.25571 
4395  0.10022 -0.95318 0.89698 0.031203 0.26016 
4396  0.095219 -0.97782 0.90087 -0.053423 0.24631 
4397  0.089618 -1.0068 0.90409 0.0045958 0.25501 
4398  0.094419 -0.98187 0.90141 -0.035269 0.24892 
4399  0.090018 -1.0047 0.90390 0.013978 0.25705 
4400  0.093819 -0.98493 0.90183 -0.034872 0.24878 
4401  0.097419 -0.96684 0.89929 0.033510 0.26059 
4402  0.089618 -1.0068 0.90409 0.020079 0.25791 
4403  0.091618 -0.99629 0.90311 0.019121 0.25807 
4404  0.085217 -1.0308 0.90550 -0.031003 0.24948 
4405  0.092418 -0.99213 0.90272 0.018034 0.25764 
4406  0.087017 -1.0209 0.90503 0.028565 0.25951 
4407  0.098620 -0.96094 0.89843 0.029240 0.25996 
4408  0.093819 -0.98493 0.90183 0.030166 0.25998 
4409  0.10042 -0.95222 0.89675 0.034469 0.26085 
4410  0.096619 -0.97081 0.89985 -0.037130 0.24875 
4411  0.089618 -1.0068 0.90409 -0.037223 0.24823 
4412  0.087618 -1.0176 0.90485 0.018910 0.25793 
4413  0.10362 -0.93705 0.89388 -0.050146 0.24745 
4414  0.096619 -0.97081 0.89985 0.032888 0.26083 
4415  0.096019 -0.97380 0.90030 -0.032890 0.24931 
4416  0.098420 -0.96192 0.89858 0.015931 0.25745 
4417  0.090818 -1.0005 0.90353 0.031570 0.26010 
4418  0.10042 -0.95222 0.89675 -0.023288 0.25113 
4419  0.084417 -1.0353 0.90568 -0.022944 0.24977 
4420  0.084817 -1.0330 0.90560 -0.028051 0.24902 
4421  0.089018 -1.0100 0.90435 -0.035251 0.24829 
4422  0.094419 -0.98187 0.90141 0.029852 0.26006 
4423  0.079816 -1.0618 0.90636 -0.028049 0.24914 
4424  0.088218 -1.0143 0.90464 -0.017761 0.25182 
4425  0.093019 -0.98903 0.90231 0.022784 0.25841 
4426  0.084617 -1.0341 0.90564 0.0023540 0.25465 
4427  0.085817 -1.0275 0.90535 -0.028634 0.24909 
4428  0.081216 -1.0536 0.90620 -0.023439 0.25003 
4429  0.099620 -0.95608 0.89753 -0.036043 0.24897 
4430  0.098220 -0.96290 0.89876 0.020216 0.25808 
4431  0.089818 -1.0058 0.90399 0.014849 0.25687 
4432  0.090618 -1.0015 0.90364 0.011572 0.25690 
4433  0.088018 -1.0154 0.90472 -0.0037265 0.25363 
4434  0.089818 -1.0058 0.90399 0.015384 0.25715 
4435  0.096419 -0.97180 0.90003 0.033040 0.26078 
4436  0.093219 -0.98800 0.90219 -0.028613 0.25002 
4437  0.094019 -0.98390 0.90169 -0.045238 0.24744 
4438  0.094419 -0.98187 0.90141 -0.036557 0.24861 
4439  0.099820 -0.95511 0.89737 0.021117 0.25839 
4440  0.088018 -1.0154 0.90472 -0.017132 0.25125 
4441  0.094819 -0.97984 0.90117 -0.038660 0.24836 
4442  0.098220 -0.96290 0.89876 0.026181 0.25944 
4443  0.092619 -0.99109 0.90256 -0.015564 0.25212 
4444  0.091418 -0.99733 0.90321 0.028598 0.25945 
4445  0.093819 -0.98493 0.90183 -0.037281 0.24847 
4446  0.093019 -0.98903 0.90231 0.030177 0.26007 
4447  0.099220 -0.95802 0.89793 0.031197 0.26059 
4448  0.081016 -1.0547 0.90621 -0.018694 0.25079 
4449  0.092619 -0.99109 0.90256 0.027843 0.25966 
4450  0.097019 -0.96882 0.89955 -0.038670 0.24798 
4451  0.089618 -1.0068 0.90409 -0.027064 0.25020 
4452  0.093019 -0.98903 0.90231 -0.036298 0.24872 
4453  0.093819 -0.98493 0.90183 -0.036599 0.24907 
4454  0.087417 -1.0187 0.90490 -0.029290 0.24971 
4455  0.093819 -0.98493 0.90183 -0.037932 0.24901 
4456  0.098620 -0.96094 0.89843 0.030244 0.26020 
4457  0.093619 -0.98595 0.90194 -0.039057 0.24790 
4458  0.095819 -0.97480 0.90045 0.027382 0.25970 
4459  0.087618 -1.0176 0.90485 -0.011316 0.25263 
4460  0.091418 -0.99733 0.90321 0.0096446 0.25605 
4461  0.086817 -1.0220 0.90508 0.0047526 0.25530 
4462  0.095019 -0.97883 0.90101 -0.030108 0.24981 
4463  0.091618 -0.99629 0.90311 0.015315 0.25722 
4464  0.082216 -1.0478 0.90602 0.0024006 0.25465 
4465  0.10422 -0.93425 0.89344 -0.052265 0.24664 
4466  0.091418 -0.99733 0.90321 0.013185 0.25646 
4467  0.080616 -1.0571 0.90628 0.0049998 0.25436 
4468  0.10022 -0.95318 0.89698 0.035136 0.26129 
4469  0.093219 -0.98800 0.90219 0.010685 0.25647 
4470  0.096419 -0.97180 0.90003 0.013943 0.25725 
4471  0.10102 -0.94934 0.89620 0.025524 0.25957 
4472  0.095419 -0.97681 0.90072 -0.056210 0.24582 
4473  0.095419 -0.97681 0.90072 0.024481 0.25911 
4474  0.084417 -1.0353 0.90568 0.0059752 0.25551 
4475  0.097820 -0.96487 0.89901 0.024096 0.25871 
4476  0.093019 -0.98903 0.90231 -0.049998 0.24640 
4477  0.094019 -0.98390 0.90169 -0.050471 0.24634 
4478  0.095019 -0.97883 0.90101 -0.048324 0.24703 
4479  0.081416 -1.0524 0.90617 0.011269 0.25620 
4480  0.089818 -1.0058 0.90399 0.0011982 0.25467 
4481  0.088018 -1.0154 0.90472 -0.049285 0.24694 
4482  0.092218 -0.99316 0.90280 0.015356 0.25721 
4483  0.094819 -0.97984 0.90117 -0.054225 0.24569 
4484  0.090418 -1.0026 0.90371 -0.041808 0.24761 
4485  0.10242 -0.94269 0.89489 -0.054342 0.24622 
4486  0.098420 -0.96192 0.89858 -0.054928 0.24618 
4487  0.093419 -0.98697 0.90207 0.013818 0.25705 
4488  0.098620 -0.96094 0.89843 0.021043 0.25837 
4489  0.10662 -0.92319 0.89158 -0.062642 0.24536 
4490  0.082416 -1.0466 0.90600 0.012873 0.25630 
4491  0.099420 -0.95705 0.89774 0.0084868 0.25603 
4492  0.096019 -0.97380 0.90030 0.027145 0.25961 
4493  0.084617 -1.0341 0.90564 -0.029002 0.24923 
4494  0.084417 -1.0353 0.90568 0.016004 0.25682 
4495  0.10622 -0.92502 0.89191 0.039024 0.26193 
4496  0.087417 -1.0187 0.90490 -0.038619 0.24802 
4497  0.088418 -1.0133 0.90457 -0.047221 0.24641 
4498  0.099020 -0.95899 0.89812 0.017874 0.25787 
4499  0.096019 -0.97380 0.90030 0.0094184 0.25620 
4500  0.082416 -1.0466 0.90600 0.010392 0.25626 
4501  0.093619 -0.98595 0.90194 0.0088767 0.25634 
4502  0.088418 -1.0133 0.90457 0.021526 0.25835 
4503  0.094619 -0.98085 0.90131 -0.044954 0.24746 
4504  0.099420 -0.95705 0.89774 -0.052403 0.24651 
4505  0.095419 -0.97681 0.90072 -0.045939 0.24742 
4506  0.097620 -0.96585 0.89917 -0.049257 0.24688 
4507  0.096019 -0.97380 0.90030 0.014733 0.25712 
4508  0.089218 -1.0090 0.90426 -0.024789 0.25084 
4509  0.097419 -0.96684 0.89929 -0.049596 0.24704 
4510  0.090818 -1.0005 0.90353 0.017202 0.25727 
4511  0.085617 -1.0286 0.90539 -0.023234 0.25103 
4512  0.096219 -0.97280 0.90015 0.020256 0.25833 
4513  0.094019 -0.98390 0.90169 -0.040860 0.24779 
4514  0.077015 -1.0786 0.90654 0.0074644 0.25526 
4515  0.095819 -0.97480 0.90045 -0.043629 0.24740 
4516  0.087417 -1.0187 0.90490 0.022485 0.25828 
4517  0.089818 -1.0058 0.90399 -0.030855 0.24901 
4518  0.086417 -1.0241 0.90520 0.012284 0.25648 
4519  0.090018 -1.0047 0.90390 -0.036385 0.24832 
4520  0.089218 -1.0090 0.90426 0.011553 0.25652 
4521  0.094019 -0.98390 0.90169 0.018866 0.25814 
4522  0.081816 -1.0501 0.90609 0.0041706 0.25478 
4523  0.091418 -0.99733 0.90321 -0.032769 0.24883 
4524  0.093219 -0.98800 0.90219 0.029162 0.25938 
4525  0.087818 -1.0165 0.90479 0.0088086 0.25576 
4526  0.095419 -0.97681 0.90072 -0.033935 0.24939 
4527  0.10002 -0.95415 0.89719 0.022847 0.25899 
4528  0.088018 -1.0154 0.90472 -7.3088e-05 0.25437 
4529  0.097419 -0.96684 0.89929 0.011840 0.25667 
4530  0.095219 -0.97782 0.90087 -0.022001 0.25119 
4531  0.10262 -0.94174 0.89472 0.032374 0.26081 
4532  0.092819 -0.99006 0.90244 -0.044482 0.24786 
4533  0.095819 -0.97480 0.90045 -0.053590 0.24632 
4534  0.085217 -1.0308 0.90550 0.011912 0.25627 
4535  0.083817 -1.0387 0.90579 -0.026196 0.24934 
4536  0.086417 -1.0241 0.90520 -0.031434 0.24887 
4537  0.091018 -0.99943 0.90342 0.00083689 0.25478 
4538  0.079416 -1.0642 0.90640 0.018462 0.25698 
4539  0.093019 -0.98903 0.90231 0.030219 0.25993 
4540  0.10162 -0.94648 0.89562 0.034816 0.26118 
4541  0.090218 -1.0036 0.90380 0.019093 0.25781 
4542  0.097419 -0.96684 0.89929 0.017092 0.25758 
4543  0.094419 -0.98187 0.90141 0.019715 0.25789 
4544  0.093419 -0.98697 0.90207 0.018395 0.25781 
4545  0.095819 -0.97480 0.90045 0.033136 0.26045 
4546  0.10862 -0.91415 0.88986 -0.060065 0.24550 
4547  0.094619 -0.98085 0.90131 0.013118 0.25714 
4548  0.083817 -1.0387 0.90579 -0.036658 0.24758 
4549  0.096819 -0.96981 0.89969 0.0063142 0.25577 
4550  0.092018 -0.99420 0.90290 -0.039512 0.24778 
4551  0.088818 -1.0111 0.90442 0.0087406 0.25599 
4552  0.095219 -0.97782 0.90087 0.016479 0.25768 
4553  0.094819 -0.97984 0.90117 -0.047003 0.24727 
4554  0.079416 -1.0642 0.90640 0.0088638 0.25574 
4555  0.083217 -1.0421 0.90591 -0.036831 0.24793 
4556  0.096619 -0.97081 0.89985 0.012487 0.25689 
4557  0.099020 -0.95899 0.89812 0.021179 0.25876 
4558  0.093819 -0.98493 0.90183 -0.022243 0.25116 
4559  0.091018 -0.99943 0.90342 0.025879 0.25919 
4560  0.087618 -1.0176 0.90485 0.012983 0.25691 
4561  0.093619 -0.98595 0.90194 0.024987 0.25895 
4562  0.094419 -0.98187 0.90141 0.015960 0.25718 
4563  0.093619 -0.98595 0.90194 0.032515 0.26043 
4564  0.080816 -1.0559 0.90624 -0.0033422 0.25353 
4565  0.079816 -1.0618 0.90636 0.0033618 0.25461 
4566  0.086617 -1.0230 0.90513 0.0095627 0.25578 
4567  0.084017 -1.0375 0.90574 0.014805 0.25662 
4568  0.085417 -1.0297 0.90544 0.0087795 0.25556 
4569  0.084817 -1.0330 0.90560 0.016301 0.25693 
4570  0.10022 -0.95318 0.89698 -0.058750 0.24579 
4571  0.097019 -0.96882 0.89955 0.058241 0.26468 
4572  0.092218 -0.99316 0.90280 -0.032133 0.24931 
4573  0.10702 -0.92137 0.89117 -0.059302 0.24556 
4574  0.10162 -0.94648 0.89562 0.038162 0.26152 
4575  0.092619 -0.99109 0.90256 0.025603 0.25903 
4576  0.097620 -0.96585 0.89917 0.024242 0.25889 
4577  0.083017 -1.0432 0.90594 -0.021619 0.25037 
4578  0.093819 -0.98493 0.90183 0.019309 0.25783 
4579  0.099420 -0.95705 0.89774 -0.056376 0.24593 
4580  0.098620 -0.96094 0.89843 -0.043185 0.24755 
4581  0.10022 -0.95318 0.89698 0.028929 0.26002 
4582  0.080616 -1.0571 0.90628 -0.031117 0.24880 
4583  0.095619 -0.97581 0.90057 -0.048802 0.24700 
4584  0.090218 -1.0036 0.90380 0.018357 0.25806 
4585  0.10802 -0.91684 0.89043 -0.071769 0.24374 
4586  0.097419 -0.96684 0.89929 0.031358 0.26003 
4587  0.099620 -0.95608 0.89753 0.027114 0.25938 
4588  0.088218 -1.0143 0.90464 0.027425 0.25915 
4589  0.095219 -0.97782 0.90087 0.029602 0.25976 
4590  0.10982 -0.90879 0.88871 -0.071935 0.24380 
4591  0.085417 -1.0297 0.90544 0.0051169 0.25506 
4592  0.083417 -1.0409 0.90586 0.0087064 0.25571 
4593  0.086217 -1.0252 0.90526 -0.022471 0.25064 
4594  0.094219 -0.98289 0.90154 0.0095598 0.25624 
4595  0.094219 -0.98289 0.90154 -0.042541 0.24786 
4596  0.094819 -0.97984 0.90117 0.024828 0.25908 
4597  0.094219 -0.98289 0.90154 0.027489 0.25941 
4598  0.086417 -1.0241 0.90520 0.011201 0.25646 
4599  0.099220 -0.95802 0.89793 0.028215 0.25959 
4600  0.10022 -0.95318 0.89698 0.034971 0.26085 
4601  0.097219 -0.96783 0.89942 0.014542 0.25725 
4602  0.10622 -0.92502 0.89191 0.030348 0.26034 
4603  0.092619 -0.99109 0.90256 0.030550 0.26005 
4604  0.095419 -0.97681 0.90072 0.028667 0.25973 
4605  0.094819 -0.97984 0.90117 -0.056280 0.24510 
4606  0.097019 -0.96882 0.89955 0.010933 0.25654 
4607  0.097820 -0.96487 0.89901 0.0047598 0.25537 
4608  0.092218 -0.99316 0.90280 -0.012072 0.25264 
4609  0.096019 -0.97380 0.90030 0.032734 0.26063 
4610  0.093219 -0.98800 0.90219 0.027428 0.25971 
4611  0.088018 -1.0154 0.90472 0.013657 0.25683 
4612  0.086617 -1.0230 0.90513 -0.0059372 0.25341 
4613  0.096419 -0.97180 0.90003 -0.036935 0.24891 
4614  0.087017 -1.0209 0.90503 -0.017662 0.25138 
4615  0.10062 -0.95126 0.89653 -0.064149 0.24461 
4616  0.10302 -0.93986 0.89433 0.034609 0.26091 
4617  0.089018 -1.0100 0.90435 0.0088378 0.25587 
4618  0.10082 -0.95030 0.89637 0.030278 0.26024 
4619  0.094619 -0.98085 0.90131 0.015427 0.25708 
4620  0.10302 -0.93986 0.89433 0.034583 0.26106 
4621  0.086417 -1.0241 0.90520 0.0053611 0.25512 
4622  0.086817 -1.0220 0.90508 -0.030979 0.24881 
4623  0.092418 -0.99213 0.90272 -0.026308 0.25015 
4624  0.074215 -1.0960 0.90666 -0.026937 0.24891 
4625  0.087017 -1.0209 0.90503 -0.030335 0.24891 
4626  0.094419 -0.98187 0.90141 -0.052041 0.24616 
4627  0.094619 -0.98085 0.90131 -0.043045 0.24722 
4628  0.096619 -0.97081 0.89985 -0.044523 0.24755 
4629  0.093219 -0.98800 0.90219 -0.051507 0.24654 
4630  0.091618 -0.99629 0.90311 -0.052378 0.24646 
4631  0.099420 -0.95705 0.89774 0.026866 0.25955 
4632  0.097019 -0.96882 0.89955 0.037278 0.26134 
4633  0.099020 -0.95899 0.89812 0.030601 0.26008 
4634  0.10022 -0.95318 0.89698 -0.045304 0.24759 
4635  0.087217 -1.0198 0.90495 -0.012118 0.25252 
4636  0.094019 -0.98390 0.90169 0.022435 0.25857 
4637  0.10362 -0.93705 0.89388 -0.060814 0.24555 
4638  0.093019 -0.98903 0.90231 0.0087650 0.25582 
4639  0.10442 -0.93332 0.89331 -0.062913 0.24503 
4640  0.10002 -0.95415 0.89719 -0.053994 0.24635 
4641  0.094819 -0.97984 0.90117 0.0092118 0.25660 
4642  0.081616 -1.0512 0.90613 -0.027077 0.24910 
4643  0.095419 -0.97681 0.90072 0.010146 0.25660 
4644  0.081416 -1.0524 0.90617 0.0049481 0.25515 
4645  0.085617 -1.0286 0.90539 -0.047665 0.24642 
4646  0.093219 -0.98800 0.90219 0.0079088 0.25595 
4647  0.091418 -0.99733 0.90321 -0.051901 0.24628 
4648  0.080416 -1.0582 0.90630 -0.028468 0.24883 
4649  0.091218 -0.99838 0.90331 0.029362 0.25971 
4650  0.095819 -0.97480 0.90045 0.028609 0.25955 
4651  0.096619 -0.97081 0.89985 0.028630 0.25978 
4652  0.092418 -0.99213 0.90272 0.019561 0.25826 
4653  0.091018 -0.99943 0.90342 -0.028544 0.24961 
4654  0.10202 -0.94458 0.89524 0.029911 0.26015 
4655  0.086617 -1.0230 0.90513 -0.020865 0.25086 
4656  0.089218 -1.0090 0.90426 0.028268 0.25933 
4657  0.090618 -1.0015 0.90364 0.0094571 0.25592 
4658  0.095219 -0.97782 0.90087 0.026863 0.25924 
4659  0.086817 -1.0220 0.90508 -0.014578 0.25189 
4660  0.10142 -0.94743 0.89578 0.025242 0.25917 
4661  0.095819 -0.97480 0.90045 -0.027246 0.25046 
4662  0.085817 -1.0275 0.90535 0.020145 0.25782 
4663  0.097620 -0.96585 0.89917 0.017403 0.25804 
4664  0.092418 -0.99213 0.90272 0.029508 0.25977 
4665  0.097620 -0.96585 0.89917 0.030056 0.26007 
4666  0.099620 -0.95608 0.89753 0.027241 0.25975 
4667  0.095619 -0.97581 0.90057 0.019365 0.25789 
4668  0.096419 -0.97180 0.90003 0.019776 0.25825 
4669  0.094819 -0.97984 0.90117 0.019000 0.25821 
4670  0.098020 -0.96388 0.89890 0.0046100 0.25584 
4671  0.086217 -1.0252 0.90526 0.0029005 0.25457 
4672  0.098220 -0.96290 0.89876 0.024653 0.25917 
4673  0.094819 -0.97984 0.90117 0.017341 0.25749 
4674  0.091818 -0.99524 0.90300 0.015817 0.25720 
4675  0.097620 -0.96585 0.89917 0.024892 0.25922 
4676  0.088818 -1.0111 0.90442 0.015243 0.25715 
4677  0.086617 -1.0230 0.90513 -0.023659 0.24986 
4678  0.094219 -0.98289 0.90154 -0.051269 0.24609 
4679  0.091018 -0.99943 0.90342 0.028878 0.25985 
4680  0.085217 -1.0308 0.90550 0.012521 0.25645 
4681  0.086217 -1.0252 0.90526 -0.023116 0.25082 
4682  0.091818 -0.99524 0.90300 0.011699 0.25643 
4683  0.078416 -1.0701 0.90645 0.0036968 0.25484 
4684  0.097820 -0.96487 0.89901 -0.055810 0.24630 
4685  0.097419 -0.96684 0.89929 0.011933 0.25694 
4686  0.089218 -1.0090 0.90426 0.016018 0.25731 
4687  0.095619 -0.97581 0.90057 0.016190 0.25769 
4688  0.096219 -0.97280 0.90015 0.030047 0.25982 
4689  0.083417 -1.0409 0.90586 0.0022192 0.25482 
4690  0.092018 -0.99420 0.90290 0.0096113 0.25611 
4691  0.098620 -0.96094 0.89843 -0.057694 0.24571 
4692  0.096419 -0.97180 0.90003 -0.039332 0.24821 
4693  0.084417 -1.0353 0.90568 0.0033035 0.25479 
4694  0.080816 -1.0559 0.90624 -0.0036475 0.25317 
4695  0.080416 -1.0582 0.90630 -0.010593 0.25214 
4696  0.094419 -0.98187 0.90141 -0.050720 0.24610 
4697  0.094619 -0.98085 0.90131 0.017537 0.25800 
4698  0.082617 -1.0455 0.90598 -0.0012690 0.25345 
4699  0.097820 -0.96487 0.89901 -0.048267 0.24710 
4700  0.088618 -1.0122 0.90450 0.015946 0.25728 
4701  0.099620 -0.95608 0.89753 0.020018 0.25843 
4702  0.10222 -0.94363 0.89504 0.027771 0.25952 
4703  0.086417 -1.0241 0.90520 -0.039395 0.24754 
4704  0.099620 -0.95608 0.89753 0.032390 0.26037 
4705  0.093019 -0.98903 0.90231 -0.034178 0.24901 
4706  0.090618 -1.0015 0.90364 0.017364 0.25758 
4707  0.10042 -0.95222 0.89675 0.021505 0.25875 
4708  0.094619 -0.98085 0.90131 0.014782 0.25725 
4709  0.094419 -0.98187 0.90141 -0.036848 0.24926 
4710  0.098220 -0.96290 0.89876 -0.058747 0.24591 
4711  0.089018 -1.0100 0.90435 0.0027342 0.25478 
4712  0.096619 -0.97081 0.89985 -0.038500 0.24890 
4713  0.093219 -0.98800 0.90219 -0.042190 0.24747 
4714  0.093219 -0.98800 0.90219 0.025351 0.25901 
4715  0.086417 -1.0241 0.90520 0.0077298 0.25527 
4716  0.082016 -1.0489 0.90606 0.0086591 0.25518 
4717  0.081416 -1.0524 0.90617 0.014220 0.25640 
4718  0.085417 -1.0297 0.90544 0.0060002 0.25530 
4719  0.087417 -1.0187 0.90490 0.013622 0.25661 
4720  0.090018 -1.0047 0.90390 0.024421 0.25859 
4721  0.094819 -0.97984 0.90117 0.015703 0.25759 
4722  0.086017 -1.0264 0.90531 0.027830 0.25945 
4723  0.079616 -1.0630 0.90637 0.0050297 0.25473 
4724  0.089218 -1.0090 0.90426 -0.042249 0.24774 
4725  0.087818 -1.0165 0.90479 0.0036172 0.25500 
4726  0.098820 -0.95997 0.89826 0.012974 0.25710 
4727  0.092819 -0.99006 0.90244 -0.037612 0.24874 
4728  0.093419 -0.98697 0.90207 0.014785 0.25696 
4729  0.096019 -0.97380 0.90030 0.024183 0.25904 
4730  0.095819 -0.97480 0.90045 0.021586 0.25829 
4731  0.095619 -0.97581 0.90057 0.024967 0.25904 
4732  0.091218 -0.99838 0.90331 0.024838 0.25880 
4733  0.095019 -0.97883 0.90101 -0.036939 0.24834 
4734  0.091618 -0.99629 0.90311 0.013188 0.25671 
4735  0.087818 -1.0165 0.90479 0.032177 0.26008 
4736  0.095019 -0.97883 0.90101 -0.046458 0.24696 
4737  0.095219 -0.97782 0.90087 0.032713 0.26037 
4738  0.089418 -1.0079 0.90419 -0.042058 0.24783 
4739  0.091818 -0.99524 0.90300 0.029582 0.25995 
4740  0.11022 -0.90701 0.88832 -0.070117 0.24450 
4741  0.099420 -0.95705 0.89774 0.026373 0.25961 
4742  0.099620 -0.95608 0.89753 -0.064996 0.24468 
4743  0.099420 -0.95705 0.89774 -0.064583 0.24465 
4744  0.095619 -0.97581 0.90057 0.017290 0.25771 
4745  0.10222 -0.94363 0.89504 -0.061901 0.24507 
4746  0.10082 -0.95030 0.89637 0.043872 0.26235 
4747  0.082817 -1.0443 0.90596 0.012621 0.25612 
4748  0.090818 -1.0005 0.90353 0.0094541 0.25577 
4749  0.093819 -0.98493 0.90183 0.010907 0.25609 
4750  0.082416 -1.0466 0.90600 -0.034850 0.24804 
4751  0.092018 -0.99420 0.90290 0.011268 0.25667 
4752  0.096019 -0.97380 0.90030 -0.045109 0.24750 
4753  0.099220 -0.95802 0.89793 0.024659 0.25923 
4754  0.095019 -0.97883 0.90101 0.021240 0.25796 
4755  0.098420 -0.96192 0.89858 0.040119 0.26155 
4756  0.085617 -1.0286 0.90539 0.023652 0.25790 
4757  0.096019 -0.97380 0.90030 0.040831 0.26183 
4758  0.092418 -0.99213 0.90272 -0.028428 0.25043 
4759  0.097620 -0.96585 0.89917 -0.054567 0.24605 
4760  0.090618 -1.0015 0.90364 -0.032775 0.24916 
4761  0.096819 -0.96981 0.89969 -0.041280 0.24821 
4762  0.083817 -1.0387 0.90579 0.015361 0.25692 
4763  0.088018 -1.0154 0.90472 0.0061720 0.25546 
4764  0.10042 -0.95222 0.89675 0.0055805 0.25598 
4765  0.088618 -1.0122 0.90450 0.020441 0.25793 
4766  0.089418 -1.0079 0.90419 0.022903 0.25848 
4767  0.092018 -0.99420 0.90290 0.0028792 0.25503 
4768  0.090818 -1.0005 0.90353 0.015958 0.25717 
4769  0.088418 -1.0133 0.90457 0.020751 0.25787 
4770  0.095019 -0.97883 0.90101 0.017390 0.25769 
4771  0.086017 -1.0264 0.90531 0.014514 0.25685 
4772  0.094419 -0.98187 0.90141 -0.025347 0.25076 
4773  0.086217 -1.0252 0.90526 -0.029051 0.24935 
4774  0.095219 -0.97782 0.90087 0.034824 0.26089 
4775  0.090218 -1.0036 0.90380 0.027533 0.25942 
4776  0.098820 -0.95997 0.89826 0.033263 0.26057 
4777  0.097820 -0.96487 0.89901 0.022543 0.25858 
4778  0.094419 -0.98187 0.90141 0.027098 0.25943 
4779  0.090018 -1.0047 0.90390 -0.036540 0.24869 
4780  0.095219 -0.97782 0.90087 0.021609 0.25859 
4781  0.093019 -0.98903 0.90231 0.019846 0.25796 
4782  0.10602 -0.92593 0.89204 -0.066435 0.24431 
4783  0.10602 -0.92593 0.89204 -0.071017 0.24414 
4784  0.10102 -0.94934 0.89620 0.026095 0.25911 
4785  0.094819 -0.97984 0.90117 0.010509 0.25654 
4786  0.10102 -0.94934 0.89620 0.016274 0.25762 
4787  0.089818 -1.0058 0.90399 0.011856 0.25610 
4788  0.091818 -0.99524 0.90300 -0.044873 0.24669 
4789  0.076815 -1.0798 0.90656 -0.026652 0.24948 
4790  0.080816 -1.0559 0.90624 -0.021829 0.24996 
4791  0.089218 -1.0090 0.90426 -0.020283 0.25145 
4792  0.096019 -0.97380 0.90030 0.035659 0.26099 
4793  0.090018 -1.0047 0.90390 -0.0082486 0.25308 
4794  0.086417 -1.0241 0.90520 0.0068398 0.25569 
4795  0.086217 -1.0252 0.90526 0.0087741 0.25605 
4796  0.092418 -0.99213 0.90272 0.011162 0.25656 
4797  0.10322 -0.93892 0.89419 0.024723 0.25902 
4798  0.087818 -1.0165 0.90479 0.0049665 0.25496 
4799  0.091818 -0.99524 0.90300 0.027310 0.25927 
4800  0.092418 -0.99213 0.90272 0.011421 0.25657 
4801  0.086817 -1.0220 0.90508 -0.014807 0.25179 
4802  0.085417 -1.0297 0.90544 -0.0055507 0.25326 
4803  0.089818 -1.0058 0.90399 0.026481 0.25897 
4804  0.096419 -0.97180 0.90003 -0.054075 0.24604 
4805  0.092819 -0.99006 0.90244 0.024235 0.25869 
4806  0.10182 -0.94553 0.89542 0.062454 0.26564 
4807  0.098220 -0.96290 0.89876 0.033102 0.26062 
4808  0.085417 -1.0297 0.90544 0.023267 0.25858 
4809  0.097820 -0.96487 0.89901 0.021085 0.25861 
4810  0.092018 -0.99420 0.90290 0.0063318 0.25557 
4811  0.091018 -0.99943 0.90342 -0.042509 0.24776 
4812  0.089018 -1.0100 0.90435 0.012685 0.25661 
4813  0.087417 -1.0187 0.90490 0.0042333 0.25507 
4814  0.094619 -0.98085 0.90131 0.020360 0.25825 
4815  0.099820 -0.95511 0.89737 0.031400 0.26051 
4816  0.095019 -0.97883 0.90101 0.021597 0.25827 
4817  0.086817 -1.0220 0.90508 0.015187 0.25694 
4818  0.094819 -0.97984 0.90117 0.017884 0.25774 
4819  0.077616 -1.0750 0.90650 -0.022567 0.24987 
4820  0.093019 -0.98903 0.90231 0.022722 0.25861 
4821  0.094619 -0.98085 0.90131 -0.052804 0.24614 
4822  0.082216 -1.0478 0.90602 -0.024154 0.25002 
4823  0.10142 -0.94743 0.89578 -0.039776 0.24839 
4824  0.099020 -0.95899 0.89812 -0.057135 0.24588 
4825  0.10022 -0.95318 0.89698 0.013748 0.25716 
4826  0.091018 -0.99943 0.90342 0.024475 0.25876 
4827  0.096019 -0.97380 0.90030 0.030796 0.26055 
4828  0.098420 -0.96192 0.89858 0.027932 0.25974 
4829  0.10042 -0.95222 0.89675 0.029513 0.25987 
4830  0.091018 -0.99943 0.90342 0.026082 0.25906 
4831  0.091818 -0.99524 0.90300 -0.042446 0.24747 
4832  0.088218 -1.0143 0.90464 0.016659 0.25752 
4833  0.092619 -0.99109 0.90256 0.026785 0.25942 
4834  0.093819 -0.98493 0.90183 -0.042154 0.24783 
4835  0.097419 -0.96684 0.89929 -0.054241 0.24574 
4836  0.10282 -0.94080 0.89449 -0.071749 0.24393 
4837  0.10222 -0.94363 0.89504 -0.064167 0.24512 
4838  0.090618 -1.0015 0.90364 -0.063785 0.24469 
4839  0.10162 -0.94648 0.89562 -0.076865 0.24300 
4840  0.10522 -0.92961 0.89263 -0.070820 0.24400 
4841  0.10802 -0.91684 0.89043 -0.047991 0.24730 
4842  0.10382 -0.93611 0.89370 -0.066273 0.24436 
4843  0.093619 -0.98595 0.90194 -0.00010122 0.25451 
4844  0.081216 -1.0536 0.90620 0.0085617 0.25568 
4845  0.097419 -0.96684 0.89929 0.011743 0.25674 
4846  0.096819 -0.96981 0.89969 0.024657 0.25898 
4847  0.094419 -0.98187 0.90141 0.025834 0.25918 
4848  0.086617 -1.0230 0.90513 0.0075589 0.25575 
4849  0.097019 -0.96882 0.89955 0.030899 0.25996 
4850  0.097820 -0.96487 0.89901 0.029670 0.25997 
4851  0.078016 -1.0725 0.90648 -0.018326 0.25067 
4852  0.096219 -0.97280 0.90015 0.019801 0.25835 
4853  0.093619 -0.98595 0.90194 0.026559 0.25932 
4854  0.087818 -1.0165 0.90479 0.015434 0.25709 
4855  0.078616 -1.0689 0.90645 0.0057228 0.25442 
4856  0.094019 -0.98390 0.90169 0.025569 0.25917 
4857  0.079416 -1.0642 0.90640 -0.0069926 0.25226 
4858  0.090218 -1.0036 0.90380 0.0051056 0.25513 
4859  0.098220 -0.96290 0.89876 0.026396 0.25927 
4860  0.090218 -1.0036 0.90380 0.030018 0.25978 
4861  0.099020 -0.95899 0.89812 0.025518 0.25907 
4862  0.098220 -0.96290 0.89876 -0.050234 0.24651 
4863  0.096419 -0.97180 0.90003 0.024787 0.25905 
4864  0.090018 -1.0047 0.90390 0.032667 0.26027 
4865  0.097820 -0.96487 0.89901 0.027046 0.25960 
4866  0.097219 -0.96783 0.89942 0.028163 0.25985 
4867  0.10062 -0.95126 0.89653 0.031390 0.26039 
4868  0.092418 -0.99213 0.90272 -0.029924 0.25027 
4869  0.090818 -1.0005 0.90353 -0.031612 0.24950 
4870  0.090218 -1.0036 0.90380 -0.034330 0.24900 
4871  0.092819 -0.99006 0.90244 -0.039622 0.24817 
4872  0.10002 -0.95415 0.89719 -0.059797 0.24521 
4873  0.087417 -1.0187 0.90490 0.025301 0.25871 
4874  0.099420 -0.95705 0.89774 0.034037 0.26070 
4875  0.088218 -1.0143 0.90464 0.012710 0.25647 
4876  0.099420 -0.95705 0.89774 -0.047453 0.24745 
4877  0.076815 -1.0798 0.90656 0.013401 0.25643 
4878  0.085217 -1.0308 0.90550 -0.019682 0.25103 
4879  0.091218 -0.99838 0.90331 0.034101 0.26029 
4880  0.090418 -1.0026 0.90371 -0.021149 0.25092 
4881  0.095419 -0.97681 0.90072 0.018439 0.25807 
4882  0.092218 -0.99316 0.90280 -0.042452 0.24751 
4883  0.085017 -1.0319 0.90555 0.0082670 0.25549 
4884  0.094019 -0.98390 0.90169 0.013405 0.25696 
4885  0.095819 -0.97480 0.90045 0.024512 0.25903 
4886  0.099420 -0.95705 0.89774 0.026629 0.25957 
4887  0.092218 -0.99316 0.90280 0.0092296 0.25589 
4888  0.089418 -1.0079 0.90419 0.025787 0.25933 
4889  0.097219 -0.96783 0.89942 -0.033144 0.24913 
4890  0.086417 -1.0241 0.90520 -0.043323 0.24696 
4891  0.092218 -0.99316 0.90280 -0.038506 0.24776 
4892  0.092018 -0.99420 0.90290 0.029741 0.25949 
4893  0.10322 -0.93892 0.89419 -0.066305 0.24449 
4894  0.10642 -0.92410 0.89173 -0.061669 0.24541 
4895  0.099420 -0.95705 0.89774 -0.051917 0.24676 
4896  0.098820 -0.95997 0.89826 -0.057797 0.24595 
4897  0.10062 -0.95126 0.89653 -0.054278 0.24664 
4898  0.10002 -0.95415 0.89719 -0.056007 0.24624 
4899  0.10162 -0.94648 0.89562 -0.065090 0.24485 
4900  0.084017 -1.0375 0.90574 0.017543 0.25742 
4901  0.095619 -0.97581 0.90057 0.032906 0.26054 
4902  0.095219 -0.97782 0.90087 0.016800 0.25747 
4903  0.094819 -0.97984 0.90117 0.030249 0.26017 
4904  0.10542 -0.92869 0.89244 -0.057756 0.24600 
4905  0.090418 -1.0026 0.90371 0.024147 0.25880 
4906  0.091018 -0.99943 0.90342 -0.035294 0.24916 
4907  0.098220 -0.96290 0.89876 0.016952 0.25776 
4908  0.092418 -0.99213 0.90272 0.025041 0.25918 
4909  0.10042 -0.95222 0.89675 0.027806 0.25995 
4910  0.095019 -0.97883 0.90101 0.020027 0.25829 
4911  0.099020 -0.95899 0.89812 0.021712 0.25874 
4912  0.092819 -0.99006 0.90244 0.031366 0.25996 
4913  0.086217 -1.0252 0.90526 -0.0014796 0.25365 
4914  0.091818 -0.99524 0.90300 0.010986 0.25639 
4915  0.092418 -0.99213 0.90272 0.0030923 0.25497 
4916  0.094819 -0.97984 0.90117 -0.035689 0.24921 
4917  0.084217 -1.0364 0.90570 -0.014526 0.25202 
4918  0.093019 -0.98903 0.90231 -0.041366 0.24796 
4919  0.082817 -1.0443 0.90596 0.0080155 0.25559 
4920  0.084617 -1.0341 0.90564 0.026240 0.25870 
4921  0.095019 -0.97883 0.90101 -0.045820 0.24701 
4922  0.095019 -0.97883 0.90101 0.022623 0.25845 
4923  0.091818 -0.99524 0.90300 0.0062047 0.25566 
4924  0.10162 -0.94648 0.89562 0.021259 0.25859 
4925  0.095019 -0.97883 0.90101 -0.058150 0.24557 
4926  0.089418 -1.0079 0.90419 0.016129 0.25735 
4927  0.10022 -0.95318 0.89698 -0.057783 0.24558 
4928  0.096619 -0.97081 0.89985 -0.045748 0.24749 
4929  0.098220 -0.96290 0.89876 0.034259 0.26087 
4930  0.087217 -1.0198 0.90495 -0.038230 0.24805 
4931  0.10042 -0.95222 0.89675 0.016607 0.25766 
4932  0.099420 -0.95705 0.89774 0.035717 0.26097 
4933  0.089418 -1.0079 0.90419 0.024978 0.25892 
4934  0.095019 -0.97883 0.90101 0.022448 0.25877 
4935  0.090218 -1.0036 0.90380 0.017675 0.25786 
4936  0.094219 -0.98289 0.90154 0.011578 0.25634 
4937  0.096819 -0.96981 0.89969 -0.048112 0.24662 
4938  0.091618 -0.99629 0.90311 -0.034427 0.24869 
4939  0.086417 -1.0241 0.90520 -0.031569 0.24895 
4940  0.091418 -0.99733 0.90321 -0.039547 0.24827 
4941  0.097620 -0.96585 0.89917 0.026078 0.25934 
4942  0.10562 -0.92777 0.89231 -0.069721 0.24428 
4943  0.10042 -0.95222 0.89675 -0.070251 0.24413 
4944  0.097820 -0.96487 0.89901 -0.071537 0.24383 
4945  0.085417 -1.0297 0.90544 0.015337 0.25692 
4946  0.094619 -0.98085 0.90131 -0.055994 0.24611 
4947  0.098220 -0.96290 0.89876 0.035926 0.26093 
4948  0.095419 -0.97681 0.90072 -0.059477 0.24568 
4949  0.095619 -0.97581 0.90057 0.031183 0.26012 
4950  0.077215 -1.0774 0.90653 -0.0063882 0.25256 
4951  0.093819 -0.98493 0.90183 -0.031711 0.24975 
4952  0.085217 -1.0308 0.90550 -0.034397 0.24914 
4953  0.087217 -1.0198 0.90495 0.0068205 0.25543 
4954  0.082817 -1.0443 0.90596 0.010521 0.25601 
4955  0.098020 -0.96388 0.89890 -0.055407 0.24600 
4956  0.096619 -0.97081 0.89985 0.012773 0.25711 
4957  0.090818 -1.0005 0.90353 0.023679 0.25868 
4958  0.10002 -0.95415 0.89719 0.022051 0.25861 
4959  0.090018 -1.0047 0.90390 0.011972 0.25640 
4960  0.088218 -1.0143 0.90464 0.015010 0.25712 
4961  0.093619 -0.98595 0.90194 0.025588 0.25900 
4962  0.098220 -0.96290 0.89876 -0.057919 0.24569 
4963  0.096019 -0.97380 0.90030 -0.062337 0.24522 
4964  0.093819 -0.98493 0.90183 0.029122 0.26009 
4965  0.095619 -0.97581 0.90057 0.045711 0.26233 
4966  0.095219 -0.97782 0.90087 0.025092 0.25915 
4967  0.096019 -0.97380 0.90030 0.028041 0.25952 
4968  0.088018 -1.0154 0.90472 0.0095906 0.25629 
4969  0.092619 -0.99109 0.90256 0.026338 0.25930 
4970  0.097820 -0.96487 0.89901 0.032622 0.26042 
4971  0.097620 -0.96585 0.89917 0.023536 0.25874 
4972  0.10042 -0.95222 0.89675 -0.051809 0.24678 
4973  0.10222 -0.94363 0.89504 -0.059007 0.24553 
4974  0.10022 -0.95318 0.89698 -0.057704 0.24580 
4975  0.099420 -0.95705 0.89774 0.031323 0.26048 
4976  0.080816 -1.0559 0.90624 0.032597 0.25918 
4977  0.093419 -0.98697 0.90207 0.023111 0.25842 
4978  0.097019 -0.96882 0.89955 0.018759 0.25801 
4979  0.092819 -0.99006 0.90244 -0.043862 0.24758 
4980  0.10222 -0.94363 0.89504 -0.034553 0.24983 
4981  0.094019 -0.98390 0.90169 0.015375 0.25724 
4982  0.074815 -1.0922 0.90664 -0.00065647 0.25298 
4983  0.066613 -1.1465 0.90682 0.014210 0.25546 
4984  0.088618 -1.0122 0.90450 0.012212 0.25648 
4985  0.10322 -0.93892 0.89419 -0.057873 0.24553 
4986  0.097219 -0.96783 0.89942 0.019359 0.25817 
4987  0.098420 -0.96192 0.89858 0.021511 0.25865 
4988  0.093619 -0.98595 0.90194 0.013972 0.25729 
4989  0.099020 -0.95899 0.89812 -0.046600 0.24721 
4990  0.088618 -1.0122 0.90450 0.0082920 0.25576 
4991  0.091218 -0.99838 0.90331 -0.054127 0.24566 
4992  0.090818 -1.0005 0.90353 -0.045923 0.24727 
4993  0.081616 -1.0512 0.90613 -0.041506 0.24715 
4994  0.089218 -1.0090 0.90426 -0.039219 0.24804 
4995  0.095219 -0.97782 0.90087 0.031275 0.26030 
4996  0.089818 -1.0058 0.90399 -0.049110 0.24652 
4997  0.095219 -0.97782 0.90087 0.028414 0.25965 
4998  0.094619 -0.98085 0.90131 -0.038283 0.24833 
4999  0.094019 -0.98390 0.90169 0.033363 0.26057 
5000  0.080816 -1.0559 0.90624 0.011081 0.25576 
5001  0.094619 -0.98085 0.90131 0.025068 0.25899 
5002  0.092418 -0.99213 0.90272 0.011167 0.25645 
5003  0.097620 -0.96585 0.89917 0.033683 0.26062 
5004  0.092418 -0.99213 0.90272 0.016426 0.25743 
5005  0.094019 -0.98390 0.90169 0.010979 0.25634 
5006  0.096019 -0.97380 0.90030 0.020639 0.25843 
5007  0.089818 -1.0058 0.90399 0.012632 0.25648 
5008  0.081416 -1.0524 0.90617 -0.0014019 0.25355 
5009  0.076615 -1.0811 0.90657 -0.0026276 0.25275 
5010  0.078416 -1.0701 0.90645 -0.0053677 0.25249 
5011  0.095019 -0.97883 0.90101 0.017300 0.25767 
5012  0.095419 -0.97681 0.90072 0.032453 0.26064 
5013  0.088418 -1.0133 0.90457 -0.0056348 0.25320 
5014  0.10182 -0.94553 0.89542 0.025449 0.25949 
5015  0.089218 -1.0090 0.90426 0.022785 0.25846 
5016  0.097620 -0.96585 0.89917 0.030203 0.26013 
5017  0.087818 -1.0165 0.90479 -0.00028660 0.25419 
5018  0.090018 -1.0047 0.90390 0.018937 0.25787 
5019  0.097620 -0.96585 0.89917 0.030031 0.26005 
5020  0.092218 -0.99316 0.90280 0.013433 0.25700 
5021  0.093619 -0.98595 0.90194 0.0077646 0.25575 
5022  0.094019 -0.98390 0.90169 0.011418 0.25651 
5023  0.094019 -0.98390 0.90169 -0.028085 0.25015 
5024  0.094419 -0.98187 0.90141 0.031342 0.26047 
5025  0.097219 -0.96783 0.89942 0.027182 0.25947 
5026  0.096419 -0.97180 0.90003 0.021971 0.25886 
5027  0.085417 -1.0297 0.90544 0.0057185 0.25541 
5028  0.096219 -0.97280 0.90015 0.023132 0.25871 
5029  0.097219 -0.96783 0.89942 0.022945 0.25878 
5030  0.095819 -0.97480 0.90045 0.011178 0.25677 
5031  0.083617 -1.0398 0.90584 -0.015429 0.25173 
5032  0.092619 -0.99109 0.90256 0.031330 0.26013 
5033  0.093819 -0.98493 0.90183 0.035067 0.26082 
5034  0.092218 -0.99316 0.90280 0.020817 0.25816 
5035  0.095019 -0.97883 0.90101 -0.056232 0.24602 
5036  0.10042 -0.95222 0.89675 -0.063938 0.24498 
5037  0.089218 -1.0090 0.90426 0.0097114 0.25588 
5038  0.098220 -0.96290 0.89876 -0.059961 0.24552 
5039  0.088618 -1.0122 0.90450 0.014483 0.25688 
5040  0.091818 -0.99524 0.90300 0.020528 0.25808 
5041  0.084817 -1.0330 0.90560 0.012049 0.25627 
5042  0.094819 -0.97984 0.90117 0.020420 0.25813 
5043  0.099620 -0.95608 0.89753 0.032441 0.26070 
5044  0.090418 -1.0026 0.90371 -0.025033 0.25002 
5045  0.099820 -0.95511 0.89737 -0.062489 0.24488 
5046  0.090618 -1.0015 0.90364 -0.034688 0.24912 
5047  0.092018 -0.99420 0.90290 -0.033721 0.24916 
5048  0.094819 -0.97984 0.90117 0.0093215 0.25653 
5049  0.10282 -0.94080 0.89449 -0.063077 0.24521 
5050  0.096019 -0.97380 0.90030 -0.060358 0.24506 
5051  0.088418 -1.0133 0.90457 0.0057842 0.25548 
5052  0.093819 -0.98493 0.90183 0.031012 0.26015 
5053  0.091818 -0.99524 0.90300 -0.041221 0.24800 
5054  0.093619 -0.98595 0.90194 0.014478 0.25739 
5055  0.098620 -0.96094 0.89843 0.027526 0.25974 
5056  0.090818 -1.0005 0.90353 0.016485 0.25759 
5057  0.090818 -1.0005 0.90353 0.027654 0.25930 
5058  0.092018 -0.99420 0.90290 0.020401 0.25813 
5059  0.098620 -0.96094 0.89843 0.027945 0.25972 
5060  0.099220 -0.95802 0.89793 0.034941 0.26091 
5061  0.10082 -0.95030 0.89637 0.024855 0.25901 
5062  0.088618 -1.0122 0.90450 -0.0061180 0.25354 
5063  0.085017 -1.0319 0.90555 0.0031180 0.25483 
5064  0.096019 -0.97380 0.90030 0.017291 0.25763 
5065  0.10202 -0.94458 0.89524 0.027933 0.25975 
5066  0.091618 -0.99629 0.90311 -0.035497 0.24878 
5067  0.082216 -1.0478 0.90602 -0.029863 0.24930 
5068  0.089018 -1.0100 0.90435 0.015073 0.25728 
5069  0.096619 -0.97081 0.89985 -0.056068 0.24575 
5070  0.092418 -0.99213 0.90272 -0.016574 0.25182 
5071  0.10202 -0.94458 0.89524 -0.063299 0.24460 
5072  0.091818 -0.99524 0.90300 0.0027477 0.25486 
5073  0.095219 -0.97782 0.90087 0.016443 0.25768 
5074  0.082016 -1.0489 0.90606 0.0049999 0.25494 
5075  0.095419 -0.97681 0.90072 0.020670 0.25838 
5076  0.096219 -0.97280 0.90015 0.015018 0.25736 
5077  0.095419 -0.97681 0.90072 0.016407 0.25761 
5078  0.092018 -0.99420 0.90290 0.021426 0.25839 
5079  0.091618 -0.99629 0.90311 -0.028463 0.25004 
5080  0.096819 -0.96981 0.89969 -0.056317 0.24542 
5081  0.10742 -0.91956 0.89081 0.022545 0.25909 
5082  0.096419 -0.97180 0.90003 0.025248 0.25899 
5083  0.096819 -0.96981 0.89969 -0.064322 0.24465 
5084  0.10022 -0.95318 0.89698 -0.072581 0.24379 
5085  0.098420 -0.96192 0.89858 0.022407 0.25869 
5086  0.091418 -0.99733 0.90321 0.011628 0.25651 
5087  0.080416 -1.0582 0.90630 -0.00052438 0.25390 
5088  0.092018 -0.99420 0.90290 -0.031700 0.24896 
5089  0.090418 -1.0026 0.90371 0.0079565 0.25554 
5090  0.091018 -0.99943 0.90342 0.021135 0.25792 
5091  0.094419 -0.98187 0.90141 -0.049554 0.24707 
5092  0.091418 -0.99733 0.90321 0.0086906 0.25612 
5093  0.10062 -0.95126 0.89653 -0.049283 0.24727 
5094  0.087618 -1.0176 0.90485 -0.048550 0.24680 
5095  0.097219 -0.96783 0.89942 -0.052394 0.24677 
5096  0.090618 -1.0015 0.90364 0.0058957 0.25554 
5097  0.094819 -0.97984 0.90117 0.014360 0.25724 
5098  0.091618 -0.99629 0.90311 -0.010672 0.25303 
5099  0.090218 -1.0036 0.90380 0.010450 0.25617 
5100  0.10682 -0.92228 0.89135 -0.071296 0.24424 
5101  0.093819 -0.98493 0.90183 0.020080 0.25809 
5102  0.082016 -1.0489 0.90606 0.014027 0.25646 
5103  0.083017 -1.0432 0.90594 0.011505 0.25589 
5104  0.098620 -0.96094 0.89843 0.028196 0.25949 
5105  0.084217 -1.0364 0.90570 -0.031345 0.24865 
5106  0.10062 -0.95126 0.89653 -0.050281 0.24702 
5107  0.094819 -0.97984 0.90117 0.0091040 0.25614 
5108  0.079616 -1.0630 0.90637 0.010299 0.25552 
5109  0.093419 -0.98697 0.90207 0.023110 0.25860 
5110  0.096819 -0.96981 0.89969 0.027934 0.25978 
5111  0.10042 -0.95222 0.89675 0.022926 0.25878 
5112  0.094219 -0.98289 0.90154 0.037363 0.26108 
5113  0.094619 -0.98085 0.90131 0.025148 0.25903 
5114  0.097019 -0.96882 0.89955 0.012626 0.25687 
5115  0.091618 -0.99629 0.90311 0.015433 0.25705 
5116  0.099020 -0.95899 0.89812 0.033296 0.26074 
5117  0.091018 -0.99943 0.90342 0.016665 0.25739 
5118  0.10502 -0.93054 0.89283 -0.052840 0.24653 
5119  0.097820 -0.96487 0.89901 -0.043558 0.24785 
5120  0.098820 -0.95997 0.89826 0.037060 0.26104 
5121  0.088418 -1.0133 0.90457 0.0091261 0.25591 
5122  0.097620 -0.96585 0.89917 0.0092636 0.25623 
5123  0.088618 -1.0122 0.90450 0.015230 0.25680 
5124  0.097620 -0.96585 0.89917 -0.053081 0.24590 
5125  0.088418 -1.0133 0.90457 0.0065412 0.25571 
5126  0.095019 -0.97883 0.90101 -0.038217 0.24844 
5127  0.091418 -0.99733 0.90321 0.011760 0.25623 
5128  0.089018 -1.0100 0.90435 0.0015417 0.25437 
5129  0.091818 -0.99524 0.90300 -0.034079 0.24882 
5130  0.097820 -0.96487 0.89901 -0.042753 0.24791 
5131  0.094219 -0.98289 0.90154 0.013250 0.25719 
5132  0.089218 -1.0090 0.90426 0.011282 0.25653 
5133  0.097019 -0.96882 0.89955 0.023386 0.25878 
5134  0.091818 -0.99524 0.90300 0.018856 0.25774 
5135  0.097820 -0.96487 0.89901 0.020695 0.25831 
5136  0.081616 -1.0512 0.90613 0.0070032 0.25498 
5137  0.079616 -1.0630 0.90637 0.012350 0.25569 
5138  0.094019 -0.98390 0.90169 0.032503 0.26020 
5139  0.091418 -0.99733 0.90321 0.010226 0.25638 
5140  0.089618 -1.0068 0.90409 -0.015196 0.25196 
5141  0.093819 -0.98493 0.90183 0.018151 0.25782 
5142  0.092819 -0.99006 0.90244 0.021307 0.25839 
5143  0.090018 -1.0047 0.90390 0.011944 0.25631 
5144  0.093619 -0.98595 0.90194 0.019142 0.25793 
5145  0.082216 -1.0478 0.90602 -0.034775 0.24828 
5146  0.082817 -1.0443 0.90596 -0.031159 0.24868 
5147  0.10082 -0.95030 0.89637 0.029793 0.26011 
5148  0.095219 -0.97782 0.90087 0.017736 0.25774 
5149  0.092819 -0.99006 0.90244 -0.026382 0.25025 
5150  0.094819 -0.97984 0.90117 -0.037382 0.24858 
5151  0.080616 -1.0571 0.90628 -0.030366 0.24868 
5152  0.090418 -1.0026 0.90371 0.012638 0.25699 
5153  0.093619 -0.98595 0.90194 -0.037142 0.24837 
5154  0.088618 -1.0122 0.90450 0.011075 0.25632 
5155  0.076015 -1.0848 0.90660 -0.0023982 0.25307 
5156  0.091818 -0.99524 0.90300 0.012777 0.25688 
5157  0.099220 -0.95802 0.89793 0.0080336 0.25616 
5158  0.098220 -0.96290 0.89876 0.028748 0.25954 
5159  0.092819 -0.99006 0.90244 0.013458 0.25664 
5160  0.099220 -0.95802 0.89793 0.018429 0.25831 
5161  0.094619 -0.98085 0.90131 0.021699 0.25836 
5162  0.086017 -1.0264 0.90531 -0.034290 0.24894 
5163  0.092819 -0.99006 0.90244 0.028252 0.25952 
5164  0.099620 -0.95608 0.89753 0.035952 0.26103 
5165  0.090618 -1.0015 0.90364 0.0054278 0.25551 
5166  0.090018 -1.0047 0.90390 -0.024368 0.25062 
5167  0.093819 -0.98493 0.90183 0.031624 0.26017 
5168  0.087217 -1.0198 0.90495 0.014044 0.25651 
5169  0.077215 -1.0774 0.90653 0.016254 0.25672 
5170  0.095019 -0.97883 0.90101 0.030231 0.25996 
5171  0.080616 -1.0571 0.90628 0.0047900 0.25475 
5172  0.099420 -0.95705 0.89774 0.025372 0.25923 
5173  0.095019 -0.97883 0.90101 0.016276 0.25748 
5174  0.10102 -0.94934 0.89620 0.034702 0.26081 
5175  0.090418 -1.0026 0.90371 0.0067197 0.25575 
5176  0.090018 -1.0047 0.90390 0.022956 0.25878 
5177  0.092619 -0.99109 0.90256 0.024416 0.25887 
5178  0.090618 -1.0015 0.90364 0.016951 0.25742 
5179  0.085217 -1.0308 0.90550 -0.0099629 0.25253 
5180  0.074015 -1.0973 0.90667 -0.012114 0.25119 
5181  0.077215 -1.0774 0.90653 -0.013696 0.25106 
5182  0.096419 -0.97180 0.90003 0.030684 0.25974 
5183  0.087017 -1.0209 0.90503 0.017739 0.25714 
5184  0.095019 -0.97883 0.90101 0.022104 0.25846 
5185  0.089618 -1.0068 0.90409 0.026276 0.25909 
5186  0.082016 -1.0489 0.90606 -0.022912 0.24968 
5187  0.076015 -1.0848 0.90660 -0.023792 0.24959 
5188  0.094219 -0.98289 0.90154 0.022783 0.25866 
5189  0.087818 -1.0165 0.90479 -0.025482 0.25004 
5190  0.099620 -0.95608 0.89753 0.031395 0.26022 
5191  0.077816 -1.0738 0.90649 -0.029858 0.24865 
5192  0.085217 -1.0308 0.90550 -0.031441 0.24889 
5193  0.079816 -1.0618 0.90636 -0.024306 0.24958 
5194  0.084617 -1.0341 0.90564 -0.021948 0.25007 
5195  0.088018 -1.0154 0.90472 -0.030402 0.24963 
5196  0.092819 -0.99006 0.90244 0.0067130 0.25565 
5197  0.094619 -0.98085 0.90131 0.027933 0.25962 
5198  0.087417 -1.0187 0.90490 0.023363 0.25860 
5199  0.095819 -0.97480 0.90045 0.023181 0.25862 
5200  0.091618 -0.99629 0.90311 -0.029791 0.24932 
5201  0.093219 -0.98800 0.90219 -0.041468 0.24744 
5202  0.091018 -0.99943 0.90342 -0.025215 0.24970 
5203  0.094619 -0.98085 0.90131 0.021376 0.25871 
5204  0.093019 -0.98903 0.90231 0.019170 0.25785 
5205  0.090018 -1.0047 0.90390 0.020341 0.25805 
5206  0.081816 -1.0501 0.90609 0.0070434 0.25525 
5207  0.091418 -0.99733 0.90321 -0.025866 0.24951 
5208  0.087017 -1.0209 0.90503 0.015886 0.25730 
5209  0.084617 -1.0341 0.90564 0.0058474 0.25535 
5210  0.10762 -0.91865 0.89073 -0.062085 0.24494 
5211  0.094019 -0.98390 0.90169 0.027817 0.25919 
5212  0.097219 -0.96783 0.89942 -0.049765 0.24657 
5213  0.10082 -0.95030 0.89637 -0.060410 0.24496 
5214  0.080216 -1.0594 0.90631 -0.019432 0.25041 
5215  0.089018 -1.0100 0.90435 -0.036730 0.24821 
5216  0.083617 -1.0398 0.90584 -0.018502 0.25063 
5217  0.082416 -1.0466 0.90600 -0.034660 0.24861 
5218  0.090818 -1.0005 0.90353 0.010197 0.25591 
5219  0.098820 -0.95997 0.89826 0.0055361 0.25579 
5220  0.091218 -0.99838 0.90331 0.0052241 0.25528 
5221  0.086417 -1.0241 0.90520 0.016402 0.25710 
5222  0.087217 -1.0198 0.90495 0.010843 0.25597 
5223  0.097219 -0.96783 0.89942 -0.055780 0.24564 
5224  0.087017 -1.0209 0.90503 0.010480 0.25636 
5225  0.092619 -0.99109 0.90256 0.019393 0.25797 
5226  0.086817 -1.0220 0.90508 0.012817 0.25671 
5227  0.095619 -0.97581 0.90057 0.024110 0.25866 
5228  0.091418 -0.99733 0.90321 -0.041930 0.24803 
5229  0.090218 -1.0036 0.90380 -0.030104 0.24941 
5230  0.094019 -0.98390 0.90169 0.039283 0.26129 
5231  0.095619 -0.97581 0.90057 -0.058282 0.24534 
5232  0.087818 -1.0165 0.90479 0.020295 0.25817 
5233  0.088418 -1.0133 0.90457 0.0098835 0.25618 
5234  0.075815 -1.0860 0.90661 0.0043294 0.25390 
5235  0.079016 -1.0665 0.90642 0.019024 0.25694 
5236  0.071014 -1.1167 0.90673 0.015053 0.25562 
5237  0.096019 -0.97380 0.90030 -0.057398 0.24539 
5238  0.10022 -0.95318 0.89698 0.036785 0.26131 
5239  0.096619 -0.97081 0.89985 -0.045455 0.24671 
5240  0.089018 -1.0100 0.90435 -0.034900 0.24876 
5241  0.093419 -0.98697 0.90207 0.011654 0.25696 
5242  0.10222 -0.94363 0.89504 0.029276 0.25995 
5243  0.10342 -0.93798 0.89404 -0.054120 0.24581 
5244  0.098420 -0.96192 0.89858 -0.059671 0.24532 
5245  0.10422 -0.93425 0.89344 -0.064413 0.24483 
5246  0.087017 -1.0209 0.90503 -0.029110 0.24916 
5247  0.085217 -1.0308 0.90550 -0.029905 0.24895 
5248  0.090018 -1.0047 0.90390 0.019209 0.25791 
5249  0.090018 -1.0047 0.90390 0.019871 0.25822 
5250  0.091618 -0.99629 0.90311 0.015872 0.25734 
5251  0.098620 -0.96094 0.89843 -0.0026208 0.25441 
5252  0.076815 -1.0798 0.90656 -0.022724 0.24992 
5253  0.10082 -0.95030 0.89637 -0.054793 0.24584 
5254  0.10002 -0.95415 0.89719 -0.053690 0.24632 
5255  0.098020 -0.96388 0.89890 0.031862 0.26045 
5256  0.084217 -1.0364 0.90570 0.0083033 0.25586 
5257  0.096419 -0.97180 0.90003 0.024494 0.25942 
5258  0.092619 -0.99109 0.90256 0.030346 0.26025 
5259  0.089618 -1.0068 0.90409 -0.032364 0.24886 
5260  0.088418 -1.0133 0.90457 0.026744 0.25934 
5261  0.092819 -0.99006 0.90244 0.011276 0.25688 
5262  0.10182 -0.94553 0.89542 0.027788 0.25957 
5263  0.087818 -1.0165 0.90479 -0.031236 0.24967 
5264  0.090018 -1.0047 0.90390 0.024381 0.25889 
5265  0.092018 -0.99420 0.90290 0.015805 0.25714 
5266  0.090818 -1.0005 0.90353 -0.030595 0.24946 
5267  0.093219 -0.98800 0.90219 -0.032554 0.24904 
5268  0.090418 -1.0026 0.90371 0.0048094 0.25517 
5269  0.10002 -0.95415 0.89719 0.038018 0.26126 
5270  0.093219 -0.98800 0.90219 0.022076 0.25841 
5271  0.086017 -1.0264 0.90531 -0.029152 0.24913 
5272  0.10862 -0.91415 0.88986 -0.063683 0.24492 
5273  0.10142 -0.94743 0.89578 0.022150 0.25857 
5274  0.088018 -1.0154 0.90472 -0.038180 0.24774 
5275  0.086417 -1.0241 0.90520 -0.027043 0.25000 
5276  0.095619 -0.97581 0.90057 0.0067340 0.25572 
5277  0.093219 -0.98800 0.90219 0.0093219 0.25617 
5278  0.096219 -0.97280 0.90015 0.014811 0.25708 
5279  0.097219 -0.96783 0.89942 0.023644 0.25890 
5280  0.096619 -0.97081 0.89985 0.024473 0.25902 
5281  0.095619 -0.97581 0.90057 0.029299 0.25975 
5282  0.096419 -0.97180 0.90003 -0.027070 0.25008 
5283  0.089618 -1.0068 0.90409 0.013731 0.25682 
5284  0.091618 -0.99629 0.90311 0.032361 0.26019 
5285  0.10082 -0.95030 0.89637 0.012909 0.25733 
5286  0.082617 -1.0455 0.90598 -0.015818 0.25134 
5287  0.085017 -1.0319 0.90555 0.019278 0.25775 
5288  0.094019 -0.98390 0.90169 0.018571 0.25804 
5289  0.083017 -1.0432 0.90594 0.012050 0.25603 
5290  0.097019 -0.96882 0.89955 0.011403 0.25650 
5291  0.093219 -0.98800 0.90219 0.0098634 0.25656 
5292  0.090218 -1.0036 0.90380 -0.044898 0.24699 
5293  0.084817 -1.0330 0.90560 -0.045207 0.24660 
5294  0.098220 -0.96290 0.89876 0.028863 0.26005 
5295  0.092819 -0.99006 0.90244 -0.019850 0.25179 
5296  0.093419 -0.98697 0.90207 0.030742 0.25977 
5297  0.094419 -0.98187 0.90141 0.036559 0.26091 
5298  0.099420 -0.95705 0.89774 0.032628 0.26082 
5299  0.093419 -0.98697 0.90207 0.014989 0.25733 
5300  0.095619 -0.97581 0.90057 0.025398 0.25900 
5301  0.095619 -0.97581 0.90057 0.022882 0.25863 
5302  0.091418 -0.99733 0.90321 0.022583 0.25869 
5303  0.097419 -0.96684 0.89929 0.030899 0.26004 
5304  0.089618 -1.0068 0.90409 -0.041873 0.24728 
5305  0.087618 -1.0176 0.90485 0.021666 0.25809 
5306  0.090418 -1.0026 0.90371 0.026000 0.25903 
5307  0.098420 -0.96192 0.89858 0.021548 0.25845 
5308  0.099020 -0.95899 0.89812 0.012765 0.25707 
5309  0.092018 -0.99420 0.90290 0.026065 0.25915 
5310  0.093019 -0.98903 0.90231 0.024180 0.25910 
5311  0.10442 -0.93332 0.89331 0.031252 0.26045 
5312  0.10342 -0.93798 0.89404 0.026554 0.25971 
5313  0.091018 -0.99943 0.90342 0.026316 0.25880 
5314  0.097219 -0.96783 0.89942 0.015381 0.25725 
5315  0.091818 -0.99524 0.90300 0.015293 0.25700 
5316  0.091818 -0.99524 0.90300 -0.031974 0.24901 
5317  0.096619 -0.97081 0.89985 0.019211 0.25782 
5318  0.094219 -0.98289 0.90154 0.025027 0.25899 
5319  0.093019 -0.98903 0.90231 0.022809 0.25880 
5320  0.095619 -0.97581 0.90057 0.018356 0.25802 
5321  0.095419 -0.97681 0.90072 0.030005 0.26005 
5322  0.097419 -0.96684 0.89929 0.022091 0.25870 
5323  0.087217 -1.0198 0.90495 -0.028595 0.24933 
5324  0.090618 -1.0015 0.90364 0.014636 0.25719 
5325  0.088418 -1.0133 0.90457 0.022330 0.25814 
5326  0.079816 -1.0618 0.90636 -0.026176 0.24917 
5327  0.093019 -0.98903 0.90231 0.013133 0.25686 
5328  0.093219 -0.98800 0.90219 0.026922 0.25941 
5329  0.097019 -0.96882 0.89955 -0.042660 0.24772 
5330  0.090618 -1.0015 0.90364 0.0042085 0.25507 
5331  0.094019 -0.98390 0.90169 0.035863 0.26078 
5332  0.091818 -0.99524 0.90300 0.022426 0.25855 
5333  0.073615 -1.0998 0.90670 -0.012819 0.25111 
5334  0.095019 -0.97883 0.90101 -0.056175 0.24587 
5335  0.092418 -0.99213 0.90272 0.017530 0.25746 
5336  0.10182 -0.94553 0.89542 -0.055210 0.24626 
5337  0.10142 -0.94743 0.89578 -0.056346 0.24575 
5338  0.092619 -0.99109 0.90256 0.016426 0.25740 
5339  0.10142 -0.94743 0.89578 0.035693 0.26124 
5340  0.10662 -0.92319 0.89158 0.040271 0.26214 
5341  0.094619 -0.98085 0.90131 0.020101 0.25817 
5342  0.095819 -0.97480 0.90045 -0.025602 0.25054 
5343  0.10822 -0.91594 0.89021 -0.069168 0.24420 
5344  0.083817 -1.0387 0.90579 -0.030988 0.24877 
5345  0.10122 -0.94839 0.89595 0.014471 0.25759 
5346  0.090618 -1.0015 0.90364 0.0068974 0.25578 
5347  0.086617 -1.0230 0.90513 -0.028535 0.24927 
5348  0.089018 -1.0100 0.90435 0.0067182 0.25562 
5349  0.10482 -0.93146 0.89296 -0.064961 0.24459 
5350  0.093219 -0.98800 0.90219 0.024059 0.25872 
5351  0.086817 -1.0220 0.90508 -0.027235 0.24951 
5352  0.092819 -0.99006 0.90244 0.031491 0.25989 
5353  0.093019 -0.98903 0.90231 -0.029079 0.25017 
5354  0.092418 -0.99213 0.90272 -0.022703 0.25065 
5355  0.096019 -0.97380 0.90030 0.029629 0.25982 
5356  0.095619 -0.97581 0.90057 0.032580 0.26045 
5357  0.091418 -0.99733 0.90321 -0.0093687 0.25303 
5358  0.095219 -0.97782 0.90087 0.024904 0.25887 
5359  0.095219 -0.97782 0.90087 0.021866 0.25845 
5360  0.088018 -1.0154 0.90472 0.0079472 0.25562 
5361  0.093419 -0.98697 0.90207 0.018616 0.25784 
5362  0.088218 -1.0143 0.90464 0.0051179 0.25509 
5363  0.089018 -1.0100 0.90435 0.016345 0.25763 
5364  0.093219 -0.98800 0.90219 -0.037765 0.24826 
5365  0.090218 -1.0036 0.90380 0.0052218 0.25544 
5366  0.095819 -0.97480 0.90045 0.027268 0.25938 
5367  0.10042 -0.95222 0.89675 0.030790 0.26016 
5368  0.097219 -0.96783 0.89942 0.028253 0.25983 
5369  0.093619 -0.98595 0.90194 0.026544 0.25961 
5370  0.094019 -0.98390 0.90169 0.021033 0.25860 
5371  0.087017 -1.0209 0.90503 0.010917 0.25624 
5372  0.086217 -1.0252 0.90526 0.0019431 0.25442 
5373  0.10002 -0.95415 0.89719 0.031898 0.26051 
5374  0.094619 -0.98085 0.90131 0.032415 0.26029 
5375  0.086417 -1.0241 0.90520 0.031570 0.25997 
5376  0.083617 -1.0398 0.90584 -0.00011859 0.25425 
5377  0.10242 -0.94269 0.89489 0.027031 0.25964 
5378  0.091818 -0.99524 0.90300 0.020219 0.25811 
5379  0.099020 -0.95899 0.89812 0.024764 0.25897 
5380  0.091218 -0.99838 0.90331 0.017567 0.25787 
5381  0.10042 -0.95222 0.89675 0.028699 0.25998 
5382  0.092018 -0.99420 0.90290 -0.042668 0.24781 
5383  0.10662 -0.92319 0.89158 -0.053282 0.24646 
5384  0.10442 -0.93332 0.89331 -0.050196 0.24693 
5385  0.096419 -0.97180 0.90003 -0.027794 0.25031 
5386  0.093419 -0.98697 0.90207 -0.023303 0.25039 
5387  0.090618 -1.0015 0.90364 0.010746 0.25645 
5388  0.094219 -0.98289 0.90154 0.011994 0.25670 
5389  0.10222 -0.94363 0.89504 -0.066462 0.24467 
5390  0.083217 -1.0421 0.90591 -0.0038894 0.25356 
5391  0.099620 -0.95608 0.89753 -0.053937 0.24614 
5392  0.097820 -0.96487 0.89901 0.025099 0.25908 
5393  0.10042 -0.95222 0.89675 0.019284 0.25824 
5394  0.088618 -1.0122 0.90450 -0.049049 0.24673 
5395  0.089418 -1.0079 0.90419 -0.031178 0.24916 
5396  0.10002 -0.95415 0.89719 0.025286 0.25924 
5397  0.097019 -0.96882 0.89955 0.011718 0.25658 
5398  0.098420 -0.96192 0.89858 0.026112 0.25914 
5399  0.087417 -1.0187 0.90490 0.019880 0.25806 
5400  0.099220 -0.95802 0.89793 0.017156 0.25768 
5401  0.089018 -1.0100 0.90435 0.017069 0.25760 
5402  0.096619 -0.97081 0.89985 0.030272 0.26036 
5403  0.096019 -0.97380 0.90030 0.022954 0.25876 
5404  0.094619 -0.98085 0.90131 -0.034638 0.24932 
5405  0.099420 -0.95705 0.89774 0.012110 0.25700 
5406  0.088618 -1.0122 0.90450 -0.033847 0.24904 
5407  0.098020 -0.96388 0.89890 0.020080 0.25843 
5408  0.10242 -0.94269 0.89489 0.033075 0.26073 
5409  0.10082 -0.95030 0.89637 -0.049671 0.24670 
5410  0.092218 -0.99316 0.90280 0.028408 0.25955 
5411  0.096019 -0.97380 0.90030 -0.055222 0.24597 
5412  0.089418 -1.0079 0.90419 -0.0030352 0.25379 
5413  0.091418 -0.99733 0.90321 0.012655 0.25670 
5414  0.090218 -1.0036 0.90380 0.033422 0.26029 
5415  0.098220 -0.96290 0.89876 0.029920 0.25984 
5416  0.090618 -1.0015 0.90364 -0.055931 0.24599 
5417  0.098620 -0.96094 0.89843 0.028735 0.26019 
5418  0.092619 -0.99109 0.90256 -0.031763 0.24924 
5419  0.088218 -1.0143 0.90464 -0.040692 0.24804 
5420  0.093819 -0.98493 0.90183 0.037094 0.26099 
5421  0.093819 -0.98493 0.90183 0.034324 0.26046 
5422  0.10202 -0.94458 0.89524 -0.056565 0.24585 
5423  0.097620 -0.96585 0.89917 -0.054572 0.24632 
5424  0.097219 -0.96783 0.89942 0.024494 0.25886 
5425  0.092819 -0.99006 0.90244 0.026024 0.25956 
5426  0.095419 -0.97681 0.90072 0.029859 0.26003 
