Output from NeEstimator v.2
Starting time: Fri May  9 01:53:34 2025
Input File: "qmacd_ref_gen_qrob_9sites.txt"

Number of Loci = 5426

Non-polymorphic loci:     6,     7,     8,     9,    10,    14,    15,    17,
           19,    20,    21,    22,    24,    25,    26,    27,    29,    34,
           36,    37,    38,    40,    42,    46,    50,    51,    53,    55,
           56,    60,    65,    69,    70,    72,    73,    75,    76,    77,
           79,    80,    81,    88,    89,    90,    92,    93,    94,    96,
           98,   103,   108,   110,   111,   112,   126,   129,   132,   133,
          134,   140,   145,   146,   147,   151,   154,   159,   164,   167,
          168,   169,   171,   173,   175,   176,   177,   178,   179,   180,
          182,   183,   184,   185,   186,   188,   189,   190,   199,   200,
          203,   206,   207,   209,   210,   211,   212,   213,   214,   215,
          222,   223,   224,   225,   226,   227,   228,   229,   232,   235,
          240,   243,   245,   247,   248,   249,   250,   251,   252,   259,
          260,   262,   264,   265,   266,   269,   270,   271,   272,   273,
          274,   275,   276,   277,   278,   279,   285,   288,   298,   301,
          304,   306,   308,   310,   312,   314,   316,   317,   318,   322,
          324,   325,   327,   329,   330,   331,   333,   334,   337,   338,
          339,   340,   342,   344,   351,   353,   355,   356,   357,   358,
          359,   360,   362,   364,   377,   379,   380,   385,   387,   388,
          389,   390,   391,   392,   394,   395,   396,   397,   403,   406,
          407,   408,   409,   410,   411,   412,   413,   418,   419,   421,
          422,   423,   428,   429,   430,   432,   435,   436,   438,   439,
          442,   443,   444,   448,   449,   453,   454,   456,   457,   458,
          463,   469,   477,   478,   479,   480,   482,   485,   489,   490,
          491,   495,   496,   501,   503,   512,   513,   514,   516,   517,
          519,   523,   527,   529,   530,   531,   535,   538,   543,   544,
          546,   548,   549,   550,   551,   552,   553,   556,   559,   560,
          564,   565,   566,   567,   569,   572,   573,   574,   575,   579,
          580,   582,   586,   588,   592,   593,   594,   595,   601,   603,
          604,   607,   608,   610,   612,   614,   615,   618,   619,   621,
          622,   627,   631,   633,   634,   637,   640,   641,   644,   645,
          647,   648,   652,   653,   660,   661,   662,   665,   666,   667,
          669,   670,   671,   672,   673,   674,   675,   676,   677,   681,
          682,   683,   684,   686,   688,   690,   693,   695,   699,   703,
          707,   708,   709,   710,   711,   713,   714,   715,   722,   726,
          727,   728,   729,   730,   735,   736,   741,   745,   746,   749,
          751,   752,   758,   759,   761,   764,   765,   767,   771,   777,
          779,   784,   785,   786,   787,   788,   789,   791,   797,   798,
          799,   801,   802,   803,   804,   807,   808,   812,   813,   821,
          827,   828,   830,   835,   836,   837,   844,   845,   846,   847,
          848,   850,   854,   855,   858,   860,   861,   862,   864,   870,
          871,   872,   874,   875,   876,   877,   884,   885,   886,   888,
          890,   892,   893,   894,   897,   898,   902,   904,   905,   906,
          907,   913,   914,   916,   918,   919,   920,   921,   923,   924,
          938,   941,   943,   949,   950,   951,   953,   958,   959,   960,
          961,   962,   969,   970,   973,   974,   975,   976,   978,   980,
          981,   983,   984,   986,   988,   989,   992,   993,   996,   997,
         1000,  1003,  1004,  1005,  1009,  1010,  1020,  1022,  1025,  1027,
         1029,  1036,  1039,  1042,  1045,  1047,  1050,  1051,  1053,  1054,
         1055,  1056,  1057,  1058,  1059,  1060,  1061,  1062,  1064,  1066,
         1067,  1068,  1072,  1073,  1074,  1075,  1076,  1077,  1078,  1079,
         1080,  1085,  1086,  1090,  1093,  1094,  1096,  1098,  1105,  1106,
         1109,  1110,  1111,  1112,  1114,  1117,  1121,  1125,  1126,  1128,
         1129,  1132,  1136,  1137,  1139,  1141,  1142,  1143,  1144,  1146,
         1147,  1149,  1150,  1155,  1158,  1161,  1162,  1163,  1164,  1165,
         1167,  1170,  1172,  1173,  1174,  1175,  1176,  1178,  1179,  1180,
         1181,  1182,  1184,  1186,  1190,  1196,  1197,  1198,  1199,  1200,
         1201,  1202,  1210,  1211,  1213,  1214,  1215,  1216,  1218,  1220,
         1222,  1223,  1227,  1228,  1229,  1232,  1233,  1234,  1235,  1236,
         1237,  1239,  1240,  1242,  1243,  1245,  1247,  1248,  1249,  1250,
         1252,  1253,  1254,  1256,  1257,  1260,  1263,  1267,  1273,  1275,
         1277,  1278,  1279,  1280,  1281,  1282,  1284,  1285,  1287,  1289,
         1291,  1293,  1294,  1296,  1299,  1303,  1305,  1306,  1309,  1310,
         1312,  1316,  1318,  1324,  1326,  1330,  1333,  1334,  1335,  1338,
         1339,  1340,  1341,  1342,  1344,  1345,  1347,  1348,  1349,  1353,
         1354,  1355,  1356,  1358,  1359,  1361,  1362,  1363,  1364,  1365,
         1366,  1368,  1369,  1370,  1373,  1374,  1375,  1376,  1377,  1378,
         1380,  1382,  1383,  1384,  1385,  1386,  1387,  1388,  1390,  1391,
         1393,  1395,  1396,  1399,  1408,  1409,  1410,  1411,  1414,  1415,
         1418,  1419,  1420,  1421,  1424,  1425,  1426,  1427,  1428,  1430,
         1431,  1432,  1434,  1435,  1439,  1441,  1442,  1443,  1444,  1445,
         1447,  1449,  1450,  1452,  1453,  1454,  1455,  1456,  1458,  1459,
         1460,  1466,  1468,  1469,  1470,  1473,  1478,  1482,  1487,  1488,
         1490,  1491,  1492,  1493,  1494,  1498,  1501,  1502,  1503,  1504,
         1509,  1511,  1512,  1513,  1514,  1515,  1516,  1517,  1521,  1522,
         1523,  1526,  1527,  1528,  1529,  1530,  1532,  1536,  1538,  1539,
         1540,  1541,  1543,  1544,  1545,  1547,  1548,  1549,  1551,  1555,
         1556,  1557,  1563,  1564,  1565,  1566,  1568,  1569,  1570,  1572,
         1575,  1576,  1578,  1581,  1588,  1589,  1591,  1593,  1594,  1595,
         1596,  1597,  1598,  1599,  1600,  1602,  1604,  1607,  1609,  1611,
         1613,  1614,  1617,  1618,  1628,  1630,  1631,  1636,  1638,  1639,
         1642,  1643,  1645,  1647,  1651,  1654,  1660,  1661,  1665,  1668,
         1669,  1670,  1671,  1672,  1674,  1675,  1677,  1678,  1679,  1682,
         1685,  1688,  1689,  1693,  1694,  1695,  1696,  1703,  1708,  1709,
         1716,  1719,  1724,  1726,  1729,  1730,  1731,  1740,  1747,  1751,
         1752,  1754,  1755,  1756,  1758,  1760,  1762,  1764,  1765,  1766,
         1767,  1768,  1771,  1772,  1773,  1774,  1776,  1777,  1778,  1779,
         1780,  1781,  1783,  1784,  1786,  1787,  1788,  1789,  1792,  1799,
         1800,  1806,  1808,  1809,  1811,  1812,  1813,  1814,  1817,  1818,
         1819,  1821,  1822,  1823,  1824,  1826,  1829,  1832,  1833,  1836,
         1837,  1838,  1840,  1842,  1843,  1844,  1845,  1846,  1847,  1852,
         1854,  1858,  1859,  1860,  1861,  1862,  1863,  1865,  1867,  1868,
         1870,  1874,  1875,  1878,  1880,  1881,  1883,  1885,  1886,  1887,
         1888,  1889,  1890,  1892,  1894,  1896,  1897,  1898,  1899,  1900,
         1901,  1904,  1905,  1906,  1909,  1911,  1912,  1917,  1918,  1922,
         1923,  1927,  1931,  1932,  1933,  1935,  1936,  1937,  1938,  1939,
         1940,  1947,  1949,  1950,  1951,  1956,  1957,  1959,  1960,  1961,
         1962,  1963,  1965,  1966,  1970,  1971,  1974,  1975,  1977,  1979,
         1980,  1983,  1984,  1986,  1987,  1989,  1992,  1993,  1994,  1995,
         1997,  1998,  1999,  2001,  2002,  2005,  2006,  2007,  2008,  2009,
         2010,  2012,  2015,  2019,  2020,  2022,  2023,  2026,  2033,  2034,
         2035,  2038,  2040,  2044,  2045,  2046,  2047,  2049,  2050,  2051,
         2053,  2054,  2055,  2059,  2060,  2061,  2069,  2070,  2071,  2072,
         2081,  2082,  2084,  2086,  2087,  2089,  2090,  2091,  2092,  2094,
         2095,  2102,  2104,  2105,  2107,  2111,  2112,  2113,  2114,  2115,
         2116,  2117,  2118,  2119,  2120,  2121,  2122,  2123,  2128,  2135,
         2136,  2137,  2138,  2139,  2140,  2141,  2142,  2143,  2144,  2145,
         2146,  2147,  2150,  2151,  2155,  2156,  2158,  2164,  2165,  2167,
         2171,  2174,  2175,  2177,  2179,  2180,  2181,  2183,  2188,  2191,
         2192,  2194,  2195,  2196,  2198,  2200,  2202,  2204,  2205,  2206,
         2208,  2211,  2212,  2213,  2215,  2219,  2220,  2222,  2223,  2224,
         2226,  2227,  2228,  2229,  2239,  2244,  2246,  2247,  2248,  2255,
         2257,  2258,  2259,  2260,  2261,  2262,  2264,  2265,  2268,  2272,
         2273,  2274,  2276,  2277,  2279,  2280,  2282,  2284,  2288,  2289,
         2292,  2293,  2296,  2301,  2302,  2303,  2304,  2306,  2308,  2309,
         2310,  2311,  2312,  2313,  2315,  2320,  2324,  2326,  2328,  2334,
         2335,  2338,  2339,  2341,  2342,  2343,  2344,  2346,  2352,  2353,
         2354,  2356,  2358,  2359,  2360,  2362,  2363,  2364,  2367,  2368,
         2371,  2372,  2373,  2374,  2375,  2376,  2377,  2378,  2379,  2380,
         2381,  2384,  2386,  2387,  2388,  2389,  2391,  2393,  2398,  2400,
         2401,  2402,  2404,  2405,  2406,  2407,  2408,  2409,  2410,  2411,
         2412,  2415,  2416,  2417,  2419,  2420,  2422,  2423,  2424,  2425,
         2426,  2427,  2432,  2435,  2436,  2443,  2444,  2445,  2446,  2447,
         2448,  2449,  2451,  2452,  2453,  2454,  2455,  2456,  2457,  2458,
         2467,  2469,  2470,  2471,  2478,  2480,  2482,  2483,  2492,  2495,
         2496,  2497,  2501,  2504,  2506,  2508,  2509,  2510,  2512,  2514,
         2515,  2518,  2521,  2523,  2524,  2525,  2526,  2527,  2529,  2536,
         2539,  2540,  2541,  2542,  2543,  2544,  2545,  2546,  2547,  2550,
         2554,  2555,  2558,  2560,  2564,  2565,  2566,  2568,  2569,  2570,
         2574,  2575,  2576,  2577,  2578,  2579,  2580,  2581,  2583,  2590,
         2593,  2597,  2598,  2599,  2600,  2601,  2602,  2603,  2604,  2605,
         2606,  2608,  2610,  2611,  2619,  2620,  2621,  2623,  2624,  2625,
         2634,  2635,  2636,  2639,  2640,  2641,  2642,  2643,  2644,  2645,
         2646,  2648,  2649,  2650,  2651,  2652,  2654,  2655,  2656,  2657,
         2658,  2659,  2660,  2662,  2664,  2669,  2670,  2671,  2672,  2673,
         2674,  2675,  2676,  2677,  2678,  2679,  2681,  2683,  2693,  2695,
         2696,  2698,  2699,  2700,  2701,  2703,  2704,  2705,  2710,  2711,
         2719,  2720,  2722,  2727,  2738,  2739,  2744,  2745,  2750,  2752,
         2753,  2756,  2757,  2758,  2759,  2761,  2763,  2766,  2769,  2770,
         2774,  2784,  2785,  2788,  2789,  2790,  2791,  2792,  2794,  2797,
         2799,  2800,  2806,  2807,  2808,  2809,  2811,  2812,  2813,  2819,
         2820,  2822,  2823,  2824,  2825,  2827,  2829,  2831,  2835,  2840,
         2841,  2842,  2843,  2846,  2850,  2852,  2855,  2863,  2868,  2870,
         2873,  2875,  2876,  2878,  2879,  2880,  2882,  2883,  2884,  2885,
         2887,  2888,  2889,  2890,  2893,  2896,  2897,  2899,  2901,  2902,
         2904,  2905,  2909,  2910,  2911,  2912,  2916,  2917,  2918,  2919,
         2920,  2921,  2922,  2923,  2926,  2927,  2932,  2934,  2936,  2939,
         2940,  2941,  2945,  2948,  2950,  2951,  2952,  2954,  2955,  2956,
         2957,  2962,  2963,  2964,  2967,  2968,  2969,  2970,  2972,  2973,
         2978,  2983,  2989,  2990,  2991,  2993,  2994,  2995,  2997,  3009,
         3013,  3017,  3018,  3024,  3027,  3028,  3032,  3033,  3034,  3036,
         3037,  3039,  3040,  3046,  3047,  3050,  3053,  3055,  3056,  3058,
         3059,  3060,  3063,  3064,  3067,  3070,  3073,  3075,  3076,  3077,
         3081,  3084,  3086,  3088,  3089,  3091,  3092,  3093,  3095,  3096,
         3097,  3098,  3099,  3100,  3101,  3102,  3104,  3105,  3107,  3112,
         3114,  3116,  3118,  3119,  3120,  3121,  3122,  3123,  3124,  3125,
         3127,  3132,  3143,  3145,  3146,  3147,  3150,  3151,  3153,  3154,
         3157,  3158,  3159,  3160,  3161,  3162,  3163,  3164,  3173,  3174,
         3177,  3178,  3179,  3180,  3181,  3182,  3183,  3184,  3185,  3186,
         3189,  3192,  3193,  3194,  3195,  3196,  3197,  3199,  3200,  3201,
         3202,  3204,  3205,  3207,  3208,  3212,  3214,  3216,  3217,  3219,
         3220,  3221,  3222,  3223,  3225,  3226,  3227,  3228,  3229,  3230,
         3233,  3235,  3239,  3240,  3242,  3243,  3244,  3249,  3252,  3254,
         3255,  3257,  3258,  3260,  3261,  3262,  3263,  3264,  3265,  3266,
         3269,  3274,  3277,  3279,  3280,  3282,  3283,  3284,  3285,  3286,
         3287,  3288,  3289,  3290,  3291,  3293,  3296,  3298,  3299,  3300,
         3307,  3309,  3311,  3312,  3313,  3314,  3317,  3322,  3323,  3325,
         3329,  3332,  3334,  3335,  3337,  3340,  3348,  3349,  3350,  3351,
         3353,  3355,  3358,  3359,  3361,  3367,  3368,  3369,  3370,  3371,
         3372,  3373,  3374,  3375,  3376,  3378,  3379,  3382,  3383,  3385,
         3388,  3390,  3393,  3395,  3397,  3398,  3400,  3403,  3405,  3406,
         3409,  3410,  3411,  3412,  3414,  3415,  3416,  3418,  3420,  3421,
         3423,  3424,  3425,  3426,  3428,  3429,  3430,  3431,  3432,  3433,
         3434,  3435,  3436,  3437,  3438,  3440,  3442,  3443,  3444,  3445,
         3446,  3447,  3448,  3449,  3456,  3464,  3466,  3467,  3469,  3470,
         3471,  3473,  3478,  3479,  3481,  3482,  3483,  3487,  3490,  3493,
         3494,  3496,  3500,  3503,  3504,  3515,  3517,  3518,  3519,  3520,
         3521,  3522,  3524,  3532,  3533,  3534,  3539,  3541,  3542,  3550,
         3551,  3555,  3557,  3558,  3559,  3561,  3562,  3563,  3564,  3566,
         3569,  3571,  3576,  3577,  3578,  3579,  3580,  3581,  3582,  3583,
         3584,  3586,  3587,  3588,  3589,  3590,  3592,  3593,  3594,  3595,
         3596,  3597,  3598,  3599,  3600,  3606,  3607,  3608,  3609,  3611,
         3614,  3615,  3617,  3619,  3621,  3626,  3627,  3628,  3630,  3633,
         3636,  3638,  3640,  3642,  3645,  3649,  3650,  3651,  3652,  3654,
         3655,  3658,  3659,  3662,  3663,  3665,  3666,  3668,  3671,  3672,
         3679,  3680,  3681,  3682,  3683,  3684,  3685,  3687,  3688,  3690,
         3691,  3693,  3694,  3698,  3700,  3701,  3703,  3705,  3708,  3709,
         3714,  3715,  3716,  3717,  3723,  3724,  3726,  3727,  3728,  3729,
         3730,  3732,  3735,  3737,  3745,  3747,  3748,  3749,  3752,  3753,
         3754,  3755,  3756,  3757,  3762,  3765,  3766,  3767,  3768,  3769,
         3770,  3771,  3772,  3773,  3774,  3775,  3777,  3778,  3779,  3781,
         3782,  3787,  3788,  3789,  3790,  3792,  3793,  3795,  3796,  3797,
         3798,  3800,  3801,  3803,  3804,  3807,  3808,  3809,  3815,  3818,
         3819,  3820,  3828,  3829,  3830,  3831,  3833,  3835,  3837,  3839,
         3840,  3842,  3843,  3847,  3848,  3850,  3851,  3853,  3856,  3860,
         3862,  3863,  3866,  3868,  3869,  3870,  3871,  3872,  3874,  3875,
         3876,  3880,  3881,  3882,  3885,  3886,  3887,  3888,  3890,  3891,
         3892,  3894,  3896,  3901,  3903,  3904,  3905,  3906,  3909,  3910,
         3911,  3916,  3918,  3921,  3923,  3924,  3930,  3934,  3935,  3936,
         3937,  3938,  3939,  3944,  3945,  3949,  3951,  3952,  3956,  3960,
         3964,  3965,  3966,  3967,  3968,  3969,  3970,  3973,  3974,  3975,
         3976,  3977,  3980,  3981,  3983,  3985,  3986,  3987,  3988,  3989,
         3991,  3992,  3996,  3997,  3998,  3999,  4001,  4002,  4004,  4005,
         4006,  4010,  4011,  4012,  4013,  4014,  4016,  4021,  4024,  4027,
         4030,  4035,  4038,  4040,  4041,  4042,  4043,  4044,  4045,  4046,
         4048,  4053,  4055,  4059,  4062,  4065,  4070,  4072,  4073,  4074,
         4078,  4081,  4083,  4084,  4085,  4086,  4087,  4088,  4091,  4092,
         4093,  4094,  4096,  4099,  4100,  4105,  4109,  4111,  4112,  4114,
         4115,  4116,  4117,  4120,  4124,  4130,  4131,  4132,  4133,  4135,
         4136,  4139,  4140,  4141,  4146,  4150,  4151,  4152,  4153,  4154,
         4157,  4161,  4163,  4166,  4167,  4169,  4170,  4171,  4173,  4174,
         4176,  4177,  4179,  4180,  4181,  4186,  4187,  4188,  4189,  4190,
         4195,  4197,  4198,  4200,  4203,  4208,  4210,  4211,  4212,  4213,
         4214,  4215,  4218,  4219,  4220,  4221,  4222,  4223,  4233,  4234,
         4235,  4236,  4237,  4247,  4248,  4254,  4255,  4256,  4257,  4260,
         4262,  4265,  4269,  4273,  4279,  4280,  4282,  4283,  4284,  4288,
         4290,  4291,  4293,  4297,  4298,  4299,  4300,  4302,  4304,  4310,
         4311,  4312,  4313,  4314,  4315,  4316,  4317,  4318,  4319,  4320,
         4321,  4322,  4325,  4326,  4331,  4333,  4334,  4335,  4336,  4337,
         4338,  4339,  4343,  4345,  4349,  4350,  4351,  4358,  4359,  4360,
         4361,  4363,  4367,  4368,  4371,  4373,  4377,  4379,  4380,  4381,
         4382,  4383,  4386,  4387,  4388,  4389,  4390,  4392,  4395,  4399,
         4403,  4406,  4407,  4408,  4409,  4412,  4414,  4416,  4417,  4422,
         4423,  4429,  4432,  4433,  4439,  4440,  4441,  4442,  4443,  4444,
         4446,  4447,  4451,  4452,  4453,  4455,  4456,  4457,  4458,  4459,
         4461,  4463,  4467,  4468,  4471,  4473,  4474,  4475,  4487,  4488,
         4492,  4493,  4495,  4498,  4499,  4507,  4508,  4510,  4512,  4516,
         4521,  4524,  4526,  4527,  4529,  4531,  4539,  4544,  4545,  4547,
         4552,  4554,  4556,  4557,  4559,  4560,  4561,  4562,  4563,  4566,
         4571,  4574,  4576,  4577,  4581,  4584,  4586,  4587,  4588,  4589,
         4591,  4592,  4593,  4594,  4596,  4597,  4598,  4599,  4600,  4601,
         4602,  4604,  4606,  4609,  4612,  4616,  4618,  4620,  4623,  4628,
         4631,  4632,  4633,  4635,  4636,  4641,  4646,  4649,  4651,  4652,
         4654,  4655,  4656,  4659,  4660,  4661,  4662,  4664,  4665,  4666,
         4668,  4669,  4672,  4673,  4674,  4675,  4676,  4679,  4680,  4681,
         4685,  4686,  4687,  4688,  4689,  4690,  4694,  4695,  4698,  4700,
         4701,  4704,  4705,  4706,  4707,  4708,  4709,  4712,  4714,  4722,
         4725,  4726,  4727,  4728,  4729,  4732,  4734,  4737,  4739,  4741,
         4744,  4746,  4748,  4751,  4752,  4753,  4755,  4757,  4764,  4766,
         4771,  4772,  4774,  4777,  4778,  4780,  4784,  4785,  4786,  4790,
         4791,  4792,  4793,  4796,  4797,  4798,  4799,  4800,  4801,  4802,
         4803,  4805,  4806,  4807,  4808,  4809,  4812,  4817,  4818,  4820,
         4823,  4826,  4827,  4829,  4832,  4845,  4847,  4850,  4851,  4859,
         4860,  4861,  4864,  4866,  4873,  4877,  4878,  4879,  4880,  4881,
         4885,  4886,  4888,  4892,  4900,  4901,  4902,  4903,  4906,  4907,
         4910,  4911,  4912,  4915,  4916,  4917,  4918,  4920,  4922,  4924,
         4928,  4929,  4935,  4941,  4945,  4947,  4949,  4954,  4957,  4958,
         4964,  4965,  4966,  4967,  4969,  4970,  4975,  4977,  4981,  4984,
         4987,  4995,  4999,  5001,  5002,  5003,  5004,  5005,  5006,  5007,
         5008,  5009,  5010,  5012,  5013,  5014,  5015,  5016,  5017,  5018,
         5019,  5020,  5021,  5022,  5023,  5024,  5026,  5028,  5031,  5032,
         5033,  5039,  5041,  5042,  5044,  5046,  5048,  5051,  5052,  5054,
         5055,  5061,  5062,  5063,  5064,  5065,  5068,  5070,  5073,  5075,
         5076,  5077,  5081,  5082,  5085,  5086,  5092,  5098,  5101,  5107,
         5109,  5110,  5111,  5112,  5113,  5116,  5117,  5120,  5122,  5123,
         5125,  5127,  5132,  5134,  5135,  5136,  5137,  5138,  5140,  5142,
         5144,  5147,  5148,  5149,  5152,  5156,  5157,  5158,  5159,  5160,
         5161,  5163,  5164,  5165,  5166,  5167,  5170,  5172,  5173,  5174,
         5175,  5176,  5177,  5178,  5179,  5184,  5188,  5190,  5197,  5198,
         5199,  5200,  5203,  5204,  5211,  5214,  5216,  5224,  5225,  5229,
         5230,  5233,  5240,  5241,  5247,  5248,  5249,  5250,  5251,  5255,
         5257,  5258,  5260,  5261,  5262,  5264,  5265,  5268,  5269,  5273,
         5275,  5276,  5278,  5279,  5280,  5282,  5284,  5287,  5288,  5289,
         5290,  5291,  5294,  5295,  5296,  5297,  5299,  5302,  5303,  5305,
         5306,  5309,  5310,  5311,  5312,  5313,  5318,  5319,  5320,  5322,
         5324,  5325,  5327,  5328,  5331,  5335,  5338,  5341,  5342,  5345,
         5350,  5352,  5354,  5357,  5359,  5361,  5365,  5367,  5368,  5370,
         5371,  5372,  5374,  5375,  5376,  5377,  5378,  5379,  5380,  5381,
         5385,  5386,  5387,  5388,  5390,  5392,  5393,  5395,  5404,  5405,
         5408,  5410,  5411,  5412,  5413,  5414,  5415,  5416,  5417,  5418,
         5419,  5420,  5421,  5423,  5425,  5426
Total non-polymorphic = 2694

LD mating model: Random

Population     1 [CZ_01]  (Number of Individuals = 10)
****************
--------------------------------------------------------------------------
Lowest Allele Frequency Used     0.050       0.020       0.010         0+
--------------------------------------------------------------------------

LINKAGE DISEQUILIBRIUM METHOD

Harmonic Mean Sample Size =       10.0        10.0        10.0        10.0
Independent Comparisons =    3730546     3730546     3730546     3730546
OverAll r^2 =                 0.137068    0.137068    0.137068    0.137068
Expected r^2 Sample =         0.136900    0.136900    0.136900    0.136900
Estimated Ne^ =                 1833.6      1833.6      1833.6      1833.6

95% CIs for Ne^
* Parametric                     842.8       842.8       842.8       842.8
                              Infinite    Infinite    Infinite    Infinite

* JackKnife on Samples            52.4        52.4        52.4        52.4
                              Infinite    Infinite    Infinite    Infinite


HETEROZYGOTE EXCESS METHOD

Harmonic Mean Sample Size =       10.0        10.0        10.0        10.0 
Independent Alleles =           2732        2732        2732        2732  
Weighted Mean D =             -0.03428    -0.03428    -0.03428    -0.03428
Estimated Neb^  =             Infinite    Infinite    Infinite    Infinite

95% CIs for Nb:
* Parametric                  Infinite    Infinite    Infinite    Infinite
                              Infinite    Infinite    Infinite    Infinite

MOLECULAR COANCESTRY METHOD

Harmonic Mean Sample Size =                                           10.0
OverAll f1^    =                                                   0.39071
Estimated Neb^ =                                                       1.3

95% CIs for Ne^
* Jackknife on Loci                                                    1.2
                                                                       1.4
**************************************************************************

Time: Fri May  9 01:54:43 2025

Non-polymorphic loci:     2,     6,    14,    15,    17,    18,    19,    20,
           21,    22,    24,    25,    27,    29,    33,    34,    36,    38,
           39,    40,    42,    44,    45,    47,    49,    50,    51,    55,
           56,    57,    58,    60,    63,    65,    68,    69,    70,    71,
           72,    74,    75,    76,    77,    79,    81,    82,    86,    87,
           88,    90,    92,    93,    97,    98,   103,   110,   111,   112,
          116,   117,   119,   121,   126,   128,   132,   133,   134,   135,
          137,   139,   140,   145,   147,   148,   149,   153,   154,   156,
          159,   160,   164,   169,   171,   173,   174,   175,   176,   177,
          178,   179,   180,   181,   182,   183,   185,   186,   187,   188,
          189,   191,   192,   193,   195,   196,   197,   198,   201,   202,
          203,   206,   207,   209,   210,   211,   212,   213,   222,   223,
          224,   225,   226,   227,   229,   232,   233,   234,   235,   240,
          241,   243,   246,   247,   248,   249,   250,   251,   252,   253,
          255,   256,   259,   260,   262,   263,   264,   265,   266,   268,
          273,   277,   278,   279,   281,   282,   285,   288,   291,   293,
          298,   299,   300,   301,   302,   303,   304,   305,   306,   307,
          308,   309,   310,   312,   314,   316,   317,   318,   320,   321,
          322,   323,   324,   325,   327,   330,   331,   337,   338,   340,
          342,   351,   353,   355,   357,   358,   359,   360,   361,   362,
          368,   369,   371,   373,   374,   375,   376,   377,   378,   379,
          380,   381,   382,   383,   384,   385,   386,   387,   388,   389,
          390,   391,   393,   394,   395,   396,   403,   405,   406,   407,
          408,   411,   417,   419,   422,   429,   430,   431,   433,   435,
          441,   442,   444,   446,   448,   453,   454,   455,   456,   457,
          459,   460,   461,   462,   464,   465,   466,   467,   468,   469,
          473,   474,   475,   478,   479,   482,   483,   484,   485,   489,
          491,   492,   493,   494,   495,   496,   497,   498,   501,   503,
          504,   506,   507,   508,   509,   515,   516,   517,   519,   524,
          525,   526,   527,   529,   530,   531,   532,   534,   535,   538,
          540,   541,   542,   543,   545,   548,   551,   552,   553,   556,
          557,   559,   561,   562,   563,   564,   566,   567,   568,   569,
          571,   573,   574,   575,   578,   579,   580,   582,   586,   588,
          589,   592,   595,   597,   598,   599,   600,   602,   603,   608,
          610,   614,   615,   616,   625,   627,   631,   634,   635,   637,
          640,   641,   642,   643,   648,   649,   651,   652,   654,   655,
          660,   661,   662,   666,   669,   670,   671,   672,   673,   674,
          676,   677,   678,   679,   680,   681,   682,   684,   688,   689,
          691,   693,   695,   696,   699,   703,   707,   708,   709,   711,
          713,   714,   715,   716,   717,   718,   719,   720,   721,   722,
          723,   730,   735,   737,   738,   739,   740,   741,   745,   746,
          747,   748,   749,   750,   752,   753,   754,   755,   758,   759,
          760,   761,   764,   765,   766,   767,   768,   771,   775,   776,
          777,   779,   781,   782,   783,   784,   785,   786,   787,   788,
          789,   792,   793,   794,   795,   796,   800,   801,   802,   803,
          805,   807,   808,   813,   820,   822,   823,   827,   828,   830,
          831,   832,   833,   834,   835,   837,   838,   840,   841,   844,
          846,   847,   850,   852,   856,   858,   859,   860,   861,   862,
          863,   864,   865,   868,   870,   871,   873,   876,   877,   879,
          880,   881,   882,   883,   884,   886,   887,   888,   889,   890,
          891,   892,   894,   898,   899,   900,   901,   902,   904,   905,
          906,   907,   912,   913,   914,   915,   916,   918,   919,   921,
          923,   924,   926,   927,   929,   930,   931,   932,   933,   934,
          935,   936,   937,   938,   940,   941,   942,   943,   945,   946,
          947,   948,   949,   951,   952,   953,   958,   959,   960,   961,
          962,   964,   969,   970,   972,   973,   974,   976,   978,   980,
          981,   982,   983,   984,   986,   988,   989,   990,   991,   992,
          993,   996,   997,   998,   999,  1000,  1002,  1003,  1005,  1006,
         1007,  1009,  1010,  1017,  1021,  1022,  1025,  1026,  1027,  1028,
         1029,  1037,  1039,  1042,  1045,  1047,  1050,  1051,  1053,  1054,
         1055,  1056,  1057,  1058,  1059,  1060,  1061,  1062,  1064,  1066,
         1068,  1071,  1072,  1073,  1074,  1075,  1076,  1077,  1079,  1080,
         1081,  1086,  1089,  1093,  1094,  1095,  1096,  1097,  1098,  1099,
         1100,  1102,  1104,  1105,  1109,  1110,  1111,  1112,  1114,  1115,
         1117,  1118,  1120,  1121,  1122,  1125,  1126,  1129,  1131,  1132,
         1133,  1135,  1136,  1139,  1141,  1142,  1143,  1144,  1146,  1147,
         1148,  1149,  1150,  1152,  1153,  1155,  1158,  1160,  1161,  1162,
         1163,  1164,  1165,  1166,  1167,  1168,  1169,  1170,  1171,  1172,
         1176,  1177,  1178,  1180,  1181,  1182,  1183,  1187,  1189,  1190,
         1191,  1194,  1196,  1197,  1199,  1200,  1202,  1209,  1211,  1212,
         1213,  1214,  1216,  1217,  1218,  1220,  1222,  1223,  1224,  1225,
         1226,  1227,  1228,  1229,  1231,  1232,  1233,  1236,  1240,  1242,
         1245,  1247,  1248,  1249,  1250,  1256,  1257,  1263,  1267,  1273,
         1275,  1277,  1278,  1279,  1280,  1281,  1282,  1283,  1284,  1285,
         1287,  1289,  1291,  1293,  1294,  1296,  1297,  1298,  1299,  1300,
         1302,  1303,  1305,  1306,  1308,  1309,  1310,  1312,  1316,  1318,
         1319,  1324,  1326,  1330,  1334,  1336,  1338,  1339,  1342,  1344,
         1347,  1348,  1349,  1355,  1356,  1359,  1362,  1364,  1366,  1367,
         1369,  1373,  1374,  1375,  1376,  1378,  1380,  1382,  1385,  1386,
         1387,  1388,  1389,  1390,  1391,  1393,  1395,  1396,  1398,  1399,
         1401,  1404,  1405,  1407,  1408,  1409,  1410,  1411,  1412,  1413,
         1414,  1415,  1416,  1418,  1419,  1421,  1422,  1423,  1424,  1426,
         1430,  1432,  1434,  1435,  1441,  1447,  1449,  1454,  1455,  1456,
         1458,  1459,  1463,  1465,  1466,  1477,  1478,  1482,  1487,  1488,
         1489,  1490,  1493,  1494,  1495,  1497,  1499,  1500,  1501,  1502,
         1503,  1504,  1506,  1509,  1513,  1516,  1519,  1520,  1521,  1523,
         1531,  1532,  1536,  1537,  1538,  1539,  1540,  1545,  1550,  1552,
         1553,  1554,  1555,  1557,  1561,  1562,  1564,  1566,  1567,  1570,
         1572,  1573,  1576,  1577,  1578,  1579,  1580,  1581,  1588,  1589,
         1591,  1592,  1593,  1594,  1595,  1596,  1597,  1598,  1599,  1600,
         1604,  1606,  1608,  1610,  1611,  1612,  1613,  1614,  1617,  1627,
         1628,  1630,  1632,  1636,  1637,  1638,  1641,  1642,  1643,  1644,
         1645,  1647,  1649,  1651,  1652,  1656,  1657,  1661,  1662,  1664,
         1666,  1667,  1668,  1669,  1670,  1671,  1672,  1674,  1675,  1676,
         1677,  1679,  1684,  1685,  1686,  1688,  1689,  1693,  1694,  1695,
         1696,  1697,  1701,  1703,  1704,  1706,  1707,  1709,  1713,  1715,
         1717,  1719,  1722,  1723,  1724,  1726,  1728,  1729,  1730,  1731,
         1736,  1739,  1740,  1745,  1747,  1748,  1749,  1751,  1752,  1753,
         1754,  1759,  1760,  1762,  1764,  1765,  1766,  1768,  1771,  1772,
         1773,  1775,  1777,  1778,  1780,  1783,  1784,  1785,  1786,  1787,
         1788,  1790,  1792,  1796,  1799,  1800,  1805,  1806,  1808,  1809,
         1810,  1811,  1812,  1813,  1815,  1818,  1819,  1821,  1823,  1825,
         1827,  1829,  1831,  1832,  1833,  1836,  1837,  1839,  1840,  1842,
         1843,  1847,  1848,  1849,  1850,  1851,  1852,  1853,  1854,  1858,
         1859,  1860,  1861,  1865,  1867,  1868,  1870,  1873,  1874,  1875,
         1878,  1881,  1883,  1884,  1885,  1886,  1887,  1888,  1890,  1892,
         1897,  1898,  1899,  1901,  1907,  1909,  1912,  1914,  1916,  1917,
         1926,  1927,  1931,  1932,  1933,  1935,  1936,  1937,  1938,  1939,
         1940,  1944,  1947,  1949,  1950,  1955,  1956,  1957,  1958,  1959,
         1960,  1962,  1963,  1965,  1970,  1971,  1973,  1974,  1976,  1978,
         1980,  1981,  1982,  1983,  1984,  1985,  1986,  1987,  1988,  1989,
         1990,  1991,  1992,  1996,  1997,  1998,  1999,  2000,  2001,  2006,
         2008,  2009,  2010,  2012,  2015,  2019,  2020,  2023,  2026,  2032,
         2033,  2035,  2041,  2045,  2047,  2049,  2051,  2053,  2055,  2059,
         2061,  2067,  2068,  2070,  2071,  2072,  2073,  2077,  2078,  2081,
         2086,  2087,  2090,  2091,  2092,  2094,  2097,  2098,  2101,  2102,
         2104,  2105,  2107,  2109,  2112,  2113,  2114,  2116,  2117,  2118,
         2119,  2122,  2123,  2126,  2128,  2134,  2135,  2137,  2138,  2139,
         2140,  2141,  2142,  2143,  2144,  2146,  2147,  2150,  2151,  2154,
         2155,  2156,  2160,  2162,  2164,  2165,  2166,  2167,  2171,  2174,
         2177,  2178,  2179,  2180,  2181,  2182,  2183,  2190,  2196,  2199,
         2201,  2202,  2211,  2212,  2213,  2216,  2217,  2219,  2220,  2221,
         2223,  2224,  2227,  2228,  2229,  2230,  2231,  2233,  2234,  2235,
         2241,  2242,  2243,  2244,  2245,  2246,  2247,  2248,  2250,  2252,
         2253,  2256,  2260,  2262,  2264,  2265,  2267,  2269,  2270,  2271,
         2276,  2280,  2282,  2283,  2284,  2286,  2287,  2288,  2289,  2290,
         2291,  2292,  2293,  2296,  2301,  2302,  2303,  2305,  2306,  2308,
         2309,  2310,  2311,  2312,  2313,  2315,  2317,  2320,  2321,  2323,
         2324,  2326,  2329,  2330,  2334,  2335,  2337,  2338,  2339,  2340,
         2341,  2342,  2343,  2344,  2346,  2347,  2348,  2350,  2351,  2352,
         2353,  2354,  2355,  2358,  2359,  2360,  2361,  2362,  2366,  2367,
         2368,  2369,  2370,  2378,  2379,  2380,  2381,  2385,  2386,  2387,
         2388,  2389,  2394,  2397,  2398,  2402,  2404,  2406,  2407,  2409,
         2410,  2412,  2416,  2417,  2419,  2420,  2422,  2426,  2429,  2430,
         2436,  2437,  2439,  2444,  2445,  2446,  2447,  2448,  2451,  2452,
         2453,  2454,  2455,  2457,  2467,  2478,  2479,  2480,  2481,  2482,
         2486,  2487,  2488,  2489,  2490,  2491,  2492,  2493,  2494,  2495,
         2496,  2504,  2506,  2508,  2509,  2510,  2512,  2514,  2515,  2516,
         2517,  2519,  2520,  2521,  2522,  2523,  2524,  2525,  2526,  2527,
         2529,  2538,  2539,  2540,  2541,  2542,  2543,  2544,  2545,  2546,
         2547,  2548,  2549,  2550,  2551,  2552,  2553,  2554,  2557,  2560,
         2565,  2569,  2570,  2571,  2573,  2574,  2575,  2577,  2578,  2579,
         2580,  2581,  2582,  2583,  2584,  2585,  2586,  2587,  2588,  2590,
         2594,  2595,  2597,  2600,  2601,  2602,  2604,  2606,  2607,  2608,
         2611,  2615,  2616,  2619,  2620,  2621,  2622,  2624,  2628,  2632,
         2634,  2635,  2636,  2637,  2639,  2640,  2642,  2643,  2644,  2645,
         2646,  2647,  2648,  2649,  2651,  2653,  2654,  2656,  2658,  2659,
         2661,  2662,  2666,  2669,  2670,  2673,  2675,  2676,  2677,  2678,
         2679,  2680,  2681,  2682,  2683,  2684,  2685,  2686,  2687,  2688,
         2689,  2691,  2692,  2694,  2695,  2696,  2697,  2698,  2699,  2700,
         2704,  2705,  2709,  2710,  2711,  2723,  2724,  2725,  2727,  2730,
         2731,  2732,  2733,  2735,  2736,  2739,  2740,  2744,  2746,  2747,
         2750,  2751,  2752,  2753,  2754,  2757,  2758,  2759,  2761,  2763,
         2770,  2779,  2780,  2781,  2782,  2785,  2789,  2790,  2791,  2792,
         2797,  2799,  2801,  2803,  2808,  2809,  2811,  2812,  2813,  2820,
         2822,  2823,  2824,  2825,  2827,  2828,  2830,  2837,  2840,  2842,
         2843,  2845,  2846,  2847,  2849,  2850,  2854,  2855,  2856,  2863,
         2866,  2867,  2868,  2870,  2872,  2873,  2875,  2878,  2879,  2880,
         2881,  2882,  2883,  2884,  2886,  2887,  2888,  2889,  2890,  2892,
         2894,  2896,  2897,  2898,  2899,  2900,  2901,  2904,  2905,  2909,
         2912,  2913,  2914,  2916,  2917,  2918,  2919,  2920,  2921,  2922,
         2923,  2924,  2926,  2927,  2932,  2934,  2936,  2939,  2940,  2941,
         2942,  2943,  2944,  2945,  2948,  2951,  2954,  2955,  2956,  2957,
         2958,  2960,  2965,  2966,  2968,  2969,  2970,  2972,  2973,  2974,
         2975,  2978,  2982,  2985,  2986,  2988,  2989,  2990,  2991,  2993,
         2994,  2995,  2996,  2997,  2999,  3001,  3002,  3003,  3010,  3011,
         3012,  3013,  3014,  3015,  3016,  3017,  3019,  3021,  3022,  3023,
         3026,  3027,  3028,  3030,  3031,  3032,  3033,  3036,  3037,  3046,
         3047,  3048,  3049,  3051,  3053,  3054,  3055,  3056,  3058,  3060,
         3064,  3067,  3073,  3077,  3081,  3084,  3088,  3089,  3090,  3092,
         3093,  3095,  3096,  3097,  3098,  3099,  3100,  3101,  3104,  3107,
         3111,  3112,  3113,  3114,  3115,  3116,  3117,  3118,  3119,  3120,
         3122,  3124,  3125,  3127,  3131,  3132,  3133,  3135,  3138,  3145,
         3150,  3151,  3153,  3154,  3155,  3157,  3159,  3160,  3162,  3163,
         3165,  3167,  3168,  3169,  3170,  3172,  3177,  3178,  3179,  3180,
         3181,  3182,  3183,  3184,  3185,  3186,  3188,  3189,  3191,  3192,
         3193,  3195,  3196,  3197,  3199,  3200,  3201,  3202,  3203,  3204,
         3205,  3206,  3211,  3214,  3217,  3218,  3219,  3220,  3221,  3222,
         3223,  3226,  3228,  3230,  3233,  3239,  3240,  3244,  3249,  3252,
         3254,  3255,  3257,  3258,  3259,  3260,  3261,  3262,  3263,  3264,
         3265,  3266,  3267,  3269,  3274,  3275,  3277,  3278,  3279,  3281,
         3283,  3284,  3285,  3286,  3287,  3288,  3289,  3290,  3291,  3293,
         3296,  3298,  3299,  3300,  3301,  3302,  3303,  3307,  3309,  3311,
         3312,  3313,  3314,  3316,  3317,  3320,  3321,  3322,  3324,  3325,
         3329,  3331,  3332,  3334,  3337,  3340,  3342,  3347,  3348,  3349,
         3350,  3353,  3354,  3355,  3356,  3361,  3367,  3368,  3369,  3370,
         3372,  3373,  3374,  3376,  3383,  3384,  3385,  3390,  3393,  3394,
         3397,  3399,  3401,  3402,  3403,  3404,  3406,  3407,  3409,  3411,
         3412,  3413,  3414,  3415,  3417,  3420,  3425,  3427,  3434,  3441,
         3443,  3445,  3446,  3449,  3450,  3455,  3456,  3462,  3463,  3464,
         3465,  3466,  3468,  3469,  3470,  3471,  3472,  3473,  3475,  3476,
         3477,  3478,  3479,  3480,  3481,  3482,  3488,  3489,  3491,  3492,
         3493,  3494,  3495,  3496,  3500,  3502,  3503,  3504,  3507,  3514,
         3515,  3516,  3517,  3519,  3521,  3522,  3524,  3525,  3526,  3529,
         3530,  3532,  3533,  3534,  3538,  3539,  3540,  3542,  3543,  3545,
         3546,  3548,  3551,  3553,  3554,  3557,  3558,  3559,  3562,  3563,
         3564,  3566,  3567,  3568,  3569,  3571,  3574,  3575,  3577,  3580,
         3582,  3583,  3584,  3585,  3586,  3587,  3589,  3590,  3592,  3594,
         3595,  3596,  3597,  3598,  3599,  3600,  3601,  3602,  3603,  3604,
         3605,  3606,  3607,  3608,  3611,  3614,  3615,  3620,  3621,  3622,
         3623,  3626,  3627,  3628,  3629,  3631,  3632,  3633,  3636,  3638,
         3640,  3642,  3648,  3649,  3652,  3655,  3657,  3659,  3660,  3665,
         3666,  3667,  3668,  3671,  3672,  3673,  3674,  3675,  3676,  3677,
         3678,  3679,  3680,  3681,  3682,  3683,  3684,  3685,  3686,  3687,
         3693,  3694,  3695,  3700,  3702,  3703,  3704,  3705,  3706,  3707,
         3708,  3710,  3717,  3718,  3723,  3724,  3728,  3730,  3732,  3734,
         3735,  3739,  3740,  3741,  3743,  3744,  3748,  3749,  3750,  3752,
         3755,  3758,  3762,  3766,  3767,  3768,  3769,  3770,  3771,  3772,
         3773,  3774,  3775,  3776,  3777,  3778,  3779,  3781,  3782,  3787,
         3788,  3793,  3795,  3797,  3798,  3800,  3801,  3802,  3803,  3804,
         3805,  3806,  3807,  3808,  3815,  3816,  3817,  3819,  3822,  3823,
         3824,  3825,  3826,  3827,  3828,  3829,  3830,  3833,  3835,  3838,
         3841,  3842,  3848,  3851,  3853,  3854,  3856,  3860,  3861,  3865,
         3866,  3868,  3869,  3871,  3872,  3875,  3876,  3877,  3878,  3879,
         3881,  3882,  3883,  3884,  3886,  3887,  3889,  3890,  3891,  3894,
         3896,  3897,  3899,  3901,  3902,  3903,  3904,  3905,  3906,  3907,
         3909,  3910,  3911,  3918,  3920,  3923,  3926,  3930,  3934,  3935,
         3936,  3937,  3938,  3939,  3940,  3941,  3942,  3944,  3945,  3946,
         3947,  3950,  3951,  3952,  3954,  3955,  3959,  3961,  3964,  3965,
         3967,  3968,  3970,  3975,  3976,  3977,  3980,  3981,  3982,  3983,
         3984,  3985,  3986,  3989,  3991,  3992,  3995,  3996,  3997,  3998,
         3999,  4000,  4001,  4002,  4004,  4005,  4006,  4007,  4008,  4010,
         4011,  4013,  4014,  4015,  4016,  4017,  4024,  4030,  4034,  4036,
         4038,  4040,  4042,  4043,  4045,  4046,  4047,  4048,  4050,  4051,
         4052,  4053,  4054,  4055,  4056,  4057,  4058,  4061,  4062,  4064,
         4066,  4067,  4068,  4069,  4070,  4071,  4072,  4073,  4074,  4075,
         4076,  4077,  4078,  4079,  4080,  4081,  4082,  4083,  4084,  4085,
         4086,  4087,  4088,  4090,  4091,  4094,  4096,  4099,  4105,  4107,
         4108,  4109,  4121,  4122,  4128,  4129,  4130,  4131,  4136,  4139,
         4140,  4141,  4144,  4145,  4147,  4148,  4149,  4150,  4151,  4152,
         4154,  4155,  4159,  4160,  4161,  4162,  4163,  4165,  4166,  4167,
         4169,  4171,  4173,  4175,  4179,  4185,  4186,  4187,  4188,  4189,
         4190,  4191,  4192,  4193,  4194,  4195,  4199,  4200,  4201,  4204,
         4205,  4208,  4218,  4219,  4221,  4222,  4223,  4224,  4230,  4233,
         4234,  4235,  4236,  4237,  4238,  4239,  4240,  4241,  4243,  4244,
         4245,  4247,  4248,  4250,  4251,  4252,  4254,  4255,  4256,  4257,
         4258,  4259,  4261,  4262,  4263,  4265,  4266,  4269,  4271,  4274,
         4275,  4278,  4279,  4284,  4287,  4288,  4291,  4293,  4297,  4299,
         4302,  4304,  4310,  4311,  4313,  4314,  4315,  4316,  4317,  4318,
         4319,  4320,  4321,  4322,  4323,  4325,  4326,  4327,  4328,  4330,
         4332,  4333,  4334,  4335,  4336,  4337,  4338,  4339,  4341,  4343,
         4344,  4345,  4349,  4351,  4358,  4361,  4366,  4371,  4372,  4373,
         4376,  4378,  4379,  4380,  4381,  4383,  4386,  4387,  4388,  4393,
         4395,  4401,  4402,  4403,  4404,  4407,  4408,  4409,  4412,  4416,
         4417,  4418,  4422,  4424,  4425,  4430,  4433,  4435,  4439,  4440,
         4442,  4443,  4446,  4447,  4449,  4457,  4458,  4459,  4460,  4462,
         4464,  4468,  4469,  4470,  4471,  4472,  4473,  4475,  4482,  4488,
         4491,  4492,  4495,  4498,  4500,  4502,  4512,  4514,  4516,  4517,
         4518,  4519,  4520,  4521,  4522,  4523,  4524,  4526,  4527,  4528,
         4529,  4539,  4540,  4541,  4542,  4543,  4547,  4552,  4554,  4556,
         4557,  4558,  4559,  4563,  4566,  4571,  4572,  4574,  4575,  4576,
         4581,  4584,  4586,  4587,  4588,  4589,  4591,  4595,  4596,  4597,
         4599,  4600,  4601,  4602,  4603,  4604,  4608,  4609,  4610,  4611,
         4614,  4616,  4617,  4618,  4619,  4620,  4623,  4631,  4632,  4633,
         4635,  4636,  4638,  4641,  4646,  4649,  4650,  4651,  4654,  4656,
         4658,  4659,  4660,  4663,  4664,  4665,  4666,  4667,  4668,  4669,
         4670,  4671,  4672,  4673,  4674,  4675,  4676,  4679,  4681,  4682,
         4685,  4688,  4692,  4693,  4694,  4695,  4698,  4700,  4701,  4702,
         4704,  4705,  4706,  4707,  4708,  4714,  4718,  4720,  4721,  4724,
         4725,  4726,  4727,  4729,  4730,  4731,  4732,  4734,  4735,  4737,
         4739,  4741,  4744,  4746,  4748,  4751,  4753,  4754,  4755,  4757,
         4765,  4766,  4767,  4768,  4769,  4770,  4771,  4774,  4775,  4776,
         4777,  4778,  4780,  4781,  4784,  4785,  4786,  4787,  4791,  4793,
         4796,  4798,  4802,  4803,  4805,  4806,  4807,  4808,  4809,  4810,
         4814,  4815,  4816,  4818,  4820,  4823,  4825,  4826,  4827,  4828,
         4829,  4830,  4833,  4846,  4847,  4849,  4850,  4852,  4853,  4854,
         4855,  4856,  4857,  4858,  4860,  4861,  4863,  4864,  4865,  4866,
         4867,  4873,  4874,  4876,  4878,  4879,  4880,  4884,  4886,  4887,
         4888,  4892,  4900,  4901,  4902,  4903,  4905,  4907,  4908,  4909,
         4911,  4912,  4913,  4915,  4917,  4920,  4923,  4924,  4926,  4929,
         4930,  4932,  4933,  4934,  4935,  4936,  4941,  4946,  4947,  4948,
         4949,  4950,  4951,  4952,  4959,  4960,  4961,  4964,  4965,  4966,
         4967,  4968,  4969,  4970,  4971,  4975,  4977,  4980,  4982,  4983,
         4986,  4987,  4988,  4995,  4997,  4999,  5001,  5003,  5004,  5005,
         5006,  5007,  5008,  5009,  5010,  5011,  5012,  5013,  5015,  5016,
         5017,  5018,  5019,  5020,  5021,  5022,  5023,  5024,  5025,  5026,
         5028,  5029,  5031,  5033,  5034,  5037,  5040,  5041,  5042,  5043,
         5044,  5047,  5048,  5053,  5054,  5056,  5057,  5058,  5059,  5060,
         5061,  5062,  5063,  5065,  5068,  5072,  5073,  5075,  5076,  5077,
         5078,  5081,  5082,  5085,  5086,  5087,  5090,  5092,  5096,  5097,
         5098,  5104,  5107,  5109,  5110,  5111,  5113,  5114,  5115,  5116,
         5117,  5120,  5122,  5123,  5125,  5127,  5128,  5131,  5133,  5134,
         5135,  5136,  5137,  5138,  5140,  5141,  5142,  5144,  5148,  5149,
         5155,  5156,  5158,  5159,  5160,  5161,  5163,  5164,  5165,  5167,
         5168,  5170,  5172,  5173,  5175,  5176,  5177,  5178,  5179,  5182,
         5183,  5184,  5185,  5188,  5190,  5196,  5197,  5198,  5199,  5200,
         5203,  5204,  5211,  5216,  5219,  5221,  5224,  5226,  5227,  5230,
         5232,  5238,  5241,  5242,  5248,  5249,  5250,  5251,  5255,  5256,
         5258,  5259,  5260,  5262,  5265,  5266,  5269,  5270,  5271,  5273,
         5275,  5278,  5280,  5281,  5282,  5283,  5284,  5286,  5288,  5289,
         5290,  5291,  5295,  5296,  5297,  5298,  5299,  5300,  5301,  5302,
         5303,  5305,  5306,  5307,  5308,  5309,  5310,  5311,  5314,  5315,
         5317,  5318,  5320,  5321,  5322,  5324,  5325,  5327,  5328,  5331,
         5332,  5338,  5339,  5340,  5342,  5350,  5352,  5353,  5355,  5356,
         5357,  5358,  5360,  5361,  5362,  5363,  5365,  5366,  5367,  5368,
         5369,  5370,  5373,  5374,  5375,  5376,  5377,  5378,  5379,  5381,
         5382,  5383,  5384,  5385,  5387,  5390,  5392,  5393,  5396,  5397,
         5398,  5399,  5400,  5401,  5402,  5403,  5405,  5407,  5408,  5410,
         5412,  5414,  5415,  5417,  5418,  5420,  5421,  5424,  5425,  5426
Total non-polymorphic = 2988


Population     2 [MT_01]  (Number of Individuals = 10)
****************
--------------------------------------------------------------------------
Lowest Allele Frequency Used     0.050       0.020       0.010         0+
--------------------------------------------------------------------------

LINKAGE DISEQUILIBRIUM METHOD

Harmonic Mean Sample Size =       10.0        10.0        10.0        10.0
Independent Comparisons =    2970703     2970703     2970703     2970703
OverAll r^2 =                 0.135726    0.135726    0.135726    0.135726
Expected r^2 Sample =         0.136900    0.136900    0.136900    0.136900
Estimated Ne^ =               Infinite    Infinite    Infinite    Infinite

95% CIs for Ne^
* Parametric                  Infinite    Infinite    Infinite    Infinite
                              Infinite    Infinite    Infinite    Infinite

* JackKnife on Samples           162.6       162.6       162.6       162.6
                              Infinite    Infinite    Infinite    Infinite


HETEROZYGOTE EXCESS METHOD

Harmonic Mean Sample Size =       10.0        10.0        10.0        10.0 
Independent Alleles =           2438        2438        2438        2438  
Weighted Mean D =             -0.02833    -0.02833    -0.02833    -0.02833
Estimated Neb^  =             Infinite    Infinite    Infinite    Infinite

95% CIs for Nb:
* Parametric                  Infinite    Infinite    Infinite    Infinite
                              Infinite    Infinite    Infinite    Infinite

MOLECULAR COANCESTRY METHOD

Harmonic Mean Sample Size =                                           10.0
OverAll f1^    =                                                   0.12786
Estimated Neb^ =                                                       3.9

95% CIs for Ne^
* Jackknife on Loci                                                    3.6
                                                                       4.2
**************************************************************************

Time: Fri May  9 01:55:51 2025


Population: CZ_01/MT_01,	2 Samples,	Sample Sizes: 10/10

TEMPORAL METHODS (Pollak, Nei/Tajima, Jorde/Ryman), Plan II.
--------------------------------------------------------------------------
Lowest Allele Frequency Used     0.050       0.020       0.010         0+
==========================================================================
Samples    1[CZ_01] & 2[MT_01]
Generations     0.0 & 1.5    

   Independent Alleles =        2224        3500        3500        3500
   -----------------------------------------------------------------------
  (Pollak)
   Harmonic Mean Samp Size =      10.0        10.0        10.0        10.0
                 Fk =          0.14414     0.12899     0.12899     0.12899
                 F' =          0.04414     0.02898     0.02898     0.02898
               * Ne =             17.0        25.9        25.9        25.9

     95% CIs for Ne:
     * Parametric                 14.2        21.3        21.3        21.3
                                  20.8        32.4        32.4        32.4
     * Jackknife on Loci          14.7        22.4        22.4        22.4
                                  20.0        30.3        30.3        30.3
   -----------------------------------------------------------------------
  (Nei/Tajima)
   Harmonic Mean Samp Size =      10.0        10.0        10.0        10.0
                 Fc =          0.13350     0.12129     0.12129     0.12129
                 F' =          0.03350     0.02129     0.02129     0.02129
               * Ne =             22.4        35.2        35.2        35.2

     95% CIs for Ne:
     * Parametric                 18.0        27.6        27.6        27.6
                                  28.9        47.5        47.5        47.5
     * Jackknife on Loci          18.9        29.8        29.8        29.8
                                  27.0        42.7        42.7        42.7
   -----------------------------------------------------------------------
  (Jorde/Ryman)
   Harmonic Mean Samp Size =      10.0        10.0        10.0        10.0
                 Fs =          0.14699     0.14242     0.14242     0.14242
                 F' =          0.04398     0.03950     0.03950     0.03950
               * Ne =             17.1        19.0        19.0        19.0

     95% CIs for Ne:
     * Parametric                 16.1        18.1        18.1        18.1
                                  18.1        19.9        19.9        19.9
     * Jackknife on Loci          14.2        15.8        15.8        15.8
                                  21.4        23.9        23.9        23.9
==========================================================================
Non-polymorphic loci:     2,    15,    17,    18,    20,    21,    22,    24,
           26,    27,    29,    34,    39,    40,    44,    47,    48,    49,
           50,    51,    53,    55,    56,    58,    65,    68,    69,    70,
           71,    72,    73,    74,    75,    76,    77,    80,    81,    83,
           84,    89,    93,    94,    97,    98,   103,   108,   110,   111,
          112,   114,   116,   117,   119,   120,   126,   132,   134,   137,
          138,   139,   140,   141,   144,   145,   146,   147,   148,   151,
          153,   159,   164,   169,   174,   177,   181,   182,   184,   186,
          187,   188,   189,   191,   192,   193,   195,   196,   197,   198,
          199,   201,   203,   211,   213,   215,   222,   223,   224,   225,
          226,   228,   233,   234,   235,   240,   241,   243,   245,   246,
          247,   249,   251,   252,   255,   256,   259,   260,   262,   264,
          265,   266,   267,   268,   269,   270,   271,   272,   273,   285,
          288,   298,   299,   300,   301,   302,   303,   304,   305,   306,
          307,   309,   313,   316,   318,   323,   324,   325,   327,   329,
          330,   331,   333,   336,   337,   338,   339,   340,   344,   351,
          355,   356,   357,   358,   359,   360,   361,   364,   368,   369,
          371,   373,   374,   375,   376,   377,   378,   380,   381,   382,
          383,   385,   386,   387,   388,   389,   390,   391,   392,   394,
          396,   397,   403,   405,   406,   410,   411,   412,   413,   414,
          415,   416,   417,   418,   419,   421,   422,   423,   424,   425,
          426,   428,   430,   431,   433,   438,   439,   442,   444,   446,
          449,   453,   454,   455,   459,   460,   461,   462,   463,   464,
          465,   466,   467,   468,   469,   472,   475,   477,   479,   480,
          482,   483,   484,   485,   489,   490,   491,   492,   494,   496,
          498,   501,   503,   506,   507,   508,   509,   513,   514,   515,
          516,   517,   519,   523,   524,   525,   526,   527,   528,   529,
          530,   531,   534,   535,   538,   541,   542,   544,   546,   548,
          551,   552,   553,   554,   555,   556,   557,   558,   559,   561,
          562,   563,   564,   565,   566,   567,   568,   571,   573,   574,
          575,   579,   580,   582,   583,   588,   592,   595,   600,   602,
          604,   608,   610,   614,   615,   616,   618,   619,   621,   622,
          625,   629,   634,   636,   637,   640,   641,   642,   643,   645,
          647,   648,   649,   652,   653,   654,   655,   656,   660,   661,
          667,   670,   671,   672,   673,   674,   675,   676,   677,   678,
          679,   683,   686,   689,   691,   693,   694,   695,   699,   705,
          706,   707,   708,   709,   711,   714,   715,   716,   717,   718,
          719,   720,   721,   722,   726,   727,   728,   729,   730,   733,
          735,   736,   737,   738,   739,   740,   741,   745,   746,   747,
          749,   750,   751,   752,   753,   754,   755,   756,   759,   760,
          761,   762,   764,   765,   766,   768,   771,   775,   776,   777,
          779,   781,   782,   783,   786,   787,   788,   789,   793,   794,
          795,   797,   800,   801,   802,   803,   805,   807,   808,   814,
          820,   822,   826,   830,   831,   832,   833,   834,   835,   836,
          837,   840,   842,   843,   844,   846,   848,   849,   850,   851,
          852,   856,   859,   861,   862,   863,   865,   868,   870,   871,
          872,   873,   874,   875,   876,   877,   879,   880,   881,   882,
          883,   884,   885,   886,   887,   888,   889,   891,   892,   893,
          894,   895,   896,   897,   901,   902,   903,   908,   909,   911,
          912,   913,   914,   916,   918,   919,   920,   921,   923,   924,
          926,   929,   930,   931,   932,   933,   935,   936,   938,   940,
          942,   943,   945,   946,   948,   949,   950,   954,   958,   959,
          961,   962,   964,   970,   971,   972,   973,   974,   975,   976,
          978,   980,   981,   982,   983,   984,   985,   988,   989,   992,
          993,   995,   996,   998,   999,  1002,  1004,  1005,  1006,  1007,
         1010,  1011,  1012,  1013,  1017,  1020,  1021,  1022,  1025,  1026,
         1027,  1028,  1029,  1035,  1037,  1039,  1047,  1051,  1053,  1055,
         1056,  1057,  1058,  1059,  1060,  1061,  1064,  1066,  1068,  1071,
         1073,  1075,  1076,  1077,  1078,  1084,  1085,  1086,  1088,  1089,
         1090,  1094,  1095,  1097,  1098,  1105,  1106,  1112,  1115,  1118,
         1121,  1122,  1123,  1125,  1126,  1131,  1132,  1133,  1135,  1136,
         1137,  1138,  1139,  1141,  1142,  1143,  1144,  1145,  1146,  1147,
         1148,  1150,  1155,  1158,  1160,  1161,  1162,  1163,  1164,  1165,
         1166,  1167,  1169,  1170,  1171,  1172,  1174,  1176,  1177,  1178,
         1179,  1180,  1181,  1184,  1185,  1187,  1189,  1190,  1194,  1196,
         1197,  1198,  1200,  1201,  1203,  1205,  1206,  1210,  1211,  1212,
         1213,  1214,  1216,  1217,  1222,  1224,  1226,  1227,  1228,  1230,
         1231,  1232,  1233,  1236,  1240,  1243,  1245,  1248,  1249,  1252,
         1253,  1254,  1259,  1260,  1262,  1267,  1273,  1275,  1276,  1277,
         1279,  1282,  1283,  1284,  1285,  1287,  1289,  1290,  1293,  1296,
         1297,  1298,  1299,  1300,  1302,  1305,  1306,  1309,  1310,  1312,
         1313,  1318,  1324,  1326,  1333,  1334,  1335,  1338,  1339,  1340,
         1341,  1347,  1349,  1353,  1354,  1356,  1358,  1359,  1361,  1363,
         1365,  1367,  1368,  1369,  1373,  1374,  1376,  1378,  1380,  1382,
         1383,  1386,  1391,  1393,  1395,  1398,  1399,  1401,  1402,  1404,
         1405,  1407,  1408,  1409,  1410,  1411,  1413,  1414,  1416,  1418,
         1419,  1420,  1421,  1423,  1426,  1430,  1431,  1432,  1434,  1435,
         1439,  1441,  1442,  1443,  1447,  1449,  1450,  1452,  1453,  1455,
         1456,  1457,  1458,  1459,  1460,  1461,  1463,  1465,  1466,  1468,
         1470,  1471,  1477,  1482,  1487,  1488,  1489,  1493,  1494,  1495,
         1497,  1498,  1499,  1500,  1502,  1503,  1506,  1507,  1509,  1513,
         1516,  1519,  1520,  1523,  1530,  1532,  1537,  1538,  1540,  1543,
         1545,  1547,  1550,  1552,  1553,  1554,  1555,  1557,  1558,  1561,
         1562,  1563,  1564,  1566,  1567,  1570,  1572,  1575,  1576,  1577,
         1578,  1579,  1581,  1588,  1589,  1591,  1592,  1593,  1594,  1595,
         1596,  1597,  1598,  1599,  1600,  1602,  1604,  1606,  1607,  1608,
         1611,  1613,  1614,  1615,  1618,  1620,  1623,  1625,  1626,  1627,
         1628,  1630,  1632,  1636,  1638,  1642,  1644,  1647,  1649,  1656,
         1657,  1661,  1662,  1664,  1665,  1666,  1667,  1672,  1675,  1678,
         1682,  1688,  1689,  1695,  1696,  1697,  1701,  1704,  1706,  1707,
         1708,  1709,  1713,  1714,  1717,  1718,  1720,  1721,  1722,  1723,
         1724,  1726,  1729,  1731,  1747,  1748,  1749,  1752,  1753,  1754,
         1755,  1756,  1760,  1762,  1766,  1767,  1768,  1771,  1772,  1773,
         1774,  1775,  1776,  1777,  1778,  1780,  1781,  1783,  1784,  1785,
         1789,  1792,  1799,  1800,  1805,  1809,  1810,  1811,  1812,  1813,
         1815,  1817,  1818,  1821,  1822,  1823,  1824,  1825,  1827,  1831,
         1832,  1833,  1837,  1840,  1842,  1843,  1847,  1848,  1849,  1850,
         1851,  1852,  1853,  1854,  1856,  1858,  1859,  1860,  1862,  1863,
         1865,  1867,  1873,  1875,  1878,  1880,  1881,  1883,  1884,  1886,
         1887,  1888,  1889,  1890,  1892,  1894,  1896,  1900,  1902,  1903,
         1904,  1905,  1906,  1907,  1909,  1911,  1912,  1914,  1915,  1917,
         1922,  1923,  1924,  1927,  1931,  1932,  1933,  1935,  1936,  1937,
         1939,  1940,  1944,  1947,  1949,  1951,  1954,  1955,  1956,  1957,
         1958,  1959,  1961,  1962,  1970,  1971,  1973,  1974,  1976,  1977,
         1979,  1980,  1981,  1982,  1983,  1984,  1985,  1986,  1987,  1988,
         1989,  1990,  1992,  1996,  1998,  1999,  2000,  2002,  2003,  2005,
         2006,  2007,  2008,  2009,  2012,  2020,  2022,  2026,  2032,  2033,
         2034,  2035,  2038,  2041,  2047,  2049,  2050,  2051,  2053,  2054,
         2055,  2059,  2060,  2061,  2067,  2069,  2070,  2071,  2072,  2073,
         2074,  2075,  2076,  2077,  2078,  2080,  2081,  2082,  2084,  2086,
         2087,  2090,  2091,  2094,  2095,  2097,  2098,  2101,  2102,  2104,
         2105,  2107,  2109,  2111,  2113,  2114,  2115,  2116,  2117,  2118,
         2119,  2120,  2123,  2126,  2133,  2135,  2136,  2137,  2139,  2140,
         2141,  2143,  2144,  2147,  2150,  2151,  2154,  2155,  2156,  2158,
         2162,  2164,  2166,  2167,  2174,  2175,  2177,  2178,  2180,  2182,
         2183,  2188,  2189,  2190,  2191,  2193,  2195,  2196,  2199,  2200,
         2201,  2202,  2203,  2204,  2208,  2219,  2220,  2222,  2223,  2224,
         2226,  2227,  2228,  2229,  2230,  2231,  2233,  2235,  2237,  2239,
         2240,  2241,  2242,  2246,  2247,  2250,  2251,  2252,  2253,  2255,
         2256,  2257,  2258,  2259,  2264,  2265,  2267,  2268,  2269,  2276,
         2279,  2282,  2283,  2284,  2286,  2287,  2288,  2289,  2290,  2291,
         2292,  2293,  2296,  2298,  2300,  2301,  2302,  2304,  2308,  2311,
         2313,  2315,  2316,  2320,  2323,  2324,  2326,  2328,  2329,  2335,
         2336,  2337,  2338,  2340,  2341,  2342,  2343,  2346,  2351,  2352,
         2353,  2354,  2355,  2356,  2358,  2359,  2360,  2366,  2368,  2370,
         2371,  2372,  2373,  2374,  2375,  2376,  2377,  2378,  2379,  2380,
         2381,  2382,  2383,  2384,  2385,  2386,  2387,  2388,  2394,  2400,
         2402,  2404,  2405,  2407,  2409,  2410,  2411,  2412,  2415,  2416,
         2417,  2419,  2420,  2422,  2423,  2424,  2426,  2430,  2432,  2435,
         2439,  2442,  2443,  2449,  2451,  2452,  2453,  2454,  2455,  2456,
         2457,  2458,  2467,  2469,  2470,  2471,  2478,  2479,  2480,  2482,
         2483,  2486,  2490,  2497,  2501,  2506,  2508,  2515,  2516,  2518,
         2519,  2522,  2524,  2525,  2526,  2527,  2531,  2536,  2537,  2540,
         2544,  2545,  2547,  2548,  2549,  2550,  2551,  2552,  2553,  2554,
         2556,  2557,  2560,  2565,  2566,  2568,  2569,  2570,  2571,  2573,
         2574,  2575,  2576,  2577,  2579,  2580,  2581,  2582,  2583,  2584,
         2585,  2586,  2587,  2590,  2594,  2595,  2597,  2600,  2601,  2602,
         2603,  2604,  2605,  2608,  2610,  2611,  2614,  2615,  2616,  2619,
         2622,  2623,  2625,  2628,  2634,  2635,  2636,  2637,  2638,  2639,
         2640,  2642,  2645,  2648,  2649,  2650,  2651,  2653,  2654,  2655,
         2656,  2657,  2659,  2660,  2661,  2662,  2666,  2670,  2671,  2672,
         2674,  2675,  2676,  2677,  2678,  2679,  2680,  2681,  2682,  2683,
         2684,  2685,  2688,  2690,  2692,  2693,  2694,  2695,  2696,  2698,
         2699,  2702,  2703,  2704,  2705,  2706,  2707,  2709,  2710,  2711,
         2714,  2715,  2716,  2718,  2720,  2721,  2723,  2724,  2727,  2730,
         2731,  2733,  2735,  2736,  2738,  2739,  2740,  2743,  2745,  2746,
         2747,  2750,  2751,  2752,  2753,  2754,  2758,  2759,  2761,  2763,
         2766,  2770,  2775,  2779,  2780,  2781,  2782,  2784,  2788,  2794,
         2797,  2801,  2806,  2807,  2808,  2809,  2811,  2812,  2818,  2823,
         2824,  2825,  2827,  2828,  2829,  2830,  2832,  2833,  2834,  2835,
         2836,  2837,  2842,  2843,  2844,  2845,  2846,  2847,  2848,  2849,
         2852,  2853,  2854,  2855,  2857,  2858,  2863,  2865,  2866,  2867,
         2868,  2870,  2873,  2875,  2876,  2878,  2879,  2880,  2882,  2884,
         2885,  2887,  2888,  2889,  2890,  2892,  2893,  2895,  2899,  2902,
         2904,  2905,  2906,  2913,  2914,  2915,  2916,  2917,  2918,  2919,
         2920,  2921,  2922,  2923,  2926,  2927,  2930,  2931,  2932,  2934,
         2936,  2939,  2940,  2941,  2942,  2943,  2944,  2948,  2950,  2951,
         2952,  2954,  2955,  2956,  2957,  2963,  2964,  2965,  2966,  2974,
         2975,  2976,  2978,  2982,  2983,  2985,  2986,  2989,  2991,  2992,
         2995,  2996,  2997,  2999,  3003,  3013,  3017,  3018,  3019,  3020,
         3021,  3022,  3023,  3027,  3028,  3030,  3032,  3033,  3034,  3036,
         3037,  3040,  3046,  3049,  3050,  3051,  3054,  3055,  3057,  3058,
         3060,  3064,  3067,  3070,  3071,  3073,  3075,  3076,  3077,  3083,
         3084,  3086,  3088,  3089,  3090,  3092,  3097,  3098,  3099,  3100,
         3101,  3102,  3105,  3107,  3108,  3111,  3112,  3117,  3119,  3120,
         3123,  3127,  3131,  3133,  3135,  3145,  3148,  3150,  3151,  3155,
         3157,  3158,  3159,  3160,  3162,  3163,  3164,  3175,  3177,  3178,
         3180,  3181,  3183,  3184,  3186,  3193,  3195,  3196,  3197,  3199,
         3201,  3202,  3203,  3205,  3206,  3207,  3208,  3212,  3218,  3219,
         3220,  3221,  3224,  3226,  3227,  3228,  3229,  3232,  3233,  3234,
         3235,  3237,  3242,  3243,  3244,  3246,  3248,  3249,  3252,  3254,
         3257,  3258,  3259,  3260,  3262,  3263,  3267,  3269,  3274,  3277,
         3278,  3281,  3282,  3283,  3285,  3286,  3287,  3289,  3290,  3291,
         3293,  3296,  3298,  3299,  3300,  3301,  3302,  3303,  3307,  3309,
         3311,  3312,  3313,  3314,  3316,  3317,  3320,  3321,  3322,  3324,
         3325,  3332,  3334,  3340,  3342,  3344,  3348,  3349,  3350,  3353,
         3358,  3359,  3361,  3369,  3370,  3371,  3373,  3374,  3382,  3383,
         3384,  3385,  3386,  3390,  3393,  3394,  3395,  3396,  3397,  3398,
         3399,  3401,  3402,  3403,  3405,  3406,  3407,  3409,  3410,  3411,
         3413,  3415,  3417,  3418,  3421,  3423,  3424,  3425,  3426,  3428,
         3429,  3430,  3431,  3432,  3433,  3436,  3437,  3438,  3440,  3442,
         3443,  3445,  3447,  3448,  3449,  3450,  3452,  3455,  3456,  3457,
         3464,  3465,  3466,  3467,  3469,  3470,  3472,  3473,  3474,  3475,
         3476,  3478,  3480,  3483,  3489,  3493,  3494,  3496,  3507,  3514,
         3515,  3516,  3517,  3518,  3519,  3520,  3521,  3526,  3529,  3530,
         3532,  3533,  3534,  3538,  3539,  3541,  3545,  3548,  3550,  3553,
         3554,  3556,  3558,  3561,  3566,  3569,  3573,  3577,  3579,  3580,
         3581,  3582,  3583,  3585,  3586,  3587,  3588,  3589,  3590,  3592,
         3593,  3594,  3596,  3598,  3599,  3601,  3602,  3603,  3604,  3605,
         3609,  3610,  3613,  3614,  3615,  3617,  3619,  3620,  3621,  3622,
         3623,  3626,  3628,  3629,  3630,  3633,  3638,  3640,  3646,  3647,
         3649,  3650,  3651,  3653,  3657,  3658,  3659,  3660,  3665,  3666,
         3667,  3668,  3670,  3671,  3672,  3675,  3679,  3680,  3681,  3682,
         3683,  3684,  3685,  3686,  3687,  3688,  3690,  3691,  3694,  3698,
         3701,  3703,  3706,  3707,  3709,  3710,  3711,  3712,  3713,  3717,
         3727,  3730,  3732,  3733,  3735,  3737,  3739,  3740,  3741,  3743,
         3744,  3747,  3752,  3753,  3754,  3755,  3756,  3757,  3758,  3761,
         3763,  3765,  3766,  3769,  3770,  3772,  3773,  3775,  3776,  3787,
         3788,  3793,  3795,  3796,  3798,  3800,  3801,  3802,  3803,  3804,
         3805,  3806,  3807,  3808,  3809,  3810,  3815,  3818,  3820,  3822,
         3825,  3828,  3830,  3831,  3833,  3835,  3838,  3839,  3840,  3841,
         3842,  3843,  3846,  3847,  3848,  3850,  3851,  3853,  3854,  3856,
         3860,  3861,  3864,  3865,  3866,  3867,  3868,  3869,  3870,  3871,
         3874,  3875,  3876,  3877,  3878,  3879,  3880,  3881,  3882,  3883,
         3884,  3885,  3886,  3887,  3889,  3891,  3893,  3894,  3897,  3901,
         3903,  3904,  3905,  3906,  3907,  3908,  3909,  3910,  3916,  3919,
         3920,  3921,  3923,  3924,  3926,  3930,  3934,  3935,  3936,  3937,
         3938,  3939,  3940,  3941,  3942,  3944,  3947,  3950,  3951,  3952,
         3954,  3955,  3956,  3959,  3961,  3964,  3965,  3966,  3967,  3968,
         3969,  3970,  3975,  3976,  3977,  3980,  3981,  3982,  3983,  3984,
         3985,  3986,  3987,  3988,  3989,  3991,  3992,  3994,  3997,  3998,
         4000,  4001,  4002,  4005,  4006,  4007,  4008,  4011,  4014,  4015,
         4016,  4017,  4020,  4021,  4027,  4030,  4034,  4040,  4041,  4042,
         4043,  4044,  4047,  4048,  4050,  4051,  4052,  4053,  4054,  4056,
         4057,  4058,  4061,  4062,  4064,  4065,  4066,  4067,  4068,  4069,
         4070,  4071,  4072,  4073,  4074,  4075,  4076,  4077,  4078,  4079,
         4080,  4082,  4083,  4084,  4086,  4087,  4088,  4091,  4092,  4093,
         4096,  4099,  4105,  4107,  4108,  4110,  4112,  4114,  4116,  4120,
         4121,  4124,  4128,  4129,  4132,  4133,  4135,  4136,  4138,  4140,
         4143,  4144,  4145,  4146,  4147,  4148,  4149,  4150,  4151,  4153,
         4157,  4159,  4160,  4161,  4163,  4165,  4166,  4170,  4173,  4174,
         4179,  4182,  4183,  4184,  4185,  4187,  4191,  4192,  4193,  4194,
         4197,  4199,  4202,  4203,  4208,  4210,  4211,  4212,  4213,  4214,
         4215,  4218,  4219,  4221,  4222,  4223,  4224,  4226,  4230,  4232,
         4234,  4235,  4236,  4237,  4247,  4251,  4254,  4255,  4256,  4260,
         4262,  4263,  4265,  4266,  4268,  4269,  4270,  4271,  4272,  4273,
         4274,  4275,  4278,  4279,  4280,  4282,  4283,  4284,  4288,  4290,
         4294,  4295,  4297,  4298,  4299,  4300,  4302,  4304,  4310,  4311,
         4312,  4313,  4314,  4315,  4316,  4317,  4318,  4319,  4320,  4323,
         4325,  4327,  4328,  4331,  4332,  4334,  4335,  4336,  4337,  4338,
         4339,  4341,  4343,  4344,  4345,  4349,  4350,  4351,  4359,  4360,
         4361,  4366,  4367,  4368,  4369,  4370,  4371,  4376,  4378,  4380,
         4381,  4383,  4386,  4387,  4388,  4389,  4390,  4393,  4395,  4399,
         4401,  4403,  4405,  4406,  4408,  4409,  4412,  4413,  4414,  4417,
         4418,  4422,  4424,  4425,  4426,  4429,  4430,  4433,  4434,  4435,
         4436,  4438,  4444,  4446,  4447,  4449,  4456,  4458,  4460,  4463,
         4464,  4467,  4468,  4469,  4471,  4473,  4475,  4488,  4491,  4492,
         4498,  4499,  4500,  4501,  4502,  4507,  4510,  4511,  4516,  4521,
         4524,  4527,  4530,  4531,  4539,  4540,  4541,  4542,  4543,  4545,
         4547,  4549,  4552,  4553,  4557,  4558,  4559,  4560,  4561,  4563,
         4566,  4571,  4572,  4575,  4576,  4578,  4581,  4586,  4587,  4588,
         4589,  4591,  4593,  4594,  4595,  4596,  4597,  4598,  4599,  4600,
         4601,  4602,  4603,  4604,  4606,  4607,  4608,  4610,  4611,  4612,
         4613,  4616,  4618,  4619,  4620,  4631,  4632,  4635,  4636,  4638,
         4641,  4646,  4649,  4650,  4651,  4652,  4654,  4655,  4656,  4658,
         4659,  4660,  4662,  4663,  4665,  4666,  4667,  4668,  4669,  4670,
         4671,  4672,  4673,  4674,  4675,  4676,  4681,  4682,  4686,  4687,
         4688,  4689,  4690,  4693,  4694,  4695,  4698,  4702,  4704,  4705,
         4706,  4707,  4708,  4709,  4711,  4712,  4714,  4719,  4720,  4721,
         4722,  4726,  4727,  4728,  4729,  4732,  4734,  4735,  4737,  4738,
         4739,  4741,  4746,  4753,  4755,  4757,  4765,  4766,  4767,  4768,
         4770,  4771,  4772,  4774,  4775,  4776,  4778,  4779,  4781,  4786,
         4787,  4792,  4793,  4796,  4797,  4798,  4799,  4801,  4802,  4803,
         4805,  4806,  4807,  4809,  4812,  4813,  4817,  4818,  4823,  4827,
         4828,  4829,  4830,  4832,  4833,  4845,  4846,  4847,  4849,  4851,
         4852,  4853,  4854,  4855,  4856,  4857,  4858,  4859,  4860,  4861,
         4863,  4864,  4865,  4866,  4867,  4868,  4873,  4874,  4876,  4877,
         4879,  4881,  4885,  4886,  4892,  4900,  4901,  4903,  4905,  4907,
         4908,  4909,  4910,  4911,  4912,  4914,  4915,  4922,  4923,  4924,
         4926,  4929,  4931,  4932,  4933,  4934,  4936,  4941,  4945,  4947,
         4949,  4950,  4953,  4956,  4957,  4958,  4959,  4960,  4961,  4964,
         4965,  4966,  4967,  4968,  4969,  4970,  4971,  4975,  4977,  4978,
         4980,  4981,  4986,  4987,  4995,  4997,  4999,  5001,  5003,  5004,
         5005,  5006,  5007,  5008,  5009,  5010,  5011,  5012,  5013,  5014,
         5015,  5016,  5017,  5020,  5021,  5023,  5025,  5029,  5031,  5032,
         5033,  5034,  5040,  5042,  5043,  5044,  5046,  5052,  5055,  5056,
         5057,  5058,  5059,  5060,  5062,  5063,  5064,  5068,  5070,  5074,
         5075,  5076,  5077,  5081,  5082,  5090,  5092,  5096,  5097,  5098,
         5101,  5104,  5107,  5110,  5111,  5112,  5113,  5114,  5115,  5116,
         5120,  5121,  5122,  5123,  5125,  5127,  5128,  5131,  5132,  5133,
         5134,  5135,  5137,  5138,  5139,  5141,  5142,  5143,  5144,  5147,
         5149,  5152,  5154,  5155,  5156,  5158,  5161,  5163,  5165,  5167,
         5168,  5174,  5175,  5179,  5182,  5183,  5184,  5185,  5188,  5190,
         5192,  5195,  5196,  5198,  5199,  5204,  5205,  5206,  5208,  5219,
         5220,  5221,  5224,  5225,  5226,  5227,  5229,  5230,  5232,  5233,
         5234,  5238,  5241,  5242,  5248,  5249,  5251,  5255,  5256,  5257,
         5258,  5260,  5262,  5264,  5265,  5268,  5269,  5270,  5273,  5275,
         5279,  5280,  5281,  5282,  5284,  5286,  5294,  5295,  5296,  5297,
         5298,  5300,  5301,  5302,  5303,  5305,  5306,  5307,  5309,  5310,
         5312,  5313,  5314,  5315,  5318,  5319,  5320,  5321,  5328,  5330,
         5331,  5332,  5335,  5339,  5340,  5350,  5352,  5353,  5355,  5356,
         5358,  5359,  5360,  5362,  5363,  5365,  5366,  5367,  5368,  5369,
         5370,  5371,  5372,  5373,  5374,  5375,  5376,  5377,  5379,  5381,
         5385,  5386,  5387,  5388,  5390,  5392,  5393,  5396,  5397,  5398,
         5399,  5400,  5401,  5402,  5403,  5404,  5407,  5408,  5410,  5412,
         5413,  5414,  5415,  5418,  5420,  5421,  5424,  5425,  5426
Total non-polymorphic = 2857


Population     3 [MC_01]  (Number of Individuals = 10)
****************
--------------------------------------------------------------------------
Lowest Allele Frequency Used     0.050       0.020       0.010         0+
--------------------------------------------------------------------------

LINKAGE DISEQUILIBRIUM METHOD

Harmonic Mean Sample Size =       10.0        10.0        10.0        10.0
Independent Comparisons =    3298596     3298596     3298596     3298596
OverAll r^2 =                 0.135025    0.135025    0.135025    0.135025
Expected r^2 Sample =         0.136900    0.136900    0.136900    0.136900
Estimated Ne^ =               Infinite    Infinite    Infinite    Infinite

95% CIs for Ne^
* Parametric                  Infinite    Infinite    Infinite    Infinite
                              Infinite    Infinite    Infinite    Infinite

* JackKnife on Samples           360.7       360.7       360.7       360.7
                              Infinite    Infinite    Infinite    Infinite


HETEROZYGOTE EXCESS METHOD

Harmonic Mean Sample Size =       10.0        10.0        10.0        10.0 
Independent Alleles =           2569        2569        2569        2569  
Weighted Mean D =             -0.05264    -0.05264    -0.05264    -0.05264
Estimated Neb^  =             Infinite    Infinite    Infinite    Infinite

95% CIs for Nb:
* Parametric                  Infinite    Infinite    Infinite    Infinite
                              Infinite    Infinite    Infinite    Infinite

MOLECULAR COANCESTRY METHOD

Harmonic Mean Sample Size =                                           10.0
OverAll f1^    =                                                   0.27526
Estimated Neb^ =                                                       1.8

95% CIs for Ne^
* Jackknife on Loci                                                    1.7
                                                                       2.0
**************************************************************************

Time: Fri May  9 01:56:54 2025

Non-polymorphic loci:     2,     6,    15,    17,    18,    19,    20,    21,
           22,    26,    29,    30,    31,    33,    34,    36,    37,    38,
           39,    44,    47,    49,    51,    53,    64,    65,    66,    67,
           68,    69,    70,    75,    76,    77,    80,    81,    83,    84,
           88,    89,    90,    91,    92,    93,    94,    97,    98,   101,
          103,   108,   110,   112,   114,   116,   117,   119,   120,   126,
          128,   129,   132,   133,   134,   137,   139,   140,   144,   145,
          148,   151,   153,   154,   155,   156,   158,   159,   160,   161,
          162,   163,   164,   165,   166,   169,   171,   173,   174,   175,
          176,   178,   179,   180,   181,   182,   183,   184,   185,   186,
          187,   188,   189,   190,   191,   192,   193,   195,   196,   197,
          199,   200,   201,   202,   203,   206,   207,   209,   210,   211,
          212,   213,   214,   215,   222,   223,   224,   225,   226,   227,
          228,   229,   235,   240,   241,   245,   246,   247,   248,   249,
          250,   251,   252,   255,   256,   259,   260,   262,   264,   266,
          268,   271,   273,   274,   275,   276,   285,   286,   288,   290,
          292,   294,   295,   296,   297,   298,   299,   300,   301,   302,
          303,   304,   305,   306,   307,   309,   310,   312,   314,   317,
          320,   322,   325,   329,   330,   331,   337,   338,   344,   345,
          346,   351,   353,   357,   358,   359,   360,   361,   362,   369,
          371,   373,   374,   375,   377,   378,   382,   383,   384,   385,
          386,   388,   389,   391,   392,   394,   395,   397,   403,   405,
          407,   408,   409,   410,   412,   413,   414,   415,   416,   418,
          419,   421,   422,   423,   430,   431,   433,   442,   444,   446,
          448,   449,   453,   454,   455,   456,   457,   458,   459,   460,
          461,   462,   464,   465,   466,   467,   468,   474,   475,   477,
          478,   480,   482,   483,   484,   485,   489,   490,   491,   494,
          495,   496,   501,   502,   506,   507,   508,   509,   513,   514,
          515,   523,   524,   525,   526,   529,   530,   531,   534,   536,
          537,   538,   541,   542,   543,   544,   546,   548,   551,   552,
          553,   554,   555,   556,   557,   558,   559,   561,   562,   563,
          564,   565,   569,   571,   572,   573,   574,   575,   578,   586,
          589,   595,   597,   598,   599,   600,   601,   603,   607,   608,
          609,   610,   612,   614,   615,   617,   618,   619,   621,   622,
          625,   627,   628,   629,   631,   633,   634,   635,   637,   641,
          642,   643,   645,   646,   647,   648,   649,   653,   654,   655,
          656,   657,   660,   662,   666,   667,   669,   670,   672,   674,
          675,   676,   677,   678,   679,   682,   684,   689,   691,   695,
          696,   699,   703,   707,   708,   711,   713,   717,   722,   726,
          727,   728,   729,   730,   735,   736,   737,   738,   739,   740,
          745,   746,   747,   748,   749,   750,   751,   753,   754,   755,
          758,   759,   760,   764,   765,   766,   768,   775,   776,   777,
          779,   781,   782,   784,   785,   786,   787,   788,   789,   791,
          792,   793,   794,   795,   796,   797,   800,   801,   802,   803,
          805,   806,   807,   808,   809,   810,   811,   812,   813,   814,
          820,   822,   823,   824,   826,   827,   830,   831,   832,   833,
          834,   835,   836,   837,   840,   842,   843,   844,   845,   846,
          847,   848,   849,   850,   851,   852,   855,   856,   858,   859,
          860,   861,   863,   864,   865,   868,   870,   871,   872,   873,
          875,   879,   880,   881,   882,   883,   884,   885,   886,   887,
          888,   889,   891,   895,   896,   902,   908,   909,   912,   914,
          916,   918,   919,   921,   923,   924,   926,   927,   929,   930,
          931,   932,   933,   934,   935,   937,   938,   940,   941,   942,
          943,   945,   946,   947,   948,   949,   950,   951,   953,   958,
          959,   960,   964,   969,   970,   972,   973,   975,   978,   980,
          981,   982,   983,   984,   986,   988,   989,   992,   993,   995,
          996,   998,   999,  1000,  1002,  1004,  1005,  1006,  1007,  1009,
         1012,  1017,  1021,  1025,  1026,  1027,  1028,  1029,  1035,  1036,
         1037,  1039,  1042,  1045,  1047,  1053,  1055,  1056,  1057,  1058,
         1059,  1060,  1061,  1064,  1068,  1071,  1072,  1073,  1074,  1078,
         1081,  1082,  1083,  1084,  1085,  1086,  1089,  1090,  1093,  1094,
         1095,  1096,  1097,  1098,  1105,  1106,  1112,  1114,  1115,  1121,
         1122,  1125,  1126,  1128,  1129,  1132,  1133,  1135,  1136,  1137,
         1138,  1139,  1141,  1142,  1143,  1144,  1145,  1146,  1147,  1148,
         1149,  1150,  1153,  1158,  1160,  1163,  1164,  1168,  1174,  1176,
         1177,  1180,  1183,  1184,  1187,  1192,  1193,  1195,  1196,  1197,
         1198,  1199,  1200,  1201,  1202,  1203,  1205,  1206,  1207,  1209,
         1210,  1215,  1217,  1220,  1222,  1223,  1224,  1227,  1228,  1231,
         1232,  1233,  1234,  1236,  1241,  1242,  1243,  1245,  1249,  1250,
         1252,  1253,  1254,  1255,  1257,  1260,  1263,  1267,  1269,  1270,
         1271,  1272,  1274,  1275,  1276,  1277,  1278,  1279,  1280,  1281,
         1282,  1283,  1284,  1287,  1290,  1291,  1294,  1296,  1297,  1298,
         1299,  1302,  1303,  1305,  1306,  1308,  1316,  1319,  1324,  1330,
         1333,  1334,  1335,  1336,  1338,  1339,  1340,  1341,  1342,  1344,
         1348,  1349,  1353,  1354,  1355,  1358,  1359,  1363,  1365,  1366,
         1367,  1369,  1370,  1374,  1375,  1380,  1382,  1383,  1385,  1388,
         1389,  1390,  1391,  1393,  1396,  1398,  1399,  1401,  1404,  1405,
         1408,  1409,  1410,  1411,  1413,  1414,  1418,  1419,  1420,  1421,
         1425,  1426,  1427,  1428,  1430,  1431,  1432,  1434,  1435,  1439,
         1442,  1443,  1444,  1445,  1447,  1449,  1452,  1453,  1455,  1458,
         1459,  1460,  1463,  1465,  1466,  1468,  1469,  1471,  1472,  1474,
         1476,  1477,  1478,  1482,  1483,  1484,  1485,  1486,  1487,  1488,
         1489,  1493,  1497,  1498,  1499,  1501,  1502,  1503,  1506,  1509,
         1513,  1516,  1519,  1520,  1521,  1531,  1532,  1538,  1540,  1542,
         1543,  1544,  1550,  1552,  1557,  1562,  1563,  1564,  1566,  1568,
         1569,  1570,  1572,  1575,  1577,  1578,  1579,  1581,  1588,  1589,
         1591,  1592,  1602,  1604,  1606,  1608,  1609,  1610,  1611,  1613,
         1614,  1615,  1620,  1628,  1630,  1637,  1638,  1639,  1641,  1642,
         1643,  1644,  1645,  1647,  1649,  1651,  1652,  1654,  1658,  1662,
         1665,  1668,  1670,  1675,  1677,  1678,  1679,  1685,  1687,  1688,
         1689,  1690,  1691,  1693,  1694,  1697,  1701,  1703,  1704,  1705,
         1706,  1707,  1708,  1709,  1714,  1716,  1717,  1718,  1720,  1721,
         1722,  1723,  1724,  1747,  1748,  1749,  1751,  1752,  1753,  1754,
         1755,  1760,  1762,  1764,  1765,  1766,  1768,  1771,  1772,  1773,
         1774,  1775,  1776,  1777,  1778,  1780,  1781,  1783,  1784,  1785,
         1786,  1787,  1788,  1790,  1792,  1799,  1800,  1801,  1802,  1803,
         1805,  1808,  1809,  1810,  1811,  1812,  1813,  1817,  1818,  1819,
         1821,  1822,  1823,  1824,  1825,  1826,  1827,  1831,  1833,  1836,
         1842,  1847,  1848,  1850,  1851,  1852,  1856,  1860,  1861,  1862,
         1863,  1865,  1867,  1870,  1874,  1878,  1880,  1881,  1883,  1885,
         1886,  1887,  1889,  1891,  1892,  1894,  1896,  1897,  1898,  1899,
         1900,  1901,  1904,  1905,  1906,  1907,  1909,  1911,  1912,  1914,
         1916,  1917,  1918,  1920,  1922,  1923,  1924,  1925,  1926,  1927,
         1931,  1932,  1933,  1935,  1937,  1938,  1940,  1944,  1947,  1951,
         1954,  1956,  1958,  1959,  1960,  1961,  1962,  1963,  1964,  1965,
         1973,  1975,  1976,  1977,  1978,  1979,  1981,  1982,  1983,  1984,
         1985,  1986,  1987,  1988,  1990,  1991,  1997,  1999,  2002,  2003,
         2004,  2005,  2006,  2007,  2008,  2009,  2010,  2012,  2015,  2019,
         2020,  2032,  2033,  2034,  2035,  2038,  2041,  2045,  2046,  2047,
         2049,  2053,  2054,  2055,  2058,  2059,  2061,  2062,  2063,  2067,
         2068,  2069,  2070,  2071,  2077,  2078,  2081,  2082,  2083,  2085,
         2086,  2087,  2088,  2090,  2091,  2095,  2097,  2098,  2101,  2102,
         2107,  2109,  2111,  2113,  2114,  2116,  2117,  2118,  2119,  2120,
         2121,  2123,  2133,  2134,  2135,  2136,  2140,  2145,  2149,  2150,
         2154,  2155,  2156,  2158,  2160,  2162,  2164,  2166,  2167,  2171,
         2174,  2175,  2177,  2178,  2181,  2182,  2183,  2184,  2185,  2186,
         2188,  2191,  2192,  2195,  2196,  2199,  2200,  2201,  2202,  2203,
         2204,  2208,  2211,  2213,  2215,  2216,  2217,  2219,  2221,  2222,
         2224,  2225,  2227,  2228,  2229,  2230,  2231,  2232,  2233,  2234,
         2235,  2237,  2239,  2240,  2241,  2242,  2244,  2246,  2247,  2248,
         2250,  2252,  2253,  2256,  2257,  2259,  2263,  2267,  2268,  2269,
         2270,  2271,  2276,  2279,  2280,  2282,  2283,  2284,  2288,  2289,
         2290,  2296,  2298,  2300,  2301,  2302,  2303,  2304,  2306,  2309,
         2310,  2311,  2312,  2313,  2315,  2318,  2319,  2323,  2324,  2326,
         2328,  2329,  2334,  2335,  2337,  2338,  2339,  2340,  2341,  2342,
         2344,  2345,  2347,  2350,  2351,  2355,  2356,  2358,  2359,  2360,
         2362,  2366,  2367,  2368,  2369,  2370,  2371,  2372,  2373,  2374,
         2375,  2376,  2377,  2378,  2379,  2380,  2381,  2382,  2384,  2386,
         2387,  2388,  2394,  2395,  2397,  2398,  2402,  2405,  2410,  2411,
         2415,  2417,  2418,  2419,  2420,  2421,  2422,  2423,  2424,  2425,
         2427,  2429,  2432,  2435,  2436,  2439,  2444,  2445,  2446,  2447,
         2448,  2449,  2451,  2452,  2453,  2454,  2455,  2456,  2457,  2467,
         2469,  2470,  2471,  2478,  2479,  2480,  2481,  2482,  2483,  2486,
         2490,  2492,  2493,  2494,  2495,  2496,  2497,  2500,  2501,  2502,
         2503,  2504,  2505,  2506,  2507,  2510,  2514,  2515,  2517,  2518,
         2519,  2520,  2521,  2522,  2524,  2525,  2526,  2527,  2528,  2531,
         2536,  2537,  2539,  2541,  2543,  2544,  2545,  2546,  2547,  2548,
         2549,  2550,  2552,  2553,  2554,  2555,  2556,  2557,  2565,  2566,
         2569,  2570,  2571,  2572,  2574,  2575,  2576,  2577,  2579,  2580,
         2581,  2582,  2583,  2587,  2590,  2595,  2597,  2600,  2601,  2602,
         2603,  2604,  2605,  2608,  2615,  2618,  2619,  2620,  2621,  2623,
         2625,  2628,  2634,  2635,  2636,  2637,  2639,  2640,  2641,  2642,
         2643,  2644,  2647,  2648,  2649,  2650,  2651,  2652,  2653,  2654,
         2656,  2657,  2660,  2661,  2662,  2666,  2670,  2672,  2673,  2674,
         2680,  2681,  2682,  2683,  2684,  2685,  2686,  2688,  2689,  2690,
         2692,  2694,  2695,  2696,  2698,  2699,  2700,  2702,  2704,  2706,
         2707,  2708,  2711,  2714,  2715,  2716,  2718,  2719,  2720,  2721,
         2723,  2724,  2727,  2730,  2731,  2732,  2733,  2735,  2736,  2738,
         2739,  2740,  2744,  2745,  2746,  2747,  2750,  2752,  2753,  2754,
         2757,  2760,  2761,  2763,  2766,  2770,  2774,  2779,  2780,  2781,
         2782,  2784,  2788,  2789,  2790,  2791,  2792,  2794,  2797,  2799,
         2800,  2801,  2803,  2807,  2811,  2812,  2813,  2816,  2817,  2818,
         2819,  2820,  2822,  2824,  2825,  2828,  2829,  2832,  2834,  2835,
         2837,  2839,  2840,  2842,  2844,  2845,  2847,  2848,  2849,  2850,
         2852,  2853,  2854,  2855,  2856,  2858,  2863,  2866,  2867,  2868,
         2870,  2872,  2873,  2875,  2876,  2878,  2880,  2883,  2885,  2887,
         2889,  2890,  2892,  2893,  2894,  2895,  2896,  2897,  2901,  2902,
         2904,  2905,  2906,  2909,  2910,  2911,  2912,  2914,  2916,  2917,
         2919,  2920,  2921,  2922,  2923,  2932,  2934,  2936,  2937,  2938,
         2940,  2941,  2942,  2943,  2944,  2945,  2948,  2950,  2951,  2952,
         2955,  2956,  2957,  2958,  2960,  2962,  2963,  2964,  2965,  2966,
         2968,  2969,  2970,  2972,  2973,  2975,  2978,  2982,  2984,  2985,
         2986,  2988,  2989,  2992,  2995,  2997,  2998,  2999,  3003,  3019,
         3020,  3021,  3022,  3023,  3024,  3028,  3030,  3031,  3032,  3033,
         3034,  3036,  3040,  3041,  3042,  3043,  3044,  3045,  3046,  3048,
         3049,  3050,  3051,  3053,  3054,  3055,  3056,  3057,  3058,  3060,
         3064,  3067,  3073,  3074,  3075,  3076,  3077,  3084,  3085,  3088,
         3089,  3090,  3091,  3092,  3093,  3095,  3096,  3097,  3098,  3099,
         3100,  3101,  3104,  3105,  3107,  3108,  3112,  3114,  3117,  3118,
         3119,  3121,  3122,  3123,  3124,  3125,  3127,  3131,  3132,  3133,
         3135,  3146,  3150,  3151,  3153,  3155,  3157,  3158,  3159,  3160,
         3162,  3163,  3164,  3165,  3166,  3167,  3168,  3169,  3170,  3171,
         3172,  3176,  3177,  3178,  3179,  3181,  3182,  3183,  3185,  3186,
         3188,  3189,  3191,  3192,  3193,  3194,  3195,  3196,  3197,  3199,
         3202,  3203,  3204,  3205,  3206,  3207,  3208,  3209,  3211,  3212,
         3215,  3216,  3217,  3218,  3219,  3220,  3221,  3222,  3224,  3225,
         3226,  3227,  3228,  3229,  3230,  3232,  3233,  3234,  3235,  3237,
         3239,  3240,  3242,  3244,  3249,  3255,  3257,  3258,  3259,  3261,
         3262,  3263,  3264,  3265,  3266,  3267,  3268,  3274,  3277,  3278,
         3280,  3281,  3282,  3283,  3285,  3286,  3288,  3290,  3293,  3296,
         3298,  3299,  3303,  3307,  3314,  3316,  3317,  3322,  3324,  3325,
         3327,  3329,  3331,  3332,  3334,  3335,  3337,  3340,  3342,  3343,
         3349,  3350,  3353,  3354,  3355,  3356,  3358,  3359,  3360,  3361,
         3362,  3368,  3369,  3370,  3372,  3373,  3378,  3382,  3383,  3384,
         3385,  3390,  3393,  3394,  3398,  3399,  3401,  3402,  3403,  3405,
         3406,  3407,  3410,  3411,  3414,  3415,  3417,  3418,  3425,  3427,
         3434,  3435,  3436,  3437,  3438,  3440,  3441,  3444,  3445,  3446,
         3450,  3452,  3455,  3464,  3465,  3466,  3467,  3469,  3470,  3471,
         3472,  3473,  3475,  3476,  3477,  3478,  3479,  3480,  3481,  3482,
         3483,  3487,  3488,  3490,  3491,  3492,  3493,  3495,  3496,  3500,
         3502,  3504,  3507,  3514,  3515,  3517,  3518,  3519,  3520,  3521,
         3522,  3524,  3526,  3529,  3531,  3533,  3534,  3535,  3539,  3541,
         3548,  3550,  3551,  3553,  3554,  3555,  3556,  3557,  3559,  3561,
         3562,  3563,  3564,  3566,  3567,  3568,  3570,  3571,  3576,  3578,
         3579,  3581,  3583,  3584,  3585,  3586,  3588,  3592,  3593,  3594,
         3595,  3599,  3601,  3602,  3603,  3604,  3605,  3606,  3607,  3609,
         3611,  3614,  3617,  3619,  3620,  3621,  3622,  3623,  3626,  3627,
         3630,  3631,  3633,  3636,  3642,  3646,  3647,  3648,  3649,  3650,
         3651,  3652,  3655,  3657,  3658,  3659,  3660,  3661,  3662,  3668,
         3670,  3671,  3672,  3675,  3680,  3684,  3686,  3687,  3688,  3693,
         3694,  3695,  3700,  3701,  3705,  3706,  3708,  3717,  3718,  3723,
         3726,  3727,  3728,  3729,  3730,  3732,  3735,  3737,  3743,  3747,
         3748,  3749,  3750,  3752,  3753,  3754,  3755,  3756,  3757,  3758,
         3761,  3766,  3767,  3768,  3769,  3770,  3771,  3772,  3773,  3774,
         3776,  3783,  3784,  3785,  3788,  3794,  3796,  3797,  3801,  3803,
         3804,  3807,  3808,  3809,  3815,  3816,  3817,  3818,  3819,  3820,
         3822,  3823,  3824,  3825,  3826,  3827,  3828,  3829,  3830,  3831,
         3833,  3835,  3837,  3838,  3839,  3840,  3842,  3843,  3844,  3846,
         3847,  3848,  3850,  3851,  3853,  3854,  3856,  3858,  3860,  3861,
         3864,  3865,  3866,  3868,  3869,  3870,  3871,  3872,  3874,  3876,
         3880,  3881,  3882,  3884,  3885,  3886,  3887,  3889,  3890,  3891,
         3893,  3894,  3895,  3896,  3899,  3900,  3901,  3904,  3905,  3906,
         3907,  3908,  3910,  3911,  3912,  3913,  3914,  3915,  3916,  3917,
         3918,  3920,  3921,  3923,  3930,  3934,  3935,  3936,  3937,  3938,
         3939,  3941,  3942,  3944,  3947,  3950,  3955,  3956,  3959,  3961,
         3962,  3963,  3964,  3965,  3966,  3967,  3968,  3969,  3970,  3975,
         3977,  3980,  3982,  3984,  3987,  3989,  3991,  3992,  3996,  4000,
         4002,  4004,  4005,  4006,  4007,  4010,  4011,  4014,  4015,  4017,
         4021,  4027,  4030,  4034,  4036,  4038,  4040,  4041,  4042,  4043,
         4045,  4046,  4048,  4051,  4053,  4054,  4056,  4057,  4058,  4061,
         4062,  4064,  4065,  4066,  4067,  4068,  4069,  4070,  4071,  4072,
         4074,  4075,  4076,  4077,  4078,  4079,  4080,  4081,  4082,  4083,
         4088,  4092,  4093,  4096,  4099,  4104,  4105,  4106,  4107,  4108,
         4110,  4112,  4114,  4116,  4120,  4121,  4124,  4128,  4129,  4130,
         4131,  4132,  4133,  4135,  4136,  4140,  4144,  4145,  4146,  4147,
         4148,  4149,  4150,  4151,  4152,  4154,  4155,  4161,  4162,  4163,
         4165,  4166,  4167,  4169,  4170,  4171,  4173,  4175,  4182,  4183,
         4184,  4185,  4186,  4187,  4188,  4189,  4190,  4191,  4192,  4193,
         4194,  4195,  4197,  4198,  4199,  4200,  4202,  4203,  4210,  4218,
         4219,  4220,  4221,  4222,  4223,  4226,  4230,  4233,  4234,  4235,
         4236,  4237,  4247,  4248,  4250,  4251,  4252,  4258,  4259,  4260,
         4261,  4263,  4265,  4266,  4269,  4271,  4273,  4274,  4275,  4278,
         4279,  4280,  4282,  4283,  4287,  4288,  4290,  4291,  4297,  4298,
         4299,  4300,  4302,  4304,  4312,  4320,  4323,  4328,  4331,  4332,
         4333,  4336,  4338,  4340,  4341,  4343,  4344,  4345,  4349,  4351,
         4358,  4359,  4360,  4361,  4366,  4367,  4369,  4373,  4376,  4379,
         4380,  4381,  4382,  4383,  4386,  4387,  4388,  4389,  4390,  4391,
         4393,  4394,  4395,  4399,  4401,  4402,  4403,  4404,  4405,  4406,
         4407,  4408,  4409,  4414,  4416,  4417,  4418,  4422,  4425,  4429,
         4432,  4433,  4435,  4436,  4439,  4442,  4443,  4444,  4446,  4447,
         4449,  4456,  4458,  4459,  4461,  4463,  4468,  4469,  4471,  4475,
         4479,  4480,  4482,  4487,  4488,  4492,  4495,  4498,  4499,  4501,
         4502,  4508,  4510,  4511,  4512,  4516,  4521,  4524,  4526,  4527,
         4529,  4530,  4531,  4539,  4540,  4541,  4542,  4543,  4544,  4545,
         4547,  4549,  4552,  4553,  4556,  4557,  4559,  4561,  4562,  4563,
         4566,  4571,  4572,  4574,  4575,  4576,  4578,  4584,  4586,  4587,
         4589,  4591,  4592,  4593,  4596,  4597,  4598,  4600,  4601,  4602,
         4603,  4604,  4607,  4608,  4609,  4610,  4611,  4612,  4613,  4614,
         4616,  4619,  4620,  4623,  4631,  4632,  4633,  4635,  4636,  4641,
         4646,  4649,  4650,  4651,  4652,  4655,  4658,  4662,  4663,  4664,
         4665,  4667,  4668,  4669,  4670,  4671,  4672,  4673,  4674,  4675,
         4676,  4679,  4680,  4681,  4682,  4683,  4685,  4688,  4693,  4694,
         4697,  4698,  4700,  4701,  4702,  4704,  4705,  4706,  4708,  4714,
         4719,  4720,  4721,  4722,  4728,  4730,  4731,  4732,  4734,  4735,
         4736,  4737,  4739,  4741,  4744,  4746,  4753,  4754,  4755,  4757,
         4759,  4762,  4763,  4765,  4766,  4767,  4768,  4769,  4770,  4771,
         4772,  4774,  4775,  4776,  4777,  4778,  4780,  4781,  4784,  4785,
         4792,  4796,  4797,  4798,  4799,  4800,  4803,  4805,  4806,  4807,
         4808,  4809,  4810,  4812,  4814,  4815,  4816,  4818,  4825,  4826,
         4827,  4828,  4829,  4830,  4833,  4834,  4841,  4846,  4847,  4849,
         4850,  4851,  4852,  4853,  4854,  4856,  4859,  4860,  4861,  4863,
         4864,  4865,  4866,  4867,  4874,  4878,  4879,  4880,  4881,  4884,
         4885,  4886,  4887,  4888,  4892,  4895,  4897,  4898,  4900,  4901,
         4902,  4903,  4905,  4906,  4908,  4909,  4915,  4917,  4920,  4924,
         4926,  4929,  4930,  4931,  4932,  4933,  4934,  4935,  4936,  4941,
         4945,  4947,  4949,  4950,  4954,  4956,  4957,  4958,  4959,  4960,
         4961,  4964,  4965,  4966,  4967,  4969,  4970,  4971,  4972,  4973,
         4974,  4975,  4977,  4978,  4981,  4982,  4983,  4984,  4986,  4987,
         4990,  4995,  4997,  4999,  5001,  5002,  5011,  5012,  5013,  5014,
         5015,  5017,  5018,  5019,  5020,  5021,  5023,  5024,  5025,  5026,
         5027,  5028,  5029,  5030,  5031,  5032,  5033,  5034,  5040,  5042,
         5043,  5044,  5047,  5052,  5053,  5055,  5056,  5057,  5058,  5059,
         5060,  5061,  5062,  5063,  5064,  5065,  5070,  5075,  5076,  5077,
         5078,  5079,  5081,  5091,  5093,  5094,  5097,  5098,  5101,  5104,
         5107,  5109,  5112,  5113,  5114,  5115,  5116,  5120,  5121,  5122,
         5125,  5127,  5128,  5131,  5132,  5133,  5134,  5137,  5138,  5139,
         5140,  5142,  5144,  5147,  5149,  5152,  5154,  5155,  5158,  5160,
         5161,  5162,  5163,  5164,  5165,  5166,  5167,  5168,  5170,  5172,
         5173,  5174,  5175,  5176,  5177,  5178,  5179,  5182,  5183,  5184,
         5185,  5190,  5197,  5198,  5199,  5203,  5204,  5205,  5206,  5208,
         5209,  5211,  5220,  5225,  5227,  5230,  5232,  5234,  5238,  5241,
         5242,  5248,  5249,  5250,  5251,  5256,  5257,  5258,  5259,  5261,
         5262,  5264,  5265,  5266,  5267,  5268,  5269,  5270,  5271,  5273,
         5275,  5276,  5278,  5279,  5280,  5281,  5282,  5284,  5285,  5287,
         5288,  5289,  5290,  5291,  5294,  5295,  5296,  5297,  5298,  5300,
         5301,  5302,  5305,  5306,  5307,  5308,  5309,  5310,  5311,  5312,
         5313,  5317,  5318,  5319,  5320,  5321,  5322,  5324,  5325,  5327,
         5328,  5330,  5331,  5332,  5334,  5335,  5336,  5337,  5338,  5339,
         5340,  5341,  5342,  5345,  5350,  5352,  5353,  5354,  5355,  5356,
         5357,  5358,  5360,  5361,  5362,  5366,  5367,  5368,  5369,  5373,
         5374,  5375,  5376,  5377,  5378,  5379,  5380,  5385,  5386,  5387,
         5388,  5390,  5392,  5393,  5395,  5396,  5397,  5398,  5399,  5400,
         5401,  5402,  5403,  5404,  5405,  5406,  5407,  5408,  5409,  5410,
         5412,  5413,  5414,  5415,  5417,  5418,  5420,  5421,  5424,  5425,
         5426
Total non-polymorphic = 2939


Population     4 [MB_01]  (Number of Individuals = 10)
****************
--------------------------------------------------------------------------
Lowest Allele Frequency Used     0.050       0.020       0.010         0+
--------------------------------------------------------------------------

LINKAGE DISEQUILIBRIUM METHOD

Harmonic Mean Sample Size =       10.0        10.0        10.0        10.0
Independent Comparisons =    3091341     3091341     3091341     3091341
OverAll r^2 =                 0.136162    0.136162    0.136162    0.136162
Expected r^2 Sample =         0.136900    0.136900    0.136900    0.136900
Estimated Ne^ =               Infinite    Infinite    Infinite    Infinite

95% CIs for Ne^
* Parametric                  Infinite    Infinite    Infinite    Infinite
                              Infinite    Infinite    Infinite    Infinite

* JackKnife on Samples            72.8        72.8        72.8        72.8
                              Infinite    Infinite    Infinite    Infinite


HETEROZYGOTE EXCESS METHOD

Harmonic Mean Sample Size =       10.0        10.0        10.0        10.0 
Independent Alleles =           2487        2487        2487        2487  
Weighted Mean D =             -0.02356    -0.02356    -0.02356    -0.02356
Estimated Neb^  =             Infinite    Infinite    Infinite    Infinite

95% CIs for Nb:
* Parametric                  Infinite    Infinite    Infinite    Infinite
                              Infinite    Infinite    Infinite    Infinite

MOLECULAR COANCESTRY METHOD

Harmonic Mean Sample Size =                                           10.0
OverAll f1^    =                                                   0.09459
Estimated Neb^ =                                                       5.3

95% CIs for Ne^
* Jackknife on Loci                                                    4.6
                                                                       6.0
**************************************************************************

Time: Fri May  9 01:57:53 2025


Population: MC_01/MB_01,	2 Samples,	Sample Sizes: 10/10

TEMPORAL METHODS (Pollak, Nei/Tajima, Jorde/Ryman), Plan II.
--------------------------------------------------------------------------
Lowest Allele Frequency Used     0.050       0.020       0.010         0+
==========================================================================
Samples    1[MC_01] & 2[MB_01]
Generations     0.0 & 1.5    

   Independent Alleles =        2180        3309        3309        3309
   -----------------------------------------------------------------------
  (Pollak)
   Harmonic Mean Samp Size =      10.0        10.0        10.0        10.0
                 Fk =          0.11773     0.11256     0.11256     0.11256
                 F' =          0.01773     0.01256     0.01256     0.01256
               * Ne =             42.3        59.7        59.7        59.7

     95% CIs for Ne:
     * Parametric                 29.9        41.2        41.2        41.2
                                  67.9       102.4       102.4       102.4
     * Jackknife on Loci          31.5        45.4        45.4        45.4
                                  62.1        85.4        85.4        85.4
   -----------------------------------------------------------------------
  (Nei/Tajima)
   Harmonic Mean Samp Size =      10.0        10.0        10.0        10.0
                 Fc =          0.11018     0.10671     0.10671     0.10671
                 F' =          0.01018     0.00671     0.00671     0.00671
               * Ne =             73.7       111.8       111.8       111.8

     95% CIs for Ne:
     * Parametric                 44.1        62.3        62.3        62.3
                                 191.4       430.2       430.2       430.2
     * Jackknife on Loci          48.2        73.4        73.4        73.4
                                 145.4       223.3       223.3       223.3
   -----------------------------------------------------------------------
  (Jorde/Ryman)
   Harmonic Mean Samp Size =      10.0        10.0        10.0        10.0
                 Fs =          0.11676     0.11545     0.11545     0.11545
                 F' =          0.01415     0.01285     0.01285     0.01285
               * Ne =             53.0        58.4        58.4        58.4

     95% CIs for Ne:
     * Parametric                 49.9        55.6        55.6        55.6
                                  56.2        61.2        61.2        61.2
     * Jackknife on Loci          34.3        37.7        37.7        37.7
                                 116.8       128.7       128.7       128.7
==========================================================================
Non-polymorphic loci:     2,     6,    14,    15,    17,    18,    19,    20,
           21,    22,    24,    25,    27,    29,    33,    34,    36,    37,
           38,    39,    40,    42,    44,    45,    47,    49,    51,    53,
           55,    56,    58,    60,    64,    65,    66,    67,    68,    69,
           73,    75,    77,    79,    80,    81,    83,    84,    88,    89,
           90,    92,    93,    94,    97,    98,   103,   108,   110,   111,
          114,   117,   119,   120,   126,   128,   132,   133,   134,   135,
          137,   138,   139,   140,   141,   144,   145,   147,   148,   149,
          150,   151,   153,   154,   155,   158,   161,   162,   163,   164,
          165,   166,   168,   172,   174,   177,   181,   182,   183,   184,
          187,   188,   189,   190,   191,   192,   193,   195,   196,   197,
          198,   199,   201,   206,   207,   209,   210,   211,   212,   213,
          225,   227,   228,   229,   232,   233,   234,   235,   241,   246,
          248,   249,   251,   252,   255,   256,   259,   260,   262,   263,
          264,   265,   268,   269,   270,   272,   273,   274,   275,   276,
          277,   278,   279,   285,   286,   290,   291,   292,   293,   294,
          295,   296,   297,   298,   299,   300,   302,   305,   306,   307,
          308,   309,   312,   313,   314,   316,   317,   318,   321,   322,
          324,   327,   329,   330,   331,   333,   338,   339,   342,   344,
          351,   355,   356,   357,   359,   360,   361,   362,   368,   369,
          371,   373,   374,   375,   376,   377,   378,   379,   380,   381,
          382,   383,   384,   385,   386,   387,   388,   389,   390,   391,
          392,   393,   397,   403,   405,   406,   407,   408,   409,   410,
          411,   412,   413,   417,   419,   422,   423,   428,   430,   431,
          433,   435,   436,   441,   444,   446,   448,   449,   451,   453,
          454,   455,   456,   457,   458,   459,   460,   461,   462,   464,
          465,   466,   467,   468,   469,   475,   477,   478,   480,   482,
          483,   484,   485,   489,   491,   492,   494,   495,   496,   498,
          501,   506,   507,   509,   510,   512,   514,   516,   517,   519,
          523,   524,   525,   526,   528,   529,   532,   534,   535,   537,
          538,   540,   543,   544,   546,   549,   550,   551,   552,   553,
          554,   555,   556,   557,   558,   559,   560,   561,   562,   563,
          564,   565,   566,   567,   568,   569,   571,   572,   573,   575,
          582,   586,   588,   592,   595,   601,   603,   604,   608,   614,
          616,   618,   619,   621,   622,   625,   627,   628,   629,   631,
          641,   642,   643,   645,   647,   649,   652,   653,   655,   656,
          657,   658,   660,   661,   662,   667,   671,   672,   673,   675,
          676,   677,   678,   679,   682,   684,   688,   691,   693,   695,
          703,   705,   706,   707,   709,   713,   714,   715,   716,   717,
          718,   719,   720,   721,   722,   723,   726,   727,   728,   729,
          730,   735,   737,   738,   739,   740,   741,   745,   746,   747,
          749,   750,   751,   752,   753,   754,   755,   758,   759,   760,
          761,   764,   765,   766,   767,   768,   771,   775,   776,   777,
          779,   780,   781,   782,   784,   785,   786,   787,   788,   789,
          791,   792,   794,   795,   796,   800,   801,   802,   805,   806,
          807,   808,   809,   810,   811,   813,   814,   815,   816,   818,
          820,   821,   822,   826,   828,   830,   831,   832,   833,   834,
          835,   836,   837,   838,   840,   842,   843,   844,   845,   846,
          847,   848,   849,   850,   851,   852,   854,   855,   856,   858,
          859,   860,   861,   862,   863,   865,   868,   871,   872,   873,
          874,   875,   876,   877,   879,   880,   881,   882,   883,   884,
          885,   886,   887,   888,   889,   891,   892,   895,   896,   902,
          903,   908,   912,   913,   914,   916,   919,   920,   921,   922,
          923,   924,   926,   927,   929,   930,   931,   932,   933,   935,
          936,   938,   940,   941,   942,   945,   946,   947,   948,   949,
          950,   951,   952,   953,   959,   961,   962,   964,   969,   970,
          972,   974,   975,   976,   984,   986,   989,   992,   993,   995,
          996,   997,   998,   999,  1000,  1002,  1003,  1004,  1006,  1007,
         1009,  1017,  1021,  1022,  1025,  1026,  1027,  1028,  1029,  1035,
         1036,  1037,  1045,  1047,  1050,  1051,  1052,  1064,  1065,  1066,
         1068,  1071,  1072,  1073,  1074,  1075,  1076,  1077,  1078,  1081,
         1084,  1085,  1086,  1089,  1090,  1093,  1095,  1096,  1097,  1098,
         1099,  1100,  1101,  1102,  1104,  1105,  1106,  1112,  1114,  1115,
         1117,  1118,  1121,  1122,  1123,  1125,  1126,  1129,  1131,  1132,
         1133,  1135,  1136,  1137,  1138,  1139,  1141,  1142,  1143,  1144,
         1145,  1146,  1147,  1148,  1149,  1150,  1153,  1155,  1158,  1160,
         1161,  1164,  1165,  1166,  1167,  1168,  1169,  1170,  1171,  1172,
         1173,  1177,  1178,  1181,  1182,  1183,  1184,  1186,  1189,  1190,
         1196,  1197,  1198,  1199,  1201,  1202,  1205,  1206,  1207,  1209,
         1210,  1211,  1213,  1216,  1217,  1218,  1223,  1228,  1229,  1231,
         1234,  1236,  1240,  1243,  1245,  1247,  1248,  1249,  1250,  1252,
         1255,  1257,  1258,  1261,  1262,  1263,  1264,  1265,  1266,  1268,
         1273,  1275,  1276,  1277,  1279,  1280,  1281,  1282,  1283,  1285,
         1286,  1287,  1289,  1290,  1291,  1293,  1294,  1297,  1298,  1299,
         1302,  1305,  1306,  1312,  1316,  1318,  1322,  1323,  1325,  1326,
         1330,  1333,  1335,  1336,  1340,  1341,  1342,  1344,  1345,  1347,
         1349,  1353,  1354,  1356,  1358,  1359,  1360,  1361,  1363,  1365,
         1367,  1368,  1369,  1370,  1373,  1374,  1375,  1378,  1382,  1383,
         1386,  1388,  1393,  1395,  1396,  1398,  1401,  1402,  1404,  1405,
         1407,  1410,  1411,  1412,  1413,  1414,  1416,  1418,  1420,  1421,
         1422,  1423,  1425,  1427,  1428,  1430,  1431,  1432,  1434,  1435,
         1436,  1439,  1441,  1442,  1443,  1447,  1449,  1450,  1452,  1453,
         1455,  1456,  1457,  1458,  1459,  1460,  1461,  1463,  1465,  1466,
         1468,  1470,  1471,  1472,  1474,  1476,  1478,  1483,  1484,  1485,
         1486,  1487,  1488,  1489,  1490,  1493,  1494,  1497,  1498,  1499,
         1501,  1502,  1504,  1509,  1513,  1516,  1519,  1520,  1521,  1523,
         1530,  1537,  1540,  1543,  1547,  1550,  1552,  1553,  1554,  1555,
         1557,  1558,  1561,  1562,  1563,  1564,  1565,  1566,  1567,  1569,
         1570,  1573,  1575,  1576,  1577,  1579,  1580,  1588,  1589,  1591,
         1592,  1593,  1594,  1595,  1596,  1597,  1598,  1599,  1600,  1601,
         1602,  1603,  1604,  1606,  1607,  1608,  1609,  1611,  1612,  1613,
         1614,  1617,  1618,  1620,  1623,  1625,  1626,  1627,  1628,  1630,
         1632,  1636,  1637,  1638,  1641,  1642,  1644,  1645,  1649,  1651,
         1653,  1654,  1657,  1658,  1661,  1662,  1664,  1665,  1666,  1667,
         1668,  1669,  1670,  1671,  1672,  1673,  1674,  1675,  1677,  1679,
         1685,  1686,  1688,  1693,  1694,  1695,  1696,  1697,  1701,  1704,
         1706,  1707,  1709,  1714,  1716,  1717,  1719,  1722,  1723,  1724,
         1726,  1729,  1731,  1748,  1749,  1751,  1752,  1753,  1754,  1755,
         1756,  1757,  1758,  1759,  1762,  1764,  1765,  1768,  1771,  1772,
         1773,  1774,  1775,  1776,  1777,  1778,  1779,  1780,  1781,  1784,
         1785,  1786,  1787,  1789,  1790,  1796,  1799,  1800,  1801,  1802,
         1803,  1805,  1806,  1809,  1810,  1811,  1812,  1813,  1814,  1815,
         1817,  1818,  1819,  1820,  1821,  1822,  1823,  1824,  1825,  1827,
         1831,  1832,  1833,  1836,  1837,  1838,  1840,  1843,  1847,  1848,
         1850,  1851,  1852,  1854,  1856,  1858,  1860,  1861,  1862,  1863,
         1865,  1866,  1874,  1875,  1880,  1884,  1885,  1887,  1888,  1890,
         1892,  1894,  1897,  1898,  1899,  1901,  1905,  1906,  1907,  1911,
         1912,  1914,  1916,  1918,  1922,  1923,  1924,  1926,  1927,  1931,
         1932,  1933,  1934,  1936,  1937,  1938,  1939,  1940,  1944,  1949,
         1950,  1951,  1953,  1955,  1956,  1958,  1959,  1960,  1961,  1963,
         1965,  1970,  1973,  1974,  1976,  1977,  1979,  1980,  1981,  1982,
         1984,  1985,  1986,  1988,  1989,  1990,  1992,  1996,  1997,  1999,
         2002,  2004,  2007,  2008,  2009,  2010,  2015,  2019,  2022,  2026,
         2032,  2034,  2036,  2038,  2040,  2044,  2045,  2046,  2047,  2050,
         2051,  2055,  2058,  2061,  2062,  2063,  2064,  2065,  2067,  2069,
         2073,  2074,  2075,  2076,  2077,  2078,  2080,  2081,  2082,  2085,
         2086,  2087,  2088,  2090,  2094,  2097,  2098,  2101,  2104,  2105,
         2109,  2111,  2113,  2114,  2115,  2116,  2117,  2118,  2119,  2120,
         2121,  2122,  2123,  2126,  2135,  2136,  2137,  2138,  2139,  2140,
         2141,  2142,  2143,  2144,  2145,  2146,  2147,  2151,  2154,  2155,
         2157,  2160,  2162,  2164,  2165,  2166,  2171,  2175,  2178,  2179,
         2180,  2186,  2188,  2189,  2190,  2191,  2192,  2195,  2199,  2201,
         2202,  2203,  2204,  2208,  2211,  2213,  2219,  2220,  2221,  2222,
         2223,  2224,  2225,  2226,  2227,  2228,  2230,  2231,  2233,  2234,
         2235,  2237,  2240,  2241,  2242,  2243,  2247,  2248,  2250,  2251,
         2252,  2253,  2255,  2256,  2257,  2258,  2259,  2260,  2262,  2264,
         2265,  2267,  2269,  2270,  2271,  2280,  2282,  2284,  2286,  2288,
         2289,  2290,  2292,  2293,  2296,  2298,  2301,  2302,  2305,  2306,
         2308,  2309,  2310,  2311,  2312,  2320,  2324,  2326,  2328,  2330,
         2331,  2334,  2335,  2337,  2339,  2340,  2342,  2343,  2344,  2346,
         2347,  2349,  2350,  2351,  2352,  2353,  2354,  2355,  2356,  2357,
         2358,  2359,  2360,  2361,  2362,  2363,  2366,  2367,  2368,  2369,
         2370,  2371,  2372,  2373,  2374,  2375,  2376,  2377,  2382,  2383,
         2384,  2385,  2386,  2387,  2388,  2389,  2391,  2394,  2395,  2397,
         2398,  2404,  2405,  2407,  2409,  2410,  2411,  2412,  2415,  2416,
         2417,  2418,  2419,  2421,  2422,  2423,  2424,  2426,  2427,  2429,
         2432,  2436,  2437,  2439,  2444,  2445,  2446,  2447,  2449,  2451,
         2452,  2453,  2454,  2458,  2469,  2470,  2471,  2478,  2480,  2482,
         2483,  2486,  2490,  2492,  2493,  2494,  2495,  2496,  2497,  2500,
         2506,  2508,  2509,  2512,  2516,  2517,  2518,  2519,  2520,  2521,
         2522,  2523,  2526,  2527,  2528,  2529,  2531,  2537,  2538,  2539,
         2540,  2541,  2542,  2543,  2546,  2548,  2549,  2555,  2556,  2557,
         2560,  2564,  2566,  2569,  2570,  2571,  2572,  2574,  2575,  2576,
         2577,  2579,  2580,  2581,  2584,  2585,  2586,  2587,  2593,  2595,
         2597,  2598,  2599,  2603,  2606,  2611,  2615,  2616,  2619,  2620,
         2621,  2623,  2625,  2626,  2627,  2628,  2629,  2630,  2631,  2634,
         2635,  2636,  2637,  2639,  2640,  2641,  2642,  2643,  2644,  2645,
         2646,  2647,  2648,  2649,  2650,  2653,  2654,  2656,  2658,  2659,
         2661,  2662,  2666,  2669,  2670,  2673,  2674,  2675,  2676,  2677,
         2678,  2679,  2680,  2681,  2682,  2683,  2684,  2685,  2686,  2687,
         2688,  2690,  2691,  2692,  2694,  2695,  2696,  2697,  2698,  2699,
         2700,  2704,  2705,  2706,  2707,  2714,  2715,  2716,  2718,  2720,
         2721,  2723,  2724,  2730,  2731,  2732,  2733,  2735,  2736,  2738,
         2740,  2744,  2746,  2747,  2750,  2754,  2757,  2758,  2759,  2761,
         2763,  2764,  2765,  2767,  2768,  2774,  2779,  2780,  2781,  2782,
         2784,  2788,  2789,  2794,  2799,  2800,  2801,  2803,  2807,  2808,
         2812,  2813,  2818,  2823,  2824,  2825,  2827,  2828,  2829,  2831,
         2832,  2833,  2834,  2835,  2836,  2837,  2841,  2842,  2843,  2845,
         2846,  2847,  2849,  2850,  2854,  2855,  2856,  2863,  2865,  2866,
         2870,  2872,  2873,  2875,  2876,  2880,  2881,  2883,  2885,  2887,
         2889,  2890,  2896,  2897,  2898,  2899,  2900,  2901,  2904,  2905,
         2909,  2913,  2914,  2918,  2919,  2920,  2921,  2922,  2923,  2926,
         2927,  2932,  2934,  2936,  2940,  2941,  2942,  2945,  2948,  2951,
         2952,  2954,  2955,  2956,  2957,  2958,  2960,  2962,  2963,  2965,
         2966,  2972,  2974,  2975,  2977,  2978,  2982,  2984,  2985,  2986,
         2988,  2989,  2990,  2992,  2993,  2994,  2995,  2997,  3013,  3017,
         3019,  3020,  3021,  3022,  3023,  3027,  3028,  3030,  3034,  3036,
         3037,  3040,  3046,  3048,  3049,  3050,  3051,  3054,  3055,  3057,
         3058,  3059,  3060,  3063,  3070,  3071,  3073,  3074,  3075,  3076,
         3080,  3081,  3082,  3084,  3086,  3088,  3090,  3091,  3092,  3093,
         3095,  3096,  3098,  3099,  3100,  3101,  3104,  3105,  3107,  3108,
         3112,  3114,  3117,  3118,  3119,  3120,  3122,  3123,  3124,  3125,
         3127,  3131,  3132,  3133,  3135,  3138,  3139,  3146,  3148,  3151,
         3153,  3154,  3155,  3157,  3158,  3159,  3160,  3163,  3164,  3165,
         3166,  3167,  3168,  3169,  3170,  3171,  3175,  3176,  3177,  3178,
         3179,  3181,  3182,  3183,  3184,  3185,  3186,  3188,  3189,  3191,
         3192,  3193,  3194,  3197,  3199,  3200,  3201,  3202,  3203,  3204,
         3206,  3207,  3208,  3209,  3211,  3215,  3217,  3218,  3220,  3221,
         3222,  3224,  3226,  3227,  3228,  3229,  3230,  3232,  3234,  3235,
         3237,  3239,  3240,  3242,  3243,  3244,  3252,  3254,  3255,  3259,
         3261,  3262,  3263,  3265,  3266,  3267,  3268,  3269,  3274,  3277,
         3278,  3279,  3281,  3282,  3283,  3284,  3285,  3286,  3287,  3288,
         3289,  3290,  3293,  3296,  3298,  3299,  3300,  3303,  3304,  3305,
         3306,  3307,  3309,  3311,  3312,  3313,  3316,  3317,  3320,  3321,
         3322,  3324,  3325,  3327,  3328,  3329,  3331,  3332,  3334,  3335,
         3337,  3342,  3349,  3350,  3351,  3354,  3355,  3356,  3357,  3358,
         3359,  3360,  3361,  3362,  3364,  3366,  3368,  3370,  3372,  3374,
         3378,  3379,  3382,  3383,  3386,  3388,  3390,  3393,  3394,  3395,
         3396,  3397,  3398,  3400,  3401,  3403,  3405,  3406,  3407,  3408,
         3409,  3410,  3412,  3414,  3415,  3417,  3418,  3420,  3423,  3424,
         3425,  3427,  3428,  3429,  3430,  3431,  3432,  3434,  3435,  3441,
         3444,  3445,  3446,  3447,  3449,  3450,  3452,  3455,  3456,  3462,
         3463,  3464,  3465,  3466,  3467,  3469,  3470,  3471,  3472,  3474,
         3475,  3476,  3477,  3478,  3479,  3480,  3481,  3482,  3484,  3485,
         3486,  3488,  3489,  3490,  3491,  3492,  3493,  3494,  3496,  3502,
         3503,  3507,  3508,  3512,  3514,  3516,  3517,  3518,  3519,  3520,
         3521,  3522,  3524,  3525,  3526,  3529,  3530,  3531,  3532,  3533,
         3535,  3541,  3548,  3550,  3552,  3553,  3554,  3555,  3556,  3557,
         3559,  3561,  3563,  3566,  3571,  3573,  3576,  3577,  3578,  3580,
         3581,  3582,  3583,  3584,  3585,  3587,  3589,  3590,  3592,  3595,
         3596,  3597,  3598,  3600,  3601,  3602,  3603,  3604,  3605,  3606,
         3607,  3608,  3614,  3615,  3619,  3620,  3621,  3622,  3623,  3627,
         3628,  3630,  3631,  3633,  3636,  3638,  3640,  3642,  3643,  3644,
         3645,  3646,  3649,  3650,  3651,  3652,  3653,  3655,  3657,  3658,
         3660,  3661,  3662,  3666,  3668,  3670,  3671,  3672,  3675,  3679,
         3680,  3685,  3686,  3688,  3690,  3691,  3693,  3695,  3700,  3701,
         3703,  3704,  3705,  3706,  3708,  3710,  3717,  3718,  3721,  3723,
         3724,  3727,  3728,  3732,  3735,  3737,  3739,  3740,  3741,  3743,
         3744,  3745,  3747,  3749,  3750,  3753,  3754,  3755,  3756,  3757,
         3758,  3761,  3763,  3768,  3770,  3771,  3775,  3776,  3777,  3778,
         3779,  3781,  3782,  3785,  3787,  3788,  3792,  3793,  3794,  3795,
         3796,  3797,  3798,  3800,  3801,  3802,  3809,  3810,  3816,  3817,
         3818,  3819,  3820,  3822,  3823,  3824,  3825,  3826,  3827,  3831,
         3835,  3837,  3839,  3840,  3841,  3842,  3843,  3846,  3847,  3848,
         3850,  3853,  3854,  3856,  3858,  3860,  3863,  3864,  3866,  3868,
         3872,  3874,  3875,  3876,  3877,  3878,  3879,  3880,  3881,  3882,
         3883,  3884,  3885,  3886,  3887,  3888,  3889,  3891,  3896,  3897,
         3901,  3902,  3903,  3905,  3906,  3907,  3909,  3910,  3911,  3916,
         3919,  3920,  3921,  3923,  3924,  3934,  3935,  3936,  3937,  3938,
         3939,  3940,  3941,  3942,  3944,  3945,  3947,  3949,  3950,  3954,
         3955,  3956,  3959,  3961,  3962,  3963,  3964,  3967,  3968,  3969,
         3970,  3975,  3976,  3981,  3982,  3983,  3986,  3987,  3988,  3994,
         3995,  3997,  3998,  3999,  4000,  4001,  4002,  4005,  4006,  4007,
         4008,  4010,  4011,  4014,  4015,  4016,  4021,  4024,  4027,  4034,
         4038,  4041,  4042,  4043,  4045,  4046,  4047,  4050,  4051,  4052,
         4053,  4054,  4055,  4056,  4057,  4058,  4061,  4062,  4063,  4064,
         4065,  4066,  4067,  4068,  4069,  4070,  4071,  4073,  4074,  4075,
         4076,  4077,  4079,  4080,  4081,  4082,  4083,  4084,  4085,  4086,
         4087,  4088,  4090,  4091,  4092,  4094,  4099,  4104,  4105,  4106,
         4107,  4110,  4121,  4132,  4133,  4135,  4136,  4139,  4140,  4144,
         4145,  4146,  4147,  4148,  4149,  4150,  4152,  4153,  4154,  4159,
         4160,  4161,  4162,  4163,  4165,  4166,  4167,  4170,  4173,  4174,
         4175,  4182,  4183,  4184,  4186,  4187,  4188,  4189,  4190,  4191,
         4192,  4193,  4194,  4197,  4198,  4199,  4202,  4203,  4208,  4210,
         4216,  4218,  4219,  4220,  4221,  4222,  4223,  4224,  4226,  4230,
         4232,  4233,  4234,  4235,  4238,  4239,  4240,  4241,  4243,  4244,
         4245,  4247,  4248,  4250,  4251,  4253,  4254,  4255,  4256,  4257,
         4260,  4262,  4265,  4269,  4270,  4271,  4272,  4273,  4275,  4278,
         4279,  4280,  4284,  4287,  4288,  4291,  4293,  4297,  4298,  4299,
         4302,  4310,  4311,  4312,  4313,  4314,  4315,  4316,  4317,  4318,
         4319,  4321,  4322,  4323,  4325,  4326,  4327,  4328,  4331,  4332,
         4334,  4335,  4337,  4339,  4340,  4341,  4343,  4344,  4345,  4350,
         4351,  4353,  4358,  4359,  4360,  4361,  4363,  4366,  4367,  4369,
         4370,  4373,  4376,  4377,  4378,  4379,  4380,  4381,  4382,  4386,
         4387,  4388,  4390,  4393,  4395,  4397,  4401,  4402,  4404,  4405,
         4406,  4407,  4409,  4410,  4411,  4412,  4414,  4415,  4416,  4417,
         4418,  4422,  4424,  4425,  4426,  4430,  4432,  4433,  4434,  4435,
         4439,  4440,  4441,  4442,  4443,  4444,  4448,  4449,  4452,  4456,
         4457,  4459,  4462,  4465,  4467,  4470,  4471,  4473,  4475,  4479,
         4482,  4488,  4492,  4495,  4498,  4499,  4501,  4502,  4507,  4508,
         4511,  4512,  4516,  4517,  4519,  4523,  4527,  4529,  4530,  4531,
         4537,  4540,  4541,  4542,  4543,  4544,  4545,  4549,  4552,  4554,
         4556,  4558,  4560,  4561,  4563,  4571,  4572,  4574,  4575,  4576,
         4577,  4578,  4584,  4586,  4587,  4588,  4589,  4591,  4592,  4594,
         4597,  4598,  4599,  4600,  4602,  4603,  4604,  4608,  4609,  4610,
         4612,  4617,  4618,  4619,  4621,  4623,  4624,  4633,  4636,  4649,
         4650,  4651,  4652,  4654,  4655,  4656,  4657,  4658,  4659,  4660,
         4662,  4663,  4664,  4665,  4666,  4667,  4668,  4669,  4672,  4673,
         4674,  4675,  4676,  4677,  4679,  4680,  4681,  4682,  4685,  4686,
         4687,  4688,  4689,  4690,  4692,  4693,  4694,  4695,  4697,  4698,
         4700,  4701,  4702,  4704,  4705,  4707,  4708,  4709,  4712,  4718,
         4720,  4721,  4722,  4728,  4729,  4730,  4731,  4732,  4734,  4735,
         4737,  4739,  4741,  4744,  4746,  4748,  4751,  4752,  4753,  4754,
         4755,  4757,  4758,  4764,  4765,  4766,  4767,  4768,  4769,  4771,
         4775,  4776,  4777,  4778,  4780,  4781,  4784,  4786,  4787,  4792,
         4793,  4794,  4795,  4796,  4797,  4798,  4799,  4800,  4801,  4802,
         4803,  4805,  4806,  4808,  4812,  4814,  4815,  4816,  4817,  4818,
         4820,  4825,  4826,  4827,  4828,  4829,  4830,  4832,  4833,  4846,
         4847,  4849,  4850,  4851,  4852,  4853,  4854,  4855,  4856,  4857,
         4858,  4859,  4860,  4861,  4863,  4864,  4865,  4867,  4868,  4869,
         4870,  4871,  4873,  4874,  4876,  4877,  4878,  4879,  4880,  4881,
         4885,  4888,  4892,  4900,  4901,  4902,  4903,  4905,  4908,  4909,
         4910,  4911,  4912,  4915,  4920,  4922,  4924,  4926,  4929,  4931,
         4932,  4933,  4934,  4935,  4936,  4941,  4945,  4947,  4949,  4951,
         4952,  4954,  4957,  4958,  4959,  4960,  4961,  4964,  4965,  4966,
         4967,  4968,  4969,  4970,  4971,  4975,  4978,  4979,  4980,  4984,
         4986,  4988,  4995,  4997,  4999,  5001,  5002,  5003,  5004,  5005,
         5007,  5008,  5009,  5010,  5011,  5012,  5013,  5014,  5016,  5017,
         5018,  5019,  5022,  5024,  5025,  5026,  5028,  5029,  5031,  5032,
         5033,  5034,  5037,  5040,  5043,  5044,  5046,  5047,  5052,  5053,
         5054,  5055,  5056,  5057,  5058,  5059,  5060,  5061,  5062,  5063,
         5064,  5065,  5068,  5072,  5073,  5076,  5077,  5078,  5079,  5081,
         5082,  5085,  5090,  5092,  5096,  5098,  5101,  5104,  5106,  5109,
         5110,  5111,  5112,  5113,  5114,  5115,  5116,  5117,  5120,  5123,
         5124,  5126,  5131,  5133,  5134,  5135,  5137,  5138,  5141,  5142,
         5143,  5144,  5147,  5148,  5149,  5150,  5157,  5160,  5161,  5163,
         5164,  5166,  5167,  5168,  5170,  5172,  5173,  5174,  5176,  5177,
         5178,  5182,  5184,  5185,  5188,  5197,  5198,  5200,  5203,  5204,
         5205,  5208,  5209,  5211,  5215,  5216,  5217,  5218,  5220,  5224,
         5225,  5227,  5230,  5232,  5236,  5238,  5241,  5242,  5248,  5249,
         5251,  5255,  5256,  5257,  5258,  5260,  5261,  5262,  5264,  5265,
         5268,  5269,  5270,  5273,  5276,  5277,  5279,  5281,  5282,  5284,
         5285,  5286,  5287,  5288,  5294,  5295,  5296,  5297,  5298,  5299,
         5300,  5301,  5302,  5303,  5305,  5307,  5309,  5310,  5311,  5312,
         5313,  5317,  5318,  5319,  5320,  5321,  5322,  5324,  5325,  5327,
         5329,  5331,  5332,  5335,  5339,  5340,  5341,  5345,  5350,  5352,
         5353,  5354,  5355,  5356,  5357,  5358,  5359,  5360,  5361,  5362,
         5363,  5364,  5366,  5367,  5369,  5370,  5373,  5375,  5376,  5377,
         5381,  5385,  5386,  5387,  5392,  5393,  5395,  5396,  5397,  5398,
         5399,  5400,  5401,  5402,  5403,  5404,  5405,  5407,  5408,  5410,
         5412,  5413,  5414,  5415,  5417,  5418,  5420,  5421,  5424,  5426
Total non-polymorphic = 3008


Population     5 [CY_01]  (Number of Individuals = 10)
****************
--------------------------------------------------------------------------
Lowest Allele Frequency Used     0.050       0.020       0.010         0+
--------------------------------------------------------------------------

LINKAGE DISEQUILIBRIUM METHOD

Harmonic Mean Sample Size =       10.0        10.0        10.0        10.0
Independent Comparisons =    2922153     2922153     2922153     2922153
OverAll r^2 =                 0.135286    0.135286    0.135286    0.135286
Expected r^2 Sample =         0.136900    0.136900    0.136900    0.136900
Estimated Ne^ =               Infinite    Infinite    Infinite    Infinite

95% CIs for Ne^
* Parametric                  Infinite    Infinite    Infinite    Infinite
                              Infinite    Infinite    Infinite    Infinite

* JackKnife on Samples          2144.9      2144.9      2144.9      2144.9
                              Infinite    Infinite    Infinite    Infinite


HETEROZYGOTE EXCESS METHOD

Harmonic Mean Sample Size =       10.0        10.0        10.0        10.0 
Independent Alleles =           2418        2418        2418        2418  
Weighted Mean D =             -0.02255    -0.02255    -0.02255    -0.02255
Estimated Neb^  =             Infinite    Infinite    Infinite    Infinite

95% CIs for Nb:
* Parametric                  Infinite    Infinite    Infinite    Infinite
                              Infinite    Infinite    Infinite    Infinite

MOLECULAR COANCESTRY METHOD

Harmonic Mean Sample Size =                                           10.0
OverAll f1^    =                                                   0.14869
Estimated Neb^ =                                                       3.4

95% CIs for Ne^
* Jackknife on Loci                                                    3.0
                                                                       3.8
**************************************************************************

Time: Fri May  9 01:58:41 2025

Non-polymorphic loci:     2,     5,     7,     8,     9,    10,    14,    15,
           16,    17,    18,    19,    20,    21,    22,    24,    25,    26,
           27,    29,    30,    31,    32,    33,    34,    38,    39,    40,
           42,    44,    45,    46,    47,    48,    49,    50,    51,    52,
           53,    55,    56,    57,    58,    60,    63,    64,    66,    67,
           68,    70,    71,    72,    74,    75,    76,    77,    78,    79,
           80,    81,    83,    84,    88,    89,    90,    91,    92,    94,
           96,    97,    98,   103,   105,   106,   107,   108,   109,   110,
          111,   112,   114,   116,   117,   119,   120,   121,   126,   128,
          129,   133,   137,   138,   141,   144,   146,   147,   148,   149,
          151,   153,   154,   155,   156,   158,   159,   161,   162,   163,
          164,   165,   166,   167,   169,   171,   173,   174,   175,   176,
          177,   178,   179,   180,   181,   182,   183,   184,   186,   187,
          188,   189,   190,   191,   192,   193,   195,   196,   197,   198,
          199,   200,   201,   203,   206,   207,   209,   210,   211,   212,
          213,   214,   215,   222,   223,   224,   225,   226,   227,   228,
          229,   232,   233,   234,   236,   240,   241,   242,   243,   246,
          247,   249,   250,   255,   256,   262,   263,   265,   266,   268,
          269,   270,   271,   272,   273,   274,   275,   276,   277,   278,
          279,   280,   282,   283,   285,   286,   288,   290,   292,   294,
          295,   296,   297,   299,   300,   301,   303,   304,   307,   308,
          309,   310,   312,   313,   314,   317,   318,   321,   322,   324,
          325,   327,   329,   330,   331,   332,   333,   334,   336,   337,
          338,   339,   340,   342,   344,   345,   346,   348,   353,   355,
          356,   357,   358,   360,   361,   362,   368,   369,   371,   373,
          374,   375,   377,   378,   379,   380,   382,   383,   384,   385,
          386,   387,   388,   389,   390,   392,   393,   394,   395,   397,
          403,   405,   406,   407,   408,   409,   410,   411,   412,   413,
          414,   415,   416,   417,   418,   419,   420,   421,   422,   423,
          424,   425,   426,   427,   428,   429,   431,   433,   435,   436,
          441,   442,   446,   448,   449,   453,   454,   455,   456,   457,
          458,   459,   460,   461,   462,   463,   464,   465,   466,   467,
          468,   469,   472,   474,   475,   477,   478,   479,   480,   483,
          484,   485,   489,   490,   491,   492,   494,   495,   496,   497,
          498,   502,   503,   504,   505,   506,   507,   508,   509,   510,
          513,   514,   515,   516,   517,   519,   523,   524,   525,   526,
          527,   528,   529,   530,   531,   532,   535,   536,   537,   538,
          541,   542,   543,   544,   546,   548,   549,   550,   553,   556,
          557,   559,   560,   561,   562,   563,   564,   565,   566,   567,
          568,   569,   571,   572,   573,   574,   576,   579,   580,   581,
          582,   583,   586,   588,   592,   593,   594,   596,   597,   598,
          599,   600,   601,   606,   609,   610,   612,   615,   616,   618,
          619,   621,   622,   625,   626,   627,   629,   630,   631,   633,
          634,   637,   640,   641,   642,   643,   644,   645,   647,   648,
          649,   652,   653,   654,   655,   657,   658,   659,   661,   662,
          665,   666,   667,   669,   670,   671,   672,   673,   674,   675,
          676,   677,   678,   679,   680,   681,   682,   683,   684,   686,
          687,   689,   692,   693,   695,   696,   697,   698,   699,   700,
          702,   703,   705,   706,   708,   709,   710,   711,   713,   714,
          715,   717,   723,   726,   727,   728,   729,   730,   733,   735,
          737,   738,   739,   740,   741,   743,   745,   746,   747,   748,
          750,   751,   753,   754,   755,   756,   758,   759,   760,   761,
          762,   764,   766,   768,   775,   776,   777,   779,   780,   781,
          782,   783,   784,   785,   786,   787,   788,   789,   790,   791,
          792,   793,   794,   795,   796,   797,   799,   800,   801,   802,
          803,   804,   805,   807,   808,   812,   813,   814,   815,   816,
          817,   818,   819,   820,   821,   822,   823,   824,   826,   827,
          828,   829,   831,   832,   833,   834,   835,   836,   837,   838,
          840,   841,   842,   843,   844,   845,   846,   847,   849,   851,
          852,   854,   855,   856,   857,   858,   859,   860,   861,   863,
          864,   865,   866,   868,   869,   870,   871,   872,   873,   874,
          875,   876,   879,   880,   881,   882,   883,   884,   885,   886,
          887,   888,   889,   891,   892,   893,   895,   896,   897,   898,
          901,   902,   908,   909,   911,   912,   913,   915,   918,   919,
          920,   921,   923,   924,   926,   927,   929,   930,   931,   932,
          933,   934,   935,   936,   937,   938,   940,   942,   943,   944,
          945,   946,   948,   949,   950,   951,   953,   955,   958,   961,
          962,   963,   964,   966,   969,   970,   971,   972,   973,   974,
          976,   978,   980,   981,   982,   983,   984,   985,   986,   988,
          989,   993,   996,   997,   998,   999,  1000,  1002,  1003,  1004,
         1005,  1006,  1007,  1009,  1010,  1011,  1012,  1013,  1015,  1017,
         1021,  1022,  1025,  1026,  1028,  1029,  1034,  1035,  1036,  1037,
         1039,  1042,  1045,  1047,  1050,  1051,  1053,  1054,  1055,  1056,
         1057,  1058,  1059,  1060,  1061,  1062,  1064,  1066,  1067,  1068,
         1069,  1070,  1071,  1072,  1073,  1074,  1075,  1076,  1077,  1078,
         1079,  1080,  1081,  1084,  1086,  1087,  1088,  1089,  1090,  1091,
         1092,  1094,  1095,  1096,  1097,  1098,  1099,  1100,  1101,  1102,
         1103,  1104,  1105,  1106,  1109,  1110,  1111,  1114,  1117,  1118,
         1120,  1121,  1122,  1123,  1125,  1126,  1129,  1131,  1132,  1133,
         1135,  1136,  1137,  1138,  1145,  1147,  1148,  1149,  1151,  1152,
         1153,  1155,  1160,  1161,  1162,  1163,  1164,  1165,  1166,  1167,
         1169,  1170,  1171,  1172,  1174,  1176,  1177,  1178,  1179,  1180,
         1181,  1182,  1184,  1185,  1186,  1187,  1189,  1190,  1191,  1192,
         1193,  1194,  1195,  1196,  1197,  1198,  1200,  1201,  1205,  1206,
         1207,  1209,  1210,  1211,  1212,  1213,  1214,  1215,  1216,  1217,
         1218,  1220,  1222,  1223,  1224,  1225,  1226,  1227,  1228,  1229,
         1231,  1232,  1233,  1235,  1236,  1237,  1240,  1241,  1242,  1243,
         1245,  1247,  1248,  1250,  1251,  1252,  1253,  1254,  1255,  1256,
         1257,  1258,  1260,  1261,  1262,  1263,  1264,  1265,  1266,  1267,
         1268,  1273,  1275,  1276,  1278,  1279,  1280,  1281,  1283,  1284,
         1285,  1286,  1287,  1288,  1289,  1290,  1291,  1293,  1294,  1296,
         1297,  1298,  1299,  1301,  1302,  1303,  1304,  1305,  1309,  1310,
         1311,  1312,  1313,  1316,  1318,  1322,  1323,  1324,  1325,  1326,
         1330,  1333,  1334,  1335,  1338,  1339,  1340,  1341,  1342,  1344,
         1345,  1347,  1348,  1349,  1353,  1355,  1356,  1359,  1360,  1361,
         1362,  1363,  1364,  1365,  1368,  1369,  1370,  1373,  1375,  1376,
         1377,  1378,  1380,  1381,  1382,  1383,  1384,  1385,  1386,  1387,
         1388,  1389,  1390,  1393,  1395,  1396,  1398,  1399,  1401,  1404,
         1405,  1407,  1408,  1409,  1410,  1411,  1412,  1413,  1414,  1415,
         1416,  1418,  1419,  1420,  1421,  1422,  1423,  1424,  1425,  1427,
         1428,  1431,  1432,  1433,  1434,  1435,  1436,  1437,  1439,  1440,
         1441,  1442,  1443,  1449,  1450,  1452,  1453,  1454,  1455,  1456,
         1457,  1458,  1459,  1460,  1461,  1463,  1465,  1468,  1469,  1470,
         1471,  1473,  1474,  1476,  1477,  1478,  1479,  1480,  1481,  1482,
         1483,  1484,  1485,  1486,  1488,  1489,  1490,  1491,  1492,  1493,
         1494,  1495,  1497,  1498,  1499,  1501,  1503,  1504,  1506,  1507,
         1508,  1509,  1513,  1516,  1519,  1520,  1521,  1522,  1523,  1524,
         1525,  1526,  1527,  1528,  1529,  1530,  1532,  1536,  1538,  1539,
         1540,  1541,  1542,  1543,  1544,  1545,  1546,  1547,  1548,  1549,
         1550,  1551,  1552,  1555,  1556,  1557,  1561,  1562,  1563,  1564,
         1565,  1566,  1567,  1568,  1569,  1570,  1572,  1574,  1575,  1576,
         1577,  1578,  1579,  1580,  1581,  1582,  1583,  1584,  1585,  1586,
         1587,  1588,  1589,  1591,  1592,  1593,  1594,  1595,  1596,  1597,
         1598,  1599,  1600,  1602,  1604,  1605,  1606,  1607,  1608,  1609,
         1610,  1611,  1613,  1614,  1615,  1617,  1618,  1620,  1628,  1631,
         1632,  1636,  1637,  1638,  1639,  1641,  1643,  1644,  1647,  1649,
         1651,  1652,  1654,  1656,  1657,  1658,  1660,  1661,  1662,  1664,
         1665,  1666,  1667,  1668,  1669,  1670,  1671,  1672,  1673,  1674,
         1675,  1676,  1677,  1679,  1682,  1684,  1686,  1688,  1689,  1693,
         1694,  1695,  1696,  1697,  1701,  1703,  1704,  1705,  1706,  1707,
         1708,  1709,  1711,  1714,  1715,  1716,  1717,  1718,  1719,  1720,
         1721,  1723,  1724,  1726,  1727,  1729,  1731,  1735,  1738,  1744,
         1747,  1748,  1749,  1750,  1751,  1753,  1755,  1756,  1758,  1759,
         1760,  1762,  1764,  1765,  1766,  1767,  1768,  1771,  1772,  1774,
         1775,  1776,  1777,  1779,  1781,  1783,  1785,  1786,  1787,  1788,
         1789,  1790,  1792,  1799,  1800,  1801,  1802,  1803,  1804,  1805,
         1806,  1808,  1810,  1814,  1815,  1817,  1818,  1819,  1820,  1821,
         1822,  1823,  1824,  1825,  1826,  1827,  1829,  1831,  1832,  1836,
         1837,  1838,  1840,  1841,  1842,  1843,  1847,  1848,  1849,  1850,
         1851,  1852,  1853,  1854,  1856,  1858,  1859,  1860,  1861,  1862,
         1863,  1867,  1868,  1870,  1874,  1878,  1880,  1881,  1883,  1884,
         1885,  1886,  1888,  1890,  1891,  1892,  1894,  1896,  1897,  1898,
         1899,  1900,  1901,  1904,  1905,  1906,  1907,  1909,  1911,  1912,
         1914,  1915,  1916,  1917,  1918,  1922,  1923,  1924,  1926,  1927,
         1931,  1932,  1934,  1935,  1936,  1937,  1939,  1940,  1944,  1947,
         1949,  1951,  1952,  1953,  1954,  1956,  1957,  1958,  1959,  1960,
         1961,  1962,  1963,  1964,  1965,  1970,  1971,  1973,  1974,  1975,
         1976,  1977,  1979,  1980,  1981,  1982,  1983,  1984,  1985,  1987,
         1988,  1989,  1990,  1991,  1992,  1996,  1997,  1999,  2000,  2001,
         2002,  2005,  2007,  2008,  2009,  2010,  2015,  2018,  2019,  2020,
         2021,  2022,  2024,  2026,  2032,  2033,  2034,  2035,  2036,  2038,
         2039,  2040,  2041,  2043,  2044,  2045,  2046,  2049,  2050,  2051,
         2053,  2054,  2055,  2056,  2057,  2059,  2061,  2067,  2068,  2069,
         2070,  2071,  2073,  2074,  2075,  2076,  2077,  2078,  2080,  2081,
         2082,  2083,  2084,  2085,  2086,  2087,  2088,  2089,  2090,  2091,
         2092,  2094,  2095,  2097,  2098,  2101,  2102,  2104,  2105,  2107,
         2111,  2112,  2113,  2114,  2115,  2116,  2117,  2118,  2119,  2120,
         2122,  2123,  2126,  2128,  2134,  2135,  2136,  2137,  2138,  2139,
         2140,  2141,  2142,  2143,  2144,  2145,  2146,  2147,  2148,  2150,
         2151,  2156,  2158,  2160,  2164,  2165,  2166,  2167,  2171,  2174,
         2175,  2178,  2179,  2180,  2181,  2182,  2183,  2186,  2188,  2190,
         2191,  2192,  2193,  2194,  2195,  2196,  2198,  2199,  2200,  2201,
         2202,  2203,  2204,  2205,  2206,  2208,  2211,  2212,  2213,  2215,
         2219,  2220,  2221,  2222,  2223,  2224,  2225,  2226,  2227,  2228,
         2229,  2230,  2231,  2232,  2233,  2234,  2235,  2237,  2238,  2239,
         2240,  2241,  2242,  2243,  2244,  2246,  2247,  2248,  2250,  2251,
         2252,  2253,  2256,  2257,  2259,  2260,  2261,  2262,  2264,  2265,
         2266,  2267,  2268,  2269,  2270,  2271,  2272,  2276,  2279,  2280,
         2282,  2283,  2284,  2286,  2287,  2290,  2291,  2296,  2298,  2300,
         2301,  2302,  2304,  2305,  2306,  2308,  2309,  2310,  2311,  2312,
         2313,  2315,  2316,  2317,  2318,  2319,  2320,  2321,  2323,  2328,
         2329,  2334,  2336,  2337,  2338,  2339,  2340,  2341,  2342,  2343,
         2344,  2346,  2351,  2352,  2353,  2354,  2356,  2358,  2362,  2363,
         2366,  2367,  2370,  2371,  2372,  2373,  2374,  2375,  2376,  2377,
         2378,  2379,  2380,  2381,  2382,  2383,  2384,  2385,  2387,  2389,
         2391,  2394,  2395,  2397,  2398,  2402,  2404,  2405,  2406,  2407,
         2409,  2410,  2411,  2412,  2415,  2416,  2417,  2418,  2419,  2420,
         2421,  2422,  2423,  2424,  2425,  2426,  2427,  2428,  2429,  2430,
         2432,  2435,  2436,  2437,  2439,  2442,  2443,  2444,  2445,  2446,
         2447,  2448,  2449,  2451,  2452,  2453,  2454,  2455,  2456,  2457,
         2458,  2467,  2468,  2469,  2470,  2471,  2473,  2474,  2476,  2477,
         2478,  2479,  2481,  2482,  2483,  2486,  2487,  2488,  2489,  2490,
         2491,  2492,  2493,  2494,  2495,  2496,  2497,  2498,  2505,  2506,
         2507,  2508,  2509,  2512,  2514,  2515,  2516,  2517,  2518,  2519,
         2520,  2521,  2522,  2523,  2524,  2525,  2526,  2527,  2529,  2530,
         2531,  2536,  2537,  2538,  2539,  2540,  2541,  2542,  2543,  2544,
         2545,  2546,  2547,  2548,  2549,  2550,  2552,  2553,  2554,  2555,
         2557,  2558,  2559,  2560,  2563,  2564,  2565,  2566,  2568,  2569,
         2570,  2571,  2572,  2574,  2575,  2576,  2577,  2578,  2579,  2580,
         2581,  2582,  2583,  2584,  2585,  2586,  2587,  2590,  2593,  2594,
         2595,  2597,  2603,  2606,  2607,  2608,  2609,  2610,  2611,  2612,
         2613,  2614,  2615,  2616,  2619,  2620,  2621,  2622,  2623,  2624,
         2626,  2627,  2628,  2629,  2630,  2631,  2634,  2635,  2636,  2637,
         2638,  2641,  2643,  2644,  2645,  2647,  2648,  2649,  2650,  2651,
         2652,  2653,  2654,  2655,  2656,  2657,  2659,  2660,  2661,  2662,
         2666,  2670,  2671,  2672,  2673,  2674,  2675,  2676,  2677,  2678,
         2679,  2680,  2681,  2682,  2683,  2684,  2685,  2686,  2687,  2689,
         2690,  2691,  2692,  2693,  2694,  2695,  2696,  2697,  2698,  2700,
         2701,  2702,  2703,  2704,  2705,  2708,  2709,  2710,  2714,  2715,
         2716,  2718,  2719,  2720,  2721,  2722,  2723,  2724,  2725,  2727,
         2730,  2731,  2732,  2733,  2735,  2736,  2738,  2739,  2740,  2744,
         2745,  2746,  2747,  2749,  2750,  2751,  2752,  2753,  2754,  2756,
         2757,  2758,  2759,  2761,  2764,  2765,  2766,  2767,  2768,  2770,
         2774,  2782,  2784,  2785,  2788,  2789,  2790,  2791,  2792,  2794,
         2797,  2799,  2800,  2801,  2803,  2804,  2805,  2806,  2807,  2808,
         2809,  2810,  2811,  2812,  2813,  2814,  2815,  2816,  2817,  2818,
         2819,  2820,  2822,  2823,  2825,  2826,  2827,  2828,  2829,  2831,
         2832,  2833,  2834,  2835,  2836,  2837,  2839,  2840,  2842,  2843,
         2845,  2846,  2847,  2849,  2850,  2851,  2852,  2854,  2855,  2856,
         2859,  2860,  2861,  2862,  2863,  2864,  2865,  2866,  2867,  2868,
         2869,  2870,  2872,  2873,  2875,  2876,  2877,  2878,  2879,  2881,
         2882,  2883,  2884,  2885,  2887,  2888,  2889,  2890,  2892,  2894,
         2895,  2896,  2897,  2899,  2901,  2902,  2904,  2905,  2906,  2909,
         2910,  2911,  2912,  2913,  2914,  2916,  2917,  2918,  2919,  2920,
         2921,  2922,  2923,  2924,  2925,  2926,  2927,  2931,  2933,  2934,
         2935,  2937,  2938,  2940,  2941,  2942,  2943,  2944,  2945,  2948,
         2950,  2952,  2954,  2956,  2958,  2960,  2963,  2965,  2966,  2968,
         2969,  2970,  2972,  2973,  2974,  2975,  2977,  2978,  2982,  2983,
         2984,  2985,  2986,  2987,  2988,  2989,  2990,  2991,  2993,  2994,
         2995,  2998,  2999,  3003,  3009,  3013,  3017,  3019,  3020,  3021,
         3022,  3023,  3027,  3028,  3030,  3031,  3032,  3033,  3034,  3035,
         3038,  3039,  3040,  3041,  3042,  3043,  3044,  3045,  3046,  3047,
         3049,  3050,  3051,  3053,  3054,  3055,  3056,  3058,  3059,  3063,
         3064,  3065,  3066,  3067,  3068,  3070,  3074,  3075,  3076,  3077,
         3080,  3081,  3082,  3083,  3084,  3085,  3087,  3088,  3089,  3090,
         3091,  3093,  3094,  3095,  3096,  3097,  3098,  3099,  3100,  3101,
         3102,  3104,  3105,  3107,  3108,  3111,  3112,  3113,  3114,  3115,
         3116,  3117,  3118,  3120,  3121,  3122,  3123,  3124,  3125,  3126,
         3127,  3131,  3132,  3133,  3135,  3137,  3143,  3145,  3146,  3147,
         3148,  3150,  3151,  3153,  3154,  3155,  3157,  3158,  3159,  3160,
         3162,  3163,  3164,  3165,  3166,  3167,  3168,  3169,  3170,  3171,
         3172,  3173,  3174,  3175,  3177,  3178,  3179,  3180,  3182,  3183,
         3184,  3185,  3188,  3189,  3191,  3192,  3194,  3195,  3196,  3200,
         3201,  3203,  3204,  3205,  3206,  3207,  3208,  3209,  3211,  3212,
         3214,  3215,  3216,  3217,  3218,  3219,  3220,  3221,  3223,  3224,
         3225,  3226,  3227,  3229,  3231,  3232,  3233,  3234,  3235,  3237,
         3239,  3240,  3242,  3243,  3244,  3247,  3249,  3252,  3254,  3255,
         3256,  3257,  3258,  3259,  3260,  3261,  3265,  3266,  3267,  3268,
         3269,  3274,  3275,  3277,  3278,  3279,  3281,  3282,  3283,  3284,
         3285,  3286,  3287,  3288,  3289,  3290,  3291,  3292,  3293,  3294,
         3295,  3296,  3297,  3298,  3299,  3300,  3301,  3302,  3307,  3308,
         3309,  3311,  3312,  3313,  3314,  3316,  3317,  3322,  3323,  3324,
         3327,  3328,  3329,  3330,  3331,  3332,  3334,  3337,  3340,  3342,
         3347,  3348,  3349,  3350,  3351,  3353,  3354,  3355,  3356,  3357,
         3358,  3359,  3360,  3361,  3362,  3364,  3366,  3368,  3369,  3370,
         3371,  3372,  3373,  3374,  3376,  3378,  3379,  3380,  3382,  3383,
         3384,  3385,  3386,  3388,  3390,  3392,  3394,  3395,  3396,  3397,
         3398,  3399,  3400,  3402,  3403,  3405,  3406,  3407,  3409,  3410,
         3411,  3413,  3414,  3415,  3417,  3418,  3420,  3422,  3423,  3424,
         3425,  3427,  3428,  3429,  3430,  3431,  3432,  3434,  3435,  3436,
         3437,  3438,  3440,  3441,  3443,  3444,  3445,  3447,  3449,  3450,
         3452,  3455,  3456,  3457,  3460,  3462,  3463,  3464,  3465,  3467,
         3468,  3469,  3470,  3471,  3472,  3473,  3474,  3475,  3476,  3477,
         3478,  3479,  3480,  3481,  3482,  3483,  3484,  3485,  3486,  3487,
         3488,  3489,  3490,  3491,  3492,  3493,  3494,  3496,  3497,  3500,
         3504,  3507,  3514,  3515,  3517,  3518,  3519,  3520,  3521,  3522,
         3524,  3526,  3529,  3530,  3531,  3532,  3533,  3534,  3535,  3539,
         3542,  3548,  3550,  3551,  3552,  3553,  3554,  3555,  3556,  3557,
         3558,  3559,  3561,  3562,  3563,  3564,  3569,  3570,  3571,  3577,
         3579,  3580,  3582,  3583,  3584,  3586,  3587,  3588,  3589,  3590,
         3591,  3592,  3593,  3594,  3595,  3596,  3597,  3598,  3599,  3600,
         3601,  3602,  3603,  3604,  3605,  3606,  3607,  3609,  3611,  3615,
         3616,  3617,  3619,  3620,  3622,  3623,  3626,  3627,  3628,  3629,
         3630,  3631,  3632,  3636,  3638,  3640,  3642,  3643,  3644,  3645,
         3646,  3647,  3650,  3651,  3652,  3653,  3655,  3657,  3658,  3659,
         3660,  3661,  3663,  3665,  3666,  3667,  3668,  3670,  3671,  3672,
         3675,  3679,  3680,  3681,  3682,  3683,  3684,  3685,  3686,  3687,
         3688,  3690,  3691,  3693,  3694,  3695,  3696,  3697,  3700,  3701,
         3703,  3704,  3705,  3706,  3707,  3708,  3710,  3711,  3712,  3713,
         3714,  3715,  3716,  3717,  3718,  3721,  3723,  3725,  3726,  3727,
         3728,  3729,  3730,  3731,  3732,  3735,  3737,  3738,  3739,  3740,
         3741,  3743,  3744,  3745,  3746,  3747,  3748,  3749,  3750,  3752,
         3753,  3754,  3755,  3756,  3757,  3758,  3761,  3763,  3765,  3766,
         3769,  3770,  3772,  3773,  3775,  3776,  3779,  3780,  3781,  3783,
         3784,  3785,  3787,  3788,  3791,  3793,  3794,  3795,  3796,  3797,
         3798,  3800,  3802,  3803,  3804,  3805,  3806,  3807,  3808,  3809,
         3810,  3815,  3816,  3817,  3818,  3819,  3820,  3822,  3823,  3824,
         3825,  3826,  3827,  3828,  3829,  3830,  3833,  3838,  3839,  3840,
         3841,  3843,  3844,  3847,  3848,  3849,  3850,  3851,  3852,  3854,
         3858,  3860,  3862,  3863,  3864,  3865,  3866,  3867,  3868,  3869,
         3870,  3871,  3872,  3874,  3875,  3876,  3880,  3881,  3885,  3886,
         3887,  3889,  3890,  3891,  3894,  3895,  3896,  3897,  3899,  3900,
         3901,  3902,  3903,  3904,  3905,  3906,  3907,  3908,  3909,  3910,
         3911,  3916,  3918,  3919,  3920,  3921,  3924,  3926,  3927,  3928,
         3929,  3930,  3934,  3935,  3936,  3937,  3938,  3941,  3942,  3944,
         3945,  3947,  3949,  3950,  3951,  3954,  3955,  3956,  3959,  3960,
         3961,  3964,  3966,  3967,  3968,  3969,  3970,  3973,  3974,  3975,
         3977,  3980,  3981,  3982,  3983,  3984,  3985,  3986,  3987,  3988,
         3990,  3995,  3996,  3997,  3998,  3999,  4000,  4001,  4002,  4004,
         4005,  4006,  4007,  4010,  4011,  4012,  4013,  4014,  4015,  4016,
         4017,  4019,  4020,  4021,  4024,  4025,  4027,  4030,  4034,  4035,
         4036,  4038,  4039,  4040,  4041,  4042,  4043,  4044,  4045,  4046,
         4047,  4048,  4050,  4051,  4052,  4053,  4054,  4056,  4057,  4058,
         4061,  4062,  4063,  4064,  4065,  4066,  4067,  4068,  4069,  4070,
         4071,  4072,  4073,  4074,  4075,  4076,  4077,  4078,  4079,  4080,
         4081,  4082,  4083,  4084,  4085,  4086,  4087,  4090,  4091,  4092,
         4093,  4094,  4095,  4096,  4097,  4104,  4105,  4106,  4107,  4109,
         4110,  4111,  4112,  4114,  4115,  4116,  4117,  4120,  4121,  4124,
         4128,  4129,  4130,  4131,  4136,  4139,  4141,  4142,  4144,  4145,
         4146,  4147,  4148,  4149,  4150,  4151,  4153,  4154,  4155,  4156,
         4157,  4159,  4161,  4162,  4163,  4165,  4166,  4167,  4169,  4170,
         4171,  4174,  4175,  4176,  4177,  4178,  4179,  4180,  4181,  4182,
         4183,  4184,  4185,  4186,  4187,  4188,  4189,  4190,  4191,  4192,
         4193,  4194,  4195,  4198,  4199,  4200,  4201,  4202,  4203,  4208,
         4210,  4211,  4212,  4213,  4214,  4215,  4216,  4218,  4219,  4220,
         4221,  4223,  4226,  4228,  4230,  4231,  4233,  4234,  4235,  4236,
         4237,  4238,  4239,  4240,  4241,  4242,  4243,  4244,  4245,  4246,
         4247,  4248,  4249,  4250,  4251,  4252,  4253,  4254,  4255,  4256,
         4257,  4258,  4259,  4260,  4261,  4262,  4263,  4265,  4266,  4268,
         4269,  4270,  4271,  4272,  4273,  4274,  4275,  4276,  4277,  4278,
         4280,  4282,  4283,  4287,  4288,  4290,  4291,  4293,  4294,  4295,
         4296,  4297,  4298,  4299,  4302,  4304,  4305,  4306,  4307,  4308,
         4310,  4311,  4312,  4313,  4314,  4315,  4316,  4317,  4318,  4319,
         4320,  4321,  4322,  4323,  4325,  4327,  4330,  4331,  4334,  4335,
         4336,  4337,  4338,  4339,  4340,  4341,  4343,  4344,  4345,  4349,
         4350,  4351,  4353,  4358,  4359,  4360,  4361,  4363,  4366,  4368,
         4369,  4370,  4371,  4373,  4376,  4378,  4381,  4382,  4383,  4384,
         4386,  4387,  4388,  4389,  4390,  4393,  4394,  4395,  4396,  4397,
         4398,  4399,  4400,  4401,  4402,  4403,  4405,  4406,  4407,  4408,
         4409,  4410,  4411,  4412,  4414,  4415,  4416,  4417,  4418,  4422,
         4424,  4425,  4426,  4430,  4431,  4432,  4433,  4434,  4435,  4437,
         4438,  4439,  4440,  4441,  4442,  4443,  4444,  4446,  4447,  4448,
         4449,  4450,  4451,  4452,  4453,  4455,  4456,  4458,  4459,  4461,
         4462,  4463,  4465,  4467,  4468,  4469,  4470,  4471,  4473,  4475,
         4479,  4480,  4482,  4487,  4488,  4490,  4491,  4492,  4493,  4494,
         4495,  4498,  4499,  4501,  4502,  4507,  4508,  4510,  4511,  4513,
         4514,  4515,  4516,  4518,  4520,  4521,  4522,  4524,  4525,  4527,
         4528,  4530,  4531,  4532,  4533,  4537,  4539,  4540,  4541,  4542,
         4543,  4544,  4545,  4546,  4547,  4551,  4552,  4554,  4556,  4557,
         4558,  4559,  4560,  4561,  4562,  4563,  4564,  4566,  4571,  4574,
         4575,  4577,  4578,  4580,  4581,  4583,  4584,  4586,  4587,  4588,
         4589,  4591,  4593,  4594,  4596,  4597,  4598,  4599,  4600,  4601,
         4602,  4603,  4604,  4606,  4607,  4608,  4609,  4610,  4611,  4612,
         4613,  4616,  4617,  4618,  4619,  4620,  4621,  4631,  4632,  4633,
         4634,  4636,  4638,  4641,  4646,  4649,  4650,  4651,  4652,  4654,
         4656,  4657,  4658,  4660,  4661,  4662,  4664,  4665,  4666,  4667,
         4670,  4671,  4675,  4679,  4680,  4681,  4682,  4683,  4686,  4687,
         4688,  4690,  4693,  4700,  4701,  4702,  4704,  4706,  4707,  4710,
         4711,  4714,  4715,  4716,  4717,  4718,  4719,  4720,  4722,  4724,
         4725,  4726,  4727,  4729,  4730,  4731,  4735,  4739,  4741,  4744,
         4746,  4752,  4753,  4754,  4755,  4757,  4758,  4761,  4762,  4763,
         4764,  4765,  4768,  4769,  4770,  4772,  4774,  4775,  4776,  4777,
         4778,  4779,  4780,  4781,  4783,  4784,  4785,  4786,  4787,  4791,
         4792,  4793,  4797,  4799,  4800,  4801,  4802,  4803,  4806,  4807,
         4808,  4809,  4810,  4812,  4813,  4814,  4815,  4816,  4817,  4818,
         4819,  4820,  4823,  4825,  4826,  4828,  4829,  4830,  4832,  4833,
         4846,  4847,  4849,  4850,  4851,  4852,  4853,  4854,  4856,  4859,
         4860,  4861,  4863,  4864,  4865,  4866,  4867,  4869,  4870,  4871,
         4873,  4874,  4875,  4877,  4879,  4882,  4883,  4885,  4886,  4888,
         4892,  4900,  4901,  4902,  4903,  4905,  4906,  4907,  4908,  4909,
         4910,  4911,  4912,  4914,  4915,  4916,  4917,  4918,  4919,  4920,
         4922,  4923,  4924,  4929,  4931,  4932,  4933,  4934,  4935,  4941,
         4945,  4946,  4947,  4948,  4949,  4953,  4954,  4956,  4957,  4958,
         4959,  4960,  4961,  4962,  4963,  4964,  4965,  4966,  4967,  4968,
         4969,  4970,  4971,  4975,  4977,  4978,  4979,  4984,  4986,  4987,
         4988,  4995,  4997,  4998,  4999,  5000,  5001,  5002,  5003,  5006,
         5008,  5009,  5010,  5013,  5014,  5015,  5016,  5017,  5018,  5019,
         5022,  5024,  5025,  5026,  5027,  5028,  5029,  5030,  5032,  5033,
         5034,  5037,  5039,  5040,  5041,  5042,  5043,  5046,  5048,  5051,
         5052,  5054,  5055,  5056,  5057,  5058,  5059,  5060,  5061,  5063,
         5064,  5065,  5068,  5069,  5070,  5073,  5074,  5075,  5076,  5077,
         5078,  5079,  5081,  5082,  5085,  5086,  5087,  5090,  5095,  5096,
         5097,  5098,  5099,  5101,  5102,  5103,  5104,  5107,  5108,  5109,
         5110,  5111,  5112,  5113,  5114,  5115,  5116,  5117,  5120,  5121,
         5123,  5132,  5133,  5134,  5135,  5136,  5137,  5138,  5139,  5140,
         5141,  5143,  5144,  5147,  5148,  5149,  5150,  5153,  5154,  5155,
         5156,  5157,  5158,  5159,  5160,  5162,  5163,  5164,  5165,  5166,
         5169,  5170,  5171,  5172,  5173,  5174,  5176,  5177,  5178,  5179,
         5182,  5183,  5184,  5185,  5188,  5190,  5192,  5195,  5197,  5198,
         5199,  5200,  5202,  5203,  5204,  5205,  5211,  5218,  5219,  5221,
         5222,  5224,  5225,  5226,  5227,  5228,  5230,  5232,  5234,  5238,
         5241,  5242,  5244,  5245,  5246,  5247,  5248,  5249,  5251,  5254,
         5255,  5256,  5257,  5260,  5262,  5264,  5268,  5269,  5270,  5273,
         5276,  5277,  5278,  5279,  5280,  5281,  5282,  5283,  5284,  5286,
         5287,  5288,  5289,  5290,  5291,  5294,  5296,  5297,  5298,  5299,
         5300,  5301,  5302,  5303,  5305,  5306,  5307,  5308,  5309,  5310,
         5311,  5312,  5313,  5314,  5315,  5317,  5319,  5320,  5321,  5322,
         5323,  5324,  5325,  5327,  5328,  5331,  5332,  5334,  5335,  5336,
         5337,  5338,  5339,  5340,  5341,  5345,  5346,  5348,  5350,  5354,
         5355,  5356,  5357,  5358,  5359,  5361,  5365,  5366,  5368,  5369,
         5370,  5371,  5372,  5373,  5374,  5375,  5376,  5377,  5378,  5379,
         5380,  5381,  5382,  5383,  5384,  5385,  5388,  5389,  5390,  5391,
         5396,  5397,  5398,  5399,  5400,  5401,  5402,  5403,  5404,  5407,
         5408,  5410,  5411,  5412,  5413,  5414,  5415,  5416,  5417,  5418,
         5420,  5421,  5423,  5424,  5425,  5426
Total non-polymorphic = 3744


Population     6 [LS_01]  (Number of Individuals = 4)
****************
--------------------------------------------------------------------------
Lowest Allele Frequency Used     0.050       0.020       0.010         0+
--------------------------------------------------------------------------

LINKAGE DISEQUILIBRIUM METHOD

Harmonic Mean Sample Size =        4.0         4.0         4.0         4.0
Independent Comparisons =    1413721     1413721     1413721     1413721
OverAll r^2 =                 0.468820    0.468820    0.468820    0.468820
Expected r^2 Sample =         0.506050    0.506050    0.506050    0.506050
Estimated Ne^ =               Infinite    Infinite    Infinite    Infinite

95% CIs for Ne^
* Parametric                  Infinite    Infinite    Infinite    Infinite
                              Infinite    Infinite    Infinite    Infinite

* JackKnife on Samples        Infinite    Infinite    Infinite    Infinite
                              Infinite    Infinite    Infinite    Infinite


HETEROZYGOTE EXCESS METHOD

Harmonic Mean Sample Size =        4.0         4.0         4.0         4.0 
Independent Alleles =           1682        1682        1682        1682  
Weighted Mean D =             -0.03228    -0.03228    -0.03228    -0.03228
Estimated Neb^  =             Infinite    Infinite    Infinite    Infinite

95% CIs for Nb:
* Parametric                  Infinite    Infinite    Infinite    Infinite
                              Infinite    Infinite    Infinite    Infinite

MOLECULAR COANCESTRY METHOD

Harmonic Mean Sample Size =                                            4.0
OverAll f1^    =                                                   0.07571
Estimated Neb^ =                                                       6.6

95% CIs for Ne^
* Jackknife on Loci                                                    5.8
                                                                       7.5
**************************************************************************

Time: Fri May  9 01:58:47 2025


Population: CY_01/LS_01,	2 Samples,	Sample Sizes: 10/4

TEMPORAL METHODS (Pollak, Nei/Tajima, Jorde/Ryman), Plan II.
--------------------------------------------------------------------------
Lowest Allele Frequency Used     0.050       0.020       0.010         0+
==========================================================================
Samples    1[CY_01] & 2[LS_01]
Generations     0.0 & 1.5    

   Independent Alleles =        1828        2877        2877        2877
   -----------------------------------------------------------------------
  (Pollak)
   Harmonic Mean Samp Size =       5.7         5.7         5.7         5.7
                 Fk =          0.24411     0.21252     0.21252     0.21252
                 F' =          0.06911     0.03752     0.03752     0.03752
               * Ne =             10.9        20.0        20.0        20.0

     95% CIs for Ne:
     * Parametric                  8.7        15.3        15.3        15.3
                                  13.9        27.8        27.8        27.8
     * Jackknife on Loci           9.2        16.3        16.3        16.3
                                  13.1        25.3        25.3        25.3
   -----------------------------------------------------------------------
  (Nei/Tajima)
   Harmonic Mean Samp Size =       5.7         5.7         5.7         5.7
                 Fc =          0.21667     0.19243     0.19243     0.19243
                 F' =          0.04167     0.01743     0.01743     0.01743
               * Ne =             18.0        43.0        43.0        43.0

     95% CIs for Ne:
     * Parametric                 13.3        27.0        27.0        27.0
                                  26.5        95.4        95.4        95.4
     * Jackknife on Loci          14.5        31.1        31.1        31.1
                                  23.3        67.6        67.6        67.6
   -----------------------------------------------------------------------
  (Jorde/Ryman)
   Harmonic Mean Samp Size =       5.7         5.7         5.7         5.7
                 Fs =          0.25341     0.24556     0.24556     0.24556
                 F' =          0.07236     0.06441     0.06441     0.06441
               * Ne =             10.4        11.6        11.6        11.6

     95% CIs for Ne:
     * Parametric                  9.7        11.0        11.0        11.0
                                  11.0        12.3        12.3        12.3
     * Jackknife on Loci           8.4         9.4         9.4         9.4
                                  13.6        15.2        15.2        15.2
==========================================================================
Non-polymorphic loci:     2,     4,     5,     6,    15,    21,    22,    24,
           25,    26,    27,    29,    33,    34,    39,    40,    42,    44,
           45,    46,    47,    49,    50,    51,    52,    53,    55,    56,
           62,    63,    64,    65,    66,    67,    68,    70,    72,    76,
           78,    79,    82,    83,    84,    88,    89,    90,    92,    93,
           94,    96,    97,   108,   110,   111,   112,   114,   116,   117,
          119,   120,   121,   126,   128,   132,   133,   134,   137,   138,
          139,   140,   141,   144,   145,   147,   148,   151,   153,   154,
          156,   159,   167,   169,   171,   173,   174,   175,   176,   177,
          178,   179,   180,   181,   183,   184,   186,   187,   188,   191,
          192,   193,   195,   196,   197,   198,   199,   201,   203,   206,
          207,   209,   210,   211,   212,   213,   214,   215,   222,   223,
          224,   225,   226,   227,   228,   229,   230,   231,   232,   233,
          234,   235,   236,   240,   241,   242,   243,   246,   247,   249,
          250,   251,   252,   255,   256,   259,   260,   262,   264,   265,
          266,   268,   269,   270,   271,   272,   273,   277,   281,   286,
          288,   290,   292,   294,   295,   296,   297,   298,   299,   300,
          301,   302,   303,   304,   305,   306,   308,   309,   310,   312,
          314,   317,   318,   321,   322,   323,   324,   325,   327,   329,
          332,   333,   334,   337,   339,   341,   342,   344,   348,   351,
          353,   355,   356,   357,   358,   359,   360,   361,   364,   365,
          366,   367,   368,   369,   371,   372,   373,   374,   375,   378,
          379,   380,   382,   383,   384,   386,   387,   390,   391,   392,
          393,   394,   395,   397,   398,   399,   400,   401,   402,   404,
          405,   406,   407,   408,   409,   410,   411,   418,   419,   421,
          423,   428,   431,   432,   433,   435,   436,   438,   439,   441,
          442,   446,   448,   449,   455,   456,   457,   458,   459,   460,
          461,   462,   464,   465,   466,   467,   468,   469,   472,   473,
          474,   475,   477,   479,   480,   482,   483,   484,   491,   492,
          494,   495,   498,   501,   503,   506,   507,   508,   509,   512,
          513,   514,   516,   517,   519,   520,   523,   524,   525,   526,
          527,   528,   529,   530,   531,   532,   534,   535,   536,   537,
          538,   543,   544,   546,   548,   551,   552,   554,   555,   557,
          558,   560,   561,   562,   563,   566,   567,   568,   569,   571,
          572,   574,   575,   578,   579,   580,   582,   583,   586,   589,
          592,   597,   598,   599,   601,   602,   603,   604,   607,   608,
          610,   612,   614,   615,   616,   618,   619,   621,   622,   627,
          631,   634,   635,   636,   637,   640,   641,   642,   643,   644,
          645,   647,   648,   649,   651,   652,   653,   655,   657,   661,
          662,   665,   666,   667,   669,   670,   671,   672,   673,   674,
          675,   676,   677,   678,   679,   682,   684,   689,   691,   693,
          699,   703,   707,   708,   709,   710,   711,   713,   714,   715,
          722,   723,   726,   730,   737,   738,   739,   740,   741,   745,
          746,   747,   749,   750,   751,   752,   753,   754,   755,   758,
          760,   761,   764,   765,   766,   768,   775,   776,   777,   780,
          781,   782,   783,   784,   785,   791,   794,   795,   797,   799,
          800,   801,   802,   803,   805,   806,   807,   809,   810,   811,
          812,   813,   814,   819,   820,   821,   822,   823,   824,   826,
          827,   828,   831,   832,   833,   834,   835,   840,   842,   843,
          844,   848,   849,   851,   852,   854,   855,   856,   858,   859,
          860,   862,   863,   864,   865,   868,   870,   871,   872,   873,
          874,   875,   876,   877,   878,   879,   880,   881,   882,   883,
          884,   885,   886,   887,   888,   889,   891,   892,   893,   895,
          896,   897,   901,   903,   908,   912,   913,   914,   916,   918,
          920,   921,   922,   926,   929,   930,   931,   932,   933,   935,
          936,   940,   942,   944,   945,   946,   947,   948,   950,   951,
          953,   958,   959,   960,   961,   962,   964,   966,   969,   972,
          973,   974,   975,   976,   978,   980,   981,   982,   983,   984,
          985,   986,   988,   992,   995,   998,   999,  1002,  1003,  1004,
         1005,  1006,  1007,  1009,  1010,  1017,  1021,  1022,  1026,  1027,
         1028,  1035,  1036,  1037,  1039,  1042,  1045,  1047,  1050,  1051,
         1052,  1053,  1055,  1056,  1057,  1058,  1059,  1060,  1061,  1065,
         1070,  1073,  1075,  1076,  1077,  1078,  1081,  1082,  1083,  1085,
         1089,  1093,  1094,  1095,  1097,  1098,  1099,  1100,  1102,  1103,
         1104,  1106,  1109,  1110,  1111,  1114,  1116,  1117,  1118,  1122,
         1126,  1129,  1133,  1135,  1137,  1138,  1139,  1141,  1142,  1143,
         1144,  1145,  1146,  1147,  1148,  1149,  1150,  1151,  1152,  1153,
         1155,  1158,  1160,  1161,  1162,  1163,  1165,  1166,  1167,  1169,
         1170,  1171,  1172,  1174,  1176,  1177,  1178,  1179,  1180,  1181,
         1182,  1183,  1184,  1186,  1189,  1190,  1192,  1193,  1196,  1197,
         1200,  1205,  1206,  1207,  1209,  1211,  1214,  1215,  1216,  1217,
         1218,  1220,  1223,  1228,  1229,  1231,  1232,  1233,  1234,  1235,
         1236,  1237,  1240,  1241,  1243,  1248,  1249,  1250,  1252,  1255,
         1256,  1257,  1258,  1260,  1261,  1262,  1263,  1264,  1265,  1266,
         1267,  1268,  1273,  1275,  1276,  1277,  1278,  1279,  1280,  1281,
         1282,  1283,  1284,  1285,  1287,  1289,  1290,  1291,  1293,  1294,
         1296,  1297,  1298,  1299,  1300,  1302,  1303,  1305,  1306,  1308,
         1309,  1310,  1312,  1313,  1316,  1319,  1322,  1323,  1324,  1325,
         1326,  1330,  1333,  1334,  1335,  1338,  1339,  1340,  1341,  1344,
         1345,  1347,  1348,  1349,  1353,  1354,  1355,  1356,  1358,  1359,
         1360,  1361,  1363,  1364,  1365,  1366,  1367,  1368,  1369,  1370,
         1371,  1373,  1374,  1375,  1376,  1377,  1380,  1381,  1383,  1384,
         1386,  1387,  1389,  1395,  1396,  1398,  1401,  1404,  1405,  1407,
         1408,  1409,  1410,  1411,  1412,  1413,  1414,  1415,  1416,  1418,
         1419,  1420,  1422,  1423,  1424,  1426,  1428,  1431,  1432,  1439,
         1441,  1442,  1443,  1447,  1450,  1451,  1452,  1453,  1456,  1460,
         1463,  1465,  1468,  1469,  1470,  1471,  1478,  1480,  1481,  1482,
         1489,  1490,  1491,  1492,  1494,  1497,  1498,  1499,  1500,  1501,
         1502,  1503,  1504,  1505,  1506,  1508,  1514,  1517,  1519,  1520,
         1521,  1522,  1523,  1530,  1532,  1537,  1538,  1540,  1542,  1543,
         1544,  1545,  1547,  1550,  1551,  1552,  1553,  1554,  1555,  1556,
         1557,  1558,  1561,  1562,  1563,  1564,  1565,  1568,  1569,  1572,
         1575,  1576,  1577,  1578,  1579,  1580,  1581,  1582,  1583,  1584,
         1585,  1586,  1587,  1591,  1592,  1593,  1594,  1595,  1596,  1597,
         1598,  1599,  1600,  1602,  1606,  1607,  1608,  1609,  1610,  1612,
         1615,  1617,  1618,  1620,  1623,  1625,  1626,  1628,  1631,  1632,
         1636,  1637,  1639,  1641,  1642,  1643,  1644,  1645,  1647,  1649,
         1651,  1653,  1656,  1657,  1658,  1661,  1662,  1664,  1665,  1666,
         1667,  1668,  1669,  1670,  1671,  1672,  1673,  1674,  1675,  1677,
         1679,  1682,  1684,  1687,  1688,  1690,  1691,  1693,  1694,  1695,
         1696,  1697,  1701,  1703,  1704,  1706,  1707,  1708,  1713,  1714,
         1716,  1717,  1718,  1719,  1720,  1721,  1726,  1729,  1731,  1747,
         1749,  1750,  1752,  1753,  1754,  1756,  1758,  1759,  1760,  1764,
         1765,  1766,  1767,  1773,  1774,  1775,  1776,  1777,  1780,  1781,
         1783,  1784,  1785,  1786,  1787,  1788,  1789,  1791,  1792,  1795,
         1796,  1797,  1798,  1799,  1800,  1801,  1805,  1809,  1810,  1811,
         1812,  1814,  1815,  1816,  1817,  1818,  1819,  1821,  1822,  1823,
         1824,  1825,  1826,  1827,  1829,  1831,  1838,  1840,  1841,  1843,
         1847,  1849,  1853,  1854,  1856,  1858,  1859,  1860,  1861,  1862,
         1863,  1864,  1865,  1866,  1868,  1870,  1874,  1875,  1878,  1880,
         1881,  1883,  1884,  1885,  1886,  1887,  1888,  1890,  1892,  1894,
         1896,  1897,  1898,  1899,  1901,  1904,  1905,  1906,  1907,  1909,
         1911,  1914,  1916,  1917,  1918,  1922,  1923,  1924,  1931,  1934,
         1935,  1936,  1938,  1944,  1947,  1949,  1950,  1953,  1954,  1955,
         1956,  1958,  1959,  1960,  1962,  1963,  1965,  1971,  1973,  1974,
         1976,  1979,  1980,  1981,  1982,  1983,  1984,  1985,  1986,  1987,
         1988,  1989,  1990,  1991,  1992,  1993,  1994,  1995,  1996,  1997,
         2000,  2001,  2002,  2003,  2004,  2006,  2007,  2010,  2012,  2015,
         2019,  2020,  2023,  2026,  2032,  2033,  2034,  2035,  2036,  2038,
         2040,  2045,  2046,  2047,  2049,  2050,  2051,  2053,  2054,  2056,
         2057,  2059,  2060,  2061,  2067,  2068,  2069,  2070,  2071,  2072,
         2074,  2075,  2076,  2080,  2081,  2082,  2083,  2084,  2085,  2087,
         2088,  2089,  2090,  2091,  2092,  2094,  2095,  2097,  2102,  2104,
         2105,  2107,  2109,  2111,  2112,  2113,  2114,  2115,  2116,  2118,
         2119,  2120,  2122,  2134,  2136,  2137,  2138,  2139,  2140,  2141,
         2142,  2143,  2144,  2146,  2147,  2149,  2150,  2151,  2156,  2158,
         2164,  2165,  2166,  2167,  2171,  2174,  2177,  2178,  2179,  2180,
         2182,  2183,  2184,  2186,  2188,  2190,  2191,  2192,  2194,  2195,
         2196,  2197,  2198,  2199,  2200,  2201,  2202,  2203,  2204,  2205,
         2206,  2207,  2208,  2211,  2212,  2213,  2220,  2221,  2223,  2224,
         2226,  2227,  2229,  2230,  2231,  2233,  2234,  2235,  2237,  2239,
         2240,  2241,  2242,  2244,  2246,  2248,  2250,  2251,  2252,  2253,
         2255,  2256,  2257,  2258,  2259,  2260,  2261,  2262,  2263,  2264,
         2265,  2269,  2271,  2272,  2275,  2276,  2279,  2280,  2282,  2283,
         2284,  2286,  2288,  2290,  2293,  2296,  2298,  2300,  2303,  2304,
         2306,  2308,  2309,  2310,  2311,  2312,  2313,  2315,  2317,  2320,
         2321,  2323,  2324,  2326,  2328,  2331,  2334,  2335,  2337,  2339,
         2340,  2341,  2342,  2343,  2344,  2347,  2350,  2351,  2353,  2356,
         2358,  2359,  2360,  2361,  2362,  2363,  2366,  2367,  2368,  2370,
         2371,  2372,  2373,  2374,  2375,  2377,  2378,  2379,  2380,  2381,
         2382,  2384,  2385,  2386,  2388,  2389,  2394,  2395,  2397,  2398,
         2402,  2404,  2405,  2406,  2407,  2409,  2410,  2411,  2412,  2415,
         2416,  2420,  2422,  2423,  2424,  2425,  2426,  2427,  2429,  2430,
         2432,  2435,  2436,  2437,  2439,  2441,  2443,  2444,  2445,  2446,
         2447,  2448,  2449,  2455,  2456,  2457,  2458,  2459,  2463,  2465,
         2467,  2471,  2473,  2474,  2476,  2477,  2479,  2480,  2481,  2486,
         2490,  2492,  2493,  2494,  2495,  2496,  2497,  2500,  2501,  2502,
         2503,  2504,  2508,  2509,  2512,  2514,  2515,  2516,  2517,  2518,
         2519,  2520,  2521,  2522,  2523,  2525,  2529,  2531,  2539,  2541,
         2542,  2543,  2544,  2545,  2546,  2547,  2548,  2549,  2550,  2552,
         2553,  2554,  2555,  2557,  2560,  2563,  2564,  2565,  2566,  2568,
         2569,  2570,  2571,  2572,  2576,  2577,  2578,  2579,  2580,  2581,
         2582,  2583,  2584,  2585,  2586,  2587,  2588,  2590,  2593,  2594,
         2595,  2600,  2601,  2602,  2603,  2604,  2605,  2606,  2607,  2608,
         2610,  2611,  2615,  2616,  2620,  2621,  2623,  2624,  2625,  2626,
         2627,  2628,  2629,  2630,  2631,  2635,  2636,  2637,  2638,  2639,
         2640,  2641,  2642,  2643,  2644,  2645,  2647,  2650,  2651,  2652,
         2653,  2654,  2657,  2659,  2660,  2661,  2666,  2672,  2673,  2674,
         2675,  2676,  2677,  2678,  2679,  2680,  2681,  2682,  2683,  2684,
         2685,  2686,  2687,  2688,  2689,  2691,  2692,  2694,  2695,  2697,
         2699,  2700,  2702,  2704,  2705,  2706,  2707,  2708,  2709,  2710,
         2714,  2715,  2716,  2718,  2719,  2720,  2724,  2727,  2730,  2731,
         2732,  2733,  2735,  2736,  2738,  2740,  2745,  2746,  2747,  2752,
         2753,  2754,  2756,  2757,  2758,  2759,  2760,  2762,  2763,  2764,
         2765,  2766,  2767,  2768,  2769,  2770,  2771,  2774,  2782,  2783,
         2784,  2788,  2789,  2790,  2792,  2793,  2794,  2797,  2799,  2801,
         2803,  2806,  2807,  2808,  2809,  2810,  2811,  2813,  2816,  2817,
         2818,  2819,  2820,  2822,  2823,  2824,  2825,  2826,  2827,  2828,
         2831,  2835,  2836,  2837,  2840,  2843,  2845,  2846,  2847,  2849,
         2850,  2851,  2854,  2859,  2865,  2866,  2867,  2868,  2870,  2872,
         2873,  2876,  2877,  2878,  2879,  2880,  2882,  2884,  2885,  2886,
         2887,  2888,  2889,  2891,  2893,  2894,  2896,  2897,  2899,  2901,
         2902,  2909,  2912,  2913,  2914,  2915,  2916,  2917,  2918,  2919,
         2920,  2921,  2922,  2926,  2927,  2931,  2932,  2936,  2937,  2938,
         2939,  2941,  2942,  2943,  2944,  2945,  2948,  2950,  2951,  2952,
         2953,  2954,  2955,  2957,  2958,  2960,  2963,  2964,  2965,  2966,
         2967,  2968,  2969,  2970,  2972,  2973,  2974,  2975,  2976,  2982,
         2984,  2985,  2986,  2987,  2988,  2989,  2990,  2991,  2992,  2993,
         2994,  2998,  2999,  3003,  3005,  3008,  3013,  3017,  3019,  3020,
         3021,  3022,  3023,  3027,  3028,  3030,  3031,  3032,  3033,  3036,
         3039,  3040,  3041,  3042,  3043,  3044,  3045,  3046,  3048,  3049,
         3050,  3056,  3057,  3059,  3063,  3064,  3065,  3066,  3067,  3068,
         3070,  3073,  3075,  3076,  3077,  3081,  3082,  3084,  3085,  3087,
         3089,  3090,  3091,  3093,  3094,  3095,  3096,  3097,  3102,  3104,
         3105,  3108,  3111,  3114,  3117,  3118,  3119,  3120,  3121,  3122,
         3123,  3124,  3125,  3131,  3133,  3135,  3136,  3138,  3145,  3146,
         3147,  3148,  3150,  3153,  3154,  3155,  3157,  3158,  3159,  3162,
         3164,  3165,  3166,  3167,  3168,  3169,  3170,  3171,  3172,  3173,
         3174,  3177,  3179,  3180,  3183,  3184,  3185,  3188,  3189,  3192,
         3193,  3194,  3195,  3196,  3200,  3201,  3202,  3203,  3204,  3205,
         3206,  3207,  3208,  3209,  3211,  3212,  3214,  3217,  3218,  3219,
         3223,  3224,  3229,  3230,  3232,  3235,  3240,  3242,  3243,  3244,
         3249,  3252,  3254,  3255,  3256,  3257,  3259,  3260,  3261,  3262,
         3263,  3264,  3265,  3266,  3267,  3269,  3275,  3278,  3279,  3281,
         3284,  3287,  3288,  3289,  3300,  3303,  3307,  3309,  3311,  3312,
         3313,  3314,  3316,  3317,  3323,  3324,  3325,  3327,  3329,  3330,
         3335,  3337,  3340,  3342,  3344,  3347,  3348,  3349,  3350,  3351,
         3353,  3354,  3355,  3356,  3358,  3359,  3360,  3362,  3368,  3369,
         3371,  3372,  3373,  3374,  3378,  3382,  3384,  3385,  3386,  3388,
         3390,  3392,  3393,  3394,  3395,  3396,  3397,  3398,  3399,  3400,
         3401,  3402,  3403,  3405,  3406,  3409,  3410,  3411,  3413,  3414,
         3415,  3417,  3418,  3420,  3423,  3424,  3427,  3428,  3429,  3430,
         3431,  3432,  3434,  3435,  3436,  3437,  3438,  3440,  3441,  3442,
         3443,  3444,  3445,  3447,  3448,  3449,  3451,  3452,  3455,  3456,
         3457,  3460,  3462,  3463,  3465,  3466,  3467,  3471,  3472,  3473,
         3474,  3475,  3476,  3477,  3478,  3479,  3480,  3481,  3482,  3484,
         3485,  3486,  3487,  3488,  3489,  3490,  3491,  3492,  3493,  3494,
         3496,  3499,  3500,  3501,  3504,  3507,  3514,  3515,  3516,  3517,
         3518,  3520,  3522,  3524,  3526,  3529,  3530,  3531,  3532,  3533,
         3534,  3535,  3538,  3539,  3540,  3541,  3542,  3543,  3545,  3546,
         3548,  3550,  3551,  3552,  3553,  3554,  3555,  3556,  3557,  3558,
         3559,  3561,  3562,  3563,  3564,  3566,  3569,  3570,  3571,  3572,
         3576,  3578,  3579,  3581,  3582,  3584,  3585,  3586,  3587,  3588,
         3589,  3590,  3593,  3594,  3596,  3597,  3598,  3599,  3600,  3601,
         3602,  3603,  3604,  3605,  3606,  3607,  3609,  3611,  3614,  3615,
         3620,  3621,  3622,  3623,  3626,  3627,  3629,  3630,  3631,  3632,
         3633,  3636,  3638,  3640,  3642,  3645,  3646,  3647,  3649,  3650,
         3651,  3652,  3653,  3655,  3657,  3658,  3659,  3660,  3661,  3663,
         3665,  3666,  3668,  3670,  3671,  3675,  3679,  3680,  3684,  3686,
         3687,  3688,  3690,  3691,  3693,  3694,  3695,  3696,  3700,  3701,
         3703,  3704,  3705,  3706,  3707,  3708,  3710,  3711,  3712,  3714,
         3715,  3716,  3717,  3718,  3723,  3724,  3725,  3726,  3727,  3728,
         3729,  3730,  3731,  3737,  3743,  3745,  3747,  3748,  3750,  3751,
         3752,  3753,  3754,  3755,  3756,  3757,  3758,  3761,  3763,  3765,
         3766,  3769,  3770,  3772,  3773,  3775,  3776,  3780,  3787,  3788,
         3791,  3793,  3795,  3796,  3797,  3800,  3803,  3804,  3805,  3806,
         3807,  3808,  3809,  3815,  3816,  3817,  3818,  3819,  3820,  3822,
         3823,  3824,  3825,  3826,  3827,  3828,  3829,  3830,  3831,  3833,
         3839,  3840,  3842,  3843,  3844,  3846,  3847,  3848,  3850,  3851,
         3853,  3856,  3860,  3862,  3863,  3865,  3866,  3867,  3868,  3869,
         3870,  3871,  3872,  3874,  3875,  3876,  3880,  3884,  3885,  3887,
         3889,  3891,  3894,  3896,  3897,  3900,  3901,  3902,  3903,  3904,
         3905,  3907,  3908,  3909,  3910,  3911,  3912,  3913,  3914,  3915,
         3916,  3917,  3918,  3921,  3923,  3924,  3926,  3930,  3934,  3939,
         3941,  3942,  3944,  3947,  3949,  3950,  3951,  3955,  3956,  3959,
         3961,  3966,  3967,  3969,  3973,  3974,  3975,  3976,  3977,  3980,
         3981,  3983,  3985,  3986,  3987,  3988,  3989,  3990,  3991,  3992,
         3996,  3997,  3998,  3999,  4000,  4001,  4002,  4007,  4008,  4010,
         4011,  4012,  4013,  4014,  4015,  4016,  4020,  4021,  4024,  4028,
         4029,  4030,  4034,  4036,  4038,  4040,  4041,  4042,  4044,  4051,
         4054,  4055,  4056,  4057,  4058,  4059,  4061,  4062,  4064,  4065,
         4066,  4067,  4068,  4069,  4070,  4071,  4072,  4073,  4075,  4076,
         4077,  4078,  4079,  4080,  4081,  4082,  4084,  4085,  4086,  4087,
         4088,  4090,  4091,  4092,  4093,  4094,  4096,  4099,  4104,  4106,
         4107,  4109,  4110,  4121,  4122,  4129,  4130,  4131,  4132,  4133,
         4135,  4139,  4140,  4141,  4144,  4145,  4146,  4147,  4148,  4149,
         4151,  4152,  4153,  4154,  4155,  4157,  4162,  4163,  4165,  4166,
         4167,  4169,  4170,  4173,  4174,  4175,  4178,  4182,  4183,  4184,
         4185,  4186,  4188,  4189,  4190,  4191,  4192,  4193,  4194,  4195,
         4198,  4199,  4200,  4201,  4202,  4203,  4208,  4210,  4213,  4218,
         4219,  4220,  4221,  4224,  4226,  4230,  4232,  4233,  4236,  4237,
         4248,  4250,  4251,  4252,  4253,  4254,  4255,  4256,  4257,  4260,
         4262,  4264,  4268,  4270,  4271,  4272,  4273,  4274,  4277,  4278,
         4279,  4280,  4284,  4287,  4288,  4291,  4293,  4294,  4295,  4297,
         4298,  4299,  4300,  4304,  4305,  4306,  4307,  4308,  4310,  4311,
         4312,  4313,  4314,  4315,  4316,  4317,  4318,  4319,  4320,  4323,
         4325,  4328,  4331,  4333,  4336,  4338,  4339,  4340,  4341,  4343,
         4344,  4349,  4350,  4351,  4358,  4359,  4360,  4363,  4366,  4367,
         4368,  4369,  4370,  4371,  4372,  4373,  4376,  4379,  4381,  4382,
         4383,  4386,  4387,  4388,  4390,  4391,  4393,  4394,  4397,  4399,
         4401,  4402,  4403,  4405,  4406,  4407,  4408,  4412,  4414,  4416,
         4425,  4426,  4430,  4431,  4432,  4434,  4435,  4439,  4442,  4444,
         4446,  4447,  4449,  4456,  4458,  4460,  4461,  4463,  4464,  4466,
         4468,  4469,  4470,  4471,  4473,  4474,  4475,  4479,  4480,  4482,
         4487,  4488,  4490,  4491,  4492,  4494,  4495,  4498,  4499,  4500,
         4501,  4502,  4507,  4510,  4512,  4514,  4516,  4518,  4520,  4521,
         4522,  4524,  4525,  4528,  4529,  4531,  4534,  4537,  4538,  4539,
         4540,  4541,  4542,  4543,  4544,  4545,  4547,  4549,  4551,  4552,
         4554,  4556,  4557,  4559,  4560,  4561,  4562,  4563,  4564,  4565,
         4566,  4567,  4568,  4569,  4574,  4575,  4576,  4578,  4581,  4584,
         4588,  4592,  4594,  4596,  4598,  4599,  4601,  4603,  4606,  4607,
         4609,  4610,  4611,  4616,  4617,  4618,  4619,  4620,  4621,  4631,
         4632,  4633,  4636,  4638,  4641,  4643,  4644,  4646,  4649,  4650,
         4651,  4652,  4654,  4656,  4657,  4658,  4660,  4662,  4663,  4664,
         4665,  4666,  4667,  4668,  4669,  4670,  4671,  4672,  4673,  4674,
         4675,  4676,  4679,  4680,  4682,  4683,  4685,  4686,  4687,  4689,
         4690,  4697,  4700,  4701,  4702,  4704,  4706,  4707,  4708,  4711,
         4714,  4715,  4716,  4717,  4718,  4719,  4720,  4721,  4722,  4723,
         4725,  4726,  4728,  4729,  4730,  4731,  4732,  4734,  4735,  4737,
         4739,  4741,  4744,  4747,  4748,  4749,  4751,  4753,  4754,  4756,
         4757,  4762,  4763,  4764,  4765,  4766,  4767,  4768,  4769,  4770,
         4771,  4774,  4775,  4776,  4777,  4780,  4781,  4784,  4785,  4786,
         4787,  4792,  4794,  4795,  4796,  4797,  4798,  4799,  4800,  4805,
         4807,  4808,  4809,  4810,  4812,  4813,  4814,  4815,  4816,  4817,
         4818,  4820,  4825,  4826,  4827,  4828,  4829,  4830,  4832,  4833,
         4843,  4844,  4845,  4846,  4847,  4848,  4849,  4850,  4852,  4853,
         4854,  4856,  4858,  4859,  4861,  4863,  4865,  4866,  4867,  4873,
         4874,  4875,  4877,  4881,  4883,  4884,  4885,  4886,  4887,  4888,
         4900,  4901,  4902,  4903,  4905,  4907,  4908,  4909,  4910,  4911,
         4912,  4913,  4914,  4919,  4920,  4922,  4923,  4924,  4926,  4929,
         4931,  4932,  4933,  4934,  4935,  4936,  4941,  4945,  4947,  4953,
         4954,  4956,  4957,  4958,  4959,  4960,  4961,  4964,  4966,  4967,
         4968,  4969,  4970,  4971,  4976,  4977,  4978,  4981,  4984,  4986,
         4987,  4988,  4990,  4997,  5000,  5002,  5003,  5004,  5005,  5006,
         5007,  5011,  5012,  5014,  5015,  5016,  5018,  5019,  5020,  5021,
         5022,  5024,  5025,  5026,  5027,  5028,  5029,  5030,  5032,  5033,
         5034,  5037,  5039,  5040,  5041,  5042,  5043,  5048,  5051,  5052,
         5054,  5055,  5056,  5057,  5058,  5059,  5060,  5061,  5064,  5065,
         5068,  5072,  5073,  5074,  5075,  5076,  5077,  5078,  5081,  5082,
         5085,  5086,  5087,  5089,  5090,  5092,  5096,  5097,  5099,  5101,
         5102,  5103,  5104,  5107,  5108,  5109,  5110,  5111,  5112,  5113,
         5114,  5115,  5117,  5121,  5122,  5123,  5125,  5127,  5128,  5131,
         5132,  5133,  5134,  5135,  5136,  5138,  5139,  5141,  5142,  5143,
         5144,  5147,  5148,  5152,  5154,  5156,  5157,  5158,  5159,  5160,
         5161,  5164,  5165,  5167,  5168,  5169,  5170,  5171,  5172,  5173,
         5174,  5175,  5176,  5177,  5178,  5182,  5183,  5184,  5185,  5188,
         5190,  5196,  5197,  5198,  5199,  5203,  5204,  5205,  5206,  5208,
         5209,  5211,  5218,  5219,  5220,  5221,  5222,  5224,  5225,  5226,
         5227,  5232,  5233,  5235,  5238,  5241,  5242,  5248,  5249,  5250,
         5255,  5256,  5257,  5258,  5260,  5261,  5262,  5264,  5265,  5270,
         5273,  5276,  5277,  5278,  5279,  5280,  5281,  5283,  5285,  5287,
         5288,  5289,  5290,  5291,  5294,  5298,  5299,  5300,  5301,  5302,
         5303,  5305,  5306,  5307,  5308,  5309,  5310,  5311,  5312,  5313,
         5314,  5315,  5317,  5318,  5319,  5320,  5321,  5322,  5324,  5325,
         5327,  5328,  5330,  5332,  5335,  5338,  5339,  5340,  5341,  5345,
         5346,  5348,  5350,  5352,  5355,  5356,  5358,  5359,  5360,  5361,
         5362,  5363,  5365,  5366,  5367,  5368,  5369,  5370,  5371,  5372,
         5373,  5374,  5378,  5379,  5380,  5381,  5387,  5388,  5392,  5393,
         5396,  5397,  5398,  5399,  5400,  5401,  5402,  5403,  5405,  5407,
         5408,  5413,  5415,  5417,  5424,  5425,  5426
Total non-polymorphic = 3195


Population     7 [PZ_01]  (Number of Individuals = 12)
****************
--------------------------------------------------------------------------
Lowest Allele Frequency Used     0.050       0.020       0.010         0+
--------------------------------------------------------------------------

LINKAGE DISEQUILIBRIUM METHOD

Harmonic Mean Sample Size =       12.0        12.0        12.0        12.0
Independent Comparisons =    1119756     2487565     2487565     2487565
OverAll r^2 =                 0.117917    0.112924    0.112924    0.112924
Expected r^2 Sample =         0.108217    0.108217    0.108217    0.108217
Estimated Ne^ =                   30.0        63.7        63.7        63.7

95% CIs for Ne^
* Parametric                      29.0        61.0        61.0        61.0
                                  31.0        66.6        66.6        66.6

* JackKnife on Samples            19.4        36.8        36.8        36.8
                                  57.4       194.3       194.3       194.3


HETEROZYGOTE EXCESS METHOD

Harmonic Mean Sample Size =       12.0        12.0        12.0        12.0 
Independent Alleles =           1497        2231        2231        2231  
Weighted Mean D =              0.00098     0.00066     0.00066     0.00066
Estimated Neb^  =                508.4       757.4       757.4       757.4

95% CIs for Nb:
* Parametric                      35.4        52.5        52.5        52.5
                              Infinite    Infinite    Infinite    Infinite

MOLECULAR COANCESTRY METHOD

Harmonic Mean Sample Size =                                           12.0
OverAll f1^    =                                                   0.19936
Estimated Neb^ =                                                       2.5

95% CIs for Ne^
* Jackknife on Loci                                                    2.3
                                                                       2.8
**************************************************************************

Time: Fri May  9 01:59:44 2025

Non-polymorphic loci:     2,     5,     6,    16,    19,    20,    21,    24,
           25,    26,    27,    30,    31,    33,    34,    39,    40,    42,
           44,    45,    46,    47,    49,    50,    53,    55,    56,    63,
           64,    65,    66,    67,    68,    70,    72,    75,    76,    77,
           78,    79,    81,    82,    83,    84,    88,    89,    90,    93,
           94,    97,    98,   103,   108,   111,   112,   114,   116,   117,
          119,   121,   126,   128,   129,   132,   133,   134,   135,   137,
          139,   140,   141,   144,   145,   146,   147,   148,   151,   153,
          154,   159,   164,   168,   169,   171,   173,   174,   175,   176,
          177,   178,   179,   180,   181,   182,   183,   184,   186,   187,
          191,   192,   193,   195,   196,   197,   198,   201,   203,   206,
          207,   209,   210,   212,   214,   215,   222,   223,   224,   226,
          227,   228,   229,   235,   236,   240,   241,   245,   247,   250,
          251,   252,   255,   256,   259,   260,   264,   265,   266,   268,
          273,   274,   275,   276,   277,   285,   286,   288,   290,   292,
          294,   295,   296,   297,   298,   299,   300,   301,   303,   304,
          306,   307,   308,   309,   310,   312,   313,   314,   317,   321,
          322,   325,   329,   330,   331,   332,   333,   334,   336,   337,
          338,   340,   341,   342,   344,   351,   353,   355,   356,   358,
          359,   360,   361,   362,   364,   365,   366,   367,   369,   371,
          372,   373,   374,   375,   377,   378,   379,   380,   382,   383,
          384,   385,   386,   387,   388,   389,   390,   391,   392,   393,
          394,   395,   396,   397,   403,   405,   406,   407,   408,   409,
          410,   411,   412,   413,   418,   421,   423,   427,   428,   429,
          431,   435,   438,   441,   442,   444,   446,   448,   453,   455,
          456,   457,   458,   459,   460,   461,   462,   464,   465,   466,
          467,   468,   469,   472,   475,   477,   479,   480,   482,   483,
          484,   485,   486,   489,   492,   494,   495,   498,   501,   503,
          506,   507,   508,   509,   510,   512,   514,   523,   524,   525,
          526,   527,   530,   531,   534,   535,   543,   544,   546,   548,
          549,   550,   553,   556,   557,   559,   560,   561,   562,   563,
          564,   566,   567,   568,   569,   571,   572,   573,   574,   575,
          578,   579,   580,   582,   583,   586,   589,   592,   593,   594,
          597,   598,   599,   600,   601,   602,   603,   607,   608,   609,
          610,   612,   614,   615,   616,   618,   619,   621,   622,   627,
          629,   631,   634,   636,   637,   640,   642,   643,   647,   648,
          649,   651,   652,   653,   655,   656,   657,   661,   662,   665,
          666,   669,   670,   671,   673,   674,   675,   678,   679,   682,
          684,   689,   691,   693,   695,   699,   702,   703,   707,   708,
          709,   710,   711,   713,   714,   715,   722,   723,   726,   735,
          737,   738,   739,   740,   741,   747,   749,   750,   751,   752,
          753,   754,   755,   758,   759,   760,   762,   764,   765,   766,
          768,   775,   776,   779,   781,   782,   783,   786,   787,   788,
          789,   790,   791,   792,   793,   794,   795,   796,   797,   799,
          800,   801,   803,   805,   806,   807,   808,   809,   810,   811,
          813,   814,   819,   820,   821,   822,   827,   830,   831,   832,
          833,   834,   837,   840,   842,   843,   846,   848,   849,   851,
          852,   854,   855,   856,   858,   859,   860,   861,   862,   863,
          864,   865,   868,   872,   873,   874,   875,   876,   877,   879,
          880,   881,   882,   883,   885,   887,   889,   891,   892,   894,
          899,   900,   901,   903,   908,   912,   913,   914,   916,   918,
          919,   920,   922,   923,   924,   926,   929,   930,   931,   932,
          933,   935,   938,   940,   941,   942,   944,   945,   946,   947,
          948,   950,   951,   953,   958,   959,   960,   961,   962,   963,
          964,   966,   969,   972,   973,   974,   976,   980,   981,   985,
          986,   987,   988,   989,   990,   991,   993,   994,   996,   998,
          999,  1002,  1003,  1004,  1005,  1006,  1007,  1009,  1010,  1017,
         1021,  1022,  1025,  1026,  1028,  1034,  1035,  1036,  1039,  1042,
         1045,  1046,  1051,  1052,  1053,  1054,  1055,  1056,  1057,  1058,
         1059,  1060,  1061,  1062,  1064,  1065,  1066,  1067,  1068,  1070,
         1073,  1074,  1075,  1076,  1077,  1078,  1081,  1084,  1086,  1087,
         1089,  1090,  1091,  1092,  1094,  1095,  1096,  1097,  1099,  1100,
         1101,  1102,  1103,  1104,  1105,  1106,  1109,  1110,  1111,  1112,
         1114,  1117,  1118,  1122,  1123,  1125,  1129,  1132,  1133,  1135,
         1136,  1137,  1138,  1139,  1141,  1142,  1143,  1145,  1146,  1148,
         1149,  1150,  1153,  1155,  1156,  1161,  1162,  1163,  1164,  1165,
         1166,  1167,  1169,  1170,  1171,  1172,  1173,  1174,  1176,  1177,
         1178,  1179,  1180,  1181,  1182,  1184,  1186,  1187,  1194,  1200,
         1202,  1205,  1206,  1207,  1209,  1211,  1213,  1214,  1215,  1216,
         1217,  1218,  1220,  1222,  1228,  1229,  1231,  1232,  1233,  1234,
         1235,  1237,  1239,  1240,  1241,  1242,  1243,  1248,  1250,  1252,
         1255,  1256,  1257,  1258,  1261,  1263,  1264,  1265,  1266,  1267,
         1273,  1276,  1278,  1280,  1281,  1283,  1284,  1285,  1289,  1290,
         1291,  1293,  1294,  1296,  1297,  1299,  1302,  1303,  1306,  1308,
         1309,  1310,  1312,  1313,  1316,  1319,  1322,  1323,  1324,  1326,
         1330,  1333,  1335,  1336,  1338,  1339,  1340,  1341,  1344,  1345,
         1347,  1353,  1354,  1355,  1358,  1360,  1361,  1362,  1363,  1364,
         1365,  1366,  1368,  1370,  1371,  1373,  1374,  1375,  1377,  1381,
         1382,  1383,  1384,  1385,  1386,  1387,  1390,  1393,  1395,  1396,
         1398,  1399,  1401,  1404,  1405,  1407,  1408,  1409,  1410,  1411,
         1412,  1413,  1414,  1415,  1416,  1419,  1420,  1422,  1423,  1424,
         1425,  1426,  1427,  1428,  1431,  1434,  1435,  1436,  1439,  1440,
         1441,  1442,  1443,  1449,  1450,  1452,  1453,  1455,  1456,  1458,
         1459,  1460,  1463,  1465,  1466,  1468,  1469,  1470,  1471,  1472,
         1478,  1480,  1481,  1482,  1487,  1488,  1489,  1490,  1493,  1494,
         1497,  1498,  1499,  1500,  1501,  1502,  1503,  1504,  1505,  1506,
         1508,  1509,  1514,  1517,  1519,  1520,  1521,  1522,  1523,  1530,
         1532,  1536,  1537,  1538,  1539,  1540,  1542,  1543,  1545,  1550,
         1552,  1553,  1554,  1555,  1561,  1562,  1563,  1565,  1567,  1568,
         1569,  1572,  1575,  1576,  1577,  1578,  1579,  1581,  1588,  1589,
         1591,  1592,  1593,  1594,  1595,  1596,  1597,  1598,  1599,  1600,
         1602,  1604,  1606,  1607,  1608,  1609,  1610,  1611,  1612,  1613,
         1614,  1615,  1617,  1618,  1620,  1627,  1628,  1631,  1636,  1637,
         1641,  1642,  1643,  1644,  1645,  1647,  1649,  1651,  1652,  1656,
         1657,  1658,  1662,  1664,  1665,  1668,  1669,  1670,  1671,  1672,
         1674,  1677,  1678,  1679,  1682,  1685,  1687,  1688,  1690,  1691,
         1693,  1694,  1695,  1697,  1701,  1703,  1704,  1706,  1707,  1708,
         1712,  1714,  1716,  1717,  1718,  1719,  1720,  1721,  1722,  1723,
         1726,  1729,  1731,  1747,  1749,  1751,  1753,  1756,  1758,  1759,
         1760,  1762,  1764,  1765,  1766,  1767,  1768,  1771,  1773,  1774,
         1775,  1776,  1780,  1781,  1783,  1785,  1786,  1787,  1788,  1789,
         1791,  1792,  1793,  1795,  1796,  1797,  1798,  1801,  1805,  1809,
         1810,  1811,  1812,  1814,  1815,  1817,  1818,  1819,  1820,  1822,
         1824,  1825,  1827,  1829,  1831,  1832,  1833,  1837,  1840,  1841,
         1842,  1843,  1844,  1845,  1846,  1848,  1849,  1850,  1851,  1852,
         1853,  1854,  1856,  1858,  1859,  1862,  1863,  1865,  1866,  1868,
         1870,  1874,  1875,  1878,  1880,  1881,  1883,  1884,  1885,  1886,
         1888,  1890,  1891,  1894,  1896,  1897,  1898,  1899,  1901,  1904,
         1905,  1906,  1907,  1909,  1911,  1914,  1916,  1918,  1922,  1923,
         1924,  1926,  1927,  1932,  1934,  1935,  1936,  1937,  1939,  1940,
         1944,  1947,  1949,  1955,  1956,  1958,  1959,  1960,  1961,  1962,
         1963,  1965,  1971,  1973,  1974,  1976,  1979,  1980,  1981,  1982,
         1983,  1985,  1986,  1987,  1988,  1989,  1990,  1991,  1992,  1996,
         1997,  1999,  2000,  2001,  2002,  2003,  2005,  2007,  2008,  2015,
         2018,  2019,  2020,  2021,  2022,  2023,  2026,  2032,  2034,  2036,
         2040,  2041,  2045,  2046,  2047,  2049,  2050,  2051,  2053,  2054,
         2055,  2056,  2057,  2059,  2060,  2061,  2067,  2068,  2069,  2070,
         2071,  2072,  2073,  2074,  2075,  2076,  2077,  2078,  2080,  2081,
         2082,  2084,  2085,  2086,  2087,  2088,  2089,  2090,  2091,  2092,
         2094,  2095,  2097,  2098,  2101,  2102,  2104,  2105,  2107,  2109,
         2111,  2112,  2115,  2120,  2122,  2134,  2136,  2137,  2138,  2139,
         2141,  2142,  2143,  2144,  2146,  2147,  2150,  2151,  2156,  2158,
         2165,  2166,  2167,  2171,  2174,  2177,  2178,  2180,  2181,  2182,
         2183,  2186,  2188,  2191,  2192,  2193,  2194,  2195,  2196,  2199,
         2200,  2201,  2203,  2204,  2208,  2211,  2212,  2213,  2219,  2220,
         2221,  2222,  2223,  2224,  2225,  2227,  2229,  2230,  2231,  2232,
         2234,  2235,  2241,  2242,  2244,  2246,  2248,  2250,  2251,  2252,
         2253,  2256,  2257,  2259,  2260,  2262,  2264,  2265,  2269,  2271,
         2272,  2276,  2279,  2280,  2283,  2286,  2290,  2293,  2296,  2298,
         2300,  2301,  2302,  2303,  2304,  2306,  2308,  2309,  2310,  2311,
         2312,  2313,  2315,  2317,  2318,  2319,  2320,  2321,  2323,  2324,
         2326,  2328,  2331,  2334,  2335,  2337,  2338,  2339,  2340,  2341,
         2343,  2344,  2351,  2353,  2356,  2361,  2362,  2363,  2366,  2367,
         2370,  2371,  2372,  2373,  2374,  2375,  2376,  2377,  2378,  2379,
         2380,  2381,  2382,  2384,  2385,  2386,  2387,  2388,  2389,  2394,
         2395,  2397,  2398,  2402,  2404,  2405,  2407,  2411,  2412,  2415,
         2416,  2417,  2419,  2420,  2423,  2424,  2426,  2427,  2429,  2432,
         2436,  2437,  2439,  2442,  2443,  2444,  2445,  2446,  2447,  2448,
         2449,  2451,  2452,  2453,  2454,  2455,  2456,  2457,  2458,  2467,
         2469,  2470,  2471,  2474,  2478,  2480,  2482,  2483,  2486,  2490,
         2492,  2493,  2494,  2495,  2496,  2497,  2501,  2506,  2508,  2509,
         2510,  2512,  2514,  2515,  2516,  2517,  2518,  2519,  2520,  2521,
         2522,  2524,  2525,  2527,  2529,  2531,  2536,  2537,  2539,  2540,
         2541,  2542,  2543,  2544,  2545,  2546,  2547,  2548,  2549,  2550,
         2552,  2553,  2554,  2555,  2557,  2560,  2564,  2565,  2566,  2569,
         2570,  2571,  2572,  2576,  2577,  2578,  2579,  2580,  2581,  2582,
         2583,  2584,  2585,  2586,  2587,  2588,  2590,  2594,  2595,  2598,
         2599,  2600,  2601,  2602,  2603,  2604,  2605,  2606,  2608,  2610,
         2611,  2615,  2616,  2620,  2621,  2623,  2625,  2626,  2627,  2628,
         2629,  2630,  2631,  2636,  2637,  2638,  2641,  2643,  2644,  2645,
         2646,  2647,  2650,  2651,  2652,  2653,  2656,  2657,  2658,  2659,
         2660,  2661,  2664,  2666,  2669,  2670,  2672,  2673,  2674,  2675,
         2676,  2677,  2678,  2679,  2680,  2681,  2682,  2684,  2685,  2690,
         2691,  2692,  2693,  2694,  2696,  2697,  2698,  2700,  2705,  2706,
         2707,  2708,  2710,  2712,  2713,  2714,  2715,  2716,  2717,  2718,
         2719,  2720,  2722,  2723,  2724,  2725,  2727,  2730,  2731,  2732,
         2733,  2735,  2736,  2738,  2740,  2743,  2745,  2746,  2747,  2750,
         2752,  2753,  2754,  2756,  2757,  2758,  2759,  2761,  2763,  2766,
         2770,  2774,  2782,  2784,  2788,  2789,  2790,  2791,  2792,  2794,
         2797,  2799,  2800,  2801,  2803,  2806,  2807,  2808,  2811,  2812,
         2813,  2816,  2817,  2819,  2820,  2822,  2823,  2824,  2827,  2829,
         2832,  2833,  2834,  2835,  2836,  2837,  2840,  2843,  2845,  2846,
         2847,  2849,  2850,  2851,  2854,  2855,  2859,  2865,  2866,  2867,
         2868,  2872,  2875,  2876,  2878,  2879,  2880,  2882,  2883,  2884,
         2885,  2887,  2888,  2890,  2892,  2894,  2896,  2897,  2899,  2901,
         2902,  2906,  2909,  2913,  2914,  2916,  2917,  2918,  2919,  2920,
         2921,  2922,  2923,  2926,  2927,  2934,  2937,  2938,  2940,  2942,
         2943,  2944,  2945,  2950,  2952,  2954,  2955,  2956,  2958,  2960,
         2963,  2965,  2968,  2969,  2970,  2972,  2974,  2975,  2977,  2978,
         2982,  2983,  2984,  2985,  2986,  2988,  2990,  2991,  2992,  2993,
         2994,  2995,  2998,  2999,  3003,  3009,  3013,  3017,  3019,  3020,
         3021,  3022,  3023,  3026,  3028,  3030,  3031,  3032,  3033,  3039,
         3040,  3041,  3042,  3043,  3044,  3045,  3047,  3048,  3049,  3050,
         3054,  3055,  3056,  3057,  3060,  3063,  3064,  3067,  3070,  3074,
         3075,  3076,  3077,  3081,  3082,  3083,  3087,  3089,  3090,  3091,
         3092,  3093,  3094,  3095,  3096,  3098,  3099,  3100,  3101,  3102,
         3104,  3105,  3108,  3111,  3112,  3113,  3114,  3115,  3116,  3117,
         3118,  3120,  3121,  3122,  3123,  3124,  3125,  3131,  3133,  3135,
         3136,  3145,  3147,  3148,  3150,  3153,  3154,  3155,  3158,  3159,
         3162,  3163,  3164,  3172,  3173,  3174,  3176,  3178,  3179,  3180,
         3182,  3184,  3185,  3186,  3188,  3189,  3191,  3192,  3193,  3194,
         3195,  3200,  3201,  3202,  3204,  3205,  3206,  3207,  3208,  3209,
         3211,  3212,  3214,  3219,  3220,  3221,  3223,  3224,  3225,  3229,
         3230,  3231,  3232,  3233,  3235,  3239,  3240,  3242,  3243,  3249,
         3252,  3254,  3255,  3257,  3258,  3259,  3260,  3261,  3265,  3269,
         3275,  3278,  3279,  3281,  3282,  3283,  3284,  3286,  3287,  3288,
         3289,  3290,  3300,  3303,  3309,  3311,  3312,  3313,  3314,  3317,
         3320,  3321,  3323,  3324,  3325,  3329,  3332,  3334,  3337,  3340,
         3342,  3348,  3353,  3354,  3355,  3356,  3357,  3358,  3359,  3360,
         3361,  3362,  3364,  3365,  3366,  3367,  3368,  3369,  3370,  3371,
         3372,  3373,  3374,  3378,  3382,  3383,  3384,  3385,  3388,  3393,
         3394,  3397,  3398,  3400,  3401,  3405,  3409,  3410,  3411,  3414,
         3415,  3417,  3418,  3420,  3422,  3423,  3424,  3427,  3428,  3429,
         3430,  3431,  3432,  3434,  3435,  3436,  3437,  3438,  3440,  3442,
         3443,  3447,  3448,  3449,  3452,  3455,  3456,  3457,  3465,  3466,
         3467,  3468,  3471,  3472,  3473,  3475,  3476,  3478,  3479,  3480,
         3481,  3482,  3484,  3485,  3486,  3489,  3490,  3494,  3507,  3514,
         3515,  3518,  3519,  3520,  3521,  3522,  3524,  3526,  3529,  3530,
         3531,  3532,  3533,  3534,  3535,  3539,  3541,  3542,  3545,  3548,
         3550,  3551,  3552,  3553,  3554,  3556,  3557,  3558,  3559,  3561,
         3562,  3563,  3564,  3567,  3568,  3570,  3571,  3573,  3576,  3578,
         3579,  3580,  3581,  3582,  3583,  3584,  3585,  3586,  3587,  3588,
         3589,  3590,  3593,  3594,  3596,  3598,  3599,  3601,  3602,  3603,
         3604,  3605,  3606,  3607,  3608,  3611,  3614,  3615,  3620,  3621,
         3622,  3623,  3627,  3629,  3631,  3633,  3636,  3638,  3640,  3642,
         3643,  3644,  3645,  3646,  3647,  3648,  3649,  3650,  3651,  3652,
         3655,  3657,  3658,  3659,  3660,  3661,  3663,  3665,  3666,  3667,
         3670,  3672,  3675,  3679,  3684,  3686,  3687,  3688,  3690,  3691,
         3693,  3694,  3695,  3698,  3700,  3701,  3703,  3704,  3705,  3706,
         3707,  3708,  3710,  3711,  3712,  3714,  3715,  3716,  3718,  3723,
         3726,  3727,  3728,  3729,  3731,  3732,  3735,  3737,  3739,  3740,
         3741,  3743,  3744,  3745,  3748,  3750,  3752,  3753,  3754,  3755,
         3756,  3757,  3758,  3761,  3763,  3765,  3766,  3769,  3772,  3773,
         3775,  3776,  3780,  3783,  3784,  3787,  3793,  3795,  3796,  3797,
         3800,  3805,  3806,  3809,  3815,  3816,  3817,  3818,  3819,  3820,
         3822,  3823,  3824,  3825,  3826,  3827,  3828,  3829,  3830,  3833,
         3835,  3838,  3839,  3840,  3842,  3843,  3846,  3847,  3849,  3850,
         3851,  3853,  3856,  3858,  3862,  3865,  3867,  3868,  3869,  3870,
         3871,  3872,  3874,  3875,  3880,  3881,  3884,  3885,  3886,  3887,
         3888,  3889,  3890,  3893,  3894,  3896,  3897,  3900,  3901,  3902,
         3903,  3904,  3905,  3907,  3908,  3909,  3911,  3916,  3920,  3921,
         3923,  3924,  3926,  3927,  3928,  3929,  3930,  3934,  3935,  3936,
         3937,  3938,  3939,  3941,  3942,  3947,  3949,  3950,  3951,  3954,
         3955,  3959,  3960,  3961,  3964,  3965,  3966,  3967,  3968,  3969,
         3970,  3973,  3974,  3977,  3980,  3981,  3982,  3983,  3985,  3986,
         3987,  3988,  3989,  3990,  3991,  3992,  3996,  3997,  3998,  3999,
         4001,  4002,  4005,  4007,  4008,  4010,  4012,  4013,  4015,  4016,
         4020,  4021,  4024,  4027,  4030,  4034,  4036,  4038,  4040,  4041,
         4043,  4048,  4053,  4056,  4057,  4058,  4059,  4061,  4064,  4065,
         4066,  4067,  4068,  4069,  4071,  4072,  4073,  4074,  4075,  4076,
         4077,  4078,  4079,  4080,  4081,  4082,  4083,  4084,  4085,  4086,
         4087,  4090,  4091,  4092,  4094,  4095,  4096,  4097,  4099,  4104,
         4105,  4106,  4107,  4109,  4110,  4121,  4122,  4128,  4129,  4130,
         4131,  4132,  4133,  4135,  4136,  4139,  4140,  4141,  4144,  4146,
         4147,  4148,  4149,  4150,  4151,  4152,  4153,  4154,  4155,  4156,
         4157,  4159,  4165,  4167,  4169,  4170,  4171,  4172,  4173,  4174,
         4178,  4182,  4183,  4184,  4185,  4186,  4187,  4188,  4189,  4190,
         4191,  4192,  4193,  4194,  4195,  4198,  4199,  4200,  4201,  4202,
         4203,  4208,  4210,  4213,  4220,  4222,  4223,  4224,  4226,  4230,
         4232,  4233,  4234,  4235,  4236,  4237,  4238,  4239,  4240,  4241,
         4243,  4244,  4245,  4247,  4248,  4250,  4252,  4254,  4255,  4256,
         4257,  4258,  4259,  4260,  4261,  4262,  4263,  4264,  4265,  4266,
         4269,  4270,  4272,  4273,  4274,  4275,  4277,  4278,  4279,  4280,
         4282,  4283,  4284,  4287,  4290,  4291,  4293,  4297,  4298,  4300,
         4302,  4304,  4305,  4306,  4307,  4308,  4310,  4311,  4312,  4313,
         4314,  4315,  4316,  4317,  4318,  4319,  4320,  4321,  4322,  4323,
         4324,  4325,  4327,  4330,  4331,  4333,  4334,  4335,  4336,  4337,
         4338,  4339,  4341,  4343,  4344,  4349,  4350,  4358,  4359,  4360,
         4363,  4366,  4367,  4369,  4370,  4371,  4372,  4373,  4376,  4378,
         4379,  4382,  4383,  4384,  4386,  4387,  4388,  4390,  4391,  4393,
         4394,  4395,  4398,  4399,  4400,  4401,  4402,  4405,  4406,  4407,
         4408,  4409,  4410,  4411,  4412,  4414,  4415,  4416,  4417,  4418,
         4422,  4424,  4425,  4426,  4429,  4431,  4432,  4435,  4436,  4439,
         4442,  4443,  4444,  4445,  4446,  4447,  4449,  4451,  4452,  4453,
         4454,  4455,  4456,  4459,  4460,  4461,  4462,  4463,  4464,  4466,
         4468,  4469,  4470,  4473,  4479,  4480,  4482,  4490,  4491,  4492,
         4494,  4495,  4502,  4507,  4511,  4512,  4516,  4518,  4520,  4522,
         4527,  4528,  4529,  4530,  4531,  4537,  4539,  4540,  4541,  4542,
         4543,  4544,  4545,  4547,  4549,  4551,  4554,  4557,  4559,  4560,
         4561,  4562,  4566,  4571,  4574,  4575,  4576,  4577,  4578,  4581,
         4586,  4587,  4588,  4589,  4593,  4594,  4596,  4597,  4598,  4599,
         4600,  4602,  4603,  4604,  4606,  4609,  4610,  4611,  4612,  4616,
         4618,  4619,  4620,  4630,  4631,  4632,  4633,  4635,  4636,  4643,
         4644,  4650,  4652,  4654,  4656,  4657,  4658,  4659,  4660,  4662,
         4664,  4666,  4667,  4668,  4669,  4672,  4673,  4674,  4679,  4680,
         4682,  4683,  4684,  4685,  4686,  4687,  4688,  4690,  4692,  4693,
         4697,  4702,  4706,  4707,  4709,  4710,  4711,  4712,  4714,  4719,
         4720,  4721,  4722,  4723,  4725,  4726,  4727,  4728,  4729,  4730,
         4731,  4732,  4735,  4737,  4738,  4744,  4746,  4747,  4748,  4749,
         4751,  4754,  4755,  4758,  4760,  4762,  4763,  4764,  4765,  4766,
         4767,  4768,  4769,  4770,  4772,  4774,  4775,  4776,  4777,  4778,
         4779,  4780,  4781,  4784,  4785,  4786,  4787,  4791,  4792,  4793,
         4794,  4795,  4797,  4799,  4800,  4803,  4805,  4806,  4807,  4808,
         4810,  4813,  4814,  4815,  4816,  4817,  4818,  4820,  4822,  4825,
         4826,  4827,  4828,  4830,  4832,  4833,  4843,  4844,  4845,  4846,
         4848,  4849,  4850,  4852,  4853,  4854,  4856,  4858,  4859,  4860,
         4863,  4864,  4865,  4866,  4867,  4873,  4874,  4875,  4877,  4878,
         4879,  4880,  4881,  4885,  4886,  4888,  4892,  4905,  4906,  4907,
         4908,  4909,  4910,  4911,  4912,  4913,  4914,  4916,  4917,  4919,
         4920,  4922,  4923,  4926,  4928,  4931,  4932,  4933,  4934,  4935,
         4936,  4941,  4945,  4949,  4950,  4951,  4952,  4953,  4954,  4955,
         4956,  4957,  4958,  4961,  4964,  4965,  4966,  4967,  4968,  4969,
         4970,  4971,  4975,  4977,  4978,  4981,  4985,  4986,  4987,  4988,
         4990,  4995,  4997,  4999,  5001,  5002,  5003,  5006,  5011,  5012,
         5014,  5015,  5016,  5019,  5022,  5024,  5025,  5026,  5027,  5028,
         5029,  5030,  5032,  5034,  5037,  5039,  5040,  5041,  5043,  5044,
         5047,  5048,  5051,  5052,  5053,  5054,  5057,  5058,  5059,  5060,
         5061,  5062,  5064,  5065,  5070,  5072,  5073,  5075,  5078,  5082,
         5085,  5090,  5096,  5097,  5101,  5104,  5107,  5109,  5110,  5111,
         5112,  5114,  5115,  5116,  5120,  5121,  5123,  5132,  5133,  5135,
         5140,  5141,  5143,  5147,  5148,  5154,  5158,  5161,  5163,  5164,
         5166,  5167,  5168,  5170,  5172,  5174,  5175,  5177,  5179,  5182,
         5183,  5185,  5188,  5190,  5192,  5195,  5197,  5199,  5203,  5205,
         5208,  5211,  5218,  5220,  5221,  5224,  5226,  5227,  5228,  5229,
         5230,  5232,  5233,  5238,  5242,  5250,  5255,  5256,  5257,  5258,
         5260,  5261,  5262,  5264,  5268,  5269,  5270,  5273,  5277,  5278,
         5279,  5280,  5281,  5283,  5284,  5285,  5287,  5289,  5290,  5291,
         5294,  5296,  5297,  5298,  5299,  5300,  5301,  5303,  5306,  5307,
         5308,  5311,  5312,  5313,  5314,  5315,  5317,  5318,  5319,  5321,
         5322,  5324,  5325,  5327,  5331,  5332,  5335,  5338,  5339,  5340,
         5341,  5345,  5346,  5348,  5352,  5353,  5354,  5355,  5356,  5357,
         5358,  5359,  5361,  5363,  5364,  5365,  5366,  5367,  5368,  5369,
         5370,  5371,  5373,  5374,  5375,  5377,  5378,  5379,  5380,  5381,
         5387,  5388,  5390,  5392,  5393,  5396,  5398,  5402,  5403,  5407,
         5410,  5413,  5414,  5417,  5420,  5421,  5424,  5425
Total non-polymorphic = 3046


Population     8 [CR_01]  (Number of Individuals = 10)
****************
--------------------------------------------------------------------------
Lowest Allele Frequency Used     0.050       0.020       0.010         0+
--------------------------------------------------------------------------

LINKAGE DISEQUILIBRIUM METHOD

Harmonic Mean Sample Size =       10.0        10.0        10.0        10.0
Independent Comparisons =    2831010     2831010     2831010     2831010
OverAll r^2 =                 0.136318    0.136318    0.136318    0.136318
Expected r^2 Sample =         0.136900    0.136900    0.136900    0.136900
Estimated Ne^ =               Infinite    Infinite    Infinite    Infinite

95% CIs for Ne^
* Parametric                  Infinite    Infinite    Infinite    Infinite
                              Infinite    Infinite    Infinite    Infinite

* JackKnife on Samples           173.0       173.0       173.0       173.0
                              Infinite    Infinite    Infinite    Infinite


HETEROZYGOTE EXCESS METHOD

Harmonic Mean Sample Size =       10.0        10.0        10.0        10.0 
Independent Alleles =           2380        2380        2380        2380  
Weighted Mean D =             -0.01240    -0.01240    -0.01240    -0.01240
Estimated Neb^  =             Infinite    Infinite    Infinite    Infinite

95% CIs for Nb:
* Parametric                  Infinite    Infinite    Infinite    Infinite
                              Infinite    Infinite    Infinite    Infinite

MOLECULAR COANCESTRY METHOD

Harmonic Mean Sample Size =                                           10.0
OverAll f1^    =                                                   0.18674
Estimated Neb^ =                                                       2.7

95% CIs for Ne^
* Jackknife on Loci                                                    2.4
                                                                       3.0
**************************************************************************

Time: Fri May  9 02:00:51 2025


Population: PZ_01/CR_01,	2 Samples,	Sample Sizes: 12/10

TEMPORAL METHODS (Pollak, Nei/Tajima, Jorde/Ryman), Plan II.
--------------------------------------------------------------------------
Lowest Allele Frequency Used     0.050       0.020       0.010         0+
==========================================================================
Samples    1[PZ_01] & 2[CR_01]
Generations     0.0 & 1.5    

   Independent Alleles =        1649        2919        2919        2919
   -----------------------------------------------------------------------
  (Pollak)
   Harmonic Mean Samp Size =      10.9        10.9        10.9        10.9
                 Fk =          0.13754     0.12089     0.12089     0.12089
                 F' =          0.04587     0.02922     0.02922     0.02922
               * Ne =             16.3        25.7        25.7        25.7

     95% CIs for Ne:
     * Parametric                 13.4        21.0        21.0        21.0
                                  20.3        32.3        32.3        32.3
     * Jackknife on Loci          13.7        21.8        21.8        21.8
                                  19.8        30.7        30.7        30.7
   -----------------------------------------------------------------------
  (Nei/Tajima)
   Harmonic Mean Samp Size =      10.9        10.9        10.9        10.9
                 Fc =          0.12672     0.11341     0.11341     0.11341
                 F' =          0.03505     0.02174     0.02174     0.02174
               * Ne =             21.4        34.5        34.5        34.5

     95% CIs for Ne:
     * Parametric                 17.0        27.0        27.0        27.0
                                  28.0        46.5        46.5        46.5
     * Jackknife on Loci          17.6        28.6        28.6        28.6
                                  26.7        42.7        42.7        42.7
   -----------------------------------------------------------------------
  (Jorde/Ryman)
   Harmonic Mean Samp Size =      10.9        10.9        10.9        10.9
                 Fs =          0.14094     0.13589     0.13589     0.13589
                 F' =          0.04682     0.04185     0.04185     0.04185
               * Ne =             16.0        17.9        17.9        17.9

     95% CIs for Ne:
     * Parametric                 14.9        17.0        17.0        17.0
                                  17.1        18.9        18.9        18.9
     * Jackknife on Loci          13.3        14.9        14.9        14.9
                                  20.2        22.5        22.5        22.5
==========================================================================
Non-polymorphic loci:     2,     5,     6,     7,     8,     9,    10,    14,
           15,    17,    19,    20,    22,    24,    25,    26,    27,    29,
           30,    31,    32,    33,    36,    39,    40,    42,    44,    45,
           46,    47,    49,    50,    51,    52,    53,    55,    56,    57,
           58,    59,    61,    63,    64,    65,    66,    67,    68,    69,
           70,    72,    73,    75,    76,    77,    78,    79,    80,    81,
           82,    83,    84,    88,    89,    90,    91,    92,    93,    94,
           95,    96,    97,    98,    99,   100,   101,   102,   103,   108,
          110,   111,   112,   114,   116,   117,   119,   120,   121,   122,
          123,   124,   125,   128,   129,   130,   131,   132,   133,   134,
          135,   136,   137,   138,   139,   140,   141,   144,   145,   146,
          147,   148,   149,   150,   151,   152,   153,   154,   155,   158,
          159,   161,   162,   163,   164,   165,   166,   167,   168,   169,
          170,   171,   172,   173,   174,   175,   176,   177,   178,   179,
          180,   181,   182,   183,   184,   185,   186,   187,   188,   189,
          190,   191,   192,   193,   195,   196,   197,   198,   199,   200,
          201,   203,   206,   207,   209,   210,   211,   212,   213,   214,
          215,   222,   223,   224,   226,   227,   228,   229,   230,   231,
          233,   234,   235,   236,   240,   241,   243,   245,   246,   247,
          248,   249,   250,   251,   252,   253,   255,   256,   259,   260,
          262,   265,   266,   267,   268,   269,   270,   272,   274,   275,
          276,   277,   278,   279,   280,   281,   282,   283,   285,   286,
          288,   290,   291,   292,   293,   294,   295,   296,   297,   298,
          299,   300,   301,   302,   303,   304,   305,   306,   307,   308,
          309,   310,   312,   313,   314,   316,   317,   318,   320,   321,
          322,   323,   325,   326,   328,   329,   330,   331,   332,   333,
          334,   336,   337,   338,   341,   342,   344,   347,   349,   351,
          355,   356,   357,   358,   359,   361,   365,   366,   369,   371,
          372,   373,   374,   375,   377,   378,   379,   380,   382,   383,
          384,   385,   386,   387,   388,   389,   390,   391,   392,   393,
          394,   395,   396,   397,   398,   399,   400,   401,   402,   403,
          404,   405,   407,   408,   409,   410,   411,   412,   413,   417,
          418,   419,   421,   422,   423,   424,   425,   426,   427,   428,
          429,   430,   431,   432,   433,   434,   438,   439,   441,   442,
          443,   444,   445,   446,   447,   448,   449,   451,   453,   454,
          455,   456,   457,   458,   459,   460,   461,   462,   463,   464,
          465,   466,   467,   468,   469,   470,   471,   472,   473,   474,
          475,   477,   478,   479,   480,   481,   482,   483,   484,   485,
          486,   487,   488,   489,   491,   492,   493,   494,   495,   496,
          498,   501,   502,   503,   504,   506,   507,   508,   509,   510,
          512,   513,   514,   516,   517,   518,   519,   521,   522,   523,
          524,   525,   526,   527,   528,   529,   530,   531,   532,   535,
          536,   537,   538,   540,   543,   544,   546,   548,   549,   550,
          551,   552,   553,   554,   555,   556,   557,   558,   559,   560,
          561,   562,   563,   564,   565,   566,   567,   568,   569,   571,
          572,   573,   574,   575,   576,   578,   579,   580,   581,   583,
          586,   589,   592,   593,   594,   596,   597,   598,   599,   601,
          602,   603,   604,   607,   608,   610,   612,   614,   615,   616,
          618,   619,   621,   622,   627,   628,   629,   630,   631,   633,
          634,   635,   636,   637,   640,   641,   642,   643,   644,   645,
          646,   647,   648,   649,   652,   653,   654,   655,   656,   657,
          658,   660,   661,   662,   665,   666,   667,   669,   670,   671,
          672,   673,   674,   675,   676,   677,   678,   679,   681,   682,
          683,   684,   686,   687,   688,   689,   690,   691,   692,   693,
          695,   696,   698,   699,   700,   701,   702,   703,   704,   705,
          706,   707,   708,   709,   710,   711,   713,   714,   715,   716,
          717,   718,   719,   720,   721,   722,   723,   730,   733,   734,
          735,   737,   738,   739,   740,   741,   742,   743,   744,   745,
          746,   747,   749,   750,   751,   752,   753,   754,   755,   756,
          758,   759,   760,   761,   762,   765,   766,   767,   768,   775,
          776,   777,   779,   781,   782,   783,   786,   787,   788,   789,
          790,   791,   792,   794,   795,   796,   797,   798,   799,   800,
          802,   803,   804,   806,   808,   809,   810,   811,   812,   813,
          814,   817,   819,   820,   821,   822,   823,   824,   826,   827,
          828,   829,   830,   831,   832,   833,   834,   835,   836,   837,
          838,   840,   842,   843,   844,   845,   846,   847,   848,   849,
          850,   851,   852,   854,   855,   856,   858,   859,   860,   861,
          862,   863,   864,   865,   866,   868,   869,   870,   871,   872,
          873,   874,   875,   876,   877,   878,   879,   880,   881,   882,
          883,   884,   885,   886,   887,   888,   889,   891,   892,   893,
          894,   897,   898,   899,   900,   902,   903,   908,   909,   910,
          911,   912,   913,   914,   915,   916,   918,   919,   920,   921,
          922,   923,   924,   926,   927,   929,   930,   931,   932,   933,
          934,   935,   936,   937,   938,   940,   941,   942,   943,   944,
          945,   946,   947,   948,   949,   950,   951,   953,   954,   958,
          959,   960,   961,   962,   964,   966,   969,   970,   971,   972,
          973,   974,   976,   977,   978,   979,   980,   981,   982,   983,
          984,   985,   986,   987,   988,   989,   990,   991,   992,   993,
          994,   995,   996,   997,   998,   999,  1000,  1002,  1003,  1004,
         1005,  1006,  1007,  1009,  1010,  1014,  1017,  1020,  1021,  1022,
         1026,  1027,  1028,  1029,  1033,  1034,  1035,  1036,  1037,  1039,
         1042,  1045,  1047,  1050,  1051,  1052,  1053,  1054,  1055,  1056,
         1057,  1058,  1059,  1060,  1061,  1062,  1064,  1065,  1066,  1067,
         1068,  1070,  1074,  1075,  1076,  1077,  1078,  1080,  1081,  1084,
         1085,  1086,  1087,  1088,  1089,  1090,  1091,  1092,  1093,  1094,
         1095,  1096,  1097,  1098,  1099,  1100,  1101,  1102,  1103,  1104,
         1105,  1106,  1109,  1110,  1111,  1112,  1114,  1115,  1116,  1117,
         1118,  1119,  1120,  1121,  1122,  1123,  1125,  1126,  1127,  1129,
         1131,  1132,  1133,  1135,  1136,  1137,  1139,  1141,  1142,  1143,
         1144,  1145,  1146,  1148,  1149,  1150,  1152,  1153,  1155,  1156,
         1158,  1160,  1161,  1162,  1163,  1164,  1165,  1166,  1167,  1169,
         1170,  1171,  1172,  1174,  1175,  1176,  1177,  1178,  1179,  1180,
         1181,  1182,  1183,  1184,  1185,  1186,  1187,  1189,  1190,  1191,
         1192,  1193,  1196,  1197,  1198,  1199,  1200,  1201,  1202,  1203,
         1207,  1209,  1210,  1211,  1212,  1213,  1214,  1216,  1217,  1218,
         1219,  1220,  1221,  1222,  1223,  1224,  1225,  1226,  1227,  1229,
         1231,  1232,  1233,  1234,  1235,  1236,  1237,  1239,  1240,  1242,
         1243,  1245,  1247,  1248,  1249,  1250,  1251,  1252,  1255,  1256,
         1257,  1258,  1261,  1262,  1263,  1264,  1265,  1266,  1267,  1268,
         1273,  1275,  1276,  1277,  1278,  1279,  1280,  1281,  1282,  1283,
         1284,  1285,  1287,  1288,  1289,  1290,  1291,  1292,  1293,  1294,
         1295,  1296,  1297,  1298,  1302,  1303,  1304,  1305,  1306,  1308,
         1309,  1310,  1311,  1313,  1316,  1319,  1322,  1323,  1324,  1325,
         1326,  1330,  1333,  1334,  1335,  1336,  1337,  1338,  1339,  1340,
         1341,  1343,  1344,  1346,  1347,  1348,  1349,  1353,  1354,  1355,
         1356,  1358,  1359,  1360,  1361,  1362,  1363,  1364,  1365,  1367,
         1368,  1369,  1370,  1371,  1373,  1374,  1375,  1376,  1378,  1380,
         1381,  1382,  1383,  1384,  1385,  1386,  1387,  1388,  1390,  1391,
         1393,  1395,  1396,  1398,  1399,  1400,  1401,  1402,  1403,  1404,
         1405,  1406,  1407,  1408,  1409,  1412,  1413,  1415,  1418,  1419,
         1420,  1421,  1422,  1424,  1426,  1428,  1430,  1431,  1432,  1434,
         1435,  1436,  1439,  1440,  1441,  1442,  1443,  1444,  1445,  1447,
         1449,  1450,  1451,  1452,  1453,  1454,  1455,  1456,  1458,  1459,
         1460,  1463,  1465,  1466,  1468,  1469,  1470,  1471,  1472,  1474,
         1475,  1476,  1478,  1480,  1481,  1482,  1483,  1484,  1485,  1486,
         1487,  1488,  1489,  1490,  1491,  1492,  1493,  1494,  1495,  1497,
         1498,  1499,  1500,  1501,  1502,  1503,  1504,  1506,  1507,  1508,
         1509,  1513,  1516,  1518,  1519,  1520,  1521,  1522,  1523,  1526,
         1527,  1528,  1529,  1530,  1531,  1532,  1536,  1537,  1538,  1539,
         1542,  1543,  1545,  1547,  1548,  1550,  1552,  1553,  1554,  1555,
         1557,  1558,  1561,  1562,  1563,  1564,  1565,  1566,  1567,  1568,
         1569,  1571,  1572,  1574,  1575,  1576,  1577,  1578,  1579,  1580,
         1581,  1588,  1589,  1590,  1592,  1593,  1594,  1595,  1596,  1597,
         1598,  1599,  1600,  1602,  1604,  1606,  1607,  1608,  1609,  1610,
         1611,  1612,  1614,  1615,  1617,  1618,  1627,  1630,  1631,  1632,
         1636,  1637,  1638,  1639,  1640,  1641,  1642,  1643,  1644,  1647,
         1651,  1652,  1653,  1654,  1656,  1657,  1658,  1660,  1661,  1662,
         1664,  1665,  1666,  1667,  1668,  1670,  1672,  1673,  1675,  1676,
         1677,  1679,  1680,  1686,  1687,  1690,  1691,  1693,  1694,  1695,
         1696,  1697,  1701,  1703,  1704,  1705,  1706,  1707,  1708,  1709,
         1713,  1714,  1716,  1717,  1718,  1719,  1720,  1721,  1722,  1723,
         1724,  1726,  1728,  1729,  1730,  1731,  1736,  1739,  1740,  1745,
         1746,  1747,  1749,  1750,  1751,  1752,  1753,  1754,  1755,  1756,
         1757,  1758,  1759,  1760,  1762,  1764,  1765,  1766,  1768,  1769,
         1771,  1772,  1773,  1774,  1775,  1776,  1777,  1778,  1779,  1780,
         1781,  1783,  1784,  1785,  1786,  1787,  1788,  1789,  1790,  1791,
         1792,  1795,  1796,  1797,  1798,  1799,  1800,  1801,  1802,  1803,
         1805,  1806,  1808,  1809,  1810,  1811,  1812,  1813,  1814,  1815,
         1816,  1817,  1819,  1820,  1821,  1822,  1823,  1824,  1825,  1827,
         1829,  1831,  1835,  1836,  1837,  1838,  1839,  1840,  1841,  1842,
         1843,  1847,  1848,  1849,  1850,  1851,  1852,  1853,  1854,  1856,
         1859,  1860,  1861,  1862,  1863,  1864,  1865,  1866,  1867,  1868,
         1869,  1870,  1872,  1873,  1874,  1875,  1876,  1878,  1879,  1880,
         1881,  1883,  1884,  1885,  1886,  1887,  1888,  1889,  1890,  1891,
         1892,  1894,  1896,  1897,  1898,  1899,  1900,  1901,  1904,  1905,
         1906,  1907,  1909,  1911,  1912,  1914,  1915,  1916,  1917,  1918,
         1922,  1923,  1924,  1927,  1931,  1932,  1933,  1934,  1935,  1936,
         1937,  1938,  1939,  1940,  1942,  1944,  1947,  1949,  1950,  1954,
         1955,  1957,  1958,  1961,  1962,  1963,  1964,  1965,  1966,  1970,
         1971,  1972,  1973,  1974,  1975,  1976,  1977,  1978,  1979,  1980,
         1981,  1982,  1983,  1984,  1985,  1986,  1987,  1988,  1989,  1990,
         1991,  1992,  1996,  1997,  1998,  1999,  2000,  2001,  2002,  2003,
         2004,  2006,  2007,  2009,  2010,  2012,  2014,  2015,  2016,  2018,
         2019,  2020,  2021,  2022,  2026,  2029,  2032,  2033,  2034,  2035,
         2036,  2038,  2039,  2040,  2041,  2043,  2045,  2046,  2047,  2049,
         2050,  2051,  2053,  2054,  2055,  2056,  2057,  2059,  2060,  2064,
         2065,  2066,  2067,  2068,  2069,  2070,  2071,  2072,  2073,  2074,
         2075,  2076,  2077,  2078,  2080,  2082,  2083,  2084,  2085,  2086,
         2088,  2089,  2091,  2092,  2094,  2095,  2097,  2098,  2101,  2102,
         2104,  2105,  2107,  2109,  2111,  2112,  2113,  2114,  2115,  2117,
         2118,  2119,  2120,  2122,  2123,  2126,  2130,  2132,  2134,  2135,
         2136,  2137,  2138,  2139,  2140,  2141,  2142,  2143,  2144,  2146,
         2147,  2149,  2150,  2155,  2156,  2158,  2160,  2161,  2162,  2164,
         2165,  2166,  2167,  2171,  2174,  2175,  2177,  2178,  2179,  2180,
         2181,  2182,  2183,  2184,  2185,  2186,  2188,  2190,  2191,  2192,
         2193,  2194,  2195,  2196,  2197,  2198,  2199,  2200,  2201,  2202,
         2204,  2205,  2206,  2207,  2208,  2210,  2212,  2213,  2215,  2216,
         2217,  2219,  2220,  2221,  2222,  2223,  2225,  2226,  2228,  2229,
         2230,  2231,  2232,  2233,  2234,  2235,  2237,  2239,  2240,  2241,
         2242,  2244,  2247,  2248,  2250,  2251,  2252,  2253,  2254,  2255,
         2256,  2257,  2258,  2259,  2260,  2261,  2262,  2263,  2264,  2265,
         2266,  2267,  2269,  2270,  2271,  2272,  2275,  2276,  2279,  2280,
         2282,  2283,  2284,  2286,  2288,  2289,  2290,  2292,  2293,  2294,
         2295,  2297,  2298,  2299,  2300,  2301,  2302,  2303,  2304,  2305,
         2306,  2307,  2308,  2309,  2310,  2312,  2313,  2315,  2316,  2317,
         2318,  2319,  2320,  2321,  2323,  2324,  2326,  2327,  2328,  2329,
         2334,  2335,  2336,  2337,  2338,  2339,  2340,  2341,  2342,  2343,
         2344,  2345,  2346,  2347,  2348,  2350,  2351,  2352,  2353,  2354,
         2356,  2357,  2358,  2359,  2360,  2361,  2362,  2363,  2365,  2366,
         2367,  2368,  2369,  2370,  2371,  2372,  2373,  2374,  2375,  2376,
         2377,  2378,  2379,  2380,  2381,  2382,  2383,  2384,  2385,  2386,
         2387,  2388,  2389,  2390,  2392,  2393,  2394,  2395,  2396,  2397,
         2398,  2399,  2400,  2401,  2402,  2404,  2405,  2406,  2407,  2408,
         2409,  2410,  2411,  2412,  2415,  2416,  2417,  2418,  2419,  2420,
         2421,  2422,  2423,  2424,  2425,  2426,  2427,  2428,  2429,  2430,
         2432,  2436,  2437,  2438,  2439,  2442,  2443,  2444,  2445,  2446,
         2447,  2448,  2449,  2451,  2452,  2453,  2454,  2455,  2456,  2457,
         2458,  2467,  2469,  2470,  2471,  2474,  2475,  2478,  2479,  2480,
         2482,  2483,  2484,  2486,  2490,  2492,  2493,  2494,  2495,  2496,
         2497,  2499,  2504,  2505,  2506,  2508,  2509,  2510,  2512,  2514,
         2516,  2517,  2518,  2519,  2520,  2521,  2522,  2524,  2525,  2526,
         2527,  2528,  2529,  2531,  2537,  2538,  2539,  2540,  2541,  2542,
         2543,  2544,  2545,  2546,  2547,  2548,  2549,  2550,  2552,  2553,
         2554,  2555,  2556,  2557,  2560,  2563,  2564,  2565,  2566,  2567,
         2568,  2571,  2572,  2573,  2574,  2575,  2578,  2582,  2584,  2585,
         2586,  2587,  2588,  2590,  2593,  2594,  2595,  2597,  2598,  2599,
         2600,  2601,  2602,  2603,  2604,  2605,  2606,  2608,  2609,  2610,
         2611,  2614,  2615,  2616,  2617,  2618,  2619,  2620,  2621,  2622,
         2623,  2624,  2625,  2628,  2633,  2635,  2637,  2638,  2639,  2640,
         2642,  2643,  2644,  2645,  2646,  2647,  2648,  2649,  2650,  2651,
         2652,  2653,  2654,  2655,  2656,  2657,  2658,  2659,  2660,  2661,
         2662,  2669,  2670,  2671,  2672,  2673,  2674,  2675,  2676,  2677,
         2678,  2679,  2680,  2682,  2683,  2684,  2685,  2686,  2687,  2689,
         2690,  2691,  2692,  2693,  2694,  2695,  2696,  2697,  2698,  2699,
         2700,  2701,  2702,  2703,  2704,  2705,  2706,  2707,  2708,  2709,
         2710,  2711,  2712,  2713,  2714,  2715,  2716,  2717,  2718,  2719,
         2720,  2721,  2722,  2723,  2724,  2727,  2730,  2731,  2732,  2733,
         2734,  2735,  2736,  2738,  2739,  2740,  2744,  2745,  2746,  2747,
         2750,  2752,  2753,  2754,  2755,  2756,  2757,  2758,  2759,  2760,
         2761,  2762,  2763,  2764,  2765,  2766,  2767,  2768,  2770,  2773,
         2774,  2775,  2776,  2779,  2780,  2781,  2782,  2783,  2784,  2785,
         2788,  2789,  2790,  2791,  2792,  2793,  2794,  2797,  2799,  2800,
         2801,  2806,  2807,  2808,  2809,  2811,  2812,  2813,  2814,  2816,
         2817,  2818,  2819,  2820,  2822,  2823,  2824,  2825,  2827,  2828,
         2829,  2831,  2832,  2833,  2834,  2835,  2836,  2837,  2839,  2840,
         2841,  2842,  2843,  2844,  2845,  2846,  2847,  2848,  2849,  2851,
         2852,  2853,  2854,  2855,  2857,  2858,  2859,  2863,  2865,  2866,
         2867,  2868,  2870,  2872,  2873,  2875,  2876,  2877,  2878,  2879,
         2880,  2882,  2883,  2884,  2885,  2888,  2889,  2890,  2892,  2893,
         2894,  2895,  2896,  2897,  2898,  2899,  2900,  2901,  2902,  2904,
         2905,  2906,  2912,  2913,  2914,  2915,  2916,  2917,  2918,  2923,
         2926,  2927,  2932,  2934,  2936,  2937,  2938,  2939,  2940,  2941,
         2942,  2943,  2944,  2945,  2948,  2950,  2951,  2952,  2954,  2955,
         2956,  2957,  2958,  2960,  2962,  2963,  2964,  2965,  2966,  2967,
         2968,  2969,  2970,  2971,  2972,  2973,  2974,  2975,  2976,  2977,
         2978,  2982,  2983,  2984,  2985,  2986,  2987,  2988,  2989,  2990,
         2991,  2993,  2994,  2995,  2996,  2998,  2999,  3003,  3009,  3013,
         3017,  3018,  3019,  3020,  3021,  3022,  3023,  3027,  3030,  3031,
         3032,  3033,  3034,  3036,  3037,  3039,  3040,  3041,  3042,  3043,
         3044,  3045,  3046,  3047,  3048,  3049,  3050,  3051,  3054,  3055,
         3056,  3057,  3058,  3059,  3060,  3062,  3063,  3064,  3067,  3070,
         3072,  3073,  3074,  3075,  3076,  3077,  3080,  3081,  3082,  3083,
         3084,  3085,  3086,  3087,  3088,  3089,  3090,  3091,  3092,  3093,
         3094,  3095,  3096,  3097,  3098,  3099,  3100,  3101,  3102,  3104,
         3105,  3106,  3107,  3108,  3111,  3114,  3116,  3117,  3118,  3119,
         3120,  3121,  3122,  3123,  3124,  3125,  3127,  3128,  3129,  3130,
         3131,  3132,  3133,  3135,  3138,  3139,  3141,  3143,  3145,  3146,
         3147,  3148,  3150,  3151,  3153,  3154,  3155,  3156,  3157,  3158,
         3160,  3161,  3162,  3163,  3165,  3167,  3168,  3169,  3170,  3172,
         3173,  3174,  3175,  3176,  3177,  3178,  3179,  3180,  3181,  3182,
         3183,  3184,  3185,  3186,  3189,  3191,  3192,  3193,  3194,  3195,
         3196,  3197,  3199,  3200,  3201,  3202,  3203,  3204,  3205,  3206,
         3207,  3208,  3209,  3211,  3212,  3214,  3215,  3217,  3218,  3220,
         3221,  3222,  3223,  3224,  3225,  3226,  3227,  3228,  3229,  3230,
         3231,  3232,  3233,  3234,  3235,  3237,  3239,  3240,  3242,  3243,
         3244,  3249,  3252,  3254,  3255,  3256,  3257,  3259,  3260,  3261,
         3265,  3267,  3269,  3274,  3275,  3277,  3278,  3279,  3280,  3281,
         3282,  3283,  3284,  3285,  3286,  3287,  3288,  3289,  3290,  3291,
         3292,  3293,  3294,  3295,  3296,  3297,  3298,  3299,  3300,  3301,
         3302,  3303,  3305,  3306,  3307,  3308,  3309,  3311,  3312,  3313,
         3314,  3316,  3319,  3323,  3324,  3327,  3328,  3329,  3330,  3332,
         3333,  3334,  3335,  3336,  3337,  3338,  3340,  3341,  3342,  3344,
         3346,  3347,  3348,  3349,  3350,  3351,  3353,  3354,  3355,  3356,
         3360,  3361,  3362,  3364,  3368,  3369,  3370,  3372,  3373,  3374,
         3376,  3377,  3378,  3379,  3382,  3383,  3384,  3385,  3386,  3388,
         3390,  3393,  3394,  3395,  3396,  3397,  3398,  3399,  3400,  3401,
         3402,  3403,  3404,  3405,  3406,  3407,  3409,  3410,  3411,  3412,
         3413,  3414,  3416,  3417,  3418,  3420,  3421,  3422,  3423,  3424,
         3425,  3426,  3427,  3428,  3429,  3430,  3431,  3432,  3433,  3434,
         3435,  3436,  3437,  3438,  3440,  3441,  3442,  3443,  3444,  3445,
         3447,  3448,  3449,  3450,  3452,  3454,  3455,  3456,  3457,  3460,
         3462,  3463,  3464,  3465,  3466,  3467,  3468,  3469,  3470,  3471,
         3472,  3473,  3474,  3475,  3476,  3477,  3479,  3480,  3481,  3482,
         3483,  3484,  3485,  3486,  3487,  3488,  3489,  3490,  3491,  3493,
         3494,  3495,  3496,  3497,  3499,  3500,  3502,  3504,  3505,  3507,
         3508,  3512,  3514,  3515,  3516,  3517,  3518,  3519,  3520,  3521,
         3522,  3524,  3526,  3529,  3530,  3532,  3534,  3538,  3539,  3540,
         3541,  3542,  3543,  3545,  3546,  3548,  3549,  3550,  3551,  3552,
         3553,  3554,  3555,  3556,  3557,  3558,  3559,  3561,  3562,  3563,
         3564,  3566,  3567,  3568,  3569,  3570,  3571,  3573,  3576,  3578,
         3579,  3580,  3581,  3582,  3583,  3584,  3585,  3586,  3587,  3588,
         3589,  3590,  3591,  3592,  3593,  3594,  3595,  3596,  3597,  3598,
         3599,  3600,  3601,  3602,  3603,  3604,  3605,  3606,  3607,  3608,
         3609,  3610,  3611,  3613,  3614,  3615,  3617,  3619,  3620,  3621,
         3622,  3623,  3626,  3627,  3628,  3629,  3630,  3631,  3632,  3633,
         3636,  3638,  3639,  3640,  3642,  3646,  3647,  3648,  3649,  3650,
         3651,  3652,  3653,  3655,  3656,  3657,  3658,  3659,  3661,  3663,
         3665,  3666,  3668,  3669,  3670,  3671,  3672,  3675,  3679,  3680,
         3684,  3686,  3687,  3688,  3692,  3693,  3694,  3695,  3696,  3697,
         3700,  3701,  3703,  3704,  3705,  3706,  3707,  3708,  3710,  3711,
         3712,  3714,  3715,  3716,  3717,  3718,  3721,  3723,  3724,  3725,
         3726,  3727,  3728,  3729,  3730,  3731,  3732,  3734,  3735,  3737,
         3743,  3745,  3746,  3747,  3748,  3749,  3750,  3752,  3753,  3754,
         3756,  3757,  3758,  3761,  3762,  3763,  3765,  3766,  3769,  3770,
         3772,  3773,  3775,  3776,  3780,  3783,  3784,  3785,  3787,  3788,
         3789,  3790,  3791,  3792,  3793,  3794,  3795,  3796,  3797,  3798,
         3799,  3800,  3801,  3803,  3804,  3805,  3806,  3807,  3808,  3809,
         3810,  3815,  3816,  3817,  3818,  3819,  3820,  3821,  3822,  3823,
         3824,  3825,  3826,  3827,  3828,  3829,  3830,  3831,  3832,  3833,
         3834,  3835,  3837,  3838,  3839,  3840,  3842,  3843,  3844,  3845,
         3847,  3848,  3850,  3851,  3852,  3853,  3854,  3856,  3858,  3859,
         3860,  3861,  3862,  3865,  3867,  3869,  3870,  3871,  3872,  3874,
         3875,  3876,  3877,  3878,  3879,  3880,  3881,  3882,  3883,  3884,
         3885,  3886,  3888,  3889,  3891,  3892,  3893,  3894,  3896,  3897,
         3899,  3900,  3902,  3903,  3904,  3906,  3907,  3908,  3909,  3910,
         3911,  3912,  3913,  3914,  3915,  3916,  3917,  3918,  3921,  3923,
         3926,  3927,  3928,  3929,  3930,  3935,  3936,  3937,  3938,  3939,
         3941,  3942,  3945,  3947,  3948,  3949,  3951,  3955,  3956,  3961,
         3962,  3963,  3964,  3965,  3966,  3968,  3969,  3970,  3971,  3972,
         3973,  3974,  3975,  3976,  3977,  3978,  3979,  3980,  3981,  3982,
         3983,  3985,  3986,  3987,  3988,  3989,  3990,  3991,  3992,  3994,
         3995,  3996,  3997,  3998,  3999,  4000,  4001,  4004,  4006,  4007,
         4008,  4010,  4011,  4012,  4013,  4014,  4015,  4016,  4017,  4020,
         4021,  4024,  4027,  4028,  4029,  4030,  4031,  4034,  4035,  4036,
         4038,  4039,  4040,  4041,  4042,  4043,  4044,  4045,  4046,  4047,
         4048,  4050,  4051,  4052,  4053,  4055,  4056,  4057,  4058,  4061,
         4062,  4063,  4064,  4065,  4066,  4070,  4071,  4072,  4073,  4074,
         4075,  4076,  4077,  4078,  4079,  4080,  4081,  4082,  4083,  4084,
         4085,  4086,  4087,  4089,  4091,  4092,  4093,  4094,  4095,  4096,
         4097,  4099,  4100,  4104,  4105,  4106,  4107,  4108,  4109,  4110,
         4111,  4112,  4114,  4115,  4116,  4117,  4120,  4121,  4124,  4127,
         4128,  4129,  4130,  4131,  4132,  4133,  4135,  4136,  4138,  4139,
         4140,  4141,  4143,  4144,  4145,  4146,  4147,  4148,  4149,  4150,
         4151,  4152,  4153,  4155,  4157,  4159,  4161,  4162,  4163,  4164,
         4165,  4166,  4167,  4169,  4170,  4171,  4172,  4173,  4175,  4178,
         4179,  4182,  4183,  4184,  4185,  4186,  4188,  4189,  4190,  4191,
         4192,  4193,  4194,  4195,  4196,  4197,  4198,  4199,  4200,  4201,
         4202,  4203,  4204,  4205,  4207,  4208,  4209,  4210,  4213,  4216,
         4218,  4219,  4220,  4221,  4222,  4223,  4224,  4225,  4226,  4227,
         4228,  4229,  4230,  4231,  4232,  4233,  4234,  4235,  4236,  4237,
         4238,  4239,  4240,  4241,  4243,  4244,  4245,  4247,  4248,  4250,
         4251,  4252,  4253,  4254,  4255,  4256,  4257,  4258,  4259,  4260,
         4261,  4262,  4263,  4264,  4265,  4266,  4267,  4268,  4269,  4270,
         4271,  4272,  4273,  4274,  4275,  4276,  4277,  4278,  4279,  4280,
         4282,  4283,  4284,  4287,  4288,  4290,  4291,  4293,  4298,  4299,
         4300,  4301,  4302,  4305,  4306,  4307,  4308,  4310,  4311,  4312,
         4313,  4314,  4315,  4316,  4317,  4318,  4319,  4320,  4321,  4322,
         4323,  4324,  4325,  4326,  4327,  4330,  4331,  4332,  4333,  4334,
         4335,  4336,  4337,  4338,  4339,  4341,  4344,  4345,  4349,  4350,
         4351,  4357,  4358,  4359,  4360,  4361,  4362,  4363,  4364,  4365,
         4366,  4367,  4368,  4371,  4372,  4373,  4375,  4376,  4378,  4379,
         4380,  4381,  4382,  4383,  4384,  4391,  4393,  4394,  4395,  4396,
         4398,  4399,  4400,  4401,  4402,  4403,  4404,  4405,  4406,  4407,
         4408,  4409,  4412,  4413,  4414,  4416,  4417,  4422,  4423,  4424,
         4429,  4430,  4431,  4432,  4433,  4434,  4435,  4436,  4438,  4439,
         4440,  4442,  4444,  4446,  4447,  4448,  4449,  4450,  4456,  4457,
         4458,  4460,  4461,  4462,  4463,  4464,  4466,  4467,  4468,  4469,
         4470,  4471,  4473,  4475,  4479,  4480,  4482,  4487,  4488,  4489,
         4491,  4495,  4496,  4498,  4499,  4500,  4501,  4502,  4503,  4504,
         4505,  4506,  4507,  4508,  4509,  4510,  4512,  4513,  4514,  4515,
         4517,  4518,  4519,  4520,  4521,  4522,  4523,  4524,  4525,  4526,
         4527,  4528,  4529,  4530,  4531,  4532,  4533,  4537,  4539,  4540,
         4541,  4542,  4543,  4544,  4545,  4546,  4547,  4548,  4549,  4550,
         4551,  4552,  4553,  4556,  4557,  4558,  4559,  4560,  4561,  4562,
         4563,  4564,  4571,  4572,  4574,  4575,  4576,  4577,  4578,  4581,
         4584,  4585,  4586,  4587,  4588,  4589,  4591,  4593,  4594,  4595,
         4596,  4597,  4598,  4599,  4600,  4601,  4602,  4603,  4604,  4606,
         4608,  4609,  4610,  4611,  4612,  4613,  4614,  4616,  4617,  4618,
         4619,  4620,  4621,  4623,  4630,  4631,  4632,  4633,  4634,  4635,
         4638,  4640,  4641,  4643,  4644,  4646,  4649,  4650,  4651,  4652,
         4654,  4655,  4656,  4657,  4658,  4659,  4660,  4661,  4662,  4663,
         4664,  4665,  4666,  4667,  4668,  4669,  4670,  4671,  4672,  4673,
         4674,  4675,  4676,  4677,  4678,  4679,  4685,  4686,  4687,  4688,
         4689,  4690,  4693,  4694,  4695,  4697,  4698,  4700,  4701,  4702,
         4703,  4704,  4705,  4706,  4707,  4708,  4710,  4711,  4713,  4714,
         4719,  4720,  4721,  4722,  4723,  4725,  4728,  4729,  4730,  4731,
         4732,  4733,  4734,  4735,  4737,  4738,  4739,  4741,  4744,  4746,
         4748,  4750,  4751,  4753,  4754,  4755,  4756,  4757,  4758,  4759,
         4760,  4762,  4763,  4764,  4765,  4766,  4767,  4768,  4769,  4771,
         4772,  4773,  4774,  4775,  4776,  4777,  4778,  4780,  4781,  4784,
         4785,  4786,  4787,  4789,  4790,  4791,  4792,  4793,  4794,  4795,
         4796,  4797,  4798,  4799,  4800,  4801,  4802,  4803,  4805,  4806,
         4807,  4808,  4809,  4810,  4811,  4812,  4814,  4815,  4816,  4819,
         4820,  4823,  4825,  4826,  4827,  4828,  4829,  4830,  4832,  4833,
         4834,  4841,  4843,  4844,  4845,  4846,  4847,  4848,  4849,  4850,
         4852,  4853,  4854,  4855,  4856,  4857,  4858,  4859,  4860,  4861,
         4863,  4864,  4865,  4866,  4867,  4868,  4869,  4870,  4871,  4872,
         4873,  4874,  4875,  4876,  4877,  4878,  4879,  4880,  4881,  4883,
         4884,  4885,  4886,  4887,  4888,  4889,  4892,  4894,  4895,  4896,
         4897,  4898,  4899,  4900,  4901,  4902,  4903,  4904,  4905,  4906,
         4907,  4908,  4909,  4910,  4911,  4912,  4913,  4914,  4915,  4916,
         4917,  4918,  4919,  4920,  4922,  4923,  4924,  4926,  4929,  4930,
         4931,  4932,  4933,  4934,  4935,  4936,  4945,  4946,  4947,  4948,
         4949,  4950,  4953,  4954,  4955,  4956,  4957,  4958,  4959,  4960,
         4961,  4962,  4963,  4965,  4971,  4972,  4973,  4974,  4975,  4977,
         4978,  4980,  4981,  4984,  4987,  4988,  4989,  4990,  4995,  4997,
         4998,  4999,  5000,  5001,  5002,  5003,  5004,  5005,  5006,  5007,
         5011,  5012,  5013,  5014,  5015,  5016,  5017,  5018,  5019,  5020,
         5021,  5022,  5023,  5024,  5025,  5026,  5027,  5028,  5029,  5030,
         5031,  5032,  5033,  5034,  5037,  5039,  5040,  5041,  5042,  5043,
         5044,  5047,  5048,  5051,  5052,  5053,  5054,  5055,  5056,  5057,
         5058,  5059,  5060,  5061,  5062,  5063,  5064,  5065,  5066,  5067,
         5068,  5069,  5070,  5071,  5072,  5073,  5074,  5075,  5076,  5077,
         5078,  5079,  5081,  5082,  5085,  5086,  5087,  5088,  5089,  5090,
         5091,  5092,  5093,  5094,  5096,  5097,  5098,  5099,  5101,  5102,
         5103,  5104,  5108,  5109,  5110,  5111,  5112,  5113,  5114,  5115,
         5116,  5117,  5119,  5120,  5121,  5122,  5123,  5124,  5125,  5126,
         5127,  5128,  5129,  5130,  5131,  5132,  5133,  5134,  5135,  5137,
         5138,  5139,  5140,  5142,  5147,  5148,  5152,  5154,  5155,  5156,
         5157,  5158,  5159,  5160,  5161,  5163,  5164,  5165,  5166,  5167,
         5168,  5169,  5170,  5171,  5172,  5173,  5174,  5175,  5176,  5177,
         5178,  5179,  5182,  5183,  5184,  5185,  5188,  5190,  5196,  5197,
         5199,  5200,  5202,  5203,  5205,  5208,  5211,  5218,  5219,  5220,
         5221,  5224,  5225,  5226,  5227,  5229,  5230,  5232,  5233,  5234,
         5238,  5241,  5242,  5246,  5247,  5248,  5249,  5250,  5251,  5252,
         5255,  5257,  5258,  5259,  5260,  5261,  5263,  5264,  5266,  5267,
         5268,  5269,  5270,  5271,  5275,  5276,  5277,  5278,  5279,  5280,
         5281,  5283,  5284,  5285,  5286,  5287,  5288,  5290,  5294,  5295,
         5296,  5297,  5298,  5299,  5300,  5301,  5302,  5303,  5305,  5306,
         5307,  5308,  5309,  5310,  5311,  5312,  5313,  5314,  5315,  5317,
         5318,  5319,  5320,  5321,  5328,  5330,  5331,  5332,  5335,  5338,
         5339,  5340,  5341,  5342,  5345,  5346,  5347,  5348,  5350,  5352,
         5355,  5356,  5357,  5358,  5359,  5360,  5361,  5362,  5363,  5364,
         5366,  5367,  5368,  5369,  5370,  5371,  5372,  5373,  5374,  5375,
         5376,  5377,  5378,  5379,  5380,  5381,  5382,  5383,  5384,  5386,
         5387,  5388,  5389,  5390,  5391,  5392,  5393,  5395,  5396,  5397,
         5398,  5399,  5400,  5401,  5402,  5403,  5404,  5405,  5406,  5407,
         5408,  5409,  5410,  5412,  5413,  5414,  5415,  5417,  5418,  5419,
         5420,  5421,  5424,  5425,  5426
Total non-polymorphic = 4083


Population     9 [IT_01]  (Number of Individuals = 3)
****************
--------------------------------------------------------------------------
Lowest Allele Frequency Used     0.050       0.020       0.010         0+
--------------------------------------------------------------------------

LINKAGE DISEQUILIBRIUM METHOD

Harmonic Mean Sample Size =        3.0         3.0         3.0         3.0
Independent Comparisons =     901153      901153      901153      901153
OverAll r^2 =                 0.640176    0.640176    0.640176    0.640176
Expected r^2 Sample =         0.797467    0.797467    0.797467    0.797467
Estimated Ne^ =               Infinite    Infinite    Infinite    Infinite

95% CIs for Ne^
* Parametric                  Infinite    Infinite    Infinite    Infinite
                              Infinite    Infinite    Infinite    Infinite

* JackKnife on Samples        Infinite    Infinite    Infinite    Infinite
                              Infinite    Infinite    Infinite    Infinite


HETEROZYGOTE EXCESS METHOD

Harmonic Mean Sample Size =        3.0         3.0         3.0         3.0 
Independent Alleles =           1343        1343        1343        1343  
Weighted Mean D =             -0.01276    -0.01276    -0.01276    -0.01276
Estimated Neb^  =             Infinite    Infinite    Infinite    Infinite

95% CIs for Nb:
* Parametric                      84.8        84.8        84.8        84.8
                              Infinite    Infinite    Infinite    Infinite

MOLECULAR COANCESTRY METHOD

Harmonic Mean Sample Size =                                            3.0
OverAll f1^    =                                                   0.00000
Estimated Neb^ =                                                  Infinite

95% CIs for Ne^
* Jackknife on Loci                                               Infinite
                                                                  Infinite
**************************************************************************

Ending time: Fri May  9 02:00:55 2025
-------------------------------------

