"threshold","var.names","var.idx","var.values"
5.22952289890902e-05,"loc0_pos133.A",9,9.82390055246002e-05
5.22952289890902e-05,"loc0_pos133.T",10,9.82390055246002e-05
5.22952289890902e-05,"loc1_pos29.T",13,7.31682860877933e-05
5.22952289890902e-05,"loc1_pos29.A",14,7.31682860877932e-05
5.22952289890902e-05,"loc1_pos97.T",15,7.31682860877933e-05
5.22952289890902e-05,"loc1_pos97.A",16,7.31682860877932e-05
5.22952289890902e-05,"loc1_pos100.A",17,7.31682860877933e-05
5.22952289890902e-05,"loc1_pos100.T",18,7.31682860877932e-05
5.22952289890902e-05,"loc1_pos101.T",19,7.31682860877933e-05
5.22952289890902e-05,"loc1_pos101.A",20,7.31682860877932e-05
5.22952289890902e-05,"loc4_pos12.A",31,0.000243925960876903
5.22952289890902e-05,"loc4_pos12.T",32,0.000243925960876903
5.22952289890902e-05,"loc5_pos33.A",39,9.3386167052614e-05
5.22952289890902e-05,"loc5_pos33.T",40,9.33861670526139e-05
5.22952289890902e-05,"loc6_pos9.T",43,0.000702278838936972
5.22952289890902e-05,"loc6_pos9.A",44,0.000702278838936972
5.22952289890902e-05,"loc10_pos47.A",53,0.000280147354691727
5.22952289890902e-05,"loc10_pos47.T",54,0.000280147354691727
5.22952289890902e-05,"loc12_pos9.A",67,9.80765697510397e-05
5.22952289890902e-05,"loc12_pos9.T",68,9.80765697510397e-05
5.22952289890902e-05,"loc12_pos47.A",69,0.000177906866905802
5.22952289890902e-05,"loc12_pos47.T",70,0.000177906866905802
5.22952289890902e-05,"loc12_pos59.A",71,0.000282449517192372
5.22952289890902e-05,"loc12_pos59.T",72,0.000282449517192372
5.22952289890902e-05,"loc12_pos62.A",73,0.000103491244500392
5.22952289890902e-05,"loc12_pos62.T",74,0.000103491244500392
5.22952289890902e-05,"loc12_pos72.A",79,6.30713976339489e-05
5.22952289890902e-05,"loc12_pos72.T",80,6.30713976339489e-05
5.22952289890902e-05,"loc13_pos25.A",89,0.00090195131092162
5.22952289890902e-05,"loc13_pos25.T",90,0.00090195131092162
5.22952289890902e-05,"loc13_pos114.A",101,0.000133070473530505
5.22952289890902e-05,"loc13_pos114.T",102,0.000133070473530505
5.22952289890902e-05,"loc14_pos20.A",105,0.00168732955808592
5.22952289890902e-05,"loc14_pos20.T",106,0.00168732955808592
5.22952289890902e-05,"loc16_pos92.A",113,6.63216363953823e-05
5.22952289890902e-05,"loc16_pos92.T",114,6.63216363953822e-05
5.22952289890902e-05,"loc17_pos19.T",115,0.000276083277767175
5.22952289890902e-05,"loc17_pos19.A",116,0.000276083277767175
5.22952289890902e-05,"loc17_pos34.A",117,0.000111358948700456
5.22952289890902e-05,"loc17_pos34.T",118,0.000111358948700456
5.22952289890902e-05,"loc17_pos39.T",119,0.000600132778937965
5.22952289890902e-05,"loc17_pos39.A",120,0.000600132778937965
5.22952289890902e-05,"loc17_pos49.A",121,0.000146242143162454
5.22952289890902e-05,"loc17_pos49.T",122,0.000146242143162454
5.22952289890902e-05,"loc17_pos66.A",123,6.21236179619299e-05
5.22952289890902e-05,"loc17_pos66.T",124,6.21236179619299e-05
5.22952289890902e-05,"loc23_pos102.A",143,0.000116255981349932
5.22952289890902e-05,"loc23_pos102.T",144,0.000116255981349932
5.22952289890902e-05,"loc29_pos32.A",167,5.61977833081655e-05
5.22952289890902e-05,"loc29_pos32.T",168,5.61977833081655e-05
5.22952289890902e-05,"loc32_pos69.A",189,7.56430873405933e-05
5.22952289890902e-05,"loc32_pos69.T",190,7.56430873405933e-05
5.22952289890902e-05,"loc33_pos79.A",195,0.000206835020985236
5.22952289890902e-05,"loc33_pos79.T",196,0.000206835020985236
5.22952289890902e-05,"loc33_pos125.T",197,0.000367899575069596
5.22952289890902e-05,"loc33_pos125.A",198,0.000367899575069596
5.22952289890902e-05,"loc34_pos5.A",201,0.000252199038163773
5.22952289890902e-05,"loc34_pos5.T",202,0.000252199038163773
5.22952289890902e-05,"loc34_pos40.A",205,0.000365525898232623
5.22952289890902e-05,"loc34_pos40.T",206,0.000365525898232623
5.22952289890902e-05,"loc38_pos159.A",227,0.00137385186000319
5.22952289890902e-05,"loc38_pos159.T",228,0.00137385186000319
5.22952289890902e-05,"loc38_pos195.A",231,0.00137385186000319
5.22952289890902e-05,"loc38_pos195.T",232,0.00137385186000319
5.22952289890902e-05,"loc41_pos95.A",239,0.000114305789206811
5.22952289890902e-05,"loc41_pos95.T",240,0.000114305789206811
5.22952289890902e-05,"loc41_pos100.A",241,0.000114305789206811
5.22952289890902e-05,"loc41_pos100.T",242,0.000114305789206811
5.22952289890902e-05,"loc41_pos130.T",243,0.000114305789206811
5.22952289890902e-05,"loc41_pos130.A",244,0.000114305789206811
5.22952289890902e-05,"loc41_pos136.A",245,0.000114305789206811
5.22952289890902e-05,"loc41_pos136.T",246,0.000114305789206811
5.22952289890902e-05,"loc43_pos21.T",255,0.000296532998960938
5.22952289890902e-05,"loc43_pos21.A",256,0.000296532998960938
5.22952289890902e-05,"loc43_pos22.T",257,0.000296532998960938
5.22952289890902e-05,"loc43_pos22.A",258,0.000296532998960938
5.22952289890902e-05,"loc45_pos24.A",267,6.89536585670102e-05
5.22952289890902e-05,"loc45_pos24.T",268,6.89536585670102e-05
5.22952289890902e-05,"loc47_pos119.A",281,5.76449490055622e-05
5.22952289890902e-05,"loc47_pos119.T",282,5.76449490055622e-05
5.22952289890902e-05,"loc60_pos63.A",293,0.000156400516874985
5.22952289890902e-05,"loc60_pos63.T",294,0.000156400516874985
5.22952289890902e-05,"loc60_pos166.A",299,0.000392148728292772
5.22952289890902e-05,"loc60_pos166.T",300,0.000392148728292772
5.22952289890902e-05,"loc61_pos76.A",315,0.000118172111371397
5.22952289890902e-05,"loc61_pos76.T",316,0.000118172111371397
5.22952289890902e-05,"loc64_pos17.A",329,0.000117759506321519
5.22952289890902e-05,"loc64_pos17.T",330,0.000117759506321519
5.22952289890902e-05,"loc64_pos59.A",335,0.000463972127873945
5.22952289890902e-05,"loc64_pos59.T",336,0.000463972127873945
5.22952289890902e-05,"loc66_pos99.A",361,6.76610018661153e-05
5.22952289890902e-05,"loc66_pos99.T",362,6.76610018661153e-05
5.22952289890902e-05,"loc70_pos41.A",371,5.74611827061775e-05
5.22952289890902e-05,"loc70_pos41.T",372,5.74611827061775e-05
5.22952289890902e-05,"loc72_pos28.A",381,0.000517277578752855
5.22952289890902e-05,"loc72_pos28.T",382,0.000517277578752855
5.22952289890902e-05,"loc74_pos15.A",397,0.000118172111371397
5.22952289890902e-05,"loc74_pos15.T",398,0.000118172111371397
5.22952289890902e-05,"loc74_pos81.T",401,0.000505423709681753
5.22952289890902e-05,"loc74_pos81.A",402,0.000505423709681753
5.22952289890902e-05,"loc74_pos84.T",403,0.000505423709681753
5.22952289890902e-05,"loc74_pos84.A",404,0.000505423709681753
5.22952289890902e-05,"loc74_pos114.A",409,0.000437021361089036
5.22952289890902e-05,"loc74_pos114.T",410,0.000437021361089036
5.22952289890902e-05,"loc78_pos56.A",425,0.000158086300189973
5.22952289890902e-05,"loc78_pos56.T",426,0.000158086300189973
5.22952289890902e-05,"loc78_pos57.A",427,0.000158086300189973
5.22952289890902e-05,"loc78_pos57.T",428,0.000158086300189973
5.22952289890902e-05,"loc78_pos63.A",429,0.000158086300189973
5.22952289890902e-05,"loc78_pos63.T",430,0.000158086300189973
5.22952289890902e-05,"loc78_pos119.A",431,0.000158086300189973
5.22952289890902e-05,"loc78_pos119.T",432,0.000158086300189973
5.22952289890902e-05,"loc81_pos111.A",451,0.000405406772703338
5.22952289890902e-05,"loc81_pos111.T",452,0.000405406772703338
5.22952289890902e-05,"loc81_pos129.A",453,0.000379310091927617
5.22952289890902e-05,"loc81_pos129.T",454,0.000379310091927617
5.22952289890902e-05,"loc84_pos59.T",463,0.000237333571607966
5.22952289890902e-05,"loc84_pos59.A",464,0.000237333571607966
5.22952289890902e-05,"loc85_pos26.T",465,0.000919702696676797
5.22952289890902e-05,"loc85_pos26.A",466,0.000919702696676797
5.22952289890902e-05,"loc85_pos59.A",467,0.000697510388199079
5.22952289890902e-05,"loc85_pos59.T",468,0.000697510388199079
5.22952289890902e-05,"loc85_pos98.A",469,0.000697510388199079
5.22952289890902e-05,"loc85_pos98.T",470,0.000697510388199079
5.22952289890902e-05,"loc86_pos97.A",479,0.00139743329797187
5.22952289890902e-05,"loc86_pos97.T",480,0.00139743329797187
5.22952289890902e-05,"loc90_pos18.T",499,6.28917124314472e-05
5.22952289890902e-05,"loc90_pos18.A",500,6.28917124314472e-05
5.22952289890902e-05,"loc90_pos69.T",505,0.000697468103362412
5.22952289890902e-05,"loc90_pos69.A",506,0.000697468103362412
5.22952289890902e-05,"loc90_pos82.T",507,6.28917124314472e-05
5.22952289890902e-05,"loc90_pos82.A",508,6.28917124314472e-05
5.22952289890902e-05,"loc92_pos41.A",513,0.000753936216120696
5.22952289890902e-05,"loc92_pos41.T",514,0.000753936216120697
5.22952289890902e-05,"loc96_pos148.A",525,0.000202832231347876
5.22952289890902e-05,"loc96_pos148.T",526,0.000202832231347876
5.22952289890902e-05,"loc102_pos146.A",555,0.000111020840811041
5.22952289890902e-05,"loc102_pos146.T",556,0.000111020840811041
5.22952289890902e-05,"loc104_pos52.T",565,0.000218268829642502
5.22952289890902e-05,"loc104_pos52.A",566,0.000218268829642502
5.22952289890902e-05,"loc104_pos68.A",569,9.76981937998392e-05
5.22952289890902e-05,"loc104_pos68.T",570,9.76981937998392e-05
5.22952289890902e-05,"loc106_pos122.A",605,0.00010150129571471
5.22952289890902e-05,"loc106_pos122.T",606,0.00010150129571471
5.22952289890902e-05,"loc107_pos58.A",613,0.000225092522460109
5.22952289890902e-05,"loc107_pos58.T",614,0.000225092522460109
5.22952289890902e-05,"loc109_pos66.A",621,0.00024414767351172
5.22952289890902e-05,"loc109_pos66.T",622,0.00024414767351172
5.22952289890902e-05,"loc109_pos104.A",629,0.000490596998146889
5.22952289890902e-05,"loc109_pos104.T",630,0.000490596998146889
5.22952289890902e-05,"loc111_pos84.A",647,5.81464144862368e-05
5.22952289890902e-05,"loc111_pos84.T",648,5.81464144862368e-05
5.22952289890902e-05,"loc112_pos49.A",655,8.39934254816124e-05
5.22952289890902e-05,"loc112_pos49.T",656,8.39934254816124e-05
5.22952289890902e-05,"loc113_pos39.A",659,0.000291685795026335
5.22952289890902e-05,"loc113_pos39.T",660,0.000291685795026335
5.22952289890902e-05,"loc113_pos101.A",661,0.000134245059820466
5.22952289890902e-05,"loc113_pos101.T",662,0.000134245059820466
5.22952289890902e-05,"loc118_pos55.A",681,0.0002095932965555
5.22952289890902e-05,"loc118_pos55.T",682,0.0002095932965555
5.22952289890902e-05,"loc118_pos101.A",685,0.000410989516962113
5.22952289890902e-05,"loc118_pos101.T",686,0.000410989516962113
5.22952289890902e-05,"loc118_pos106.A",689,0.000410989516962113
5.22952289890902e-05,"loc118_pos106.T",690,0.000410989516962113
5.22952289890902e-05,"loc119_pos60.A",699,0.000180524391087686
5.22952289890902e-05,"loc119_pos60.T",700,0.000180524391087686
5.22952289890902e-05,"loc124_pos92.A",719,0.000329435825238384
5.22952289890902e-05,"loc124_pos92.T",720,0.000329435825238384
5.22952289890902e-05,"loc124_pos98.A",721,0.000329435825238384
5.22952289890902e-05,"loc124_pos98.T",722,0.000329435825238384
5.22952289890902e-05,"loc124_pos101.A",723,0.000299982322288985
5.22952289890902e-05,"loc124_pos101.T",724,0.000299982322288985
5.22952289890902e-05,"loc125_pos34.A",729,0.000143321117989397
5.22952289890902e-05,"loc125_pos34.T",730,0.000143321117989397
5.22952289890902e-05,"loc125_pos111.A",733,0.000329435825238384
5.22952289890902e-05,"loc125_pos111.T",734,0.000329435825238384
5.22952289890902e-05,"loc126_pos84.T",741,0.00178470927638098
5.22952289890902e-05,"loc126_pos84.A",742,0.00178470927638098
5.22952289890902e-05,"loc127_pos199.A",751,0.00193242005048204
5.22952289890902e-05,"loc127_pos199.T",752,0.00193242005048204
5.22952289890902e-05,"loc143_pos109.A",823,0.000525128984833576
5.22952289890902e-05,"loc143_pos109.T",824,0.000525128984833576
5.22952289890902e-05,"loc145_pos91.A",833,5.74611827061775e-05
5.22952289890902e-05,"loc145_pos91.T",834,5.74611827061775e-05
5.22952289890902e-05,"loc148_pos146.A",843,0.000163847782930304
5.22952289890902e-05,"loc148_pos146.T",844,0.000163847782930304
5.22952289890902e-05,"loc150_pos28.A",853,0.000634452907840583
5.22952289890902e-05,"loc150_pos28.T",854,0.000634452907840583
5.22952289890902e-05,"loc152_pos130.A",863,0.00140879469374684
5.22952289890902e-05,"loc152_pos130.T",864,0.00140879469374684
5.22952289890902e-05,"loc153_pos42.A",865,6.61327841196894e-05
5.22952289890902e-05,"loc153_pos42.T",866,6.61327841196894e-05
5.22952289890902e-05,"loc154_pos48.A",869,0.000448212782672436
5.22952289890902e-05,"loc154_pos48.T",870,0.000448212782672436
5.22952289890902e-05,"loc154_pos95.A",875,8.46767443786462e-05
5.22952289890902e-05,"loc154_pos95.T",876,8.46767443786462e-05
5.22952289890902e-05,"loc156_pos13.A",889,0.000211668149986318
5.22952289890902e-05,"loc156_pos13.T",890,0.000211668149986318
5.22952289890902e-05,"loc156_pos20.A",891,0.000151766496429405
5.22952289890902e-05,"loc156_pos20.T",892,0.000151766496429405
5.22952289890902e-05,"loc156_pos29.T",893,0.000604244447093486
5.22952289890902e-05,"loc156_pos29.A",894,0.000604244447093486
5.22952289890902e-05,"loc159_pos101.T",897,5.74611827061775e-05
5.22952289890902e-05,"loc159_pos101.A",898,5.74611827061775e-05
5.22952289890902e-05,"loc162_pos93.A",905,7.1567639830747e-05
5.22952289890902e-05,"loc162_pos93.T",906,7.15676398307471e-05
5.22952289890902e-05,"loc166_pos143.T",929,0.000271546764037235
5.22952289890902e-05,"loc166_pos143.A",930,0.000271546764037235
5.22952289890902e-05,"loc174_pos53.A",951,0.000186655698539357
5.22952289890902e-05,"loc174_pos53.T",952,0.000186655698539357
5.22952289890902e-05,"loc179_pos223.A",961,5.26880170869902e-05
5.22952289890902e-05,"loc179_pos223.T",962,5.26880170869903e-05
5.22952289890902e-05,"loc180_pos15.A",963,0.000257790329499972
5.22952289890902e-05,"loc180_pos15.T",964,0.000257790329499972
5.22952289890902e-05,"loc180_pos23.A",965,0.000266959733273677
5.22952289890902e-05,"loc180_pos23.T",966,0.000266959733273677
5.22952289890902e-05,"loc182_pos126.A",975,0.00127910886482243
5.22952289890902e-05,"loc182_pos126.T",976,0.00127910886482243
5.22952289890902e-05,"loc188_pos69.T",987,0.000700748307139682
5.22952289890902e-05,"loc188_pos69.A",988,0.000700748307139683
5.22952289890902e-05,"loc188_pos71.T",989,0.000700748307139682
5.22952289890902e-05,"loc188_pos71.A",990,0.000700748307139683
5.22952289890902e-05,"loc188_pos101.A",993,7.93278409880598e-05
5.22952289890902e-05,"loc188_pos101.T",994,7.93278409880598e-05
5.22952289890902e-05,"loc188_pos107.A",997,0.000166972257338988
5.22952289890902e-05,"loc188_pos107.T",998,0.000166972257338988
5.22952289890902e-05,"loc195_pos62.A",1019,0.000103421873996267
5.22952289890902e-05,"loc195_pos62.T",1020,0.000103421873996267
5.22952289890902e-05,"loc197_pos77.A",1029,0.000320654214476964
5.22952289890902e-05,"loc197_pos77.T",1030,0.000320654214476965
5.22952289890902e-05,"loc203_pos92.A",1069,0.000308743981276499
5.22952289890902e-05,"loc203_pos92.T",1070,0.000308743981276499
5.22952289890902e-05,"loc205_pos109.T",1083,0.000217797996260352
5.22952289890902e-05,"loc205_pos109.A",1084,0.000217797996260352
5.22952289890902e-05,"loc208_pos61.A",1101,0.000131983720026859
5.22952289890902e-05,"loc208_pos61.T",1102,0.000131983720026859
5.22952289890902e-05,"loc208_pos124.A",1107,0.000301584304542862
5.22952289890902e-05,"loc208_pos124.T",1108,0.000301584304542862
5.22952289890902e-05,"loc210_pos57.A",1117,0.000205606221283879
5.22952289890902e-05,"loc210_pos57.T",1118,0.000205606221283878
5.22952289890902e-05,"loc214_pos196.A",1141,0.000133992854842787
5.22952289890902e-05,"loc214_pos196.T",1142,0.000133992854842787
5.22952289890902e-05,"loc215_pos26.A",1143,0.00044067415668386
5.22952289890902e-05,"loc215_pos26.T",1144,0.00044067415668386
5.22952289890902e-05,"loc215_pos49.A",1151,5.28815839220666e-05
5.22952289890902e-05,"loc215_pos49.T",1152,5.28815839220666e-05
5.22952289890902e-05,"loc215_pos58.A",1157,0.00044067415668386
5.22952289890902e-05,"loc215_pos58.T",1158,0.00044067415668386
5.22952289890902e-05,"loc215_pos117.A",1169,0.000582990678473167
5.22952289890902e-05,"loc215_pos117.T",1170,0.000582990678473167
5.22952289890902e-05,"loc215_pos127.A",1171,0.000582990678473167
5.22952289890902e-05,"loc215_pos127.T",1172,0.000582990678473167
5.22952289890902e-05,"loc217_pos65.A",1179,0.000375331703876649
5.22952289890902e-05,"loc217_pos65.T",1180,0.000375331703876649
5.22952289890902e-05,"loc217_pos79.A",1181,0.000126809115193203
5.22952289890902e-05,"loc217_pos79.T",1182,0.000126809115193203
5.22952289890902e-05,"loc220_pos23.A",1199,0.000790419090754811
5.22952289890902e-05,"loc220_pos23.T",1200,0.000790419090754811
5.22952289890902e-05,"loc221_pos23.A",1201,0.000430589426218445
5.22952289890902e-05,"loc221_pos23.T",1202,0.000430589426218445
5.22952289890902e-05,"loc221_pos96.T",1203,5.74756451029622e-05
5.22952289890902e-05,"loc221_pos96.A",1204,5.74756451029622e-05
5.22952289890902e-05,"loc221_pos125.A",1207,9.84981190101046e-05
5.22952289890902e-05,"loc221_pos125.T",1208,9.84981190101046e-05
5.22952289890902e-05,"loc223_pos43.A",1211,0.000272927494718971
5.22952289890902e-05,"loc223_pos43.T",1212,0.000272927494718971
5.22952289890902e-05,"loc223_pos60.T",1215,0.000272927494718971
5.22952289890902e-05,"loc223_pos60.A",1216,0.000272927494718971
5.22952289890902e-05,"loc224_pos50.A",1223,0.000442458408716177
5.22952289890902e-05,"loc224_pos50.T",1224,0.000442458408716177
5.22952289890902e-05,"loc226_pos203.A",1235,0.000248656426865276
5.22952289890902e-05,"loc226_pos203.T",1236,0.000248656426865276
5.22952289890902e-05,"loc227_pos28.A",1241,8.10050391329288e-05
5.22952289890902e-05,"loc227_pos28.T",1242,8.10050391329288e-05
5.22952289890902e-05,"loc227_pos54.A",1249,0.000329387959918068
5.22952289890902e-05,"loc227_pos54.T",1250,0.000329387959918067
5.22952289890902e-05,"loc227_pos58.T",1253,0.000462985460161313
5.22952289890902e-05,"loc227_pos58.A",1254,0.000462985460161313
5.22952289890902e-05,"loc227_pos60.A",1255,9.38000633688047e-05
5.22952289890902e-05,"loc227_pos60.T",1256,9.38000633688047e-05
5.22952289890902e-05,"loc229_pos62.A",1265,0.000109747776160892
5.22952289890902e-05,"loc229_pos62.T",1266,0.000109747776160892
5.22952289890902e-05,"loc229_pos146.A",1267,0.000109747776160892
5.22952289890902e-05,"loc229_pos146.T",1268,0.000109747776160892
5.22952289890902e-05,"loc230_pos118.A",1277,0.00020774844156216
5.22952289890902e-05,"loc230_pos118.T",1278,0.00020774844156216
5.22952289890902e-05,"loc231_pos63.A",1281,0.000195562340292
5.22952289890902e-05,"loc231_pos63.T",1282,0.000195562340292
5.22952289890902e-05,"loc239_pos69.A",1297,0.000428912223567234
5.22952289890902e-05,"loc239_pos69.T",1298,0.000428912223567234
5.22952289890902e-05,"loc241_pos94.A",1303,9.30416367185218e-05
5.22952289890902e-05,"loc241_pos94.T",1304,9.30416367185218e-05
5.22952289890902e-05,"loc242_pos71.A",1307,6.29423910459571e-05
5.22952289890902e-05,"loc242_pos71.T",1308,6.29423910459572e-05
5.22952289890902e-05,"loc242_pos92.A",1309,0.000778842023136381
5.22952289890902e-05,"loc242_pos92.T",1310,0.000778842023136381
5.22952289890902e-05,"loc244_pos38.A",1317,9.33267657296036e-05
5.22952289890902e-05,"loc244_pos38.T",1318,9.33267657296036e-05
5.22952289890902e-05,"loc244_pos113.A",1325,9.33267657296036e-05
5.22952289890902e-05,"loc244_pos113.T",1326,9.33267657296036e-05
5.22952289890902e-05,"loc247_pos40.A",1349,0.000367731395214853
5.22952289890902e-05,"loc247_pos40.T",1350,0.000367731395214853
5.22952289890902e-05,"loc248_pos50.A",1359,0.000162082422976274
5.22952289890902e-05,"loc248_pos50.T",1360,0.000162082422976274
5.22952289890902e-05,"loc248_pos70.A",1365,9.07563644512391e-05
5.22952289890902e-05,"loc248_pos70.T",1366,9.07563644512391e-05
5.22952289890902e-05,"loc249_pos113.A",1377,0.000553459162918244
5.22952289890902e-05,"loc249_pos113.T",1378,0.000553459162918244
5.22952289890902e-05,"loc252_pos26.A",1383,0.000285110619422333
5.22952289890902e-05,"loc252_pos26.T",1384,0.000285110619422333
5.22952289890902e-05,"loc253_pos152.A",1393,0.000153949640697109
5.22952289890902e-05,"loc253_pos152.T",1394,0.000153949640697109
5.22952289890902e-05,"loc255_pos38.A",1397,0.000154940593408945
5.22952289890902e-05,"loc255_pos38.T",1398,0.000154940593408945
5.22952289890902e-05,"loc255_pos87.A",1409,0.000103589228145498
5.22952289890902e-05,"loc255_pos87.T",1410,0.000103589228145498
5.22952289890902e-05,"loc255_pos113.A",1413,0.00025830988455909
5.22952289890902e-05,"loc255_pos113.T",1414,0.00025830988455909
5.22952289890902e-05,"loc257_pos15.A",1421,0.000314764925193345
5.22952289890902e-05,"loc257_pos15.T",1422,0.000314764925193345
5.22952289890902e-05,"loc257_pos41.A",1423,0.000352112011681912
5.22952289890902e-05,"loc257_pos41.T",1424,0.000352112011681912
5.22952289890902e-05,"loc257_pos42.A",1425,0.000314764925193345
5.22952289890902e-05,"loc257_pos42.T",1426,0.000314764925193345
5.22952289890902e-05,"loc257_pos70.T",1427,0.000314764925193345
5.22952289890902e-05,"loc257_pos70.A",1428,0.000314764925193345
5.22952289890902e-05,"loc257_pos128.T",1429,0.000314764925193345
5.22952289890902e-05,"loc257_pos128.A",1430,0.000314764925193345
5.22952289890902e-05,"loc258_pos31.T",1431,0.000314764925193345
5.22952289890902e-05,"loc258_pos31.A",1432,0.000314764925193345
5.22952289890902e-05,"loc259_pos63.T",1437,0.00158482416814132
5.22952289890902e-05,"loc259_pos63.A",1438,0.00158482416814132
5.22952289890902e-05,"loc260_pos63.T",1439,0.00158482416814132
5.22952289890902e-05,"loc260_pos63.A",1440,0.00158482416814132
5.22952289890902e-05,"loc263_pos90.A",1451,8.61422804665874e-05
5.22952289890902e-05,"loc263_pos90.T",1452,8.61422804665875e-05
5.22952289890902e-05,"loc263_pos120.A",1453,8.61422804665874e-05
5.22952289890902e-05,"loc263_pos120.T",1454,8.61422804665875e-05
5.22952289890902e-05,"loc264_pos75.A",1455,0.000119840874063916
5.22952289890902e-05,"loc264_pos75.T",1456,0.000119840874063916
5.22952289890902e-05,"loc264_pos105.A",1457,8.90134364030246e-05
5.22952289890902e-05,"loc264_pos105.T",1458,8.90134364030246e-05
5.22952289890902e-05,"loc265_pos28.A",1461,8.90418875001173e-05
5.22952289890902e-05,"loc265_pos28.T",1462,8.90418875001173e-05
5.22952289890902e-05,"loc265_pos109.A",1473,0.00213876565995366
5.22952289890902e-05,"loc265_pos109.T",1474,0.00213876565995366
5.22952289890902e-05,"loc265_pos121.A",1477,0.00213876565995366
5.22952289890902e-05,"loc265_pos121.T",1478,0.00213876565995366
5.22952289890902e-05,"loc269_pos120.A",1503,0.000509542347640224
5.22952289890902e-05,"loc269_pos120.T",1504,0.000509542347640224
5.22952289890902e-05,"loc274_pos19.A",1527,0.000272765993024964
5.22952289890902e-05,"loc274_pos19.T",1528,0.000272765993024964
5.22952289890902e-05,"loc274_pos54.T",1529,0.000272765993024964
5.22952289890902e-05,"loc274_pos54.A",1530,0.000272765993024964
5.22952289890902e-05,"loc274_pos62.A",1531,9.42421084529508e-05
5.22952289890902e-05,"loc274_pos62.T",1532,9.42421084529507e-05
5.22952289890902e-05,"loc274_pos120.T",1533,0.000272765993024964
5.22952289890902e-05,"loc274_pos120.A",1534,0.000272765993024964
5.22952289890902e-05,"loc274_pos133.T",1535,0.000272765993024964
5.22952289890902e-05,"loc274_pos133.A",1536,0.000272765993024964
5.22952289890902e-05,"loc275_pos9.A",1537,0.000186579751970165
5.22952289890902e-05,"loc275_pos9.T",1538,0.000186579751970165
5.22952289890902e-05,"loc275_pos101.A",1545,0.000171434914413653
5.22952289890902e-05,"loc275_pos101.T",1546,0.000171434914413653
5.22952289890902e-05,"loc277_pos28.A",1549,0.000231783187180039
5.22952289890902e-05,"loc277_pos28.T",1550,0.000231783187180039
5.22952289890902e-05,"loc279_pos18.A",1575,0.00109861010650134
5.22952289890902e-05,"loc279_pos18.T",1576,0.00109861010650134
5.22952289890902e-05,"loc279_pos104.A",1585,0.00011180933244903
5.22952289890902e-05,"loc279_pos104.T",1586,0.000111809332449031
5.22952289890902e-05,"loc284_pos8.A",1597,6.1149045492681e-05
5.22952289890902e-05,"loc284_pos8.T",1598,6.1149045492681e-05
5.22952289890902e-05,"loc285_pos55.A",1601,6.05685548904449e-05
5.22952289890902e-05,"loc285_pos55.T",1602,6.0568554890445e-05
5.22952289890902e-05,"loc285_pos131.A",1607,6.05685548904449e-05
5.22952289890902e-05,"loc285_pos131.T",1608,6.0568554890445e-05
5.22952289890902e-05,"loc285_pos197.A",1609,6.05685548904449e-05
5.22952289890902e-05,"loc285_pos197.T",1610,6.0568554890445e-05
5.22952289890902e-05,"loc285_pos199.A",1611,6.05685548904449e-05
5.22952289890902e-05,"loc285_pos199.T",1612,6.0568554890445e-05
5.22952289890902e-05,"loc288_pos19.A",1619,0.000102135290364175
5.22952289890902e-05,"loc288_pos19.T",1620,0.000102135290364175
5.22952289890902e-05,"loc289_pos20.A",1627,0.000119118541709496
5.22952289890902e-05,"loc289_pos20.T",1628,0.000119118541709496
5.22952289890902e-05,"loc289_pos72.A",1631,0.000124616098938863
5.22952289890902e-05,"loc289_pos72.T",1632,0.000124616098938863
5.22952289890902e-05,"loc289_pos110.T",1639,0.00026248687222865
5.22952289890902e-05,"loc289_pos110.A",1640,0.00026248687222865
5.22952289890902e-05,"loc293_pos164.A",1647,8.8802982828105e-05
5.22952289890902e-05,"loc293_pos164.T",1648,8.8802982828105e-05
5.22952289890902e-05,"loc294_pos64.A",1649,0.000111374096949317
5.22952289890902e-05,"loc294_pos64.T",1650,0.000111374096949318
5.22952289890902e-05,"loc299_pos64.T",1667,0.000103476745637928
5.22952289890902e-05,"loc299_pos64.A",1668,0.000103476745637928
5.22952289890902e-05,"loc301_pos65.A",1683,0.000344757489701973
5.22952289890902e-05,"loc301_pos65.T",1684,0.000344757489701973
5.22952289890902e-05,"loc301_pos106.A",1689,0.000201997491112633
5.22952289890902e-05,"loc301_pos106.T",1690,0.000201997491112633
5.22952289890902e-05,"loc302_pos42.A",1695,0.00231982894412162
5.22952289890902e-05,"loc302_pos42.T",1696,0.00231982894412162
5.22952289890902e-05,"loc302_pos104.A",1703,0.000128336401607776
5.22952289890902e-05,"loc302_pos104.T",1704,0.000128336401607776
5.22952289890902e-05,"loc306_pos72.A",1721,0.000104093386014054
5.22952289890902e-05,"loc306_pos72.T",1722,0.000104093386014054
5.22952289890902e-05,"loc306_pos115.A",1727,0.000104093386014054
5.22952289890902e-05,"loc306_pos115.T",1728,0.000104093386014054
5.22952289890902e-05,"loc310_pos83.A",1743,0.000935357591084017
5.22952289890902e-05,"loc310_pos83.T",1744,0.000935357591084017
5.22952289890902e-05,"loc319_pos181.A",1783,0.000107857965983378
5.22952289890902e-05,"loc319_pos181.T",1784,0.000107857965983378
5.22952289890902e-05,"loc319_pos210.A",1791,0.000273930234226169
5.22952289890902e-05,"loc319_pos210.T",1792,0.000273930234226169
5.22952289890902e-05,"loc322_pos34.A",1795,0.000939477442108648
5.22952289890902e-05,"loc322_pos34.T",1796,0.000939477442108648
5.22952289890902e-05,"loc322_pos53.A",1797,0.000939477442108648
5.22952289890902e-05,"loc322_pos53.T",1798,0.000939477442108648
5.22952289890902e-05,"loc322_pos89.A",1799,0.000939477442108648
5.22952289890902e-05,"loc322_pos89.T",1800,0.000939477442108648
5.22952289890902e-05,"loc322_pos109.A",1801,0.000939477442108648
5.22952289890902e-05,"loc322_pos109.T",1802,0.000939477442108648
5.22952289890902e-05,"loc323_pos65.T",1807,0.00020173957642205
5.22952289890902e-05,"loc323_pos65.A",1808,0.00020173957642205
5.22952289890902e-05,"loc332_pos71.A",1869,7.41740783789957e-05
5.22952289890902e-05,"loc332_pos71.T",1870,7.41740783789958e-05
5.22952289890902e-05,"loc338_pos123.A",1885,0.000132524062336449
5.22952289890902e-05,"loc338_pos123.T",1886,0.000132524062336449
5.22952289890902e-05,"loc340_pos49.A",1895,0.000161070301222535
5.22952289890902e-05,"loc340_pos49.T",1896,0.000161070301222535
5.22952289890902e-05,"loc341_pos156.A",1897,0.000345838103203449
5.22952289890902e-05,"loc341_pos156.T",1898,0.000345838103203449
5.22952289890902e-05,"loc341_pos167.T",1899,0.000257616396112297
5.22952289890902e-05,"loc341_pos167.A",1900,0.000257616396112297
5.22952289890902e-05,"loc341_pos207.T",1901,0.000663201246242278
5.22952289890902e-05,"loc341_pos207.A",1902,0.000663201246242278
5.22952289890902e-05,"loc343_pos66.A",1907,5.34051159260359e-05
5.22952289890902e-05,"loc343_pos66.T",1908,5.34051159260358e-05
5.22952289890902e-05,"loc347_pos128.A",1925,7.81509080893983e-05
5.22952289890902e-05,"loc347_pos128.T",1926,7.81509080893984e-05
5.22952289890902e-05,"loc348_pos72.A",1939,0.000185052786469885
5.22952289890902e-05,"loc348_pos72.T",1940,0.000185052786469885
5.22952289890902e-05,"loc348_pos84.A",1943,0.000185052786469885
5.22952289890902e-05,"loc348_pos84.T",1944,0.000185052786469885
5.22952289890902e-05,"loc350_pos78.A",1955,5.54114952663066e-05
5.22952289890902e-05,"loc350_pos78.T",1956,5.54114952663066e-05
5.22952289890902e-05,"loc353_pos90.A",1959,6.13297139562828e-05
5.22952289890902e-05,"loc353_pos90.T",1960,6.13297139562828e-05
5.22952289890902e-05,"loc359_pos40.A",1985,0.000247648931136277
5.22952289890902e-05,"loc359_pos40.T",1986,0.000247648931136278
5.22952289890902e-05,"loc359_pos114.A",1987,0.00111063087668848
5.22952289890902e-05,"loc359_pos114.T",1988,0.00111063087668848
5.22952289890902e-05,"loc363_pos67.A",2015,0.000282575516591482
5.22952289890902e-05,"loc363_pos67.T",2016,0.000282575516591482
5.22952289890902e-05,"loc364_pos98.A",2017,0.000561754831977898
5.22952289890902e-05,"loc364_pos98.T",2018,0.000561754831977898
5.22952289890902e-05,"loc366_pos107.A",2021,8.491720813231e-05
5.22952289890902e-05,"loc366_pos107.T",2022,8.49172081323099e-05
5.22952289890902e-05,"loc366_pos116.A",2023,8.491720813231e-05
5.22952289890902e-05,"loc366_pos116.T",2024,8.49172081323099e-05
5.22952289890902e-05,"loc368_pos54.A",2031,0.000601028084199071
5.22952289890902e-05,"loc368_pos54.T",2032,0.000601028084199071
5.22952289890902e-05,"loc368_pos76.A",2033,0.000601028084199071
5.22952289890902e-05,"loc368_pos76.T",2034,0.000601028084199071
5.22952289890902e-05,"loc371_pos24.T",2045,0.000195994829758113
5.22952289890902e-05,"loc371_pos24.A",2046,0.000195994829758113
5.22952289890902e-05,"loc371_pos29.A",2047,0.000195994829758113
5.22952289890902e-05,"loc371_pos29.T",2048,0.000195994829758113
5.22952289890902e-05,"loc371_pos42.A",2049,0.000219433121729387
5.22952289890902e-05,"loc371_pos42.T",2050,0.000219433121729387
5.22952289890902e-05,"loc371_pos60.A",2051,0.00139134810621738
5.22952289890902e-05,"loc371_pos60.T",2052,0.00139134810621738
5.22952289890902e-05,"loc371_pos97.A",2053,0.000669787069792782
5.22952289890902e-05,"loc371_pos97.T",2054,0.000669787069792782
5.22952289890902e-05,"loc372_pos60.A",2061,0.00135915985359544
5.22952289890902e-05,"loc372_pos60.T",2062,0.00135915985359544
5.22952289890902e-05,"loc372_pos84.A",2065,0.000819055580895123
5.22952289890902e-05,"loc372_pos84.T",2066,0.000819055580895123
5.22952289890902e-05,"loc374_pos20.A",2073,0.000161665764145473
5.22952289890902e-05,"loc374_pos20.T",2074,0.000161665764145473
5.22952289890902e-05,"loc375_pos50.A",2081,7.28642443589708e-05
5.22952289890902e-05,"loc375_pos50.T",2082,7.28642443589707e-05
5.22952289890902e-05,"loc375_pos59.T",2083,0.000183736444139121
5.22952289890902e-05,"loc375_pos59.A",2084,0.000183736444139122
5.22952289890902e-05,"loc379_pos36.T",2111,0.000639892297860491
5.22952289890902e-05,"loc379_pos36.A",2112,0.000639892297860492
5.22952289890902e-05,"loc380_pos100.A",2123,5.23525989570342e-05
5.22952289890902e-05,"loc380_pos100.T",2124,5.23525989570342e-05
5.22952289890902e-05,"loc380_pos102.A",2125,0.000174354662346599
5.22952289890902e-05,"loc380_pos102.T",2126,0.000174354662346599
5.22952289890902e-05,"loc380_pos129.A",2127,6.9014806274427e-05
5.22952289890902e-05,"loc380_pos129.T",2128,6.9014806274427e-05
5.22952289890902e-05,"loc384_pos67.A",2149,0.00052332660476713
5.22952289890902e-05,"loc384_pos67.T",2150,0.00052332660476713
5.22952289890902e-05,"loc384_pos87.A",2151,0.00052332660476713
5.22952289890902e-05,"loc384_pos87.T",2152,0.00052332660476713
5.22952289890902e-05,"loc386_pos112.A",2159,0.000234643906312033
5.22952289890902e-05,"loc386_pos112.T",2160,0.000234643906312033
5.22952289890902e-05,"loc386_pos129.A",2161,0.000117973129603043
5.22952289890902e-05,"loc386_pos129.T",2162,0.000117973129603043
5.22952289890902e-05,"loc387_pos91.A",2167,0.000164296886196997
5.22952289890902e-05,"loc387_pos91.T",2168,0.000164296886196997
5.22952289890902e-05,"loc387_pos99.A",2169,0.000164296886196997
5.22952289890902e-05,"loc387_pos99.T",2170,0.000164296886196997
5.22952289890902e-05,"loc392_pos124.A",2195,0.000347098704537879
5.22952289890902e-05,"loc392_pos124.T",2196,0.000347098704537879
5.22952289890902e-05,"loc396_pos88.A",2215,0.000117178863591321
5.22952289890902e-05,"loc396_pos88.T",2216,0.000117178863591321
5.22952289890902e-05,"loc399_pos38.A",2227,0.000211442708166562
5.22952289890902e-05,"loc399_pos38.T",2228,0.000211442708166562
5.22952289890902e-05,"loc399_pos71.A",2231,0.000146113539886989
5.22952289890902e-05,"loc399_pos71.T",2232,0.000146113539886989
5.22952289890902e-05,"loc399_pos131.T",2233,0.000170988883763214
5.22952289890902e-05,"loc399_pos131.A",2234,0.000170988883763213
5.22952289890902e-05,"loc401_pos61.A",2241,0.000156239401128455
5.22952289890902e-05,"loc401_pos61.T",2242,0.000156239401128455
5.22952289890902e-05,"loc402_pos167.A",2245,0.00042666264346103
5.22952289890902e-05,"loc402_pos167.T",2246,0.00042666264346103
5.22952289890902e-05,"loc405_pos37.T",2253,0.00110064868570601
5.22952289890902e-05,"loc405_pos37.A",2254,0.00110064868570601
5.22952289890902e-05,"loc408_pos81.T",2265,0.000286411600394471
5.22952289890902e-05,"loc408_pos81.A",2266,0.000286411600394471
5.22952289890902e-05,"loc413_pos122.T",2283,9.90717433130768e-05
5.22952289890902e-05,"loc413_pos122.A",2284,9.90717433130768e-05
5.22952289890902e-05,"loc419_pos128.A",2317,0.000133480348958312
5.22952289890902e-05,"loc419_pos128.T",2318,0.000133480348958312
5.22952289890902e-05,"loc421_pos91.A",2345,8.18176253289887e-05
5.22952289890902e-05,"loc421_pos91.T",2346,8.18176253289888e-05
5.22952289890902e-05,"loc421_pos96.A",2347,8.10828410134048e-05
5.22952289890902e-05,"loc421_pos96.T",2348,8.10828410134048e-05
5.22952289890902e-05,"loc425_pos50.A",2365,9.45468664674737e-05
5.22952289890902e-05,"loc425_pos50.T",2366,9.45468664674737e-05
5.22952289890902e-05,"loc425_pos97.A",2367,9.45468664674737e-05
5.22952289890902e-05,"loc425_pos97.T",2368,9.45468664674737e-05
5.22952289890902e-05,"loc428_pos105.A",2387,0.00066503530219774
5.22952289890902e-05,"loc428_pos105.T",2388,0.00066503530219774
5.22952289890902e-05,"loc430_pos192.A",2397,0.000654875500495835
5.22952289890902e-05,"loc430_pos192.T",2398,0.000654875500495835
5.22952289890902e-05,"loc431_pos98.A",2401,5.52200896086588e-05
5.22952289890902e-05,"loc431_pos98.T",2402,5.52200896086588e-05
5.22952289890902e-05,"loc432_pos130.A",2411,0.000202995259222623
5.22952289890902e-05,"loc432_pos130.T",2412,0.000202995259222623
5.22952289890902e-05,"loc435_pos7.A",2429,0.000385375503393768
5.22952289890902e-05,"loc435_pos7.T",2430,0.000385375503393768
5.22952289890902e-05,"loc435_pos46.A",2431,0.000637598806556783
5.22952289890902e-05,"loc435_pos46.T",2432,0.000637598806556783
5.22952289890902e-05,"loc435_pos53.A",2433,0.000657466366798167
5.22952289890902e-05,"loc435_pos53.T",2434,0.000657466366798167
5.22952289890902e-05,"loc436_pos30.A",2435,0.000195214854581838
5.22952289890902e-05,"loc436_pos30.T",2436,0.000195214854581838
5.22952289890902e-05,"loc438_pos70.T",2451,5.40853682297217e-05
5.22952289890902e-05,"loc438_pos70.A",2452,5.40853682297216e-05
5.22952289890902e-05,"loc438_pos81.A",2455,5.40853682297217e-05
5.22952289890902e-05,"loc438_pos81.T",2456,5.40853682297216e-05
5.22952289890902e-05,"loc438_pos83.A",2457,0.000393359692054215
5.22952289890902e-05,"loc438_pos83.T",2458,0.000393359692054215
5.22952289890902e-05,"loc439_pos152.A",2463,0.000425279988362935
5.22952289890902e-05,"loc439_pos152.T",2464,0.000425279988362935
5.22952289890902e-05,"loc442_pos47.A",2473,0.000269845569391032
5.22952289890902e-05,"loc442_pos47.T",2474,0.000269845569391032
5.22952289890902e-05,"loc442_pos90.A",2475,7.04753974781135e-05
5.22952289890902e-05,"loc442_pos90.T",2476,7.04753974781136e-05
5.22952289890902e-05,"loc444_pos14.A",2483,0.00011147851757091
5.22952289890902e-05,"loc444_pos14.T",2484,0.00011147851757091
5.22952289890902e-05,"loc446_pos17.A",2487,9.62073854280219e-05
5.22952289890902e-05,"loc446_pos17.T",2488,9.62073854280218e-05
5.22952289890902e-05,"loc446_pos55.A",2489,9.62073854280219e-05
5.22952289890902e-05,"loc446_pos55.T",2490,9.62073854280218e-05
5.22952289890902e-05,"loc452_pos26.A",2519,0.000292828094481295
5.22952289890902e-05,"loc452_pos26.T",2520,0.000292828094481295
5.22952289890902e-05,"loc452_pos28.A",2521,0.000292828094481295
5.22952289890902e-05,"loc452_pos28.T",2522,0.000292828094481295
5.22952289890902e-05,"loc452_pos29.A",2523,0.000292828094481295
5.22952289890902e-05,"loc452_pos29.T",2524,0.000292828094481295
5.22952289890902e-05,"loc452_pos39.A",2525,0.000292828094481295
5.22952289890902e-05,"loc452_pos39.T",2526,0.000292828094481295
5.22952289890902e-05,"loc452_pos102.A",2529,0.000292828094481295
5.22952289890902e-05,"loc452_pos102.T",2530,0.000292828094481295
5.22952289890902e-05,"loc456_pos25.A",2557,0.00027099054991546
5.22952289890902e-05,"loc456_pos25.T",2558,0.000270990549915459
5.22952289890902e-05,"loc457_pos7.A",2565,0.00012609440376363
5.22952289890902e-05,"loc457_pos7.T",2566,0.00012609440376363
5.22952289890902e-05,"loc458_pos115.A",2583,0.000411282550710771
5.22952289890902e-05,"loc458_pos115.T",2584,0.000411282550710771
5.22952289890902e-05,"loc461_pos26.A",2595,0.00044067415668386
5.22952289890902e-05,"loc461_pos26.T",2596,0.00044067415668386
5.22952289890902e-05,"loc461_pos49.A",2603,5.28815839220666e-05
5.22952289890902e-05,"loc461_pos49.T",2604,5.28815839220666e-05
5.22952289890902e-05,"loc461_pos58.A",2609,0.00044067415668386
5.22952289890902e-05,"loc461_pos58.T",2610,0.00044067415668386
5.22952289890902e-05,"loc461_pos117.A",2621,0.000582990678473167
5.22952289890902e-05,"loc461_pos117.T",2622,0.000582990678473167
5.22952289890902e-05,"loc461_pos127.A",2623,0.000582990678473167
5.22952289890902e-05,"loc461_pos127.T",2624,0.000582990678473167
5.22952289890902e-05,"loc463_pos12.A",2635,0.000422727478616699
5.22952289890902e-05,"loc463_pos12.T",2636,0.000422727478616699
5.22952289890902e-05,"loc463_pos67.A",2637,0.000422727478616699
5.22952289890902e-05,"loc463_pos67.T",2638,0.000422727478616699
5.22952289890902e-05,"loc463_pos92.A",2639,0.000422727478616699
5.22952289890902e-05,"loc463_pos92.T",2640,0.000422727478616699
5.22952289890902e-05,"loc463_pos100.A",2643,0.000422727478616699
5.22952289890902e-05,"loc463_pos100.T",2644,0.000422727478616699
5.22952289890902e-05,"loc463_pos121.A",2645,0.000422727478616699
5.22952289890902e-05,"loc463_pos121.T",2646,0.000422727478616699
5.22952289890902e-05,"loc466_pos61.A",2665,5.72092167310586e-05
5.22952289890902e-05,"loc466_pos61.T",2666,5.72092167310586e-05
5.22952289890902e-05,"loc467_pos63.A",2681,0.000150143748870253
5.22952289890902e-05,"loc467_pos63.T",2682,0.000150143748870253
5.22952289890902e-05,"loc467_pos73.A",2683,0.000348122485536406
5.22952289890902e-05,"loc467_pos73.T",2684,0.000348122485536406
5.22952289890902e-05,"loc467_pos99.A",2685,0.000348122485536406
5.22952289890902e-05,"loc467_pos99.T",2686,0.000348122485536406
5.22952289890902e-05,"loc468_pos29.A",2695,0.000273946631087279
5.22952289890902e-05,"loc468_pos29.T",2696,0.000273946631087279
5.22952289890902e-05,"loc468_pos87.A",2709,9.40472736965536e-05
5.22952289890902e-05,"loc468_pos87.T",2710,9.40472736965536e-05
5.22952289890902e-05,"loc468_pos126.T",2723,8.83102791679512e-05
5.22952289890902e-05,"loc468_pos126.A",2724,8.83102791679512e-05
5.22952289890902e-05,"loc470_pos42.A",2735,0.000161196285846757
5.22952289890902e-05,"loc470_pos42.T",2736,0.000161196285846757
5.22952289890902e-05,"loc470_pos46.A",2739,0.000349677233599515
5.22952289890902e-05,"loc470_pos46.T",2740,0.000349677233599515
5.22952289890902e-05,"loc470_pos86.A",2743,0.000102714047561655
5.22952289890902e-05,"loc470_pos86.T",2744,0.000102714047561655
5.22952289890902e-05,"loc471_pos98.A",2755,0.000247882914843658
5.22952289890902e-05,"loc471_pos98.T",2756,0.000247882914843658
5.22952289890902e-05,"loc473_pos13.A",2779,0.000107292855657773
5.22952289890902e-05,"loc473_pos13.T",2780,0.000107292855657772
5.22952289890902e-05,"loc473_pos17.A",2781,0.000203073771557312
5.22952289890902e-05,"loc473_pos17.T",2782,0.000203073771557312
5.22952289890902e-05,"loc473_pos53.A",2787,9.53451000704306e-05
5.22952289890902e-05,"loc473_pos53.T",2788,9.53451000704307e-05
5.22952289890902e-05,"loc474_pos23.A",2793,0.0014952822284257
5.22952289890902e-05,"loc474_pos23.T",2794,0.0014952822284257
5.22952289890902e-05,"loc476_pos67.A",2815,8.41477132727139e-05
5.22952289890902e-05,"loc476_pos67.T",2816,8.41477132727139e-05
5.22952289890902e-05,"loc476_pos98.A",2823,5.74611827061775e-05
5.22952289890902e-05,"loc476_pos98.T",2824,5.74611827061775e-05
5.22952289890902e-05,"loc477_pos116.A",2839,0.000674776625427715
5.22952289890902e-05,"loc477_pos116.T",2840,0.000674776625427715
5.22952289890902e-05,"loc477_pos117.A",2841,0.000100938258017429
5.22952289890902e-05,"loc477_pos117.T",2842,0.000100938258017429
5.22952289890902e-05,"loc479_pos16.A",2857,8.70963947836832e-05
5.22952289890902e-05,"loc479_pos16.T",2858,8.70963947836832e-05
5.22952289890902e-05,"loc479_pos116.A",2861,0.000739935276062235
5.22952289890902e-05,"loc479_pos116.T",2862,0.000739935276062235
5.22952289890902e-05,"loc480_pos25.A",2869,0.000968246978232127
5.22952289890902e-05,"loc480_pos25.T",2870,0.000968246978232127
5.22952289890902e-05,"loc480_pos26.A",2871,0.000968246978232127
5.22952289890902e-05,"loc480_pos26.T",2872,0.000968246978232127
5.22952289890902e-05,"loc480_pos27.T",2873,0.000527264980709829
5.22952289890902e-05,"loc480_pos27.A",2874,0.000527264980709829
5.22952289890902e-05,"loc480_pos55.T",2877,0.000527264980709829
5.22952289890902e-05,"loc480_pos55.A",2878,0.000527264980709829
5.22952289890902e-05,"loc480_pos87.A",2883,0.00026288117343277
5.22952289890902e-05,"loc480_pos87.T",2884,0.00026288117343277
5.22952289890902e-05,"loc482_pos149.T",2905,5.86789299393814e-05
5.22952289890902e-05,"loc482_pos149.A",2906,5.86789299393814e-05
5.22952289890902e-05,"loc482_pos167.T",2909,5.86789299393814e-05
5.22952289890902e-05,"loc482_pos167.A",2910,5.86789299393814e-05
5.22952289890902e-05,"loc482_pos218.A",2915,5.86789299393814e-05
5.22952289890902e-05,"loc482_pos218.T",2916,5.86789299393814e-05
5.22952289890902e-05,"loc483_pos85.A",2927,8.76279547338904e-05
5.22952289890902e-05,"loc483_pos85.T",2928,8.76279547338904e-05
5.22952289890902e-05,"loc484_pos206.A",2931,0.000450227593734838
5.22952289890902e-05,"loc484_pos206.T",2932,0.000450227593734838
5.22952289890902e-05,"loc485_pos59.T",2935,6.35743696735855e-05
5.22952289890902e-05,"loc485_pos59.A",2936,6.35743696735856e-05
5.22952289890902e-05,"loc485_pos89.T",2941,6.53892686327222e-05
5.22952289890902e-05,"loc485_pos89.A",2942,6.53892686327222e-05
5.22952289890902e-05,"loc485_pos90.A",2943,6.53892686327222e-05
5.22952289890902e-05,"loc485_pos90.T",2944,6.53892686327222e-05
5.22952289890902e-05,"loc493_pos42.A",2981,5.83521717794788e-05
5.22952289890902e-05,"loc493_pos42.T",2982,5.83521717794788e-05
5.22952289890902e-05,"loc495_pos27.A",2991,5.5367593328733e-05
5.22952289890902e-05,"loc495_pos27.T",2992,5.5367593328733e-05
5.22952289890902e-05,"loc495_pos92.A",2997,7.08359500602094e-05
5.22952289890902e-05,"loc495_pos92.T",2998,7.08359500602094e-05
5.22952289890902e-05,"loc495_pos97.A",2999,0.000117171329656968
5.22952289890902e-05,"loc495_pos97.T",3000,0.000117171329656968
5.22952289890902e-05,"loc495_pos143.T",3001,0.000639892297860491
5.22952289890902e-05,"loc495_pos143.A",3002,0.000639892297860492
5.22952289890902e-05,"loc496_pos55.A",3007,7.83631251532837e-05
5.22952289890902e-05,"loc496_pos55.T",3008,7.83631251532837e-05
5.22952289890902e-05,"loc496_pos68.A",3009,0.000153786768566073
5.22952289890902e-05,"loc496_pos68.T",3010,0.000153786768566073
5.22952289890902e-05,"loc496_pos112.A",3013,7.83631251532837e-05
5.22952289890902e-05,"loc496_pos112.T",3014,7.83631251532837e-05
5.22952289890902e-05,"loc496_pos115.A",3015,0.000153786768566073
5.22952289890902e-05,"loc496_pos115.T",3016,0.000153786768566073
5.22952289890902e-05,"loc497_pos7.A",3017,0.00051096201395696
5.22952289890902e-05,"loc497_pos7.T",3018,0.00051096201395696
5.22952289890902e-05,"loc497_pos90.A",3025,0.000291685795026335
5.22952289890902e-05,"loc497_pos90.T",3026,0.000291685795026335
5.22952289890902e-05,"loc500_pos19.A",3033,0.000278332274936588
5.22952289890902e-05,"loc500_pos19.T",3034,0.000278332274936588
5.22952289890902e-05,"loc500_pos22.A",3035,0.000278332274936588
5.22952289890902e-05,"loc500_pos22.T",3036,0.000278332274936588
5.22952289890902e-05,"loc500_pos25.A",3037,0.000278332274936588
5.22952289890902e-05,"loc500_pos25.T",3038,0.000278332274936588
5.22952289890902e-05,"loc500_pos60.A",3039,0.000335329654970912
5.22952289890902e-05,"loc500_pos60.T",3040,0.000335329654970912
5.22952289890902e-05,"loc501_pos48.A",3047,0.000404397130942009
5.22952289890902e-05,"loc501_pos48.T",3048,0.000404397130942009
5.22952289890902e-05,"loc501_pos64.A",3049,0.000404397130942009
5.22952289890902e-05,"loc501_pos64.T",3050,0.000404397130942009
5.22952289890902e-05,"loc501_pos65.A",3051,0.000404397130942009
5.22952289890902e-05,"loc501_pos65.T",3052,0.000404397130942009
5.22952289890902e-05,"loc502_pos11.A",3053,6.25281883898752e-05
5.22952289890902e-05,"loc502_pos11.T",3054,6.25281883898752e-05
5.22952289890902e-05,"loc502_pos30.A",3059,6.25281883898752e-05
5.22952289890902e-05,"loc502_pos30.T",3060,6.25281883898752e-05
5.22952289890902e-05,"loc502_pos51.A",3063,8.84611076921672e-05
5.22952289890902e-05,"loc502_pos51.T",3064,8.84611076921671e-05
5.22952289890902e-05,"loc502_pos78.A",3073,8.32168024785653e-05
5.22952289890902e-05,"loc502_pos78.T",3074,8.32168024785653e-05
5.22952289890902e-05,"loc502_pos117.A",3079,8.84611076921672e-05
5.22952289890902e-05,"loc502_pos117.T",3080,8.84611076921671e-05
5.22952289890902e-05,"loc503_pos181.A",3083,0.000138298217223851
5.22952289890902e-05,"loc503_pos181.T",3084,0.000138298217223851
5.22952289890902e-05,"loc508_pos109.A",3113,0.00013313734365984
5.22952289890902e-05,"loc508_pos109.T",3114,0.00013313734365984
5.22952289890902e-05,"loc514_pos25.A",3145,0.00017730350745701
5.22952289890902e-05,"loc514_pos25.T",3146,0.00017730350745701
5.22952289890902e-05,"loc514_pos28.A",3147,0.000243184412095026
5.22952289890902e-05,"loc514_pos28.T",3148,0.000243184412095026
5.22952289890902e-05,"loc514_pos66.T",3149,0.00017730350745701
5.22952289890902e-05,"loc514_pos66.A",3150,0.00017730350745701
5.22952289890902e-05,"loc514_pos76.A",3151,0.00017730350745701
5.22952289890902e-05,"loc514_pos76.T",3152,0.00017730350745701
5.22952289890902e-05,"loc514_pos82.A",3153,0.00017730350745701
5.22952289890902e-05,"loc514_pos82.T",3154,0.00017730350745701
5.22952289890902e-05,"loc514_pos83.T",3155,0.00017730350745701
5.22952289890902e-05,"loc514_pos83.A",3156,0.00017730350745701
5.22952289890902e-05,"loc515_pos102.A",3161,0.000418155427175909
5.22952289890902e-05,"loc515_pos102.T",3162,0.000418155427175909
5.22952289890902e-05,"loc521_pos11.A",3201,0.000205606221283879
5.22952289890902e-05,"loc521_pos11.T",3202,0.000205606221283878
5.22952289890902e-05,"loc521_pos100.A",3207,0.000205606221283879
5.22952289890902e-05,"loc521_pos100.T",3208,0.000205606221283878
5.22952289890902e-05,"loc523_pos12.A",3217,0.000720054277200545
5.22952289890902e-05,"loc523_pos12.T",3218,0.000720054277200545
5.22952289890902e-05,"loc524_pos9.T",3221,0.000161234508644568
5.22952289890902e-05,"loc524_pos9.A",3222,0.000161234508644568
5.22952289890902e-05,"loc525_pos33.T",3237,0.00100764078765577
5.22952289890902e-05,"loc525_pos33.A",3238,0.00100764078765577
5.22952289890902e-05,"loc525_pos64.A",3239,0.000500755982694156
5.22952289890902e-05,"loc525_pos64.T",3240,0.000500755982694156
5.22952289890902e-05,"loc525_pos82.A",3241,0.00017246002037993
5.22952289890902e-05,"loc525_pos82.T",3242,0.00017246002037993
5.22952289890902e-05,"loc525_pos131.A",3245,0.000274839442944434
5.22952289890902e-05,"loc525_pos131.T",3246,0.000274839442944434
5.22952289890902e-05,"loc531_pos107.A",3289,8.67766464973665e-05
5.22952289890902e-05,"loc531_pos107.T",3290,8.67766464973665e-05
5.22952289890902e-05,"loc532_pos183.A",3295,0.000141998774987428
5.22952289890902e-05,"loc532_pos183.T",3296,0.000141998774987428
5.22952289890902e-05,"loc532_pos187.A",3297,0.000190993468327002
5.22952289890902e-05,"loc532_pos187.T",3298,0.000190993468327002
5.22952289890902e-05,"loc532_pos216.A",3305,7.01087499836538e-05
5.22952289890902e-05,"loc532_pos216.T",3306,7.01087499836538e-05
5.22952289890902e-05,"loc536_pos31.A",3331,9.64334729803283e-05
5.22952289890902e-05,"loc536_pos31.T",3332,9.64334729803283e-05
5.22952289890902e-05,"loc537_pos80.A",3341,0.00046334000614985
5.22952289890902e-05,"loc537_pos80.T",3342,0.00046334000614985
5.22952289890902e-05,"loc539_pos89.A",3343,7.13367258824807e-05
5.22952289890902e-05,"loc539_pos89.T",3344,7.13367258824807e-05
5.22952289890902e-05,"loc540_pos177.A",3349,6.13032590291739e-05
5.22952289890902e-05,"loc540_pos177.T",3350,6.13032590291739e-05
5.22952289890902e-05,"loc541_pos15.A",3353,5.50943583800097e-05
5.22952289890902e-05,"loc541_pos15.T",3354,5.50943583800097e-05
5.22952289890902e-05,"loc541_pos79.A",3359,5.50943583800097e-05
5.22952289890902e-05,"loc541_pos79.T",3360,5.50943583800097e-05
5.22952289890902e-05,"loc541_pos100.A",3361,5.50943583800097e-05
5.22952289890902e-05,"loc541_pos100.T",3362,5.50943583800097e-05
5.22952289890902e-05,"loc542_pos82.A",3363,0.000201957650160884
5.22952289890902e-05,"loc542_pos82.T",3364,0.000201957650160883
5.22952289890902e-05,"loc545_pos91.A",3379,0.000320098542817348
5.22952289890902e-05,"loc545_pos91.T",3380,0.000320098542817348
5.22952289890902e-05,"loc550_pos65.A",3401,0.000106323434514593
5.22952289890902e-05,"loc550_pos65.T",3402,0.000106323434514593
5.22952289890902e-05,"loc550_pos66.A",3403,0.000123661877073744
5.22952289890902e-05,"loc550_pos66.T",3404,0.000123661877073744
5.22952289890902e-05,"loc550_pos129.A",3409,0.000214336877647945
5.22952289890902e-05,"loc550_pos129.T",3410,0.000214336877647946
5.22952289890902e-05,"loc551_pos99.A",3415,8.46759076376802e-05
5.22952289890902e-05,"loc551_pos99.T",3416,8.46759076376802e-05
5.22952289890902e-05,"loc551_pos109.A",3419,8.46759076376802e-05
5.22952289890902e-05,"loc551_pos109.T",3420,8.46759076376802e-05
5.22952289890902e-05,"loc552_pos70.A",3421,8.46759076376802e-05
5.22952289890902e-05,"loc552_pos70.T",3422,8.46759076376802e-05
5.22952289890902e-05,"loc554_pos104.A",3429,0.000107915475120427
5.22952289890902e-05,"loc554_pos104.T",3430,0.000107915475120427
5.22952289890902e-05,"loc555_pos32.A",3433,0.000152088670559101
5.22952289890902e-05,"loc555_pos32.T",3434,0.000152088670559101
5.22952289890902e-05,"loc555_pos63.A",3439,5.78993977571032e-05
5.22952289890902e-05,"loc555_pos63.T",3440,5.78993977571032e-05
5.22952289890902e-05,"loc555_pos103.A",3445,0.00020895006783783
5.22952289890902e-05,"loc555_pos103.T",3446,0.00020895006783783
5.22952289890902e-05,"loc555_pos105.A",3447,9.54821690218293e-05
5.22952289890902e-05,"loc555_pos105.T",3448,9.54821690218293e-05
5.22952289890902e-05,"loc555_pos126.A",3451,0.000126913954721379
5.22952289890902e-05,"loc555_pos126.T",3452,0.000126913954721379
5.22952289890902e-05,"loc556_pos32.A",3453,0.000118158536724363
5.22952289890902e-05,"loc556_pos32.T",3454,0.000118158536724363
5.22952289890902e-05,"loc556_pos63.A",3457,5.78993977571032e-05
5.22952289890902e-05,"loc556_pos63.T",3458,5.78993977571032e-05
5.22952289890902e-05,"loc556_pos103.A",3461,0.000259751761027871
5.22952289890902e-05,"loc556_pos103.T",3462,0.000259751761027871
5.22952289890902e-05,"loc556_pos105.A",3463,6.90419658525329e-05
5.22952289890902e-05,"loc556_pos105.T",3464,6.90419658525329e-05
5.22952289890902e-05,"loc557_pos14.A",3467,7.16085703536973e-05
5.22952289890902e-05,"loc557_pos14.T",3468,7.16085703536973e-05
5.22952289890902e-05,"loc557_pos30.A",3471,0.000634043502759293
5.22952289890902e-05,"loc557_pos30.T",3472,0.000634043502759293
5.22952289890902e-05,"loc557_pos52.A",3475,0.00012351864582173
5.22952289890902e-05,"loc557_pos52.T",3476,0.00012351864582173
5.22952289890902e-05,"loc559_pos27.A",3489,0.000235888318592048
5.22952289890902e-05,"loc559_pos27.T",3490,0.000235888318592048
5.22952289890902e-05,"loc559_pos78.T",3501,0.000639123571550106
5.22952289890902e-05,"loc559_pos78.A",3502,0.000639123571550105
5.22952289890902e-05,"loc559_pos102.A",3513,5.587857027428e-05
5.22952289890902e-05,"loc559_pos102.T",3514,5.58785702742801e-05
5.22952289890902e-05,"loc559_pos112.A",3515,0.000160361139856219
5.22952289890902e-05,"loc559_pos112.T",3516,0.000160361139856219
5.22952289890902e-05,"loc559_pos129.A",3519,0.000101080734175654
5.22952289890902e-05,"loc559_pos129.T",3520,0.000101080734175654
5.22952289890902e-05,"loc560_pos65.A",3531,0.000281428591144675
5.22952289890902e-05,"loc560_pos65.T",3532,0.000281428591144674
5.22952289890902e-05,"loc561_pos14.A",3539,6.14334604696623e-05
5.22952289890902e-05,"loc561_pos14.T",3540,6.14334604696623e-05
5.22952289890902e-05,"loc562_pos42.A",3561,0.000390675799283838
5.22952289890902e-05,"loc562_pos42.T",3562,0.000390675799283838
5.22952289890902e-05,"loc562_pos72.A",3563,0.000338852150815866
5.22952289890902e-05,"loc562_pos72.T",3564,0.000338852150815866
5.22952289890902e-05,"loc562_pos73.A",3565,0.000448697122368798
5.22952289890902e-05,"loc562_pos73.T",3566,0.000448697122368798
5.22952289890902e-05,"loc562_pos82.A",3567,0.000153912318023798
5.22952289890902e-05,"loc562_pos82.T",3568,0.000153912318023798
5.22952289890902e-05,"loc562_pos83.A",3569,0.000448697122368798
5.22952289890902e-05,"loc562_pos83.T",3570,0.000448697122368798
5.22952289890902e-05,"loc562_pos99.A",3571,0.000448697122368798
5.22952289890902e-05,"loc562_pos99.T",3572,0.000448697122368798
5.22952289890902e-05,"loc564_pos86.A",3583,0.00016215488170514
5.22952289890902e-05,"loc564_pos86.T",3584,0.00016215488170514
5.22952289890902e-05,"loc568_pos125.A",3607,0.000638762597728224
5.22952289890902e-05,"loc568_pos125.T",3608,0.000638762597728224
5.22952289890902e-05,"loc570_pos113.A",3627,7.58010431808152e-05
5.22952289890902e-05,"loc570_pos113.T",3628,7.58010431808152e-05
5.22952289890902e-05,"loc574_pos11.A",3631,0.000319377750370993
5.22952289890902e-05,"loc574_pos11.T",3632,0.000319377750370993
5.22952289890902e-05,"loc574_pos128.A",3645,0.000174942817278109
5.22952289890902e-05,"loc574_pos128.T",3646,0.000174942817278109
5.22952289890902e-05,"loc575_pos63.T",3651,5.73407575945593e-05
5.22952289890902e-05,"loc575_pos63.A",3652,5.73407575945593e-05
5.22952289890902e-05,"loc575_pos91.A",3653,0.000863421515379348
5.22952289890902e-05,"loc575_pos91.T",3654,0.000863421515379348
5.22952289890902e-05,"loc577_pos65.A",3663,0.000386826782930066
5.22952289890902e-05,"loc577_pos65.T",3664,0.000386826782930066
5.22952289890902e-05,"loc577_pos66.A",3665,0.000386826782930066
5.22952289890902e-05,"loc577_pos66.T",3666,0.000386826782930066
5.22952289890902e-05,"loc577_pos97.A",3667,0.000272773178625704
5.22952289890902e-05,"loc577_pos97.T",3668,0.000272773178625704
5.22952289890902e-05,"loc580_pos73.A",3685,0.000109487769872009
5.22952289890902e-05,"loc580_pos73.T",3686,0.000109487769872009
5.22952289890902e-05,"loc581_pos172.A",3689,0.00158786029815026
5.22952289890902e-05,"loc581_pos172.T",3690,0.00158786029815026
5.22952289890902e-05,"loc583_pos62.A",3707,5.49743248088171e-05
5.22952289890902e-05,"loc583_pos62.T",3708,5.49743248088171e-05
5.22952289890902e-05,"loc583_pos100.A",3709,7.83284196218564e-05
5.22952289890902e-05,"loc583_pos100.T",3710,7.83284196218565e-05
5.22952289890902e-05,"loc584_pos11.A",3713,0.000349352347888335
5.22952289890902e-05,"loc584_pos11.T",3714,0.000349352347888335
5.22952289890902e-05,"loc584_pos51.A",3717,0.000156282700401973
5.22952289890902e-05,"loc584_pos51.T",3718,0.000156282700401973
5.22952289890902e-05,"loc584_pos58.A",3719,0.000349352347888335
5.22952289890902e-05,"loc584_pos58.T",3720,0.000349352347888335
5.22952289890902e-05,"loc584_pos64.A",3721,0.000734907744120415
5.22952289890902e-05,"loc584_pos64.T",3722,0.000734907744120415
5.22952289890902e-05,"loc584_pos93.A",3727,0.000349352347888335
5.22952289890902e-05,"loc584_pos93.T",3728,0.000349352347888335
5.22952289890902e-05,"loc588_pos177.A",3761,0.000662368999132664
5.22952289890902e-05,"loc588_pos177.T",3762,0.000662368999132664
5.22952289890902e-05,"loc589_pos63.T",3765,0.000144491097065078
5.22952289890902e-05,"loc589_pos63.A",3766,0.000144491097065078
5.22952289890902e-05,"loc592_pos138.A",3783,6.20424516501236e-05
5.22952289890902e-05,"loc592_pos138.T",3784,6.20424516501236e-05
5.22952289890902e-05,"loc593_pos81.A",3791,0.000358154300057416
5.22952289890902e-05,"loc593_pos81.T",3792,0.000358154300057416
5.22952289890902e-05,"loc594_pos72.A",3797,0.000107152884493864
5.22952289890902e-05,"loc594_pos72.T",3798,0.000107152884493864
5.22952289890902e-05,"loc594_pos124.T",3799,0.00141936381099303
5.22952289890902e-05,"loc594_pos124.A",3800,0.00141936381099303
5.22952289890902e-05,"loc595_pos159.A",3801,0.000427206914392468
5.22952289890902e-05,"loc595_pos159.T",3802,0.000427206914392468
5.22952289890902e-05,"loc597_pos6.T",3809,0.000158095593522309
5.22952289890902e-05,"loc597_pos6.A",3810,0.000158095593522309
5.22952289890902e-05,"loc597_pos19.A",3811,0.000625813581679925
5.22952289890902e-05,"loc597_pos19.T",3812,0.000625813581679925
5.22952289890902e-05,"loc597_pos45.A",3813,0.000357699490406667
5.22952289890902e-05,"loc597_pos45.T",3814,0.000357699490406667
5.22952289890902e-05,"loc597_pos76.A",3821,0.000625813581679925
5.22952289890902e-05,"loc597_pos76.T",3822,0.000625813581679925
5.22952289890902e-05,"loc597_pos102.A",3827,0.000158095593522309
5.22952289890902e-05,"loc597_pos102.T",3828,0.000158095593522309
5.22952289890902e-05,"loc597_pos114.A",3829,0.000158095593522309
5.22952289890902e-05,"loc597_pos114.T",3830,0.000158095593522309
5.22952289890902e-05,"loc600_pos96.T",3831,0.00146362504240648
5.22952289890902e-05,"loc600_pos96.A",3832,0.00146362504240648
5.22952289890902e-05,"loc606_pos22.A",3855,9.74327422867032e-05
5.22952289890902e-05,"loc606_pos22.T",3856,9.74327422867031e-05
5.22952289890902e-05,"loc606_pos95.T",3867,7.73413244499031e-05
5.22952289890902e-05,"loc606_pos95.A",3868,7.73413244499031e-05
5.22952289890902e-05,"loc607_pos92.A",3873,6.06784288295592e-05
5.22952289890902e-05,"loc607_pos92.T",3874,6.06784288295592e-05
5.22952289890902e-05,"loc612_pos108.A",3899,0.000106389762926755
5.22952289890902e-05,"loc612_pos108.T",3900,0.000106389762926755
5.22952289890902e-05,"loc613_pos42.A",3903,9.3014741372543e-05
5.22952289890902e-05,"loc613_pos42.T",3904,9.3014741372543e-05
5.22952289890902e-05,"loc616_pos118.A",3925,0.000182568898014808
5.22952289890902e-05,"loc616_pos118.T",3926,0.000182568898014808
5.22952289890902e-05,"loc623_pos25.A",3967,0.000111355474638211
5.22952289890902e-05,"loc623_pos25.T",3968,0.000111355474638211
5.22952289890902e-05,"loc623_pos96.A",3973,9.10378603872142e-05
5.22952289890902e-05,"loc623_pos96.T",3974,9.10378603872141e-05
5.22952289890902e-05,"loc624_pos70.A",3993,0.000315254996505247
5.22952289890902e-05,"loc624_pos70.T",3994,0.000315254996505247
5.22952289890902e-05,"loc624_pos95.A",3997,0.000303568704290025
5.22952289890902e-05,"loc624_pos95.T",3998,0.000303568704290025
5.22952289890902e-05,"loc624_pos125.A",4005,0.000303568704290025
5.22952289890902e-05,"loc624_pos125.T",4006,0.000303568704290025
5.22952289890902e-05,"loc624_pos130.A",4007,0.000286849852424481
5.22952289890902e-05,"loc624_pos130.T",4008,0.000286849852424481
5.22952289890902e-05,"loc625_pos124.T",4019,0.000217969691920139
5.22952289890902e-05,"loc625_pos124.A",4020,0.000217969691920139
5.22952289890902e-05,"loc625_pos133.A",4021,0.000459723564203212
5.22952289890902e-05,"loc625_pos133.T",4022,0.000459723564203212
5.22952289890902e-05,"loc627_pos72.A",4031,0.00105305417839216
5.22952289890902e-05,"loc627_pos72.T",4032,0.00105305417839216
5.22952289890902e-05,"loc627_pos130.T",4033,0.000177976628248638
5.22952289890902e-05,"loc627_pos130.A",4034,0.000177976628248638
5.22952289890902e-05,"loc629_pos49.A",4045,0.000135971500994978
5.22952289890902e-05,"loc629_pos49.T",4046,0.000135971500994978
5.22952289890902e-05,"loc632_pos6.A",4047,7.74871512034578e-05
5.22952289890902e-05,"loc632_pos6.T",4048,7.74871512034578e-05
5.22952289890902e-05,"loc632_pos7.A",4049,7.98434294865242e-05
5.22952289890902e-05,"loc632_pos7.T",4050,7.98434294865242e-05
5.22952289890902e-05,"loc632_pos13.A",4051,9.79609473594505e-05
5.22952289890902e-05,"loc632_pos13.T",4052,9.79609473594504e-05
5.22952289890902e-05,"loc632_pos14.A",4053,0.000879071627339288
5.22952289890902e-05,"loc632_pos14.T",4054,0.000879071627339288
5.22952289890902e-05,"loc632_pos20.A",4055,7.74871512034578e-05
5.22952289890902e-05,"loc632_pos20.T",4056,7.74871512034578e-05
5.22952289890902e-05,"loc632_pos88.A",4065,6.69051145657109e-05
5.22952289890902e-05,"loc632_pos88.T",4066,6.69051145657109e-05
5.22952289890902e-05,"loc633_pos29.T",4073,0.00178484842540009
5.22952289890902e-05,"loc633_pos29.A",4074,0.00178484842540009
5.22952289890902e-05,"loc634_pos80.A",4081,9.71506282641938e-05
5.22952289890902e-05,"loc634_pos80.T",4082,9.71506282641937e-05
5.22952289890902e-05,"loc634_pos81.A",4083,9.71506282641938e-05
5.22952289890902e-05,"loc634_pos81.T",4084,9.71506282641937e-05
5.22952289890902e-05,"loc636_pos29.A",4097,5.28145984532738e-05
5.22952289890902e-05,"loc636_pos29.T",4098,5.28145984532738e-05
5.22952289890902e-05,"loc636_pos51.A",4099,5.28145984532738e-05
5.22952289890902e-05,"loc636_pos51.T",4100,5.28145984532738e-05
5.22952289890902e-05,"loc637_pos41.A",4101,0.00140530175456366
5.22952289890902e-05,"loc637_pos41.T",4102,0.00140530175456366
5.22952289890902e-05,"loc641_pos100.A",4135,6.46103747074651e-05
5.22952289890902e-05,"loc641_pos100.T",4136,6.46103747074651e-05
5.22952289890902e-05,"loc642_pos43.A",4141,5.65931445987811e-05
5.22952289890902e-05,"loc642_pos43.T",4142,5.65931445987812e-05
5.22952289890902e-05,"loc642_pos69.A",4145,0.000114944015628259
5.22952289890902e-05,"loc642_pos69.T",4146,0.000114944015628259
5.22952289890902e-05,"loc643_pos37.A",4151,6.33692117695706e-05
5.22952289890902e-05,"loc643_pos37.T",4152,6.33692117695707e-05
5.22952289890902e-05,"loc643_pos40.A",4153,9.54776625162486e-05
5.22952289890902e-05,"loc643_pos40.T",4154,9.54776625162485e-05
5.22952289890902e-05,"loc643_pos76.A",4159,6.31646897203693e-05
5.22952289890902e-05,"loc643_pos76.T",4160,6.31646897203693e-05
5.22952289890902e-05,"loc643_pos118.A",4167,0.000345716158287914
5.22952289890902e-05,"loc643_pos118.T",4168,0.000345716158287914
5.22952289890902e-05,"loc644_pos30.A",4173,0.000235470482666809
5.22952289890902e-05,"loc644_pos30.T",4174,0.000235470482666809
5.22952289890902e-05,"loc644_pos77.A",4179,0.000235470482666809
5.22952289890902e-05,"loc644_pos77.T",4180,0.000235470482666809
5.22952289890902e-05,"loc644_pos107.A",4183,0.000378475920378112
5.22952289890902e-05,"loc644_pos107.T",4184,0.000378475920378112
5.22952289890902e-05,"loc644_pos110.A",4187,0.000235470482666809
5.22952289890902e-05,"loc644_pos110.T",4188,0.000235470482666809
5.22952289890902e-05,"loc644_pos121.A",4191,0.000122654148775647
5.22952289890902e-05,"loc644_pos121.T",4192,0.000122654148775647
5.22952289890902e-05,"loc647_pos76.A",4209,0.000537961586541693
5.22952289890902e-05,"loc647_pos76.T",4210,0.000537961586541693
5.22952289890902e-05,"loc647_pos115.A",4213,0.000205695342987797
5.22952289890902e-05,"loc647_pos115.T",4214,0.000205695342987797
5.22952289890902e-05,"loc648_pos33.A",4215,0.00130769273971875
5.22952289890902e-05,"loc648_pos33.T",4216,0.00130769273971875
5.22952289890902e-05,"loc648_pos46.A",4217,0.000398970407864521
5.22952289890902e-05,"loc648_pos46.T",4218,0.000398970407864522
5.22952289890902e-05,"loc648_pos48.A",4219,0.000205910397724006
5.22952289890902e-05,"loc648_pos48.T",4220,0.000205910397724006
5.22952289890902e-05,"loc648_pos92.A",4221,0.000405791972284579
5.22952289890902e-05,"loc648_pos92.T",4222,0.000405791972284579
5.22952289890902e-05,"loc649_pos23.T",4225,8.58037494771807e-05
5.22952289890902e-05,"loc649_pos23.A",4226,8.58037494771806e-05
5.22952289890902e-05,"loc649_pos70.A",4227,0.000154224456445387
5.22952289890902e-05,"loc649_pos70.T",4228,0.000154224456445387
5.22952289890902e-05,"loc649_pos90.A",4229,8.58037494771807e-05
5.22952289890902e-05,"loc649_pos90.T",4230,8.58037494771806e-05
5.22952289890902e-05,"loc649_pos129.A",4231,0.000154224456445387
5.22952289890902e-05,"loc649_pos129.T",4232,0.000154224456445387
5.22952289890902e-05,"loc651_pos20.A",4233,0.000534265411126149
5.22952289890902e-05,"loc651_pos20.T",4234,0.000534265411126149
5.22952289890902e-05,"loc651_pos101.A",4237,5.74611827061775e-05
5.22952289890902e-05,"loc651_pos101.T",4238,5.74611827061775e-05
5.22952289890902e-05,"loc654_pos13.A",4263,6.00755250735511e-05
5.22952289890902e-05,"loc654_pos13.T",4264,6.0075525073551e-05
5.22952289890902e-05,"loc656_pos19.A",4271,0.000638159000742328
5.22952289890902e-05,"loc656_pos19.T",4272,0.000638159000742328
5.22952289890902e-05,"loc656_pos40.A",4273,0.000596614722465589
5.22952289890902e-05,"loc656_pos40.T",4274,0.000596614722465589
5.22952289890902e-05,"loc656_pos98.A",4275,9.60459158230857e-05
5.22952289890902e-05,"loc656_pos98.T",4276,9.60459158230858e-05
5.22952289890902e-05,"loc656_pos101.A",4277,0.000755090766523322
5.22952289890902e-05,"loc656_pos101.T",4278,0.000755090766523322
5.22952289890902e-05,"loc657_pos18.A",4281,0.000516441598818072
5.22952289890902e-05,"loc657_pos18.T",4282,0.000516441598818072
5.22952289890902e-05,"loc657_pos96.A",4285,0.000965552432085716
5.22952289890902e-05,"loc657_pos96.T",4286,0.000965552432085716
5.22952289890902e-05,"loc658_pos42.A",4287,0.000193408875373369
5.22952289890902e-05,"loc658_pos42.T",4288,0.000193408875373369
5.22952289890902e-05,"loc658_pos44.A",4289,0.000146331850497055
5.22952289890902e-05,"loc658_pos44.T",4290,0.000146331850497055
5.22952289890902e-05,"loc658_pos57.A",4291,0.000647647647845272
5.22952289890902e-05,"loc658_pos57.T",4292,0.000647647647845273
5.22952289890902e-05,"loc658_pos61.A",4293,0.00135374751757145
5.22952289890902e-05,"loc658_pos61.T",4294,0.00135374751757145
5.22952289890902e-05,"loc660_pos17.A",4303,7.60664747209807e-05
5.22952289890902e-05,"loc660_pos17.T",4304,7.60664747209807e-05
5.22952289890902e-05,"loc660_pos22.A",4305,7.60664747209807e-05
5.22952289890902e-05,"loc660_pos22.T",4306,7.60664747209807e-05
5.22952289890902e-05,"loc660_pos39.A",4307,7.60664747209807e-05
5.22952289890902e-05,"loc660_pos39.T",4308,7.60664747209807e-05
5.22952289890902e-05,"loc660_pos133.A",4311,7.60664747209807e-05
5.22952289890902e-05,"loc660_pos133.T",4312,7.60664747209807e-05
5.22952289890902e-05,"loc661_pos36.A",4313,0.000808696180930191
5.22952289890902e-05,"loc661_pos36.T",4314,0.000808696180930191
5.22952289890902e-05,"loc661_pos90.A",4319,0.000808696180930191
5.22952289890902e-05,"loc661_pos90.T",4320,0.000808696180930191
5.22952289890902e-05,"loc668_pos13.A",4353,0.000436795864948369
5.22952289890902e-05,"loc668_pos13.T",4354,0.000436795864948369
5.22952289890902e-05,"loc668_pos27.A",4355,6.81332820126716e-05
5.22952289890902e-05,"loc668_pos27.T",4356,6.81332820126716e-05
5.22952289890902e-05,"loc669_pos7.A",4361,0.00110810807910146
5.22952289890902e-05,"loc669_pos7.T",4362,0.00110810807910146
5.22952289890902e-05,"loc669_pos30.T",4363,5.31112068932188e-05
5.22952289890902e-05,"loc669_pos30.A",4364,5.31112068932188e-05
5.22952289890902e-05,"loc669_pos106.T",4377,5.31112068932188e-05
5.22952289890902e-05,"loc669_pos106.A",4378,5.31112068932188e-05
5.22952289890902e-05,"loc669_pos110.A",4379,5.31112068932188e-05
5.22952289890902e-05,"loc669_pos110.T",4380,5.31112068932188e-05
5.22952289890902e-05,"loc669_pos117.A",4381,0.000919967396537856
5.22952289890902e-05,"loc669_pos117.T",4382,0.000919967396537857
5.22952289890902e-05,"loc670_pos49.T",4385,0.00107821693654172
5.22952289890902e-05,"loc670_pos49.A",4386,0.00107821693654172
5.22952289890902e-05,"loc670_pos73.A",4387,5.53771683346352e-05
5.22952289890902e-05,"loc670_pos73.T",4388,5.53771683346352e-05
5.22952289890902e-05,"loc671_pos64.A",4395,0.000483843278600193
5.22952289890902e-05,"loc671_pos64.T",4396,0.000483843278600193
5.22952289890902e-05,"loc672_pos124.A",4403,0.000225181299987349
5.22952289890902e-05,"loc672_pos124.T",4404,0.00022518129998735
5.22952289890902e-05,"loc673_pos230.A",4423,0.000140295877907901
5.22952289890902e-05,"loc673_pos230.T",4424,0.000140295877907901
5.22952289890902e-05,"loc674_pos46.A",4431,8.60623780990182e-05
5.22952289890902e-05,"loc674_pos46.T",4432,8.60623780990181e-05
5.22952289890902e-05,"loc675_pos99.A",4453,0.000188066207165752
5.22952289890902e-05,"loc675_pos99.T",4454,0.000188066207165752
5.22952289890902e-05,"loc680_pos49.A",4465,0.000724323044864791
5.22952289890902e-05,"loc680_pos49.T",4466,0.000724323044864791
5.22952289890902e-05,"loc681_pos57.A",4475,0.000142093788979261
5.22952289890902e-05,"loc681_pos57.T",4476,0.000142093788979261
5.22952289890902e-05,"loc684_pos121.A",4493,9.13226990534362e-05
5.22952289890902e-05,"loc684_pos121.T",4494,9.13226990534362e-05
5.22952289890902e-05,"loc685_pos106.A",4499,0.000141482890041772
5.22952289890902e-05,"loc685_pos106.T",4500,0.000141482890041772
5.22952289890902e-05,"loc686_pos42.A",4507,0.000116973060180124
5.22952289890902e-05,"loc686_pos42.T",4508,0.000116973060180124
5.22952289890902e-05,"loc686_pos65.A",4511,0.000109980559228267
5.22952289890902e-05,"loc686_pos65.T",4512,0.000109980559228267
5.22952289890902e-05,"loc686_pos75.A",4513,0.00148912399939193
5.22952289890902e-05,"loc686_pos75.T",4514,0.00148912399939193
5.22952289890902e-05,"loc686_pos77.A",4515,0.00148912399939193
5.22952289890902e-05,"loc686_pos77.T",4516,0.00148912399939193
5.22952289890902e-05,"loc686_pos78.A",4517,0.000213029967027278
5.22952289890902e-05,"loc686_pos78.T",4518,0.000213029967027278
5.22952289890902e-05,"loc686_pos121.A",4521,0.00148912399939193
5.22952289890902e-05,"loc686_pos121.T",4522,0.00148912399939193
5.22952289890902e-05,"loc687_pos26.A",4523,0.000132110356232101
5.22952289890902e-05,"loc687_pos26.T",4524,0.000132110356232101
5.22952289890902e-05,"loc689_pos41.A",4545,0.00020582277925848
5.22952289890902e-05,"loc689_pos41.T",4546,0.00020582277925848
5.22952289890902e-05,"loc690_pos58.A",4551,0.000277657618708323
5.22952289890902e-05,"loc690_pos58.T",4552,0.000277657618708323
5.22952289890902e-05,"loc691_pos26.T",4555,0.000687385462162729
5.22952289890902e-05,"loc691_pos26.A",4556,0.000687385462162729
5.22952289890902e-05,"loc691_pos33.A",4557,0.000687385462162729
5.22952289890902e-05,"loc691_pos33.T",4558,0.000687385462162729
5.22952289890902e-05,"loc691_pos37.A",4561,0.000687385462162729
5.22952289890902e-05,"loc691_pos37.T",4562,0.000687385462162729
5.22952289890902e-05,"loc691_pos106.T",4565,0.000687385462162729
5.22952289890902e-05,"loc691_pos106.A",4566,0.000687385462162729
5.22952289890902e-05,"loc691_pos126.A",4569,0.000188583191425337
5.22952289890902e-05,"loc691_pos126.T",4570,0.000188583191425337
5.22952289890902e-05,"loc692_pos68.A",4571,0.000188583191425337
5.22952289890902e-05,"loc692_pos68.T",4572,0.000188583191425337
5.22952289890902e-05,"loc694_pos60.T",4581,0.00136036936777994
5.22952289890902e-05,"loc694_pos60.A",4582,0.00136036936777994
5.22952289890902e-05,"loc695_pos149.A",4595,0.000159476078435998
5.22952289890902e-05,"loc695_pos149.T",4596,0.000159476078435998
5.22952289890902e-05,"loc696_pos16.A",4611,0.000478885797466236
5.22952289890902e-05,"loc696_pos16.T",4612,0.000478885797466236
5.22952289890902e-05,"loc696_pos74.A",4617,0.000111298925765887
5.22952289890902e-05,"loc696_pos74.T",4618,0.000111298925765886
5.22952289890902e-05,"loc697_pos5.A",4627,0.000376984227416794
5.22952289890902e-05,"loc697_pos5.T",4628,0.000376984227416794
5.22952289890902e-05,"loc697_pos42.A",4631,0.000289411665305622
5.22952289890902e-05,"loc697_pos42.T",4632,0.000289411665305622
5.22952289890902e-05,"loc698_pos127.A",4639,0.000340250001993463
5.22952289890902e-05,"loc698_pos127.T",4640,0.000340250001993463
5.22952289890902e-05,"loc705_pos33.T",4661,0.000201415960731072
5.22952289890902e-05,"loc705_pos33.A",4662,0.000201415960731072
5.22952289890902e-05,"loc705_pos98.A",4675,8.82372425518672e-05
5.22952289890902e-05,"loc705_pos98.T",4676,8.82372425518673e-05
5.22952289890902e-05,"loc708_pos155.A",4691,0.00015620087734664
5.22952289890902e-05,"loc708_pos155.T",4692,0.000156200877346641
5.22952289890902e-05,"loc708_pos168.A",4693,0.00064786901000141
5.22952289890902e-05,"loc708_pos168.T",4694,0.000647869010001411
5.22952289890902e-05,"loc708_pos185.T",4695,0.000240729669197177
5.22952289890902e-05,"loc708_pos185.A",4696,0.000240729669197177
5.22952289890902e-05,"loc715_pos104.A",4731,0.000611601630097201
5.22952289890902e-05,"loc715_pos104.T",4732,0.000611601630097201
5.22952289890902e-05,"loc717_pos196.A",4745,6.09236503698433e-05
5.22952289890902e-05,"loc717_pos196.T",4746,6.09236503698432e-05
5.22952289890902e-05,"loc717_pos207.A",4749,0.000262950550523275
5.22952289890902e-05,"loc717_pos207.T",4750,0.000262950550523275
5.22952289890902e-05,"loc717_pos228.A",4751,6.16159308923405e-05
5.22952289890902e-05,"loc717_pos228.T",4752,6.16159308923405e-05
5.22952289890902e-05,"loc718_pos40.T",4757,5.32884123754467e-05
5.22952289890902e-05,"loc718_pos40.A",4758,5.32884123754467e-05
5.22952289890902e-05,"loc718_pos65.A",4763,5.32884123754467e-05
5.22952289890902e-05,"loc718_pos65.T",4764,5.32884123754467e-05
5.22952289890902e-05,"loc718_pos96.A",4765,7.41707888530869e-05
5.22952289890902e-05,"loc718_pos96.T",4766,7.41707888530869e-05
5.22952289890902e-05,"loc719_pos39.A",4771,0.0021848357395795
5.22952289890902e-05,"loc719_pos39.T",4772,0.0021848357395795
5.22952289890902e-05,"loc719_pos105.A",4781,6.63888161676359e-05
5.22952289890902e-05,"loc719_pos105.T",4782,6.63888161676359e-05
5.22952289890902e-05,"loc721_pos20.A",4791,0.00179969271713027
5.22952289890902e-05,"loc721_pos20.T",4792,0.00179969271713027
5.22952289890902e-05,"loc721_pos45.A",4793,0.00179969271713027
5.22952289890902e-05,"loc721_pos45.T",4794,0.00179969271713027
5.22952289890902e-05,"loc721_pos67.A",4795,6.72760826190826e-05
5.22952289890902e-05,"loc721_pos67.T",4796,6.72760826190826e-05
5.22952289890902e-05,"loc723_pos40.A",4811,9.09406837747269e-05
5.22952289890902e-05,"loc723_pos40.T",4812,9.0940683774727e-05
5.22952289890902e-05,"loc723_pos80.A",4813,6.72760826190826e-05
5.22952289890902e-05,"loc723_pos80.T",4814,6.72760826190826e-05
5.22952289890902e-05,"loc724_pos8.A",4821,0.000235763076672392
5.22952289890902e-05,"loc724_pos8.T",4822,0.000235763076672392
5.22952289890902e-05,"loc725_pos61.A",4833,7.09040761555314e-05
5.22952289890902e-05,"loc725_pos61.T",4834,7.09040761555314e-05
5.22952289890902e-05,"loc725_pos126.A",4845,0.000152113550004992
5.22952289890902e-05,"loc725_pos126.T",4846,0.000152113550004992
5.22952289890902e-05,"loc726_pos12.A",4847,0.000640145201145151
5.22952289890902e-05,"loc726_pos12.T",4848,0.000640145201145151
5.22952289890902e-05,"loc727_pos11.A",4851,5.37378478168421e-05
5.22952289890902e-05,"loc727_pos11.T",4852,5.37378478168421e-05
5.22952289890902e-05,"loc730_pos6.A",4883,0.000121879163196382
5.22952289890902e-05,"loc730_pos6.T",4884,0.000121879163196382
5.22952289890902e-05,"loc730_pos10.A",4885,0.000391252767727913
5.22952289890902e-05,"loc730_pos10.T",4886,0.000391252767727913
5.22952289890902e-05,"loc730_pos17.A",4887,0.000391252767727913
5.22952289890902e-05,"loc730_pos17.T",4888,0.000391252767727913
5.22952289890902e-05,"loc730_pos43.A",4889,0.000949872402733108
5.22952289890902e-05,"loc730_pos43.T",4890,0.000949872402733108
5.22952289890902e-05,"loc730_pos52.A",4891,0.000121879163196382
5.22952289890902e-05,"loc730_pos52.T",4892,0.000121879163196382
5.22952289890902e-05,"loc730_pos142.A",4893,0.000470606052915137
5.22952289890902e-05,"loc730_pos142.T",4894,0.000470606052915137
5.22952289890902e-05,"loc730_pos151.A",4895,0.000121879163196382
5.22952289890902e-05,"loc730_pos151.T",4896,0.000121879163196382
5.22952289890902e-05,"loc732_pos234.T",4909,0.000137020739081809
5.22952289890902e-05,"loc732_pos234.A",4910,0.000137020739081809
5.22952289890902e-05,"loc733_pos7.A",4911,0.000228337245421768
5.22952289890902e-05,"loc733_pos7.T",4912,0.000228337245421768
5.22952289890902e-05,"loc733_pos83.T",4917,0.000228337245421768
5.22952289890902e-05,"loc733_pos83.A",4918,0.000228337245421768
5.22952289890902e-05,"loc733_pos126.T",4919,0.000228337245421768
5.22952289890902e-05,"loc733_pos126.A",4920,0.000228337245421768
5.22952289890902e-05,"loc736_pos92.A",4933,0.00194731484165084
5.22952289890902e-05,"loc736_pos92.T",4934,0.00194731484165084
5.22952289890902e-05,"loc738_pos28.A",4939,0.00136472381989554
5.22952289890902e-05,"loc738_pos28.T",4940,0.00136472381989554
5.22952289890902e-05,"loc738_pos80.A",4941,0.00136472381989554
5.22952289890902e-05,"loc738_pos80.T",4942,0.00136472381989554
5.22952289890902e-05,"loc738_pos117.T",4943,0.00136472381989554
5.22952289890902e-05,"loc738_pos117.A",4944,0.00136472381989554
5.22952289890902e-05,"loc738_pos211.A",4947,0.00136472381989554
5.22952289890902e-05,"loc738_pos211.T",4948,0.00136472381989554
5.22952289890902e-05,"loc740_pos45.A",4961,0.000387875683214833
5.22952289890902e-05,"loc740_pos45.T",4962,0.000387875683214833
5.22952289890902e-05,"loc740_pos107.A",4963,0.000377057066200045
5.22952289890902e-05,"loc740_pos107.T",4964,0.000377057066200045
5.22952289890902e-05,"loc745_pos68.A",4987,0.000801646942062549
5.22952289890902e-05,"loc745_pos68.T",4988,0.000801646942062549
5.22952289890902e-05,"loc756_pos43.A",5015,0.000506461107836689
5.22952289890902e-05,"loc756_pos43.T",5016,0.000506461107836689
5.22952289890902e-05,"loc756_pos45.A",5017,0.000120737393131004
5.22952289890902e-05,"loc756_pos45.T",5018,0.000120737393131004
5.22952289890902e-05,"loc757_pos61.A",5023,8.93860198748469e-05
5.22952289890902e-05,"loc757_pos61.T",5024,8.93860198748468e-05
5.22952289890902e-05,"loc758_pos43.A",5029,9.5380371070829e-05
5.22952289890902e-05,"loc758_pos43.T",5030,9.5380371070829e-05
5.22952289890902e-05,"loc766_pos17.A",5071,0.000331895987939176
5.22952289890902e-05,"loc766_pos17.T",5072,0.000331895987939176
5.22952289890902e-05,"loc766_pos69.A",5075,0.000175466952664472
5.22952289890902e-05,"loc766_pos69.T",5076,0.000175466952664472
5.22952289890902e-05,"loc766_pos103.T",5077,0.000160986041171851
5.22952289890902e-05,"loc766_pos103.A",5078,0.000160986041171851
5.22952289890902e-05,"loc767_pos55.A",5081,0.000329185654079021
5.22952289890902e-05,"loc767_pos55.T",5082,0.000329185654079021
5.22952289890902e-05,"loc767_pos111.A",5083,0.000467450099325987
5.22952289890902e-05,"loc767_pos111.T",5084,0.000467450099325987
5.22952289890902e-05,"loc768_pos106.A",5087,0.000102358560291495
5.22952289890902e-05,"loc768_pos106.T",5088,0.000102358560291495
5.22952289890902e-05,"loc771_pos122.A",5105,0.001462447092635
5.22952289890902e-05,"loc771_pos122.T",5106,0.001462447092635
5.22952289890902e-05,"loc776_pos43.A",5137,0.00090689052778899
5.22952289890902e-05,"loc776_pos43.T",5138,0.00090689052778899
5.22952289890902e-05,"loc776_pos59.T",5141,0.000924018662756252
5.22952289890902e-05,"loc776_pos59.A",5142,0.000924018662756252
5.22952289890902e-05,"loc776_pos64.T",5143,0.000924018662756252
5.22952289890902e-05,"loc776_pos64.A",5144,0.000924018662756252
5.22952289890902e-05,"loc776_pos126.A",5151,0.000757879314249864
5.22952289890902e-05,"loc776_pos126.T",5152,0.000757879314249864
5.22952289890902e-05,"loc783_pos130.A",5191,0.000712155724013218
5.22952289890902e-05,"loc783_pos130.T",5192,0.000712155724013217
5.22952289890902e-05,"loc785_pos81.T",5209,7.06858628389387e-05
5.22952289890902e-05,"loc785_pos81.A",5210,7.06858628389387e-05
5.22952289890902e-05,"loc785_pos85.T",5211,7.06858628389387e-05
5.22952289890902e-05,"loc785_pos85.A",5212,7.06858628389387e-05
5.22952289890902e-05,"loc785_pos113.A",5215,7.06858628389387e-05
5.22952289890902e-05,"loc785_pos113.T",5216,7.06858628389387e-05
5.22952289890902e-05,"loc785_pos119.A",5217,7.06858628389387e-05
5.22952289890902e-05,"loc785_pos119.T",5218,7.06858628389387e-05
5.22952289890902e-05,"loc785_pos128.T",5219,7.06858628389387e-05
5.22952289890902e-05,"loc785_pos128.A",5220,7.06858628389387e-05
5.22952289890902e-05,"loc786_pos70.T",5223,0.000266884268961321
5.22952289890902e-05,"loc786_pos70.A",5224,0.000266884268961322
5.22952289890902e-05,"loc787_pos21.A",5225,0.000227500417067607
5.22952289890902e-05,"loc787_pos21.T",5226,0.000227500417067607
5.22952289890902e-05,"loc787_pos116.A",5233,0.000402721124862232
5.22952289890902e-05,"loc787_pos116.T",5234,0.000402721124862232
5.22952289890902e-05,"loc798_pos114.A",5281,0.00011860669897407
5.22952289890902e-05,"loc798_pos114.T",5282,0.00011860669897407
5.22952289890902e-05,"loc799_pos9.T",5285,0.00011860669897407
5.22952289890902e-05,"loc799_pos9.A",5286,0.00011860669897407
5.22952289890902e-05,"loc799_pos153.T",5289,0.00011860669897407
5.22952289890902e-05,"loc799_pos153.A",5290,0.00011860669897407
5.22952289890902e-05,"loc799_pos168.T",5291,0.00011860669897407
5.22952289890902e-05,"loc799_pos168.A",5292,0.00011860669897407
5.22952289890902e-05,"loc805_pos16.A",5331,9.76858964971861e-05
5.22952289890902e-05,"loc805_pos16.T",5332,9.76858964971862e-05
5.22952289890902e-05,"loc807_pos103.A",5347,5.5855472498258e-05
5.22952289890902e-05,"loc807_pos103.T",5348,5.5855472498258e-05
5.22952289890902e-05,"loc809_pos84.A",5357,0.000585673207958063
5.22952289890902e-05,"loc809_pos84.T",5358,0.000585673207958063
5.22952289890902e-05,"loc809_pos115.A",5361,0.000672987438417792
5.22952289890902e-05,"loc809_pos115.T",5362,0.000672987438417793
5.22952289890902e-05,"loc816_pos59.A",5375,0.000354217069318983
5.22952289890902e-05,"loc816_pos59.T",5376,0.000354217069318983
5.22952289890902e-05,"loc817_pos42.A",5377,0.000277252196783105
5.22952289890902e-05,"loc817_pos42.T",5378,0.000277252196783105
5.22952289890902e-05,"loc817_pos81.A",5379,0.000277252196783105
5.22952289890902e-05,"loc817_pos81.T",5380,0.000277252196783105
5.22952289890902e-05,"loc818_pos102.A",5387,0.000277252196783105
5.22952289890902e-05,"loc818_pos102.T",5388,0.000277252196783105
5.22952289890902e-05,"loc819_pos101.A",5397,0.00013617629772127
5.22952289890902e-05,"loc819_pos101.T",5398,0.00013617629772127
5.22952289890902e-05,"loc820_pos43.T",5403,0.000321072116315061
5.22952289890902e-05,"loc820_pos43.A",5404,0.000321072116315061
5.22952289890902e-05,"loc820_pos59.A",5407,0.000138629331370241
5.22952289890902e-05,"loc820_pos59.T",5408,0.000138629331370241
5.22952289890902e-05,"loc820_pos75.A",5409,0.000132044084100512
5.22952289890902e-05,"loc820_pos75.T",5410,0.000132044084100512
5.22952289890902e-05,"loc821_pos121.A",5425,0.000180897511779305
5.22952289890902e-05,"loc821_pos121.T",5426,0.000180897511779305
5.22952289890902e-05,"loc826_pos9.A",5433,0.000553047415711004
5.22952289890902e-05,"loc826_pos9.T",5434,0.000553047415711004
5.22952289890902e-05,"loc826_pos31.A",5435,0.000382744603874161
5.22952289890902e-05,"loc826_pos31.T",5436,0.000382744603874161
5.22952289890902e-05,"loc826_pos126.A",5447,0.00111540264773003
5.22952289890902e-05,"loc826_pos126.T",5448,0.00111540264773003
5.22952289890902e-05,"loc826_pos127.A",5449,0.000191373599335948
5.22952289890902e-05,"loc826_pos127.T",5450,0.000191373599335948
5.22952289890902e-05,"loc831_pos57.A",5461,5.79704118391627e-05
5.22952289890902e-05,"loc831_pos57.T",5462,5.79704118391625e-05
5.22952289890902e-05,"loc831_pos63.A",5463,0.000107667614119394
5.22952289890902e-05,"loc831_pos63.T",5464,0.000107667614119394
5.22952289890902e-05,"loc833_pos79.A",5493,0.000468372937682699
5.22952289890902e-05,"loc833_pos79.T",5494,0.000468372937682699
5.22952289890902e-05,"loc836_pos56.A",5497,6.58577827835383e-05
5.22952289890902e-05,"loc836_pos56.T",5498,6.58577827835383e-05
5.22952289890902e-05,"loc836_pos121.A",5501,6.66143945245446e-05
5.22952289890902e-05,"loc836_pos121.T",5502,6.66143945245446e-05
5.22952289890902e-05,"loc836_pos145.A",5503,5.63159964905345e-05
5.22952289890902e-05,"loc836_pos145.T",5504,5.63159964905345e-05
5.22952289890902e-05,"loc838_pos14.T",5509,0.000206754479401028
5.22952289890902e-05,"loc838_pos14.A",5510,0.000206754479401028
5.22952289890902e-05,"loc838_pos19.T",5511,0.000206754479401028
5.22952289890902e-05,"loc838_pos19.A",5512,0.000206754479401028
5.22952289890902e-05,"loc838_pos61.T",5513,0.000206754479401028
5.22952289890902e-05,"loc838_pos61.A",5514,0.000206754479401028
5.22952289890902e-05,"loc840_pos51.A",5517,0.000168883000622566
5.22952289890902e-05,"loc840_pos51.T",5518,0.000168883000622566
5.22952289890902e-05,"loc840_pos97.A",5525,8.17616093910562e-05
5.22952289890902e-05,"loc840_pos97.T",5526,8.17616093910563e-05
5.22952289890902e-05,"loc841_pos132.A",5537,0.000170765857437925
5.22952289890902e-05,"loc841_pos132.T",5538,0.000170765857437925
5.22952289890902e-05,"loc846_pos11.A",5555,0.000100274337385108
5.22952289890902e-05,"loc846_pos11.T",5556,0.000100274337385108
5.22952289890902e-05,"loc846_pos20.T",5559,0.000153566038157228
5.22952289890902e-05,"loc846_pos20.A",5560,0.000153566038157228
5.22952289890902e-05,"loc846_pos52.T",5561,0.000153566038157228
5.22952289890902e-05,"loc846_pos52.A",5562,0.000153566038157228
5.22952289890902e-05,"loc850_pos67.A",5579,0.000471691741075209
5.22952289890902e-05,"loc850_pos67.T",5580,0.00047169174107521
5.22952289890902e-05,"loc850_pos80.A",5583,7.29408253658899e-05
5.22952289890902e-05,"loc850_pos80.T",5584,7.29408253658899e-05
5.22952289890902e-05,"loc850_pos98.A",5585,7.29408253658899e-05
5.22952289890902e-05,"loc850_pos98.T",5586,7.29408253658899e-05
5.22952289890902e-05,"loc851_pos21.A",5589,7.09628747249231e-05
5.22952289890902e-05,"loc851_pos21.T",5590,7.09628747249231e-05
5.22952289890902e-05,"loc852_pos53.A",5611,0.000190711982218469
5.22952289890902e-05,"loc852_pos53.T",5612,0.000190711982218469
5.22952289890902e-05,"loc857_pos61.A",5633,0.000840975552080938
5.22952289890902e-05,"loc857_pos61.T",5634,0.000840975552080938
5.22952289890902e-05,"loc858_pos16.A",5639,0.000704142590573934
5.22952289890902e-05,"loc858_pos16.T",5640,0.000704142590573934
5.22952289890902e-05,"loc858_pos65.A",5647,0.000704142590573934
5.22952289890902e-05,"loc858_pos65.T",5648,0.000704142590573934
5.22952289890902e-05,"loc858_pos124.A",5653,0.000156150102066737
5.22952289890902e-05,"loc858_pos124.T",5654,0.000156150102066737
5.22952289890902e-05,"loc858_pos140.A",5655,0.000440190960013799
5.22952289890902e-05,"loc858_pos140.T",5656,0.000440190960013799
5.22952289890902e-05,"loc858_pos141.A",5657,0.000704142590573934
5.22952289890902e-05,"loc858_pos141.T",5658,0.000704142590573934
5.22952289890902e-05,"loc858_pos198.A",5665,0.000903121668655709
5.22952289890902e-05,"loc858_pos198.T",5666,0.000903121668655709
5.22952289890902e-05,"loc858_pos200.A",5667,0.000704142590573934
5.22952289890902e-05,"loc858_pos200.T",5668,0.000704142590573934
5.22952289890902e-05,"loc859_pos22.A",5669,0.000222405824470758
5.22952289890902e-05,"loc859_pos22.T",5670,0.000222405824470758
5.22952289890902e-05,"loc859_pos40.A",5671,0.000425595936528686
5.22952289890902e-05,"loc859_pos40.T",5672,0.000425595936528686
5.22952289890902e-05,"loc859_pos43.A",5673,0.000262938129255137
5.22952289890902e-05,"loc859_pos43.T",5674,0.000262938129255137
5.22952289890902e-05,"loc859_pos80.A",5675,0.000425595936528686
5.22952289890902e-05,"loc859_pos80.T",5676,0.000425595936528686
5.22952289890902e-05,"loc859_pos114.A",5677,0.000662070926595757
5.22952289890902e-05,"loc859_pos114.T",5678,0.000662070926595757
5.22952289890902e-05,"loc859_pos125.A",5679,6.67331416456861e-05
5.22952289890902e-05,"loc859_pos125.T",5680,6.67331416456861e-05
5.22952289890902e-05,"loc861_pos93.A",5699,0.000208089934384392
5.22952289890902e-05,"loc861_pos93.T",5700,0.000208089934384392
5.22952289890902e-05,"loc862_pos43.A",5705,0.000616237917552502
5.22952289890902e-05,"loc862_pos43.T",5706,0.000616237917552502
5.22952289890902e-05,"loc862_pos125.A",5713,0.000132347933738115
5.22952289890902e-05,"loc862_pos125.T",5714,0.000132347933738115
5.22952289890902e-05,"loc865_pos176.A",5731,0.00038774436519213
5.22952289890902e-05,"loc865_pos176.T",5732,0.00038774436519213
5.22952289890902e-05,"loc865_pos209.A",5733,0.000275312579132524
5.22952289890902e-05,"loc865_pos209.T",5734,0.000275312579132524
5.22952289890902e-05,"loc867_pos56.A",5747,0.000134679786722828
5.22952289890902e-05,"loc867_pos56.T",5748,0.000134679786722828
5.22952289890902e-05,"loc867_pos95.T",5751,0.000134679786722828
5.22952289890902e-05,"loc867_pos95.A",5752,0.000134679786722828
5.22952289890902e-05,"loc868_pos13.A",5757,0.000145112366705694
5.22952289890902e-05,"loc868_pos13.T",5758,0.000145112366705694
5.22952289890902e-05,"loc868_pos103.T",5765,0.000356600550551171
5.22952289890902e-05,"loc868_pos103.A",5766,0.000356600550551171
5.22952289890902e-05,"loc868_pos110.T",5767,0.000345990429740132
5.22952289890902e-05,"loc868_pos110.A",5768,0.000345990429740132
5.22952289890902e-05,"loc870_pos103.A",5781,6.16285619859404e-05
5.22952289890902e-05,"loc870_pos103.T",5782,6.16285619859404e-05
5.22952289890902e-05,"loc874_pos10.A",5801,0.000272025134444159
5.22952289890902e-05,"loc874_pos10.T",5802,0.000272025134444159
5.22952289890902e-05,"loc877_pos32.A",5807,0.00111113513192789
5.22952289890902e-05,"loc877_pos32.T",5808,0.00111113513192789
5.22952289890902e-05,"loc877_pos46.A",5809,0.00111113513192789
5.22952289890902e-05,"loc877_pos46.T",5810,0.00111113513192789
5.22952289890902e-05,"loc877_pos71.A",5811,0.00106140482128435
5.22952289890902e-05,"loc877_pos71.T",5812,0.00106140482128435
5.22952289890902e-05,"loc878_pos103.A",5821,7.64562569545131e-05
5.22952289890902e-05,"loc878_pos103.T",5822,7.64562569545131e-05
5.22952289890902e-05,"loc878_pos108.A",5825,7.93957237913354e-05
5.22952289890902e-05,"loc878_pos108.T",5826,7.93957237913354e-05
5.22952289890902e-05,"loc878_pos121.A",5827,7.93957237913354e-05
5.22952289890902e-05,"loc878_pos121.T",5828,7.93957237913354e-05
5.22952289890902e-05,"loc880_pos100.A",5843,0.000145318294617569
5.22952289890902e-05,"loc880_pos100.T",5844,0.000145318294617569
5.22952289890902e-05,"loc880_pos102.A",5845,0.000320644127400009
5.22952289890902e-05,"loc880_pos102.T",5846,0.000320644127400009
5.22952289890902e-05,"loc880_pos117.T",5849,0.000267578542005697
5.22952289890902e-05,"loc880_pos117.A",5850,0.000267578542005697
5.22952289890902e-05,"loc881_pos81.T",5857,0.000344844685605597
5.22952289890902e-05,"loc881_pos81.A",5858,0.000344844685605597
5.22952289890902e-05,"loc882_pos70.A",5869,9.41142445103342e-05
5.22952289890902e-05,"loc882_pos70.T",5870,9.41142445103342e-05
5.22952289890902e-05,"loc882_pos99.A",5873,9.41142445103342e-05
5.22952289890902e-05,"loc882_pos99.T",5874,9.41142445103342e-05
5.22952289890902e-05,"loc883_pos63.A",5885,8.54963411651452e-05
5.22952289890902e-05,"loc883_pos63.T",5886,8.54963411651452e-05
5.22952289890902e-05,"loc884_pos67.A",5893,0.000166474639576041
5.22952289890902e-05,"loc884_pos67.T",5894,0.000166474639576041
5.22952289890902e-05,"loc885_pos103.A",5903,6.16285619859404e-05
5.22952289890902e-05,"loc885_pos103.T",5904,6.16285619859404e-05
5.22952289890902e-05,"loc886_pos113.T",5905,0.000650183440215562
5.22952289890902e-05,"loc886_pos113.A",5906,0.000650183440215562
5.22952289890902e-05,"loc887_pos142.A",5909,0.000284495285891233
5.22952289890902e-05,"loc887_pos142.T",5910,0.000284495285891233
5.22952289890902e-05,"loc887_pos180.A",5911,0.000284495285891233
5.22952289890902e-05,"loc887_pos180.T",5912,0.000284495285891233
5.22952289890902e-05,"loc887_pos210.A",5913,0.000284495285891233
5.22952289890902e-05,"loc887_pos210.T",5914,0.000284495285891233
5.22952289890902e-05,"loc889_pos208.A",5925,0.000257792312520673
5.22952289890902e-05,"loc889_pos208.T",5926,0.000257792312520673
5.22952289890902e-05,"loc891_pos102.T",5945,0.00109167460344706
5.22952289890902e-05,"loc891_pos102.A",5946,0.00109167460344706
5.22952289890902e-05,"loc893_pos56.A",5951,0.000271611324553849
5.22952289890902e-05,"loc893_pos56.T",5952,0.000271611324553849
5.22952289890902e-05,"loc894_pos20.T",5959,0.00265146330074285
5.22952289890902e-05,"loc894_pos20.A",5960,0.00265146330074285
5.22952289890902e-05,"loc894_pos28.T",5961,0.00267247750799142
5.22952289890902e-05,"loc894_pos28.A",5962,0.00267247750799142
5.22952289890902e-05,"loc894_pos37.T",5963,0.00265146330074285
5.22952289890902e-05,"loc894_pos37.A",5964,0.00265146330074285
5.22952289890902e-05,"loc894_pos38.T",5965,0.00265146330074285
5.22952289890902e-05,"loc894_pos38.A",5966,0.00265146330074285
5.22952289890902e-05,"loc894_pos51.T",5967,0.00267247750799142
5.22952289890902e-05,"loc894_pos51.A",5968,0.00267247750799142
5.22952289890902e-05,"loc894_pos126.A",5969,8.09729023754448e-05
5.22952289890902e-05,"loc894_pos126.T",5970,8.09729023754448e-05
5.22952289890902e-05,"loc895_pos24.T",5971,0.000383817176257969
5.22952289890902e-05,"loc895_pos24.A",5972,0.000383817176257968
5.22952289890902e-05,"loc895_pos29.T",5973,0.000383817176257969
5.22952289890902e-05,"loc895_pos29.A",5974,0.000383817176257968
5.22952289890902e-05,"loc895_pos30.T",5975,0.000383817176257969
5.22952289890902e-05,"loc895_pos30.A",5976,0.000383817176257968
5.22952289890902e-05,"loc896_pos24.T",5979,0.000383817176257969
5.22952289890902e-05,"loc896_pos24.A",5980,0.000383817176257968
5.22952289890902e-05,"loc896_pos29.T",5981,0.000383817176257969
5.22952289890902e-05,"loc896_pos29.A",5982,0.000383817176257968
5.22952289890902e-05,"loc896_pos30.T",5983,0.000383817176257969
5.22952289890902e-05,"loc896_pos30.A",5984,0.000383817176257968
5.22952289890902e-05,"loc897_pos64.A",5987,0.000266787748386502
5.22952289890902e-05,"loc897_pos64.T",5988,0.000266787748386502
5.22952289890902e-05,"loc902_pos123.A",6001,0.000350666260191113
5.22952289890902e-05,"loc902_pos123.T",6002,0.000350666260191113
5.22952289890902e-05,"loc904_pos20.A",6009,6.70893029871511e-05
5.22952289890902e-05,"loc904_pos20.T",6010,6.70893029871511e-05
5.22952289890902e-05,"loc907_pos26.A",6025,6.53640030989093e-05
5.22952289890902e-05,"loc907_pos26.T",6026,6.53640030989093e-05
5.22952289890902e-05,"loc908_pos17.A",6029,9.98681185396962e-05
5.22952289890902e-05,"loc908_pos17.T",6030,9.98681185396962e-05
5.22952289890902e-05,"loc909_pos119.A",6053,0.00137427007504399
5.22952289890902e-05,"loc909_pos119.T",6054,0.00137427007504399
5.22952289890902e-05,"loc910_pos76.A",6059,0.000151081278091821
5.22952289890902e-05,"loc910_pos76.T",6060,0.000151081278091821
5.22952289890902e-05,"loc911_pos21.A",6065,0.00013424745813211
5.22952289890902e-05,"loc911_pos21.T",6066,0.00013424745813211
5.22952289890902e-05,"loc911_pos46.A",6071,0.000169724013685567
5.22952289890902e-05,"loc911_pos46.T",6072,0.000169724013685567
5.22952289890902e-05,"loc911_pos77.T",6079,0.000262571215422652
5.22952289890902e-05,"loc911_pos77.A",6080,0.000262571215422652
5.22952289890902e-05,"loc911_pos83.T",6081,0.000262571215422652
5.22952289890902e-05,"loc911_pos83.A",6082,0.000262571215422652
5.22952289890902e-05,"loc911_pos109.A",6085,0.000219054103105192
5.22952289890902e-05,"loc911_pos109.T",6086,0.000219054103105192
5.22952289890902e-05,"loc911_pos128.A",6087,0.000393045516258715
5.22952289890902e-05,"loc911_pos128.T",6088,0.000393045516258715
5.22952289890902e-05,"loc912_pos45.A",6093,6.17040082262611e-05
5.22952289890902e-05,"loc912_pos45.T",6094,6.17040082262611e-05
5.22952289890902e-05,"loc914_pos94.A",6105,6.60486583069442e-05
5.22952289890902e-05,"loc914_pos94.T",6106,6.60486583069442e-05
5.22952289890902e-05,"loc914_pos124.A",6107,6.60486583069442e-05
5.22952289890902e-05,"loc914_pos124.T",6108,6.60486583069442e-05
5.22952289890902e-05,"loc915_pos100.A",6113,0.000135250233632234
5.22952289890902e-05,"loc915_pos100.T",6114,0.000135250233632234
5.22952289890902e-05,"loc917_pos192.A",6119,0.000145799130953089
5.22952289890902e-05,"loc917_pos192.T",6120,0.000145799130953089
5.22952289890902e-05,"loc919_pos51.T",6133,5.2788885735564e-05
5.22952289890902e-05,"loc919_pos51.A",6134,5.27888857355641e-05
5.22952289890902e-05,"loc924_pos65.A",6155,0.000225780951228504
5.22952289890902e-05,"loc924_pos65.T",6156,0.000225780951228504
5.22952289890902e-05,"loc926_pos102.A",6161,0.000207310897308343
5.22952289890902e-05,"loc926_pos102.T",6162,0.000207310897308343
5.22952289890902e-05,"loc927_pos103.T",6167,0.00121540226193577
5.22952289890902e-05,"loc927_pos103.A",6168,0.00121540226193577
5.22952289890902e-05,"loc929_pos17.A",6181,6.54733859818628e-05
5.22952289890902e-05,"loc929_pos17.T",6182,6.54733859818628e-05
5.22952289890902e-05,"loc933_pos27.A",6201,5.27472981742555e-05
5.22952289890902e-05,"loc933_pos27.T",6202,5.27472981742555e-05
5.22952289890902e-05,"loc933_pos67.A",6205,0.000184329240458082
5.22952289890902e-05,"loc933_pos67.T",6206,0.000184329240458082
5.22952289890902e-05,"loc933_pos87.A",6207,0.000141585836993741
5.22952289890902e-05,"loc933_pos87.T",6208,0.000141585836993741
5.22952289890902e-05,"loc934_pos91.A",6211,0.000241177569724624
5.22952289890902e-05,"loc934_pos91.T",6212,0.000241177569724623
5.22952289890902e-05,"loc936_pos7.A",6215,6.80718556782286e-05
5.22952289890902e-05,"loc936_pos7.T",6216,6.80718556782286e-05
5.22952289890902e-05,"loc936_pos98.A",6219,0.00100076529873334
5.22952289890902e-05,"loc936_pos98.T",6220,0.00100076529873334
5.22952289890902e-05,"loc936_pos129.T",6221,0.00037622938359745
5.22952289890902e-05,"loc936_pos129.A",6222,0.00037622938359745
5.22952289890902e-05,"loc937_pos50.A",6225,0.000311162112360329
5.22952289890902e-05,"loc937_pos50.T",6226,0.000311162112360329
5.22952289890902e-05,"loc937_pos53.A",6227,0.00045946657478175
5.22952289890902e-05,"loc937_pos53.T",6228,0.00045946657478175
5.22952289890902e-05,"loc937_pos93.A",6229,5.36783496051566e-05
5.22952289890902e-05,"loc937_pos93.T",6230,5.36783496051566e-05
5.22952289890902e-05,"loc937_pos98.A",6231,6.21144687609329e-05
5.22952289890902e-05,"loc937_pos98.T",6232,6.21144687609329e-05
5.22952289890902e-05,"loc940_pos76.A",6241,8.51370400782717e-05
5.22952289890902e-05,"loc940_pos76.T",6242,8.51370400782716e-05
5.22952289890902e-05,"loc940_pos107.A",6245,0.000364361080609278
5.22952289890902e-05,"loc940_pos107.T",6246,0.000364361080609278
5.22952289890902e-05,"loc940_pos128.A",6249,0.000499181902182586
5.22952289890902e-05,"loc940_pos128.T",6250,0.000499181902182586
5.22952289890902e-05,"loc940_pos133.A",6251,0.000282053120418272
5.22952289890902e-05,"loc940_pos133.T",6252,0.000282053120418272
5.22952289890902e-05,"loc943_pos26.A",6259,0.000144136083080229
5.22952289890902e-05,"loc943_pos26.T",6260,0.000144136083080229
5.22952289890902e-05,"loc944_pos22.A",6267,6.14557759461022e-05
5.22952289890902e-05,"loc944_pos22.T",6268,6.14557759461023e-05
5.22952289890902e-05,"loc949_pos17.A",6293,0.000631317555899714
5.22952289890902e-05,"loc949_pos17.T",6294,0.000631317555899714
5.22952289890902e-05,"loc949_pos43.A",6295,0.000631317555899714
5.22952289890902e-05,"loc949_pos43.T",6296,0.000631317555899714
5.22952289890902e-05,"loc949_pos99.A",6297,0.00122236911536177
5.22952289890902e-05,"loc949_pos99.T",6298,0.00122236911536177
5.22952289890902e-05,"loc950_pos133.A",6309,0.000131622948281542
5.22952289890902e-05,"loc950_pos133.T",6310,0.000131622948281542
5.22952289890902e-05,"loc952_pos91.T",6321,0.00023608923401848
5.22952289890902e-05,"loc952_pos91.A",6322,0.00023608923401848
5.22952289890902e-05,"loc954_pos11.T",6327,0.00038351455573008
5.22952289890902e-05,"loc954_pos11.A",6328,0.00038351455573008
5.22952289890902e-05,"loc956_pos8.A",6341,0.00039068362048167
5.22952289890902e-05,"loc956_pos8.T",6342,0.00039068362048167
5.22952289890902e-05,"loc956_pos42.A",6345,0.00039068362048167
5.22952289890902e-05,"loc956_pos42.T",6346,0.00039068362048167
5.22952289890902e-05,"loc959_pos89.A",6367,0.00017696829313896
5.22952289890902e-05,"loc959_pos89.T",6368,0.00017696829313896
5.22952289890902e-05,"loc959_pos119.A",6373,0.000122747758423624
5.22952289890902e-05,"loc959_pos119.T",6374,0.000122747758423624
5.22952289890902e-05,"loc960_pos72.A",6375,5.2505975323393e-05
5.22952289890902e-05,"loc960_pos72.T",6376,5.2505975323393e-05
5.22952289890902e-05,"loc960_pos77.A",6377,0.000806134057536927
5.22952289890902e-05,"loc960_pos77.T",6378,0.000806134057536927
5.22952289890902e-05,"loc961_pos18.A",6379,6.08480859956557e-05
5.22952289890902e-05,"loc961_pos18.T",6380,6.08480859956557e-05
5.22952289890902e-05,"loc962_pos91.A",6391,0.000102011220402072
5.22952289890902e-05,"loc962_pos91.T",6392,0.000102011220402072
5.22952289890902e-05,"loc963_pos23.A",6399,7.36456274227657e-05
5.22952289890902e-05,"loc963_pos23.T",6400,7.36456274227657e-05
5.22952289890902e-05,"loc963_pos73.A",6403,0.000131622948281542
5.22952289890902e-05,"loc963_pos73.T",6404,0.000131622948281542
5.22952289890902e-05,"loc964_pos46.A",6409,7.61345728765182e-05
5.22952289890902e-05,"loc964_pos46.T",6410,7.61345728765182e-05
5.22952289890902e-05,"loc965_pos31.T",6419,6.45660198820803e-05
5.22952289890902e-05,"loc965_pos31.A",6420,6.45660198820803e-05
5.22952289890902e-05,"loc969_pos44.A",6437,0.000735672632502117
5.22952289890902e-05,"loc969_pos44.T",6438,0.000735672632502117
5.22952289890902e-05,"loc969_pos115.A",6441,0.000440323111194637
5.22952289890902e-05,"loc969_pos115.T",6442,0.000440323111194637
5.22952289890902e-05,"loc969_pos138.A",6447,0.000735672632502117
5.22952289890902e-05,"loc969_pos138.T",6448,0.000735672632502117
5.22952289890902e-05,"loc970_pos41.T",6449,6.91069761928144e-05
5.22952289890902e-05,"loc970_pos41.A",6450,6.91069761928145e-05
5.22952289890902e-05,"loc970_pos85.A",6453,6.91069761928144e-05
5.22952289890902e-05,"loc970_pos85.T",6454,6.91069761928145e-05
5.22952289890902e-05,"loc974_pos60.A",6475,0.00016920834506519
5.22952289890902e-05,"loc974_pos60.T",6476,0.00016920834506519
5.22952289890902e-05,"loc975_pos13.A",6483,0.000909610149673224
5.22952289890902e-05,"loc975_pos13.T",6484,0.000909610149673224
5.22952289890902e-05,"loc977_pos9.A",6487,0.000282238919619821
5.22952289890902e-05,"loc977_pos9.T",6488,0.000282238919619821
5.22952289890902e-05,"loc977_pos97.A",6491,0.000293029587744272
5.22952289890902e-05,"loc977_pos97.T",6492,0.000293029587744272
5.22952289890902e-05,"loc978_pos179.T",6499,0.000238283814762852
5.22952289890902e-05,"loc978_pos179.A",6500,0.000238283814762852
5.22952289890902e-05,"loc978_pos201.A",6501,6.22528094516563e-05
5.22952289890902e-05,"loc978_pos201.T",6502,6.22528094516563e-05
5.22952289890902e-05,"loc985_pos152.A",6517,0.000204120011712767
5.22952289890902e-05,"loc985_pos152.T",6518,0.000204120011712767
5.22952289890902e-05,"loc990_pos28.A",6531,0.000141222222842989
5.22952289890902e-05,"loc990_pos28.T",6532,0.000141222222842989
5.22952289890902e-05,"loc990_pos111.T",6535,0.000141222222842989
5.22952289890902e-05,"loc990_pos111.A",6536,0.000141222222842989
5.22952289890902e-05,"loc990_pos115.A",6537,0.000199482998190749
5.22952289890902e-05,"loc990_pos115.T",6538,0.000199482998190749
5.22952289890902e-05,"loc990_pos131.T",6541,0.000141222222842989
5.22952289890902e-05,"loc990_pos131.A",6542,0.000141222222842989
5.22952289890902e-05,"loc995_pos37.A",6565,0.000116798230946921
5.22952289890902e-05,"loc995_pos37.T",6566,0.000116798230946921
5.22952289890902e-05,"loc996_pos48.T",6575,7.04022989361064e-05
5.22952289890902e-05,"loc996_pos48.A",6576,7.04022989361064e-05
5.22952289890902e-05,"loc996_pos122.T",6581,0.000126706685514748
5.22952289890902e-05,"loc996_pos122.A",6582,0.000126706685514748
5.22952289890902e-05,"loc997_pos49.A",6585,0.000190439462763981
5.22952289890902e-05,"loc997_pos49.T",6586,0.000190439462763981
5.22952289890902e-05,"loc997_pos55.A",6587,0.00019009800828103
5.22952289890902e-05,"loc997_pos55.T",6588,0.00019009800828103
5.22952289890902e-05,"loc997_pos102.A",6591,0.000145920138633826
5.22952289890902e-05,"loc997_pos102.T",6592,0.000145920138633826
5.22952289890902e-05,"loc1001_pos12.T",6601,5.81667808877025e-05
5.22952289890902e-05,"loc1001_pos12.A",6602,5.81667808877025e-05
5.22952289890902e-05,"loc1002_pos59.A",6605,0.000713590799055109
5.22952289890902e-05,"loc1002_pos59.T",6606,0.000713590799055109
5.22952289890902e-05,"loc1002_pos111.A",6609,8.52830022907348e-05
5.22952289890902e-05,"loc1002_pos111.T",6610,8.52830022907348e-05
5.22952289890902e-05,"loc1003_pos34.A",6615,0.000241936456609829
5.22952289890902e-05,"loc1003_pos34.T",6616,0.000241936456609829
5.22952289890902e-05,"loc1003_pos108.A",6619,0.000241936456609829
5.22952289890902e-05,"loc1003_pos108.T",6620,0.000241936456609829
5.22952289890902e-05,"loc1003_pos127.A",6621,0.000354840247230061
5.22952289890902e-05,"loc1003_pos127.T",6622,0.000354840247230061
5.22952289890902e-05,"loc1005_pos18.A",6625,0.000376824753388629
5.22952289890902e-05,"loc1005_pos18.T",6626,0.000376824753388629
5.22952289890902e-05,"loc1005_pos32.A",6629,0.000422326615593595
5.22952289890902e-05,"loc1005_pos32.T",6630,0.000422326615593595
5.22952289890902e-05,"loc1009_pos54.A",6657,0.000108559692898835
5.22952289890902e-05,"loc1009_pos54.T",6658,0.000108559692898835
5.22952289890902e-05,"loc1009_pos89.A",6663,7.16107616037155e-05
5.22952289890902e-05,"loc1009_pos89.T",6664,7.16107616037156e-05
5.22952289890902e-05,"loc1009_pos96.A",6667,7.16107616037155e-05
5.22952289890902e-05,"loc1009_pos96.T",6668,7.16107616037156e-05
5.22952289890902e-05,"loc1009_pos97.A",6669,7.79031703588134e-05
5.22952289890902e-05,"loc1009_pos97.T",6670,7.79031703588134e-05
5.22952289890902e-05,"loc1009_pos98.A",6671,0.000340382927888716
5.22952289890902e-05,"loc1009_pos98.T",6672,0.000340382927888716
5.22952289890902e-05,"loc1009_pos111.T",6673,7.75572817769561e-05
5.22952289890902e-05,"loc1009_pos111.A",6674,7.7557281776956e-05
5.22952289890902e-05,"loc1009_pos117.A",6675,0.000268425314400299
5.22952289890902e-05,"loc1009_pos117.T",6676,0.000268425314400299
5.22952289890902e-05,"loc1010_pos91.A",6685,8.62523401854905e-05
5.22952289890902e-05,"loc1010_pos91.T",6686,8.62523401854904e-05
5.22952289890902e-05,"loc1012_pos39.A",6697,7.58582864232201e-05
5.22952289890902e-05,"loc1012_pos39.T",6698,7.58582864232201e-05
5.22952289890902e-05,"loc1015_pos46.A",6717,0.000220052709080351
5.22952289890902e-05,"loc1015_pos46.T",6718,0.000220052709080351
5.22952289890902e-05,"loc1015_pos47.A",6719,0.000119439130240581
5.22952289890902e-05,"loc1015_pos47.T",6720,0.000119439130240581
5.22952289890902e-05,"loc1015_pos71.T",6721,0.000177343226200765
5.22952289890902e-05,"loc1015_pos71.A",6722,0.000177343226200765
5.22952289890902e-05,"loc1015_pos92.A",6725,0.000672999123744893
5.22952289890902e-05,"loc1015_pos92.T",6726,0.000672999123744893
5.22952289890902e-05,"loc1015_pos98.A",6727,0.000183459702443286
5.22952289890902e-05,"loc1015_pos98.T",6728,0.000183459702443286
5.22952289890902e-05,"loc1016_pos84.A",6743,0.000119439130240581
5.22952289890902e-05,"loc1016_pos84.T",6744,0.000119439130240581
5.22952289890902e-05,"loc1016_pos122.A",6757,6.23179784261076e-05
5.22952289890902e-05,"loc1016_pos122.T",6758,6.23179784261075e-05
5.22952289890902e-05,"loc1017_pos23.T",6759,0.000773010444298
5.22952289890902e-05,"loc1017_pos23.A",6760,0.000773010444298
5.22952289890902e-05,"loc1018_pos54.A",6767,0.000291514436558553
5.22952289890902e-05,"loc1018_pos54.T",6768,0.000291514436558553
5.22952289890902e-05,"loc1019_pos78.A",6775,0.000264642480868465
5.22952289890902e-05,"loc1019_pos78.T",6776,0.000264642480868465
5.22952289890902e-05,"loc1020_pos89.T",6785,0.00079337994577034
5.22952289890902e-05,"loc1020_pos89.A",6786,0.00079337994577034
5.22952289890902e-05,"loc1021_pos64.A",6795,0.00079337994577034
5.22952289890902e-05,"loc1021_pos64.T",6796,0.00079337994577034
5.22952289890902e-05,"loc1021_pos148.A",6809,0.00079337994577034
5.22952289890902e-05,"loc1021_pos148.T",6810,0.00079337994577034
5.22952289890902e-05,"loc1023_pos76.T",6821,0.000938992427258604
5.22952289890902e-05,"loc1023_pos76.A",6822,0.000938992427258604
5.22952289890902e-05,"loc1029_pos50.A",6849,0.000129889802273191
5.22952289890902e-05,"loc1029_pos50.T",6850,0.000129889802273191
5.22952289890902e-05,"loc1029_pos90.T",6851,0.000207762553117107
5.22952289890902e-05,"loc1029_pos90.A",6852,0.000207762553117107
5.22952289890902e-05,"loc1031_pos27.A",6857,5.99210303295178e-05
5.22952289890902e-05,"loc1031_pos27.T",6858,5.99210303295178e-05
5.22952289890902e-05,"loc1031_pos64.T",6859,0.000402494864622603
5.22952289890902e-05,"loc1031_pos64.A",6860,0.000402494864622603
5.22952289890902e-05,"loc1031_pos121.T",6861,0.000402494864622603
5.22952289890902e-05,"loc1031_pos121.A",6862,0.000402494864622603
5.22952289890902e-05,"loc1032_pos5.A",6863,0.000183351668063524
5.22952289890902e-05,"loc1032_pos5.T",6864,0.000183351668063524
5.22952289890902e-05,"loc1032_pos42.A",6865,5.80751766831353e-05
5.22952289890902e-05,"loc1032_pos42.T",6866,5.80751766831353e-05
5.22952289890902e-05,"loc1033_pos55.A",6871,6.22528094516563e-05
5.22952289890902e-05,"loc1033_pos55.T",6872,6.22528094516563e-05
5.22952289890902e-05,"loc1034_pos20.A",6881,5.51255606733355e-05
5.22952289890902e-05,"loc1034_pos20.T",6882,5.51255606733355e-05
5.22952289890902e-05,"loc1034_pos21.A",6883,5.51255606733355e-05
5.22952289890902e-05,"loc1034_pos21.T",6884,5.51255606733355e-05
5.22952289890902e-05,"loc1039_pos26.A",6915,7.83530250867154e-05
5.22952289890902e-05,"loc1039_pos26.T",6916,7.83530250867154e-05
5.22952289890902e-05,"loc1040_pos35.A",6923,6.14027524154992e-05
5.22952289890902e-05,"loc1040_pos35.T",6924,6.14027524154992e-05
5.22952289890902e-05,"loc1045_pos200.A",6949,0.000339883918182499
5.22952289890902e-05,"loc1045_pos200.T",6950,0.000339883918182499
5.22952289890902e-05,"loc1045_pos228.T",6953,0.000319054751791528
5.22952289890902e-05,"loc1045_pos228.A",6954,0.000319054751791528
5.22952289890902e-05,"loc1046_pos65.A",6959,0.000215193883646229
5.22952289890902e-05,"loc1046_pos65.T",6960,0.000215193883646229
5.22952289890902e-05,"loc1048_pos42.A",6987,0.000402355871770452
5.22952289890902e-05,"loc1048_pos42.T",6988,0.000402355871770452
5.22952289890902e-05,"loc1050_pos58.T",6997,0.00010879665930887
5.22952289890902e-05,"loc1050_pos58.A",6998,0.000108796659308871
5.22952289890902e-05,"loc1050_pos200.A",7015,0.000334042148036293
5.22952289890902e-05,"loc1050_pos200.T",7016,0.000334042148036293
5.22952289890902e-05,"loc1051_pos116.A",7029,0.000348690316262443
5.22952289890902e-05,"loc1051_pos116.T",7030,0.000348690316262443
5.22952289890902e-05,"loc1052_pos73.A",7035,0.000618994767263884
5.22952289890902e-05,"loc1052_pos73.T",7036,0.000618994767263884
5.22952289890902e-05,"loc1059_pos34.A",7065,8.51949176720106e-05
5.22952289890902e-05,"loc1059_pos34.T",7066,8.51949176720106e-05
5.22952289890902e-05,"loc1062_pos104.A",7071,0.000548409126615673
5.22952289890902e-05,"loc1062_pos104.T",7072,0.000548409126615673
5.22952289890902e-05,"loc1066_pos94.A",7085,0.000170472132523702
5.22952289890902e-05,"loc1066_pos94.T",7086,0.000170472132523702
5.22952289890902e-05,"loc1067_pos51.A",7089,0.000329510735540837
5.22952289890902e-05,"loc1067_pos51.T",7090,0.000329510735540838
5.22952289890902e-05,"loc1067_pos98.A",7091,0.000329510735540837
5.22952289890902e-05,"loc1067_pos98.T",7092,0.000329510735540838
5.22952289890902e-05,"loc1070_pos117.A",7121,0.0013682604265819
5.22952289890902e-05,"loc1070_pos117.T",7122,0.0013682604265819
5.22952289890902e-05,"loc1070_pos125.A",7123,0.000342532614261284
5.22952289890902e-05,"loc1070_pos125.T",7124,0.000342532614261284
5.22952289890902e-05,"loc1071_pos64.A",7125,7.15246531321938e-05
5.22952289890902e-05,"loc1071_pos64.T",7126,7.15246531321939e-05
5.22952289890902e-05,"loc1071_pos94.A",7129,0.000293607970522047
5.22952289890902e-05,"loc1071_pos94.T",7130,0.000293607970522047
5.22952289890902e-05,"loc1072_pos186.A",7133,0.00011009114714312
5.22952289890902e-05,"loc1072_pos186.T",7134,0.00011009114714312
5.22952289890902e-05,"loc1073_pos11.A",7139,0.00011009114714312
5.22952289890902e-05,"loc1073_pos11.T",7140,0.00011009114714312
5.22952289890902e-05,"loc1079_pos12.A",7175,0.000755752548058752
5.22952289890902e-05,"loc1079_pos12.T",7176,0.000755752548058752
5.22952289890902e-05,"loc1079_pos128.A",7185,6.36044344022355e-05
5.22952289890902e-05,"loc1079_pos128.T",7186,6.36044344022355e-05
5.22952289890902e-05,"loc1080_pos104.A",7187,0.000264507639723094
5.22952289890902e-05,"loc1080_pos104.T",7188,0.000264507639723094
5.22952289890902e-05,"loc1086_pos130.T",7205,0.000692219266849095
5.22952289890902e-05,"loc1086_pos130.A",7206,0.000692219266849096
5.22952289890902e-05,"loc1087_pos20.A",7207,5.73329317710598e-05
5.22952289890902e-05,"loc1087_pos20.T",7208,5.73329317710598e-05
5.22952289890902e-05,"loc1087_pos40.A",7211,5.73329317710598e-05
5.22952289890902e-05,"loc1087_pos40.T",7212,5.73329317710598e-05
5.22952289890902e-05,"loc1088_pos43.A",7219,0.000297190539057493
5.22952289890902e-05,"loc1088_pos43.T",7220,0.000297190539057493
5.22952289890902e-05,"loc1089_pos114.A",7231,6.12354159947732e-05
5.22952289890902e-05,"loc1089_pos114.T",7232,6.12354159947733e-05
5.22952289890902e-05,"loc1090_pos113.A",7245,0.000159838158532849
5.22952289890902e-05,"loc1090_pos113.T",7246,0.000159838158532849
5.22952289890902e-05,"loc1090_pos134.A",7249,0.000125598601876175
5.22952289890902e-05,"loc1090_pos134.T",7250,0.000125598601876175
5.22952289890902e-05,"loc1094_pos19.A",7259,5.77767658834041e-05
5.22952289890902e-05,"loc1094_pos19.T",7260,5.77767658834041e-05
5.22952289890902e-05,"loc1094_pos32.A",7263,6.29890233628661e-05
5.22952289890902e-05,"loc1094_pos32.T",7264,6.29890233628661e-05
5.22952289890902e-05,"loc1096_pos110.A",7275,6.3297990574876e-05
5.22952289890902e-05,"loc1096_pos110.T",7276,6.3297990574876e-05
5.22952289890902e-05,"loc1098_pos12.T",7283,0.000252212910777195
5.22952289890902e-05,"loc1098_pos12.A",7284,0.000252212910777195
5.22952289890902e-05,"loc1098_pos32.A",7285,0.000178492877584894
5.22952289890902e-05,"loc1098_pos32.T",7286,0.000178492877584894
5.22952289890902e-05,"loc1098_pos92.A",7289,0.000252212910777195
5.22952289890902e-05,"loc1098_pos92.T",7290,0.000252212910777195
5.22952289890902e-05,"loc1098_pos121.A",7291,0.000178492877584894
5.22952289890902e-05,"loc1098_pos121.T",7292,0.000178492877584894
5.22952289890902e-05,"loc1098_pos124.T",7293,0.000252212910777195
5.22952289890902e-05,"loc1098_pos124.A",7294,0.000252212910777195
5.22952289890902e-05,"loc1101_pos31.A",7299,0.000473732779052799
5.22952289890902e-05,"loc1101_pos31.T",7300,0.000473732779052798
5.22952289890902e-05,"loc1101_pos62.A",7301,0.000539554176479544
5.22952289890902e-05,"loc1101_pos62.T",7302,0.000539554176479545
5.22952289890902e-05,"loc1101_pos75.T",7303,0.000539554176479544
5.22952289890902e-05,"loc1101_pos75.A",7304,0.000539554176479545
5.22952289890902e-05,"loc1101_pos117.A",7307,0.000583255931503332
5.22952289890902e-05,"loc1101_pos117.T",7308,0.000583255931503332
5.22952289890902e-05,"loc1105_pos83.T",7315,0.0019131380227285
5.22952289890902e-05,"loc1105_pos83.A",7316,0.0019131380227285
5.22952289890902e-05,"loc1107_pos157.A",7321,0.000340701177175476
5.22952289890902e-05,"loc1107_pos157.T",7322,0.000340701177175476
5.22952289890902e-05,"loc1110_pos11.A",7333,5.65423585950442e-05
5.22952289890902e-05,"loc1110_pos11.T",7334,5.65423585950442e-05
5.22952289890902e-05,"loc1111_pos28.A",7335,0.00128500922268837
5.22952289890902e-05,"loc1111_pos28.T",7336,0.00128500922268837
5.22952289890902e-05,"loc1111_pos90.A",7341,0.000238329454273035
5.22952289890902e-05,"loc1111_pos90.T",7342,0.000238329454273035
5.22952289890902e-05,"loc1113_pos33.A",7355,0.000247932226920819
5.22952289890902e-05,"loc1113_pos33.T",7356,0.000247932226920819
5.22952289890902e-05,"loc1116_pos25.A",7375,0.000119143157914597
5.22952289890902e-05,"loc1116_pos25.T",7376,0.000119143157914597
5.22952289890902e-05,"loc1116_pos31.T",7377,0.000119143157914597
5.22952289890902e-05,"loc1116_pos31.A",7378,0.000119143157914597
5.22952289890902e-05,"loc1116_pos55.A",7381,0.000119143157914597
5.22952289890902e-05,"loc1116_pos55.T",7382,0.000119143157914597
5.22952289890902e-05,"loc1117_pos23.A",7387,8.84846367451989e-05
5.22952289890902e-05,"loc1117_pos23.T",7388,8.84846367451989e-05
5.22952289890902e-05,"loc1117_pos106.A",7399,0.000150612437907953
5.22952289890902e-05,"loc1117_pos106.T",7400,0.000150612437907953
5.22952289890902e-05,"loc1119_pos28.A",7403,0.000111317952029637
5.22952289890902e-05,"loc1119_pos28.T",7404,0.000111317952029637
5.22952289890902e-05,"loc1119_pos49.A",7405,0.000206800223812123
5.22952289890902e-05,"loc1119_pos49.T",7406,0.000206800223812123
5.22952289890902e-05,"loc1120_pos168.A",7409,0.000123711847408699
5.22952289890902e-05,"loc1120_pos168.T",7410,0.000123711847408699
5.22952289890902e-05,"loc1124_pos125.A",7433,0.00032881843623674
5.22952289890902e-05,"loc1124_pos125.T",7434,0.00032881843623674
5.22952289890902e-05,"loc1124_pos132.A",7437,0.00124305775548894
5.22952289890902e-05,"loc1124_pos132.T",7438,0.00124305775548894
5.22952289890902e-05,"loc1126_pos96.A",7453,0.00139556592292133
5.22952289890902e-05,"loc1126_pos96.T",7454,0.00139556592292133
5.22952289890902e-05,"loc1127_pos18.A",7455,9.76173741031345e-05
5.22952289890902e-05,"loc1127_pos18.T",7456,9.76173741031343e-05
5.22952289890902e-05,"loc1130_pos35.A",7467,9.04028545183259e-05
5.22952289890902e-05,"loc1130_pos35.T",7468,9.04028545183259e-05
5.22952289890902e-05,"loc1130_pos36.A",7469,9.35671150722182e-05
5.22952289890902e-05,"loc1130_pos36.T",7470,9.35671150722183e-05
5.22952289890902e-05,"loc1130_pos80.A",7475,0.000122751367449592
5.22952289890902e-05,"loc1130_pos80.T",7476,0.000122751367449592
5.22952289890902e-05,"loc1130_pos114.A",7481,9.04028545183259e-05
5.22952289890902e-05,"loc1130_pos114.T",7482,9.04028545183259e-05
5.22952289890902e-05,"loc1131_pos24.T",7487,0.000582058008628157
5.22952289890902e-05,"loc1131_pos24.A",7488,0.000582058008628157
5.22952289890902e-05,"loc1131_pos33.T",7489,0.000529463935770708
5.22952289890902e-05,"loc1131_pos33.A",7490,0.000529463935770708
5.22952289890902e-05,"loc1131_pos40.T",7491,0.000339470534497725
5.22952289890902e-05,"loc1131_pos40.A",7492,0.000339470534497725
5.22952289890902e-05,"loc1131_pos78.A",7493,7.40966311644419e-05
5.22952289890902e-05,"loc1131_pos78.T",7494,7.40966311644419e-05
5.22952289890902e-05,"loc1131_pos100.T",7495,0.000339470534497725
5.22952289890902e-05,"loc1131_pos100.A",7496,0.000339470534497725
5.22952289890902e-05,"loc1131_pos123.T",7497,0.000582058008628157
5.22952289890902e-05,"loc1131_pos123.A",7498,0.000582058008628157
5.22952289890902e-05,"loc1132_pos40.A",7505,6.37870443897333e-05
5.22952289890902e-05,"loc1132_pos40.T",7506,6.37870443897334e-05
5.22952289890902e-05,"loc1135_pos31.T",7515,0.000533097747142036
5.22952289890902e-05,"loc1135_pos31.A",7516,0.000533097747142036
5.22952289890902e-05,"loc1137_pos21.A",7517,6.87179229020956e-05
5.22952289890902e-05,"loc1137_pos21.T",7518,6.87179229020955e-05
5.22952289890902e-05,"loc1143_pos99.A",7535,0.00037694602712256
5.22952289890902e-05,"loc1143_pos99.T",7536,0.00037694602712256
5.22952289890902e-05,"loc1143_pos127.A",7537,5.70614474089629e-05
5.22952289890902e-05,"loc1143_pos127.T",7538,5.70614474089629e-05
5.22952289890902e-05,"loc1146_pos48.A",7553,0.000175931370975232
5.22952289890902e-05,"loc1146_pos48.T",7554,0.000175931370975232
5.22952289890902e-05,"loc1148_pos86.A",7575,5.93355717965723e-05
5.22952289890902e-05,"loc1148_pos86.T",7576,5.93355717965723e-05
5.22952289890902e-05,"loc1150_pos97.A",7597,7.36092870131079e-05
5.22952289890902e-05,"loc1150_pos97.T",7598,7.36092870131079e-05
5.22952289890902e-05,"loc1150_pos120.A",7601,7.36092870131079e-05
5.22952289890902e-05,"loc1150_pos120.T",7602,7.36092870131079e-05
5.22952289890902e-05,"loc1152_pos134.T",7605,0.000748307872365307
5.22952289890902e-05,"loc1152_pos134.A",7606,0.000748307872365307
5.22952289890902e-05,"loc1153_pos116.A",7609,5.37447417388044e-05
5.22952289890902e-05,"loc1153_pos116.T",7610,5.37447417388044e-05
5.22952289890902e-05,"loc1155_pos136.A",7621,0.000159859076130995
5.22952289890902e-05,"loc1155_pos136.T",7622,0.000159859076130995
5.22952289890902e-05,"loc1157_pos90.A",7631,0.000279187362222303
5.22952289890902e-05,"loc1157_pos90.T",7632,0.000279187362222303
5.22952289890902e-05,"loc1158_pos120.A",7641,0.000253457673725818
5.22952289890902e-05,"loc1158_pos120.T",7642,0.000253457673725818
5.22952289890902e-05,"loc1158_pos122.A",7643,8.83310658117225e-05
5.22952289890902e-05,"loc1158_pos122.T",7644,8.83310658117225e-05
5.22952289890902e-05,"loc1161_pos15.T",7647,0.000989729218214695
5.22952289890902e-05,"loc1161_pos15.A",7648,0.000989729218214695
5.22952289890902e-05,"loc1161_pos77.A",7655,0.000124228377758834
5.22952289890902e-05,"loc1161_pos77.T",7656,0.000124228377758834
5.22952289890902e-05,"loc1161_pos88.A",7657,0.000138262564439284
5.22952289890902e-05,"loc1161_pos88.T",7658,0.000138262564439284
5.22952289890902e-05,"loc1162_pos73.A",7661,0.000196209975112959
5.22952289890902e-05,"loc1162_pos73.T",7662,0.000196209975112959
5.22952289890902e-05,"loc1162_pos127.A",7667,6.84844135025701e-05
5.22952289890902e-05,"loc1162_pos127.T",7668,6.84844135025702e-05
5.22952289890902e-05,"loc1169_pos8.T",7685,0.000113641672734299
5.22952289890902e-05,"loc1169_pos8.A",7686,0.000113641672734299
5.22952289890902e-05,"loc1169_pos27.T",7687,0.000113641672734299
5.22952289890902e-05,"loc1169_pos27.A",7688,0.000113641672734299
5.22952289890902e-05,"loc1169_pos67.A",7689,0.000113641672734299
5.22952289890902e-05,"loc1169_pos67.T",7690,0.000113641672734299
5.22952289890902e-05,"loc1169_pos93.A",7695,0.000322286260349726
5.22952289890902e-05,"loc1169_pos93.T",7696,0.000322286260349726
5.22952289890902e-05,"loc1169_pos98.A",7697,0.000113641672734299
5.22952289890902e-05,"loc1169_pos98.T",7698,0.000113641672734299
5.22952289890902e-05,"loc1170_pos6.A",7703,5.5855472498258e-05
5.22952289890902e-05,"loc1170_pos6.T",7704,5.5855472498258e-05
5.22952289890902e-05,"loc1171_pos109.A",7721,0.00132830123501497
5.22952289890902e-05,"loc1171_pos109.T",7722,0.00132830123501497
5.22952289890902e-05,"loc1171_pos124.A",7727,0.000208243930507015
5.22952289890902e-05,"loc1171_pos124.T",7728,0.000208243930507015
5.22952289890902e-05,"loc1171_pos126.A",7729,0.000708805102322921
5.22952289890902e-05,"loc1171_pos126.T",7730,0.000708805102322922
5.22952289890902e-05,"loc1175_pos13.A",7747,0.000112575207430439
5.22952289890902e-05,"loc1175_pos13.T",7748,0.000112575207430439
5.22952289890902e-05,"loc1181_pos71.A",7785,6.67255582136751e-05
5.22952289890902e-05,"loc1181_pos71.T",7786,6.67255582136751e-05
5.22952289890902e-05,"loc1181_pos72.A",7787,6.67255582136751e-05
5.22952289890902e-05,"loc1181_pos72.T",7788,6.67255582136751e-05
5.22952289890902e-05,"loc1181_pos107.T",7789,6.67255582136751e-05
5.22952289890902e-05,"loc1181_pos107.A",7790,6.67255582136751e-05
5.22952289890902e-05,"loc1181_pos125.A",7793,0.00180005402422314
5.22952289890902e-05,"loc1181_pos125.T",7794,0.00180005402422314
5.22952289890902e-05,"loc1182_pos67.T",7795,0.000138415921010837
5.22952289890902e-05,"loc1182_pos67.A",7796,0.000138415921010837
5.22952289890902e-05,"loc1186_pos72.A",7811,9.67360531894995e-05
5.22952289890902e-05,"loc1186_pos72.T",7812,9.67360531894995e-05
5.22952289890902e-05,"loc1187_pos30.T",7817,0.000349893228132784
5.22952289890902e-05,"loc1187_pos30.A",7818,0.000349893228132784
5.22952289890902e-05,"loc1188_pos32.A",7821,7.07980935357004e-05
5.22952289890902e-05,"loc1188_pos32.T",7822,7.07980935357004e-05
5.22952289890902e-05,"loc1188_pos55.A",7823,0.000420159160049831
5.22952289890902e-05,"loc1188_pos55.T",7824,0.000420159160049831
5.22952289890902e-05,"loc1191_pos79.A",7845,9.35374781609339e-05
5.22952289890902e-05,"loc1191_pos79.T",7846,9.3537478160934e-05
5.22952289890902e-05,"loc1192_pos75.A",7851,0.000313797310335631
5.22952289890902e-05,"loc1192_pos75.T",7852,0.000313797310335631
5.22952289890902e-05,"loc1192_pos113.T",7855,0.00172798221454418
5.22952289890902e-05,"loc1192_pos113.A",7856,0.00172798221454418
5.22952289890902e-05,"loc1192_pos123.A",7857,0.00172798221454418
5.22952289890902e-05,"loc1192_pos123.T",7858,0.00172798221454418
5.22952289890902e-05,"loc1193_pos114.A",7863,7.69173973755314e-05
5.22952289890902e-05,"loc1193_pos114.T",7864,7.69173973755315e-05
5.22952289890902e-05,"loc1196_pos100.A",7871,0.000320161837196728
5.22952289890902e-05,"loc1196_pos100.T",7872,0.000320161837196728
5.22952289890902e-05,"loc1197_pos33.A",7873,0.000130445854873732
5.22952289890902e-05,"loc1197_pos33.T",7874,0.000130445854873732
5.22952289890902e-05,"loc1197_pos46.A",7877,0.000252981979448627
5.22952289890902e-05,"loc1197_pos46.T",7878,0.000252981979448626
5.22952289890902e-05,"loc1197_pos69.A",7879,0.000252981979448627
5.22952289890902e-05,"loc1197_pos69.T",7880,0.000252981979448626
5.22952289890902e-05,"loc1198_pos130.T",7887,0.000776570836825413
5.22952289890902e-05,"loc1198_pos130.A",7888,0.000776570836825413
5.22952289890902e-05,"loc1201_pos63.A",7911,5.74743871179516e-05
5.22952289890902e-05,"loc1201_pos63.T",7912,5.74743871179516e-05
5.22952289890902e-05,"loc1201_pos99.A",7917,0.00103033415422653
5.22952289890902e-05,"loc1201_pos99.T",7918,0.00103033415422653
5.22952289890902e-05,"loc1207_pos211.A",7937,0.000199961036833201
5.22952289890902e-05,"loc1207_pos211.T",7938,0.000199961036833201
5.22952289890902e-05,"loc1207_pos228.A",7939,0.000294613660950161
5.22952289890902e-05,"loc1207_pos228.T",7940,0.000294613660950161
5.22952289890902e-05,"loc1209_pos147.A",7949,0.00066383530476851
5.22952289890902e-05,"loc1209_pos147.T",7950,0.00066383530476851
5.22952289890902e-05,"loc1209_pos202.A",7955,0.000282137247798401
5.22952289890902e-05,"loc1209_pos202.T",7956,0.000282137247798401
5.22952289890902e-05,"loc1210_pos9.A",7965,0.000161843041613892
5.22952289890902e-05,"loc1210_pos9.T",7966,0.000161843041613892
5.22952289890902e-05,"loc1210_pos13.A",7967,0.000883416051438047
5.22952289890902e-05,"loc1210_pos13.T",7968,0.000883416051438047
5.22952289890902e-05,"loc1210_pos22.A",7969,0.000690580768267441
5.22952289890902e-05,"loc1210_pos22.T",7970,0.000690580768267441
5.22952289890902e-05,"loc1210_pos58.A",7981,0.000866648860109687
5.22952289890902e-05,"loc1210_pos58.T",7982,0.000866648860109687
5.22952289890902e-05,"loc1211_pos56.A",7987,0.000137658335878475
5.22952289890902e-05,"loc1211_pos56.T",7988,0.000137658335878475
5.22952289890902e-05,"loc1211_pos64.T",7989,0.000137658335878475
5.22952289890902e-05,"loc1211_pos64.A",7990,0.000137658335878475
5.22952289890902e-05,"loc1211_pos90.T",7993,0.00025343011152737
5.22952289890902e-05,"loc1211_pos90.A",7994,0.000253430111527371
5.22952289890902e-05,"loc1213_pos38.A",7995,0.000368452515569025
5.22952289890902e-05,"loc1213_pos38.T",7996,0.000368452515569025
5.22952289890902e-05,"loc1213_pos69.T",7997,0.000253236095833001
5.22952289890902e-05,"loc1213_pos69.A",7998,0.000253236095833001
5.22952289890902e-05,"loc1214_pos97.T",8005,0.000253236095833001
5.22952289890902e-05,"loc1214_pos97.A",8006,0.000253236095833001
5.22952289890902e-05,"loc1216_pos10.T",8009,0.000114390820728554
5.22952289890902e-05,"loc1216_pos10.A",8010,0.000114390820728554
5.22952289890902e-05,"loc1217_pos86.A",8029,0.000677384152701549
5.22952289890902e-05,"loc1217_pos86.T",8030,0.00067738415270155
5.22952289890902e-05,"loc1220_pos71.A",8049,0.000160063142321268
5.22952289890902e-05,"loc1220_pos71.T",8050,0.000160063142321268
5.22952289890902e-05,"loc1220_pos76.T",8051,0.000430349347338981
5.22952289890902e-05,"loc1220_pos76.A",8052,0.000430349347338981
5.22952289890902e-05,"loc1226_pos79.A",8109,0.000785952212374781
5.22952289890902e-05,"loc1226_pos79.T",8110,0.000785952212374781
5.22952289890902e-05,"loc1230_pos12.A",8127,0.000278870302088479
5.22952289890902e-05,"loc1230_pos12.T",8128,0.000278870302088479
5.22952289890902e-05,"loc1230_pos61.A",8133,0.000278870302088479
5.22952289890902e-05,"loc1230_pos61.T",8134,0.000278870302088479
5.22952289890902e-05,"loc1230_pos76.A",8135,0.000278870302088479
5.22952289890902e-05,"loc1230_pos76.T",8136,0.000278870302088479
5.22952289890902e-05,"loc1230_pos95.A",8137,0.000278870302088479
5.22952289890902e-05,"loc1230_pos95.T",8138,0.000278870302088479
5.22952289890902e-05,"loc1230_pos125.A",8147,0.000429296744056513
5.22952289890902e-05,"loc1230_pos125.T",8148,0.000429296744056513
5.22952289890902e-05,"loc1232_pos30.A",8157,0.0002978828591799
5.22952289890902e-05,"loc1232_pos30.T",8158,0.000297882859179901
5.22952289890902e-05,"loc1232_pos96.A",8167,0.0002978828591799
5.22952289890902e-05,"loc1232_pos96.T",8168,0.000297882859179901
5.22952289890902e-05,"loc1233_pos13.A",8169,0.000153813585002888
5.22952289890902e-05,"loc1233_pos13.T",8170,0.000153813585002888
5.22952289890902e-05,"loc1233_pos32.A",8171,9.10106650544548e-05
5.22952289890902e-05,"loc1233_pos32.T",8172,9.10106650544547e-05
5.22952289890902e-05,"loc1233_pos65.A",8177,0.000104716226604099
5.22952289890902e-05,"loc1233_pos65.T",8178,0.000104716226604099
5.22952289890902e-05,"loc1233_pos72.A",8179,9.10106650544548e-05
5.22952289890902e-05,"loc1233_pos72.T",8180,9.10106650544547e-05
5.22952289890902e-05,"loc1233_pos81.A",8181,0.000489303558317581
5.22952289890902e-05,"loc1233_pos81.T",8182,0.000489303558317581
5.22952289890902e-05,"loc1233_pos108.A",8183,0.000153813585002888
5.22952289890902e-05,"loc1233_pos108.T",8184,0.000153813585002888
5.22952289890902e-05,"loc1233_pos124.A",8185,0.00166747831411939
5.22952289890902e-05,"loc1233_pos124.T",8186,0.00166747831411939
5.22952289890902e-05,"loc1236_pos212.A",8213,5.70431444363887e-05
5.22952289890902e-05,"loc1236_pos212.T",8214,5.70431444363887e-05
5.22952289890902e-05,"loc1236_pos215.A",8215,0.000739164824254614
5.22952289890902e-05,"loc1236_pos215.T",8216,0.000739164824254613
5.22952289890902e-05,"loc1237_pos66.A",8217,0.00321805327817716
5.22952289890902e-05,"loc1237_pos66.T",8218,0.00321805327817716
5.22952289890902e-05,"loc1241_pos95.T",8243,0.00109846017597157
5.22952289890902e-05,"loc1241_pos95.A",8244,0.00109846017597157
5.22952289890902e-05,"loc1242_pos130.A",8247,0.000563202449449926
5.22952289890902e-05,"loc1242_pos130.T",8248,0.000563202449449926
5.22952289890902e-05,"loc1245_pos26.A",8251,6.91565256776062e-05
5.22952289890902e-05,"loc1245_pos26.T",8252,6.91565256776061e-05
5.22952289890902e-05,"loc1245_pos33.A",8253,0.000182735470809513
5.22952289890902e-05,"loc1245_pos33.T",8254,0.000182735470809513
5.22952289890902e-05,"loc1246_pos36.A",8259,0.000468331065648058
5.22952289890902e-05,"loc1246_pos36.T",8260,0.000468331065648058
5.22952289890902e-05,"loc1248_pos13.A",8267,0.000361156583774069
5.22952289890902e-05,"loc1248_pos13.T",8268,0.000361156583774069
5.22952289890902e-05,"loc1249_pos101.A",8275,0.000287112771867702
5.22952289890902e-05,"loc1249_pos101.T",8276,0.000287112771867702
5.22952289890902e-05,"loc1251_pos84.A",8287,0.000663603452531542
5.22952289890902e-05,"loc1251_pos84.T",8288,0.000663603452531542
5.22952289890902e-05,"loc1251_pos99.A",8289,0.000119769407141689
5.22952289890902e-05,"loc1251_pos99.T",8290,0.000119769407141689
5.22952289890902e-05,"loc1251_pos118.A",8293,5.56401465684181e-05
5.22952289890902e-05,"loc1251_pos118.T",8294,5.56401465684181e-05
5.22952289890902e-05,"loc1255_pos13.T",8323,5.32315948051677e-05
5.22952289890902e-05,"loc1255_pos13.A",8324,5.32315948051677e-05
5.22952289890902e-05,"loc1255_pos25.A",8325,8.66955605237047e-05
5.22952289890902e-05,"loc1255_pos25.T",8326,8.66955605237047e-05
5.22952289890902e-05,"loc1256_pos59.A",8343,0.000284895622855949
5.22952289890902e-05,"loc1256_pos59.T",8344,0.000284895622855949
5.22952289890902e-05,"loc1260_pos55.A",8353,7.49980029213437e-05
5.22952289890902e-05,"loc1260_pos55.T",8354,7.49980029213436e-05
5.22952289890902e-05,"loc1260_pos119.A",8359,7.49980029213437e-05
5.22952289890902e-05,"loc1260_pos119.T",8360,7.49980029213436e-05
5.22952289890902e-05,"loc1260_pos126.A",8361,7.49980029213437e-05
5.22952289890902e-05,"loc1260_pos126.T",8362,7.49980029213436e-05
5.22952289890902e-05,"loc1261_pos45.T",8365,0.00011158917288293
5.22952289890902e-05,"loc1261_pos45.A",8366,0.00011158917288293
5.22952289890902e-05,"loc1262_pos8.A",8375,0.000108605954695899
5.22952289890902e-05,"loc1262_pos8.T",8376,0.000108605954695899
5.22952289890902e-05,"loc1262_pos62.A",8381,0.000128923616075707
5.22952289890902e-05,"loc1262_pos62.T",8382,0.000128923616075707
5.22952289890902e-05,"loc1262_pos74.A",8385,0.000128923616075707
5.22952289890902e-05,"loc1262_pos74.T",8386,0.000128923616075707
5.22952289890902e-05,"loc1264_pos102.A",8399,0.000205606221283879
5.22952289890902e-05,"loc1264_pos102.T",8400,0.000205606221283878
5.22952289890902e-05,"loc1266_pos74.A",8415,8.84886372734291e-05
5.22952289890902e-05,"loc1266_pos74.T",8416,8.84886372734291e-05
5.22952289890902e-05,"loc1273_pos30.A",8459,0.000258561618682989
5.22952289890902e-05,"loc1273_pos30.T",8460,0.000258561618682989
5.22952289890902e-05,"loc1281_pos56.A",8523,0.000174246601970392
5.22952289890902e-05,"loc1281_pos56.T",8524,0.000174246601970392
5.22952289890902e-05,"loc1283_pos82.A",8531,8.05080976544718e-05
5.22952289890902e-05,"loc1283_pos82.T",8532,8.05080976544718e-05
5.22952289890902e-05,"loc1283_pos89.T",8535,0.000381249336817585
5.22952289890902e-05,"loc1283_pos89.A",8536,0.000381249336817584
5.22952289890902e-05,"loc1287_pos152.A",8539,0.000152276045678447
5.22952289890902e-05,"loc1287_pos152.T",8540,0.000152276045678447
5.22952289890902e-05,"loc1287_pos170.A",8541,0.000152276045678447
5.22952289890902e-05,"loc1287_pos170.T",8542,0.000152276045678447
5.22952289890902e-05,"loc1287_pos171.A",8543,0.000152276045678447
5.22952289890902e-05,"loc1287_pos171.T",8544,0.000152276045678447
5.22952289890902e-05,"loc1287_pos195.A",8545,0.000152276045678447
5.22952289890902e-05,"loc1287_pos195.T",8546,0.000152276045678447
5.22952289890902e-05,"loc1287_pos213.A",8547,0.000118301617747647
5.22952289890902e-05,"loc1287_pos213.T",8548,0.000118301617747647
5.22952289890902e-05,"loc1289_pos67.A",8571,0.000150816166555432
5.22952289890902e-05,"loc1289_pos67.T",8572,0.000150816166555432
5.22952289890902e-05,"loc1289_pos75.A",8573,0.000150816166555432
5.22952289890902e-05,"loc1289_pos75.T",8574,0.000150816166555432
5.22952289890902e-05,"loc1290_pos93.A",8581,0.000235981560947176
5.22952289890902e-05,"loc1290_pos93.T",8582,0.000235981560947176
5.22952289890902e-05,"loc1291_pos121.A",8593,0.000105520223319264
5.22952289890902e-05,"loc1291_pos121.T",8594,0.000105520223319264
5.22952289890902e-05,"loc1294_pos25.A",8611,0.000470109332128702
5.22952289890902e-05,"loc1294_pos25.T",8612,0.000470109332128702
5.22952289890902e-05,"loc1294_pos46.A",8617,0.000288958629403185
5.22952289890902e-05,"loc1294_pos46.T",8618,0.000288958629403185
5.22952289890902e-05,"loc1294_pos56.A",8619,0.000506923072405568
5.22952289890902e-05,"loc1294_pos56.T",8620,0.000506923072405569
5.22952289890902e-05,"loc1295_pos15.T",8631,0.000703351955125011
5.22952289890902e-05,"loc1295_pos15.A",8632,0.000703351955125011
5.22952289890902e-05,"loc1295_pos23.A",8633,0.000322771451455025
5.22952289890902e-05,"loc1295_pos23.T",8634,0.000322771451455025
5.22952289890902e-05,"loc1295_pos37.T",8635,0.000645413435850606
5.22952289890902e-05,"loc1295_pos37.A",8636,0.000645413435850606
5.22952289890902e-05,"loc1295_pos42.T",8637,0.000703351955125011
5.22952289890902e-05,"loc1295_pos42.A",8638,0.000703351955125011
5.22952289890902e-05,"loc1295_pos49.T",8639,0.000703351955125011
5.22952289890902e-05,"loc1295_pos49.A",8640,0.000703351955125011
5.22952289890902e-05,"loc1295_pos98.A",8641,7.64516779512154e-05
5.22952289890902e-05,"loc1295_pos98.T",8642,7.64516779512154e-05
5.22952289890902e-05,"loc1297_pos21.A",8649,8.76305461015848e-05
5.22952289890902e-05,"loc1297_pos21.T",8650,8.76305461015848e-05
5.22952289890902e-05,"loc1297_pos39.A",8651,0.000122346699222401
5.22952289890902e-05,"loc1297_pos39.T",8652,0.000122346699222401
5.22952289890902e-05,"loc1297_pos60.A",8653,6.36477452336152e-05
5.22952289890902e-05,"loc1297_pos60.T",8654,6.36477452336152e-05
5.22952289890902e-05,"loc1297_pos86.T",8655,0.000470356383291991
5.22952289890902e-05,"loc1297_pos86.A",8656,0.000470356383291992
5.22952289890902e-05,"loc1297_pos116.A",8657,0.000122346699222401
5.22952289890902e-05,"loc1297_pos116.T",8658,0.000122346699222401
5.22952289890902e-05,"loc1299_pos15.T",8667,8.45176440220933e-05
5.22952289890902e-05,"loc1299_pos15.A",8668,8.45176440220933e-05
5.22952289890902e-05,"loc1300_pos30.A",8677,0.000176054469489542
5.22952289890902e-05,"loc1300_pos30.T",8678,0.000176054469489542
5.22952289890902e-05,"loc1302_pos23.A",8687,0.00124232353990266
5.22952289890902e-05,"loc1302_pos23.T",8688,0.00124232353990266
5.22952289890902e-05,"loc1302_pos72.A",8697,0.000181218209352532
5.22952289890902e-05,"loc1302_pos72.T",8698,0.000181218209352532
5.22952289890902e-05,"loc1303_pos59.A",8709,9.45634846964855e-05
5.22952289890902e-05,"loc1303_pos59.T",8710,9.45634846964855e-05
5.22952289890902e-05,"loc1303_pos124.A",8715,5.48075364396874e-05
5.22952289890902e-05,"loc1303_pos124.T",8716,5.48075364396874e-05
5.22952289890902e-05,"loc1304_pos113.A",8721,8.88225386520418e-05
5.22952289890902e-05,"loc1304_pos113.T",8722,8.88225386520418e-05
5.22952289890902e-05,"loc1305_pos49.T",8725,0.000167263024048987
5.22952289890902e-05,"loc1305_pos49.A",8726,0.000167263024048987
5.22952289890902e-05,"loc1305_pos75.A",8733,0.000207954106413074
5.22952289890902e-05,"loc1305_pos75.T",8734,0.000207954106413074
5.22952289890902e-05,"loc1309_pos37.A",8763,0.000518994495541857
5.22952289890902e-05,"loc1309_pos37.T",8764,0.000518994495541857
5.22952289890902e-05,"loc1309_pos44.A",8765,0.000518763662632209
5.22952289890902e-05,"loc1309_pos44.T",8766,0.000518763662632209
5.22952289890902e-05,"loc1309_pos45.A",8767,0.000463319837118827
5.22952289890902e-05,"loc1309_pos45.T",8768,0.000463319837118826
5.22952289890902e-05,"loc1309_pos98.A",8779,0.000518763662632209
5.22952289890902e-05,"loc1309_pos98.T",8780,0.000518763662632209
5.22952289890902e-05,"loc1309_pos106.A",8781,0.000518763662632209
5.22952289890902e-05,"loc1309_pos106.T",8782,0.000518763662632209
5.22952289890902e-05,"loc1310_pos115.A",8787,6.14475612221998e-05
5.22952289890902e-05,"loc1310_pos115.T",8788,6.14475612221998e-05
5.22952289890902e-05,"loc1311_pos32.A",8789,5.66122071976083e-05
5.22952289890902e-05,"loc1311_pos32.T",8790,5.66122071976083e-05
5.22952289890902e-05,"loc1313_pos184.A",8799,0.000120182854446273
5.22952289890902e-05,"loc1313_pos184.T",8800,0.000120182854446273
5.22952289890902e-05,"loc1316_pos75.A",8819,0.000239283242645904
5.22952289890902e-05,"loc1316_pos75.T",8820,0.000239283242645904
5.22952289890902e-05,"loc1316_pos81.A",8823,0.000311168301314052
5.22952289890902e-05,"loc1316_pos81.T",8824,0.000311168301314052
5.22952289890902e-05,"loc1316_pos101.A",8831,5.37289048056921e-05
5.22952289890902e-05,"loc1316_pos101.T",8832,5.37289048056921e-05
5.22952289890902e-05,"loc1316_pos118.A",8837,0.000217396209125361
5.22952289890902e-05,"loc1316_pos118.T",8838,0.000217396209125361
5.22952289890902e-05,"loc1317_pos57.A",8845,0.000118548694274014
5.22952289890902e-05,"loc1317_pos57.T",8846,0.000118548694274014
5.22952289890902e-05,"loc1317_pos122.A",8855,7.25580638398499e-05
5.22952289890902e-05,"loc1317_pos122.T",8856,7.25580638398499e-05
5.22952289890902e-05,"loc1317_pos131.A",8857,0.000435440346844904
5.22952289890902e-05,"loc1317_pos131.T",8858,0.000435440346844904
5.22952289890902e-05,"loc1319_pos134.A",8871,8.81391017469647e-05
5.22952289890902e-05,"loc1319_pos134.T",8872,8.81391017469648e-05
5.22952289890902e-05,"loc1320_pos51.A",8875,0.000102713394382946
5.22952289890902e-05,"loc1320_pos51.T",8876,0.000102713394382946
5.22952289890902e-05,"loc1320_pos66.A",8877,0.000102713394382946
5.22952289890902e-05,"loc1320_pos66.T",8878,0.000102713394382946
5.22952289890902e-05,"loc1320_pos74.A",8879,0.000102713394382946
5.22952289890902e-05,"loc1320_pos74.T",8880,0.000102713394382946
5.22952289890902e-05,"loc1320_pos125.A",8885,0.000102713394382946
5.22952289890902e-05,"loc1320_pos125.T",8886,0.000102713394382946
5.22952289890902e-05,"loc1321_pos33.A",8889,9.87895594075131e-05
5.22952289890902e-05,"loc1321_pos33.T",8890,9.87895594075132e-05
5.22952289890902e-05,"loc1321_pos34.A",8891,9.87895594075131e-05
5.22952289890902e-05,"loc1321_pos34.T",8892,9.87895594075132e-05
5.22952289890902e-05,"loc1321_pos84.A",8893,9.87895594075131e-05
5.22952289890902e-05,"loc1321_pos84.T",8894,9.87895594075132e-05
5.22952289890902e-05,"loc1321_pos90.A",8895,9.87895594075131e-05
5.22952289890902e-05,"loc1321_pos90.T",8896,9.87895594075132e-05
5.22952289890902e-05,"loc1323_pos19.A",8901,0.000105633719782321
5.22952289890902e-05,"loc1323_pos19.T",8902,0.000105633719782321
5.22952289890902e-05,"loc1323_pos26.T",8903,0.000265465384374276
5.22952289890902e-05,"loc1323_pos26.A",8904,0.000265465384374276
5.22952289890902e-05,"loc1323_pos59.A",8909,0.0001299002679812
5.22952289890902e-05,"loc1323_pos59.T",8910,0.0001299002679812
5.22952289890902e-05,"loc1323_pos83.A",8911,0.000265465384374276
5.22952289890902e-05,"loc1323_pos83.T",8912,0.000265465384374276
5.22952289890902e-05,"loc1323_pos104.A",8915,0.000657234387530784
5.22952289890902e-05,"loc1323_pos104.T",8916,0.000657234387530784
5.22952289890902e-05,"loc1323_pos108.T",8917,0.00087853703082522
5.22952289890902e-05,"loc1323_pos108.A",8918,0.00087853703082522
5.22952289890902e-05,"loc1326_pos43.A",8949,0.000258356568779071
5.22952289890902e-05,"loc1326_pos43.T",8950,0.00025835656877907
5.22952289890902e-05,"loc1326_pos109.A",8951,0.000258109603691928
5.22952289890902e-05,"loc1326_pos109.T",8952,0.000258109603691928
5.22952289890902e-05,"loc1326_pos110.A",8953,0.000258356568779071
5.22952289890902e-05,"loc1326_pos110.T",8954,0.00025835656877907
5.22952289890902e-05,"loc1327_pos40.A",8957,0.000245490975429526
5.22952289890902e-05,"loc1327_pos40.T",8958,0.000245490975429526
5.22952289890902e-05,"loc1327_pos56.A",8959,7.73996449804057e-05
5.22952289890902e-05,"loc1327_pos56.T",8960,7.73996449804057e-05
5.22952289890902e-05,"loc1327_pos59.A",8961,0.000314990461622278
5.22952289890902e-05,"loc1327_pos59.T",8962,0.000314990461622278
5.22952289890902e-05,"loc1327_pos61.A",8963,7.73996449804057e-05
5.22952289890902e-05,"loc1327_pos61.T",8964,7.73996449804057e-05
5.22952289890902e-05,"loc1327_pos90.A",8967,7.73996449804057e-05
5.22952289890902e-05,"loc1327_pos90.T",8968,7.73996449804057e-05
5.22952289890902e-05,"loc1327_pos95.A",8969,0.000245490975429526
5.22952289890902e-05,"loc1327_pos95.T",8970,0.000245490975429526
5.22952289890902e-05,"loc1331_pos95.A",8991,0.000182675727971616
5.22952289890902e-05,"loc1331_pos95.T",8992,0.000182675727971616
5.22952289890902e-05,"loc1331_pos113.T",8993,0.000303634284156905
5.22952289890902e-05,"loc1331_pos113.A",8994,0.000303634284156906
5.22952289890902e-05,"loc1331_pos114.T",8995,0.000303634284156905
5.22952289890902e-05,"loc1331_pos114.A",8996,0.000303634284156906
5.22952289890902e-05,"loc1331_pos121.A",8997,5.4727755391468e-05
5.22952289890902e-05,"loc1331_pos121.T",8998,5.4727755391468e-05
5.22952289890902e-05,"loc1331_pos129.A",8999,0.000201027638082053
5.22952289890902e-05,"loc1331_pos129.T",9000,0.000201027638082052
5.22952289890902e-05,"loc1337_pos82.A",9033,0.000372052094299059
5.22952289890902e-05,"loc1337_pos82.T",9034,0.00037205209429906
5.22952289890902e-05,"loc1340_pos64.A",9047,5.35823877137886e-05
5.22952289890902e-05,"loc1340_pos64.T",9048,5.35823877137886e-05
5.22952289890902e-05,"loc1344_pos21.A",9051,0.000241548890485017
5.22952289890902e-05,"loc1344_pos21.T",9052,0.000241548890485017
5.22952289890902e-05,"loc1345_pos135.A",9063,6.62422146317993e-05
5.22952289890902e-05,"loc1345_pos135.T",9064,6.62422146317993e-05
5.22952289890902e-05,"loc1345_pos160.A",9065,0.000314159147568448
5.22952289890902e-05,"loc1345_pos160.T",9066,0.000314159147568448
5.22952289890902e-05,"loc1345_pos205.A",9067,8.3951899421243e-05
5.22952289890902e-05,"loc1345_pos205.T",9068,8.39518994212431e-05
5.22952289890902e-05,"loc1345_pos222.A",9069,0.00026923503341151
5.22952289890902e-05,"loc1345_pos222.T",9070,0.00026923503341151
5.22952289890902e-05,"loc1347_pos133.A",9081,6.25355878754921e-05
5.22952289890902e-05,"loc1347_pos133.T",9082,6.25355878754921e-05
5.22952289890902e-05,"loc1348_pos306.A",9083,0.000544586515940059
5.22952289890902e-05,"loc1348_pos306.T",9084,0.000544586515940059
5.22952289890902e-05,"loc1348_pos343.A",9087,0.000456279425884559
5.22952289890902e-05,"loc1348_pos343.T",9088,0.000456279425884559
5.22952289890902e-05,"loc1348_pos359.A",9089,0.000544586515940059
5.22952289890902e-05,"loc1348_pos359.T",9090,0.000544586515940059
5.22952289890902e-05,"loc1351_pos29.A",9103,6.94243087979744e-05
5.22952289890902e-05,"loc1351_pos29.T",9104,6.94243087979745e-05
5.22952289890902e-05,"loc1356_pos133.A",9133,0.000348594139306837
5.22952289890902e-05,"loc1356_pos133.T",9134,0.000348594139306837
5.22952289890902e-05,"loc1362_pos51.A",9151,9.49492737331869e-05
5.22952289890902e-05,"loc1362_pos51.T",9152,9.49492737331869e-05
5.22952289890902e-05,"loc1362_pos63.T",9153,0.000145767895692354
5.22952289890902e-05,"loc1362_pos63.A",9154,0.000145767895692354
5.22952289890902e-05,"loc1363_pos21.A",9165,9.34754259733236e-05
5.22952289890902e-05,"loc1363_pos21.T",9166,9.34754259733235e-05
5.22952289890902e-05,"loc1363_pos51.T",9167,0.000658340557703834
5.22952289890902e-05,"loc1363_pos51.A",9168,0.000658340557703834
5.22952289890902e-05,"loc1363_pos56.A",9169,0.000354568917200076
5.22952289890902e-05,"loc1363_pos56.T",9170,0.000354568917200076
5.22952289890902e-05,"loc1363_pos107.T",9171,0.000837340694587473
5.22952289890902e-05,"loc1363_pos107.A",9172,0.000837340694587473
5.22952289890902e-05,"loc1363_pos120.T",9173,0.000658340557703834
5.22952289890902e-05,"loc1363_pos120.A",9174,0.000658340557703834
5.22952289890902e-05,"loc1364_pos60.T",9175,5.25543254068085e-05
5.22952289890902e-05,"loc1364_pos60.A",9176,5.25543254068085e-05
5.22952289890902e-05,"loc1364_pos61.T",9177,5.25543254068085e-05
5.22952289890902e-05,"loc1364_pos61.A",9178,5.25543254068085e-05
5.22952289890902e-05,"loc1364_pos94.A",9181,5.25543254068085e-05
5.22952289890902e-05,"loc1364_pos94.T",9182,5.25543254068085e-05
5.22952289890902e-05,"loc1368_pos78.A",9197,0.000411156922057148
5.22952289890902e-05,"loc1368_pos78.T",9198,0.000411156922057148
5.22952289890902e-05,"loc1368_pos126.A",9201,0.000411156922057148
5.22952289890902e-05,"loc1368_pos126.T",9202,0.000411156922057148
5.22952289890902e-05,"loc1369_pos16.A",9207,0.00122391089692216
5.22952289890902e-05,"loc1369_pos16.T",9208,0.00122391089692216
5.22952289890902e-05,"loc1369_pos53.A",9209,0.000106705787547376
5.22952289890902e-05,"loc1369_pos53.T",9210,0.000106705787547376
5.22952289890902e-05,"loc1369_pos77.A",9211,8.88058309685697e-05
5.22952289890902e-05,"loc1369_pos77.T",9212,8.88058309685696e-05
5.22952289890902e-05,"loc1369_pos78.A",9213,0.000542910872398851
5.22952289890902e-05,"loc1369_pos78.T",9214,0.000542910872398851
5.22952289890902e-05,"loc1369_pos91.A",9217,0.000542910872398851
5.22952289890902e-05,"loc1369_pos91.T",9218,0.000542910872398851
5.22952289890902e-05,"loc1369_pos109.A",9219,0.00107086884632132
5.22952289890902e-05,"loc1369_pos109.T",9220,0.00107086884632132
5.22952289890902e-05,"loc1373_pos15.T",9237,6.29817709605281e-05
5.22952289890902e-05,"loc1373_pos15.A",9238,6.29817709605281e-05
5.22952289890902e-05,"loc1377_pos13.T",9277,0.000837585210706006
5.22952289890902e-05,"loc1377_pos13.A",9278,0.000837585210706006
5.22952289890902e-05,"loc1377_pos31.T",9279,0.00032988331867871
5.22952289890902e-05,"loc1377_pos31.A",9280,0.00032988331867871
5.22952289890902e-05,"loc1380_pos57.A",9311,0.000370268280355863
5.22952289890902e-05,"loc1380_pos57.T",9312,0.000370268280355863
5.22952289890902e-05,"loc1380_pos67.A",9313,0.000309079098689095
5.22952289890902e-05,"loc1380_pos67.T",9314,0.000309079098689095
5.22952289890902e-05,"loc1380_pos97.A",9317,0.000109899334945012
5.22952289890902e-05,"loc1380_pos97.T",9318,0.000109899334945012
5.22952289890902e-05,"loc1381_pos44.A",9319,0.000538376578192701
5.22952289890902e-05,"loc1381_pos44.T",9320,0.000538376578192701
5.22952289890902e-05,"loc1381_pos109.A",9321,0.000423854714296514
5.22952289890902e-05,"loc1381_pos109.T",9322,0.000423854714296514
5.22952289890902e-05,"loc1382_pos109.A",9329,0.000271294227049275
5.22952289890902e-05,"loc1382_pos109.T",9330,0.000271294227049275
5.22952289890902e-05,"loc1383_pos208.A",9333,0.000187176340497457
5.22952289890902e-05,"loc1383_pos208.T",9334,0.000187176340497457
5.22952289890902e-05,"loc1385_pos53.T",9343,6.27484551813327e-05
5.22952289890902e-05,"loc1385_pos53.A",9344,6.27484551813327e-05
5.22952289890902e-05,"loc1390_pos113.A",9367,6.93680450229013e-05
5.22952289890902e-05,"loc1390_pos113.T",9368,6.93680450229013e-05
5.22952289890902e-05,"loc1390_pos114.A",9369,0.00018114144438221
5.22952289890902e-05,"loc1390_pos114.T",9370,0.00018114144438221
5.22952289890902e-05,"loc1390_pos116.A",9371,0.000135276811434637
5.22952289890902e-05,"loc1390_pos116.T",9372,0.000135276811434637
5.22952289890902e-05,"loc1393_pos23.A",9393,0.000361553291254227
5.22952289890902e-05,"loc1393_pos23.T",9394,0.000361553291254227
5.22952289890902e-05,"loc1394_pos87.T",9401,0.000256426887300418
5.22952289890902e-05,"loc1394_pos87.A",9402,0.000256426887300418
5.22952289890902e-05,"loc1394_pos136.A",9405,0.000256426887300418
5.22952289890902e-05,"loc1394_pos136.T",9406,0.000256426887300418
5.22952289890902e-05,"loc1394_pos147.T",9407,0.000256426887300418
5.22952289890902e-05,"loc1394_pos147.A",9408,0.000256426887300418
5.22952289890902e-05,"loc1394_pos172.A",9411,0.000256426887300418
5.22952289890902e-05,"loc1394_pos172.T",9412,0.000256426887300418
5.22952289890902e-05,"loc1396_pos52.A",9421,0.000293347894705057
5.22952289890902e-05,"loc1396_pos52.T",9422,0.000293347894705057
5.22952289890902e-05,"loc1396_pos68.A",9425,7.60494013580047e-05
5.22952289890902e-05,"loc1396_pos68.T",9426,7.60494013580047e-05
5.22952289890902e-05,"loc1397_pos92.A",9433,0.000567247078572786
5.22952289890902e-05,"loc1397_pos92.T",9434,0.000567247078572785
5.22952289890902e-05,"loc1403_pos15.T",9467,0.00020595426741323
5.22952289890902e-05,"loc1403_pos15.A",9468,0.00020595426741323
5.22952289890902e-05,"loc1408_pos18.A",9479,7.51436466847278e-05
5.22952289890902e-05,"loc1408_pos18.T",9480,7.51436466847279e-05
5.22952289890902e-05,"loc1411_pos82.T",9497,0.0016430422428166
5.22952289890902e-05,"loc1411_pos82.A",9498,0.0016430422428166
5.22952289890902e-05,"loc1411_pos83.A",9499,0.000682343358262437
5.22952289890902e-05,"loc1411_pos83.T",9500,0.000682343358262437
5.22952289890902e-05,"loc1411_pos142.A",9501,0.000670531732362133
5.22952289890902e-05,"loc1411_pos142.T",9502,0.000670531732362133
5.22952289890902e-05,"loc1413_pos91.A",9521,5.41308516402766e-05
5.22952289890902e-05,"loc1413_pos91.T",9522,5.41308516402766e-05
5.22952289890902e-05,"loc1413_pos121.T",9525,6.67917344076497e-05
5.22952289890902e-05,"loc1413_pos121.A",9526,6.67917344076496e-05
5.22952289890902e-05,"loc1414_pos38.A",9529,0.000113142433085641
5.22952289890902e-05,"loc1414_pos38.T",9530,0.000113142433085641
5.22952289890902e-05,"loc1414_pos87.A",9533,0.000464647197798791
5.22952289890902e-05,"loc1414_pos87.T",9534,0.000464647197798791
5.22952289890902e-05,"loc1418_pos44.A",9547,9.33399435390761e-05
5.22952289890902e-05,"loc1418_pos44.T",9548,9.33399435390761e-05
5.22952289890902e-05,"loc1421_pos116.A",9559,0.000910838236248632
5.22952289890902e-05,"loc1421_pos116.T",9560,0.000910838236248632
5.22952289890902e-05,"loc1422_pos88.A",9565,9.49891549125687e-05
5.22952289890902e-05,"loc1422_pos88.T",9566,9.49891549125687e-05
5.22952289890902e-05,"loc1427_pos110.A",9583,0.000369222822205852
5.22952289890902e-05,"loc1427_pos110.T",9584,0.000369222822205853
5.22952289890902e-05,"loc1429_pos37.A",9589,0.000108695883175674
5.22952289890902e-05,"loc1429_pos37.T",9590,0.000108695883175674
5.22952289890902e-05,"loc1429_pos55.A",9591,0.000337190275191152
5.22952289890902e-05,"loc1429_pos55.T",9592,0.000337190275191152
5.22952289890902e-05,"loc1429_pos114.A",9593,0.000337190275191152
5.22952289890902e-05,"loc1429_pos114.T",9594,0.000337190275191152
5.22952289890902e-05,"loc1429_pos127.A",9595,0.000337190275191152
5.22952289890902e-05,"loc1429_pos127.T",9596,0.000337190275191152
5.22952289890902e-05,"loc1430_pos11.A",9597,0.000337190275191152
5.22952289890902e-05,"loc1430_pos11.T",9598,0.000337190275191152
5.22952289890902e-05,"loc1430_pos24.A",9599,0.000337190275191152
5.22952289890902e-05,"loc1430_pos24.T",9600,0.000337190275191152
5.22952289890902e-05,"loc1430_pos83.A",9601,0.000337190275191152
5.22952289890902e-05,"loc1430_pos83.T",9602,0.000337190275191152
5.22952289890902e-05,"loc1430_pos101.A",9603,0.000108695883175674
5.22952289890902e-05,"loc1430_pos101.T",9604,0.000108695883175674
5.22952289890902e-05,"loc1431_pos28.A",9605,0.000208428535075533
5.22952289890902e-05,"loc1431_pos28.T",9606,0.000208428535075533
5.22952289890902e-05,"loc1432_pos71.A",9623,0.000251066053160146
5.22952289890902e-05,"loc1432_pos71.T",9624,0.000251066053160146
5.22952289890902e-05,"loc1433_pos20.A",9631,0.00125471186326203
5.22952289890902e-05,"loc1433_pos20.T",9632,0.00125471186326203
5.22952289890902e-05,"loc1433_pos79.A",9635,0.00125471186326203
5.22952289890902e-05,"loc1433_pos79.T",9636,0.00125471186326203
5.22952289890902e-05,"loc1435_pos107.A",9645,0.000303139645749685
5.22952289890902e-05,"loc1435_pos107.T",9646,0.000303139645749685
5.22952289890902e-05,"loc1438_pos107.A",9665,0.000163257384673424
5.22952289890902e-05,"loc1438_pos107.T",9666,0.000163257384673424
5.22952289890902e-05,"loc1440_pos9.A",9671,0.000430042644389722
5.22952289890902e-05,"loc1440_pos9.T",9672,0.000430042644389722
5.22952289890902e-05,"loc1440_pos15.A",9673,0.000197054958024249
5.22952289890902e-05,"loc1440_pos15.T",9674,0.000197054958024249
5.22952289890902e-05,"loc1444_pos106.A",9699,9.66031027891775e-05
5.22952289890902e-05,"loc1444_pos106.T",9700,9.66031027891775e-05
5.22952289890902e-05,"loc1445_pos32.A",9701,6.5599380800812e-05
5.22952289890902e-05,"loc1445_pos32.T",9702,6.55993808008121e-05
5.22952289890902e-05,"loc1445_pos56.A",9703,6.5599380800812e-05
5.22952289890902e-05,"loc1445_pos56.T",9704,6.55993808008121e-05
5.22952289890902e-05,"loc1447_pos11.A",9707,0.000707107404752081
5.22952289890902e-05,"loc1447_pos11.T",9708,0.000707107404752081
5.22952289890902e-05,"loc1447_pos32.A",9709,0.000208003718544588
5.22952289890902e-05,"loc1447_pos32.T",9710,0.000208003718544588
5.22952289890902e-05,"loc1447_pos92.A",9713,0.000208003718544588
5.22952289890902e-05,"loc1447_pos92.T",9714,0.000208003718544588
5.22952289890902e-05,"loc1447_pos126.T",9719,0.00045556855139915
5.22952289890902e-05,"loc1447_pos126.A",9720,0.00045556855139915
5.22952289890902e-05,"loc1452_pos65.A",9749,8.34589589611693e-05
5.22952289890902e-05,"loc1452_pos65.T",9750,8.34589589611693e-05
5.22952289890902e-05,"loc1452_pos96.T",9759,5.42639207399896e-05
5.22952289890902e-05,"loc1452_pos96.A",9760,5.42639207399896e-05
5.22952289890902e-05,"loc1453_pos118.A",9763,7.05200351258541e-05
5.22952289890902e-05,"loc1453_pos118.T",9764,7.05200351258541e-05
5.22952289890902e-05,"loc1455_pos35.A",9771,0.0002855242131434
5.22952289890902e-05,"loc1455_pos35.T",9772,0.0002855242131434
5.22952289890902e-05,"loc1455_pos129.A",9775,0.0002855242131434
5.22952289890902e-05,"loc1455_pos129.T",9776,0.0002855242131434
5.22952289890902e-05,"loc1457_pos109.A",9781,0.000372020284718859
5.22952289890902e-05,"loc1457_pos109.T",9782,0.000372020284718859
5.22952289890902e-05,"loc1461_pos78.A",9797,8.00334371606397e-05
5.22952289890902e-05,"loc1461_pos78.T",9798,8.00334371606397e-05
5.22952289890902e-05,"loc1461_pos99.A",9799,8.00334371606397e-05
5.22952289890902e-05,"loc1461_pos99.T",9800,8.00334371606397e-05
5.22952289890902e-05,"loc1462_pos37.T",9805,6.18943558051769e-05
5.22952289890902e-05,"loc1462_pos37.A",9806,6.18943558051769e-05
5.22952289890902e-05,"loc1462_pos38.T",9807,6.18943558051769e-05
5.22952289890902e-05,"loc1462_pos38.A",9808,6.18943558051769e-05
5.22952289890902e-05,"loc1462_pos108.T",9809,6.18943558051769e-05
5.22952289890902e-05,"loc1462_pos108.A",9810,6.18943558051769e-05
5.22952289890902e-05,"loc1464_pos37.A",9813,0.000160453029820218
5.22952289890902e-05,"loc1464_pos37.T",9814,0.000160453029820218
5.22952289890902e-05,"loc1464_pos101.A",9817,0.000160453029820218
5.22952289890902e-05,"loc1464_pos101.T",9818,0.000160453029820218
5.22952289890902e-05,"loc1465_pos116.A",9821,0.000252866229348172
5.22952289890902e-05,"loc1465_pos116.T",9822,0.000252866229348172
5.22952289890902e-05,"loc1466_pos116.A",9827,9.62553224172016e-05
5.22952289890902e-05,"loc1466_pos116.T",9828,9.62553224172016e-05
5.22952289890902e-05,"loc1467_pos68.A",9829,7.92182231988352e-05
5.22952289890902e-05,"loc1467_pos68.T",9830,7.92182231988352e-05
5.22952289890902e-05,"loc1469_pos93.A",9839,6.51299023020453e-05
5.22952289890902e-05,"loc1469_pos93.T",9840,6.51299023020453e-05
5.22952289890902e-05,"loc1469_pos112.T",9841,6.51299023020453e-05
5.22952289890902e-05,"loc1469_pos112.A",9842,6.51299023020453e-05
5.22952289890902e-05,"loc1471_pos76.A",9845,9.70580970290153e-05
5.22952289890902e-05,"loc1471_pos76.T",9846,9.70580970290153e-05
5.22952289890902e-05,"loc1472_pos42.A",9847,9.70580970290153e-05
5.22952289890902e-05,"loc1472_pos42.T",9848,9.70580970290153e-05
5.22952289890902e-05,"loc1475_pos55.A",9851,0.000324057082709823
5.22952289890902e-05,"loc1475_pos55.T",9852,0.000324057082709823
5.22952289890902e-05,"loc1476_pos19.A",9865,0.000447941863475953
5.22952289890902e-05,"loc1476_pos19.T",9866,0.000447941863475953
5.22952289890902e-05,"loc1476_pos31.A",9867,0.000447941863475953
5.22952289890902e-05,"loc1476_pos31.T",9868,0.000447941863475953
5.22952289890902e-05,"loc1476_pos37.A",9869,0.000447941863475953
5.22952289890902e-05,"loc1476_pos37.T",9870,0.000447941863475953
5.22952289890902e-05,"loc1476_pos96.A",9873,0.00146561808980271
5.22952289890902e-05,"loc1476_pos96.T",9874,0.00146561808980271
5.22952289890902e-05,"loc1479_pos25.A",9885,0.00351485575685757
5.22952289890902e-05,"loc1479_pos25.T",9886,0.00351485575685757
5.22952289890902e-05,"loc1479_pos27.A",9887,0.00290612135813772
5.22952289890902e-05,"loc1479_pos27.T",9888,0.00290612135813772
5.22952289890902e-05,"loc1479_pos87.A",9891,0.000245518258591155
5.22952289890902e-05,"loc1479_pos87.T",9892,0.000245518258591155
5.22952289890902e-05,"loc1480_pos97.A",9901,0.000107143059366123
5.22952289890902e-05,"loc1480_pos97.T",9902,0.000107143059366123
5.22952289890902e-05,"loc1481_pos21.A",9903,0.000595033528848292
5.22952289890902e-05,"loc1481_pos21.T",9904,0.000595033528848292
5.22952289890902e-05,"loc1481_pos30.T",9907,0.000507776138199993
5.22952289890902e-05,"loc1481_pos30.A",9908,0.000507776138199993
5.22952289890902e-05,"loc1481_pos55.T",9913,0.000465411827497354
5.22952289890902e-05,"loc1481_pos55.A",9914,0.000465411827497354
5.22952289890902e-05,"loc1481_pos107.A",9917,0.000320721118602261
5.22952289890902e-05,"loc1481_pos107.T",9918,0.000320721118602261
5.22952289890902e-05,"loc1481_pos110.A",9921,0.000389578064313239
5.22952289890902e-05,"loc1481_pos110.T",9922,0.000389578064313239
5.22952289890902e-05,"loc1481_pos128.A",9925,7.14555373320638e-05
5.22952289890902e-05,"loc1481_pos128.T",9926,7.14555373320637e-05
5.22952289890902e-05,"loc1483_pos13.A",9937,0.000316041430735203
5.22952289890902e-05,"loc1483_pos13.T",9938,0.000316041430735203
5.22952289890902e-05,"loc1483_pos35.A",9939,0.000598017419740092
5.22952289890902e-05,"loc1483_pos35.T",9940,0.000598017419740092
5.22952289890902e-05,"loc1483_pos43.A",9941,0.000316041430735203
5.22952289890902e-05,"loc1483_pos43.T",9942,0.000316041430735203
5.22952289890902e-05,"loc1486_pos85.A",9967,6.36317835925271e-05
5.22952289890902e-05,"loc1486_pos85.T",9968,6.36317835925271e-05
5.22952289890902e-05,"loc1490_pos112.T",9991,0.000178840926915709
5.22952289890902e-05,"loc1490_pos112.A",9992,0.000178840926915709
5.22952289890902e-05,"loc1490_pos113.T",9993,0.000178840926915709
5.22952289890902e-05,"loc1490_pos113.A",9994,0.000178840926915709
5.22952289890902e-05,"loc1490_pos127.A",9995,6.36193591717575e-05
5.22952289890902e-05,"loc1490_pos127.T",9996,6.36193591717575e-05
5.22952289890902e-05,"loc1490_pos132.T",9997,0.000178840926915709
5.22952289890902e-05,"loc1490_pos132.A",9998,0.000178840926915709
5.22952289890902e-05,"loc1491_pos56.A",9999,0.000215032648848688
5.22952289890902e-05,"loc1491_pos56.T",10000,0.000215032648848688
5.22952289890902e-05,"loc1494_pos21.A",10011,0.000175215183503599
5.22952289890902e-05,"loc1494_pos21.T",10012,0.000175215183503599
5.22952289890902e-05,"loc1494_pos68.A",10019,0.000175215183503599
5.22952289890902e-05,"loc1494_pos68.T",10020,0.000175215183503599
5.22952289890902e-05,"loc1494_pos99.A",10021,0.000175215183503599
5.22952289890902e-05,"loc1494_pos99.T",10022,0.000175215183503599
5.22952289890902e-05,"loc1500_pos103.A",10063,6.24085101130656e-05
5.22952289890902e-05,"loc1500_pos103.T",10064,6.24085101130656e-05
5.22952289890902e-05,"loc1504_pos154.A",10081,6.37476987227395e-05
5.22952289890902e-05,"loc1504_pos154.T",10082,6.37476987227394e-05
5.22952289890902e-05,"loc1505_pos34.A",10093,6.71324312183649e-05
5.22952289890902e-05,"loc1505_pos34.T",10094,6.71324312183649e-05
5.22952289890902e-05,"loc1506_pos37.A",10097,0.000378669115964419
5.22952289890902e-05,"loc1506_pos37.T",10098,0.000378669115964419
5.22952289890902e-05,"loc1507_pos36.A",10099,6.47969742386273e-05
5.22952289890902e-05,"loc1507_pos36.T",10100,6.47969742386273e-05
5.22952289890902e-05,"loc1508_pos76.A",10111,5.57523081002661e-05
5.22952289890902e-05,"loc1508_pos76.T",10112,5.57523081002661e-05
5.22952289890902e-05,"loc1509_pos153.A",10119,0.000324093847928443
5.22952289890902e-05,"loc1509_pos153.T",10120,0.000324093847928444
5.22952289890902e-05,"loc1509_pos164.A",10121,0.000216932026606351
5.22952289890902e-05,"loc1509_pos164.T",10122,0.000216932026606351
5.22952289890902e-05,"loc1509_pos176.A",10125,0.00110937318556041
5.22952289890902e-05,"loc1509_pos176.T",10126,0.00110937318556041
5.22952289890902e-05,"loc1509_pos179.T",10127,0.00110937318556041
5.22952289890902e-05,"loc1509_pos179.A",10128,0.00110937318556041
5.22952289890902e-05,"loc1509_pos198.A",10131,0.00174461812097562
5.22952289890902e-05,"loc1509_pos198.T",10132,0.00174461812097562
5.22952289890902e-05,"loc1509_pos217.A",10133,0.000103679273297875
5.22952289890902e-05,"loc1509_pos217.T",10134,0.000103679273297875
5.22952289890902e-05,"loc1509_pos219.A",10137,0.00100717205870092
5.22952289890902e-05,"loc1509_pos219.T",10138,0.00100717205870092
5.22952289890902e-05,"loc1514_pos91.A",10157,0.000538025593596049
5.22952289890902e-05,"loc1514_pos91.T",10158,0.000538025593596049
5.22952289890902e-05,"loc1515_pos30.A",10165,0.000107788568215463
5.22952289890902e-05,"loc1515_pos30.T",10166,0.000107788568215463
5.22952289890902e-05,"loc1515_pos92.T",10169,0.000130012987901331
5.22952289890902e-05,"loc1515_pos92.A",10170,0.000130012987901331
5.22952289890902e-05,"loc1515_pos93.A",10171,0.000107788568215463
5.22952289890902e-05,"loc1515_pos93.T",10172,0.000107788568215463
5.22952289890902e-05,"loc1515_pos121.A",10175,0.000107788568215463
5.22952289890902e-05,"loc1515_pos121.T",10176,0.000107788568215463
5.22952289890902e-05,"loc1515_pos136.A",10177,9.3448492298167e-05
5.22952289890902e-05,"loc1515_pos136.T",10178,9.3448492298167e-05
5.22952289890902e-05,"loc1518_pos84.A",10195,0.000302884747870304
5.22952289890902e-05,"loc1518_pos84.T",10196,0.000302884747870304
5.22952289890902e-05,"loc1519_pos171.A",10211,0.000554949614349377
5.22952289890902e-05,"loc1519_pos171.T",10212,0.000554949614349377
5.22952289890902e-05,"loc1519_pos173.A",10213,0.00125936292399146
5.22952289890902e-05,"loc1519_pos173.T",10214,0.00125936292399146
5.22952289890902e-05,"loc1519_pos191.A",10219,8.41871821151901e-05
5.22952289890902e-05,"loc1519_pos191.T",10220,8.418718211519e-05
5.22952289890902e-05,"loc1519_pos199.A",10221,9.93714696137738e-05
5.22952289890902e-05,"loc1519_pos199.T",10222,9.93714696137739e-05
5.22952289890902e-05,"loc1519_pos207.A",10223,0.00124844158158574
5.22952289890902e-05,"loc1519_pos207.T",10224,0.00124844158158574
5.22952289890902e-05,"loc1519_pos227.A",10227,0.000177406383775672
5.22952289890902e-05,"loc1519_pos227.T",10228,0.000177406383775672
5.22952289890902e-05,"loc1520_pos46.A",10229,0.000116618695158112
5.22952289890902e-05,"loc1520_pos46.T",10230,0.000116618695158112
5.22952289890902e-05,"loc1520_pos114.A",10231,0.000840640227669523
5.22952289890902e-05,"loc1520_pos114.T",10232,0.000840640227669523
5.22952289890902e-05,"loc1521_pos118.A",10245,0.000160391536755034
5.22952289890902e-05,"loc1521_pos118.T",10246,0.000160391536755035
5.22952289890902e-05,"loc1525_pos18.A",10259,0.000373176811097689
5.22952289890902e-05,"loc1525_pos18.T",10260,0.000373176811097689
5.22952289890902e-05,"loc1525_pos69.A",10263,0.000373176811097689
5.22952289890902e-05,"loc1525_pos69.T",10264,0.000373176811097689
5.22952289890902e-05,"loc1529_pos74.A",10281,0.000464233479445176
5.22952289890902e-05,"loc1529_pos74.T",10282,0.000464233479445176
5.22952289890902e-05,"loc1529_pos91.A",10283,0.000464233479445176
5.22952289890902e-05,"loc1529_pos91.T",10284,0.000464233479445176
5.22952289890902e-05,"loc1536_pos64.A",10299,0.00013332124883701
5.22952289890902e-05,"loc1536_pos64.T",10300,0.00013332124883701
5.22952289890902e-05,"loc1537_pos38.A",10309,6.28629594101928e-05
5.22952289890902e-05,"loc1537_pos38.T",10310,6.28629594101928e-05
5.22952289890902e-05,"loc1539_pos89.A",10321,0.000122614239941598
5.22952289890902e-05,"loc1539_pos89.T",10322,0.000122614239941598
5.22952289890902e-05,"loc1539_pos99.A",10323,0.000284511292997355
5.22952289890902e-05,"loc1539_pos99.T",10324,0.000284511292997355
5.22952289890902e-05,"loc1539_pos111.A",10325,0.000233582739150614
5.22952289890902e-05,"loc1539_pos111.T",10326,0.000233582739150614
5.22952289890902e-05,"loc1543_pos9.A",10335,0.000494622501203746
5.22952289890902e-05,"loc1543_pos9.T",10336,0.000494622501203746
5.22952289890902e-05,"loc1544_pos24.T",10341,0.00120093876844608
5.22952289890902e-05,"loc1544_pos24.A",10342,0.00120093876844608
5.22952289890902e-05,"loc1544_pos38.A",10343,0.0014641180014556
5.22952289890902e-05,"loc1544_pos38.T",10344,0.0014641180014556
5.22952289890902e-05,"loc1544_pos44.T",10345,0.00120093876844608
5.22952289890902e-05,"loc1544_pos44.A",10346,0.00120093876844608
5.22952289890902e-05,"loc1544_pos48.A",10347,0.000513110156476312
5.22952289890902e-05,"loc1544_pos48.T",10348,0.000513110156476312
5.22952289890902e-05,"loc1544_pos84.A",10351,0.000927296581289004
5.22952289890902e-05,"loc1544_pos84.T",10352,0.000927296581289004
5.22952289890902e-05,"loc1545_pos70.A",10375,5.29413927471372e-05
5.22952289890902e-05,"loc1545_pos70.T",10376,5.29413927471372e-05
5.22952289890902e-05,"loc1545_pos76.A",10379,6.41834361388654e-05
5.22952289890902e-05,"loc1545_pos76.T",10380,6.41834361388654e-05
5.22952289890902e-05,"loc1546_pos56.A",10387,0.000386029459727799
5.22952289890902e-05,"loc1546_pos56.T",10388,0.000386029459727799
5.22952289890902e-05,"loc1548_pos13.A",10389,6.83826216906785e-05
5.22952289890902e-05,"loc1548_pos13.T",10390,6.83826216906786e-05
5.22952289890902e-05,"loc1548_pos36.A",10391,0.00321960959368176
5.22952289890902e-05,"loc1548_pos36.T",10392,0.00321960959368176
5.22952289890902e-05,"loc1550_pos8.A",10393,0.000424855816756783
5.22952289890902e-05,"loc1550_pos8.T",10394,0.000424855816756783
5.22952289890902e-05,"loc1550_pos63.A",10397,0.000468411675780826
5.22952289890902e-05,"loc1550_pos63.T",10398,0.000468411675780826
5.22952289890902e-05,"loc1550_pos113.A",10405,0.000468411675780826
5.22952289890902e-05,"loc1550_pos113.T",10406,0.000468411675780826
5.22952289890902e-05,"loc1552_pos13.A",10411,0.000428153846230005
5.22952289890902e-05,"loc1552_pos13.T",10412,0.000428153846230005
5.22952289890902e-05,"loc1552_pos38.A",10413,0.000113370268530236
5.22952289890902e-05,"loc1552_pos38.T",10414,0.000113370268530236
5.22952289890902e-05,"loc1554_pos14.A",10423,0.00011751080819114
5.22952289890902e-05,"loc1554_pos14.T",10424,0.00011751080819114
5.22952289890902e-05,"loc1554_pos67.A",10425,0.000251797871401288
5.22952289890902e-05,"loc1554_pos67.T",10426,0.000251797871401288
5.22952289890902e-05,"loc1558_pos8.T",10437,0.000300193939657815
5.22952289890902e-05,"loc1558_pos8.A",10438,0.000300193939657815
5.22952289890902e-05,"loc1559_pos37.T",10451,0.000300193939657815
5.22952289890902e-05,"loc1559_pos37.A",10452,0.000300193939657815
5.22952289890902e-05,"loc1559_pos41.A",10453,0.000349570072782182
5.22952289890902e-05,"loc1559_pos41.T",10454,0.000349570072782182
5.22952289890902e-05,"loc1559_pos117.T",10461,0.000300193939657815
5.22952289890902e-05,"loc1559_pos117.A",10462,0.000300193939657815
5.22952289890902e-05,"loc1560_pos69.A",10463,0.00025124757408346
5.22952289890902e-05,"loc1560_pos69.T",10464,0.00025124757408346
5.22952289890902e-05,"loc1561_pos167.A",10467,0.000519765874518561
5.22952289890902e-05,"loc1561_pos167.T",10468,0.000519765874518561
5.22952289890902e-05,"loc1564_pos130.A",10483,0.000109576492949378
5.22952289890902e-05,"loc1564_pos130.T",10484,0.000109576492949378
5.22952289890902e-05,"loc1566_pos121.A",10491,0.000131573673049458
5.22952289890902e-05,"loc1566_pos121.T",10492,0.000131573673049458
5.22952289890902e-05,"loc1568_pos126.T",10503,5.43075457446803e-05
5.22952289890902e-05,"loc1568_pos126.A",10504,5.43075457446803e-05
5.22952289890902e-05,"loc1569_pos7.A",10505,0.00153233592682532
5.22952289890902e-05,"loc1569_pos7.T",10506,0.00153233592682532
5.22952289890902e-05,"loc1570_pos19.A",10511,9.94302911181137e-05
5.22952289890902e-05,"loc1570_pos19.T",10512,9.94302911181137e-05
5.22952289890902e-05,"loc1570_pos75.A",10513,9.94302911181137e-05
5.22952289890902e-05,"loc1570_pos75.T",10514,9.94302911181137e-05
5.22952289890902e-05,"loc1574_pos44.A",10527,0.000134558263227208
5.22952289890902e-05,"loc1574_pos44.T",10528,0.000134558263227208
5.22952289890902e-05,"loc1584_pos48.A",10565,0.000375308421897775
5.22952289890902e-05,"loc1584_pos48.T",10566,0.000375308421897775
5.22952289890902e-05,"loc1584_pos53.T",10571,0.000361413256808542
5.22952289890902e-05,"loc1584_pos53.A",10572,0.000361413256808541
5.22952289890902e-05,"loc1584_pos101.A",10581,5.36621719986095e-05
5.22952289890902e-05,"loc1584_pos101.T",10582,5.36621719986095e-05
5.22952289890902e-05,"loc1584_pos125.T",10585,0.00085617184423688
5.22952289890902e-05,"loc1584_pos125.A",10586,0.00085617184423688
5.22952289890902e-05,"loc1585_pos9.A",10587,7.7814130387328e-05
5.22952289890902e-05,"loc1585_pos9.T",10588,7.7814130387328e-05
5.22952289890902e-05,"loc1585_pos99.A",10591,7.7814130387328e-05
5.22952289890902e-05,"loc1585_pos99.T",10592,7.7814130387328e-05
5.22952289890902e-05,"loc1585_pos105.A",10593,7.7814130387328e-05
5.22952289890902e-05,"loc1585_pos105.T",10594,7.7814130387328e-05
5.22952289890902e-05,"loc1588_pos26.A",10605,0.000124488810151156
5.22952289890902e-05,"loc1588_pos26.T",10606,0.000124488810151156
5.22952289890902e-05,"loc1588_pos40.A",10607,0.000376397347182284
5.22952289890902e-05,"loc1588_pos40.T",10608,0.000376397347182284
5.22952289890902e-05,"loc1588_pos104.A",10611,6.41104155246977e-05
5.22952289890902e-05,"loc1588_pos104.T",10612,6.41104155246976e-05
5.22952289890902e-05,"loc1588_pos109.A",10613,5.88348567708535e-05
5.22952289890902e-05,"loc1588_pos109.T",10614,5.88348567708535e-05
5.22952289890902e-05,"loc1589_pos10.A",10615,0.000167066828706833
5.22952289890902e-05,"loc1589_pos10.T",10616,0.000167066828706832
5.22952289890902e-05,"loc1589_pos11.T",10617,7.65958944915665e-05
5.22952289890902e-05,"loc1589_pos11.A",10618,7.65958944915665e-05
5.22952289890902e-05,"loc1589_pos77.A",10621,6.85151818015456e-05
5.22952289890902e-05,"loc1589_pos77.T",10622,6.85151818015454e-05
5.22952289890902e-05,"loc1598_pos48.A",10639,5.37921475455672e-05
5.22952289890902e-05,"loc1598_pos48.T",10640,5.37921475455671e-05
5.22952289890902e-05,"loc1598_pos87.T",10643,5.37921475455672e-05
5.22952289890902e-05,"loc1598_pos87.A",10644,5.37921475455671e-05
5.22952289890902e-05,"loc1600_pos83.A",10647,0.000180659414886295
5.22952289890902e-05,"loc1600_pos83.T",10648,0.000180659414886295
5.22952289890902e-05,"loc1607_pos95.A",10689,5.91873466548041e-05
5.22952289890902e-05,"loc1607_pos95.T",10690,5.91873466548041e-05
5.22952289890902e-05,"loc1608_pos10.A",10691,0.000104772769459265
5.22952289890902e-05,"loc1608_pos10.T",10692,0.000104772769459265
5.22952289890902e-05,"loc1608_pos48.A",10697,0.000848617085111345
5.22952289890902e-05,"loc1608_pos48.T",10698,0.000848617085111346
5.22952289890902e-05,"loc1608_pos81.A",10701,0.0015308888263595
5.22952289890902e-05,"loc1608_pos81.T",10702,0.0015308888263595
5.22952289890902e-05,"loc1608_pos108.A",10705,0.00026171961200761
5.22952289890902e-05,"loc1608_pos108.T",10706,0.00026171961200761
5.22952289890902e-05,"loc1608_pos123.A",10707,5.68199047153521e-05
5.22952289890902e-05,"loc1608_pos123.T",10708,5.68199047153521e-05
5.22952289890902e-05,"loc1610_pos32.A",10725,7.17180370301952e-05
5.22952289890902e-05,"loc1610_pos32.T",10726,7.17180370301952e-05
5.22952289890902e-05,"loc1611_pos26.A",10739,5.35733508373023e-05
5.22952289890902e-05,"loc1611_pos26.T",10740,5.35733508373023e-05
5.22952289890902e-05,"loc1611_pos89.A",10749,5.35733508373023e-05
5.22952289890902e-05,"loc1611_pos89.T",10750,5.35733508373023e-05
5.22952289890902e-05,"loc1611_pos103.A",10753,0.000112410640222389
5.22952289890902e-05,"loc1611_pos103.T",10754,0.000112410640222389
5.22952289890902e-05,"loc1611_pos113.A",10755,0.000135607650480518
5.22952289890902e-05,"loc1611_pos113.T",10756,0.000135607650480518
5.22952289890902e-05,"loc1611_pos126.A",10763,5.35733508373023e-05
5.22952289890902e-05,"loc1611_pos126.T",10764,5.35733508373023e-05
