    prob  log10(PO)   qval  alpha  fst
1  0.0914183 -0.997331 0.902474 -0.047319 0.11213 
2  0.10082 -0.95030 0.89673 0.028798 0.12113 
3  0.089218 -1.0090 0.90322 -0.039669 0.11280 
4  0.10542 -0.92869 0.89284 -0.038985 0.11363 
5  0.091218 -0.99838 0.90255 0.041852 0.12195 
6  0.090618 -1.0015 0.90278 -0.0051085 0.11666 
7  0.091618 -0.99629 0.90238 -0.034919 0.11356 
8  0.10282 -0.94080 0.89508 -0.049085 0.11278 
9  0.096419 -0.97180 0.89988 -0.039079 0.11311 
10  0.093019 -0.98903 0.90178 -0.047341 0.11237 
11  0.10222 -0.94363 0.89555 -0.050844 0.11221 
12  0.099020 -0.95899 0.89813 -0.043433 0.11282 
13  0.095019 -0.97883 0.90072 -0.049515 0.11240 
14  0.10602 -0.92593 0.89211 -0.019608 0.11608 
15  0.10062 -0.95126 0.89689 0.026816 0.12085 
16  0.080416 -1.0582 0.90490 -0.0090618 0.11500 
17  0.098020 -0.96388 0.89883 0.027645 0.12099 
18  0.093819 -0.98493 0.90138 -0.0037737 0.11656 
19  0.088818 -1.0111 0.90333 -0.014236 0.11570 
20  0.088218 -1.0143 0.90350 0.026916 0.12005 
21  0.093619 -0.98595 0.90149 0.029498 0.12114 
22  0.10262 -0.94174 0.89525 0.025857 0.12073 
23  0.082216 -1.0478 0.90464 -0.022920 0.11398 
24  0.10162 -0.94648 0.89603 0.033727 0.12209 
25  0.099620 -0.95608 0.89766 0.025365 0.12035 
26  0.10122 -0.94839 0.89640 0.023084 0.12074 
27  0.10302 -0.93986 0.89492 0.029076 0.12120 
28  0.085017 -1.0319 0.90425 -0.031895 0.11325 
29  0.10422 -0.93425 0.89394 0.039359 0.12309 
30  0.086217 -1.0252 0.90401 -0.018863 0.11489 
31  0.094819 -0.97984 0.90082 -0.0096206 0.11578 
32  0.097019 -0.96882 0.89950 -0.038480 0.11293 
33  0.092018 -0.99420 0.90223 0.011285 0.11862 
34  0.089618 -1.0068 0.90310 0.038336 0.12263 
35  0.10342 -0.93798 0.89461 -0.055086 0.11196 
36  0.084017 -1.0375 0.90439 0.0087682 0.11737 
37  0.084417 -1.0353 0.90435 -0.012507 0.11504 
38  0.093219 -0.98800 0.90169 0.0086381 0.11826 
39  0.097019 -0.96882 0.89950 0.028577 0.12111 
40  0.097620 -0.96585 0.89911 0.030650 0.12147 
41  0.10042 -0.95222 0.89704 -0.059787 0.11170 
42  0.094819 -0.97984 0.90082 0.021352 0.11990 
43  0.095819 -0.97480 0.90026 -0.048052 0.11231 
44  0.099420 -0.95705 0.89783 0.022412 0.12030 
45  0.096019 -0.97380 0.90014 0.027131 0.12121 
46  0.088218 -1.0143 0.90350 0.049738 0.12283 
47  0.092819 -0.99006 0.90187 0.029394 0.12084 
48  0.094619 -0.98085 0.90094 -0.035779 0.11395 
49  0.093219 -0.98800 0.90169 0.014917 0.11931 
50  0.10022 -0.95318 0.89722 0.025559 0.12077 
51  0.094419 -0.98187 0.90108 0.031434 0.12150 
52  0.080816 -1.0559 0.90485 -0.0045301 0.11601 
53  0.10162 -0.94648 0.89603 0.024732 0.12098 
54  0.070614 -1.1193 0.90566 -0.0053167 0.11518 
55  0.10262 -0.94174 0.89525 0.034970 0.12170 
56  0.094619 -0.98085 0.90094 0.027465 0.12109 
57  0.084617 -1.0341 0.90431 -0.038713 0.11267 
58  0.094419 -0.98187 0.90108 -0.024191 0.11473 
59  0.088818 -1.0111 0.90333 -0.023256 0.11432 
60  0.086817 -1.0220 0.90389 -0.0089884 0.11571 
61  0.071614 -1.1127 0.90561 -0.0096323 0.11465 
62  0.092218 -0.99316 0.90215 -0.044474 0.11261 
63  0.092018 -0.99420 0.90223 0.030276 0.12065 
64  0.093219 -0.98800 0.90169 0.026990 0.12045 
65  0.10262 -0.94174 0.89525 0.025102 0.12078 
66  0.098420 -0.96192 0.89852 0.022589 0.11954 
67  0.093619 -0.98595 0.90149 0.016503 0.11906 
68  0.091018 -0.99943 0.90263 0.028764 0.12097 
69  0.086617 -1.0230 0.90393 0.029661 0.12072 
70  0.10802 -0.91684 0.89046 0.031289 0.12225 
71  0.096219 -0.97280 0.90004 -0.023507 0.11477 
72  0.097019 -0.96882 0.89950 0.023714 0.12029 
73  0.099420 -0.95705 0.89783 -0.037202 0.11370 
74  0.090018 -1.0047 0.90299 -0.027200 0.11452 
75  0.092619 -0.99109 0.90196 0.024315 0.12048 
76  0.092218 -0.99316 0.90215 0.021679 0.12008 
77  0.094419 -0.98187 0.90108 0.024104 0.12023 
78  0.10242 -0.94269 0.89538 0.027389 0.12099 
79  0.096419 -0.97180 0.89988 0.021014 0.11985 
80  0.089018 -1.0100 0.90328 -0.0067034 0.11656 
81  0.10002 -0.95415 0.89736 0.021642 0.12056 
82  0.090618 -1.0015 0.90278 -0.0060151 0.11625 
83  0.095419 -0.97681 0.90050 0.016777 0.11919 
84  0.089218 -1.0090 0.90322 0.026239 0.12042 
85  0.097019 -0.96882 0.89950 -0.051674 0.11220 
86  0.097820 -0.96487 0.89896 -0.044031 0.11293 
87  0.094419 -0.98187 0.90108 -0.052889 0.11207 
88  0.095219 -0.97782 0.90061 0.032699 0.12139 
89  0.10842 -0.91504 0.88994 0.024212 0.12091 
90  0.099420 -0.95705 0.89783 0.025809 0.12080 
91  0.094419 -0.98187 0.90108 -0.038540 0.11313 
92  0.088818 -1.0111 0.90333 -0.0036128 0.11686 
93  0.095619 -0.97581 0.90038 0.031037 0.12080 
94  0.095219 -0.97782 0.90061 0.027204 0.12072 
95  0.099220 -0.95802 0.89798 -0.036761 0.11369 
96  0.089818 -1.0058 0.90305 -0.016069 0.11523 
97  0.096219 -0.97280 0.90004 0.028966 0.12119 
98  0.095819 -0.97480 0.90026 0.033956 0.12158 
99  0.086617 -1.0230 0.90393 -0.031240 0.11355 
100  0.087217 -1.0198 0.90376 -0.027355 0.11367 
101  0.097419 -0.96684 0.89922 -0.045893 0.11252 
102  0.094019 -0.98390 0.90128 -0.029237 0.11393 
103  0.10542 -0.92869 0.89284 0.025746 0.12078 
104  0.087417 -1.0187 0.90369 -0.041346 0.11268 
105  0.088018 -1.0154 0.90355 -0.040990 0.11278 
106  0.095219 -0.97782 0.90061 -0.039358 0.11333 
107  0.090018 -1.0047 0.90299 -0.045663 0.11259 
108  0.092218 -0.99316 0.90215 0.031393 0.12174 
109  0.093819 -0.98493 0.90138 -0.038663 0.11353 
110  0.095819 -0.97480 0.90026 0.027076 0.12048 
111  0.10442 -0.93332 0.89373 0.025639 0.12090 
112  0.10082 -0.95030 0.89673 0.022118 0.12041 
113  0.10082 -0.95030 0.89673 -0.055912 0.11192 
114  0.094219 -0.98289 0.90117 0.024812 0.12038 
115  0.075615 -1.0872 0.90539 -0.011781 0.11483 
116  0.092218 -0.99316 0.90215 0.022445 0.12003 
117  0.099220 -0.95802 0.89798 0.028603 0.12109 
118  0.073615 -1.0998 0.90552 -0.0083872 0.11498 
119  0.10182 -0.94553 0.89586 0.024614 0.12096 
120  0.096619 -0.97081 0.89977 -0.015860 0.11585 
121  0.093819 -0.98493 0.90138 0.019499 0.11920 
122  0.090818 -1.0005 0.90271 -0.034720 0.11346 
123  0.088618 -1.0122 0.90342 -0.037002 0.11311 
124  0.085217 -1.0308 0.90422 -0.028380 0.11365 
125  0.092619 -0.99109 0.90196 -0.041700 0.11266 
126  0.10442 -0.93332 0.89373 0.037131 0.12246 
127  0.099220 -0.95802 0.89798 -0.055305 0.11187 
128  0.093419 -0.98697 0.90159 0.021811 0.11971 
129  0.097219 -0.96783 0.89936 -0.012945 0.11574 
130  0.097019 -0.96882 0.89950 -0.041864 0.11271 
131  0.088618 -1.0122 0.90342 -0.034567 0.11322 
132  0.092619 -0.99109 0.90196 0.022834 0.12023 
133  0.10442 -0.93332 0.89373 0.031293 0.12185 
134  0.10042 -0.95222 0.89704 0.028527 0.12129 
135  0.095819 -0.97480 0.90026 -0.031545 0.11397 
136  0.097620 -0.96585 0.89911 -0.053533 0.11193 
137  0.10562 -0.92777 0.89256 0.025861 0.12125 
138  0.082016 -1.0489 0.90467 -0.019541 0.11498 
139  0.091018 -0.99943 0.90263 -0.0070896 0.11679 
140  0.10062 -0.95126 0.89689 0.029472 0.12167 
141  0.093819 -0.98493 0.90138 0.018475 0.11960 
142  0.088218 -1.0143 0.90350 -0.045115 0.11230 
143  0.095619 -0.97581 0.90038 -0.051219 0.11201 
144  0.095819 -0.97480 0.90026 0.026548 0.12072 
145  0.098820 -0.95997 0.89826 0.031535 0.12154 
146  0.088018 -1.0154 0.90355 -0.022804 0.11443 
147  0.10302 -0.93986 0.89492 0.024966 0.12051 
148  0.10222 -0.94363 0.89555 0.026294 0.12100 
149  0.080816 -1.0559 0.90485 -0.014033 0.11502 
150  0.089818 -1.0058 0.90305 -0.030514 0.11360 
151  0.095419 -0.97681 0.90050 0.039626 0.12243 
152  0.090818 -1.0005 0.90271 -0.031733 0.11352 
153  0.093419 -0.98697 0.90159 0.016538 0.11955 
154  0.098420 -0.96192 0.89852 0.030583 0.12139 
155  0.098420 -0.96192 0.89852 -0.030075 0.11409 
156  0.10242 -0.94269 0.89538 -0.042321 0.11312 
157  0.096419 -0.97180 0.89988 -0.046210 0.11254 
158  0.093619 -0.98595 0.90149 -0.030173 0.11417 
159  0.099820 -0.95511 0.89751 0.023726 0.12055 
160  0.082817 -1.0443 0.90455 -0.0026137 0.11589 
161  0.092218 -0.99316 0.90215 -0.034784 0.11375 
162  0.094819 -0.97984 0.90082 -0.025633 0.11473 
163  0.094819 -0.97984 0.90082 -0.033802 0.11367 
164  0.092018 -0.99420 0.90223 0.024922 0.12017 
165  0.091818 -0.99524 0.90230 -0.027226 0.11417 
166  0.093219 -0.98800 0.90169 -0.020598 0.11492 
167  0.092018 -0.99420 0.90223 -0.015030 0.11554 
168  0.099820 -0.95511 0.89751 -0.032075 0.11414 
169  0.091218 -0.99838 0.90255 0.024665 0.12013 
170  0.095819 -0.97480 0.90026 -0.047421 0.11245 
171  0.089418 -1.0079 0.90316 0.016439 0.11918 
172  0.098220 -0.96290 0.89868 -0.032247 0.11358 
173  0.10222 -0.94363 0.89555 0.024378 0.12080 
174  0.096419 -0.97180 0.89988 0.032112 0.12168 
175  0.089818 -1.0058 0.90305 0.017950 0.11931 
176  0.098020 -0.96388 0.89883 0.026424 0.12055 
177  0.10962 -0.90968 0.88889 0.032084 0.12178 
178  0.10042 -0.95222 0.89704 0.027213 0.12084 
179  0.093019 -0.98903 0.90178 0.019710 0.11963 
180  0.10162 -0.94648 0.89603 0.023883 0.12042 
181  0.10102 -0.94934 0.89659 0.024342 0.12081 
182  0.099020 -0.95899 0.89813 0.026855 0.12067 
183  0.10422 -0.93425 0.89394 0.029434 0.12115 
184  0.099020 -0.95899 0.89813 0.020194 0.12013 
185  0.082416 -1.0466 0.90462 -0.011208 0.11521 
186  0.090018 -1.0047 0.90299 0.031996 0.12136 
187  0.097620 -0.96585 0.89911 0.034782 0.12245 
188  0.10682 -0.92228 0.89154 0.032823 0.12221 
189  0.096019 -0.97380 0.90014 0.042162 0.12268 
190  0.091018 -0.99943 0.90263 -0.033936 0.11372 
191  0.098820 -0.95997 0.89826 0.027195 0.12080 
192  0.10962 -0.90968 0.88889 0.028698 0.12142 
193  0.10902 -0.91235 0.88950 0.038400 0.12238 
194  0.087017 -1.0209 0.90383 -0.032378 0.11332 
195  0.10342 -0.93798 0.89461 0.035202 0.12201 
196  0.094019 -0.98390 0.90128 0.030156 0.12107 
197  0.10102 -0.94934 0.89659 0.032240 0.12150 
198  0.091218 -0.99838 0.90255 0.030235 0.12065 
199  0.097620 -0.96585 0.89911 -0.0079612 0.11692 
200  0.097019 -0.96882 0.89950 -0.031584 0.11375 
201  0.099620 -0.95608 0.89766 0.027362 0.12112 
202  0.071414 -1.1140 0.90562 -0.0059958 0.11534 
203  0.098020 -0.96388 0.89883 0.031682 0.12129 
204  0.089018 -1.0100 0.90328 -0.044271 0.11222 
205  0.093219 -0.98800 0.90169 -0.046393 0.11243 
206  0.097019 -0.96882 0.89950 0.028296 0.12155 
207  0.097419 -0.96684 0.89922 0.033262 0.12162 
208  0.10322 -0.93892 0.89479 -0.043115 0.11300 
209  0.10062 -0.95126 0.89689 0.025926 0.12054 
210  0.10542 -0.92869 0.89284 0.031421 0.12166 
211  0.099420 -0.95705 0.89783 0.027914 0.12085 
212  0.10322 -0.93892 0.89479 0.023271 0.12097 
213  0.095619 -0.97581 0.90038 0.026713 0.12097 
214  0.096819 -0.96981 0.89964 0.025719 0.12039 
215  0.091418 -0.99733 0.90247 0.030101 0.12068 
216  0.089218 -1.0090 0.90322 -0.042042 0.11256 
217  0.089218 -1.0090 0.90322 -0.040777 0.11276 
218  0.097219 -0.96783 0.89936 -0.054399 0.11214 
219  0.092018 -0.99420 0.90223 -0.050727 0.11186 
220  0.094219 -0.98289 0.90117 -0.050800 0.11222 
221  0.093819 -0.98493 0.90138 -0.038813 0.11312 
222  0.096819 -0.96981 0.89964 0.033048 0.12170 
223  0.097019 -0.96882 0.89950 0.030942 0.12125 
224  0.097620 -0.96585 0.89911 0.031585 0.12146 
225  0.090618 -1.0015 0.90278 0.036287 0.12192 
226  0.097219 -0.96783 0.89936 0.034587 0.12170 
227  0.096819 -0.96981 0.89964 0.018408 0.12039 
228  0.10062 -0.95126 0.89689 0.027964 0.12085 
229  0.10702 -0.92137 0.89131 0.032071 0.12231 
230  0.082817 -1.0443 0.90455 -0.019652 0.11443 
231  0.084017 -1.0375 0.90439 -0.018810 0.11469 
232  0.096619 -0.97081 0.89977 -0.019842 0.11525 
233  0.094619 -0.98085 0.90094 -0.022605 0.11504 
234  0.097419 -0.96684 0.89922 -0.019410 0.11548 
235  0.095619 -0.97581 0.90038 0.030162 0.12121 
236  0.093819 -0.98493 0.90138 0.034084 0.12092 
237  0.069014 -1.1300 0.90571 -0.0017151 0.11537 
238  0.075815 -1.0860 0.90537 -0.0088080 0.11500 
239  0.069014 -1.1300 0.90571 -0.0092391 0.11460 
240  0.10162 -0.94648 0.89603 0.032744 0.12204 
241  0.097419 -0.96684 0.89922 0.028897 0.12088 
242  0.093219 -0.98800 0.90169 -0.014754 0.11519 
243  0.094419 -0.98187 0.90108 -0.0069658 0.11680 
244  0.073215 -1.1024 0.90555 -0.016778 0.11404 
245  0.096619 -0.97081 0.89977 -0.021645 0.11517 
246  0.092218 -0.99316 0.90215 -0.0086734 0.11651 
247  0.093819 -0.98493 0.90138 0.025668 0.12068 
248  0.095619 -0.97581 0.90038 -0.014447 0.11553 
249  0.095419 -0.97681 0.90050 0.030341 0.12137 
250  0.094019 -0.98390 0.90128 0.019140 0.11953 
251  0.099420 -0.95705 0.89783 0.019951 0.12017 
252  0.10542 -0.92869 0.89284 0.028227 0.12093 
253  0.094419 -0.98187 0.90108 -0.027488 0.11434 
254  0.10022 -0.95318 0.89722 -0.051601 0.11217 
255  0.10182 -0.94553 0.89586 0.033178 0.12186 
256  0.099420 -0.95705 0.89783 0.018093 0.11991 
257  0.083417 -1.0409 0.90447 -0.024296 0.11395 
258  0.10082 -0.95030 0.89673 -0.054259 0.11208 
259  0.10422 -0.93425 0.89394 0.035895 0.12231 
260  0.093419 -0.98697 0.90159 0.028040 0.12097 
261  0.079416 -1.0642 0.90503 -0.014242 0.11461 
262  0.095019 -0.97883 0.90072 0.021423 0.12038 
263  0.097620 -0.96585 0.89911 -0.033296 0.11387 
264  0.095419 -0.97681 0.90050 0.027812 0.12050 
265  0.10242 -0.94269 0.89538 0.029213 0.12163 
266  0.10182 -0.94553 0.89586 0.029268 0.12162 
267  0.088418 -1.0133 0.90345 -0.027001 0.11391 
268  0.096619 -0.97081 0.89977 0.033093 0.12153 
269  0.096219 -0.97280 0.90004 -0.012127 0.11622 
270  0.094019 -0.98390 0.90128 -0.014422 0.11562 
271  0.086817 -1.0220 0.90389 -0.018554 0.11505 
272  0.096219 -0.97280 0.90004 -0.0092495 0.11612 
273  0.10162 -0.94648 0.89603 0.031527 0.12173 
274  0.089618 -1.0068 0.90310 -0.015447 0.11564 
275  0.093419 -0.98697 0.90159 -0.021557 0.11515 
276  0.095419 -0.97681 0.90050 -0.016260 0.11585 
277  0.095619 -0.97581 0.90038 0.020761 0.12022 
278  0.093819 -0.98493 0.90138 -0.028800 0.11433 
279  0.10142 -0.94743 0.89618 -0.031066 0.11427 
280  0.095619 -0.97581 0.90038 -0.035928 0.11341 
281  0.098020 -0.96388 0.89883 -0.044088 0.11291 
282  0.094219 -0.98289 0.90117 -0.037141 0.11335 
283  0.090018 -1.0047 0.90299 -0.039776 0.11288 
284  0.090818 -1.0005 0.90271 -0.040133 0.11287 
285  0.10042 -0.95222 0.89704 0.022287 0.12011 
286  0.092018 -0.99420 0.90223 0.020767 0.12014 
287  0.094019 -0.98390 0.90128 -0.041155 0.11307 
288  0.097419 -0.96684 0.89922 0.033019 0.12173 
289  0.097019 -0.96882 0.89950 -0.050309 0.11219 
290  0.091218 -0.99838 0.90255 0.022261 0.11987 
291  0.094419 -0.98187 0.90108 -0.033819 0.11373 
292  0.093219 -0.98800 0.90169 0.018687 0.11949 
293  0.098820 -0.95997 0.89826 -0.040476 0.11332 
294  0.10122 -0.94839 0.89640 0.023971 0.12064 
295  0.098220 -0.96290 0.89868 0.034535 0.12174 
296  0.091418 -0.99733 0.90247 0.022429 0.11997 
297  0.094219 -0.98289 0.90117 0.011779 0.11867 
298  0.098220 -0.96290 0.89868 0.029999 0.12090 
299  0.092218 -0.99316 0.90215 0.016267 0.11929 
300  0.093219 -0.98800 0.90169 0.027784 0.12085 
301  0.093419 -0.98697 0.90159 0.024812 0.12037 
302  0.089818 -1.0058 0.90305 -0.0058400 0.11653 
303  0.088418 -1.0133 0.90345 0.018366 0.11957 
304  0.085617 -1.0286 0.90416 0.015926 0.11917 
305  0.091818 -0.99524 0.90230 -0.010724 0.11601 
306  0.10062 -0.95126 0.89689 0.029752 0.12108 
307  0.096219 -0.97280 0.90004 -0.012347 0.11622 
308  0.094419 -0.98187 0.90108 0.021019 0.12022 
309  0.10642 -0.92410 0.89184 0.033532 0.12175 
310  0.098620 -0.96094 0.89838 0.020052 0.12019 
311  0.086417 -1.0241 0.90397 -0.025705 0.11375 
312  0.098820 -0.95997 0.89826 0.028056 0.12094 
313  0.092619 -0.99109 0.90196 -0.015109 0.11578 
314  0.10942 -0.91057 0.88901 0.037272 0.12267 
315  0.10282 -0.94080 0.89508 -0.053286 0.11220 
316  0.092418 -0.99213 0.90206 -0.013175 0.11601 
317  0.10162 -0.94648 0.89603 0.030494 0.12154 
318  0.095819 -0.97480 0.90026 -0.0070893 0.11643 
319  0.095419 -0.97681 0.90050 -0.032428 0.11332 
320  0.097820 -0.96487 0.89896 -0.039018 0.11311 
321  0.096819 -0.96981 0.89964 0.018725 0.11968 
322  0.10702 -0.92137 0.89131 0.026936 0.12110 
323  0.098420 -0.96192 0.89852 -0.030849 0.11423 
324  0.096819 -0.96981 0.89964 -0.011166 0.11627 
325  0.095019 -0.97883 0.90072 0.018927 0.11927 
326  0.10422 -0.93425 0.89394 -0.046228 0.11306 
327  0.090818 -1.0005 0.90271 -0.0054850 0.11678 
328  0.10142 -0.94743 0.89618 -0.033736 0.11393 
329  0.10262 -0.94174 0.89525 0.024875 0.12076 
330  0.092619 -0.99109 0.90196 0.030395 0.12109 
331  0.099820 -0.95511 0.89751 0.030943 0.12143 
332  0.090218 -1.0036 0.90291 0.044268 0.12213 
333  0.091218 -0.99838 0.90255 0.024226 0.12078 
334  0.089218 -1.0090 0.90322 0.036410 0.12118 
335  0.087217 -1.0198 0.90376 -0.028435 0.11363 
336  0.090018 -1.0047 0.90299 -0.013894 0.11552 
337  0.10362 -0.93705 0.89452 0.031164 0.12197 
338  0.092619 -0.99109 0.90196 0.025420 0.12087 
339  0.096019 -0.97380 0.90014 -0.035666 0.11362 
340  0.10082 -0.95030 0.89673 -0.018178 0.11564 
341  0.084417 -1.0353 0.90435 -0.0082779 0.11578 
342  0.093419 -0.98697 0.90159 0.022592 0.11985 
343  0.091818 -0.99524 0.90230 -0.043891 0.11259 
344  0.097620 -0.96585 0.89911 0.028887 0.12125 
345  0.092819 -0.99006 0.90187 -0.036189 0.11353 
346  0.092018 -0.99420 0.90223 -0.040515 0.11310 
347  0.086617 -1.0230 0.90393 -0.026066 0.11384 
348  0.088618 -1.0122 0.90342 -0.029860 0.11386 
349  0.087217 -1.0198 0.90376 -0.023741 0.11409 
350  0.093619 -0.98595 0.90149 -0.047380 0.11243 
351  0.094219 -0.98289 0.90117 0.025946 0.12051 
352  0.094819 -0.97984 0.90082 -0.047550 0.11227 
353  0.089418 -1.0079 0.90316 -0.012188 0.11561 
354  0.086217 -1.0252 0.90401 -0.032633 0.11333 
355  0.094419 -0.98187 0.90108 0.030814 0.12125 
356  0.099220 -0.95802 0.89798 0.036025 0.12224 
357  0.092819 -0.99006 0.90187 0.027036 0.12035 
358  0.096219 -0.97280 0.90004 0.029089 0.12122 
359  0.098420 -0.96192 0.89852 0.033053 0.12180 
360  0.10402 -0.93518 0.89414 0.027961 0.12117 
361  0.094419 -0.98187 0.90108 0.022685 0.12060 
362  0.091618 -0.99629 0.90238 -0.012707 0.11577 
363  0.098620 -0.96094 0.89838 -0.054314 0.11174 
364  0.096219 -0.97280 0.90004 -0.029466 0.11446 
365  0.079616 -1.0630 0.90500 -0.0014295 0.11607 
366  0.079816 -1.0618 0.90497 0.0022410 0.11640 
367  0.086817 -1.0220 0.90389 -0.015302 0.11490 
368  0.10102 -0.94934 0.89659 -0.022274 0.11506 
369  0.10042 -0.95222 0.89704 0.028177 0.12134 
370  0.093019 -0.98903 0.90178 -0.053673 0.11179 
371  0.10262 -0.94174 0.89525 0.024940 0.12121 
372  0.076615 -1.0811 0.90530 0.010515 0.11726 
373  0.098420 -0.96192 0.89852 0.022644 0.12050 
374  0.10082 -0.95030 0.89673 0.020903 0.12025 
375  0.093819 -0.98493 0.90138 0.021247 0.11997 
376  0.079216 -1.0653 0.90506 0.031248 0.11960 
377  0.096619 -0.97081 0.89977 0.024800 0.12036 
378  0.093019 -0.98903 0.90178 0.024415 0.12038 
379  0.094819 -0.97984 0.90082 0.024190 0.12021 
380  0.10562 -0.92777 0.89256 0.027652 0.12111 
381  0.088418 -1.0133 0.90345 0.047576 0.12192 
382  0.095019 -0.97883 0.90072 0.024387 0.12050 
383  0.095819 -0.97480 0.90026 0.032295 0.12173 
384  0.10062 -0.95126 0.89689 0.024851 0.12070 
385  0.10162 -0.94648 0.89603 0.025869 0.12091 
386  0.10122 -0.94839 0.89640 0.041617 0.12277 
387  0.097219 -0.96783 0.89936 0.027656 0.12116 
388  0.093219 -0.98800 0.90169 0.028170 0.12120 
389  0.094219 -0.98289 0.90117 0.026392 0.12072 
390  0.096019 -0.97380 0.90014 0.030491 0.12142 
391  0.094219 -0.98289 0.90117 0.025934 0.12045 
392  0.095219 -0.97782 0.90061 0.019533 0.12011 
393  0.094219 -0.98289 0.90117 0.024498 0.12046 
394  0.097019 -0.96882 0.89950 0.015950 0.11924 
395  0.090218 -1.0036 0.90291 0.018634 0.11970 
396  0.086617 -1.0230 0.90393 -0.030661 0.11388 
397  0.096019 -0.97380 0.90014 0.022326 0.12030 
398  0.093619 -0.98595 0.90149 -0.038412 0.11294 
399  0.095419 -0.97681 0.90050 -0.028160 0.11426 
400  0.087618 -1.0176 0.90364 -0.033089 0.11342 
401  0.096619 -0.97081 0.89977 -0.031708 0.11391 
402  0.098220 -0.96290 0.89868 -0.051158 0.11213 
403  0.10182 -0.94553 0.89586 0.026795 0.12106 
404  0.096819 -0.96981 0.89964 -0.039362 0.11309 
405  0.088818 -1.0111 0.90333 0.028574 0.12066 
406  0.090818 -1.0005 0.90271 -0.0090070 0.11618 
407  0.088218 -1.0143 0.90350 0.015788 0.11926 
408  0.099020 -0.95899 0.89813 0.018836 0.12013 
409  0.092819 -0.99006 0.90187 0.020984 0.11996 
410  0.10342 -0.93798 0.89461 0.029770 0.12142 
411  0.098020 -0.96388 0.89883 0.035578 0.12211 
412  0.094819 -0.97984 0.90082 -0.011582 0.11636 
413  0.094819 -0.97984 0.90082 -0.0032049 0.11710 
414  0.093819 -0.98493 0.90138 -0.030643 0.11394 
415  0.085217 -1.0308 0.90422 -0.037980 0.11313 
416  0.090218 -1.0036 0.90291 -0.037155 0.11350 
417  0.080616 -1.0571 0.90486 -0.0054956 0.11559 
418  0.10202 -0.94458 0.89565 0.014732 0.11920 
419  0.097019 -0.96882 0.89950 0.028736 0.12132 
420  0.10282 -0.94080 0.89508 -0.045943 0.11310 
421  0.095219 -0.97782 0.90061 0.023096 0.11999 
422  0.088018 -1.0154 0.90355 0.022063 0.11983 
423  0.10282 -0.94080 0.89508 0.024780 0.12079 
424  0.094819 -0.97984 0.90082 -0.043173 0.11313 
425  0.10082 -0.95030 0.89673 -0.034290 0.11400 
426  0.096019 -0.97380 0.90014 -0.034511 0.11394 
427  0.078416 -1.0701 0.90514 -0.013885 0.11476 
428  0.086817 -1.0220 0.90389 0.016997 0.11887 
429  0.090818 -1.0005 0.90271 -0.017647 0.11543 
430  0.098220 -0.96290 0.89868 0.027259 0.12098 
431  0.092418 -0.99213 0.90206 0.025134 0.12070 
432  0.068014 -1.1368 0.90573 0.0018667 0.11590 
433  0.094819 -0.97984 0.90082 -0.0042436 0.11709 
434  0.10302 -0.93986 0.89492 -0.045559 0.11265 
435  0.098420 -0.96192 0.89852 -0.0080918 0.11680 
436  0.096219 -0.97280 0.90004 -0.022743 0.11519 
437  0.067814 -1.1382 0.90574 0.0027128 0.11625 
438  0.094619 -0.98085 0.90094 -0.028517 0.11439 
439  0.094619 -0.98085 0.90094 -0.042812 0.11321 
440  0.075215 -1.0897 0.90541 -0.0016419 0.11558 
441  0.089418 -1.0079 0.90316 0.021115 0.11994 
442  0.10702 -0.92137 0.89131 0.032758 0.12215 
443  0.096219 -0.97280 0.90004 -0.040725 0.11292 
444  0.094619 -0.98085 0.90094 0.032573 0.12158 
445  0.091418 -0.99733 0.90247 -0.046988 0.11237 
446  0.10202 -0.94458 0.89565 0.027311 0.12108 
447  0.093219 -0.98800 0.90169 -0.039943 0.11328 
448  0.10142 -0.94743 0.89618 0.020058 0.12013 
449  0.094619 -0.98085 0.90094 -0.013614 0.11620 
450  0.078216 -1.0713 0.90517 -0.019491 0.11422 
451  0.092418 -0.99213 0.90206 -0.035277 0.11358 
452  0.069814 -1.1246 0.90568 -0.014709 0.11416 
453  0.10662 -0.92319 0.89174 0.032294 0.12179 
454  0.088018 -1.0154 0.90355 0.030235 0.12144 
455  0.10022 -0.95318 0.89722 0.030674 0.12179 
456  0.10202 -0.94458 0.89565 0.030397 0.12172 
457  0.099420 -0.95705 0.89783 0.028929 0.12117 
458  0.092018 -0.99420 0.90223 0.024620 0.12032 
459  0.098020 -0.96388 0.89883 0.026705 0.12069 
460  0.10262 -0.94174 0.89525 0.033736 0.12186 
461  0.10022 -0.95318 0.89722 0.026374 0.12072 
462  0.095019 -0.97883 0.90072 0.023633 0.12060 
463  0.095419 -0.97681 0.90050 -0.033126 0.11391 
464  0.092819 -0.99006 0.90187 0.025458 0.12063 
465  0.10302 -0.93986 0.89492 0.025295 0.12074 
466  0.099020 -0.95899 0.89813 0.022671 0.12026 
467  0.11022 -0.90701 0.88772 0.036010 0.12300 
468  0.098220 -0.96290 0.89868 0.027961 0.12115 
469  0.097620 -0.96585 0.89911 0.025002 0.12058 
470  0.10202 -0.94458 0.89565 -0.046845 0.11266 
471  0.10322 -0.93892 0.89479 -0.043044 0.11299 
472  0.097219 -0.96783 0.89936 0.033273 0.12115 
473  0.094019 -0.98390 0.90128 -0.029345 0.11413 
474  0.086817 -1.0220 0.90389 -0.012954 0.11578 
475  0.093619 -0.98595 0.90149 0.035320 0.12210 
476  0.091218 -0.99838 0.90255 -0.047303 0.11229 
477  0.099420 -0.95705 0.89783 0.028824 0.12110 
478  0.093619 -0.98595 0.90149 -0.0053525 0.11675 
479  0.097419 -0.96684 0.89922 0.022227 0.11962 
480  0.094619 -0.98085 0.90094 0.023289 0.12051 
481  0.088618 -1.0122 0.90342 -0.034605 0.11313 
482  0.095619 -0.97581 0.90038 0.032348 0.12120 
483  0.096819 -0.96981 0.89964 0.029693 0.12150 
484  0.096419 -0.97180 0.89988 0.024099 0.12084 
485  0.098620 -0.96094 0.89838 0.026936 0.12137 
486  0.088018 -1.0154 0.90355 -0.023693 0.11431 
487  0.097419 -0.96684 0.89922 -0.044361 0.11295 
488  0.094419 -0.98187 0.90108 -0.041954 0.11316 
489  0.092218 -0.99316 0.90215 0.033650 0.12152 
490  0.087217 -1.0198 0.90376 -0.012343 0.11517 
491  0.093619 -0.98595 0.90149 0.026423 0.12103 
492  0.091818 -0.99524 0.90230 0.022668 0.11993 
493  0.070814 -1.1180 0.90564 -0.00042666 0.11560 
494  0.10102 -0.94934 0.89659 0.026210 0.12078 
495  0.089418 -1.0079 0.90316 0.017964 0.11940 
496  0.10222 -0.94363 0.89555 0.029042 0.12076 
497  0.10122 -0.94839 0.89640 -0.027648 0.11480 
498  0.10402 -0.93518 0.89414 0.027642 0.12144 
499  0.098620 -0.96094 0.89838 -0.040999 0.11291 
500  0.090818 -1.0005 0.90271 -0.043425 0.11253 
501  0.096019 -0.97380 0.90014 0.030793 0.12162 
502  0.086417 -1.0241 0.90397 -0.024414 0.11422 
503  0.096219 -0.97280 0.90004 0.025831 0.12079 
504  0.086417 -1.0241 0.90397 -0.024840 0.11401 
505  0.098020 -0.96388 0.89883 -0.049306 0.11262 
506  0.10622 -0.92502 0.89195 0.022246 0.12056 
507  0.11242 -0.89735 0.88518 0.024161 0.12079 
508  0.099220 -0.95802 0.89798 0.026983 0.12071 
509  0.094619 -0.98085 0.90094 0.032951 0.12167 
510  0.089218 -1.0090 0.90322 -0.014833 0.11559 
511  0.078016 -1.0725 0.90519 -0.020051 0.11400 
512  0.089418 -1.0079 0.90316 -0.022905 0.11444 
513  0.091818 -0.99524 0.90230 -0.015222 0.11581 
514  0.10122 -0.94839 0.89640 0.032210 0.12170 
515  0.094419 -0.98187 0.90108 -0.030432 0.11462 
516  0.088418 -1.0133 0.90345 -0.0086623 0.11601 
517  0.092819 -0.99006 0.90187 -0.0082011 0.11645 
518  0.096219 -0.97280 0.90004 -0.039895 0.11321 
519  0.097820 -0.96487 0.89896 -0.0081238 0.11676 
520  0.087618 -1.0176 0.90364 -0.023163 0.11436 
521  0.084417 -1.0353 0.90435 -0.034087 0.11296 
522  0.084617 -1.0341 0.90431 -0.035794 0.11290 
523  0.099820 -0.95511 0.89751 0.033235 0.12195 
524  0.10102 -0.94934 0.89659 0.036738 0.12241 
525  0.098420 -0.96192 0.89852 0.023977 0.12023 
526  0.098620 -0.96094 0.89838 0.025833 0.12092 
527  0.10162 -0.94648 0.89603 0.024449 0.12060 
528  0.089018 -1.0100 0.90328 -0.018451 0.11486 
529  0.089818 -1.0058 0.90305 0.031867 0.12103 
530  0.10002 -0.95415 0.89736 0.027470 0.12095 
531  0.10102 -0.94934 0.89659 0.024093 0.12034 
532  0.097620 -0.96585 0.89911 -0.024659 0.11504 
533  0.096219 -0.97280 0.90004 -0.049683 0.11202 
534  0.089418 -1.0079 0.90316 -0.015870 0.11595 
535  0.099020 -0.95899 0.89813 0.024204 0.12058 
536  0.083017 -1.0432 0.90452 -0.010768 0.11580 
537  0.091418 -0.99733 0.90247 -0.021744 0.11514 
538  0.095019 -0.97883 0.90072 0.030057 0.12129 
539  0.094419 -0.98187 0.90108 -0.042792 0.11285 
540  0.094819 -0.97984 0.90082 -0.032713 0.11367 
541  0.096619 -0.97081 0.89977 -0.027607 0.11442 
542  0.095619 -0.97581 0.90038 -0.024422 0.11448 
543  0.095419 -0.97681 0.90050 0.019869 0.12011 
544  0.096419 -0.97180 0.89988 0.026310 0.12047 
545  0.088618 -1.0122 0.90342 -0.041131 0.11295 
546  0.097419 -0.96684 0.89922 0.023152 0.12048 
547  0.090018 -1.0047 0.90299 -0.039333 0.11292 
548  0.098020 -0.96388 0.89883 0.019267 0.11966 
549  0.091618 -0.99629 0.90238 -0.017294 0.11524 
550  0.094819 -0.97984 0.90082 -0.017081 0.11561 
551  0.095019 -0.97883 0.90072 0.034655 0.12175 
552  0.10042 -0.95222 0.89704 0.037564 0.12233 
553  0.096219 -0.97280 0.90004 0.026092 0.12066 
554  0.095419 -0.97681 0.90050 -0.0087906 0.11670 
555  0.095619 -0.97581 0.90038 -0.020763 0.11519 
556  0.097019 -0.96882 0.89950 0.034136 0.12157 
557  0.099620 -0.95608 0.89766 0.033833 0.12201 
558  0.090018 -1.0047 0.90299 -0.021827 0.11460 
559  0.096419 -0.97180 0.89988 0.056717 0.12400 
560  0.099620 -0.95608 0.89766 0.016122 0.11970 
561  0.10322 -0.93892 0.89479 0.033254 0.12202 
562  0.10442 -0.93332 0.89373 0.027257 0.12123 
563  0.10022 -0.95318 0.89722 0.032051 0.12164 
564  0.093219 -0.98800 0.90169 0.036901 0.12160 
565  0.098820 -0.95997 0.89826 -0.019113 0.11528 
566  0.097620 -0.96585 0.89911 0.022277 0.12040 
567  0.10422 -0.93425 0.89394 0.022877 0.12090 
568  0.10502 -0.93054 0.89318 0.020182 0.12022 
569  0.097019 -0.96882 0.89950 0.029096 0.12131 
570  0.10162 -0.94648 0.89603 -0.054576 0.11208 
571  0.097419 -0.96684 0.89922 0.025760 0.12083 
572  0.091018 -0.99943 0.90263 0.021416 0.11979 
573  0.10102 -0.94934 0.89659 0.026924 0.12106 
574  0.10022 -0.95318 0.89722 0.025045 0.12074 
575  0.10062 -0.95126 0.89689 0.029556 0.12127 
576  0.096019 -0.97380 0.90014 -0.047710 0.11250 
577  0.088818 -1.0111 0.90333 -0.027800 0.11366 
578  0.093019 -0.98903 0.90178 -0.018304 0.11541 
579  0.091418 -0.99733 0.90247 0.019845 0.11963 
580  0.10242 -0.94269 0.89538 0.024858 0.12073 
581  0.099020 -0.95899 0.89813 -0.023386 0.11479 
582  0.093019 -0.98903 0.90178 -0.010740 0.11614 
583  0.092619 -0.99109 0.90196 0.035915 0.12122 
584  0.079616 -1.0630 0.90500 -0.024180 0.11373 
585  0.10522 -0.92961 0.89299 -0.051856 0.11222 
586  0.10162 -0.94648 0.89603 0.031892 0.12183 
587  0.093019 -0.98903 0.90178 -0.037867 0.11281 
588  0.090818 -1.0005 0.90271 -0.010265 0.11614 
589  0.087818 -1.0165 0.90360 -0.022060 0.11476 
590  0.080216 -1.0594 0.90492 -0.0041638 0.11573 
591  0.074415 -1.0948 0.90546 -0.0097512 0.11516 
592  0.10022 -0.95318 0.89722 0.030884 0.12132 
593  0.082416 -1.0466 0.90462 -0.016265 0.11501 
594  0.085217 -1.0308 0.90422 -0.015796 0.11527 
595  0.093219 -0.98800 0.90169 0.054648 0.12381 
596  0.085617 -1.0286 0.90416 -0.021966 0.11406 
597  0.092418 -0.99213 0.90206 0.019746 0.11976 
598  0.094019 -0.98390 0.90128 0.010980 0.11857 
599  0.094219 -0.98289 0.90117 0.028633 0.12051 
600  0.098220 -0.96290 0.89868 -0.012388 0.11577 
601  0.096419 -0.97180 0.89988 0.026236 0.12108 
602  0.093819 -0.98493 0.90138 -0.022782 0.11504 
603  0.092619 -0.99109 0.90196 -0.0061339 0.11693 
604  0.096619 -0.97081 0.89977 -0.023161 0.11521 
605  0.088818 -1.0111 0.90333 -0.029047 0.11373 
606  0.092619 -0.99109 0.90196 -0.042307 0.11281 
607  0.10102 -0.94934 0.89659 -0.014901 0.11580 
608  0.097219 -0.96783 0.89936 0.031367 0.12149 
609  0.094419 -0.98187 0.90108 -0.042994 0.11275 
610  0.099620 -0.95608 0.89766 0.035927 0.12217 
611  0.098020 -0.96388 0.89883 -0.049262 0.11238 
612  0.10102 -0.94934 0.89659 0.022455 0.12040 
613  0.089418 -1.0079 0.90316 -0.042239 0.11280 
614  0.10202 -0.94458 0.89565 0.025278 0.12090 
615  0.10342 -0.93798 0.89461 0.033017 0.12190 
616  0.093019 -0.98903 0.90178 0.017004 0.11934 
617  0.075815 -1.0860 0.90537 0.0031871 0.11641 
618  0.10122 -0.94839 0.89640 0.025486 0.12075 
619  0.10202 -0.94458 0.89565 0.029735 0.12148 
620  0.096419 -0.97180 0.89988 -0.045261 0.11258 
621  0.10662 -0.92319 0.89174 0.031193 0.12164 
622  0.097820 -0.96487 0.89896 0.026603 0.12124 
623  0.099820 -0.95511 0.89751 -0.048228 0.11252 
624  0.095419 -0.97681 0.90050 -0.037860 0.11324 
625  0.083817 -1.0387 0.90442 -0.0094338 0.11574 
626  0.097019 -0.96882 0.89950 -0.048544 0.11259 
627  0.10142 -0.94743 0.89618 0.021318 0.12041 
628  0.098420 -0.96192 0.89852 -0.034925 0.11346 
629  0.096219 -0.97280 0.90004 -0.016208 0.11569 
630  0.081416 -1.0524 0.90474 -0.0094205 0.11538 
631  0.092418 -0.99213 0.90206 0.023573 0.12050 
632  0.078416 -1.0701 0.90514 -0.020100 0.11403 
633  0.090218 -1.0036 0.90291 -0.025188 0.11454 
634  0.095019 -0.97883 0.90072 0.025657 0.12054 
635  0.087618 -1.0176 0.90364 -0.035788 0.11325 
636  0.087017 -1.0209 0.90383 -0.018761 0.11457 
637  0.098820 -0.95997 0.89826 0.033341 0.12197 
638  0.096619 -0.97081 0.89977 -0.048817 0.11231 
639  0.095619 -0.97581 0.90038 -0.046963 0.11219 
640  0.096219 -0.97280 0.90004 0.015509 0.11922 
641  0.098820 -0.95997 0.89826 0.041145 0.12318 
642  0.099820 -0.95511 0.89751 0.036742 0.12251 
643  0.10242 -0.94269 0.89538 0.032789 0.12217 
644  0.093619 -0.98595 0.90149 -0.0031076 0.11640 
645  0.095219 -0.97782 0.90061 -0.012352 0.11590 
646  0.096619 -0.97081 0.89977 -0.029074 0.11389 
647  0.10382 -0.93611 0.89430 0.029767 0.12157 
648  0.10522 -0.92961 0.89299 0.040926 0.12299 
649  0.10482 -0.93146 0.89338 0.022833 0.12056 
650  0.098420 -0.96192 0.89852 -0.052783 0.11206 
651  0.092218 -0.99316 0.90215 -0.034345 0.11372 
652  0.099420 -0.95705 0.89783 0.027224 0.12082 
653  0.092819 -0.99006 0.90187 0.030714 0.12111 
654  0.080816 -1.0559 0.90485 -0.0062850 0.11566 
655  0.093019 -0.98903 0.90178 0.023633 0.11999 
656  0.097620 -0.96585 0.89911 -0.024473 0.11532 
657  0.090018 -1.0047 0.90299 0.022335 0.11984 
658  0.088018 -1.0154 0.90355 -0.023747 0.11448 
659  0.083817 -1.0387 0.90442 -0.024986 0.11416 
660  0.11542 -0.88444 0.88398 0.091241 0.12951 
661  0.090218 -1.0036 0.90291 0.031216 0.12104 
662  0.096419 -0.97180 0.89988 0.026104 0.12079 
663  0.10082 -0.95030 0.89673 -0.052736 0.11180 
664  0.091818 -0.99524 0.90230 -0.048541 0.11239 
665  0.098220 -0.96290 0.89868 0.028349 0.12077 
666  0.097219 -0.96783 0.89936 0.030094 0.12123 
667  0.097419 -0.96684 0.89922 -0.0037244 0.11742 
668  0.099620 -0.95608 0.89766 -0.055434 0.11222 
669  0.10042 -0.95222 0.89704 0.024912 0.12045 
670  0.091018 -0.99943 0.90263 0.027521 0.12047 
671  0.095419 -0.97681 0.90050 0.023392 0.12039 
672  0.10042 -0.95222 0.89704 0.026249 0.12072 
673  0.096619 -0.97081 0.89977 0.025420 0.12072 
674  0.097620 -0.96585 0.89911 0.014534 0.11933 
675  0.095219 -0.97782 0.90061 0.025247 0.12091 
676  0.10242 -0.94269 0.89538 0.036337 0.12227 
677  0.095419 -0.97681 0.90050 0.028640 0.12104 
678  0.10062 -0.95126 0.89689 0.029608 0.12131 
679  0.10002 -0.95415 0.89736 0.034591 0.12201 
680  0.090018 -1.0047 0.90299 -0.020602 0.11445 
681  0.093619 -0.98595 0.90149 -0.034719 0.11394 
682  0.10122 -0.94839 0.89640 0.031981 0.12209 
683  0.093419 -0.98697 0.90159 -0.031708 0.11391 
684  0.10122 -0.94839 0.89640 0.037801 0.12255 
685  0.095819 -0.97480 0.90026 -0.051619 0.11186 
686  0.096819 -0.96981 0.89964 -0.022951 0.11528 
687  0.090218 -1.0036 0.90291 -0.045692 0.11254 
688  0.089418 -1.0079 0.90316 -0.016644 0.11538 
689  0.095219 -0.97782 0.90061 0.025170 0.12028 
690  0.094419 -0.98187 0.90108 -0.040215 0.11328 
691  0.10062 -0.95126 0.89689 -0.014588 0.11597 
692  0.097019 -0.96882 0.89950 -0.040337 0.11350 
693  0.087017 -1.0209 0.90383 0.024367 0.12001 
694  0.075815 -1.0860 0.90537 -0.0045883 0.11542 
695  0.10262 -0.94174 0.89525 0.028493 0.12103 
696  0.084617 -1.0341 0.90431 -0.034354 0.11373 
697  0.099620 -0.95608 0.89766 -0.053483 0.11183 
698  0.092819 -0.99006 0.90187 -0.032090 0.11390 
699  0.10222 -0.94363 0.89555 0.023616 0.12057 
700  0.091818 -0.99524 0.90230 -0.034711 0.11344 
701  0.094819 -0.97984 0.90082 -0.036478 0.11338 
702  0.082416 -1.0466 0.90462 -0.0051291 0.11598 
703  0.099020 -0.95899 0.89813 0.020028 0.12019 
704  0.081016 -1.0547 0.90481 -0.021974 0.11400 
705  0.096219 -0.97280 0.90004 -0.041807 0.11334 
706  0.10322 -0.93892 0.89479 -0.037568 0.11385 
707  0.093819 -0.98493 0.90138 0.028110 0.12128 
708  0.097219 -0.96783 0.89936 0.020150 0.11996 
709  0.097019 -0.96882 0.89950 0.026159 0.12077 
710  0.092218 -0.99316 0.90215 0.026607 0.12013 
711  0.098220 -0.96290 0.89868 0.021007 0.12016 
712  0.089218 -1.0090 0.90322 -0.025412 0.11408 
713  0.099420 -0.95705 0.89783 0.021511 0.11986 
714  0.096219 -0.97280 0.90004 0.037063 0.12228 
715  0.10022 -0.95318 0.89722 0.037849 0.12179 
716  0.087417 -1.0187 0.90369 -0.012270 0.11546 
717  0.081216 -1.0536 0.90477 -0.013645 0.11525 
718  0.086817 -1.0220 0.90389 -0.014755 0.11514 
719  0.084617 -1.0341 0.90431 -0.016583 0.11492 
720  0.096219 -0.97280 0.90004 -0.017223 0.11529 
721  0.085617 -1.0286 0.90416 -0.010158 0.11561 
722  0.097620 -0.96585 0.89911 0.028778 0.12133 
723  0.084817 -1.0330 0.90427 0.019403 0.11930 
724  0.068414 -1.1341 0.90572 0.00063033 0.11556 
725  0.066613 -1.1465 0.90575 -0.00074832 0.11538 
726  0.090218 -1.0036 0.90291 -0.020347 0.11520 
727  0.094419 -0.98187 0.90108 -0.017722 0.11500 
728  0.095619 -0.97581 0.90038 -0.012984 0.11584 
729  0.088018 -1.0154 0.90355 -0.014557 0.11533 
730  0.090818 -1.0005 0.90271 0.022936 0.11963 
731  0.098220 -0.96290 0.89868 -0.053175 0.11183 
732  0.10162 -0.94648 0.89603 -0.053701 0.11219 
733  0.085817 -1.0275 0.90410 -0.018526 0.11469 
734  0.087217 -1.0198 0.90376 -0.035944 0.11326 
735  0.097419 -0.96684 0.89922 0.028796 0.12113 
736  0.088618 -1.0122 0.90342 -0.021840 0.11444 
737  0.096619 -0.97081 0.89977 0.023003 0.12037 
738  0.097820 -0.96487 0.89896 0.025831 0.12087 
739  0.098620 -0.96094 0.89838 0.036657 0.12253 
740  0.098820 -0.95997 0.89826 0.029757 0.12127 
741  0.10662 -0.92319 0.89174 0.031564 0.12145 
742  0.074215 -1.0960 0.90547 0.015697 0.11748 
743  0.088618 -1.0122 0.90342 -0.032142 0.11358 
744  0.074015 -1.0973 0.90549 0.0083814 0.11663 
745  0.098220 -0.96290 0.89868 0.022532 0.12037 
746  0.10482 -0.93146 0.89338 0.030026 0.12152 
747  0.10282 -0.94080 0.89508 0.027548 0.12067 
748  0.087217 -1.0198 0.90376 -0.031732 0.11391 
749  0.088818 -1.0111 0.90333 0.018926 0.11944 
750  0.10322 -0.93892 0.89479 0.030697 0.12143 
751  0.094219 -0.98289 0.90117 0.021216 0.12008 
752  0.086417 -1.0241 0.90397 -0.013278 0.11581 
753  0.089218 -1.0090 0.90322 0.028804 0.12095 
754  0.094219 -0.98289 0.90117 0.028824 0.12099 
755  0.096819 -0.96981 0.89964 0.031418 0.12103 
756  0.095219 -0.97782 0.90061 -0.033783 0.11383 
757  0.083617 -1.0398 0.90445 -0.017043 0.11434 
758  0.10002 -0.95415 0.89736 0.029132 0.12155 
759  0.10402 -0.93518 0.89414 0.035537 0.12265 
760  0.090218 -1.0036 0.90291 0.021189 0.11971 
761  0.095819 -0.97480 0.90026 0.00018839 0.11741 
762  0.079416 -1.0642 0.90503 -0.029331 0.11345 
763  0.097419 -0.96684 0.89922 -0.042768 0.11265 
764  0.10102 -0.94934 0.89659 0.030760 0.12142 
765  0.10362 -0.93705 0.89452 0.028505 0.12113 
766  0.10062 -0.95126 0.89689 0.028154 0.12100 
767  0.094819 -0.97984 0.90082 -0.029793 0.11409 
768  0.10122 -0.94839 0.89640 0.029393 0.12128 
769  0.090818 -1.0005 0.90271 -0.033604 0.11350 
770  0.094819 -0.97984 0.90082 -0.031882 0.11341 
771  0.082016 -1.0489 0.90467 -0.00077676 0.11658 
772  0.095219 -0.97782 0.90061 -0.034750 0.11327 
773  0.083617 -1.0398 0.90445 -0.028222 0.11361 
774  0.089618 -1.0068 0.90310 -0.035876 0.11327 
775  0.10042 -0.95222 0.89704 0.027565 0.12073 
776  0.10222 -0.94363 0.89555 0.030530 0.12139 
777  0.096819 -0.96981 0.89964 0.029925 0.12110 
778  0.094819 -0.97984 0.90082 -0.044295 0.11247 
779  0.097219 -0.96783 0.89936 0.025758 0.12067 
780  0.085817 -1.0275 0.90410 -0.018927 0.11475 
781  0.099820 -0.95511 0.89751 0.030800 0.12127 
782  0.10182 -0.94553 0.89586 0.026184 0.12099 
783  0.091618 -0.99629 0.90238 0.023997 0.12031 
784  0.095819 -0.97480 0.90026 -0.0066608 0.11675 
785  0.091618 -0.99629 0.90238 -0.013209 0.11579 
786  0.091418 -0.99733 0.90247 0.021096 0.12003 
787  0.10442 -0.93332 0.89373 0.026618 0.12096 
788  0.10242 -0.94269 0.89538 0.034768 0.12217 
789  0.094019 -0.98390 0.90128 0.027271 0.12094 
790  0.092819 -0.99006 0.90187 -0.012400 0.11549 
791  0.10282 -0.94080 0.89508 0.039945 0.12273 
792  0.094419 -0.98187 0.90108 -0.018379 0.11530 
793  0.077215 -1.0774 0.90525 0.014311 0.11750 
794  0.098620 -0.96094 0.89838 0.032268 0.12174 
795  0.10182 -0.94553 0.89586 0.027294 0.12084 
796  0.095619 -0.97581 0.90038 -0.016357 0.11567 
797  0.093819 -0.98493 0.90138 0.020700 0.11989 
798  0.091818 -0.99524 0.90230 -0.019854 0.11464 
799  0.094619 -0.98085 0.90094 0.016638 0.11919 
800  0.099820 -0.95511 0.89751 0.035713 0.12230 
801  0.095419 -0.97681 0.90050 0.021674 0.12050 
802  0.10122 -0.94839 0.89640 0.026281 0.12100 
803  0.096219 -0.97280 0.90004 0.028240 0.12137 
804  0.089018 -1.0100 0.90328 -0.023380 0.11420 
805  0.094019 -0.98390 0.90128 -0.012197 0.11594 
806  0.093219 -0.98800 0.90169 -0.015337 0.11563 
807  0.10382 -0.93611 0.89430 0.028238 0.12155 
808  0.095219 -0.97782 0.90061 0.018230 0.11993 
809  0.090218 -1.0036 0.90291 -0.013950 0.11556 
810  0.086617 -1.0230 0.90393 -0.014449 0.11508 
811  0.087618 -1.0176 0.90364 -0.015340 0.11523 
812  0.091818 -0.99524 0.90230 -0.017821 0.11543 
813  0.097019 -0.96882 0.89950 0.030431 0.12123 
814  0.10122 -0.94839 0.89640 0.025167 0.12075 
815  0.085617 -1.0286 0.90416 -0.017397 0.11463 
816  0.086617 -1.0230 0.90393 -0.038201 0.11314 
817  0.10062 -0.95126 0.89689 -0.042502 0.11344 
818  0.097419 -0.96684 0.89922 -0.041085 0.11292 
819  0.088818 -1.0111 0.90333 0.035709 0.12113 
820  0.099420 -0.95705 0.89783 0.028428 0.12153 
821  0.087818 -1.0165 0.90360 0.025119 0.11989 
822  0.099820 -0.95511 0.89751 0.029085 0.12128 
823  0.091418 -0.99733 0.90247 -0.016813 0.11534 
824  0.10122 -0.94839 0.89640 -0.043705 0.11326 
825  0.091218 -0.99838 0.90255 -0.039624 0.11276 
826  0.092418 -0.99213 0.90206 -0.017390 0.11548 
827  0.097419 -0.96684 0.89922 0.023623 0.12047 
828  0.095619 -0.97581 0.90038 -0.025902 0.11450 
829  0.081016 -1.0547 0.90481 -0.025100 0.11411 
830  0.10222 -0.94363 0.89555 0.038890 0.12224 
831  0.099620 -0.95608 0.89766 0.033164 0.12196 
832  0.090618 -1.0015 0.90278 0.027683 0.12068 
833  0.10122 -0.94839 0.89640 0.030290 0.12175 
834  0.099620 -0.95608 0.89766 0.029697 0.12122 
835  0.098420 -0.96192 0.89852 0.031878 0.12164 
836  0.088618 -1.0122 0.90342 -0.014189 0.11568 
837  0.097419 -0.96684 0.89922 0.021482 0.12042 
838  0.092619 -0.99109 0.90196 -0.021271 0.11460 
839  0.093019 -0.98903 0.90178 -0.045275 0.11274 
840  0.093419 -0.98697 0.90159 0.018936 0.11963 
841  0.092619 -0.99109 0.90196 -0.038541 0.11339 
842  0.099820 -0.95511 0.89751 0.023625 0.12036 
843  0.098820 -0.95997 0.89826 0.024643 0.12074 
844  0.099420 -0.95705 0.89783 0.027900 0.12136 
845  0.096219 -0.97280 0.90004 -0.029947 0.11445 
846  0.089418 -1.0079 0.90316 0.026583 0.12033 
847  0.085817 -1.0275 0.90410 -0.010203 0.11540 
848  0.087217 -1.0198 0.90376 0.0042907 0.11782 
849  0.098820 -0.95997 0.89826 0.029895 0.12139 
850  0.096419 -0.97180 0.89988 0.049832 0.12351 
851  0.092018 -0.99420 0.90223 0.019777 0.11985 
852  0.10082 -0.95030 0.89673 0.018164 0.11948 
853  0.069014 -1.1300 0.90571 0.0080377 0.11638 
854  0.094619 -0.98085 0.90094 0.030094 0.12071 
855  0.094419 -0.98187 0.90108 0.018843 0.11948 
856  0.095019 -0.97883 0.90072 0.023490 0.11987 
857  0.081416 -1.0524 0.90474 -0.022296 0.11395 
858  0.098020 -0.96388 0.89883 0.020347 0.11956 
859  0.10442 -0.93332 0.89373 0.021010 0.12056 
860  0.098420 -0.96192 0.89852 0.028231 0.12099 
861  0.098220 -0.96290 0.89868 0.028281 0.12118 
862  0.10362 -0.93705 0.89452 -0.014129 0.11617 
863  0.10342 -0.93798 0.89461 0.024948 0.12110 
864  0.099220 -0.95802 0.89798 0.016588 0.11966 
865  0.098420 -0.96192 0.89852 0.027523 0.12076 
866  0.097820 -0.96487 0.89896 -0.044268 0.11257 
867  0.091018 -0.99943 0.90263 -0.043154 0.11259 
868  0.096419 -0.97180 0.89988 0.022811 0.12035 
869  0.098420 -0.96192 0.89852 -0.035584 0.11333 
870  0.087217 -1.0198 0.90376 -0.0055060 0.11666 
871  0.099820 -0.95511 0.89751 0.037250 0.12206 
872  0.095619 -0.97581 0.90038 0.025522 0.12086 
873  0.093219 -0.98800 0.90169 0.026250 0.12091 
874  0.094419 -0.98187 0.90108 0.031326 0.12141 
875  0.10402 -0.93518 0.89414 0.024786 0.12080 
876  0.094819 -0.97984 0.90082 0.035247 0.12157 
877  0.095019 -0.97883 0.90072 -0.011408 0.11623 
878  0.079416 -1.0642 0.90503 0.0020606 0.11606 
879  0.10322 -0.93892 0.89479 0.028269 0.12138 
880  0.097219 -0.96783 0.89936 0.027471 0.12074 
881  0.091218 -0.99838 0.90255 0.023057 0.11999 
882  0.098220 -0.96290 0.89868 0.031033 0.12149 
883  0.090818 -1.0005 0.90271 0.020263 0.12005 
884  0.087417 -1.0187 0.90369 0.020991 0.11954 
885  0.10302 -0.93986 0.89492 0.027977 0.12133 
886  0.097820 -0.96487 0.89896 0.033454 0.12184 
887  0.097219 -0.96783 0.89936 0.019823 0.12008 
888  0.097419 -0.96684 0.89922 0.028765 0.12124 
889  0.10202 -0.94458 0.89565 0.018534 0.12006 
890  0.095419 -0.97681 0.90050 -0.043801 0.11262 
891  0.10182 -0.94553 0.89586 0.040557 0.12283 
892  0.099420 -0.95705 0.89783 0.031224 0.12149 
893  0.096219 -0.97280 0.90004 -0.018221 0.11557 
894  0.092018 -0.99420 0.90223 -0.030166 0.11404 
895  0.089018 -1.0100 0.90328 -0.011680 0.11594 
896  0.087818 -1.0165 0.90360 -0.011315 0.11576 
897  0.097219 -0.96783 0.89936 -0.022997 0.11529 
898  0.096219 -0.97280 0.90004 -0.027074 0.11430 
899  0.10002 -0.95415 0.89736 -0.039556 0.11340 
900  0.096019 -0.97380 0.90014 -0.035130 0.11384 
901  0.10322 -0.93892 0.89479 -0.035020 0.11397 
902  0.093019 -0.98903 0.90178 0.034470 0.12124 
903  0.087217 -1.0198 0.90376 -0.017930 0.11514 
904  0.072815 -1.1049 0.90556 0.0048914 0.11630 
905  0.073615 -1.0998 0.90552 0.0083177 0.11687 
906  0.073215 -1.1024 0.90555 0.0072373 0.11646 
907  0.073415 -1.1011 0.90554 0.0084197 0.11647 
908  0.098220 -0.96290 0.89868 0.022313 0.12031 
909  0.099820 -0.95511 0.89751 -0.041869 0.11319 
910  0.095819 -0.97480 0.90026 -0.043853 0.11281 
911  0.097019 -0.96882 0.89950 -0.045023 0.11264 
912  0.10262 -0.94174 0.89525 0.034093 0.12161 
913  0.090418 -1.0026 0.90283 0.036252 0.12190 
914  0.10182 -0.94553 0.89586 0.025405 0.12107 
915  0.089218 -1.0090 0.90322 -0.026937 0.11413 
916  0.098220 -0.96290 0.89868 0.023898 0.12045 
917  0.088618 -1.0122 0.90342 -0.026522 0.11378 
918  0.088818 -1.0111 0.90333 0.020697 0.11975 
919  0.10542 -0.92869 0.89284 0.031901 0.12199 
920  0.094019 -0.98390 0.90128 0.020299 0.11992 
921  0.096619 -0.97081 0.89977 0.028381 0.12069 
922  0.090618 -1.0015 0.90278 -0.018300 0.11502 
923  0.099420 -0.95705 0.89783 0.028063 0.12119 
924  0.099820 -0.95511 0.89751 0.026753 0.12073 
925  0.090618 -1.0015 0.90278 -0.044492 0.11255 
926  0.095219 -0.97782 0.90061 0.031336 0.12138 
927  0.087618 -1.0176 0.90364 -0.015445 0.11532 
928  0.084817 -1.0330 0.90427 -0.046749 0.11226 
929  0.097620 -0.96585 0.89911 0.027754 0.12126 
930  0.094219 -0.98289 0.90117 0.032596 0.12151 
931  0.092018 -0.99420 0.90223 0.023210 0.12055 
932  0.10142 -0.94743 0.89618 0.029485 0.12128 
933  0.10582 -0.92685 0.89234 0.021486 0.11994 
934  0.093619 -0.98595 0.90149 -0.030227 0.11426 
935  0.092218 -0.99316 0.90215 0.030672 0.12132 
936  0.094219 -0.98289 0.90117 -0.026267 0.11430 
937  0.10222 -0.94363 0.89555 -0.035116 0.11384 
938  0.098220 -0.96290 0.89868 0.025829 0.12051 
939  0.10482 -0.93146 0.89338 -0.051040 0.11223 
940  0.099420 -0.95705 0.89783 0.025263 0.12086 
941  0.083617 -1.0398 0.90445 -0.0028918 0.11647 
942  0.096419 -0.97180 0.89988 0.024742 0.12076 
943  0.092218 -0.99316 0.90215 -0.0097833 0.11644 
944  0.088618 -1.0122 0.90342 0.045381 0.12205 
945  0.093419 -0.98697 0.90159 0.022267 0.12014 
946  0.098420 -0.96192 0.89852 0.024411 0.12058 
947  0.097019 -0.96882 0.89950 -0.024582 0.11526 
948  0.092819 -0.99006 0.90187 0.022074 0.11989 
949  0.099620 -0.95608 0.89766 0.040119 0.12244 
950  0.10302 -0.93986 0.89492 0.024587 0.12125 
951  0.11042 -0.90613 0.88690 0.032586 0.12193 
952  0.086017 -1.0264 0.90407 -0.030223 0.11335 
953  0.10282 -0.94080 0.89508 0.030948 0.12152 
954  0.094819 -0.97984 0.90082 -0.044784 0.11260 
955  0.072214 -1.1088 0.90558 0.0090872 0.11695 
956  0.090018 -1.0047 0.90299 -0.039125 0.11282 
957  0.080016 -1.0606 0.90495 -0.026180 0.11367 
958  0.094019 -0.98390 0.90128 0.029061 0.12092 
959  0.10382 -0.93611 0.89430 0.025605 0.12102 
960  0.093819 -0.98493 0.90138 -0.022709 0.11484 
961  0.094819 -0.97984 0.90082 0.019455 0.11979 
962  0.096219 -0.97280 0.90004 0.033554 0.12185 
963  0.10422 -0.93425 0.89394 -0.043350 0.11296 
964  0.097820 -0.96487 0.89896 0.030721 0.12141 
965  0.094619 -0.98085 0.90094 -0.035629 0.11352 
966  0.095019 -0.97883 0.90072 0.033888 0.12085 
967  0.088418 -1.0133 0.90345 -0.041293 0.11275 
968  0.089818 -1.0058 0.90305 -0.037042 0.11295 
969  0.097820 -0.96487 0.89896 0.028523 0.12107 
970  0.095019 -0.97883 0.90072 0.038728 0.12226 
971  0.093219 -0.98800 0.90169 -0.029840 0.11382 
972  0.11002 -0.90790 0.88822 0.031767 0.12206 
973  0.091818 -0.99524 0.90230 0.027822 0.12099 
974  0.094019 -0.98390 0.90128 0.021913 0.12048 
975  0.091018 -0.99943 0.90263 -0.0065791 0.11641 
976  0.10222 -0.94363 0.89555 0.021212 0.12060 
977  0.095819 -0.97480 0.90026 -0.042519 0.11292 
978  0.093019 -0.98903 0.90178 -0.0040170 0.11706 
979  0.091818 -0.99524 0.90230 -0.039662 0.11307 
980  0.10022 -0.95318 0.89722 0.032638 0.12165 
981  0.10202 -0.94458 0.89565 0.029588 0.12196 
982  0.096219 -0.97280 0.90004 -0.021765 0.11484 
983  0.087417 -1.0187 0.90369 0.0013453 0.11691 
984  0.089818 -1.0058 0.90305 0.033865 0.12130 
985  0.098020 -0.96388 0.89883 0.024590 0.11982 
986  0.098620 -0.96094 0.89838 0.031950 0.12175 
987  0.078016 -1.0725 0.90519 -0.021964 0.11398 
988  0.10122 -0.94839 0.89640 0.038473 0.12234 
989  0.10262 -0.94174 0.89525 0.029402 0.12112 
990  0.091618 -0.99629 0.90238 -0.026576 0.11425 
991  0.095419 -0.97681 0.90050 -0.039290 0.11328 
992  0.095819 -0.97480 0.90026 0.026818 0.12083 
993  0.099420 -0.95705 0.89783 0.032060 0.12184 
994  0.095619 -0.97581 0.90038 -0.043071 0.11287 
995  0.10382 -0.93611 0.89430 -0.033905 0.11429 
996  0.097419 -0.96684 0.89922 0.032160 0.12143 
997  0.091218 -0.99838 0.90255 -0.019931 0.11534 
998  0.098020 -0.96388 0.89883 0.029679 0.12093 
999  0.097419 -0.96684 0.89922 0.030350 0.12116 
1000  0.079816 -1.0618 0.90497 0.0051323 0.11700 
1001  0.070614 -1.1193 0.90566 -0.0050087 0.11516 
1002  0.096219 -0.97280 0.90004 0.027872 0.12093 
1003  0.094219 -0.98289 0.90117 0.029715 0.12132 
1004  0.099020 -0.95899 0.89813 0.021774 0.12025 
1005  0.095619 -0.97581 0.90038 0.031847 0.12157 
1006  0.091818 -0.99524 0.90230 0.030099 0.12098 
1007  0.10262 -0.94174 0.89525 0.029545 0.12145 
1008  0.094619 -0.98085 0.90094 -0.054830 0.11189 
1009  0.095619 -0.97581 0.90038 0.021856 0.12028 
1010  0.096219 -0.97280 0.90004 0.025234 0.12049 
1011  0.10362 -0.93705 0.89452 -0.050607 0.11245 
1012  0.092418 -0.99213 0.90206 -0.032430 0.11384 
1013  0.10062 -0.95126 0.89689 -0.052717 0.11209 
1014  0.098420 -0.96192 0.89852 -0.053165 0.11198 
1015  0.083217 -1.0421 0.90450 -0.024090 0.11389 
1016  0.084817 -1.0330 0.90427 -0.033436 0.11322 
1017  0.097820 -0.96487 0.89896 0.025238 0.12112 
1018  0.10122 -0.94839 0.89640 -0.044878 0.11255 
1019  0.096219 -0.97280 0.90004 -0.045817 0.11257 
1020  0.096219 -0.97280 0.90004 -0.035666 0.11314 
1021  0.093219 -0.98800 0.90169 0.022715 0.12043 
1022  0.098020 -0.96388 0.89883 0.029898 0.12146 
1023  0.080416 -1.0582 0.90490 -0.027680 0.11351 
1024  0.078416 -1.0701 0.90514 -0.021855 0.11387 
1025  0.094619 -0.98085 0.90094 0.029507 0.12091 
1026  0.098220 -0.96290 0.89868 0.028846 0.12096 
1027  0.085417 -1.0297 0.90419 0.026189 0.12042 
1028  0.093219 -0.98800 0.90169 0.020719 0.12002 
1029  0.10402 -0.93518 0.89414 0.039002 0.12270 
1030  0.096019 -0.97380 0.90014 -0.044899 0.11236 
1031  0.096019 -0.97380 0.90014 -0.045077 0.11244 
1032  0.089818 -1.0058 0.90305 -0.039178 0.11314 
1033  0.069214 -1.1287 0.90569 0.0042169 0.11642 
1034  0.086017 -1.0264 0.90407 0.019620 0.11808 
1035  0.099820 -0.95511 0.89751 0.017700 0.11927 
1036  0.094419 -0.98187 0.90108 0.021592 0.12026 
1037  0.090618 -1.0015 0.90278 -0.015535 0.11570 
1038  0.079416 -1.0642 0.90503 -0.018260 0.11425 
1039  0.10102 -0.94934 0.89659 0.031857 0.12168 
1040  0.081816 -1.0501 0.90469 -0.032750 0.11312 
1041  0.092418 -0.99213 0.90206 -0.045378 0.11236 
1042  0.10122 -0.94839 0.89640 0.030203 0.12111 
1043  0.089218 -1.0090 0.90322 -0.043332 0.11257 
1044  0.085817 -1.0275 0.90410 -0.021761 0.11394 
1045  0.097620 -0.96585 0.89911 0.029487 0.12128 
1046  0.089818 -1.0058 0.90305 -0.040614 0.11301 
1047  0.097820 -0.96487 0.89896 0.030305 0.12112 
1048  0.088418 -1.0133 0.90345 -0.036938 0.11286 
1049  0.084017 -1.0375 0.90439 -0.027634 0.11341 
1050  0.096819 -0.96981 0.89964 -0.019751 0.11518 
1051  0.099020 -0.95899 0.89813 0.028987 0.12135 
1052  0.092418 -0.99213 0.90206 -0.018090 0.11493 
1053  0.10302 -0.93986 0.89492 0.025740 0.12141 
1054  0.10802 -0.91684 0.89046 -0.014780 0.11649 
1055  0.093419 -0.98697 0.90159 0.025244 0.12067 
1056  0.095419 -0.97681 0.90050 0.025587 0.12068 
1057  0.10062 -0.95126 0.89689 0.035755 0.12227 
1058  0.098020 -0.96388 0.89883 0.033808 0.12214 
1059  0.092819 -0.99006 0.90187 0.025591 0.12091 
1060  0.10082 -0.95030 0.89673 0.032882 0.12182 
1061  0.099420 -0.95705 0.89783 0.027823 0.12124 
1062  0.097019 -0.96882 0.89950 -0.013068 0.11576 
1063  0.080816 -1.0559 0.90485 -0.027010 0.11360 
1064  0.099420 -0.95705 0.89783 0.041874 0.12316 
1065  0.092218 -0.99316 0.90215 -0.014823 0.11537 
1066  0.093619 -0.98595 0.90149 -0.0065054 0.11664 
1067  0.092418 -0.99213 0.90206 -0.024864 0.11421 
1068  0.098620 -0.96094 0.89838 0.026869 0.12093 
1069  0.093219 -0.98800 0.90169 -0.047456 0.11265 
1070  0.095219 -0.97782 0.90061 0.035894 0.12137 
1071  0.088618 -1.0122 0.90342 -0.020252 0.11491 
1072  0.095419 -0.97681 0.90050 -0.014742 0.11581 
1073  0.099020 -0.95899 0.89813 0.024964 0.12100 
1074  0.090018 -1.0047 0.90299 -0.0061628 0.11639 
1075  0.094619 -0.98085 0.90094 0.027299 0.12075 
1076  0.095819 -0.97480 0.90026 0.020241 0.12023 
1077  0.097019 -0.96882 0.89950 0.027534 0.12103 
1078  0.10022 -0.95318 0.89722 0.029906 0.12137 
1079  0.10182 -0.94553 0.89586 -0.042510 0.11334 
1080  0.088018 -1.0154 0.90355 -0.030704 0.11407 
1081  0.10022 -0.95318 0.89722 0.020924 0.12061 
1082  0.071014 -1.1167 0.90563 -0.00041335 0.11557 
1083  0.081816 -1.0501 0.90469 -0.010565 0.11497 
1084  0.095819 -0.97480 0.90026 -0.018195 0.11550 
1085  0.087818 -1.0165 0.90360 -0.018023 0.11498 
1086  0.097219 -0.96783 0.89936 0.019880 0.11977 
1087  0.074815 -1.0922 0.90544 0.0068207 0.11690 
1088  0.097820 -0.96487 0.89896 -0.039431 0.11326 
1089  0.10282 -0.94080 0.89508 0.025939 0.12110 
1090  0.093619 -0.98595 0.90149 0.0010094 0.11754 
1091  0.078016 -1.0725 0.90519 0.0055947 0.11667 
1092  0.082016 -1.0489 0.90467 0.0052431 0.11685 
1093  0.091418 -0.99733 0.90247 -0.0071597 0.11627 
1094  0.095019 -0.97883 0.90072 0.026296 0.12081 
1095  0.097019 -0.96882 0.89950 0.028027 0.12108 
1096  0.092218 -0.99316 0.90215 -0.017559 0.11543 
1097  0.10162 -0.94648 0.89603 0.029951 0.12135 
1098  0.099220 -0.95802 0.89798 0.031726 0.12142 
1099  0.096619 -0.97081 0.89977 0.025183 0.11973 
1100  0.092418 -0.99213 0.90206 0.026060 0.12018 
1101  0.084217 -1.0364 0.90436 -0.010034 0.11567 
1102  0.094419 -0.98187 0.90108 0.039640 0.12225 
1103  0.093019 -0.98903 0.90178 0.020351 0.11959 
1104  0.085217 -1.0308 0.90422 0.026578 0.11996 
1105  0.095619 -0.97581 0.90038 0.036635 0.12171 
1106  0.10542 -0.92869 0.89284 0.038152 0.12264 
1107  0.096419 -0.97180 0.89988 -0.046471 0.11261 
1108  0.094219 -0.98289 0.90117 -0.042166 0.11276 
1109  0.091418 -0.99733 0.90247 0.020158 0.11940 
1110  0.095219 -0.97782 0.90061 0.020293 0.11929 
1111  0.098220 -0.96290 0.89868 0.022636 0.12014 
1112  0.092218 -0.99316 0.90215 0.020311 0.11957 
1113  0.097219 -0.96783 0.89936 -0.055389 0.11189 
1114  0.099020 -0.95899 0.89813 0.033175 0.12199 
1115  0.091218 -0.99838 0.90255 0.0040823 0.11752 
1116  0.088218 -1.0143 0.90350 -0.030619 0.11406 
1117  0.098020 -0.96388 0.89883 0.030952 0.12121 
1118  0.091418 -0.99733 0.90247 0.021253 0.11976 
1119  0.097820 -0.96487 0.89896 -0.045515 0.11261 
1120  0.10382 -0.93611 0.89430 -0.048805 0.11289 
1121  0.093019 -0.98903 0.90178 0.035800 0.12135 
1122  0.10282 -0.94080 0.89508 0.032778 0.12185 
1123  0.097820 -0.96487 0.89896 -0.035755 0.11351 
1124  0.091618 -0.99629 0.90238 -0.038162 0.11293 
1125  0.096019 -0.97380 0.90014 0.027824 0.12093 
1126  0.10242 -0.94269 0.89538 0.027131 0.12096 
1127  0.090818 -1.0005 0.90271 -0.035422 0.11315 
1128  0.077616 -1.0750 0.90520 -2.2962e-05 0.11636 
1129  0.095819 -0.97480 0.90026 0.024976 0.12032 
1130  0.090418 -1.0026 0.90283 -0.021263 0.11411 
1131  0.094819 -0.97984 0.90082 -0.030974 0.11400 
1132  0.093619 -0.98595 0.90149 0.030986 0.12146 
1133  0.10042 -0.95222 0.89704 0.023241 0.12070 
1134  0.073615 -1.0998 0.90552 0.0062129 0.11637 
1135  0.094219 -0.98289 0.90117 0.023195 0.11986 
1136  0.095019 -0.97883 0.90072 0.031472 0.12112 
1137  0.097419 -0.96684 0.89922 0.026599 0.12116 
1138  0.097820 -0.96487 0.89896 -0.012106 0.11621 
1139  0.097820 -0.96487 0.89896 0.026527 0.12062 
1140  0.095219 -0.97782 0.90061 -0.050551 0.11214 
1141  0.095419 -0.97681 0.90050 0.028902 0.12132 
1142  0.097620 -0.96585 0.89911 0.030613 0.12123 
1143  0.097219 -0.96783 0.89936 0.026870 0.12091 
1144  0.093819 -0.98493 0.90138 0.026565 0.12030 
1145  0.086017 -1.0264 0.90407 0.019260 0.11888 
1146  0.092819 -0.99006 0.90187 0.029500 0.12105 
1147  0.092619 -0.99109 0.90196 0.027880 0.12045 
1148  0.10302 -0.93986 0.89492 0.027127 0.12101 
1149  0.098820 -0.95997 0.89826 0.027403 0.12082 
1150  0.095219 -0.97782 0.90061 0.033432 0.12127 
1151  0.085017 -1.0319 0.90425 -0.019233 0.11457 
1152  0.088618 -1.0122 0.90342 -0.012966 0.11525 
1153  0.090818 -1.0005 0.90271 0.020260 0.11955 
1154  0.091618 -0.99629 0.90238 -0.038861 0.11307 
1155  0.094419 -0.98187 0.90108 0.026048 0.12039 
1156  0.087417 -1.0187 0.90369 -0.035949 0.11336 
1157  0.094619 -0.98085 0.90094 -0.046286 0.11277 
1158  0.094219 -0.98289 0.90117 0.023338 0.12036 
1159  0.097620 -0.96585 0.89911 -0.054290 0.11194 
1160  0.085417 -1.0297 0.90419 -0.011695 0.11605 
1161  0.10242 -0.94269 0.89538 0.031518 0.12178 
1162  0.093619 -0.98595 0.90149 0.025676 0.12010 
1163  0.098220 -0.96290 0.89868 0.031395 0.12163 
1164  0.10002 -0.95415 0.89736 0.035298 0.12233 
1165  0.095619 -0.97581 0.90038 0.017591 0.11959 
1166  0.096019 -0.97380 0.90014 0.027528 0.12088 
1167  0.092218 -0.99316 0.90215 0.032169 0.12145 
1168  0.085217 -1.0308 0.90422 -0.022303 0.11460 
1169  0.091618 -0.99629 0.90238 0.023517 0.12036 
1170  0.097019 -0.96882 0.89950 0.036025 0.12190 
1171  0.092218 -0.99316 0.90215 0.019102 0.11964 
1172  0.099820 -0.95511 0.89751 0.025069 0.12064 
1173  0.087217 -1.0198 0.90376 -0.025354 0.11457 
1174  0.095619 -0.97581 0.90038 0.030213 0.12097 
1175  0.097019 -0.96882 0.89950 -0.035277 0.11338 
1176  0.10222 -0.94363 0.89555 0.031934 0.12147 
1177  0.097620 -0.96585 0.89911 0.019300 0.12028 
1178  0.10162 -0.94648 0.89603 0.034810 0.12244 
1179  0.10062 -0.95126 0.89689 0.022165 0.11983 
1180  0.10402 -0.93518 0.89414 0.035028 0.12227 
1181  0.096419 -0.97180 0.89988 0.013909 0.11935 
1182  0.088218 -1.0143 0.90350 0.026236 0.12053 
1183  0.087618 -1.0176 0.90364 -0.0026116 0.11685 
1184  0.10022 -0.95318 0.89722 0.027532 0.12109 
1185  0.097019 -0.96882 0.89950 -0.038923 0.11337 
1186  0.097219 -0.96783 0.89936 0.027612 0.12113 
1187  0.090818 -1.0005 0.90271 -0.032510 0.11397 
1188  0.10082 -0.95030 0.89673 -0.051688 0.11223 
1189  0.093219 -0.98800 0.90169 -0.017207 0.11550 
1190  0.093419 -0.98697 0.90159 -0.015563 0.11576 
1191  0.095419 -0.97681 0.90050 -0.030052 0.11443 
1192  0.092218 -0.99316 0.90215 -0.011102 0.11572 
1193  0.090218 -1.0036 0.90291 -0.011811 0.11552 
1194  0.091418 -0.99733 0.90247 -0.036903 0.11346 
1195  0.097419 -0.96684 0.89922 -0.035160 0.11375 
1196  0.10062 -0.95126 0.89689 0.034684 0.12202 
1197  0.096219 -0.97280 0.90004 0.019515 0.11981 
1198  0.088418 -1.0133 0.90345 0.00089293 0.11702 
1199  0.085217 -1.0308 0.90422 -0.0050478 0.11637 
1200  0.10142 -0.94743 0.89618 0.036359 0.12193 
1201  0.088618 -1.0122 0.90342 -0.0059030 0.11663 
1202  0.10082 -0.95030 0.89673 0.00057137 0.11778 
1203  0.074415 -1.0948 0.90546 -0.0053052 0.11530 
1204  0.095619 -0.97581 0.90038 -0.044415 0.11268 
1205  0.097219 -0.96783 0.89936 -0.017477 0.11567 
1206  0.093219 -0.98800 0.90169 -0.020526 0.11529 
1207  0.098020 -0.96388 0.89883 0.027155 0.12080 
1208  0.095219 -0.97782 0.90061 -0.041188 0.11300 
1209  0.095419 -0.97681 0.90050 0.022160 0.12027 
1210  0.084017 -1.0375 0.90439 -0.013605 0.11552 
1211  0.095219 -0.97782 0.90061 0.025188 0.12008 
1212  0.093219 -0.98800 0.90169 -0.034903 0.11351 
1213  0.093419 -0.98697 0.90159 -0.0062792 0.11661 
1214  0.10082 -0.95030 0.89673 0.034457 0.12165 
1215  0.090618 -1.0015 0.90278 -0.026922 0.11433 
1216  0.10062 -0.95126 0.89689 0.025221 0.12066 
1217  0.098220 -0.96290 0.89868 0.021949 0.11996 
1218  0.092218 -0.99316 0.90215 0.026537 0.12065 
1219  0.096819 -0.96981 0.89964 -0.042440 0.11315 
1220  0.091418 -0.99733 0.90247 0.018656 0.11995 
1221  0.088218 -1.0143 0.90350 -0.033819 0.11330 
1222  0.087017 -1.0209 0.90383 -0.0078137 0.11649 
1223  0.098020 -0.96388 0.89883 0.00080389 0.11787 
1224  0.085817 -1.0275 0.90410 0.0034160 0.11683 
1225  0.079616 -1.0630 0.90500 -0.0076292 0.11555 
1226  0.080016 -1.0606 0.90495 0.010059 0.11746 
1227  0.082617 -1.0455 0.90459 0.011626 0.11795 
1228  0.10022 -0.95318 0.89722 0.032431 0.12135 
1229  0.088418 -1.0133 0.90345 0.022570 0.11986 
1230  0.094819 -0.97984 0.90082 -0.025747 0.11412 
1231  0.097019 -0.96882 0.89950 0.034684 0.12231 
1232  0.10062 -0.95126 0.89689 0.016167 0.11958 
1233  0.10142 -0.94743 0.89618 0.028147 0.12112 
1234  0.091418 -0.99733 0.90247 -0.018390 0.11538 
1235  0.086817 -1.0220 0.90389 0.026858 0.12013 
1236  0.10422 -0.93425 0.89394 0.033096 0.12178 
1237  0.096019 -0.97380 0.90014 0.015638 0.11913 
1238  0.080016 -1.0606 0.90495 -0.020415 0.11395 
1239  0.093619 -0.98595 0.90149 -0.031353 0.11402 
1240  0.10222 -0.94363 0.89555 0.027806 0.12157 
1241  0.082617 -1.0455 0.90459 -0.0052804 0.11566 
1242  0.10162 -0.94648 0.89603 -0.024101 0.11529 
1243  0.099820 -0.95511 0.89751 0.018951 0.12022 
1244  0.096219 -0.97280 0.90004 -0.044857 0.11257 
1245  0.098420 -0.96192 0.89852 0.023762 0.12041 
1246  0.092218 -0.99316 0.90215 -0.044768 0.11247 
1247  0.091418 -0.99733 0.90247 -0.0014777 0.11693 
1248  0.095219 -0.97782 0.90061 0.027645 0.12090 
1249  0.095619 -0.97581 0.90038 0.030217 0.12119 
1250  0.095219 -0.97782 0.90061 0.023064 0.12016 
1251  0.084417 -1.0353 0.90435 -0.011647 0.11482 
1252  0.095419 -0.97681 0.90050 0.025030 0.12099 
1253  0.082216 -1.0478 0.90464 -0.0034887 0.11659 
1254  0.082216 -1.0478 0.90464 -0.0049623 0.11589 
1255  0.092619 -0.99109 0.90196 0.022865 0.12010 
1256  0.099220 -0.95802 0.89798 0.026029 0.12047 
1257  0.10582 -0.92685 0.89234 0.027689 0.12145 
1258  0.092418 -0.99213 0.90206 0.022590 0.12006 
1259  0.095419 -0.97681 0.90050 -0.036575 0.11328 
1260  0.095219 -0.97782 0.90061 -0.033279 0.11403 
1261  0.088418 -1.0133 0.90345 0.027076 0.12022 
1262  0.097219 -0.96783 0.89936 -0.027904 0.11433 
1263  0.099820 -0.95511 0.89751 0.030483 0.12133 
1264  0.094819 -0.97984 0.90082 0.022781 0.11994 
1265  0.098420 -0.96192 0.89852 0.023472 0.11992 
1266  0.088418 -1.0133 0.90345 0.018933 0.11896 
1267  0.096219 -0.97280 0.90004 0.032856 0.12176 
1268  0.094819 -0.97984 0.90082 -0.033988 0.11351 
1269  0.082817 -1.0443 0.90455 -0.023059 0.11407 
1270  0.080816 -1.0559 0.90485 -0.018761 0.11468 
1271  0.083017 -1.0432 0.90452 -0.022297 0.11411 
1272  0.082016 -1.0489 0.90467 -0.021498 0.11425 
1273  0.096419 -0.97180 0.89988 0.028849 0.12116 
1274  0.093419 -0.98697 0.90159 -0.026952 0.11375 
1275  0.097019 -0.96882 0.89950 0.029541 0.12092 
1276  0.096019 -0.97380 0.90014 0.017814 0.11951 
1277  0.099620 -0.95608 0.89766 0.028967 0.12080 
1278  0.10482 -0.93146 0.89338 0.023071 0.12075 
1279  0.10302 -0.93986 0.89492 0.029918 0.12149 
1280  0.096019 -0.97380 0.90014 0.033473 0.12179 
1281  0.10162 -0.94648 0.89603 0.033496 0.12210 
1282  0.098820 -0.95997 0.89826 0.027289 0.12065 
1283  0.094219 -0.98289 0.90117 0.022722 0.12003 
1284  0.10002 -0.95415 0.89736 0.033322 0.12166 
1285  0.096819 -0.96981 0.89964 0.011570 0.11898 
1286  0.086617 -1.0230 0.90393 -0.032892 0.11393 
1287  0.092218 -0.99316 0.90215 0.024191 0.12074 
1288  0.090018 -1.0047 0.90299 -0.025351 0.11388 
1289  0.10082 -0.95030 0.89673 0.029870 0.12152 
1290  0.094619 -0.98085 0.90094 0.026308 0.12070 
1291  0.099620 -0.95608 0.89766 0.027384 0.12133 
1292  0.10542 -0.92869 0.89284 -0.034851 0.11347 
1293  0.097620 -0.96585 0.89911 0.024610 0.12037 
1294  0.10222 -0.94363 0.89555 0.029390 0.12137 
1295  0.10002 -0.95415 0.89736 -0.046826 0.11301 
1296  0.091418 -0.99733 0.90247 0.021774 0.11982 
1297  0.093419 -0.98697 0.90159 0.030822 0.12125 
1298  0.087017 -1.0209 0.90383 -0.0084009 0.11632 
1299  0.098020 -0.96388 0.89883 0.032354 0.12173 
1300  0.097419 -0.96684 0.89922 -0.030181 0.11444 
1301  0.078816 -1.0677 0.90511 -0.013892 0.11490 
1302  0.10022 -0.95318 0.89722 0.027739 0.12106 
1303  0.093819 -0.98493 0.90138 0.025818 0.12018 
1304  0.094419 -0.98187 0.90108 -0.037488 0.11353 
1305  0.099620 -0.95608 0.89766 0.027663 0.12075 
1306  0.097820 -0.96487 0.89896 0.023855 0.12072 
1307  0.072615 -1.1062 0.90557 -0.023331 0.11375 
1308  0.090018 -1.0047 0.90299 -0.017308 0.11511 
1309  0.092018 -0.99420 0.90223 0.025563 0.11997 
1310  0.092018 -0.99420 0.90223 0.023536 0.11990 
1311  0.092218 -0.99316 0.90215 -0.033518 0.11366 
1312  0.094819 -0.97984 0.90082 -0.019330 0.11563 
1313  0.086417 -1.0241 0.90397 0.036307 0.12115 
1314  0.089418 -1.0079 0.90316 -0.025692 0.11373 
1315  0.094419 -0.98187 0.90108 -0.039330 0.11307 
1316  0.098620 -0.96094 0.89838 0.032083 0.12163 
1317  0.085817 -1.0275 0.90410 -0.032262 0.11325 
1318  0.095419 -0.97681 0.90050 -0.0059726 0.11655 
1319  0.092619 -0.99109 0.90196 -0.016113 0.11552 
1320  0.073015 -1.1037 0.90555 -0.0075496 0.11497 
1321  0.081016 -1.0547 0.90481 -0.013960 0.11449 
1322  0.088418 -1.0133 0.90345 0.025409 0.11973 
1323  0.095619 -0.97581 0.90038 0.036238 0.12115 
1324  0.095819 -0.97480 0.90026 0.026401 0.12084 
1325  0.10062 -0.95126 0.89689 -0.033395 0.11404 
1326  0.097620 -0.96585 0.89911 0.026026 0.12092 
1327  0.089018 -1.0100 0.90328 -0.039457 0.11294 
1328  0.085617 -1.0286 0.90416 -0.033877 0.11318 
1329  0.084017 -1.0375 0.90439 -0.035149 0.11295 
1330  0.10002 -0.95415 0.89736 0.029146 0.12124 
1331  0.089818 -1.0058 0.90305 -0.036814 0.11301 
1332  0.096019 -0.97380 0.90014 -0.040683 0.11271 
1333  0.10302 -0.93986 0.89492 0.039845 0.12278 
1334  0.088818 -1.0111 0.90333 -0.015054 0.11523 
1335  0.092418 -0.99213 0.90206 0.027208 0.12048 
1336  0.090818 -1.0005 0.90271 -0.030693 0.11391 
1337  0.096019 -0.97380 0.90014 -0.043150 0.11306 
1338  0.094619 -0.98085 0.90094 0.017665 0.11974 
1339  0.090818 -1.0005 0.90271 0.024814 0.12040 
1340  0.10022 -0.95318 0.89722 0.035025 0.12199 
1341  0.10082 -0.95030 0.89673 0.023487 0.12053 
1342  0.083217 -1.0421 0.90450 0.014984 0.11793 
1343  0.092619 -0.99109 0.90196 -0.040313 0.11316 
1344  0.096619 -0.97081 0.89977 0.026424 0.12079 
1345  0.099020 -0.95899 0.89813 -0.021898 0.11510 
1346  0.099420 -0.95705 0.89783 -0.049209 0.11246 
1347  0.094419 -0.98187 0.90108 0.022622 0.12040 
1348  0.090818 -1.0005 0.90271 -0.017793 0.11548 
1349  0.10182 -0.94553 0.89586 0.034489 0.12199 
1350  0.099820 -0.95511 0.89751 -0.038259 0.11329 
1351  0.091818 -0.99524 0.90230 -0.027533 0.11394 
1352  0.083617 -1.0398 0.90445 -0.032259 0.11339 
1353  0.10362 -0.93705 0.89452 0.033279 0.12187 
1354  0.096619 -0.97081 0.89977 -0.0066053 0.11680 
1355  0.098020 -0.96388 0.89883 0.022550 0.12029 
1356  0.088218 -1.0143 0.90350 -0.018090 0.11587 
1357  0.10422 -0.93425 0.89394 -0.050086 0.11232 
1358  0.092619 -0.99109 0.90196 -0.0060742 0.11658 
1359  0.096619 -0.97081 0.89977 0.024781 0.12046 
1360  0.090018 -1.0047 0.90299 0.024388 0.12004 
1361  0.095419 -0.97681 0.90050 0.028749 0.12089 
1362  0.10042 -0.95222 0.89704 -0.030427 0.11422 
1363  0.098620 -0.96094 0.89838 0.024958 0.12081 
1364  0.094019 -0.98390 0.90128 0.023082 0.11976 
1365  0.10362 -0.93705 0.89452 0.027363 0.12129 
1366  0.10002 -0.95415 0.89736 -0.021479 0.11528 
1367  0.090818 -1.0005 0.90271 -0.0067926 0.11642 
1368  0.10002 -0.95415 0.89736 0.025262 0.12086 
1369  0.10322 -0.93892 0.89479 0.033759 0.12166 
1370  0.093219 -0.98800 0.90169 0.022917 0.12041 
1371  0.079616 -1.0630 0.90500 -0.0022073 0.11585 
1372  0.097620 -0.96585 0.89911 -0.049141 0.11221 
1373  0.10122 -0.94839 0.89640 0.026033 0.12076 
1374  0.099420 -0.95705 0.89783 0.027967 0.12079 
1375  0.098620 -0.96094 0.89838 0.034216 0.12197 
1376  0.093219 -0.98800 0.90169 -0.015126 0.11539 
1377  0.090818 -1.0005 0.90271 -0.017545 0.11490 
1378  0.091418 -0.99733 0.90247 -0.013385 0.11569 
1379  0.093819 -0.98493 0.90138 -0.047856 0.11238 
1380  0.085217 -1.0308 0.90422 -0.019821 0.11510 
1381  0.094419 -0.98187 0.90108 0.022015 0.11976 
1382  0.099620 -0.95608 0.89766 0.030154 0.12162 
1383  0.099820 -0.95511 0.89751 0.032499 0.12199 
1384  0.099020 -0.95899 0.89813 0.028855 0.12118 
1385  0.092619 -0.99109 0.90196 -0.0043578 0.11671 
1386  0.099020 -0.95899 0.89813 0.029607 0.12082 
1387  0.085817 -1.0275 0.90410 0.031571 0.12033 
1388  0.095619 -0.97581 0.90038 -0.0064843 0.11660 
1389  0.089818 -1.0058 0.90305 -0.021494 0.11469 
1390  0.094419 -0.98187 0.90108 -0.020814 0.11525 
1391  0.093019 -0.98903 0.90178 -0.029057 0.11460 
1392  0.086417 -1.0241 0.90397 -0.027049 0.11407 
1393  0.097019 -0.96882 0.89950 0.025216 0.12070 
1394  0.096019 -0.97380 0.90014 -0.051413 0.11211 
1395  0.097419 -0.96684 0.89922 0.035809 0.12201 
1396  0.099420 -0.95705 0.89783 0.023576 0.12068 
1397  0.097219 -0.96783 0.89936 -0.037325 0.11338 
1398  0.10182 -0.94553 0.89586 0.028142 0.12143 
1399  0.090218 -1.0036 0.90291 -0.0096427 0.11590 
1400  0.10002 -0.95415 0.89736 -0.051903 0.11218 
1401  0.10062 -0.95126 0.89689 0.023541 0.12013 
1402  0.090618 -1.0015 0.90278 -0.032425 0.11366 
1403  0.093419 -0.98697 0.90159 -0.031725 0.11352 
1404  0.10082 -0.95030 0.89673 0.020907 0.12011 
1405  0.097820 -0.96487 0.89896 0.021750 0.12005 
1406  0.080216 -1.0594 0.90492 0.0098673 0.11696 
1407  0.10362 -0.93705 0.89452 0.029045 0.12150 
1408  0.096819 -0.96981 0.89964 0.022531 0.12024 
1409  0.093419 -0.98697 0.90159 0.014681 0.11919 
1410  0.10122 -0.94839 0.89640 0.030167 0.12143 
1411  0.10442 -0.93332 0.89373 0.031850 0.12191 
1412  0.086017 -1.0264 0.90407 0.022033 0.11939 
1413  0.10602 -0.92593 0.89211 0.024844 0.12081 
1414  0.099220 -0.95802 0.89798 0.026372 0.12082 
1415  0.091018 -0.99943 0.90263 0.028572 0.12081 
1416  0.093219 -0.98800 0.90169 -0.016055 0.11572 
1417  0.10342 -0.93798 0.89461 -0.046115 0.11252 
1418  0.095619 -0.97581 0.90038 0.027231 0.12100 
1419  0.098820 -0.95997 0.89826 0.024817 0.12055 
1420  0.092819 -0.99006 0.90187 0.020969 0.12011 
1421  0.096619 -0.97081 0.89977 0.030341 0.12082 
1422  0.098020 -0.96388 0.89883 0.027032 0.12113 
1423  0.094619 -0.98085 0.90094 -0.020921 0.11483 
1424  0.090418 -1.0026 0.90283 0.025750 0.12043 
1425  0.087217 -1.0198 0.90376 -0.023002 0.11444 
1426  0.090218 -1.0036 0.90291 -0.0049843 0.11665 
1427  0.090618 -1.0015 0.90278 -0.029729 0.11398 
1428  0.093819 -0.98493 0.90138 0.010937 0.11889 
1429  0.089818 -1.0058 0.90305 -0.039287 0.11281 
1430  0.092218 -0.99316 0.90215 0.040895 0.12223 
1431  0.099820 -0.95511 0.89751 0.037186 0.12217 
1432  0.10282 -0.94080 0.89508 0.021423 0.12019 
1433  0.090818 -1.0005 0.90271 -0.033493 0.11339 
1434  0.095819 -0.97480 0.90026 0.034561 0.12189 
1435  0.095819 -0.97480 0.90026 0.029616 0.12125 
1436  0.097019 -0.96882 0.89950 -0.040208 0.11321 
1437  0.089018 -1.0100 0.90328 -0.040676 0.11301 
1438  0.089418 -1.0079 0.90316 -0.052188 0.11200 
1439  0.096419 -0.97180 0.89988 0.028480 0.12085 
1440  0.072214 -1.1088 0.90558 0.015589 0.11733 
1441  0.095819 -0.97480 0.90026 0.027654 0.12084 
1442  0.091818 -0.99524 0.90230 0.020844 0.12004 
1443  0.094019 -0.98390 0.90128 0.029670 0.12133 
1444  0.081616 -1.0512 0.90472 0.0015841 0.11599 
1445  0.077015 -1.0786 0.90528 -0.0040239 0.11542 
1446  0.078816 -1.0677 0.90511 -0.014279 0.11499 
1447  0.097219 -0.96783 0.89936 0.027753 0.12081 
1448  0.080416 -1.0582 0.90490 -0.017096 0.11442 
1449  0.097219 -0.96783 0.89936 0.028365 0.12098 
1450  0.10082 -0.95030 0.89673 0.028571 0.12119 
1451  0.077415 -1.0762 0.90522 -0.017482 0.11412 
1452  0.10742 -0.91956 0.89097 0.023196 0.12065 
1453  0.094019 -0.98390 0.90128 0.023974 0.12050 
1454  0.095019 -0.97883 0.90072 -0.040608 0.11315 
1455  0.10102 -0.94934 0.89659 0.028778 0.12108 
1456  0.096619 -0.97081 0.89977 0.029204 0.12096 
1457  0.098220 -0.96290 0.89868 -0.041572 0.11300 
1458  0.10782 -0.91775 0.89075 0.030743 0.12161 
1459  0.097419 -0.96684 0.89922 0.032365 0.12147 
1460  0.099220 -0.95802 0.89798 0.026358 0.12078 
1461  0.091618 -0.99629 0.90238 -0.042772 0.11286 
1462  0.095419 -0.97681 0.90050 -0.054684 0.11170 
1463  0.10162 -0.94648 0.89603 0.024804 0.12055 
1464  0.094219 -0.98289 0.90117 -0.052414 0.11186 
1465  0.099820 -0.95511 0.89751 0.026157 0.12138 
1466  0.095019 -0.97883 0.90072 0.028568 0.12113 
1467  0.096619 -0.97081 0.89977 -0.052474 0.11203 
1468  0.097620 -0.96585 0.89911 0.026176 0.12071 
1469  0.089418 -1.0079 0.90316 0.024927 0.12028 
1470  0.099820 -0.95511 0.89751 0.018303 0.11998 
1471  0.097620 -0.96585 0.89911 0.028101 0.12078 
1472  0.091018 -0.99943 0.90263 -0.019924 0.11482 
1473  0.086217 -1.0252 0.90401 -0.023435 0.11451 
1474  0.10422 -0.93425 0.89394 -0.031685 0.11428 
1475  0.096219 -0.97280 0.90004 -0.052455 0.11215 
1476  0.091418 -0.99733 0.90247 -0.023449 0.11474 
1477  0.090818 -1.0005 0.90271 -0.019326 0.11523 
1478  0.097820 -0.96487 0.89896 0.033854 0.12204 
1479  0.10082 -0.95030 0.89673 -0.049282 0.11228 
1480  0.089018 -1.0100 0.90328 0.022433 0.11928 
1481  0.093219 -0.98800 0.90169 0.024588 0.11987 
1482  0.092418 -0.99213 0.90206 0.023433 0.12005 
1483  0.099620 -0.95608 0.89766 -0.031900 0.11407 
1484  0.096619 -0.97081 0.89977 -0.031066 0.11405 
1485  0.10022 -0.95318 0.89722 -0.028456 0.11484 
1486  0.092819 -0.99006 0.90187 -0.035842 0.11370 
1487  0.093419 -0.98697 0.90159 0.022350 0.12008 
1488  0.097219 -0.96783 0.89936 0.029441 0.12107 
1489  0.097019 -0.96882 0.89950 0.027323 0.12079 
1490  0.10202 -0.94458 0.89565 0.024616 0.12036 
1491  0.090618 -1.0015 0.90278 -0.013604 0.11547 
1492  0.084617 -1.0341 0.90431 -0.017534 0.11527 
1493  0.10042 -0.95222 0.89704 0.029898 0.12117 
1494  0.10562 -0.92777 0.89256 0.026715 0.12085 
1495  0.090018 -1.0047 0.90299 -0.020374 0.11485 
1496  0.096419 -0.97180 0.89988 -0.044135 0.11269 
1497  0.094619 -0.98085 0.90094 0.022631 0.12020 
1498  0.095419 -0.97681 0.90050 0.034512 0.12223 
1499  0.095019 -0.97883 0.90072 0.037642 0.12226 
1500  0.085017 -1.0319 0.90425 -0.016320 0.11494 
1501  0.098220 -0.96290 0.89868 0.031539 0.12179 
1502  0.10462 -0.93239 0.89351 0.028883 0.12143 
1503  0.091418 -0.99733 0.90247 0.026136 0.12010 
1504  0.092619 -0.99109 0.90196 0.020230 0.12000 
1505  0.088218 -1.0143 0.90350 -0.024190 0.11451 
1506  0.097620 -0.96585 0.89911 0.018000 0.11961 
1507  0.094419 -0.98187 0.90108 -0.039196 0.11335 
1508  0.097620 -0.96585 0.89911 0.040377 0.12190 
1509  0.094219 -0.98289 0.90117 0.032672 0.12127 
1510  0.089818 -1.0058 0.90305 -0.032800 0.11318 
1511  0.090818 -1.0005 0.90271 -0.035985 0.11324 
1512  0.092218 -0.99316 0.90215 -0.039930 0.11315 
1513  0.099420 -0.95705 0.89783 0.025640 0.12016 
1514  0.098620 -0.96094 0.89838 -0.042240 0.11308 
1515  0.098020 -0.96388 0.89883 -0.036835 0.11331 
1516  0.090618 -1.0015 0.90278 0.034328 0.12113 
1517  0.096619 -0.97081 0.89977 -0.040772 0.11309 
1518  0.081616 -1.0512 0.90472 -0.020561 0.11381 
1519  0.099220 -0.95802 0.89798 0.026865 0.12109 
1520  0.10362 -0.93705 0.89452 0.037945 0.12258 
1521  0.10102 -0.94934 0.89659 0.033086 0.12183 
1522  0.083617 -1.0398 0.90445 0.040892 0.12164 
1523  0.094419 -0.98187 0.90108 0.034874 0.12211 
1524  0.10282 -0.94080 0.89508 -0.050575 0.11216 
1525  0.10062 -0.95126 0.89689 -0.058661 0.11182 
1526  0.079016 -1.0665 0.90508 -0.010435 0.11526 
1527  0.092018 -0.99420 0.90223 -0.0051583 0.11623 
1528  0.081816 -1.0501 0.90469 -0.011685 0.11489 
1529  0.075015 -1.0910 0.90543 -0.0049504 0.11541 
1530  0.094219 -0.98289 0.90117 0.015351 0.11921 
1531  0.096019 -0.97380 0.90014 -0.034600 0.11405 
1532  0.098820 -0.95997 0.89826 0.031057 0.12117 
1533  0.096619 -0.97081 0.89977 -0.049975 0.11241 
1534  0.10022 -0.95318 0.89722 -0.049940 0.11245 
1535  0.10142 -0.94743 0.89618 -0.058154 0.11191 
1536  0.095619 -0.97581 0.90038 -0.042174 0.11309 
1537  0.096019 -0.97380 0.90014 -0.019735 0.11515 
1538  0.096419 -0.97180 0.89988 0.024930 0.12071 
1539  0.097219 -0.96783 0.89936 -0.034183 0.11393 
1540  0.096419 -0.97180 0.89988 0.028983 0.12108 
1541  0.094219 -0.98289 0.90117 -0.044768 0.11245 
1542  0.089418 -1.0079 0.90316 0.024876 0.12025 
1543  0.098220 -0.96290 0.89868 0.026371 0.12071 
1544  0.091218 -0.99838 0.90255 -0.027959 0.11439 
1545  0.093619 -0.98595 0.90149 0.019412 0.11995 
1546  0.10042 -0.95222 0.89704 -0.048378 0.11243 
1547  0.098220 -0.96290 0.89868 -0.033826 0.11395 
1548  0.10362 -0.93705 0.89452 -0.053245 0.11229 
1549  0.088618 -1.0122 0.90342 -0.041408 0.11302 
1550  0.094019 -0.98390 0.90128 0.023699 0.12064 
1551  0.098020 -0.96388 0.89883 -0.044107 0.11265 
1552  0.10042 -0.95222 0.89704 0.019405 0.12018 
1553  0.097620 -0.96585 0.89911 -0.017495 0.11570 
1554  0.084217 -1.0364 0.90436 -0.016918 0.11554 
1555  0.093219 -0.98800 0.90169 0.027878 0.12085 
1556  0.096419 -0.97180 0.89988 -0.034532 0.11369 
1557  0.099620 -0.95608 0.89766 0.023606 0.12048 
1558  0.088818 -1.0111 0.90333 -0.035126 0.11338 
1559  0.093619 -0.98595 0.90149 -0.046865 0.11224 
1560  0.094819 -0.97984 0.90082 -0.053325 0.11217 
1561  0.10242 -0.94269 0.89538 0.026595 0.12092 
1562  0.10202 -0.94458 0.89565 0.026767 0.12073 
1563  0.093619 -0.98595 0.90149 0.023725 0.12042 
1564  0.10482 -0.93146 0.89338 0.036139 0.12256 
1565  0.093619 -0.98595 0.90149 0.020468 0.11940 
1566  0.094619 -0.98085 0.90094 0.028711 0.12059 
1567  0.092819 -0.99006 0.90187 -0.014664 0.11568 
1568  0.090818 -1.0005 0.90271 0.022645 0.12008 
1569  0.091218 -0.99838 0.90255 0.021661 0.11987 
1570  0.092218 -0.99316 0.90215 0.040317 0.12238 
1571  0.096219 -0.97280 0.90004 -0.054287 0.11177 
1572  0.10362 -0.93705 0.89452 0.029292 0.12156 
1573  0.095619 -0.97581 0.90038 -0.038027 0.11317 
1574  0.096219 -0.97280 0.90004 -0.045098 0.11295 
1575  0.098820 -0.95997 0.89826 0.031832 0.12110 
1576  0.10142 -0.94743 0.89618 0.034403 0.12167 
1577  0.088018 -1.0154 0.90355 0.029975 0.12076 
1578  0.086217 -1.0252 0.90401 0.017278 0.11942 
1579  0.096819 -0.96981 0.89964 0.035373 0.12203 
1580  0.086017 -1.0264 0.90407 -0.013823 0.11540 
1581  0.10182 -0.94553 0.89586 0.029424 0.12122 
1582  0.090818 -1.0005 0.90271 -0.028596 0.11381 
1583  0.092619 -0.99109 0.90196 -0.029743 0.11387 
1584  0.090018 -1.0047 0.90299 -0.032311 0.11367 
1585  0.086417 -1.0241 0.90397 -0.024497 0.11410 
1586  0.093019 -0.98903 0.90178 -0.030992 0.11389 
1587  0.094619 -0.98085 0.90094 -0.031705 0.11378 
1588  0.098820 -0.95997 0.89826 0.028628 0.12084 
1589  0.092619 -0.99109 0.90196 0.022374 0.12018 
1590  0.082016 -1.0489 0.90467 -0.026699 0.11379 
1591  0.095419 -0.97681 0.90050 0.037506 0.12191 
1592  0.092819 -0.99006 0.90187 0.024389 0.12064 
1593  0.096019 -0.97380 0.90014 0.027250 0.12078 
1594  0.10042 -0.95222 0.89704 0.031221 0.12145 
1595  0.096019 -0.97380 0.90014 0.025913 0.12077 
1596  0.088218 -1.0143 0.90350 0.031147 0.12112 
1597  0.099420 -0.95705 0.89783 0.020311 0.11983 
1598  0.10522 -0.92961 0.89299 0.025318 0.12127 
1599  0.091818 -0.99524 0.90230 0.022039 0.12029 
1600  0.095419 -0.97681 0.90050 0.025173 0.12116 
1601  0.089218 -1.0090 0.90322 -0.041050 0.11299 
1602  0.10002 -0.95415 0.89736 0.012913 0.11908 
1603  0.093019 -0.98903 0.90178 -0.041738 0.11271 
1604  0.10022 -0.95318 0.89722 0.019918 0.12036 
1605  0.095819 -0.97480 0.90026 -0.054977 0.11174 
1606  0.098820 -0.95997 0.89826 0.036934 0.12215 
1607  0.092018 -0.99420 0.90223 0.019525 0.11942 
1608  0.10042 -0.95222 0.89704 0.035266 0.12250 
1609  0.10082 -0.95030 0.89673 0.022348 0.12044 
1610  0.097820 -0.96487 0.89896 0.021434 0.11983 
1611  0.089618 -1.0068 0.90310 0.032318 0.12112 
1612  0.084417 -1.0353 0.90435 -0.021590 0.11465 
1613  0.097820 -0.96487 0.89896 0.028390 0.12132 
1614  0.088018 -1.0154 0.90355 0.038866 0.12173 
1615  0.084217 -1.0364 0.90436 0.031728 0.12091 
1616  0.094419 -0.98187 0.90108 -0.043179 0.11277 
1617  0.092018 -0.99420 0.90223 0.020814 0.11966 
1618  0.098620 -0.96094 0.89838 0.0091407 0.11850 
1619  0.074815 -1.0922 0.90544 -0.0042779 0.11523 
1620  0.085417 -1.0297 0.90419 -0.0090921 0.11602 
1621  0.094819 -0.97984 0.90082 -0.047325 0.11227 
1622  0.096819 -0.96981 0.89964 -0.049774 0.11221 
1623  0.092819 -0.99006 0.90187 -0.038353 0.11315 
1624  0.094019 -0.98390 0.90128 -0.046288 0.11235 
1625  0.093419 -0.98697 0.90159 -0.038304 0.11341 
1626  0.089018 -1.0100 0.90328 -0.038171 0.11343 
1627  0.082617 -1.0455 0.90459 -0.019293 0.11484 
1628  0.10162 -0.94648 0.89603 0.042355 0.12358 
1629  0.088018 -1.0154 0.90355 -0.025477 0.11399 
1630  0.098420 -0.96192 0.89852 0.059908 0.12475 
1631  0.096819 -0.96981 0.89964 0.029163 0.12098 
1632  0.090218 -1.0036 0.90291 -0.024678 0.11444 
1633  0.077816 -1.0738 0.90519 -0.025253 0.11357 
1634  0.094819 -0.97984 0.90082 -0.043608 0.11260 
1635  0.094419 -0.98187 0.90108 -0.049030 0.11234 
1636  0.098220 -0.96290 0.89868 0.038134 0.12254 
1637  0.093219 -0.98800 0.90169 0.028895 0.12107 
1638  0.097219 -0.96783 0.89936 0.027577 0.12079 
1639  0.099620 -0.95608 0.89766 -0.024366 0.11522 
1640  0.095019 -0.97883 0.90072 -0.039679 0.11321 
1641  0.099020 -0.95899 0.89813 0.030325 0.12147 
1642  0.10002 -0.95415 0.89736 0.030385 0.12134 
1643  0.10522 -0.92961 0.89299 0.018955 0.12012 
1644  0.096619 -0.97081 0.89977 0.020498 0.12012 
1645  0.092819 -0.99006 0.90187 -0.016346 0.11542 
1646  0.095819 -0.97480 0.90026 -0.038147 0.11312 
1647  0.091618 -0.99629 0.90238 0.026982 0.12072 
1648  0.096619 -0.97081 0.89977 -0.040564 0.11303 
1649  0.094819 -0.97984 0.90082 -0.0087066 0.11651 
1650  0.095419 -0.97681 0.90050 -0.043677 0.11249 
1651  0.088618 -1.0122 0.90342 0.026718 0.12066 
1652  0.086017 -1.0264 0.90407 -0.020511 0.11465 
1653  0.097219 -0.96783 0.89936 -0.036069 0.11361 
1654  0.096219 -0.97280 0.90004 -0.020594 0.11523 
1655  0.094019 -0.98390 0.90128 -0.048897 0.11218 
1656  0.094819 -0.97984 0.90082 0.021914 0.11987 
1657  0.095819 -0.97480 0.90026 0.030262 0.12103 
1658  0.10182 -0.94553 0.89586 0.034217 0.12162 
1659  0.096219 -0.97280 0.90004 -0.048553 0.11231 
1660  0.091418 -0.99733 0.90247 -0.028982 0.11418 
1661  0.098820 -0.95997 0.89826 -0.010555 0.11643 
1662  0.094219 -0.98289 0.90117 0.031145 0.12115 
1663  0.088018 -1.0154 0.90355 -0.038645 0.11259 
1664  0.095219 -0.97782 0.90061 0.024172 0.12034 
1665  0.099220 -0.95802 0.89798 0.033317 0.12177 
1666  0.087818 -1.0165 0.90360 -0.020746 0.11500 
1667  0.097820 -0.96487 0.89896 -0.018196 0.11592 
1668  0.091818 -0.99524 0.90230 0.034177 0.12166 
1669  0.091418 -0.99733 0.90247 -0.015633 0.11500 
1670  0.097620 -0.96585 0.89911 0.025919 0.12075 
1671  0.091018 -0.99943 0.90263 -0.027552 0.11445 
1672  0.093019 -0.98903 0.90178 0.025485 0.12053 
1673  0.089018 -1.0100 0.90328 -0.017256 0.11524 
1674  0.099020 -0.95899 0.89813 -0.017535 0.11530 
1675  0.094619 -0.98085 0.90094 0.034323 0.12170 
1676  0.091818 -0.99524 0.90230 -0.039967 0.11300 
1677  0.097620 -0.96585 0.89911 0.024716 0.12006 
1678  0.097219 -0.96783 0.89936 -0.026282 0.11442 
1679  0.099020 -0.95899 0.89813 0.035562 0.12181 
1680  0.088018 -1.0154 0.90355 -0.040122 0.11311 
1681  0.095019 -0.97883 0.90072 -0.038935 0.11292 
1682  0.092418 -0.99213 0.90206 -0.020495 0.11489 
1683  0.098220 -0.96290 0.89868 -0.055442 0.11181 
1684  0.095419 -0.97681 0.90050 -0.029109 0.11407 
1685  0.087217 -1.0198 0.90376 -0.0086122 0.11589 
1686  0.090418 -1.0026 0.90283 -0.034895 0.11362 
1687  0.092619 -0.99109 0.90196 -0.021236 0.11484 
1688  0.10102 -0.94934 0.89659 0.032089 0.12170 
1689  0.091618 -0.99629 0.90238 -0.0077915 0.11619 
1690  0.096819 -0.96981 0.89964 -0.011654 0.11572 
1691  0.095219 -0.97782 0.90061 -0.020187 0.11462 
1692  0.094819 -0.97984 0.90082 -0.047751 0.11214 
1693  0.093619 -0.98595 0.90149 0.027191 0.12068 
1694  0.090818 -1.0005 0.90271 0.024526 0.12022 
1695  0.086817 -1.0220 0.90389 0.025609 0.12052 
1696  0.093619 -0.98595 0.90149 -0.012749 0.11591 
1697  0.094619 -0.98085 0.90094 0.017661 0.11983 
1698  0.092619 -0.99109 0.90196 -0.046605 0.11217 
1699  0.093619 -0.98595 0.90149 -0.049668 0.11219 
1700  0.086817 -1.0220 0.90389 -0.026285 0.11382 
1701  0.10102 -0.94934 0.89659 0.023540 0.12055 
1702  0.091018 -0.99943 0.90263 -0.043423 0.11296 
1703  0.093019 -0.98903 0.90178 0.019670 0.11982 
1704  0.097219 -0.96783 0.89936 0.029648 0.12135 
1705  0.10022 -0.95318 0.89722 -0.050288 0.11235 
1706  0.093419 -0.98697 0.90159 0.031070 0.12122 
1707  0.095019 -0.97883 0.90072 0.033419 0.12185 
1708  0.094019 -0.98390 0.90128 0.023892 0.12045 
1709  0.098820 -0.95997 0.89826 0.029150 0.12087 
1710  0.10002 -0.95415 0.89736 -0.050045 0.11233 
1711  0.096419 -0.97180 0.89988 -0.036288 0.11343 
1712  0.091418 -0.99733 0.90247 -0.040817 0.11297 
1713  0.081016 -1.0547 0.90481 -0.019924 0.11426 
1714  0.099020 -0.95899 0.89813 0.025195 0.12045 
1715  0.094019 -0.98390 0.90128 -0.029820 0.11389 
1716  0.087618 -1.0176 0.90364 0.016466 0.11877 
1717  0.10062 -0.95126 0.89689 0.038374 0.12291 
1718  0.083817 -1.0387 0.90442 0.031375 0.12034 
1719  0.093819 -0.98493 0.90138 0.023516 0.12040 
1720  0.090218 -1.0036 0.90291 0.031937 0.12073 
1721  0.092018 -0.99420 0.90223 0.026060 0.11999 
1722  0.093419 -0.98697 0.90159 -0.018125 0.11527 
1723  0.097620 -0.96585 0.89911 -0.014829 0.11611 
1724  0.093819 -0.98493 0.90138 0.031625 0.12133 
1725  0.098220 -0.96290 0.89868 -0.048976 0.11240 
1726  0.091018 -0.99943 0.90263 0.029647 0.12145 
1727  0.097419 -0.96684 0.89922 -0.052578 0.11234 
1728  0.089218 -1.0090 0.90322 -0.034719 0.11327 
1729  0.10382 -0.93611 0.89430 0.035296 0.12216 
1730  0.092018 -0.99420 0.90223 -0.025093 0.11444 
1731  0.10262 -0.94174 0.89525 0.031993 0.12160 
1732  0.092218 -0.99316 0.90215 -0.049227 0.11218 
1733  0.096219 -0.97280 0.90004 -0.035992 0.11339 
1734  0.097820 -0.96487 0.89896 -0.048225 0.11216 
1735  0.10142 -0.94743 0.89618 -0.046892 0.11285 
1736  0.093819 -0.98493 0.90138 -0.046790 0.11277 
1737  0.097820 -0.96487 0.89896 -0.053001 0.11176 
1738  0.099020 -0.95899 0.89813 -0.048686 0.11212 
1739  0.098220 -0.96290 0.89868 -0.047900 0.11256 
1740  0.090218 -1.0036 0.90291 -0.028060 0.11374 
1741  0.092418 -0.99213 0.90206 -0.050644 0.11197 
1742  0.096619 -0.97081 0.89977 -0.049229 0.11227 
1743  0.098220 -0.96290 0.89868 -0.050935 0.11246 
1744  0.096619 -0.97081 0.89977 -0.054165 0.11187 
1745  0.094219 -0.98289 0.90117 -0.034752 0.11343 
1746  0.097620 -0.96585 0.89911 -0.049425 0.11218 
1747  0.095619 -0.97581 0.90038 0.026774 0.12101 
1748  0.076015 -1.0848 0.90534 0.019966 0.11842 
1749  0.10422 -0.93425 0.89394 0.032818 0.12166 
1750  0.084617 -1.0341 0.90431 -0.0076636 0.11568 
1751  0.098220 -0.96290 0.89868 0.0017924 0.11747 
1752  0.089018 -1.0100 0.90328 0.031108 0.12071 
1753  0.10022 -0.95318 0.89722 0.027266 0.12043 
1754  0.087818 -1.0165 0.90360 0.033752 0.12091 
1755  0.098620 -0.96094 0.89838 -0.027484 0.11428 
1756  0.095019 -0.97883 0.90072 0.018765 0.11960 
1757  0.087217 -1.0198 0.90376 -0.033434 0.11338 
1758  0.090818 -1.0005 0.90271 0.017401 0.11938 
1759  0.093819 -0.98493 0.90138 0.021287 0.11988 
1760  0.10622 -0.92502 0.89195 0.029873 0.12163 
1761  0.10102 -0.94934 0.89659 -0.052942 0.11183 
1762  0.099020 -0.95899 0.89813 0.023483 0.12060 
1763  0.099020 -0.95899 0.89813 -0.054029 0.11197 
1764  0.092218 -0.99316 0.90215 0.023865 0.12044 
1765  0.095419 -0.97681 0.90050 0.020033 0.11992 
1766  0.095619 -0.97581 0.90038 0.021592 0.12038 
1767  0.093419 -0.98697 0.90159 -0.035442 0.11357 
1768  0.097219 -0.96783 0.89936 0.024231 0.12052 
1769  0.093219 -0.98800 0.90169 -0.046993 0.11214 
1770  0.099220 -0.95802 0.89798 -0.045920 0.11264 
1771  0.097419 -0.96684 0.89922 0.024873 0.12029 
1772  0.10162 -0.94648 0.89603 0.043172 0.12256 
1773  0.095219 -0.97782 0.90061 0.027275 0.12078 
1774  0.099220 -0.95802 0.89798 0.026974 0.12094 
1775  0.10002 -0.95415 0.89736 0.026674 0.12111 
1776  0.097820 -0.96487 0.89896 0.035673 0.12204 
1777  0.097419 -0.96684 0.89922 0.033451 0.12163 
1778  0.090218 -1.0036 0.90291 0.046094 0.12251 
1779  0.090418 -1.0026 0.90283 -0.033278 0.11356 
1780  0.10222 -0.94363 0.89555 0.037545 0.12268 
1781  0.10222 -0.94363 0.89555 0.034168 0.12206 
1782  0.097219 -0.96783 0.89936 -0.052849 0.11203 
1783  0.10022 -0.95318 0.89722 0.037275 0.12282 
1784  0.097820 -0.96487 0.89896 0.024863 0.12065 
1785  0.097219 -0.96783 0.89936 0.024201 0.12060 
1786  0.094419 -0.98187 0.90108 0.024030 0.12049 
1787  0.10722 -0.92046 0.89115 0.030857 0.12191 
1788  0.098420 -0.96192 0.89852 0.020876 0.12000 
1789  0.097219 -0.96783 0.89936 0.014049 0.11939 
1790  0.095819 -0.97480 0.90026 -0.017699 0.11539 
1791  0.083017 -1.0432 0.90452 -0.017294 0.11501 
1792  0.10122 -0.94839 0.89640 0.042118 0.12311 
1793  0.091018 -0.99943 0.90263 -0.043131 0.11266 
1794  0.095219 -0.97782 0.90061 -0.034434 0.11309 
1795  0.082016 -1.0489 0.90467 0.0037491 0.11654 
1796  0.086817 -1.0220 0.90389 -0.013558 0.11521 
1797  0.078416 -1.0701 0.90514 0.00095866 0.11634 
1798  0.077215 -1.0774 0.90525 -0.0026185 0.11592 
1799  0.10022 -0.95318 0.89722 0.018982 0.12053 
1800  0.10222 -0.94363 0.89555 0.031343 0.12164 
1801  0.086617 -1.0230 0.90393 0.020422 0.11920 
1802  0.096219 -0.97280 0.90004 -0.034723 0.11369 
1803  0.094619 -0.98085 0.90094 -0.028250 0.11422 
1804  0.092819 -0.99006 0.90187 -0.033442 0.11335 
1805  0.088818 -1.0111 0.90333 0.025356 0.12015 
1806  0.10042 -0.95222 0.89704 -0.010599 0.11640 
1807  0.090418 -1.0026 0.90283 -0.045391 0.11243 
1808  0.097820 -0.96487 0.89896 -0.032066 0.11425 
1809  0.10062 -0.95126 0.89689 0.027551 0.12107 
1810  0.099220 -0.95802 0.89798 0.035709 0.12165 
1811  0.10362 -0.93705 0.89452 0.020157 0.12045 
1812  0.098820 -0.95997 0.89826 0.022999 0.12077 
1813  0.097219 -0.96783 0.89936 0.034889 0.12186 
1814  0.091018 -0.99943 0.90263 0.021365 0.11952 
1815  0.096819 -0.96981 0.89964 0.022676 0.11998 
1816  0.079616 -1.0630 0.90500 5.7850e-05 0.11584 
1817  0.091618 -0.99629 0.90238 0.028566 0.12095 
1818  0.093019 -0.98903 0.90178 0.023613 0.12013 
1819  0.088618 -1.0122 0.90342 0.022387 0.11967 
1820  0.094019 -0.98390 0.90128 -0.037166 0.11375 
1821  0.10602 -0.92593 0.89211 0.027414 0.12154 
1822  0.10442 -0.93332 0.89373 0.030420 0.12194 
1823  0.099820 -0.95511 0.89751 0.032897 0.12168 
1824  0.097419 -0.96684 0.89922 0.031646 0.12142 
1825  0.096219 -0.97280 0.90004 0.022321 0.12001 
1826  0.096619 -0.97081 0.89977 -0.029507 0.11422 
1827  0.099620 -0.95608 0.89766 0.030351 0.12143 
1828  0.092819 -0.99006 0.90187 -0.038813 0.11304 
1829  0.087017 -1.0209 0.90383 0.020239 0.11955 
1830  0.097620 -0.96585 0.89911 -0.046018 0.11250 
1831  0.10142 -0.94743 0.89618 0.037048 0.12274 
1832  0.096219 -0.97280 0.90004 -0.011275 0.11623 
1833  0.094419 -0.98187 0.90108 0.031882 0.12098 
1834  0.096019 -0.97380 0.90014 -0.047822 0.11248 
1835  0.093019 -0.98903 0.90178 -0.050287 0.11212 
1836  0.095419 -0.97681 0.90050 -0.0042833 0.11685 
1837  0.091018 -0.99943 0.90263 -0.00011188 0.11715 
1838  0.092018 -0.99420 0.90223 -0.034731 0.11338 
1839  0.079216 -1.0653 0.90506 -0.0037019 0.11601 
1840  0.10102 -0.94934 0.89659 0.028929 0.12136 
1841  0.089418 -1.0079 0.90316 0.027204 0.12064 
1842  0.090218 -1.0036 0.90291 0.0018691 0.11737 
1843  0.094419 -0.98187 0.90108 0.027305 0.12049 
1844  0.094219 -0.98289 0.90117 -0.035604 0.11333 
1845  0.095019 -0.97883 0.90072 -0.039977 0.11315 
1846  0.096619 -0.97081 0.89977 -0.041528 0.11330 
1847  0.10182 -0.94553 0.89586 0.026679 0.12089 
1848  0.086817 -1.0220 0.90389 -0.0020967 0.11695 
1849  0.091618 -0.99629 0.90238 0.022348 0.11989 
1850  0.091418 -0.99733 0.90247 -0.011989 0.11635 
1851  0.093619 -0.98595 0.90149 -0.0070009 0.11639 
1852  0.10422 -0.93425 0.89394 0.032705 0.12194 
1853  0.098620 -0.96094 0.89838 0.015079 0.11927 
1854  0.10042 -0.95222 0.89704 0.026805 0.12091 
1855  0.092018 -0.99420 0.90223 -0.049580 0.11230 
1856  0.097019 -0.96882 0.89950 0.024068 0.12048 
1857  0.071414 -1.1140 0.90562 -0.0036365 0.11537 
1858  0.091018 -0.99943 0.90263 0.00065375 0.11731 
1859  0.090618 -1.0015 0.90278 0.023819 0.11978 
1860  0.095219 -0.97782 0.90061 0.029079 0.12087 
1861  0.096819 -0.96981 0.89964 -0.0074765 0.11662 
1862  0.093419 -0.98697 0.90159 0.027008 0.12087 
1863  0.10462 -0.93239 0.89351 0.033143 0.12184 
1864  0.098420 -0.96192 0.89852 -0.033907 0.11400 
1865  0.10402 -0.93518 0.89414 0.029511 0.12167 
1866  0.088618 -1.0122 0.90342 -0.0093872 0.11602 
1867  0.092619 -0.99109 0.90196 -0.0082885 0.11631 
1868  0.095819 -0.97480 0.90026 0.027667 0.12085 
1869  0.085617 -1.0286 0.90416 -0.035266 0.11305 
1870  0.10042 -0.95222 0.89704 0.018632 0.11969 
1871  0.093819 -0.98493 0.90138 -0.052057 0.11199 
1872  0.085017 -1.0319 0.90425 -0.040766 0.11248 
1873  0.080016 -1.0606 0.90495 0.0034140 0.11628 
1874  0.098420 -0.96192 0.89852 0.024173 0.12042 
1875  0.094419 -0.98187 0.90108 -0.011961 0.11624 
1876  0.089618 -1.0068 0.90310 -0.035799 0.11313 
1877  0.092018 -0.99420 0.90223 -0.022579 0.11436 
1878  0.096819 -0.96981 0.89964 0.015768 0.11928 
1879  0.082216 -1.0478 0.90464 -0.021214 0.11451 
1880  0.098220 -0.96290 0.89868 0.027991 0.12146 
1881  0.097620 -0.96585 0.89911 0.025579 0.12048 
1882  0.096819 -0.96981 0.89964 -0.053354 0.11205 
1883  0.10582 -0.92685 0.89234 0.021771 0.12029 
1884  0.095019 -0.97883 0.90072 0.030391 0.12103 
1885  0.099020 -0.95899 0.89813 0.032764 0.12172 
1886  0.091618 -0.99629 0.90238 0.025942 0.12045 
1887  0.10222 -0.94363 0.89555 0.027714 0.12126 
1888  0.099620 -0.95608 0.89766 0.012389 0.11924 
1889  0.090818 -1.0005 0.90271 -0.024540 0.11449 
1890  0.087017 -1.0209 0.90383 0.019819 0.11936 
1891  0.090218 -1.0036 0.90291 -0.019255 0.11521 
1892  0.099420 -0.95705 0.89783 0.027593 0.12115 
1893  0.080416 -1.0582 0.90490 -0.023339 0.11384 
1894  0.096419 -0.97180 0.89988 0.029033 0.12107 
1895  0.081216 -1.0536 0.90477 -0.040168 0.11279 
1896  0.10382 -0.93611 0.89430 0.021164 0.12092 
1897  0.097419 -0.96684 0.89922 0.024907 0.12092 
1898  0.098620 -0.96094 0.89838 0.022581 0.12013 
1899  0.098220 -0.96290 0.89868 0.017623 0.11977 
1900  0.10182 -0.94553 0.89586 -0.022942 0.11519 
1901  0.096219 -0.97280 0.90004 0.029898 0.12108 
1902  0.080416 -1.0582 0.90490 -0.020964 0.11454 
1903  0.094819 -0.97984 0.90082 -0.030433 0.11380 
1904  0.095619 -0.97581 0.90038 0.026231 0.12086 
1905  0.10042 -0.95222 0.89704 0.027327 0.12142 
1906  0.10362 -0.93705 0.89452 0.031369 0.12138 
1907  0.10182 -0.94553 0.89586 0.033707 0.12185 
1908  0.081216 -1.0536 0.90477 -0.025348 0.11372 
1909  0.10142 -0.94743 0.89618 0.029806 0.12146 
1910  0.080416 -1.0582 0.90490 -0.020644 0.11409 
1911  0.10422 -0.93425 0.89394 0.032466 0.12180 
1912  0.091418 -0.99733 0.90247 0.031298 0.12070 
1913  0.077616 -1.0750 0.90520 -0.012884 0.11470 
1914  0.098620 -0.96094 0.89838 0.017234 0.11952 
1915  0.093419 -0.98697 0.90159 -0.026842 0.11430 
1916  0.085217 -1.0308 0.90422 0.023174 0.11994 
1917  0.089018 -1.0100 0.90328 -0.0072172 0.11658 
1918  0.091018 -0.99943 0.90263 0.029585 0.12120 
1919  0.10502 -0.93054 0.89318 -0.054389 0.11220 
1920  0.079816 -1.0618 0.90497 -0.0081460 0.11530 
1921  0.086017 -1.0264 0.90407 -0.029794 0.11353 
1922  0.10082 -0.95030 0.89673 0.028830 0.12148 
1923  0.097820 -0.96487 0.89896 0.031934 0.12193 
1924  0.10102 -0.94934 0.89659 0.023959 0.12028 
1925  0.085817 -1.0275 0.90410 -0.019513 0.11437 
1926  0.096619 -0.97081 0.89977 -0.027598 0.11467 
1927  0.098020 -0.96388 0.89883 0.039054 0.12235 
1928  0.10002 -0.95415 0.89736 -0.048989 0.11234 
1929  0.090418 -1.0026 0.90283 -0.043218 0.11254 
1930  0.079016 -1.0665 0.90508 -0.0055649 0.11531 
1931  0.10102 -0.94934 0.89659 0.034388 0.12183 
1932  0.10222 -0.94363 0.89555 0.037224 0.12237 
1933  0.097820 -0.96487 0.89896 0.034964 0.12172 
1934  0.091818 -0.99524 0.90230 0.025269 0.12013 
1935  0.10502 -0.93054 0.89318 0.030966 0.12124 
1936  0.10022 -0.95318 0.89722 0.028093 0.12169 
1937  0.099220 -0.95802 0.89798 0.035431 0.12238 
1938  0.099220 -0.95802 0.89798 -0.0079126 0.11672 
1939  0.084817 -1.0330 0.90427 -0.0031225 0.11695 
1940  0.097620 -0.96585 0.89911 0.028951 0.12111 
1941  0.094419 -0.98187 0.90108 -0.048353 0.11223 
1942  0.10542 -0.92869 0.89284 -0.041771 0.11358 
1943  0.097820 -0.96487 0.89896 -0.056803 0.11184 
1944  0.097620 -0.96585 0.89911 0.028246 0.12125 
1945  0.099220 -0.95802 0.89798 -0.053453 0.11220 
1946  0.095019 -0.97883 0.90072 -0.045626 0.11252 
1947  0.10002 -0.95415 0.89736 0.032152 0.12203 
1948  0.099220 -0.95802 0.89798 -0.047255 0.11269 
1949  0.10202 -0.94458 0.89565 0.032200 0.12176 
1950  0.10102 -0.94934 0.89659 -0.016196 0.11599 
1951  0.083417 -1.0409 0.90447 5.1614e-05 0.11662 
1952  0.099420 -0.95705 0.89783 -0.048896 0.11271 
1953  0.093219 -0.98800 0.90169 -0.028134 0.11446 
1954  0.087417 -1.0187 0.90369 -0.020062 0.11482 
1955  0.096419 -0.97180 0.89988 -0.010990 0.11636 
1956  0.094019 -0.98390 0.90128 0.022209 0.11991 
1957  0.10002 -0.95415 0.89736 -0.032230 0.11404 
1958  0.091018 -0.99943 0.90263 0.029494 0.12069 
1959  0.10082 -0.95030 0.89673 0.025022 0.12056 
1960  0.092819 -0.99006 0.90187 -0.010279 0.11594 
1961  0.095819 -0.97480 0.90026 -0.010873 0.11662 
1962  0.10562 -0.92777 0.89256 0.023928 0.12059 
1963  0.099020 -0.95899 0.89813 0.020174 0.11999 
1964  0.090418 -1.0026 0.90283 -0.031861 0.11381 
1965  0.096819 -0.96981 0.89964 0.018838 0.11986 
1966  0.094619 -0.98085 0.90094 -0.043853 0.11294 
1967  0.098620 -0.96094 0.89838 -0.041323 0.11308 
1968  0.096819 -0.96981 0.89964 -0.045954 0.11254 
1969  0.086817 -1.0220 0.90389 -0.044077 0.11279 
1970  0.091018 -0.99943 0.90263 -0.011831 0.11584 
1971  0.089018 -1.0100 0.90328 0.023187 0.12031 
1972  0.097019 -0.96882 0.89950 -0.046520 0.11250 
1973  0.10442 -0.93332 0.89373 0.030756 0.12175 
1974  0.097620 -0.96585 0.89911 0.023612 0.12067 
1975  0.095019 -0.97883 0.90072 -0.026759 0.11459 
1976  0.099820 -0.95511 0.89751 0.025046 0.12070 
1977  0.087618 -1.0176 0.90364 -0.013534 0.11532 
1978  0.092619 -0.99109 0.90196 -0.025423 0.11437 
1979  0.091618 -0.99629 0.90238 0.023924 0.12045 
1980  0.093419 -0.98697 0.90159 0.030931 0.12126 
1981  0.10302 -0.93986 0.89492 0.028558 0.12135 
1982  0.095619 -0.97581 0.90038 0.032305 0.12152 
1983  0.099420 -0.95705 0.89783 0.034188 0.12169 
1984  0.098420 -0.96192 0.89852 0.019030 0.11969 
1985  0.098220 -0.96290 0.89868 0.037665 0.12237 
1986  0.098020 -0.96388 0.89883 0.026219 0.12112 
1987  0.095019 -0.97883 0.90072 0.035427 0.12186 
1988  0.098820 -0.95997 0.89826 0.019981 0.11989 
1989  0.10342 -0.93798 0.89461 0.022534 0.12079 
1990  0.10282 -0.94080 0.89508 0.033488 0.12200 
1991  0.089418 -1.0079 0.90316 0.017701 0.11921 
1992  0.097620 -0.96585 0.89911 0.024212 0.12103 
1993  0.092819 -0.99006 0.90187 -0.034667 0.11336 
1994  0.10042 -0.95222 0.89704 -0.038801 0.11351 
1995  0.093619 -0.98595 0.90149 -0.044667 0.11265 
1996  0.10022 -0.95318 0.89722 0.026897 0.12094 
1997  0.093819 -0.98493 0.90138 0.034716 0.12141 
1998  0.086217 -1.0252 0.90401 -0.024280 0.11432 
1999  0.10382 -0.93611 0.89430 0.027327 0.12101 
2000  0.10122 -0.94839 0.89640 0.024382 0.12041 
2001  0.089218 -1.0090 0.90322 0.019337 0.11925 
2002  0.096619 -0.97081 0.89977 0.022601 0.12024 
2003  0.095619 -0.97581 0.90038 -0.024655 0.11474 
2004  0.098220 -0.96290 0.89868 -0.032028 0.11403 
2005  0.097620 -0.96585 0.89911 -0.024988 0.11518 
2006  0.087417 -1.0187 0.90369 -0.0063455 0.11647 
2007  0.10082 -0.95030 0.89673 0.026006 0.12070 
2008  0.095619 -0.97581 0.90038 0.031188 0.12111 
2009  0.094419 -0.98187 0.90108 0.032193 0.12182 
2010  0.090418 -1.0026 0.90283 -0.014606 0.11577 
2011  0.091018 -0.99943 0.90263 -0.024640 0.11392 
2012  0.096619 -0.97081 0.89977 -0.013936 0.11585 
2013  0.075615 -1.0872 0.90539 -0.018895 0.11395 
2014  0.097019 -0.96882 0.89950 -0.033812 0.11340 
2015  0.093619 -0.98595 0.90149 0.031181 0.12134 
2016  0.093619 -0.98595 0.90149 -0.037802 0.11310 
2017  0.088218 -1.0143 0.90350 -0.018572 0.11456 
2018  0.082416 -1.0466 0.90462 0.00013034 0.11650 
2019  0.094419 -0.98187 0.90108 0.025440 0.12055 
2020  0.10182 -0.94553 0.89586 0.034350 0.12210 
2021  0.090218 -1.0036 0.90291 -0.019470 0.11465 
2022  0.091618 -0.99629 0.90238 -0.017967 0.11542 
2023  0.090818 -1.0005 0.90271 -0.025357 0.11481 
2024  0.077015 -1.0786 0.90528 -0.0048341 0.11540 
2025  0.075615 -1.0872 0.90539 -0.013948 0.11454 
2026  0.098220 -0.96290 0.89868 0.030047 0.12111 
2027  0.086817 -1.0220 0.90389 -0.031646 0.11336 
2028  0.083617 -1.0398 0.90445 -0.032712 0.11324 
2029  0.099620 -0.95608 0.89766 -0.035321 0.11376 
2030  0.077015 -1.0786 0.90528 0.00099052 0.11579 
2031  0.10122 -0.94839 0.89640 -0.051922 0.11194 
2032  0.10022 -0.95318 0.89722 0.024198 0.12093 
2033  0.087618 -1.0176 0.90364 -0.011003 0.11595 
2034  0.095019 -0.97883 0.90072 0.025871 0.12076 
2035  0.098020 -0.96388 0.89883 -0.019574 0.11553 
2036  0.094619 -0.98085 0.90094 0.021538 0.11982 
2037  0.097419 -0.96684 0.89922 -0.049638 0.11234 
2038  0.095019 -0.97883 0.90072 -0.0054224 0.11678 
2039  0.078016 -1.0725 0.90519 0.0027173 0.11652 
2040  0.088018 -1.0154 0.90355 0.021368 0.11980 
2041  0.091218 -0.99838 0.90255 -0.032684 0.11365 
2042  0.076615 -1.0811 0.90530 -0.022757 0.11388 
2043  0.078616 -1.0689 0.90512 -2.4553e-05 0.11612 
2044  0.092619 -0.99109 0.90196 -0.033909 0.11362 
2045  0.097820 -0.96487 0.89896 0.030765 0.12141 
2046  0.092619 -0.99109 0.90196 0.029595 0.12108 
2047  0.091218 -0.99838 0.90255 0.030081 0.12100 
2048  0.079216 -1.0653 0.90506 -0.031883 0.11312 
2049  0.10322 -0.93892 0.89479 0.029976 0.12138 
2050  0.099220 -0.95802 0.89798 0.020628 0.12014 
2051  0.094619 -0.98085 0.90094 0.019989 0.11950 
2052  0.070814 -1.1180 0.90564 -0.0035318 0.11531 
2053  0.10742 -0.91956 0.89097 0.034425 0.12213 
2054  0.093219 -0.98800 0.90169 0.019746 0.11964 
2055  0.091218 -0.99838 0.90255 0.028933 0.12085 
2056  0.094419 -0.98187 0.90108 0.020442 0.11942 
2057  0.092018 -0.99420 0.90223 0.026289 0.12027 
2058  0.093419 -0.98697 0.90159 -0.032405 0.11398 
2059  0.097019 -0.96882 0.89950 0.026990 0.12103 
2060  0.093619 -0.98595 0.90149 -0.030471 0.11427 
2061  0.10102 -0.94934 0.89659 0.026605 0.12077 
2062  0.10482 -0.93146 0.89338 -0.038620 0.11345 
2063  0.093219 -0.98800 0.90169 -0.026211 0.11456 
2064  0.089018 -1.0100 0.90328 -0.022987 0.11442 
2065  0.092819 -0.99006 0.90187 -0.032221 0.11345 
2066  0.070814 -1.1180 0.90564 0.012356 0.11700 
2067  0.096619 -0.97081 0.89977 0.024739 0.12069 
2068  0.086817 -1.0220 0.90389 0.023275 0.11963 
2069  0.098620 -0.96094 0.89838 0.024959 0.12044 
2070  0.10142 -0.94743 0.89618 0.025943 0.12101 
2071  0.099420 -0.95705 0.89783 0.031841 0.12148 
2072  0.088818 -1.0111 0.90333 -0.022718 0.11460 
2073  0.091818 -0.99524 0.90230 -0.018477 0.11551 
2074  0.098220 -0.96290 0.89868 0.038296 0.12187 
2075  0.098420 -0.96192 0.89852 0.021677 0.11992 
2076  0.097219 -0.96783 0.89936 0.025291 0.12015 
2077  0.093819 -0.98493 0.90138 -0.0099638 0.11640 
2078  0.096219 -0.97280 0.90004 -0.0046303 0.11707 
2079  0.095619 -0.97581 0.90038 -0.050943 0.11223 
2080  0.098020 -0.96388 0.89883 0.025686 0.12073 
2081  0.093619 -0.98595 0.90149 0.026844 0.12097 
2082  0.094619 -0.98085 0.90094 0.025507 0.12063 
2083  0.091418 -0.99733 0.90247 -0.015095 0.11572 
2084  0.092819 -0.99006 0.90187 0.029775 0.12074 
2085  0.092218 -0.99316 0.90215 0.039912 0.12162 
2086  0.098420 -0.96192 0.89852 0.030091 0.12108 
2087  0.096819 -0.96981 0.89964 0.022349 0.12043 
2088  0.087017 -1.0209 0.90383 0.029649 0.12021 
2089  0.089218 -1.0090 0.90322 0.031943 0.12086 
2090  0.097019 -0.96882 0.89950 0.026292 0.12073 
2091  0.10142 -0.94743 0.89618 0.033962 0.12210 
2092  0.095419 -0.97681 0.90050 0.033452 0.12134 
2093  0.075015 -1.0910 0.90543 -0.022886 0.11363 
2094  0.10422 -0.93425 0.89394 0.027253 0.12114 
2095  0.092619 -0.99109 0.90196 0.027155 0.12081 
2096  0.094219 -0.98289 0.90117 -0.043260 0.11264 
2097  0.097219 -0.96783 0.89936 0.027821 0.12114 
2098  0.099020 -0.95899 0.89813 -0.014848 0.11609 
2099  0.092018 -0.99420 0.90223 -0.040837 0.11269 
2100  0.10402 -0.93518 0.89414 -0.048341 0.11222 
2101  0.092819 -0.99006 0.90187 -0.0098120 0.11668 
2102  0.093019 -0.98903 0.90178 0.024665 0.12029 
2103  0.082216 -1.0478 0.90464 -0.026919 0.11379 
2104  0.092218 -0.99316 0.90215 0.027575 0.12098 
2105  0.096419 -0.97180 0.89988 0.026805 0.12103 
2106  0.081216 -1.0536 0.90477 -0.028344 0.11345 
2107  0.093619 -0.98595 0.90149 0.019599 0.11969 
2108  0.087818 -1.0165 0.90360 -0.021873 0.11411 
2109  0.099220 -0.95802 0.89798 -0.015684 0.11580 
2110  0.081616 -1.0512 0.90472 -0.028381 0.11341 
2111  0.10182 -0.94553 0.89586 0.028550 0.12097 
2112  0.095619 -0.97581 0.90038 0.027577 0.12013 
2113  0.10722 -0.92046 0.89115 0.033098 0.12198 
2114  0.095019 -0.97883 0.90072 0.027088 0.12029 
2115  0.094219 -0.98289 0.90117 0.020000 0.11981 
2116  0.10322 -0.93892 0.89479 0.029846 0.12122 
2117  0.093819 -0.98493 0.90138 0.024426 0.12052 
2118  0.092418 -0.99213 0.90206 0.031741 0.12125 
2119  0.088218 -1.0143 0.90350 0.024951 0.12030 
2120  0.092418 -0.99213 0.90206 0.025810 0.12048 
2121  0.079816 -1.0618 0.90497 0.036947 0.12034 
2122  0.087618 -1.0176 0.90364 0.017767 0.11920 
2123  0.090818 -1.0005 0.90271 0.046492 0.12263 
2124  0.071814 -1.1114 0.90560 0.0069149 0.11615 
2125  0.074015 -1.0973 0.90549 -0.011352 0.11460 
2126  0.085817 -1.0275 0.90410 -0.016191 0.11493 
2127  0.074015 -1.0973 0.90549 -0.0065292 0.11511 
2128  0.087217 -1.0198 0.90376 -0.031522 0.11353 
2129  0.091618 -0.99629 0.90238 -0.035844 0.11304 
2130  0.092018 -0.99420 0.90223 -0.040261 0.11288 
2131  0.10102 -0.94934 0.89659 -0.050843 0.11237 
2132  0.098820 -0.95997 0.89826 -0.033222 0.11364 
2133  0.082216 -1.0478 0.90464 -0.010962 0.11537 
2134  0.087417 -1.0187 0.90369 0.025014 0.11998 
2135  0.095019 -0.97883 0.90072 0.029882 0.12123 
2136  0.10002 -0.95415 0.89736 0.034372 0.12214 
2137  0.093019 -0.98903 0.90178 0.025662 0.12043 
2138  0.097219 -0.96783 0.89936 0.024826 0.12044 
2139  0.10002 -0.95415 0.89736 0.023478 0.12109 
2140  0.099820 -0.95511 0.89751 0.021577 0.12005 
2141  0.093219 -0.98800 0.90169 0.030984 0.12137 
2142  0.096219 -0.97280 0.90004 0.017170 0.11959 
2143  0.096219 -0.97280 0.90004 0.036478 0.12217 
2144  0.098020 -0.96388 0.89883 0.029866 0.12134 
2145  0.084017 -1.0375 0.90439 -0.013279 0.11497 
2146  0.10562 -0.92777 0.89256 0.023567 0.12070 
2147  0.093019 -0.98903 0.90178 0.035951 0.12193 
2148  0.082617 -1.0455 0.90459 -0.015129 0.11464 
2149  0.10102 -0.94934 0.89659 -0.042656 0.11324 
2150  0.096019 -0.97380 0.90014 0.028044 0.12115 
2151  0.095219 -0.97782 0.90061 -0.019363 0.11541 
2152  0.088618 -1.0122 0.90342 -0.039042 0.11292 
2153  0.094219 -0.98289 0.90117 -0.043235 0.11243 
2154  0.090018 -1.0047 0.90299 0.0017678 0.11723 
2155  0.10082 -0.95030 0.89673 0.072359 0.12657 
2156  0.095019 -0.97883 0.90072 0.034776 0.12175 
2157  0.071614 -1.1127 0.90561 0.0076833 0.11654 
2158  0.092418 -0.99213 0.90206 0.013427 0.11896 
2159  0.095219 -0.97782 0.90061 -0.039893 0.11291 
2160  0.086017 -1.0264 0.90407 -0.0059132 0.11598 
2161  0.075415 -1.0885 0.90540 -0.0011523 0.11566 
2162  0.083017 -1.0432 0.90452 0.026941 0.11942 
2163  0.088018 -1.0154 0.90355 -0.035575 0.11308 
2164  0.10402 -0.93518 0.89414 0.024158 0.12127 
2165  0.099820 -0.95511 0.89751 0.027551 0.12092 
2166  0.096619 -0.97081 0.89977 0.018669 0.12001 
2167  0.093219 -0.98800 0.90169 0.027734 0.12072 
2168  0.10582 -0.92685 0.89234 -0.051266 0.11246 
2169  0.099620 -0.95608 0.89766 -0.046052 0.11272 
2170  0.096219 -0.97280 0.90004 -0.053542 0.11189 
2171  0.093819 -0.98493 0.90138 0.021795 0.11982 
2172  0.10202 -0.94458 0.89565 -0.059397 0.11178 
2173  0.084617 -1.0341 0.90431 -0.029188 0.11335 
2174  0.10022 -0.95318 0.89722 0.033673 0.12232 
2175  0.088618 -1.0122 0.90342 -0.0044359 0.11657 
2176  0.087818 -1.0165 0.90360 -0.031983 0.11331 
2177  0.090818 -1.0005 0.90271 -0.012164 0.11627 
2178  0.10002 -0.95415 0.89736 0.023753 0.12093 
2179  0.094619 -0.98085 0.90094 -0.018156 0.11560 
2180  0.10202 -0.94458 0.89565 0.029664 0.12113 
2181  0.083417 -1.0409 0.90447 -0.019408 0.11459 
2182  0.097219 -0.96783 0.89936 0.026940 0.12112 
2183  0.094419 -0.98187 0.90108 0.031913 0.12127 
2184  0.097620 -0.96585 0.89911 -0.039739 0.11343 
2185  0.098420 -0.96192 0.89852 -0.046390 0.11290 
2186  0.094619 -0.98085 0.90094 0.015638 0.11895 
2187  0.091218 -0.99838 0.90255 -0.043389 0.11255 
2188  0.099020 -0.95899 0.89813 0.032984 0.12206 
2189  0.10142 -0.94743 0.89618 -0.027172 0.11428 
2190  0.095219 -0.97782 0.90061 -0.017486 0.11555 
2191  0.097219 -0.96783 0.89936 0.025552 0.12046 
2192  0.093819 -0.98493 0.90138 0.025964 0.12093 
2193  0.082216 -1.0478 0.90464 -0.026571 0.11364 
2194  0.098620 -0.96094 0.89838 0.031897 0.12083 
2195  0.094619 -0.98085 0.90094 0.023954 0.12044 
2196  0.099420 -0.95705 0.89783 0.022685 0.12016 
2197  0.080616 -1.0571 0.90486 -0.020407 0.11420 
2198  0.087417 -1.0187 0.90369 -0.016122 0.11508 
2199  0.098820 -0.95997 0.89826 0.027948 0.12080 
2200  0.090618 -1.0015 0.90278 0.022293 0.12012 
2201  0.10402 -0.93518 0.89414 0.030994 0.12205 
2202  0.10562 -0.92777 0.89256 0.039258 0.12304 
2203  0.087217 -1.0198 0.90376 -0.0094592 0.11632 
2204  0.096819 -0.96981 0.89964 0.028698 0.12083 
2205  0.084817 -1.0330 0.90427 -0.013362 0.11524 
2206  0.086617 -1.0230 0.90393 -0.014178 0.11561 
2207  0.077215 -1.0774 0.90525 -0.022528 0.11396 
2208  0.094819 -0.97984 0.90082 0.020745 0.12008 
2209  0.095419 -0.97681 0.90050 -0.039551 0.11267 
2210  0.094419 -0.98187 0.90108 -0.043995 0.11257 
2211  0.085817 -1.0275 0.90410 -0.0026724 0.11653 
2212  0.095219 -0.97782 0.90061 0.024554 0.11997 
2213  0.091418 -0.99733 0.90247 0.019733 0.11953 
2214  0.079016 -1.0665 0.90508 -0.022565 0.11358 
2215  0.096419 -0.97180 0.89988 -0.025160 0.11434 
2216  0.094419 -0.98187 0.90108 -0.035407 0.11379 
2217  0.099220 -0.95802 0.89798 -0.035856 0.11351 
2218  0.091018 -0.99943 0.90263 -0.035369 0.11319 
2219  0.10822 -0.91594 0.89014 0.029630 0.12150 
2220  0.10442 -0.93332 0.89373 0.031867 0.12138 
2221  0.10542 -0.92869 0.89284 0.027449 0.12114 
2222  0.098820 -0.95997 0.89826 -0.012738 0.11631 
2223  0.10482 -0.93146 0.89338 0.030717 0.12129 
2224  0.094419 -0.98187 0.90108 0.019470 0.11982 
2225  0.092819 -0.99006 0.90187 -0.046238 0.11277 
2226  0.096019 -0.97380 0.90014 -0.018353 0.11555 
2227  0.099820 -0.95511 0.89751 0.035532 0.12162 
2228  0.092619 -0.99109 0.90196 0.036569 0.12148 
2229  0.092418 -0.99213 0.90206 0.030122 0.12093 
2230  0.097620 -0.96585 0.89911 0.023656 0.12060 
2231  0.094419 -0.98187 0.90108 0.014898 0.11939 
2232  0.082617 -1.0455 0.90459 -0.0097429 0.11573 
2233  0.099020 -0.95899 0.89813 -0.0095043 0.11665 
2234  0.089018 -1.0100 0.90328 0.018928 0.11935 
2235  0.10542 -0.92869 0.89284 0.038277 0.12319 
2236  0.081816 -1.0501 0.90469 -0.026326 0.11381 
2237  0.098820 -0.95997 0.89826 -0.016995 0.11553 
2238  0.087818 -1.0165 0.90360 -0.026348 0.11399 
2239  0.095819 -0.97480 0.90026 -0.031530 0.11416 
2240  0.096619 -0.97081 0.89977 -0.011499 0.11614 
2241  0.099220 -0.95802 0.89798 0.034176 0.12210 
2242  0.10062 -0.95126 0.89689 0.025800 0.12059 
2243  0.091018 -0.99943 0.90263 -0.032666 0.11369 
2244  0.096219 -0.97280 0.90004 0.020041 0.11979 
2245  0.098420 -0.96192 0.89852 -0.038572 0.11305 
2246  0.092418 -0.99213 0.90206 -0.016706 0.11574 
2247  0.098620 -0.96094 0.89838 0.031587 0.12138 
2248  0.090218 -1.0036 0.90291 0.028163 0.12067 
2249  0.090818 -1.0005 0.90271 -0.036546 0.11305 
2250  0.10022 -0.95318 0.89722 0.019028 0.11971 
2251  0.092819 -0.99006 0.90187 0.026124 0.12033 
2252  0.095819 -0.97480 0.90026 0.024547 0.12078 
2253  0.10122 -0.94839 0.89640 0.028660 0.12140 
2254  0.092619 -0.99109 0.90196 -0.044041 0.11262 
2255  0.089618 -1.0068 0.90310 -0.011305 0.11596 
2256  0.094419 -0.98187 0.90108 0.028172 0.12111 
2257  0.096419 -0.97180 0.89988 0.032107 0.12217 
2258  0.094619 -0.98085 0.90094 -0.016665 0.11518 
2259  0.10602 -0.92593 0.89211 0.034243 0.12192 
2260  0.099020 -0.95899 0.89813 0.026575 0.12095 
2261  0.091218 -0.99838 0.90255 -0.022897 0.11507 
2262  0.10262 -0.94174 0.89525 0.023940 0.12051 
2263  0.095219 -0.97782 0.90061 -0.023326 0.11473 
2264  0.093419 -0.98697 0.90159 0.026565 0.12047 
2265  0.091418 -0.99733 0.90247 0.027147 0.12042 
2266  0.086817 -1.0220 0.90389 -0.032728 0.11332 
2267  0.091218 -0.99838 0.90255 -0.0057713 0.11638 
2268  0.092218 -0.99316 0.90215 -0.017625 0.11519 
2269  0.10102 -0.94934 0.89659 0.025126 0.12080 
2270  0.099020 -0.95899 0.89813 -0.027236 0.11419 
2271  0.093819 -0.98493 0.90138 0.026121 0.12071 
2272  0.083417 -1.0409 0.90447 0.026761 0.12005 
2273  0.075615 -1.0872 0.90539 0.013925 0.11720 
2274  0.070614 -1.1193 0.90566 0.013680 0.11724 
2275  0.082617 -1.0455 0.90459 0.0043417 0.11652 
2276  0.095619 -0.97581 0.90038 0.029949 0.12149 
2277  0.075815 -1.0860 0.90537 0.013821 0.11724 
2278  0.090818 -1.0005 0.90271 -0.043820 0.11263 
2279  0.096219 -0.97280 0.90004 0.028331 0.12083 
2280  0.10462 -0.93239 0.89351 0.030780 0.12190 
2281  0.090218 -1.0036 0.90291 -0.029956 0.11339 
2282  0.095219 -0.97782 0.90061 0.033619 0.12187 
2283  0.10182 -0.94553 0.89586 0.024605 0.12056 
2284  0.099820 -0.95511 0.89751 0.035867 0.12214 
2285  0.091018 -0.99943 0.90263 -0.030959 0.11355 
2286  0.098220 -0.96290 0.89868 0.023418 0.12067 
2287  0.095819 -0.97480 0.90026 -0.039419 0.11345 
2288  0.097419 -0.96684 0.89922 0.038440 0.12199 
2289  0.093619 -0.98595 0.90149 0.041246 0.12201 
2290  0.099420 -0.95705 0.89783 0.026083 0.12065 
2291  0.097620 -0.96585 0.89911 -0.049873 0.11251 
2292  0.090618 -1.0015 0.90278 0.010212 0.11806 
2293  0.088618 -1.0122 0.90342 -0.010558 0.11584 
2294  0.077415 -1.0762 0.90522 0.0057646 0.11627 
2295  0.086617 -1.0230 0.90393 0.0012621 0.11628 
2296  0.095219 -0.97782 0.90061 0.031392 0.12144 
2297  0.067814 -1.1382 0.90574 0.0030932 0.11605 
2298  0.096619 -0.97081 0.89977 0.027979 0.12039 
2299  0.069414 -1.1273 0.90568 0.00022862 0.11580 
2300  0.094019 -0.98390 0.90128 0.023561 0.11994 
2301  0.093819 -0.98493 0.90138 0.034893 0.12162 
2302  0.089418 -1.0079 0.90316 0.026855 0.11982 
2303  0.098420 -0.96192 0.89852 -0.017469 0.11573 
2304  0.087618 -1.0176 0.90364 0.019659 0.11951 
2305  0.092819 -0.99006 0.90187 -0.019721 0.11525 
2306  0.099620 -0.95608 0.89766 0.029724 0.12128 
2307  0.076615 -1.0811 0.90530 -0.0016476 0.11552 
2308  0.097019 -0.96882 0.89950 0.028875 0.12151 
2309  0.10522 -0.92961 0.89299 0.031494 0.12177 
2310  0.098820 -0.95997 0.89826 0.029485 0.12154 
2311  0.10782 -0.91775 0.89075 0.042371 0.12356 
2312  0.092418 -0.99213 0.90206 0.019724 0.12016 
2313  0.093219 -0.98800 0.90169 0.016554 0.11994 
2314  0.098020 -0.96388 0.89883 -0.052474 0.11207 
2315  0.096219 -0.97280 0.90004 0.028667 0.12122 
2316  0.10062 -0.95126 0.89689 -0.042584 0.11308 
2317  0.090418 -1.0026 0.90283 0.017363 0.11905 
2318  0.087017 -1.0209 0.90383 -0.014798 0.11556 
2319  0.087618 -1.0176 0.90364 -0.025162 0.11442 
2320  0.093219 -0.98800 0.90169 0.025701 0.12092 
2321  0.099620 -0.95608 0.89766 0.029520 0.12124 
2322  0.087217 -1.0198 0.90376 -0.033241 0.11320 
2323  0.099020 -0.95899 0.89813 0.028738 0.12119 
2324  0.10002 -0.95415 0.89736 0.022602 0.12085 
2325  0.090018 -1.0047 0.90299 -0.050152 0.11189 
2326  0.099220 -0.95802 0.89798 0.034923 0.12222 
2327  0.095619 -0.97581 0.90038 -0.045360 0.11275 
2328  0.087818 -1.0165 0.90360 0.021628 0.11980 
2329  0.090418 -1.0026 0.90283 -0.021407 0.11489 
2330  0.081016 -1.0547 0.90481 -0.019092 0.11462 
2331  0.088218 -1.0143 0.90350 -0.022146 0.11463 
2332  0.092218 -0.99316 0.90215 -0.039771 0.11302 
2333  0.095019 -0.97883 0.90072 -0.040388 0.11314 
2334  0.10322 -0.93892 0.89479 0.032600 0.12225 
2335  0.095219 -0.97782 0.90061 0.033694 0.12182 
2336  0.076615 -1.0811 0.90530 -0.0022487 0.11569 
2337  0.096419 -0.97180 0.89988 0.030665 0.12113 
2338  0.094019 -0.98390 0.90128 -0.020001 0.11490 
2339  0.098020 -0.96388 0.89883 0.029089 0.12094 
2340  0.092418 -0.99213 0.90206 0.019201 0.11974 
2341  0.10162 -0.94648 0.89603 0.028395 0.12102 
2342  0.10122 -0.94839 0.89640 0.028479 0.12160 
2343  0.099620 -0.95608 0.89766 0.022906 0.12061 
2344  0.089218 -1.0090 0.90322 0.019215 0.11927 
2345  0.093019 -0.98903 0.90178 -0.029212 0.11402 
2346  0.096219 -0.97280 0.90004 -0.020986 0.11500 
2347  0.093819 -0.98493 0.90138 -0.019884 0.11555 
2348  0.083817 -1.0387 0.90442 -0.020760 0.11452 
2349  0.095419 -0.97681 0.90050 -0.037367 0.11344 
2350  0.094419 -0.98187 0.90108 -0.017362 0.11558 
2351  0.10102 -0.94934 0.89659 0.029759 0.12142 
2352  0.089618 -1.0068 0.90310 -0.019946 0.11525 
2353  0.093819 -0.98493 0.90138 0.029132 0.12120 
2354  0.094619 -0.98085 0.90094 -0.021105 0.11529 
2355  0.084417 -1.0353 0.90435 0.0062581 0.11721 
2356  0.094419 -0.98187 0.90108 0.017022 0.11985 
2357  0.099020 -0.95899 0.89813 -0.032420 0.11429 
2358  0.087818 -1.0165 0.90360 0.020238 0.11956 
2359  0.10102 -0.94934 0.89659 0.032861 0.12185 
2360  0.096019 -0.97380 0.90014 0.019079 0.11966 
2361  0.10102 -0.94934 0.89659 -0.015586 0.11541 
2362  0.090418 -1.0026 0.90283 0.027283 0.12046 
2363  0.096219 -0.97280 0.90004 0.024313 0.11974 
2364  0.099220 -0.95802 0.89798 -0.038707 0.11304 
2365  0.094819 -0.97984 0.90082 -0.035058 0.11330 
2366  0.099020 -0.95899 0.89813 0.031162 0.12156 
2367  0.095419 -0.97681 0.90050 0.030140 0.12117 
2368  0.097019 -0.96882 0.89950 0.020660 0.11983 
2369  0.086417 -1.0241 0.90397 -0.022721 0.11410 
2370  0.092819 -0.99006 0.90187 0.026476 0.12049 
2371  0.10162 -0.94648 0.89603 0.023324 0.11994 
2372  0.092418 -0.99213 0.90206 0.027871 0.12103 
2373  0.095219 -0.97782 0.90061 0.031163 0.12148 
2374  0.10502 -0.93054 0.89318 0.033427 0.12198 
2375  0.10502 -0.93054 0.89318 0.035116 0.12195 
2376  0.098020 -0.96388 0.89883 -0.0012839 0.11738 
2377  0.095019 -0.97883 0.90072 0.031643 0.12171 
2378  0.096219 -0.97280 0.90004 0.032005 0.12127 
2379  0.095219 -0.97782 0.90061 0.018089 0.11978 
2380  0.094019 -0.98390 0.90128 0.017745 0.11941 
2381  0.10642 -0.92410 0.89184 0.031156 0.12173 
2382  0.098620 -0.96094 0.89838 0.025274 0.12045 
2383  0.079616 -1.0630 0.90500 -0.021259 0.11407 
2384  0.10022 -0.95318 0.89722 0.035751 0.12274 
2385  0.093219 -0.98800 0.90169 0.023047 0.12002 
2386  0.099020 -0.95899 0.89813 0.027098 0.12118 
2387  0.10002 -0.95415 0.89736 0.029668 0.12155 
2388  0.098020 -0.96388 0.89883 0.017967 0.11975 
2389  0.093819 -0.98493 0.90138 0.028144 0.12063 
2390  0.093019 -0.98903 0.90178 -0.020374 0.11447 
2391  0.10042 -0.95222 0.89704 -0.032448 0.11450 
2392  0.081216 -1.0536 0.90477 -0.025495 0.11381 
2393  0.092018 -0.99420 0.90223 -0.035208 0.11346 
2394  0.098220 -0.96290 0.89868 0.028924 0.12109 
2395  0.10002 -0.95415 0.89736 0.015105 0.11935 
2396  0.098220 -0.96290 0.89868 -0.051715 0.11225 
2397  0.090218 -1.0036 0.90291 0.020333 0.11953 
2398  0.098620 -0.96094 0.89838 0.032629 0.12167 
2399  0.092819 -0.99006 0.90187 -0.042896 0.11284 
2400  0.091418 -0.99733 0.90247 -0.030565 0.11372 
2401  0.099620 -0.95608 0.89766 -0.039884 0.11335 
2402  0.099620 -0.95608 0.89766 0.034657 0.12242 
2403  0.070214 -1.1220 0.90567 -0.0018892 0.11529 
2404  0.10882 -0.91325 0.88980 0.025374 0.12116 
2405  0.10022 -0.95318 0.89722 0.028162 0.12133 
2406  0.086617 -1.0230 0.90393 -0.016106 0.11501 
2407  0.10502 -0.93054 0.89318 0.028888 0.12137 
2408  0.10762 -0.91865 0.89086 -0.034961 0.11398 
2409  0.096819 -0.96981 0.89964 -0.0042535 0.11756 
2410  0.10142 -0.94743 0.89618 0.030805 0.12148 
2411  0.10582 -0.92685 0.89234 0.027568 0.12127 
2412  0.097620 -0.96585 0.89911 0.026033 0.12066 
2413  0.067814 -1.1382 0.90574 0.0085271 0.11637 
2414  0.073415 -1.1011 0.90554 0.010401 0.11672 
2415  0.097620 -0.96585 0.89911 0.024198 0.12002 
2416  0.10002 -0.95415 0.89736 0.026843 0.12114 
2417  0.098420 -0.96192 0.89852 0.026018 0.12057 
2418  0.097620 -0.96585 0.89911 -0.035737 0.11356 
2419  0.10142 -0.94743 0.89618 0.041288 0.12330 
2420  0.091218 -0.99838 0.90255 0.035090 0.12199 
2421  0.098820 -0.95997 0.89826 -0.039411 0.11358 
2422  0.099420 -0.95705 0.89783 0.032693 0.12152 
2423  0.091018 -0.99943 0.90263 0.027932 0.12071 
2424  0.090618 -1.0015 0.90278 0.024637 0.11998 
2425  0.089018 -1.0100 0.90328 -0.014174 0.11586 
2426  0.093419 -0.98697 0.90159 0.021301 0.11979 
2427  0.10342 -0.93798 0.89461 0.029302 0.12137 
2428  0.087217 -1.0198 0.90376 -0.027175 0.11365 
2429  0.091218 -0.99838 0.90255 0.017815 0.11948 
2430  0.087818 -1.0165 0.90360 -0.021171 0.11469 
2431  0.097820 -0.96487 0.89896 -0.050479 0.11222 
2432  0.099020 -0.95899 0.89813 0.028726 0.12098 
2433  0.096219 -0.97280 0.90004 -0.036904 0.11329 
2434  0.098620 -0.96094 0.89838 -0.041272 0.11353 
2435  0.093219 -0.98800 0.90169 -0.024902 0.11528 
2436  0.091218 -0.99838 0.90255 0.027134 0.12085 
2437  0.091018 -0.99943 0.90263 0.022017 0.11969 
2438  0.083217 -1.0421 0.90450 -0.034987 0.11307 
2439  0.098420 -0.96192 0.89852 0.026278 0.12050 
2440  0.098620 -0.96094 0.89838 -0.042807 0.11275 
2441  0.079016 -1.0665 0.90508 0.00072596 0.11589 
2442  0.088618 -1.0122 0.90342 -0.020368 0.11463 
2443  0.090218 -1.0036 0.90291 0.017780 0.11939 
2444  0.097620 -0.96585 0.89911 0.031281 0.12113 
2445  0.10162 -0.94648 0.89603 0.028022 0.12157 
2446  0.099820 -0.95511 0.89751 0.036333 0.12192 
2447  0.094219 -0.98289 0.90117 0.024080 0.12051 
2448  0.098220 -0.96290 0.89868 0.0069187 0.11857 
2449  0.10002 -0.95415 0.89736 0.032724 0.12145 
2450  0.090018 -1.0047 0.90299 -0.045632 0.11261 
2451  0.097019 -0.96882 0.89950 0.032599 0.12137 
2452  0.096819 -0.96981 0.89964 0.025652 0.12077 
2453  0.096419 -0.97180 0.89988 0.028421 0.12088 
2454  0.097019 -0.96882 0.89950 0.026492 0.12091 
2455  0.10102 -0.94934 0.89659 0.028958 0.12154 
2456  0.092819 -0.99006 0.90187 0.027403 0.12111 
2457  0.099820 -0.95511 0.89751 0.030649 0.12148 
2458  0.096619 -0.97081 0.89977 0.026207 0.12127 
2459  0.092418 -0.99213 0.90206 -0.039197 0.11296 
2460  0.095219 -0.97782 0.90061 -0.041726 0.11276 
2461  0.092018 -0.99420 0.90223 -0.040166 0.11307 
2462  0.089418 -1.0079 0.90316 -0.035676 0.11305 
2463  0.098820 -0.95997 0.89826 -0.040731 0.11298 
2464  0.091218 -0.99838 0.90255 -0.038264 0.11290 
2465  0.090418 -1.0026 0.90283 -0.040648 0.11274 
2466  0.086617 -1.0230 0.90393 -0.041168 0.11265 
2467  0.095819 -0.97480 0.90026 0.033225 0.12195 
2468  0.093819 -0.98493 0.90138 -0.039746 0.11297 
2469  0.093219 -0.98800 0.90169 -0.0071668 0.11658 
2470  0.098020 -0.96388 0.89883 -0.0036861 0.11726 
2471  0.10322 -0.93892 0.89479 0.029289 0.12096 
2472  0.091618 -0.99629 0.90238 -0.047880 0.11218 
2473  0.087417 -1.0187 0.90369 -0.0067869 0.11560 
2474  0.090018 -1.0047 0.90299 0.028492 0.12044 
2475  0.10142 -0.94743 0.89618 -0.048575 0.11264 
2476  0.074415 -1.0948 0.90546 -0.0035787 0.11564 
2477  0.090218 -1.0036 0.90291 -0.012347 0.11530 
2478  0.10022 -0.95318 0.89722 0.038526 0.12235 
2479  0.093419 -0.98697 0.90159 -0.017019 0.11518 
2480  0.098620 -0.96094 0.89838 0.025670 0.12086 
2481  0.094819 -0.97984 0.90082 -0.032490 0.11378 
2482  0.10402 -0.93518 0.89414 0.032764 0.12176 
2483  0.096819 -0.96981 0.89964 -0.015566 0.11618 
2484  0.070614 -1.1193 0.90566 0.0059721 0.11632 
2485  0.093419 -0.98697 0.90159 -0.042974 0.11282 
2486  0.10702 -0.92137 0.89131 0.033993 0.12231 
2487  0.076415 -1.0823 0.90532 0.0064878 0.11643 
2488  0.065013 -1.1578 0.90576 0.011388 0.11674 
2489  0.074615 -1.0935 0.90545 0.0060313 0.11643 
2490  0.10382 -0.93611 0.89430 0.030906 0.12148 
2491  0.071214 -1.1153 0.90563 0.00086064 0.11574 
2492  0.089618 -1.0068 0.90310 0.019692 0.11984 
2493  0.098820 -0.95997 0.89826 0.025296 0.12041 
2494  0.095619 -0.97581 0.90038 0.022220 0.11972 
2495  0.10122 -0.94839 0.89640 0.029801 0.12130 
2496  0.10042 -0.95222 0.89704 0.028255 0.12110 
2497  0.098020 -0.96388 0.89883 0.028692 0.12084 
2498  0.075215 -1.0897 0.90541 -0.0094954 0.11495 
2499  0.091018 -0.99943 0.90263 -0.035741 0.11310 
2500  0.092819 -0.99006 0.90187 -0.025588 0.11446 
2501  0.097219 -0.96783 0.89936 -0.016785 0.11559 
2502  0.096019 -0.97380 0.90014 -0.021901 0.11461 
2503  0.092819 -0.99006 0.90187 -0.034244 0.11350 
2504  0.090618 -1.0015 0.90278 -0.018622 0.11497 
2505  0.098820 -0.95997 0.89826 -0.045743 0.11281 
2506  0.093019 -0.98903 0.90178 0.031772 0.12156 
2507  0.092018 -0.99420 0.90223 -0.031851 0.11357 
2508  0.097419 -0.96684 0.89922 0.039861 0.12287 
2509  0.085817 -1.0275 0.90410 0.018618 0.11925 
2510  0.098620 -0.96094 0.89838 -0.016024 0.11559 
2511  0.078816 -1.0677 0.90511 -0.014172 0.11465 
2512  0.090018 -1.0047 0.90299 0.022210 0.12010 
2513  0.10062 -0.95126 0.89689 -0.047604 0.11263 
2514  0.097219 -0.96783 0.89936 0.017655 0.11973 
2515  0.089218 -1.0090 0.90322 -0.0050632 0.11690 
2516  0.10382 -0.93611 0.89430 0.022487 0.12053 
2517  0.098020 -0.96388 0.89883 0.022621 0.12000 
2518  0.094819 -0.97984 0.90082 0.032716 0.12158 
2519  0.10582 -0.92685 0.89234 0.031990 0.12168 
2520  0.098020 -0.96388 0.89883 0.024638 0.12070 
2521  0.092619 -0.99109 0.90196 0.034107 0.12126 
2522  0.095819 -0.97480 0.90026 0.031231 0.12198 
2523  0.10222 -0.94363 0.89555 -0.030409 0.11439 
2524  0.098620 -0.96094 0.89838 -0.017772 0.11565 
2525  0.098820 -0.95997 0.89826 0.027619 0.12088 
2526  0.10042 -0.95222 0.89704 0.067883 0.12584 
2527  0.095019 -0.97883 0.90072 0.036875 0.12198 
2528  0.097219 -0.96783 0.89936 -0.044153 0.11277 
2529  0.093819 -0.98493 0.90138 0.022206 0.11994 
2530  0.098620 -0.96094 0.89838 -0.046150 0.11291 
2531  0.087017 -1.0209 0.90383 0.019020 0.11919 
2532  0.093019 -0.98903 0.90178 -0.039623 0.11310 
2533  0.090418 -1.0026 0.90283 -0.043206 0.11286 
2534  0.096219 -0.97280 0.90004 -0.049026 0.11213 
2535  0.092819 -0.99006 0.90187 -0.047148 0.11230 
2536  0.096619 -0.97081 0.89977 -0.024000 0.11491 
2537  0.091618 -0.99629 0.90238 -0.020477 0.11527 
2538  0.095619 -0.97581 0.90038 -0.025482 0.11509 
2539  0.10082 -0.95030 0.89673 0.029734 0.12151 
2540  0.093419 -0.98697 0.90159 -0.0092781 0.11662 
2541  0.099620 -0.95608 0.89766 0.031227 0.12164 
2542  0.096819 -0.96981 0.89964 0.023827 0.12058 
2543  0.097219 -0.96783 0.89936 0.026103 0.12072 
2544  0.095019 -0.97883 0.90072 0.033569 0.12150 
2545  0.094019 -0.98390 0.90128 0.031608 0.12104 
2546  0.097219 -0.96783 0.89936 0.022944 0.12038 
2547  0.10182 -0.94553 0.89586 0.031337 0.12187 
2548  0.096819 -0.96981 0.89964 0.026062 0.12026 
2549  0.099220 -0.95802 0.89798 0.021699 0.12058 
2550  0.096019 -0.97380 0.90014 0.023596 0.12037 
2551  0.095619 -0.97581 0.90038 -0.043589 0.11306 
2552  0.093019 -0.98903 0.90178 0.021074 0.12018 
2553  0.094219 -0.98289 0.90117 0.025831 0.12061 
2554  0.10602 -0.92593 0.89211 0.032118 0.12207 
2555  0.087017 -1.0209 0.90383 0.017408 0.11929 
2556  0.081616 -1.0512 0.90472 0.0022255 0.11646 
2557  0.10022 -0.95318 0.89722 0.036466 0.12236 
2558  0.084617 -1.0341 0.90431 -0.016821 0.11461 
2559  0.094419 -0.98187 0.90108 -0.031628 0.11348 
2560  0.098420 -0.96192 0.89852 0.034552 0.12149 
2561  0.086817 -1.0220 0.90389 -0.035520 0.11280 
2562  0.078816 -1.0677 0.90511 -0.022645 0.11377 
2563  0.093819 -0.98493 0.90138 -0.010181 0.11589 
2564  0.087017 -1.0209 0.90383 0.023086 0.11962 
2565  0.097419 -0.96684 0.89922 0.027175 0.12112 
2566  0.093819 -0.98493 0.90138 0.025200 0.12061 
2567  0.091818 -0.99524 0.90230 -0.056625 0.11174 
2568  0.089818 -1.0058 0.90305 -0.011440 0.11573 
2569  0.099420 -0.95705 0.89783 0.023711 0.12032 
2570  0.096019 -0.97380 0.90014 0.028203 0.12099 
2571  0.099420 -0.95705 0.89783 0.036919 0.12244 
2572  0.088218 -1.0143 0.90350 0.030715 0.12055 
2573  0.069214 -1.1287 0.90569 0.011858 0.11693 
2574  0.098220 -0.96290 0.89868 0.025136 0.12036 
2575  0.092018 -0.99420 0.90223 0.025899 0.12025 
2576  0.087217 -1.0198 0.90376 -0.0089334 0.11609 
2577  0.10662 -0.92319 0.89174 0.033656 0.12186 
2578  0.094219 -0.98289 0.90117 0.019706 0.11946 
2579  0.10682 -0.92228 0.89154 0.034446 0.12229 
2580  0.090218 -1.0036 0.90291 0.029194 0.12107 
2581  0.10402 -0.93518 0.89414 0.026170 0.12090 
2582  0.094819 -0.97984 0.90082 0.015056 0.11900 
2583  0.088218 -1.0143 0.90350 -0.0078212 0.11620 
2584  0.096419 -0.97180 0.89988 0.026062 0.12035 
2585  0.088618 -1.0122 0.90342 0.018869 0.11950 
2586  0.095619 -0.97581 0.90038 0.019085 0.11952 
2587  0.092418 -0.99213 0.90206 0.026390 0.12065 
2588  0.081016 -1.0547 0.90481 -0.0063412 0.11563 
2589  0.083217 -1.0421 0.90450 -0.028160 0.11354 
2590  0.098420 -0.96192 0.89852 0.023232 0.12046 
2591  0.084217 -1.0364 0.90436 -0.033161 0.11317 
2592  0.097019 -0.96882 0.89950 -0.042527 0.11276 
2593  0.097019 -0.96882 0.89950 -0.013081 0.11573 
2594  0.095019 -0.97883 0.90072 0.019305 0.11949 
2595  0.092018 -0.99420 0.90223 0.020725 0.11982 
2596  0.087618 -1.0176 0.90364 -0.027084 0.11398 
2597  0.096419 -0.97180 0.89988 0.030389 0.12125 
2598  0.10182 -0.94553 0.89586 -0.046921 0.11279 
2599  0.089218 -1.0090 0.90322 -0.039329 0.11286 
2600  0.090618 -1.0015 0.90278 -0.016370 0.11555 
2601  0.090418 -1.0026 0.90283 -0.013736 0.11571 
2602  0.099020 -0.95899 0.89813 -0.016786 0.11547 
2603  0.095819 -0.97480 0.90026 0.020958 0.12028 
2604  0.095419 -0.97681 0.90050 -0.022813 0.11542 
2605  0.096019 -0.97380 0.90014 -0.019020 0.11548 
2606  0.099820 -0.95511 0.89751 0.026756 0.12086 
2607  0.096019 -0.97380 0.90014 -0.034836 0.11394 
2608  0.099620 -0.95608 0.89766 0.022663 0.12106 
2609  0.095419 -0.97681 0.90050 -0.045306 0.11283 
2610  0.095419 -0.97681 0.90050 0.026357 0.12077 
2611  0.099220 -0.95802 0.89798 0.027805 0.12116 
2612  0.090618 -1.0015 0.90278 -0.042180 0.11291 
2613  0.093419 -0.98697 0.90159 -0.031508 0.11410 
2614  0.093819 -0.98493 0.90138 -0.032279 0.11398 
2615  0.099420 -0.95705 0.89783 0.036415 0.12214 
2616  0.10442 -0.93332 0.89373 0.028326 0.12093 
2617  0.076215 -1.0835 0.90533 -0.024545 0.11366 
2618  0.093819 -0.98493 0.90138 -0.034024 0.11350 
2619  0.099620 -0.95608 0.89766 0.031908 0.12189 
2620  0.10162 -0.94648 0.89603 0.037683 0.12255 
2621  0.095619 -0.97581 0.90038 0.032055 0.12156 
2622  0.094019 -0.98390 0.90128 -0.025322 0.11484 
2623  0.096819 -0.96981 0.89964 0.021097 0.11991 
2624  0.089818 -1.0058 0.90305 -0.020830 0.11493 
2625  0.10462 -0.93239 0.89351 -0.013677 0.11638 
2626  0.084417 -1.0353 0.90435 -0.011837 0.11551 
2627  0.086017 -1.0264 0.90407 -0.014977 0.11506 
2628  0.098420 -0.96192 0.89852 0.028308 0.12097 
2629  0.093619 -0.98595 0.90149 -0.015504 0.11528 
2630  0.084417 -1.0353 0.90435 -0.0088721 0.11591 
2631  0.086817 -1.0220 0.90389 -0.010420 0.11534 
2632  0.099220 -0.95802 0.89798 -0.040819 0.11290 
2633  0.087217 -1.0198 0.90376 -0.025370 0.11383 
2634  0.088818 -1.0111 0.90333 0.045027 0.12215 
2635  0.097620 -0.96585 0.89911 0.029164 0.12138 
2636  0.095819 -0.97480 0.90026 0.026980 0.12163 
2637  0.098820 -0.95997 0.89826 0.028926 0.12142 
2638  0.099020 -0.95899 0.89813 0.046307 0.12260 
2639  0.10682 -0.92228 0.89154 0.042566 0.12280 
2640  0.10042 -0.95222 0.89704 0.024734 0.12022 
2641  0.091218 -0.99838 0.90255 -0.012756 0.11617 
2642  0.10022 -0.95318 0.89722 0.040254 0.12257 
2643  0.10542 -0.92869 0.89284 0.036217 0.12264 
2644  0.096819 -0.96981 0.89964 0.019364 0.11994 
2645  0.10062 -0.95126 0.89689 0.030685 0.12163 
2646  0.089818 -1.0058 0.90305 -0.022070 0.11473 
2647  0.094619 -0.98085 0.90094 0.019366 0.11981 
2648  0.089218 -1.0090 0.90322 0.030486 0.12067 
2649  0.088418 -1.0133 0.90345 0.028537 0.12080 
2650  0.096219 -0.97280 0.90004 0.022105 0.12050 
2651  0.095419 -0.97681 0.90050 0.032631 0.12140 
2652  0.093619 -0.98595 0.90149 0.023822 0.12011 
2653  0.099420 -0.95705 0.89783 0.030108 0.12142 
2654  0.10962 -0.90968 0.88889 0.041558 0.12312 
2655  0.089618 -1.0068 0.90310 -0.016230 0.11540 
2656  0.10382 -0.93611 0.89430 0.032716 0.12211 
2657  0.096819 -0.96981 0.89964 0.024598 0.12005 
2658  0.096419 -0.97180 0.89988 -0.015553 0.11625 
2659  0.10382 -0.93611 0.89430 0.029541 0.12122 
2660  0.090018 -1.0047 0.90299 0.021143 0.11999 
2661  0.097620 -0.96585 0.89911 0.031773 0.12154 
2662  0.093419 -0.98697 0.90159 0.034863 0.12182 
2663  0.095219 -0.97782 0.90061 -0.043306 0.11279 
2664  0.096419 -0.97180 0.89988 -0.044965 0.11281 
2665  0.090418 -1.0026 0.90283 -0.036720 0.11319 
2666  0.088818 -1.0111 0.90333 -0.0028965 0.11685 
2667  0.095019 -0.97883 0.90072 -0.050281 0.11215 
2668  0.090018 -1.0047 0.90299 -0.043688 0.11273 
2669  0.093019 -0.98903 0.90178 -0.014471 0.11588 
2670  0.098820 -0.95997 0.89826 0.021610 0.12016 
2671  0.093419 -0.98697 0.90159 -0.022618 0.11505 
2672  0.098820 -0.95997 0.89826 0.019581 0.11971 
2673  0.10182 -0.94553 0.89586 0.027143 0.12100 
2674  0.097219 -0.96783 0.89936 0.026295 0.12065 
2675  0.10102 -0.94934 0.89659 0.023159 0.12040 
2676  0.097419 -0.96684 0.89922 0.027603 0.12088 
2677  0.10462 -0.93239 0.89351 0.042067 0.12310 
2678  0.10122 -0.94839 0.89640 0.027542 0.12083 
2679  0.10182 -0.94553 0.89586 0.041244 0.12331 
2680  0.096019 -0.97380 0.90014 0.033385 0.12169 
2681  0.099020 -0.95899 0.89813 0.022652 0.12076 
2682  0.095819 -0.97480 0.90026 0.035467 0.12209 
2683  0.10122 -0.94839 0.89640 0.033824 0.12189 
2684  0.096219 -0.97280 0.90004 0.026385 0.12031 
2685  0.097620 -0.96585 0.89911 0.031288 0.12123 
2686  0.090218 -1.0036 0.90291 -0.031090 0.11393 
2687  0.092018 -0.99420 0.90223 -0.026255 0.11423 
2688  0.079416 -1.0642 0.90503 0.0040048 0.11711 
2689  0.089618 -1.0068 0.90310 -0.024039 0.11442 
2690  0.10182 -0.94553 0.89586 -0.023879 0.11522 
2691  0.093819 -0.98493 0.90138 0.019085 0.11957 
2692  0.099420 -0.95705 0.89783 0.032577 0.12190 
2693  0.094019 -0.98390 0.90128 -0.021885 0.11515 
2694  0.10042 -0.95222 0.89704 0.025933 0.12116 
2695  0.091818 -0.99524 0.90230 0.021528 0.11994 
2696  0.093619 -0.98595 0.90149 0.025602 0.12047 
2697  0.090218 -1.0036 0.90291 0.020060 0.11949 
2698  0.10082 -0.95030 0.89673 0.035611 0.12223 
2699  0.095619 -0.97581 0.90038 0.027307 0.12050 
2700  0.096219 -0.97280 0.90004 0.028494 0.12115 
2701  0.082617 -1.0455 0.90459 -0.0066960 0.11577 
2702  0.089418 -1.0079 0.90316 -0.016124 0.11567 
2703  0.074215 -1.0960 0.90547 0.0088300 0.11682 
2704  0.098020 -0.96388 0.89883 0.027449 0.12085 
2705  0.099820 -0.95511 0.89751 0.033764 0.12192 
2706  0.090218 -1.0036 0.90291 -0.010940 0.11600 
2707  0.092619 -0.99109 0.90196 -0.023194 0.11474 
2708  0.087217 -1.0198 0.90376 0.020434 0.11905 
2709  0.10062 -0.95126 0.89689 -0.038408 0.11377 
2710  0.095619 -0.97581 0.90038 0.028468 0.12097 
2711  0.078016 -1.0725 0.90519 0.021190 0.11852 
2712  0.080016 -1.0606 0.90495 -0.0072311 0.11564 
2713  0.076015 -1.0848 0.90534 -0.015611 0.11446 
2714  0.096419 -0.97180 0.89988 0.023769 0.12048 
2715  0.092619 -0.99109 0.90196 0.024745 0.12040 
2716  0.096819 -0.96981 0.89964 0.021974 0.12039 
2717  0.078216 -1.0713 0.90517 -0.0039631 0.11575 
2718  0.098220 -0.96290 0.89868 0.020663 0.11978 
2719  0.093019 -0.98903 0.90178 0.020694 0.11988 
2720  0.095419 -0.97681 0.90050 0.016435 0.11943 
2721  0.094419 -0.98187 0.90108 -0.029020 0.11408 
2722  0.086417 -1.0241 0.90397 -0.011442 0.11550 
2723  0.094419 -0.98187 0.90108 -0.018376 0.11562 
2724  0.10302 -0.93986 0.89492 0.022585 0.12073 
2725  0.095219 -0.97782 0.90061 -0.038792 0.11334 
2726  0.097219 -0.96783 0.89936 -0.039211 0.11313 
2727  0.098620 -0.96094 0.89838 0.033563 0.12183 
2728  0.082617 -1.0455 0.90459 -0.029773 0.11333 
2729  0.085217 -1.0308 0.90422 -0.037773 0.11290 
2730  0.098220 -0.96290 0.89868 0.027333 0.12079 
2731  0.10162 -0.94648 0.89603 0.018296 0.11998 
2732  0.092418 -0.99213 0.90206 0.023361 0.11981 
2733  0.094419 -0.98187 0.90108 0.039309 0.12240 
2734  0.098420 -0.96192 0.89852 -0.048541 0.11230 
2735  0.088618 -1.0122 0.90342 0.025854 0.12063 
2736  0.093219 -0.98800 0.90169 0.024104 0.12032 
2737  0.087017 -1.0209 0.90383 -0.037325 0.11290 
2738  0.099220 -0.95802 0.89798 0.025245 0.12057 
2739  0.092619 -0.99109 0.90196 -0.0075817 0.11650 
2740  0.10582 -0.92685 0.89234 0.034517 0.12253 
2741  0.076415 -1.0823 0.90532 -0.020092 0.11410 
2742  0.079216 -1.0653 0.90506 -0.018585 0.11411 
2743  0.098220 -0.96290 0.89868 -0.042397 0.11301 
2744  0.093819 -0.98493 0.90138 -0.0072015 0.11613 
2745  0.096819 -0.96981 0.89964 0.032046 0.12158 
2746  0.099020 -0.95899 0.89813 0.030095 0.12148 
2747  0.095619 -0.97581 0.90038 0.027482 0.12081 
2748  0.073815 -1.0986 0.90550 -0.0013076 0.11542 
2749  0.092018 -0.99420 0.90223 -0.029796 0.11358 
2750  0.10042 -0.95222 0.89704 0.029483 0.12153 
2751  0.097019 -0.96882 0.89950 -0.031488 0.11423 
2752  0.099020 -0.95899 0.89813 0.027811 0.12113 
2753  0.099620 -0.95608 0.89766 0.024653 0.12081 
2754  0.10162 -0.94648 0.89603 0.026099 0.12069 
2755  0.091418 -0.99733 0.90247 -0.045132 0.11245 
2756  0.095419 -0.97681 0.90050 0.030169 0.12061 
2757  0.097820 -0.96487 0.89896 0.032845 0.12147 
2758  0.10502 -0.93054 0.89318 0.025830 0.12104 
2759  0.10702 -0.92137 0.89131 0.023704 0.12110 
2760  0.097419 -0.96684 0.89922 -0.027770 0.11449 
2761  0.099220 -0.95802 0.89798 0.032459 0.12179 
2762  0.090018 -1.0047 0.90299 -0.032392 0.11380 
2763  0.091018 -0.99943 0.90263 0.030970 0.12132 
2764  0.083017 -1.0432 0.90452 -0.012284 0.11511 
2765  0.086417 -1.0241 0.90397 -0.017396 0.11490 
2766  0.093019 -0.98903 0.90178 0.019875 0.11999 
2767  0.087017 -1.0209 0.90383 -0.016123 0.11522 
2768  0.090818 -1.0005 0.90271 -0.018953 0.11528 
2769  0.10222 -0.94363 0.89555 -0.039603 0.11328 
2770  0.092819 -0.99006 0.90187 0.020485 0.11966 
2771  0.085617 -1.0286 0.90416 -0.012790 0.11483 
2772  0.091418 -0.99733 0.90247 -0.043805 0.11256 
2773  0.095419 -0.97681 0.90050 -0.033904 0.11375 
2774  0.093019 -0.98903 0.90178 0.016512 0.11933 
2775  0.095419 -0.97681 0.90050 -0.037646 0.11336 
2776  0.088818 -1.0111 0.90333 -0.038800 0.11288 
2777  0.095619 -0.97581 0.90038 -0.055765 0.11184 
2778  0.094419 -0.98187 0.90108 -0.047062 0.11241 
2779  0.083817 -1.0387 0.90442 -0.0091962 0.11544 
2780  0.084417 -1.0353 0.90435 -0.00046827 0.11692 
2781  0.089618 -1.0068 0.90310 -0.012606 0.11534 
2782  0.099620 -0.95608 0.89766 0.029029 0.12150 
2783  0.091018 -0.99943 0.90263 -0.034547 0.11336 
2784  0.10242 -0.94269 0.89538 0.024112 0.12065 
2785  0.086817 -1.0220 0.90389 -0.026342 0.11441 
2786  0.097820 -0.96487 0.89896 -0.051113 0.11213 
2787  0.091418 -0.99733 0.90247 -0.047070 0.11228 
2788  0.091418 -0.99733 0.90247 0.032245 0.12133 
2789  0.098020 -0.96388 0.89883 0.030189 0.12136 
2790  0.098820 -0.95997 0.89826 0.017721 0.11981 
2791  0.094019 -0.98390 0.90128 -0.010028 0.11640 
2792  0.089818 -1.0058 0.90305 0.021581 0.12020 
2793  0.083417 -1.0409 0.90447 -0.019486 0.11434 
2794  0.095419 -0.97681 0.90050 0.026977 0.12066 
2795  0.097620 -0.96585 0.89911 -0.054790 0.11217 
2796  0.10402 -0.93518 0.89414 -0.050716 0.11229 
2797  0.099220 -0.95802 0.89798 0.032308 0.12158 
2798  0.097419 -0.96684 0.89922 -0.051980 0.11236 
2799  0.10162 -0.94648 0.89603 0.025644 0.12064 
2800  0.099020 -0.95899 0.89813 -0.011146 0.11633 
2801  0.098020 -0.96388 0.89883 0.031707 0.12156 
2802  0.10642 -0.92410 0.89184 -0.052334 0.11238 
2803  0.098220 -0.96290 0.89868 -0.0090452 0.11666 
2804  0.087217 -1.0198 0.90376 -0.046081 0.11231 
2805  0.085217 -1.0308 0.90422 -0.036511 0.11315 
2806  0.090018 -1.0047 0.90299 0.017745 0.11921 
2807  0.096419 -0.97180 0.89988 0.018976 0.11948 
2808  0.10062 -0.95126 0.89689 0.029958 0.12104 
2809  0.086817 -1.0220 0.90389 -0.013328 0.11575 
2810  0.090218 -1.0036 0.90291 -0.016904 0.11556 
2811  0.095819 -0.97480 0.90026 0.029818 0.12119 
2812  0.099420 -0.95705 0.89783 0.029624 0.12090 
2813  0.10262 -0.94174 0.89525 0.033775 0.12183 
2814  0.084817 -1.0330 0.90427 -0.030022 0.11370 
2815  0.10382 -0.93611 0.89430 -0.054107 0.11217 
2816  0.095619 -0.97581 0.90038 0.022806 0.11977 
2817  0.097019 -0.96882 0.89950 0.024208 0.12007 
2818  0.085617 -1.0286 0.90416 -0.018788 0.11525 
2819  0.088218 -1.0143 0.90350 0.023299 0.11995 
2820  0.091818 -0.99524 0.90230 0.021969 0.11989 
2821  0.098620 -0.96094 0.89838 -0.049167 0.11215 
2822  0.098420 -0.96192 0.89852 0.029910 0.12134 
2823  0.097019 -0.96882 0.89950 0.026292 0.12080 
2824  0.094819 -0.97984 0.90082 0.026886 0.12048 
2825  0.097019 -0.96882 0.89950 0.029733 0.12139 
2826  0.085217 -1.0308 0.90422 -0.021549 0.11439 
2827  0.098420 -0.96192 0.89852 0.028260 0.12099 
2828  0.080816 -1.0559 0.90485 -0.010675 0.11590 
2829  0.092418 -0.99213 0.90206 -0.014128 0.11576 
2830  0.089218 -1.0090 0.90322 -0.021525 0.11445 
2831  0.099220 -0.95802 0.89798 -0.022361 0.11526 
2832  0.096419 -0.97180 0.89988 -0.019979 0.11504 
2833  0.088818 -1.0111 0.90333 -0.015461 0.11549 
2834  0.097419 -0.96684 0.89922 -0.011819 0.11603 
2835  0.096219 -0.97280 0.90004 0.027686 0.12101 
2836  0.099420 -0.95705 0.89783 0.026240 0.12060 
2837  0.10262 -0.94174 0.89525 0.034838 0.12207 
2838  0.089818 -1.0058 0.90305 -0.045368 0.11235 
2839  0.092218 -0.99316 0.90215 -0.027202 0.11397 
2840  0.086817 -1.0220 0.90389 0.021175 0.11974 
2841  0.075415 -1.0885 0.90540 0.0045076 0.11642 
2842  0.095019 -0.97883 0.90072 0.018088 0.11976 
2843  0.091818 -0.99524 0.90230 0.023330 0.12043 
2844  0.079216 -1.0653 0.90506 -0.013942 0.11495 
2845  0.092819 -0.99006 0.90187 0.023076 0.12023 
2846  0.094419 -0.98187 0.90108 0.030196 0.12133 
2847  0.098820 -0.95997 0.89826 0.024313 0.12020 
2848  0.088418 -1.0133 0.90345 -0.012043 0.11534 
2849  0.099020 -0.95899 0.89813 0.019743 0.12004 
2850  0.092218 -0.99316 0.90215 -0.010435 0.11634 
2851  0.089418 -1.0079 0.90316 0.034005 0.12079 
2852  0.085417 -1.0297 0.90419 0.00017393 0.11680 
2853  0.083017 -1.0432 0.90452 -0.0051089 0.11614 
2854  0.098220 -0.96290 0.89868 0.022385 0.12069 
2855  0.099820 -0.95511 0.89751 0.022514 0.12079 
2856  0.084617 -1.0341 0.90431 -0.014993 0.11551 
2857  0.080616 -1.0571 0.90486 -0.0068474 0.11526 
2858  0.080416 -1.0582 0.90490 -0.010696 0.11528 
2859  0.091018 -0.99943 0.90263 0.033604 0.12106 
2860  0.085617 -1.0286 0.90416 -0.028412 0.11367 
2861  0.093819 -0.98493 0.90138 -0.038663 0.11296 
2862  0.081416 -1.0524 0.90474 -0.020512 0.11405 
2863  0.10122 -0.94839 0.89640 0.056158 0.12410 
2864  0.095419 -0.97681 0.90050 -0.046095 0.11298 
2865  0.088818 -1.0111 0.90333 0.023437 0.11973 
2866  0.094619 -0.98085 0.90094 0.021244 0.11960 
2867  0.090218 -1.0036 0.90291 0.026012 0.12040 
2868  0.10182 -0.94553 0.89586 0.028742 0.12135 
2869  0.10282 -0.94080 0.89508 -0.059591 0.11153 
2870  0.096819 -0.96981 0.89964 0.029453 0.12068 
2871  0.090418 -1.0026 0.90283 -0.043504 0.11276 
2872  0.091218 -0.99838 0.90255 0.019949 0.11965 
2873  0.092819 -0.99006 0.90187 0.025111 0.12074 
2874  0.093019 -0.98903 0.90178 -0.035034 0.11358 
2875  0.10002 -0.95415 0.89736 0.038921 0.12262 
2876  0.099220 -0.95802 0.89798 0.035608 0.12227 
2877  0.072414 -1.1075 0.90557 0.0071776 0.11645 
2878  0.092619 -0.99109 0.90196 0.025924 0.12037 
2879  0.092018 -0.99420 0.90223 0.018898 0.11959 
2880  0.10382 -0.93611 0.89430 0.027056 0.12127 
2881  0.094819 -0.97984 0.90082 -0.033969 0.11373 
2882  0.096019 -0.97380 0.90014 0.027228 0.12092 
2883  0.095819 -0.97480 0.90026 -0.010864 0.11651 
2884  0.096019 -0.97380 0.90014 0.020823 0.11981 
2885  0.095419 -0.97681 0.90050 0.035843 0.12214 
2886  0.096019 -0.97380 0.90014 -0.040392 0.11333 
2887  0.097019 -0.96882 0.89950 0.027364 0.12107 
2888  0.097620 -0.96585 0.89911 0.019733 0.12012 
2889  0.10262 -0.94174 0.89525 0.021718 0.12058 
2890  0.097019 -0.96882 0.89950 0.038601 0.12172 
2891  0.087818 -1.0165 0.90360 -0.023273 0.11408 
2892  0.093219 -0.98800 0.90169 -0.019661 0.11509 
2893  0.096219 -0.97280 0.90004 -0.019188 0.11544 
2894  0.091018 -0.99943 0.90263 0.017564 0.11944 
2895  0.097019 -0.96882 0.89950 -0.023801 0.11483 
2896  0.093419 -0.98697 0.90159 0.034108 0.12165 
2897  0.10162 -0.94648 0.89603 0.034715 0.12202 
2898  0.084617 -1.0341 0.90431 -0.011992 0.11535 
2899  0.095219 -0.97782 0.90061 0.032415 0.12124 
2900  0.085417 -1.0297 0.90419 -0.015765 0.11495 
2901  0.10242 -0.94269 0.89538 0.035449 0.12259 
2902  0.090018 -1.0047 0.90299 0.017267 0.11934 
2903  0.087217 -1.0198 0.90376 -0.029864 0.11331 
2904  0.098420 -0.96192 0.89852 0.033996 0.12183 
2905  0.096219 -0.97280 0.90004 0.030466 0.12126 
2906  0.094619 -0.98085 0.90094 -0.021748 0.11502 
2907  0.082016 -1.0489 0.90467 -0.016712 0.11448 
2908  0.083417 -1.0409 0.90447 -0.012207 0.11495 
2909  0.088818 -1.0111 0.90333 -0.017763 0.11510 
2910  0.088618 -1.0122 0.90342 -0.040857 0.11309 
2911  0.094219 -0.98289 0.90117 -0.040776 0.11309 
2912  0.095019 -0.97883 0.90072 -0.019423 0.11526 
2913  0.098820 -0.95997 0.89826 0.026043 0.12067 
2914  0.10362 -0.93705 0.89452 0.029739 0.12136 
2915  0.092018 -0.99420 0.90223 -0.035692 0.11333 
2916  0.10202 -0.94458 0.89565 0.035137 0.12217 
2917  0.097019 -0.96882 0.89950 0.028772 0.12117 
2918  0.099220 -0.95802 0.89798 0.019996 0.12046 
2919  0.091018 -0.99943 0.90263 0.036958 0.12203 
2920  0.097219 -0.96783 0.89936 0.024243 0.12027 
2921  0.097219 -0.96783 0.89936 0.036175 0.12210 
2922  0.10002 -0.95415 0.89736 0.028498 0.12132 
2923  0.085017 -1.0319 0.90425 0.028576 0.12043 
2924  0.097620 -0.96585 0.89911 -0.057634 0.11180 
2925  0.089018 -1.0100 0.90328 -0.033703 0.11318 
2926  0.097419 -0.96684 0.89922 0.030427 0.12142 
2927  0.10002 -0.95415 0.89736 0.027320 0.12080 
2928  0.078816 -1.0677 0.90511 -0.0069405 0.11520 
2929  0.076015 -1.0848 0.90534 -0.013631 0.11436 
2930  0.077215 -1.0774 0.90525 -0.00086448 0.11588 
2931  0.091418 -0.99733 0.90247 -0.027093 0.11418 
2932  0.10802 -0.91684 0.89046 0.026027 0.12091 
2933  0.095619 -0.97581 0.90038 -0.047328 0.11252 
2934  0.10082 -0.95030 0.89673 0.035173 0.12220 
2935  0.092218 -0.99316 0.90215 -0.044286 0.11248 
2936  0.099220 -0.95802 0.89798 0.020615 0.11985 
2937  0.093219 -0.98800 0.90169 0.026713 0.12016 
2938  0.094219 -0.98289 0.90117 0.016409 0.11918 
2939  0.092018 -0.99420 0.90223 -0.022585 0.11476 
2940  0.10262 -0.94174 0.89525 0.028826 0.12106 
2941  0.095819 -0.97480 0.90026 0.025911 0.12029 
2942  0.097419 -0.96684 0.89922 0.035886 0.12226 
2943  0.095819 -0.97480 0.90026 0.018498 0.11999 
2944  0.10062 -0.95126 0.89689 0.022301 0.12013 
2945  0.10042 -0.95222 0.89704 0.026062 0.12045 
2946  0.086417 -1.0241 0.90397 -0.027105 0.11369 
2947  0.084417 -1.0353 0.90435 -0.030828 0.11312 
2948  0.097219 -0.96783 0.89936 0.028585 0.12099 
2949  0.086817 -1.0220 0.90389 -0.032634 0.11307 
2950  0.092819 -0.99006 0.90187 0.026575 0.12046 
2951  0.097820 -0.96487 0.89896 0.023779 0.12055 
2952  0.10502 -0.93054 0.89318 0.034625 0.12228 
2953  0.079616 -1.0630 0.90500 -0.011149 0.11486 
2954  0.10122 -0.94839 0.89640 0.031833 0.12187 
2955  0.094619 -0.98085 0.90094 0.032800 0.12170 
2956  0.10122 -0.94839 0.89640 0.036583 0.12206 
2957  0.097620 -0.96585 0.89911 0.030950 0.12115 
2958  0.099020 -0.95899 0.89813 0.023317 0.12034 
2959  0.092418 -0.99213 0.90206 -0.045804 0.11260 
2960  0.092819 -0.99006 0.90187 0.025428 0.12040 
2961  0.10062 -0.95126 0.89689 -0.048171 0.11239 
2962  0.085617 -1.0286 0.90416 -0.0050069 0.11604 
2963  0.095219 -0.97782 0.90061 0.032598 0.12155 
2964  0.096819 -0.96981 0.89964 -0.028581 0.11433 
2965  0.099620 -0.95608 0.89766 0.025601 0.12048 
2966  0.093419 -0.98697 0.90159 -0.0045304 0.11687 
2967  0.093619 -0.98595 0.90149 -0.031294 0.11404 
2968  0.091018 -0.99943 0.90263 0.021332 0.12004 
2969  0.10222 -0.94363 0.89555 0.025090 0.12072 
2970  0.10222 -0.94363 0.89555 0.013119 0.11894 
2971  0.092418 -0.99213 0.90206 -0.040165 0.11274 
2972  0.10142 -0.94743 0.89618 0.031522 0.12181 
2973  0.093419 -0.98697 0.90159 -0.016422 0.11575 
2974  0.085417 -1.0297 0.90419 0.027083 0.12035 
2975  0.094019 -0.98390 0.90128 0.031495 0.12114 
2976  0.097019 -0.96882 0.89950 -0.028598 0.11391 
2977  0.083217 -1.0421 0.90450 -0.013169 0.11482 
2978  0.091418 -0.99733 0.90247 0.027627 0.12053 
2979  0.088218 -1.0143 0.90350 -0.036139 0.11316 
2980  0.090018 -1.0047 0.90299 -0.046687 0.11247 
2981  0.095219 -0.97782 0.90061 -0.051928 0.11183 
2982  0.095019 -0.97883 0.90072 0.024790 0.12075 
2983  0.099620 -0.95608 0.89766 -0.035405 0.11396 
2984  0.088618 -1.0122 0.90342 0.032185 0.12099 
2985  0.096219 -0.97280 0.90004 0.028825 0.12088 
2986  0.098820 -0.95997 0.89826 0.030253 0.12143 
2987  0.083617 -1.0398 0.90445 -0.0037489 0.11616 
2988  0.092819 -0.99006 0.90187 0.017896 0.11935 
2989  0.098220 -0.96290 0.89868 0.024389 0.12058 
2990  0.095019 -0.97883 0.90072 0.020813 0.12026 
2991  0.089418 -1.0079 0.90316 0.023060 0.11985 
2992  0.096219 -0.97280 0.90004 -0.027457 0.11466 
2993  0.10162 -0.94648 0.89603 0.024191 0.12047 
2994  0.093419 -0.98697 0.90159 0.025539 0.12082 
2995  0.092619 -0.99109 0.90196 0.020051 0.11984 
2996  0.097620 -0.96585 0.89911 -0.036469 0.11351 
2997  0.11662 -0.87936 0.88338 0.089514 0.12894 
2998  0.094219 -0.98289 0.90117 0.026328 0.12033 
2999  0.099620 -0.95608 0.89766 0.025516 0.12076 
3000  0.10202 -0.94458 0.89565 -0.043707 0.11253 
3001  0.10302 -0.93986 0.89492 -0.040427 0.11336 
3002  0.10202 -0.94458 0.89565 -0.050730 0.11256 
3003  0.10482 -0.93146 0.89338 0.027274 0.12116 
3004  0.081616 -1.0512 0.90472 -0.015795 0.11424 
3005  0.080016 -1.0606 0.90495 -0.0088992 0.11487 
3006  0.072214 -1.1088 0.90558 -0.013798 0.11430 
3007  0.075015 -1.0910 0.90543 -0.012955 0.11457 
3008  0.073815 -1.0986 0.90550 -0.0079012 0.11493 
3009  0.080816 -1.0559 0.90485 -0.0087631 0.11546 
3010  0.086617 -1.0230 0.90393 -0.020263 0.11463 
3011  0.082817 -1.0443 0.90455 -0.016340 0.11456 
3012  0.090218 -1.0036 0.90291 -0.014137 0.11503 
3013  0.096019 -0.97380 0.90014 0.026348 0.12089 
3014  0.095619 -0.97581 0.90038 -0.016892 0.11477 
3015  0.083617 -1.0398 0.90445 -0.017495 0.11490 
3016  0.087217 -1.0198 0.90376 -0.013780 0.11507 
3017  0.099820 -0.95511 0.89751 0.028508 0.12118 
3018  0.080816 -1.0559 0.90485 -0.010375 0.11511 
3019  0.099420 -0.95705 0.89783 0.032538 0.12144 
3020  0.10322 -0.93892 0.89479 0.027279 0.12106 
3021  0.11062 -0.90524 0.88623 0.036364 0.12250 
3022  0.10122 -0.94839 0.89640 0.019145 0.12035 
3023  0.097419 -0.96684 0.89922 0.021273 0.12020 
3024  0.10122 -0.94839 0.89640 -0.038540 0.11387 
3025  0.087417 -1.0187 0.90369 -0.035713 0.11309 
3026  0.097820 -0.96487 0.89896 -0.033901 0.11351 
3027  0.089018 -1.0100 0.90328 -0.0085024 0.11626 
3028  0.10762 -0.91865 0.89086 0.025446 0.12106 
3029  0.094819 -0.97984 0.90082 -0.049631 0.11207 
3030  0.096619 -0.97081 0.89977 0.028863 0.12108 
3031  0.093219 -0.98800 0.90169 0.015735 0.11903 
3032  0.10182 -0.94553 0.89586 0.022834 0.12043 
3033  0.097620 -0.96585 0.89911 0.031406 0.12130 
3034  0.096219 -0.97280 0.90004 -0.0062447 0.11657 
3035  0.10542 -0.92869 0.89284 -0.057553 0.11201 
3036  0.091618 -0.99629 0.90238 0.029750 0.12103 
3037  0.083017 -1.0432 0.90452 -0.014864 0.11495 
3038  0.099620 -0.95608 0.89766 -0.042054 0.11317 
3039  0.087017 -1.0209 0.90383 0.029852 0.12069 
3040  0.10362 -0.93705 0.89452 0.031595 0.12188 
3041  0.091018 -0.99943 0.90263 0.035698 0.12163 
3042  0.090618 -1.0015 0.90278 0.026983 0.12025 
3043  0.087217 -1.0198 0.90376 0.027562 0.12040 
3044  0.091618 -0.99629 0.90238 0.026428 0.12024 
3045  0.094819 -0.97984 0.90082 0.030436 0.12078 
3046  0.10302 -0.93986 0.89492 0.040030 0.12291 
3047  0.090618 -1.0015 0.90278 -0.018977 0.11476 
3048  0.097820 -0.96487 0.89896 -0.022388 0.11538 
3049  0.097620 -0.96585 0.89911 0.037943 0.12223 
3050  0.098220 -0.96290 0.89868 0.029647 0.12153 
3051  0.083617 -1.0398 0.90445 0.0089242 0.11702 
3052  0.10422 -0.93425 0.89394 -0.052081 0.11223 
3053  0.093219 -0.98800 0.90169 -0.020548 0.11478 
3054  0.085617 -1.0286 0.90416 -0.0079927 0.11652 
3055  0.093819 -0.98493 0.90138 0.042520 0.12236 
3056  0.086817 -1.0220 0.90389 0.020046 0.11948 
3057  0.092218 -0.99316 0.90215 -0.016213 0.11571 
3058  0.092218 -0.99316 0.90215 0.041694 0.12227 
3059  0.094419 -0.98187 0.90108 -0.017480 0.11523 
3060  0.096219 -0.97280 0.90004 0.032813 0.12155 
3061  0.086417 -1.0241 0.90397 -0.039493 0.11269 
3062  0.095619 -0.97581 0.90038 -0.048632 0.11239 
3063  0.099220 -0.95802 0.89798 0.020931 0.11980 
3064  0.10362 -0.93705 0.89452 0.039028 0.12268 
3065  0.082617 -1.0455 0.90459 -0.010911 0.11500 
3066  0.088018 -1.0154 0.90355 -0.016099 0.11485 
3067  0.10282 -0.94080 0.89508 0.030032 0.12151 
3068  0.084417 -1.0353 0.90435 -0.017070 0.11443 
3069  0.083217 -1.0421 0.90450 -0.012840 0.11492 
3070  0.10042 -0.95222 0.89704 0.028257 0.12080 
3071  0.089818 -1.0058 0.90305 -0.040866 0.11294 
3072  0.10322 -0.93892 0.89479 -0.048753 0.11238 
3073  0.099020 -0.95899 0.89813 0.025833 0.12085 
3074  0.090018 -1.0047 0.90299 -0.023812 0.11464 
3075  0.099820 -0.95511 0.89751 0.030102 0.12118 
3076  0.10242 -0.94269 0.89538 0.038538 0.12256 
3077  0.093419 -0.98697 0.90159 0.018932 0.12017 
3078  0.094419 -0.98187 0.90108 -0.045974 0.11252 
3079  0.092018 -0.99420 0.90223 -0.048051 0.11214 
3080  0.10022 -0.95318 0.89722 -0.049443 0.11237 
3081  0.10042 -0.95222 0.89704 0.021913 0.12011 
3082  0.096019 -0.97380 0.90014 0.021381 0.11977 
3083  0.085617 -1.0286 0.90416 -0.020094 0.11460 
3084  0.096619 -0.97081 0.89977 0.027856 0.12135 
3085  0.085017 -1.0319 0.90425 -0.0016546 0.11608 
3086  0.085017 -1.0319 0.90425 -0.010033 0.11546 
3087  0.089418 -1.0079 0.90316 0.032329 0.12087 
3088  0.092819 -0.99006 0.90187 0.032220 0.12143 
3089  0.098620 -0.96094 0.89838 0.017136 0.11986 
3090  0.10442 -0.93332 0.89373 0.033083 0.12168 
3091  0.097820 -0.96487 0.89896 0.031057 0.12128 
3092  0.094819 -0.97984 0.90082 0.027171 0.12038 
3093  0.096819 -0.96981 0.89964 0.032796 0.12156 
3094  0.10122 -0.94839 0.89640 0.032414 0.12120 
3095  0.10422 -0.93425 0.89394 0.028539 0.12160 
3096  0.095419 -0.97681 0.90050 0.027448 0.12116 
3097  0.094419 -0.98187 0.90108 -0.015284 0.11571 
3098  0.10082 -0.95030 0.89673 0.030052 0.12140 
3099  0.090218 -1.0036 0.90291 0.026930 0.12048 
3100  0.093819 -0.98493 0.90138 0.027520 0.12047 
3101  0.097219 -0.96783 0.89936 0.025636 0.12126 
3102  0.095019 -0.97883 0.90072 0.018003 0.11953 
3103  0.098820 -0.95997 0.89826 -0.047719 0.11253 
3104  0.10002 -0.95415 0.89736 0.032065 0.12141 
3105  0.092418 -0.99213 0.90206 0.019324 0.11950 
3106  0.088818 -1.0111 0.90333 -0.041313 0.11250 
3107  0.099420 -0.95705 0.89783 0.036764 0.12186 
3108  0.098220 -0.96290 0.89868 0.022258 0.12048 
3109  0.082817 -1.0443 0.90455 -0.022930 0.11397 
3110  0.090418 -1.0026 0.90283 -0.045608 0.11256 
3111  0.089218 -1.0090 0.90322 0.022637 0.11964 
3112  0.094619 -0.98085 0.90094 0.031857 0.12090 
3113  0.097820 -0.96487 0.89896 -0.039715 0.11357 
3114  0.10582 -0.92685 0.89234 0.034041 0.12183 
3115  0.10262 -0.94174 0.89525 -0.034099 0.11396 
3116  0.087217 -1.0198 0.90376 -0.012017 0.11551 
3117  0.10462 -0.93239 0.89351 0.032852 0.12199 
3118  0.097820 -0.96487 0.89896 0.023547 0.12029 
3119  0.098420 -0.96192 0.89852 0.025805 0.12060 
3120  0.095219 -0.97782 0.90061 0.021515 0.12031 
3121  0.093819 -0.98493 0.90138 0.029513 0.12087 
3122  0.098420 -0.96192 0.89852 0.032509 0.12168 
3123  0.094419 -0.98187 0.90108 0.027816 0.12086 
3124  0.094019 -0.98390 0.90128 0.026198 0.12113 
3125  0.098020 -0.96388 0.89883 0.028415 0.12122 
3126  0.096819 -0.96981 0.89964 -0.046251 0.11274 
3127  0.099820 -0.95511 0.89751 0.021524 0.12002 
3128  0.086017 -1.0264 0.90407 -0.030050 0.11353 
3129  0.088618 -1.0122 0.90342 -0.032693 0.11311 
3130  0.086417 -1.0241 0.90397 -0.039140 0.11295 
3131  0.093619 -0.98595 0.90149 0.023666 0.12032 
3132  0.083817 -1.0387 0.90442 0.012829 0.11775 
3133  0.10362 -0.93705 0.89452 0.033842 0.12204 
3134  0.098620 -0.96094 0.89838 -0.054354 0.11200 
3135  0.10102 -0.94934 0.89659 0.026619 0.12102 
3136  0.081016 -1.0547 0.90481 -0.0056006 0.11549 
3137  0.080216 -1.0594 0.90492 -0.022189 0.11407 
3138  0.097820 -0.96487 0.89896 -0.040614 0.11328 
3139  0.095019 -0.97883 0.90072 -0.018464 0.11488 
3140  0.082016 -1.0489 0.90467 -0.020739 0.11410 
3141  0.093419 -0.98697 0.90159 -0.041583 0.11281 
3142  0.093419 -0.98697 0.90159 -0.054625 0.11169 
3143  0.092018 -0.99420 0.90223 -0.025945 0.11418 
3144  0.099020 -0.95899 0.89813 -0.045338 0.11258 
3145  0.095619 -0.97581 0.90038 0.022223 0.12017 
3146  0.092018 -0.99420 0.90223 -0.018259 0.11521 
3147  0.092619 -0.99109 0.90196 0.035290 0.12122 
3148  0.092218 -0.99316 0.90215 0.035679 0.12111 
3149  0.099220 -0.95802 0.89798 -0.041037 0.11312 
3150  0.093219 -0.98800 0.90169 0.031622 0.12138 
3151  0.093419 -0.98697 0.90159 0.049395 0.12308 
3152  0.092218 -0.99316 0.90215 -0.041980 0.11287 
3153  0.098420 -0.96192 0.89852 0.035614 0.12244 
3154  0.095619 -0.97581 0.90038 0.021824 0.12015 
3155  0.10242 -0.94269 0.89538 0.027909 0.12128 
3156  0.093419 -0.98697 0.90159 -0.038992 0.11304 
3157  0.099020 -0.95899 0.89813 0.033207 0.12169 
3158  0.089418 -1.0079 0.90316 0.023257 0.11989 
3159  0.10142 -0.94743 0.89618 0.022449 0.12039 
3160  0.095819 -0.97480 0.90026 0.039363 0.12215 
3161  0.10042 -0.95222 0.89704 -0.043713 0.11298 
3162  0.10102 -0.94934 0.89659 0.029119 0.12164 
3163  0.096419 -0.97180 0.89988 0.036722 0.12235 
3164  0.095619 -0.97581 0.90038 -0.010666 0.11630 
3165  0.098220 -0.96290 0.89868 -0.020530 0.11535 
3166  0.10322 -0.93892 0.89479 -0.025050 0.11509 
3167  0.097620 -0.96585 0.89911 -0.025336 0.11492 
3168  0.094219 -0.98289 0.90117 -0.015025 0.11613 
3169  0.091418 -0.99733 0.90247 -0.0098930 0.11606 
3170  0.10182 -0.94553 0.89586 -0.017550 0.11602 
3171  0.099620 -0.95608 0.89766 -0.027183 0.11444 
3172  0.094219 -0.98289 0.90117 0.020544 0.11971 
3173  0.099820 -0.95511 0.89751 0.053018 0.12329 
3174  0.093619 -0.98595 0.90149 0.054075 0.12347 
3175  0.078816 -1.0677 0.90511 -0.0092866 0.11497 
3176  0.10622 -0.92502 0.89195 -0.037124 0.11419 
3177  0.092418 -0.99213 0.90206 0.026352 0.12071 
3178  0.094019 -0.98390 0.90128 0.030638 0.12121 
3179  0.097019 -0.96882 0.89950 0.024985 0.12068 
3180  0.10042 -0.95222 0.89704 0.012151 0.11894 
3181  0.094619 -0.98085 0.90094 0.029158 0.12060 
3182  0.094419 -0.98187 0.90108 -0.010650 0.11578 
3183  0.10322 -0.93892 0.89479 0.029776 0.12176 
3184  0.099820 -0.95511 0.89751 0.025218 0.12067 
3185  0.099020 -0.95899 0.89813 0.026586 0.12096 
3186  0.094219 -0.98289 0.90117 0.030140 0.12101 
3187  0.086217 -1.0252 0.90401 -0.030827 0.11322 
3188  0.097219 -0.96783 0.89936 -0.021978 0.11459 
3189  0.093419 -0.98697 0.90159 0.028836 0.12100 
3190  0.077415 -1.0762 0.90522 -0.014786 0.11451 
3191  0.094619 -0.98085 0.90094 -0.020299 0.11525 
3192  0.087818 -1.0165 0.90360 0.021694 0.11961 
3193  0.095019 -0.97883 0.90072 0.020002 0.11994 
3194  0.096019 -0.97380 0.90014 0.021105 0.12011 
3195  0.098420 -0.96192 0.89852 0.033307 0.12156 
3196  0.093419 -0.98697 0.90159 -0.022961 0.11470 
3197  0.099220 -0.95802 0.89798 0.056737 0.12391 
3198  0.098620 -0.96094 0.89838 -0.047127 0.11276 
3199  0.095219 -0.97782 0.90061 0.062235 0.12460 
3200  0.098020 -0.96388 0.89883 0.019523 0.11993 
3201  0.10522 -0.92961 0.89299 0.023718 0.12117 
3202  0.096419 -0.97180 0.89988 0.025007 0.12057 
3203  0.096619 -0.97081 0.89977 -0.0049663 0.11666 
3204  0.093819 -0.98493 0.90138 0.022568 0.12001 
3205  0.093819 -0.98493 0.90138 0.022533 0.12051 
3206  0.10202 -0.94458 0.89565 0.031097 0.12144 
3207  0.094219 -0.98289 0.90117 0.037699 0.12222 
3208  0.10062 -0.95126 0.89689 0.037356 0.12246 
3209  0.096219 -0.97280 0.90004 0.023450 0.11990 
3210  0.087017 -1.0209 0.90383 -0.025422 0.11424 
3211  0.10102 -0.94934 0.89659 0.023658 0.12019 
3212  0.092418 -0.99213 0.90206 0.020321 0.11979 
3213  0.093819 -0.98493 0.90138 -0.047440 0.11239 
3214  0.095219 -0.97782 0.90061 0.019202 0.11953 
3215  0.080816 -1.0559 0.90485 -0.0044104 0.11560 
3216  0.084617 -1.0341 0.90431 -0.018396 0.11482 
3217  0.098220 -0.96290 0.89868 -0.0057739 0.11695 
3218  0.095219 -0.97782 0.90061 -0.0061467 0.11695 
3219  0.092418 -0.99213 0.90206 -0.0034915 0.11706 
3220  0.10022 -0.95318 0.89722 0.038830 0.12264 
3221  0.089818 -1.0058 0.90305 0.022024 0.12011 
3222  0.085617 -1.0286 0.90416 -0.0020809 0.11630 
3223  0.094619 -0.98085 0.90094 0.021776 0.12015 
3224  0.10142 -0.94743 0.89618 0.024235 0.12064 
3225  0.098820 -0.95997 0.89826 -0.015363 0.11583 
3226  0.090818 -1.0005 0.90271 0.037402 0.12180 
3227  0.092218 -0.99316 0.90215 -0.0024528 0.11676 
3228  0.10102 -0.94934 0.89659 0.040874 0.12250 
3229  0.10282 -0.94080 0.89508 0.028745 0.12135 
3230  0.087017 -1.0209 0.90383 -0.0082683 0.11635 
3231  0.085017 -1.0319 0.90425 -0.0071931 0.11561 
3232  0.099420 -0.95705 0.89783 0.015630 0.11910 
3233  0.092418 -0.99213 0.90206 -0.0021035 0.11731 
3234  0.10002 -0.95415 0.89736 -0.031720 0.11439 
3235  0.10262 -0.94174 0.89525 0.029736 0.12167 
3236  0.082416 -1.0466 0.90462 -0.030294 0.11343 
3237  0.092218 -0.99316 0.90215 -0.026544 0.11446 
3238  0.092619 -0.99109 0.90196 -0.047199 0.11245 
3239  0.094619 -0.98085 0.90094 -0.011765 0.11625 
3240  0.10102 -0.94934 0.89659 0.030387 0.12151 
3241  0.091218 -0.99838 0.90255 -0.035446 0.11321 
3242  0.095419 -0.97681 0.90050 0.022647 0.12041 
3243  0.097419 -0.96684 0.89922 0.022212 0.11988 
3244  0.099420 -0.95705 0.89783 0.032522 0.12157 
3245  0.084217 -1.0364 0.90436 -0.036444 0.11288 
3246  0.099620 -0.95608 0.89766 -0.048005 0.11258 
3247  0.081416 -1.0524 0.90474 -0.015245 0.11469 
3248  0.096619 -0.97081 0.89977 -0.050693 0.11234 
3249  0.096619 -0.97081 0.89977 0.030098 0.12132 
3250  0.093819 -0.98493 0.90138 -0.035506 0.11338 
3251  0.098420 -0.96192 0.89852 -0.055076 0.11213 
3252  0.095419 -0.97681 0.90050 0.030284 0.12141 
3253  0.094619 -0.98085 0.90094 -0.048143 0.11253 
3254  0.10502 -0.93054 0.89318 0.037199 0.12252 
3255  0.10182 -0.94553 0.89586 0.023697 0.12086 
3256  0.088418 -1.0133 0.90345 -0.013859 0.11547 
3257  0.098620 -0.96094 0.89838 0.030810 0.12116 
3258  0.087017 -1.0209 0.90383 -0.012040 0.11601 
3259  0.098420 -0.96192 0.89852 0.029238 0.12126 
3260  0.093219 -0.98800 0.90169 0.029680 0.12063 
3261  0.10922 -0.91146 0.88923 0.026181 0.12117 
3262  0.095019 -0.97883 0.90072 0.028179 0.12048 
3263  0.10122 -0.94839 0.89640 0.046930 0.12290 
3264  0.089018 -1.0100 0.90328 -0.0027251 0.11624 
3265  0.10562 -0.92777 0.89256 0.028199 0.12111 
3266  0.091618 -0.99629 0.90238 -0.0094700 0.11649 
3267  0.088618 -1.0122 0.90342 -0.0057449 0.11605 
3268  0.077215 -1.0774 0.90525 0.0070674 0.11661 
3269  0.097219 -0.96783 0.89936 0.028232 0.12160 
3270  0.082216 -1.0478 0.90464 -0.019515 0.11427 
3271  0.095219 -0.97782 0.90061 -0.052009 0.11218 
3272  0.083217 -1.0421 0.90450 -0.029543 0.11343 
3273  0.092418 -0.99213 0.90206 -0.046210 0.11260 
3274  0.089818 -1.0058 0.90305 0.027356 0.12022 
3275  0.096219 -0.97280 0.90004 0.024550 0.12007 
3276  0.089418 -1.0079 0.90316 -0.039232 0.11276 
3277  0.097019 -0.96882 0.89950 0.034060 0.12169 
3278  0.10082 -0.95030 0.89673 0.033691 0.12194 
3279  0.10042 -0.95222 0.89704 0.033083 0.12168 
3280  0.10262 -0.94174 0.89525 -0.024793 0.11487 
3281  0.095219 -0.97782 0.90061 0.028360 0.12110 
3282  0.085817 -1.0275 0.90410 -0.018821 0.11480 
3283  0.098620 -0.96094 0.89838 0.030614 0.12159 
3284  0.10882 -0.91325 0.88980 0.028539 0.12163 
3285  0.10102 -0.94934 0.89659 0.041012 0.12217 
3286  0.097820 -0.96487 0.89896 0.024459 0.12081 
3287  0.095819 -0.97480 0.90026 0.033687 0.12192 
3288  0.092018 -0.99420 0.90223 0.024914 0.12032 
3289  0.097820 -0.96487 0.89896 0.017830 0.11952 
3290  0.10282 -0.94080 0.89508 0.032753 0.12185 
3291  0.093019 -0.98903 0.90178 -0.017033 0.11552 
3292  0.087818 -1.0165 0.90360 -0.0090208 0.11533 
3293  0.097019 -0.96882 0.89950 0.024077 0.12029 
3294  0.078216 -1.0713 0.90517 -0.014110 0.11466 
3295  0.082817 -1.0443 0.90455 -0.0083204 0.11520 
3296  0.10002 -0.95415 0.89736 0.021832 0.12026 
3297  0.079816 -1.0618 0.90497 -0.013364 0.11460 
3298  0.096619 -0.97081 0.89977 0.025047 0.12044 
3299  0.090618 -1.0015 0.90278 0.027222 0.12060 
3300  0.10262 -0.94174 0.89525 0.031635 0.12176 
3301  0.098220 -0.96290 0.89868 -0.034549 0.11335 
3302  0.094019 -0.98390 0.90128 -0.032352 0.11379 
3303  0.093419 -0.98697 0.90159 -0.022037 0.11511 
3304  0.094019 -0.98390 0.90128 -0.041894 0.11284 
3305  0.096819 -0.96981 0.89964 -0.029413 0.11421 
3306  0.089418 -1.0079 0.90316 -0.037716 0.11324 
3307  0.097820 -0.96487 0.89896 0.030543 0.12121 
3308  0.085017 -1.0319 0.90425 -0.036370 0.11285 
3309  0.10022 -0.95318 0.89722 0.037462 0.12237 
3310  0.081016 -1.0547 0.90481 -0.022773 0.11382 
3311  0.095419 -0.97681 0.90050 0.020855 0.12007 
3312  0.093819 -0.98493 0.90138 0.027295 0.12083 
3313  0.10322 -0.93892 0.89479 0.029519 0.12159 
3314  0.10162 -0.94648 0.89603 0.019128 0.12016 
3315  0.10002 -0.95415 0.89736 -0.045288 0.11275 
3316  0.10422 -0.93425 0.89394 -0.012659 0.11684 
3317  0.10042 -0.95222 0.89704 0.020164 0.12038 
3318  0.098420 -0.96192 0.89852 -0.048282 0.11240 
3319  0.097219 -0.96783 0.89936 -0.051276 0.11210 
3320  0.088018 -1.0154 0.90355 -0.016679 0.11491 
3321  0.093819 -0.98493 0.90138 -0.029889 0.11388 
3322  0.090418 -1.0026 0.90283 0.038525 0.12216 
3323  0.085617 -1.0286 0.90416 0.021319 0.11913 
3324  0.10402 -0.93518 0.89414 0.036407 0.12240 
3325  0.095019 -0.97883 0.90072 0.027983 0.12054 
3326  0.10022 -0.95318 0.89722 -0.047762 0.11239 
3327  0.095419 -0.97681 0.90050 -0.025616 0.11482 
3328  0.089818 -1.0058 0.90305 -0.035727 0.11335 
3329  0.098220 -0.96290 0.89868 0.042003 0.12288 
3330  0.088418 -1.0133 0.90345 -0.0053526 0.11619 
3331  0.082617 -1.0455 0.90459 0.0096610 0.11723 
3332  0.094619 -0.98085 0.90094 0.024778 0.12052 
3333  0.094419 -0.98187 0.90108 -0.045158 0.11258 
3334  0.10842 -0.91504 0.88994 0.037968 0.12288 
3335  0.091818 -0.99524 0.90230 -0.021720 0.11503 
3336  0.086417 -1.0241 0.90397 -0.022497 0.11405 
3337  0.10262 -0.94174 0.89525 0.033914 0.12203 
3338  0.088818 -1.0111 0.90333 -0.027415 0.11382 
3339  0.089418 -1.0079 0.90316 -0.037222 0.11314 
3340  0.10202 -0.94458 0.89565 0.037034 0.12255 
3341  0.090418 -1.0026 0.90283 -0.038264 0.11284 
3342  0.10102 -0.94934 0.89659 0.025710 0.12104 
3343  0.080816 -1.0559 0.90485 -0.016153 0.11442 
3344  0.097820 -0.96487 0.89896 -0.035923 0.11353 
3345  0.097219 -0.96783 0.89936 -0.049746 0.11226 
3346  0.093819 -0.98493 0.90138 -0.040045 0.11292 
3347  0.084817 -1.0330 0.90427 -0.012435 0.11549 
3348  0.098820 -0.95997 0.89826 0.027028 0.12070 
3349  0.094619 -0.98085 0.90094 0.035120 0.12207 
3350  0.096219 -0.97280 0.90004 0.027579 0.12109 
3351  0.089218 -1.0090 0.90322 -0.028012 0.11456 
3352  0.10222 -0.94363 0.89555 -0.042244 0.11299 
3353  0.092619 -0.99109 0.90196 0.020509 0.11986 
3354  0.095019 -0.97883 0.90072 0.018916 0.11946 
3355  0.096419 -0.97180 0.89988 0.014660 0.11904 
3356  0.098020 -0.96388 0.89883 0.029972 0.12126 
3357  0.098020 -0.96388 0.89883 -0.049804 0.11220 
3358  0.094819 -0.97984 0.90082 -0.0036960 0.11677 
3359  0.094619 -0.98085 0.90094 -0.0053536 0.11682 
3360  0.091418 -0.99733 0.90247 0.023792 0.11994 
3361  0.10222 -0.94363 0.89555 0.027857 0.12164 
3362  0.091218 -0.99838 0.90255 0.021383 0.11985 
3363  0.073215 -1.1024 0.90555 -0.010710 0.11488 
3364  0.093819 -0.98493 0.90138 -0.044392 0.11305 
3365  0.10022 -0.95318 0.89722 -0.050998 0.11217 
3366  0.091818 -0.99524 0.90230 -0.037418 0.11317 
3367  0.094619 -0.98085 0.90094 -0.032872 0.11356 
3368  0.10242 -0.94269 0.89538 0.027210 0.12114 
3369  0.099620 -0.95608 0.89766 0.029547 0.12109 
3370  0.10122 -0.94839 0.89640 0.028958 0.12136 
3371  0.082617 -1.0455 0.90459 -0.013339 0.11521 
3372  0.10782 -0.91775 0.89075 0.038624 0.12278 
3373  0.092619 -0.99109 0.90196 0.019261 0.11949 
3374  0.096819 -0.96981 0.89964 0.028011 0.12088 
3375  0.10022 -0.95318 0.89722 -0.043307 0.11269 
3376  0.094619 -0.98085 0.90094 -0.031659 0.11402 
3377  0.095019 -0.97883 0.90072 -0.035602 0.11351 
3378  0.088018 -1.0154 0.90355 0.023617 0.11998 
3379  0.088418 -1.0133 0.90345 -0.028820 0.11409 
3380  0.087818 -1.0165 0.90360 -0.033887 0.11335 
3381  0.090618 -1.0015 0.90278 -0.038793 0.11293 
3382  0.096019 -0.97380 0.90014 0.031495 0.12146 
3383  0.095219 -0.97782 0.90061 0.034386 0.12197 
3384  0.096019 -0.97380 0.90014 0.032206 0.12131 
3385  0.10142 -0.94743 0.89618 0.030033 0.12142 
3386  0.088818 -1.0111 0.90333 -0.025962 0.11445 
3387  0.086017 -1.0264 0.90407 -0.030009 0.11342 
3388  0.090018 -1.0047 0.90299 0.017140 0.11886 
3389  0.078616 -1.0689 0.90512 -0.025821 0.11367 
3390  0.10282 -0.94080 0.89508 0.031318 0.12184 
3391  0.074815 -1.0922 0.90544 -0.0094834 0.11484 
3392  0.091618 -0.99629 0.90238 -0.039575 0.11295 
3393  0.094219 -0.98289 0.90117 0.030769 0.12146 
3394  0.098020 -0.96388 0.89883 0.035327 0.12222 
3395  0.093819 -0.98493 0.90138 -0.021526 0.11528 
3396  0.094619 -0.98085 0.90094 -0.029961 0.11432 
3397  0.096219 -0.97280 0.90004 0.034633 0.12194 
3398  0.092619 -0.99109 0.90196 0.022262 0.11970 
3399  0.088218 -1.0143 0.90350 -0.015549 0.11518 
3400  0.085217 -1.0308 0.90422 0.031010 0.12071 
3401  0.090218 -1.0036 0.90291 -0.0059057 0.11686 
3402  0.094419 -0.98187 0.90108 -0.013227 0.11593 
3403  0.10342 -0.93798 0.89461 0.025925 0.12100 
3404  0.098020 -0.96388 0.89883 -0.039412 0.11344 
3405  0.094219 -0.98289 0.90117 0.032645 0.12187 
3406  0.10362 -0.93705 0.89452 0.024745 0.12084 
3407  0.091618 -0.99629 0.90238 -0.018241 0.11544 
3408  0.080016 -1.0606 0.90495 -0.0062200 0.11522 
3409  0.097820 -0.96487 0.89896 0.032559 0.12177 
3410  0.099220 -0.95802 0.89798 0.032931 0.12165 
3411  0.097219 -0.96783 0.89936 0.026190 0.12076 
3412  0.089218 -1.0090 0.90322 -0.0086296 0.11589 
3413  0.093419 -0.98697 0.90159 -0.018041 0.11523 
3414  0.092418 -0.99213 0.90206 0.023533 0.12039 
3415  0.096619 -0.97081 0.89977 0.026291 0.12064 
3416  0.089418 -1.0079 0.90316 -0.040017 0.11282 
3417  0.098220 -0.96290 0.89868 0.024879 0.12076 
3418  0.095019 -0.97883 0.90072 0.025577 0.12065 
3419  0.093419 -0.98697 0.90159 -0.041600 0.11290 
3420  0.095419 -0.97681 0.90050 0.015327 0.11938 
3421  0.073615 -1.0998 0.90552 0.010721 0.11690 
3422  0.090818 -1.0005 0.90271 -0.018349 0.11515 
3423  0.093219 -0.98800 0.90169 0.018014 0.11969 
3424  0.10242 -0.94269 0.89538 0.020353 0.12015 
3425  0.095219 -0.97782 0.90061 0.030820 0.12117 
3426  0.079816 -1.0618 0.90497 0.0096783 0.11698 
3427  0.093619 -0.98595 0.90149 0.017931 0.11953 
3428  0.096419 -0.97180 0.89988 0.019664 0.11952 
3429  0.098620 -0.96094 0.89838 0.026809 0.12083 
3430  0.10082 -0.95030 0.89673 0.020701 0.12091 
3431  0.095219 -0.97782 0.90061 0.020679 0.11981 
3432  0.10062 -0.95126 0.89689 0.026910 0.12115 
3433  0.079216 -1.0653 0.90506 0.0066880 0.11668 
3434  0.099020 -0.95899 0.89813 0.029560 0.12161 
3435  0.095419 -0.97681 0.90050 0.022930 0.12027 
3436  0.097019 -0.96882 0.89950 0.027590 0.12055 
3437  0.10482 -0.93146 0.89338 0.015991 0.11934 
3438  0.092418 -0.99213 0.90206 0.028553 0.12076 
3439  0.10122 -0.94839 0.89640 -0.044195 0.11258 
3440  0.097820 -0.96487 0.89896 0.016723 0.11965 
3441  0.094219 -0.98289 0.90117 -0.010337 0.11642 
3442  0.096819 -0.96981 0.89964 -0.020771 0.11523 
3443  0.097019 -0.96882 0.89950 0.023225 0.12017 
3444  0.094219 -0.98289 0.90117 -0.010279 0.11632 
3445  0.10102 -0.94934 0.89659 0.033271 0.12197 
3446  0.094019 -0.98390 0.90128 -0.0033757 0.11703 
3447  0.096819 -0.96981 0.89964 0.026515 0.12092 
3448  0.090618 -1.0015 0.90278 -0.023933 0.11477 
3449  0.10282 -0.94080 0.89508 0.030917 0.12184 
3450  0.094019 -0.98390 0.90128 -0.014668 0.11608 
3451  0.10042 -0.95222 0.89704 -0.041342 0.11299 
3452  0.088618 -1.0122 0.90342 0.022718 0.11963 
3453  0.095019 -0.97883 0.90072 -0.036030 0.11323 
3454  0.085417 -1.0297 0.90419 -0.039393 0.11286 
3455  0.094819 -0.97984 0.90082 0.027586 0.12077 
3456  0.10122 -0.94839 0.89640 0.038025 0.12204 
3457  0.092418 -0.99213 0.90206 0.021873 0.11964 
3458  0.091818 -0.99524 0.90230 -0.040322 0.11292 
3459  0.094619 -0.98085 0.90094 -0.048079 0.11248 
3460  0.077415 -1.0762 0.90522 -0.0042249 0.11555 
3461  0.090218 -1.0036 0.90291 -0.033493 0.11374 
3462  0.077015 -1.0786 0.90528 -0.0055365 0.11575 
3463  0.083017 -1.0432 0.90452 -0.0069381 0.11577 
3464  0.10462 -0.93239 0.89351 0.030637 0.12118 
3465  0.095219 -0.97782 0.90061 0.021917 0.12053 
3466  0.10002 -0.95415 0.89736 0.031566 0.12168 
3467  0.098620 -0.96094 0.89838 0.035943 0.12212 
3468  0.079016 -1.0665 0.90508 -0.011008 0.11545 
3469  0.10562 -0.92777 0.89256 0.037096 0.12207 
3470  0.090018 -1.0047 0.90299 0.030401 0.12064 
3471  0.091218 -0.99838 0.90255 0.028033 0.12079 
3472  0.11022 -0.90701 0.88772 0.038156 0.12258 
3473  0.095819 -0.97480 0.90026 0.019054 0.11964 
3474  0.090818 -1.0005 0.90271 -0.019810 0.11551 
3475  0.10162 -0.94648 0.89603 0.025706 0.12083 
3476  0.10122 -0.94839 0.89640 0.026333 0.12099 
3477  0.096419 -0.97180 0.89988 -0.018322 0.11546 
3478  0.095019 -0.97883 0.90072 0.028373 0.12104 
3479  0.099620 -0.95608 0.89766 0.027324 0.12137 
3480  0.10022 -0.95318 0.89722 0.035458 0.12153 
3481  0.10362 -0.93705 0.89452 0.038839 0.12317 
3482  0.089018 -1.0100 0.90328 0.020846 0.11983 
3483  0.087818 -1.0165 0.90360 -0.017402 0.11491 
3484  0.098220 -0.96290 0.89868 0.020740 0.11985 
3485  0.091418 -0.99733 0.90247 0.028014 0.12061 
3486  0.089018 -1.0100 0.90328 0.032351 0.12059 
3487  0.093619 -0.98595 0.90149 -0.017898 0.11562 
3488  0.088018 -1.0154 0.90355 -0.0039830 0.11657 
3489  0.093819 -0.98493 0.90138 0.029391 0.12056 
3490  0.089418 -1.0079 0.90316 0.020202 0.11970 
3491  0.087017 -1.0209 0.90383 -0.020928 0.11490 
3492  0.094019 -0.98390 0.90128 -0.013115 0.11609 
3493  0.099220 -0.95802 0.89798 0.029980 0.12131 
3494  0.089218 -1.0090 0.90322 0.025136 0.12014 
3495  0.096819 -0.96981 0.89964 -0.036221 0.11336 
3496  0.093619 -0.98595 0.90149 0.029459 0.12135 
3497  0.10642 -0.92410 0.89184 -0.041848 0.11353 
3498  0.10162 -0.94648 0.89603 -0.055777 0.11181 
3499  0.096019 -0.97380 0.90014 -0.031215 0.11402 
3500  0.10362 -0.93705 0.89452 -0.012516 0.11636 
3501  0.097620 -0.96585 0.89911 -0.041127 0.11322 
3502  0.094619 -0.98085 0.90094 -0.031990 0.11408 
3503  0.078016 -1.0725 0.90519 0.0071106 0.11689 
3504  0.098220 -0.96290 0.89868 -0.0084327 0.11633 
3505  0.085217 -1.0308 0.90422 -0.033578 0.11315 
3506  0.096219 -0.97280 0.90004 -0.042687 0.11270 
3507  0.10042 -0.95222 0.89704 0.029682 0.12097 
3508  0.087417 -1.0187 0.90369 -0.026657 0.11400 
3509  0.085617 -1.0286 0.90416 -0.036465 0.11299 
3510  0.093219 -0.98800 0.90169 -0.041918 0.11242 
3511  0.088618 -1.0122 0.90342 -0.050031 0.11178 
3512  0.087417 -1.0187 0.90369 -0.031500 0.11363 
3513  0.094819 -0.97984 0.90082 -0.045581 0.11218 
3514  0.098820 -0.95997 0.89826 0.024596 0.12023 
3515  0.10382 -0.93611 0.89430 0.027117 0.12120 
3516  0.10102 -0.94934 0.89659 -0.030000 0.11476 
3517  0.096019 -0.97380 0.90014 0.024908 0.12069 
3518  0.093419 -0.98697 0.90159 0.031745 0.12142 
3519  0.10202 -0.94458 0.89565 0.030886 0.12175 
3520  0.097219 -0.96783 0.89936 0.025735 0.12091 
3521  0.094619 -0.98085 0.90094 0.031450 0.12157 
3522  0.10102 -0.94934 0.89659 0.035502 0.12243 
3523  0.086817 -1.0220 0.90389 -0.043097 0.11262 
3524  0.10062 -0.95126 0.89689 0.032292 0.12194 
3525  0.091818 -0.99524 0.90230 -0.020766 0.11509 
3526  0.096819 -0.96981 0.89964 0.020653 0.12012 
3527  0.094219 -0.98289 0.90117 -0.049034 0.11197 
3528  0.091018 -0.99943 0.90263 -0.040029 0.11290 
3529  0.094019 -0.98390 0.90128 0.032185 0.12140 
3530  0.098020 -0.96388 0.89883 0.021242 0.12017 
3531  0.098220 -0.96290 0.89868 -0.016843 0.11574 
3532  0.10062 -0.95126 0.89689 0.030218 0.12124 
3533  0.094619 -0.98085 0.90094 0.029434 0.12101 
3534  0.099420 -0.95705 0.89783 0.032433 0.12171 
3535  0.087017 -1.0209 0.90383 -0.012883 0.11544 
3536  0.090818 -1.0005 0.90271 -0.039800 0.11300 
3537  0.091418 -0.99733 0.90247 -0.030416 0.11362 
3538  0.099020 -0.95899 0.89813 -0.032216 0.11411 
3539  0.10282 -0.94080 0.89508 0.022149 0.12039 
3540  0.090618 -1.0015 0.90278 -0.018564 0.11500 
3541  0.094019 -0.98390 0.90128 -0.0029734 0.11736 
3542  0.10242 -0.94269 0.89538 0.024592 0.12048 
3543  0.10222 -0.94363 0.89555 -0.033474 0.11408 
3544  0.086217 -1.0252 0.90401 -0.027253 0.11372 
3545  0.091618 -0.99629 0.90238 -0.016617 0.11526 
3546  0.099220 -0.95802 0.89798 -0.045199 0.11281 
3547  0.085617 -1.0286 0.90416 -0.026487 0.11373 
3548  0.097820 -0.96487 0.89896 0.024723 0.12076 
3549  0.098620 -0.96094 0.89838 -0.048858 0.11244 
3550  0.10082 -0.95030 0.89673 0.032547 0.12181 
3551  0.088618 -1.0122 0.90342 0.018163 0.11955 
3552  0.090418 -1.0026 0.90283 0.023716 0.12013 
3553  0.10222 -0.94363 0.89555 0.016176 0.11981 
3554  0.098420 -0.96192 0.89852 0.023891 0.12048 
3555  0.086217 -1.0252 0.90401 -0.010631 0.11588 
3556  0.097620 -0.96585 0.89911 0.026597 0.12082 
3557  0.098020 -0.96388 0.89883 0.029175 0.12109 
3558  0.091218 -0.99838 0.90255 0.017710 0.11951 
3559  0.098620 -0.96094 0.89838 0.020918 0.12015 
3560  0.097019 -0.96882 0.89950 -0.044457 0.11297 
3561  0.095019 -0.97883 0.90072 0.024235 0.12045 
3562  0.092819 -0.99006 0.90187 0.023174 0.11964 
3563  0.10242 -0.94269 0.89538 0.030276 0.12169 
3564  0.093019 -0.98903 0.90178 0.020322 0.11996 
3565  0.081216 -1.0536 0.90477 -0.016810 0.11438 
3566  0.089018 -1.0100 0.90328 0.026279 0.12026 
3567  0.10462 -0.93239 0.89351 -0.037348 0.11388 
3568  0.088418 -1.0133 0.90345 -0.025228 0.11425 
3569  0.088818 -1.0111 0.90333 -0.015562 0.11547 
3570  0.087417 -1.0187 0.90369 0.016455 0.11936 
3571  0.093619 -0.98595 0.90149 0.029011 0.12133 
3572  0.097820 -0.96487 0.89896 -0.043496 0.11293 
3573  0.093219 -0.98800 0.90169 -0.026120 0.11488 
3574  0.086017 -1.0264 0.90407 -0.025062 0.11402 
3575  0.086417 -1.0241 0.90397 -0.022484 0.11431 
3576  0.10162 -0.94648 0.89603 -0.026924 0.11485 
3577  0.084617 -1.0341 0.90431 -0.0024981 0.11622 
3578  0.090618 -1.0015 0.90278 -0.022730 0.11473 
3579  0.095819 -0.97480 0.90026 0.024181 0.12053 
3580  0.089618 -1.0068 0.90310 -0.0076280 0.11671 
3581  0.094219 -0.98289 0.90117 -0.0099669 0.11603 
3582  0.099420 -0.95705 0.89783 0.026257 0.12083 
3583  0.10022 -0.95318 0.89722 0.025644 0.12034 
3584  0.098420 -0.96192 0.89852 0.025247 0.12089 
3585  0.089018 -1.0100 0.90328 -0.0053265 0.11664 
3586  0.096819 -0.96981 0.89964 0.030278 0.12142 
3587  0.098020 -0.96388 0.89883 0.025711 0.12075 
3588  0.10142 -0.94743 0.89618 0.017331 0.11989 
3589  0.10882 -0.91325 0.88980 0.025915 0.12131 
3590  0.099420 -0.95705 0.89783 0.026701 0.12098 
3591  0.079416 -1.0642 0.90503 0.00027326 0.11578 
3592  0.097620 -0.96585 0.89911 0.050828 0.12360 
3593  0.089818 -1.0058 0.90305 0.017365 0.11912 
3594  0.095419 -0.97681 0.90050 0.024321 0.12030 
3595  0.087417 -1.0187 0.90369 0.015068 0.11838 
3596  0.098820 -0.95997 0.89826 0.029137 0.12121 
3597  0.090018 -1.0047 0.90299 -0.012687 0.11558 
3598  0.099620 -0.95608 0.89766 0.030856 0.12127 
3599  0.096619 -0.97081 0.89977 0.029091 0.12107 
3600  0.094619 -0.98085 0.90094 -0.016422 0.11530 
3601  0.098820 -0.95997 0.89826 0.024510 0.12065 
3602  0.099820 -0.95511 0.89751 0.034408 0.12177 
3603  0.095019 -0.97883 0.90072 0.035237 0.12195 
3604  0.088018 -1.0154 0.90355 0.024697 0.12046 
3605  0.092619 -0.99109 0.90196 0.025202 0.12064 
3606  0.097419 -0.96684 0.89922 0.025758 0.12084 
3607  0.10142 -0.94743 0.89618 0.027798 0.12113 
3608  0.086817 -1.0220 0.90389 -0.0064541 0.11628 
3609  0.10362 -0.93705 0.89452 -0.027137 0.11474 
3610  0.094019 -0.98390 0.90128 -0.036770 0.11331 
3611  0.094819 -0.97984 0.90082 0.025008 0.12042 
3612  0.097820 -0.96487 0.89896 -0.051316 0.11211 
3613  0.085617 -1.0286 0.90416 -0.039764 0.11277 
3614  0.092619 -0.99109 0.90196 0.026941 0.12112 
3615  0.10062 -0.95126 0.89689 0.031195 0.12126 
3616  0.099020 -0.95899 0.89813 -0.038115 0.11334 
3617  0.10222 -0.94363 0.89555 -0.039554 0.11366 
3618  0.068414 -1.1341 0.90572 -0.0012516 0.11541 
3619  0.087818 -1.0165 0.90360 -0.0073304 0.11619 
3620  0.10802 -0.91684 0.89046 0.032243 0.12210 
3621  0.10222 -0.94363 0.89555 0.025855 0.12086 
3622  0.091618 -0.99629 0.90238 0.013809 0.11911 
3623  0.096419 -0.97180 0.89988 0.022243 0.12039 
3624  0.099420 -0.95705 0.89783 -0.050627 0.11248 
3625  0.10362 -0.93705 0.89452 -0.052960 0.11216 
3626  0.093819 -0.98493 0.90138 -0.011306 0.11614 
3627  0.097820 -0.96487 0.89896 0.020366 0.11998 
3628  0.089818 -1.0058 0.90305 -0.0038787 0.11675 
3629  0.091818 -0.99524 0.90230 0.018237 0.11930 
3630  0.091418 -0.99733 0.90247 -0.013806 0.11563 
3631  0.096619 -0.97081 0.89977 0.021277 0.12027 
3632  0.090218 -1.0036 0.90291 -0.010169 0.11602 
3633  0.097820 -0.96487 0.89896 0.029181 0.12132 
3634  0.086617 -1.0230 0.90393 -0.021779 0.11401 
3635  0.095819 -0.97480 0.90026 -0.052182 0.11226 
3636  0.095219 -0.97782 0.90061 0.032182 0.12148 
3637  0.097419 -0.96684 0.89922 -0.041703 0.11325 
3638  0.097820 -0.96487 0.89896 0.025662 0.12092 
3639  0.10502 -0.93054 0.89318 -0.054502 0.11216 
3640  0.094819 -0.97984 0.90082 0.027408 0.12105 
3641  0.099420 -0.95705 0.89783 -0.051780 0.11205 
3642  0.096819 -0.96981 0.89964 0.028839 0.12107 
3643  0.095219 -0.97782 0.90061 -0.041512 0.11304 
3644  0.097820 -0.96487 0.89896 -0.041481 0.11320 
3645  0.096619 -0.97081 0.89977 -0.024346 0.11491 
3646  0.095619 -0.97581 0.90038 0.020792 0.11946 
3647  0.093019 -0.98903 0.90178 0.032825 0.12106 
3648  0.093819 -0.98493 0.90138 -0.035230 0.11372 
3649  0.098220 -0.96290 0.89868 0.036097 0.12203 
3650  0.098820 -0.95997 0.89826 0.029684 0.12091 
3651  0.096819 -0.96981 0.89964 0.025352 0.12052 
3652  0.098620 -0.96094 0.89838 0.027516 0.12083 
3653  0.093819 -0.98493 0.90138 -0.026921 0.11481 
3654  0.078216 -1.0713 0.90517 -0.014541 0.11453 
3655  0.10502 -0.93054 0.89318 0.039417 0.12262 
3656  0.097219 -0.96783 0.89936 -0.041724 0.11296 
3657  0.099620 -0.95608 0.89766 0.036114 0.12187 
3658  0.093619 -0.98595 0.90149 0.018306 0.12008 
3659  0.094019 -0.98390 0.90128 0.029782 0.12121 
3660  0.10242 -0.94269 0.89538 -0.0092993 0.11685 
3661  0.091818 -0.99524 0.90230 0.028019 0.12036 
3662  0.087417 -1.0187 0.90369 -0.034206 0.11347 
3663  0.094019 -0.98390 0.90128 0.019641 0.11937 
3664  0.097820 -0.96487 0.89896 -0.048473 0.11266 
3665  0.093219 -0.98800 0.90169 0.025359 0.11991 
3666  0.097419 -0.96684 0.89922 0.030669 0.12133 
3667  0.096019 -0.97380 0.90014 -0.023567 0.11479 
3668  0.095619 -0.97581 0.90038 0.036264 0.12205 
3669  0.090218 -1.0036 0.90291 -0.020414 0.11444 
3670  0.10282 -0.94080 0.89508 0.029022 0.12119 
3671  0.096419 -0.97180 0.89988 0.022279 0.12042 
3672  0.098020 -0.96388 0.89883 0.025942 0.12071 
3673  0.087217 -1.0198 0.90376 -0.038824 0.11284 
3674  0.088818 -1.0111 0.90333 -0.037665 0.11305 
3675  0.10102 -0.94934 0.89659 0.027230 0.12120 
3676  0.095819 -0.97480 0.90026 -0.037078 0.11299 
3677  0.098420 -0.96192 0.89852 -0.044267 0.11286 
3678  0.092819 -0.99006 0.90187 -0.039465 0.11305 
3679  0.10202 -0.94458 0.89565 0.026310 0.12079 
3680  0.10482 -0.93146 0.89338 0.022363 0.12083 
3681  0.077015 -1.0786 0.90528 0.0031538 0.11642 
3682  0.085417 -1.0297 0.90419 0.0061852 0.11673 
3683  0.076415 -1.0823 0.90532 0.011065 0.11729 
3684  0.096619 -0.97081 0.89977 0.029801 0.12114 
3685  0.076415 -1.0823 0.90532 0.012895 0.11737 
3686  0.099420 -0.95705 0.89783 0.026577 0.12083 
3687  0.093419 -0.98697 0.90159 0.032017 0.12127 
3688  0.10102 -0.94934 0.89659 0.033331 0.12197 
3689  0.072615 -1.1062 0.90557 0.0012263 0.11563 
3690  0.095019 -0.97883 0.90072 -0.016995 0.11606 
3691  0.091418 -0.99733 0.90247 -0.019687 0.11528 
3692  0.092418 -0.99213 0.90206 -0.047612 0.11234 
3693  0.098820 -0.95997 0.89826 0.028168 0.12142 
3694  0.093819 -0.98493 0.90138 0.033181 0.12154 
3695  0.097219 -0.96783 0.89936 0.016632 0.11949 
3696  0.095419 -0.97681 0.90050 -0.017176 0.11539 
3697  0.099620 -0.95608 0.89766 -0.047052 0.11256 
3698  0.095419 -0.97681 0.90050 -0.026993 0.11464 
3699  0.080816 -1.0559 0.90485 -0.017663 0.11424 
3700  0.098820 -0.95997 0.89826 0.028941 0.12116 
3701  0.092418 -0.99213 0.90206 0.031053 0.12128 
3702  0.081216 -1.0536 0.90477 -0.029916 0.11335 
3703  0.10042 -0.95222 0.89704 0.028824 0.12117 
3704  0.094619 -0.98085 0.90094 0.019943 0.11948 
3705  0.10402 -0.93518 0.89414 0.027138 0.12108 
3706  0.097219 -0.96783 0.89936 0.025793 0.12049 
3707  0.096619 -0.97081 0.89977 0.027780 0.12041 
3708  0.097419 -0.96684 0.89922 0.025865 0.12060 
3709  0.078216 -1.0713 0.90517 0.0051408 0.11675 
3710  0.088618 -1.0122 0.90342 0.021577 0.11967 
3711  0.095219 -0.97782 0.90061 0.030027 0.12063 
3712  0.089618 -1.0068 0.90310 0.023398 0.11959 
3713  0.095819 -0.97480 0.90026 -0.051310 0.11231 
3714  0.091618 -0.99629 0.90238 0.022461 0.12028 
3715  0.098020 -0.96388 0.89883 0.023269 0.12011 
3716  0.092018 -0.99420 0.90223 0.021658 0.11979 
3717  0.098620 -0.96094 0.89838 0.034811 0.12171 
3718  0.10022 -0.95318 0.89722 0.023035 0.12080 
3719  0.093019 -0.98903 0.90178 -0.041714 0.11271 
3720  0.087417 -1.0187 0.90369 -0.032770 0.11336 
3721  0.098620 -0.96094 0.89838 -0.039448 0.11317 
3722  0.086017 -1.0264 0.90407 -0.028934 0.11377 
3723  0.10362 -0.93705 0.89452 0.035425 0.12176 
3724  0.092418 -0.99213 0.90206 -0.029723 0.11401 
3725  0.091018 -0.99943 0.90263 -0.010728 0.11560 
3726  0.096619 -0.97081 0.89977 0.019880 0.12001 
3727  0.10222 -0.94363 0.89555 0.032160 0.12137 
3728  0.097219 -0.96783 0.89936 0.029338 0.12076 
3729  0.089618 -1.0068 0.90310 0.019754 0.11970 
3730  0.094019 -0.98390 0.90128 -0.015915 0.11596 
3731  0.089618 -1.0068 0.90310 0.033228 0.12093 
3732  0.096419 -0.97180 0.89988 0.035694 0.12219 
3733  0.089018 -1.0100 0.90328 -0.024603 0.11446 
3734  0.087417 -1.0187 0.90369 -0.024160 0.11416 
3735  0.098220 -0.96290 0.89868 0.022234 0.12022 
3736  0.084817 -1.0330 0.90427 -0.035533 0.11335 
3737  0.10382 -0.93611 0.89430 0.031392 0.12162 
3738  0.094019 -0.98390 0.90128 -0.050143 0.11237 
3739  0.099020 -0.95899 0.89813 -0.030630 0.11443 
3740  0.096219 -0.97280 0.90004 -0.029515 0.11424 
3741  0.099820 -0.95511 0.89751 -0.040322 0.11337 
3742  0.099420 -0.95705 0.89783 -0.045526 0.11279 
3743  0.096219 -0.97280 0.90004 0.028477 0.12096 
3744  0.095019 -0.97883 0.90072 -0.035599 0.11359 
3745  0.099820 -0.95511 0.89751 0.028840 0.12105 
3746  0.093019 -0.98903 0.90178 -0.030126 0.11404 
3747  0.10082 -0.95030 0.89673 -0.012066 0.11642 
3748  0.089218 -1.0090 0.90322 0.015002 0.11905 
3749  0.090618 -1.0015 0.90278 0.0010910 0.11697 
3750  0.094019 -0.98390 0.90128 0.019423 0.11988 
3751  0.082817 -1.0443 0.90455 -0.023125 0.11398 
3752  0.094619 -0.98085 0.90094 0.029815 0.12113 
3753  0.094019 -0.98390 0.90128 0.028017 0.12095 
3754  0.10822 -0.91594 0.89014 0.023332 0.12073 
3755  0.10302 -0.93986 0.89492 0.032262 0.12197 
3756  0.10042 -0.95222 0.89704 0.037805 0.12218 
3757  0.10042 -0.95222 0.89704 0.029992 0.12146 
3758  0.10002 -0.95415 0.89736 0.027852 0.12117 
3759  0.075815 -1.0860 0.90537 -0.0076335 0.11534 
3760  0.093019 -0.98903 0.90178 -0.045566 0.11233 
3761  0.10362 -0.93705 0.89452 0.022265 0.12087 
3762  0.089618 -1.0068 0.90310 -0.034176 0.11374 
3763  0.10282 -0.94080 0.89508 0.017661 0.11944 
3764  0.093219 -0.98800 0.90169 -0.046861 0.11239 
3765  0.089618 -1.0068 0.90310 0.023944 0.11992 
3766  0.10022 -0.95318 0.89722 0.028125 0.12142 
3767  0.083017 -1.0432 0.90452 0.0018519 0.11654 
3768  0.086017 -1.0264 0.90407 0.012841 0.11774 
3769  0.094419 -0.98187 0.90108 0.025085 0.12051 
3770  0.095019 -0.97883 0.90072 0.029097 0.12072 
3771  0.079616 -1.0630 0.90500 0.015556 0.11788 
3772  0.10402 -0.93518 0.89414 0.027804 0.12111 
3773  0.097419 -0.96684 0.89922 0.028523 0.12115 
3774  0.079416 -1.0642 0.90503 0.0094188 0.11754 
3775  0.10162 -0.94648 0.89603 0.032336 0.12176 
3776  0.091618 -0.99629 0.90238 0.026709 0.12051 
3777  0.075615 -1.0872 0.90539 -0.0020381 0.11552 
3778  0.088418 -1.0133 0.90345 0.00058292 0.11638 
3779  0.078416 -1.0701 0.90514 -0.010231 0.11525 
3780  0.087417 -1.0187 0.90369 0.027331 0.12010 
3781  0.081016 -1.0547 0.90481 -0.0049352 0.11585 
3782  0.080616 -1.0571 0.90486 0.0058201 0.11665 
3783  0.089018 -1.0100 0.90328 -0.037096 0.11346 
3784  0.092418 -0.99213 0.90206 -0.036120 0.11345 
3785  0.099420 -0.95705 0.89783 -0.037597 0.11388 
3786  0.094819 -0.97984 0.90082 -0.046916 0.11239 
3787  0.10522 -0.92961 0.89299 0.025631 0.12104 
3788  0.096819 -0.96981 0.89964 0.030577 0.12139 
3789  0.094619 -0.98085 0.90094 -0.038823 0.11302 
3790  0.10022 -0.95318 0.89722 -0.046511 0.11291 
3791  0.077616 -1.0750 0.90520 0.0072179 0.11683 
3792  0.091818 -0.99524 0.90230 -0.026577 0.11421 
3793  0.10122 -0.94839 0.89640 0.032688 0.12217 
3794  0.093419 -0.98697 0.90159 -0.028649 0.11412 
3795  0.10682 -0.92228 0.89154 0.034286 0.12226 
3796  0.095019 -0.97883 0.90072 0.020090 0.11990 
3797  0.099420 -0.95705 0.89783 0.026868 0.12131 
3798  0.094019 -0.98390 0.90128 -0.033403 0.11392 
3799  0.094019 -0.98390 0.90128 -0.038862 0.11358 
3800  0.091218 -0.99838 0.90255 0.016993 0.11908 
3801  0.098420 -0.96192 0.89852 0.048817 0.12344 
3802  0.091618 -0.99629 0.90238 -0.025060 0.11480 
3803  0.092819 -0.99006 0.90187 -0.012251 0.11603 
3804  0.089418 -1.0079 0.90316 -0.0077048 0.11635 
3805  0.090618 -1.0015 0.90278 0.025582 0.12033 
3806  0.093819 -0.98493 0.90138 0.026058 0.12051 
3807  0.094219 -0.98289 0.90117 -0.016028 0.11564 
3808  0.091818 -0.99524 0.90230 -0.0084207 0.11639 
3809  0.097219 -0.96783 0.89936 0.026893 0.12096 
3810  0.094619 -0.98085 0.90094 -0.030894 0.11368 
3811  0.099420 -0.95705 0.89783 -0.050447 0.11237 
3812  0.096019 -0.97380 0.90014 -0.047392 0.11235 
3813  0.10522 -0.92961 0.89299 -0.059343 0.11170 
3814  0.099420 -0.95705 0.89783 -0.054095 0.11182 
3815  0.10022 -0.95318 0.89722 0.022661 0.12032 
3816  0.091818 -0.99524 0.90230 0.024312 0.12015 
3817  0.088818 -1.0111 0.90333 0.026355 0.12068 
3818  0.095019 -0.97883 0.90072 0.024781 0.12063 
3819  0.10122 -0.94839 0.89640 0.032980 0.12191 
3820  0.096219 -0.97280 0.90004 0.029038 0.12126 
3821  0.095619 -0.97581 0.90038 -0.031736 0.11338 
3822  0.10102 -0.94934 0.89659 0.039997 0.12270 
3823  0.099220 -0.95802 0.89798 0.017624 0.12006 
3824  0.091218 -0.99838 0.90255 0.025894 0.12041 
3825  0.092018 -0.99420 0.90223 0.029757 0.12135 
3826  0.099020 -0.95899 0.89813 0.029900 0.12103 
3827  0.099220 -0.95802 0.89798 0.023400 0.12029 
3828  0.10342 -0.93798 0.89461 0.031481 0.12180 
3829  0.096419 -0.97180 0.89988 0.024267 0.12024 
3830  0.094419 -0.98187 0.90108 0.019400 0.11956 
3831  0.090618 -1.0015 0.90278 -0.0045953 0.11649 
3832  0.099420 -0.95705 0.89783 -0.048530 0.11257 
3833  0.098220 -0.96290 0.89868 0.028714 0.12102 
3834  0.10182 -0.94553 0.89586 -0.055821 0.11206 
3835  0.097620 -0.96585 0.89911 0.030336 0.12126 
3836  0.085617 -1.0286 0.90416 -0.026689 0.11371 
3837  0.085017 -1.0319 0.90425 -0.019428 0.11488 
3838  0.088618 -1.0122 0.90342 -0.019328 0.11513 
3839  0.090418 -1.0026 0.90283 0.030468 0.12092 
3840  0.10002 -0.95415 0.89736 0.032242 0.12156 
3841  0.096219 -0.97280 0.90004 -0.033314 0.11395 
3842  0.095019 -0.97883 0.90072 0.034626 0.12180 
3843  0.093619 -0.98595 0.90149 0.021244 0.11963 
3844  0.087217 -1.0198 0.90376 -0.014723 0.11522 
3845  0.091618 -0.99629 0.90238 -0.038440 0.11317 
3846  0.093219 -0.98800 0.90169 -0.028155 0.11447 
3847  0.10062 -0.95126 0.89689 0.024435 0.12023 
3848  0.091618 -0.99629 0.90238 0.022712 0.11993 
3849  0.091618 -0.99629 0.90238 -0.019375 0.11499 
3850  0.10082 -0.95030 0.89673 0.024414 0.12005 
3851  0.090018 -1.0047 0.90299 0.028635 0.12097 
3852  0.097019 -0.96882 0.89950 -0.052947 0.11224 
3853  0.098020 -0.96388 0.89883 0.025914 0.12057 
3854  0.087217 -1.0198 0.90376 0.0052772 0.11758 
3855  0.087618 -1.0176 0.90364 -0.041630 0.11264 
3856  0.10282 -0.94080 0.89508 0.029845 0.12148 
3857  0.072615 -1.1062 0.90557 0.0069050 0.11644 
3858  0.098220 -0.96290 0.89868 -0.021134 0.11516 
3859  0.090618 -1.0015 0.90278 -0.034794 0.11317 
3860  0.10182 -0.94553 0.89586 0.025804 0.12091 
3861  0.087217 -1.0198 0.90376 -0.015967 0.11545 
3862  0.089818 -1.0058 0.90305 0.035674 0.12117 
3863  0.094219 -0.98289 0.90117 -0.025770 0.11463 
3864  0.092819 -0.99006 0.90187 -0.015002 0.11550 
3865  0.096819 -0.96981 0.89964 0.026490 0.12076 
3866  0.10222 -0.94363 0.89555 0.016666 0.11999 
3867  0.086017 -1.0264 0.90407 0.033904 0.12097 
3868  0.097820 -0.96487 0.89896 0.031214 0.12143 
3869  0.10322 -0.93892 0.89479 0.034622 0.12208 
3870  0.090018 -1.0047 0.90299 0.017975 0.11934 
3871  0.097620 -0.96585 0.89911 0.034850 0.12198 
3872  0.092619 -0.99109 0.90196 0.029228 0.12103 
3873  0.090018 -1.0047 0.90299 -0.043833 0.11237 
3874  0.10342 -0.93798 0.89461 0.034208 0.12199 
3875  0.10442 -0.93332 0.89373 0.034575 0.12199 
3876  0.091818 -0.99524 0.90230 0.028452 0.12094 
3877  0.088618 -1.0122 0.90342 -0.020202 0.11468 
3878  0.096419 -0.97180 0.89988 -0.018810 0.11519 
3879  0.092018 -0.99420 0.90223 -0.020984 0.11489 
3880  0.099220 -0.95802 0.89798 0.023909 0.12047 
3881  0.096619 -0.97081 0.89977 0.028701 0.12130 
3882  0.099620 -0.95608 0.89766 0.055729 0.12436 
3883  0.088818 -1.0111 0.90333 -0.018861 0.11482 
3884  0.094219 -0.98289 0.90117 -0.016191 0.11585 
3885  0.096219 -0.97280 0.90004 0.028879 0.12066 
3886  0.091618 -0.99629 0.90238 0.021679 0.11954 
3887  0.096019 -0.97380 0.90014 0.027071 0.12095 
3888  0.10022 -0.95318 0.89722 -0.031442 0.11443 
3889  0.093819 -0.98493 0.90138 0.023372 0.12035 
3890  0.098420 -0.96192 0.89852 -0.023926 0.11491 
3891  0.10262 -0.94174 0.89525 0.030004 0.12145 
3892  0.098020 -0.96388 0.89883 -0.045717 0.11291 
3893  0.099220 -0.95802 0.89798 -0.025817 0.11491 
3894  0.090618 -1.0015 0.90278 0.028537 0.12096 
3895  0.082216 -1.0478 0.90464 -0.0012748 0.11581 
3896  0.10662 -0.92319 0.89174 0.025824 0.12083 
3897  0.095819 -0.97480 0.90026 0.018664 0.11986 
3898  0.10522 -0.92961 0.89299 -0.050753 0.11226 
3899  0.081616 -1.0512 0.90472 0.0047081 0.11679 
3900  0.095019 -0.97883 0.90072 0.025252 0.12035 
3901  0.10122 -0.94839 0.89640 0.028862 0.12108 
3902  0.096019 -0.97380 0.90014 0.020499 0.11987 
3903  0.094819 -0.97984 0.90082 0.021477 0.11983 
3904  0.097019 -0.96882 0.89950 0.030711 0.12112 
3905  0.099220 -0.95802 0.89798 0.034755 0.12192 
3906  0.10102 -0.94934 0.89659 0.023661 0.12037 
3907  0.098020 -0.96388 0.89883 0.025833 0.12049 
3908  0.090018 -1.0047 0.90299 0.024738 0.12009 
3909  0.10362 -0.93705 0.89452 0.027906 0.12134 
3910  0.10782 -0.91775 0.89075 0.038754 0.12302 
3911  0.10022 -0.95318 0.89722 0.021118 0.12025 
3912  0.096819 -0.96981 0.89964 -0.027899 0.11468 
3913  0.094819 -0.97984 0.90082 -0.032647 0.11387 
3914  0.096419 -0.97180 0.89988 -0.030313 0.11424 
3915  0.099220 -0.95802 0.89798 -0.031287 0.11427 
3916  0.093619 -0.98595 0.90149 0.038040 0.12212 
3917  0.090818 -1.0005 0.90271 -0.026783 0.11439 
3918  0.095819 -0.97480 0.90026 -0.023342 0.11510 
3919  0.091618 -0.99629 0.90238 -0.039075 0.11266 
3920  0.096019 -0.97380 0.90014 -0.0094750 0.11654 
3921  0.10682 -0.92228 0.89154 0.028204 0.12151 
3922  0.090218 -1.0036 0.90291 -0.031582 0.11381 
3923  0.10262 -0.94174 0.89525 0.034802 0.12220 
3924  0.093219 -0.98800 0.90169 -0.010103 0.11582 
3925  0.10022 -0.95318 0.89722 -0.052458 0.11197 
3926  0.093219 -0.98800 0.90169 0.032484 0.12097 
3927  0.077015 -1.0786 0.90528 0.011716 0.11745 
3928  0.075815 -1.0860 0.90537 0.016000 0.11762 
3929  0.080016 -1.0606 0.90495 0.015018 0.11786 
3930  0.10562 -0.92777 0.89256 0.031386 0.12177 
3931  0.069014 -1.1300 0.90571 0.0044413 0.11623 
3932  0.081016 -1.0547 0.90481 -0.032339 0.11338 
3933  0.098620 -0.96094 0.89838 -0.044964 0.11273 
3934  0.10042 -0.95222 0.89704 0.024788 0.12074 
3935  0.099420 -0.95705 0.89783 0.032914 0.12195 
3936  0.097820 -0.96487 0.89896 0.034918 0.12212 
3937  0.092418 -0.99213 0.90206 0.022820 0.12016 
3938  0.10182 -0.94553 0.89586 0.029960 0.12138 
3939  0.094419 -0.98187 0.90108 0.023549 0.12012 
3940  0.090618 -1.0015 0.90278 -0.018056 0.11490 
3941  0.095819 -0.97480 0.90026 0.032215 0.12134 
3942  0.10142 -0.94743 0.89618 0.035177 0.12220 
3943  0.079216 -1.0653 0.90506 -0.0094882 0.11508 
3944  0.090618 -1.0015 0.90278 0.023378 0.11986 
3945  0.090018 -1.0047 0.90299 -0.020276 0.11472 
3946  0.077015 -1.0786 0.90528 -0.016925 0.11435 
3947  0.10122 -0.94839 0.89640 0.022742 0.12049 
3948  0.10322 -0.93892 0.89479 -0.053102 0.11208 
3949  0.096619 -0.97081 0.89977 0.018163 0.11946 
3950  0.085617 -1.0286 0.90416 -0.015866 0.11566 
3951  0.092619 -0.99109 0.90196 0.019721 0.11954 
3952  0.087618 -1.0176 0.90364 -0.00017522 0.11662 
3953  0.085617 -1.0286 0.90416 -0.028830 0.11357 
3954  0.095619 -0.97581 0.90038 -0.024889 0.11480 
3955  0.10082 -0.95030 0.89673 0.032788 0.12146 
3956  0.089218 -1.0090 0.90322 -0.014524 0.11549 
3957  0.090818 -1.0005 0.90271 -0.040396 0.11277 
3958  0.086217 -1.0252 0.90401 -0.027668 0.11354 
3959  0.096019 -0.97380 0.90014 -0.0025534 0.11685 
3960  0.087618 -1.0176 0.90364 -0.022068 0.11428 
3961  0.098220 -0.96290 0.89868 0.026686 0.12092 
3962  0.079416 -1.0642 0.90503 0.033510 0.11957 
3963  0.078416 -1.0701 0.90514 0.031537 0.11985 
3964  0.099220 -0.95802 0.89798 0.027858 0.12101 
3965  0.086017 -1.0264 0.90407 -0.010623 0.11608 
3966  0.088818 -1.0111 0.90333 0.024121 0.11966 
3967  0.095419 -0.97681 0.90050 0.026408 0.12094 
3968  0.090218 -1.0036 0.90291 0.031777 0.12154 
3969  0.097820 -0.96487 0.89896 0.024109 0.12019 
3970  0.087017 -1.0209 0.90383 0.046434 0.12279 
3971  0.096219 -0.97280 0.90004 -0.053190 0.11197 
3972  0.099020 -0.95899 0.89813 -0.057423 0.11174 
3973  0.094219 -0.98289 0.90117 0.031493 0.12074 
3974  0.086217 -1.0252 0.90401 0.029576 0.12034 
3975  0.10902 -0.91235 0.88950 0.034344 0.12253 
3976  0.090218 -1.0036 0.90291 -0.017043 0.11544 
3977  0.099820 -0.95511 0.89751 0.028410 0.12143 
3978  0.079016 -1.0665 0.90508 -0.023337 0.11373 
3979  0.093019 -0.98903 0.90178 -0.037699 0.11359 
3980  0.094219 -0.98289 0.90117 0.021809 0.12025 
3981  0.10422 -0.93425 0.89394 0.034819 0.12240 
3982  0.10082 -0.95030 0.89673 -0.016101 0.11612 
3983  0.097820 -0.96487 0.89896 0.032968 0.12170 
3984  0.10182 -0.94553 0.89586 -0.040926 0.11357 
3985  0.092619 -0.99109 0.90196 0.018525 0.11953 
3986  0.10022 -0.95318 0.89722 0.033975 0.12181 
3987  0.10202 -0.94458 0.89565 0.026428 0.12073 
3988  0.086217 -1.0252 0.90401 0.019015 0.11908 
3989  0.093219 -0.98800 0.90169 -0.0064815 0.11632 
3990  0.089618 -1.0068 0.90310 0.026117 0.12003 
3991  0.10102 -0.94934 0.89659 -0.0070135 0.11693 
3992  0.090018 -1.0047 0.90299 -0.0072780 0.11652 
3993  0.084017 -1.0375 0.90439 -0.011500 0.11481 
3994  0.091418 -0.99733 0.90247 -0.027930 0.11427 
3995  0.10302 -0.93986 0.89492 -0.037684 0.11379 
3996  0.094419 -0.98187 0.90108 0.023396 0.12047 
3997  0.10442 -0.93332 0.89373 0.036315 0.12218 
3998  0.10722 -0.92046 0.89115 0.031047 0.12188 
3999  0.096819 -0.96981 0.89964 0.017492 0.11950 
4000  0.092819 -0.99006 0.90187 -0.0092464 0.11662 
4001  0.10422 -0.93425 0.89394 0.032162 0.12237 
4002  0.095219 -0.97782 0.90061 0.025435 0.12067 
4003  0.096819 -0.96981 0.89964 -0.054368 0.11200 
4004  0.083617 -1.0398 0.90445 -0.010350 0.11511 
4005  0.096019 -0.97380 0.90014 0.029210 0.12101 
4006  0.092218 -0.99316 0.90215 0.030946 0.12102 
4007  0.089018 -1.0100 0.90328 0.027408 0.12037 
4008  0.086017 -1.0264 0.90407 -0.014994 0.11566 
4009  0.090618 -1.0015 0.90278 -0.042892 0.11249 
4010  0.098220 -0.96290 0.89868 0.023575 0.12059 
4011  0.10382 -0.93611 0.89430 0.031968 0.12196 
4012  0.087417 -1.0187 0.90369 0.033577 0.12100 
4013  0.098820 -0.95997 0.89826 0.026296 0.12087 
4014  0.10442 -0.93332 0.89373 0.026254 0.12109 
4015  0.098220 -0.96290 0.89868 0.022857 0.12052 
4016  0.10442 -0.93332 0.89373 0.033835 0.12271 
4017  0.078416 -1.0701 0.90514 -0.0019798 0.11603 
4018  0.080216 -1.0594 0.90492 -0.013927 0.11457 
4019  0.078216 -1.0713 0.90517 -0.0079570 0.11524 
4020  0.091218 -0.99838 0.90255 0.022871 0.11953 
4021  0.10002 -0.95415 0.89736 0.020357 0.12006 
4022  0.098020 -0.96388 0.89883 -0.041015 0.11284 
4023  0.098220 -0.96290 0.89868 -0.050959 0.11221 
4024  0.087618 -1.0176 0.90364 0.016400 0.11945 
4025  0.078416 -1.0701 0.90514 -0.0016822 0.11590 
4026  0.095619 -0.97581 0.90038 -0.053707 0.11202 
4027  0.094019 -0.98390 0.90128 -0.013203 0.11590 
4028  0.083817 -1.0387 0.90442 -0.014131 0.11517 
4029  0.084217 -1.0364 0.90436 -0.012746 0.11507 
4030  0.10182 -0.94553 0.89586 0.032315 0.12170 
4031  0.090218 -1.0036 0.90291 -0.026079 0.11403 
4032  0.084417 -1.0353 0.90435 -0.026641 0.11363 
4033  0.089418 -1.0079 0.90316 -0.035924 0.11296 
4034  0.090418 -1.0026 0.90283 0.024589 0.12045 
4035  0.093619 -0.98595 0.90149 -0.046925 0.11263 
4036  0.086817 -1.0220 0.90389 0.024637 0.12019 
4037  0.083817 -1.0387 0.90442 -0.031314 0.11332 
4038  0.098020 -0.96388 0.89883 0.033096 0.12158 
4039  0.080416 -1.0582 0.90490 -0.018538 0.11419 
4040  0.10122 -0.94839 0.89640 0.036016 0.12235 
4041  0.091018 -0.99943 0.90263 0.024866 0.12013 
4042  0.099820 -0.95511 0.89751 0.035526 0.12219 
4043  0.096019 -0.97380 0.90014 0.025494 0.12082 
4044  0.093619 -0.98595 0.90149 -0.011968 0.11616 
4045  0.099820 -0.95511 0.89751 -0.0045583 0.11715 
4046  0.092819 -0.99006 0.90187 -0.0047965 0.11643 
4047  0.089618 -1.0068 0.90310 -0.021524 0.11483 
4048  0.096219 -0.97280 0.90004 -0.0061617 0.11663 
4049  0.077215 -1.0774 0.90525 0.00026922 0.11571 
4050  0.093019 -0.98903 0.90178 -0.026627 0.11446 
4051  0.094219 -0.98289 0.90117 -0.0094392 0.11651 
4052  0.096419 -0.97180 0.89988 -0.030677 0.11458 
4053  0.097620 -0.96585 0.89911 0.026637 0.12121 
4054  0.087017 -1.0209 0.90383 -0.014770 0.11524 
4055  0.094819 -0.97984 0.90082 -0.021607 0.11505 
4056  0.092418 -0.99213 0.90206 0.025445 0.12053 
4057  0.099820 -0.95511 0.89751 0.026302 0.12085 
4058  0.096419 -0.97180 0.89988 0.030541 0.12143 
4059  0.088218 -1.0143 0.90350 -0.019452 0.11474 
4060  0.079216 -1.0653 0.90506 -0.018161 0.11462 
4061  0.092018 -0.99420 0.90223 0.032413 0.12152 
4062  0.10142 -0.94743 0.89618 0.027975 0.12107 
4063  0.10062 -0.95126 0.89689 -0.045965 0.11284 
4064  0.10042 -0.95222 0.89704 0.036678 0.12181 
4065  0.10442 -0.93332 0.89373 0.036073 0.12238 
4066  0.10162 -0.94648 0.89603 0.026007 0.12149 
4067  0.091618 -0.99629 0.90238 -0.013921 0.11612 
4068  0.085217 -1.0308 0.90422 -0.0025094 0.11702 
4069  0.089818 -1.0058 0.90305 -0.0071226 0.11642 
4070  0.099220 -0.95802 0.89798 0.026026 0.12096 
4071  0.093619 -0.98595 0.90149 0.023814 0.12065 
4072  0.10182 -0.94553 0.89586 0.032003 0.12132 
4073  0.095019 -0.97883 0.90072 0.030308 0.12119 
4074  0.10482 -0.93146 0.89338 0.019441 0.12047 
4075  0.094419 -0.98187 0.90108 0.026652 0.12034 
4076  0.093019 -0.98903 0.90178 0.027512 0.12097 
4077  0.092619 -0.99109 0.90196 0.020177 0.12010 
4078  0.091418 -0.99733 0.90247 0.011502 0.11841 
4079  0.10382 -0.93611 0.89430 0.032123 0.12139 
4080  0.10262 -0.94174 0.89525 0.031981 0.12180 
4081  0.099420 -0.95705 0.89783 0.027087 0.12079 
4082  0.10102 -0.94934 0.89659 0.030479 0.12169 
4083  0.099220 -0.95802 0.89798 0.034635 0.12216 
4084  0.092218 -0.99316 0.90215 0.028956 0.12088 
4085  0.098220 -0.96290 0.89868 0.021173 0.12012 
4086  0.094419 -0.98187 0.90108 0.023410 0.12028 
4087  0.10122 -0.94839 0.89640 0.029768 0.12119 
4088  0.098020 -0.96388 0.89883 0.048915 0.12320 
4089  0.091218 -0.99838 0.90255 -0.032536 0.11325 
4090  0.095419 -0.97681 0.90050 -0.029347 0.11459 
4091  0.089618 -1.0068 0.90310 0.021128 0.12007 
4092  0.10402 -0.93518 0.89414 0.034733 0.12218 
4093  0.092418 -0.99213 0.90206 -0.017519 0.11530 
4094  0.094019 -0.98390 0.90128 0.022505 0.12027 
4095  0.088218 -1.0143 0.90350 -0.014744 0.11478 
4096  0.089218 -1.0090 0.90322 0.025940 0.12015 
4097  0.087017 -1.0209 0.90383 -0.011263 0.11564 
4098  0.093619 -0.98595 0.90149 -0.038641 0.11305 
4099  0.099420 -0.95705 0.89783 0.034241 0.12185 
4100  0.090018 -1.0047 0.90299 -0.018266 0.11470 
4101  0.092218 -0.99316 0.90215 -0.038896 0.11307 
4102  0.090018 -1.0047 0.90299 -0.038965 0.11271 
4103  0.093419 -0.98697 0.90159 -0.037641 0.11312 
4104  0.082617 -1.0455 0.90459 0.027940 0.12056 
4105  0.099020 -0.95899 0.89813 0.025739 0.12072 
4106  0.091418 -0.99733 0.90247 0.031029 0.12041 
4107  0.10102 -0.94934 0.89659 0.029359 0.12128 
4108  0.086217 -1.0252 0.90401 -0.0074281 0.11565 
4109  0.097219 -0.96783 0.89936 0.023526 0.12035 
4110  0.092018 -0.99420 0.90223 0.021813 0.11949 
4111  0.087818 -1.0165 0.90360 -0.040667 0.11287 
4112  0.089618 -1.0068 0.90310 -0.015354 0.11529 
4113  0.083017 -1.0432 0.90452 -0.030358 0.11343 
4114  0.096819 -0.96981 0.89964 -0.021648 0.11483 
4115  0.086217 -1.0252 0.90401 -0.035821 0.11329 
4116  0.097419 -0.96684 0.89922 -0.021046 0.11496 
4117  0.090018 -1.0047 0.90299 -0.044247 0.11283 
4118  0.087417 -1.0187 0.90369 -0.035512 0.11294 
4119  0.096619 -0.97081 0.89977 -0.038870 0.11320 
4120  0.088218 -1.0143 0.90350 -0.012451 0.11545 
4121  0.10182 -0.94553 0.89586 0.027021 0.12081 
4122  0.10282 -0.94080 0.89508 -0.030023 0.11438 
4123  0.096219 -0.97280 0.90004 -0.052248 0.11197 
4124  0.086017 -1.0264 0.90407 -0.011655 0.11549 
4125  0.080416 -1.0582 0.90490 -0.012730 0.11466 
4126  0.099020 -0.95899 0.89813 -0.055277 0.11189 
4127  0.068414 -1.1341 0.90572 0.026732 0.11863 
4128  0.091218 -0.99838 0.90255 -0.022672 0.11464 
4129  0.099420 -0.95705 0.89783 0.021800 0.12018 
4130  0.097419 -0.96684 0.89922 0.027618 0.12105 
4131  0.094419 -0.98187 0.90108 0.025308 0.12030 
4132  0.095819 -0.97480 0.90026 -0.013994 0.11580 
4133  0.090618 -1.0015 0.90278 -0.0067445 0.11663 
4134  0.088618 -1.0122 0.90342 -0.042278 0.11293 
4135  0.090818 -1.0005 0.90271 -0.0045556 0.11704 
4136  0.095019 -0.97883 0.90072 0.031862 0.12162 
4137  0.094019 -0.98390 0.90128 -0.036439 0.11326 
4138  0.094819 -0.97984 0.90082 -0.031717 0.11449 
4139  0.089418 -1.0079 0.90316 0.020003 0.11954 
4140  0.10082 -0.95030 0.89673 0.034054 0.12192 
4141  0.096219 -0.97280 0.90004 0.023981 0.12027 
4142  0.087417 -1.0187 0.90369 -0.031001 0.11339 
4143  0.075815 -1.0860 0.90537 0.021314 0.11797 
4144  0.10502 -0.93054 0.89318 0.035076 0.12198 
4145  0.097620 -0.96585 0.89911 -0.014595 0.11604 
4146  0.093419 -0.98697 0.90159 0.026089 0.12068 
4147  0.10282 -0.94080 0.89508 0.034161 0.12167 
4148  0.10362 -0.93705 0.89452 0.034369 0.12196 
4149  0.10222 -0.94363 0.89555 0.035249 0.12195 
4150  0.098220 -0.96290 0.89868 0.028193 0.12115 
4151  0.10182 -0.94553 0.89586 0.034517 0.12215 
4152  0.090818 -1.0005 0.90271 -0.0050451 0.11652 
4153  0.096419 -0.97180 0.89988 0.016020 0.11937 
4154  0.086417 -1.0241 0.90397 -0.0025126 0.11727 
4155  0.098420 -0.96192 0.89852 0.022109 0.11991 
4156  0.067013 -1.1437 0.90575 -0.0029796 0.11537 
4157  0.10162 -0.94648 0.89603 0.035873 0.12202 
4158  0.089418 -1.0079 0.90316 -0.021852 0.11430 
4159  0.10022 -0.95318 0.89722 -0.014328 0.11616 
4160  0.086417 -1.0241 0.90397 -0.0056061 0.11643 
4161  0.094419 -0.98187 0.90108 0.042055 0.12220 
4162  0.095019 -0.97883 0.90072 -0.0087605 0.11574 
4163  0.10462 -0.93239 0.89351 0.028354 0.12127 
4164  0.080816 -1.0559 0.90485 -0.030923 0.11314 
4165  0.094019 -0.98390 0.90128 0.028116 0.12082 
4166  0.10302 -0.93986 0.89492 0.031488 0.12119 
4167  0.10262 -0.94174 0.89525 0.034979 0.12150 
4168  0.088818 -1.0111 0.90333 -0.017852 0.11461 
4169  0.087417 -1.0187 0.90369 0.018657 0.11942 
4170  0.10322 -0.93892 0.89479 0.024098 0.12076 
4171  0.096219 -0.97280 0.90004 -0.016286 0.11556 
4172  0.082617 -1.0455 0.90459 -0.0064477 0.11569 
4173  0.099420 -0.95705 0.89783 0.030160 0.12169 
4174  0.098420 -0.96192 0.89852 -0.033675 0.11420 
4175  0.098020 -0.96388 0.89883 -0.022632 0.11529 
4176  0.099820 -0.95511 0.89751 -0.047013 0.11263 
4177  0.098620 -0.96094 0.89838 -0.039327 0.11355 
4178  0.097219 -0.96783 0.89936 0.063161 0.12478 
4179  0.094019 -0.98390 0.90128 -0.022177 0.11473 
4180  0.10022 -0.95318 0.89722 -0.053280 0.11205 
4181  0.094019 -0.98390 0.90128 -0.041324 0.11315 
4182  0.093619 -0.98595 0.90149 0.019049 0.11927 
4183  0.087217 -1.0198 0.90376 0.017447 0.11892 
4184  0.099420 -0.95705 0.89783 0.018551 0.11955 
4185  0.098820 -0.95997 0.89826 0.027254 0.12066 
4186  0.10002 -0.95415 0.89736 0.027143 0.12131 
4187  0.090618 -1.0015 0.90278 0.028843 0.12054 
4188  0.10482 -0.93146 0.89338 0.030571 0.12162 
4189  0.095019 -0.97883 0.90072 0.034824 0.12201 
4190  0.099420 -0.95705 0.89783 0.028835 0.12115 
4191  0.095019 -0.97883 0.90072 0.027871 0.12099 
4192  0.10782 -0.91775 0.89075 0.028804 0.12114 
4193  0.095419 -0.97681 0.90050 0.027813 0.12110 
4194  0.094819 -0.97984 0.90082 0.022671 0.12039 
4195  0.096819 -0.96981 0.89964 0.020760 0.11983 
4196  0.10142 -0.94743 0.89618 -0.053628 0.11195 
4197  0.088618 -1.0122 0.90342 -0.016958 0.11480 
4198  0.099220 -0.95802 0.89798 0.019429 0.12003 
4199  0.097219 -0.96783 0.89936 0.028506 0.12110 
4200  0.099020 -0.95899 0.89813 0.022870 0.12042 
4201  0.093019 -0.98903 0.90178 0.033137 0.12152 
4202  0.10002 -0.95415 0.89736 0.034496 0.12160 
4203  0.10542 -0.92869 0.89284 0.029746 0.12214 
4204  0.095619 -0.97581 0.90038 -0.042522 0.11283 
4205  0.095619 -0.97581 0.90038 -0.048356 0.11197 
4206  0.095019 -0.97883 0.90072 -0.048504 0.11252 
4207  0.077215 -1.0774 0.90525 -0.023609 0.11370 
4208  0.10662 -0.92319 0.89174 0.034387 0.12183 
4209  0.098820 -0.95997 0.89826 -0.043327 0.11291 
4210  0.10402 -0.93518 0.89414 0.035455 0.12240 
4211  0.093219 -0.98800 0.90169 -0.026509 0.11405 
4212  0.093019 -0.98903 0.90178 -0.030758 0.11374 
4213  0.094219 -0.98289 0.90117 0.022074 0.11988 
4214  0.082016 -1.0489 0.90467 -0.028889 0.11371 
4215  0.092819 -0.99006 0.90187 -0.033030 0.11347 
4216  0.097820 -0.96487 0.89896 -0.036977 0.11384 
4217  0.097620 -0.96585 0.89911 -0.053520 0.11187 
4218  0.10662 -0.92319 0.89174 0.031978 0.12197 
4219  0.097219 -0.96783 0.89936 0.025938 0.12031 
4220  0.092218 -0.99316 0.90215 0.014379 0.11896 
4221  0.10302 -0.93986 0.89492 0.026315 0.12104 
4222  0.098220 -0.96290 0.89868 0.039233 0.12159 
4223  0.10322 -0.93892 0.89479 0.031132 0.12125 
4224  0.092619 -0.99109 0.90196 -0.021178 0.11502 
4225  0.098620 -0.96094 0.89838 -0.050133 0.11217 
4226  0.093019 -0.98903 0.90178 0.019387 0.11977 
4227  0.096219 -0.97280 0.90004 -0.047543 0.11258 
4228  0.10062 -0.95126 0.89689 -0.043513 0.11275 
4229  0.092418 -0.99213 0.90206 -0.043217 0.11269 
4230  0.10002 -0.95415 0.89736 0.023476 0.12034 
4231  0.096819 -0.96981 0.89964 -0.043113 0.11312 
4232  0.097620 -0.96585 0.89911 -0.019302 0.11464 
4233  0.098420 -0.96192 0.89852 0.037467 0.12192 
4234  0.090418 -1.0026 0.90283 0.033580 0.12141 
4235  0.10582 -0.92685 0.89234 0.032564 0.12206 
4236  0.094619 -0.98085 0.90094 0.033430 0.12148 
4237  0.091018 -0.99943 0.90263 0.025436 0.12116 
4238  0.087818 -1.0165 0.90360 -0.024073 0.11425 
4239  0.089818 -1.0058 0.90305 -0.015023 0.11557 
4240  0.086817 -1.0220 0.90389 -0.014581 0.11538 
4241  0.091418 -0.99733 0.90247 -0.020039 0.11475 
4242  0.083217 -1.0421 0.90450 -0.019122 0.11445 
4243  0.092018 -0.99420 0.90223 -0.015449 0.11543 
4244  0.086017 -1.0264 0.90407 -0.021726 0.11460 
4245  0.091818 -0.99524 0.90230 -0.016479 0.11547 
4246  0.093819 -0.98493 0.90138 -0.042956 0.11268 
4247  0.10482 -0.93146 0.89338 0.030192 0.12200 
4248  0.099220 -0.95802 0.89798 0.035453 0.12199 
4249  0.096819 -0.96981 0.89964 -0.043241 0.11270 
4250  0.10022 -0.95318 0.89722 0.024051 0.12073 
4251  0.098020 -0.96388 0.89883 -0.0054645 0.11662 
4252  0.096019 -0.97380 0.90014 0.025962 0.12023 
4253  0.092218 -0.99316 0.90215 -0.010295 0.11585 
4254  0.099820 -0.95511 0.89751 0.030325 0.12171 
4255  0.10162 -0.94648 0.89603 0.036778 0.12260 
4256  0.091818 -0.99524 0.90230 0.035839 0.12223 
4257  0.090418 -1.0026 0.90283 0.022919 0.11996 
4258  0.093019 -0.98903 0.90178 -0.019261 0.11515 
4259  0.091018 -0.99943 0.90263 -0.016771 0.11545 
4260  0.099220 -0.95802 0.89798 0.028719 0.12100 
4261  0.10382 -0.93611 0.89430 -0.022662 0.11509 
4262  0.095419 -0.97681 0.90050 0.018677 0.12009 
4263  0.094219 -0.98289 0.90117 -0.018527 0.11518 
4264  0.082817 -1.0443 0.90455 0.00011203 0.11633 
4265  0.091218 -0.99838 0.90255 0.026511 0.12076 
4266  0.088618 -1.0122 0.90342 -0.028200 0.11425 
4267  0.10142 -0.94743 0.89618 -0.056411 0.11175 
4268  0.090418 -1.0026 0.90283 -0.023960 0.11431 
4269  0.099820 -0.95511 0.89751 0.032271 0.12132 
4270  0.093619 -0.98595 0.90149 0.018394 0.11901 
4271  0.093419 -0.98697 0.90159 -0.0061376 0.11667 
4272  0.090418 -1.0026 0.90283 0.018280 0.11967 
4273  0.10042 -0.95222 0.89704 0.023011 0.12061 
4274  0.089218 -1.0090 0.90322 0.019646 0.11958 
4275  0.095619 -0.97581 0.90038 -0.0044173 0.11700 
4276  0.093419 -0.98697 0.90159 -0.047017 0.11253 
4277  0.086017 -1.0264 0.90407 0.041682 0.12164 
4278  0.10242 -0.94269 0.89538 0.031046 0.12211 
4279  0.099020 -0.95899 0.89813 0.030530 0.12113 
4280  0.093019 -0.98903 0.90178 0.023603 0.12041 
4281  0.091218 -0.99838 0.90255 -0.030929 0.11358 
4282  0.096019 -0.97380 0.90014 -0.029391 0.11447 
4283  0.10542 -0.92869 0.89284 -0.034433 0.11415 
4284  0.088018 -1.0154 0.90355 -0.016441 0.11540 
4285  0.097019 -0.96882 0.89950 -0.039686 0.11283 
4286  0.099620 -0.95608 0.89766 -0.043134 0.11302 
4287  0.096819 -0.96981 0.89964 0.021942 0.12011 
4288  0.094819 -0.97984 0.90082 0.021866 0.12005 
4289  0.087017 -1.0209 0.90383 -0.040629 0.11260 
4290  0.087618 -1.0176 0.90364 -0.031370 0.11366 
4291  0.095419 -0.97681 0.90050 0.037493 0.12273 
4292  0.098820 -0.95997 0.89826 -0.040867 0.11333 
4293  0.094819 -0.97984 0.90082 0.024325 0.12052 
4294  0.090618 -1.0015 0.90278 -0.030179 0.11369 
4295  0.10122 -0.94839 0.89640 -0.043040 0.11322 
4296  0.092418 -0.99213 0.90206 -0.030417 0.11401 
4297  0.10122 -0.94839 0.89640 0.027519 0.12093 
4298  0.095419 -0.97681 0.90050 0.029717 0.12136 
4299  0.092418 -0.99213 0.90206 0.026199 0.12075 
4300  0.090818 -1.0005 0.90271 -0.022210 0.11482 
4301  0.091018 -0.99943 0.90263 -0.044444 0.11250 
4302  0.099820 -0.95511 0.89751 0.033180 0.12215 
4303  0.081816 -1.0501 0.90469 -0.027919 0.11358 
4304  0.096619 -0.97081 0.89977 -0.015465 0.11616 
4305  0.087417 -1.0187 0.90369 0.032799 0.12059 
4306  0.086217 -1.0252 0.90401 0.039547 0.12157 
4307  0.090018 -1.0047 0.90299 0.043775 0.12223 
4308  0.093019 -0.98903 0.90178 0.045584 0.12214 
4309  0.093019 -0.98903 0.90178 -0.030288 0.11351 
4310  0.10062 -0.95126 0.89689 0.032131 0.12159 
4311  0.10482 -0.93146 0.89338 0.034719 0.12217 
4312  0.087417 -1.0187 0.90369 0.027717 0.12058 
4313  0.094419 -0.98187 0.90108 0.029477 0.12129 
4314  0.10062 -0.95126 0.89689 0.031881 0.12165 
4315  0.10182 -0.94553 0.89586 0.028888 0.12118 
4316  0.094619 -0.98085 0.90094 0.025172 0.12093 
4317  0.10302 -0.93986 0.89492 0.036557 0.12246 
4318  0.098420 -0.96192 0.89852 0.023685 0.12057 
4319  0.10522 -0.92961 0.89299 0.032217 0.12181 
4320  0.10282 -0.94080 0.89508 0.026839 0.12123 
4321  0.089818 -1.0058 0.90305 -0.010536 0.11570 
4322  0.084017 -1.0375 0.90439 -0.010336 0.11545 
4323  0.10182 -0.94553 0.89586 0.027050 0.12118 
4324  0.087017 -1.0209 0.90383 -0.025145 0.11415 
4325  0.097019 -0.96882 0.89950 0.021489 0.11995 
4326  0.076415 -1.0823 0.90532 0.015567 0.11778 
4327  0.10062 -0.95126 0.89689 -0.025688 0.11520 
4328  0.089618 -1.0068 0.90310 -0.00087322 0.11683 
4329  0.093219 -0.98800 0.90169 -0.049404 0.11189 
4330  0.094219 -0.98289 0.90117 -0.026468 0.11494 
4331  0.10182 -0.94553 0.89586 0.034912 0.12151 
4332  0.088018 -1.0154 0.90355 0.0020249 0.11685 
4333  0.089018 -1.0100 0.90328 -0.015133 0.11533 
4334  0.095619 -0.97581 0.90038 -0.0057608 0.11699 
4335  0.099820 -0.95511 0.89751 -0.0050647 0.11693 
4336  0.099820 -0.95511 0.89751 0.026946 0.12093 
4337  0.089418 -1.0079 0.90316 -0.014585 0.11580 
4338  0.10122 -0.94839 0.89640 0.035916 0.12169 
4339  0.10362 -0.93705 0.89452 0.017000 0.11950 
4340  0.091218 -0.99838 0.90255 -0.029312 0.11421 
4341  0.10422 -0.93425 0.89394 0.022787 0.12077 
4342  0.083017 -1.0432 0.90452 -0.018997 0.11426 
4343  0.099420 -0.95705 0.89783 0.033817 0.12188 
4344  0.10182 -0.94553 0.89586 0.033612 0.12173 
4345  0.098420 -0.96192 0.89852 0.057464 0.12446 
4346  0.084817 -1.0330 0.90427 -0.037263 0.11275 
4347  0.088218 -1.0143 0.90350 -0.046545 0.11237 
4348  0.10362 -0.93705 0.89452 -0.065509 0.11126 
4349  0.10062 -0.95126 0.89689 0.024237 0.12068 
4350  0.10282 -0.94080 0.89508 0.024791 0.12017 
4351  0.10282 -0.94080 0.89508 0.029531 0.12156 
4352  0.071414 -1.1140 0.90562 -0.0050759 0.11504 
4353  0.079016 -1.0665 0.90508 -0.0073569 0.11553 
4354  0.077015 -1.0786 0.90528 -0.0098174 0.11487 
4355  0.074815 -1.0922 0.90544 -0.0039550 0.11521 
4356  0.075815 -1.0860 0.90537 -0.0077710 0.11491 
4357  0.080416 -1.0582 0.90490 -0.018379 0.11409 
4358  0.097019 -0.96882 0.89950 0.026216 0.12094 
4359  0.098220 -0.96290 0.89868 0.040568 0.12278 
4360  0.096419 -0.97180 0.89988 0.030183 0.12116 
4361  0.098220 -0.96290 0.89868 0.038401 0.12182 
4362  0.085617 -1.0286 0.90416 -0.037594 0.11288 
4363  0.087818 -1.0165 0.90360 0.023532 0.12006 
4364  0.094819 -0.97984 0.90082 -0.029049 0.11391 
4365  0.10082 -0.95030 0.89673 -0.049161 0.11245 
4366  0.091418 -0.99733 0.90247 0.022473 0.12046 
4367  0.094019 -0.98390 0.90128 -0.0094365 0.11671 
4368  0.095219 -0.97782 0.90061 -0.017059 0.11541 
4369  0.091418 -0.99733 0.90247 -0.017666 0.11545 
4370  0.086617 -1.0230 0.90393 -0.013823 0.11537 
4371  0.092218 -0.99316 0.90215 0.021793 0.12033 
4372  0.088218 -1.0143 0.90350 -0.021945 0.11497 
4373  0.097019 -0.96882 0.89950 0.031389 0.12108 
4374  0.090218 -1.0036 0.90291 -0.039625 0.11280 
4375  0.087217 -1.0198 0.90376 -0.015105 0.11465 
4376  0.098020 -0.96388 0.89883 0.023700 0.12039 
4377  0.084017 -1.0375 0.90439 -0.010521 0.11531 
4378  0.097019 -0.96882 0.89950 -0.017252 0.11564 
4379  0.090018 -1.0047 0.90299 -0.0038590 0.11687 
4380  0.10782 -0.91775 0.89075 0.092043 0.12968 
4381  0.099620 -0.95608 0.89766 0.036763 0.12231 
4382  0.098220 -0.96290 0.89868 0.022979 0.12027 
4383  0.098420 -0.96192 0.89852 0.018182 0.11969 
4384  0.085417 -1.0297 0.90419 -0.013471 0.11530 
4385  0.099620 -0.95608 0.89766 -0.050649 0.11210 
4386  0.094419 -0.98187 0.90108 0.023779 0.12073 
4387  0.10922 -0.91146 0.88923 0.039880 0.12289 
4388  0.094019 -0.98390 0.90128 0.025280 0.12034 
4389  0.097019 -0.96882 0.89950 -0.026979 0.11463 
4390  0.090218 -1.0036 0.90291 -0.0097758 0.11634 
4391  0.098620 -0.96094 0.89838 -0.018932 0.11499 
4392  0.093619 -0.98595 0.90149 -0.036294 0.11325 
4393  0.099620 -0.95608 0.89766 0.035390 0.12223 
4394  0.088418 -1.0133 0.90345 0.021473 0.11949 
4395  0.10722 -0.92046 0.89115 0.035872 0.12185 
4396  0.094019 -0.98390 0.90128 -0.032829 0.11373 
4397  0.087417 -1.0187 0.90369 -0.026827 0.11395 
4398  0.084617 -1.0341 0.90431 -0.015025 0.11490 
4399  0.096619 -0.97081 0.89977 0.022942 0.12054 
4400  0.074215 -1.0960 0.90547 0.0098997 0.11699 
4401  0.10802 -0.91684 0.89046 0.031817 0.12193 
4402  0.098620 -0.96094 0.89838 0.027516 0.12081 
4403  0.096219 -0.97280 0.90004 -0.0076298 0.11680 
4404  0.082817 -1.0443 0.90455 -0.013277 0.11509 
4405  0.090418 -1.0026 0.90283 0.023008 0.11991 
4406  0.097219 -0.96783 0.89936 0.026046 0.12060 
4407  0.095819 -0.97480 0.90026 0.030819 0.12122 
4408  0.094419 -0.98187 0.90108 0.029609 0.12134 
4409  0.095819 -0.97480 0.90026 0.015700 0.11950 
4410  0.090618 -1.0015 0.90278 -0.021520 0.11482 
4411  0.097019 -0.96882 0.89950 -0.014807 0.11545 
4412  0.088018 -1.0154 0.90355 0.021784 0.11988 
4413  0.097019 -0.96882 0.89950 -0.038249 0.11398 
4414  0.097019 -0.96882 0.89950 0.030852 0.12135 
4415  0.085017 -1.0319 0.90425 -0.016364 0.11483 
4416  0.10142 -0.94743 0.89618 0.025248 0.12089 
4417  0.10162 -0.94648 0.89603 0.017244 0.11941 
4418  0.089418 -1.0079 0.90316 -0.0077388 0.11614 
4419  0.084217 -1.0364 0.90436 -0.013855 0.11473 
4420  0.083417 -1.0409 0.90447 -0.021649 0.11420 
4421  0.080416 -1.0582 0.90490 -0.017757 0.11449 
4422  0.10442 -0.93332 0.89373 0.031551 0.12167 
4423  0.095419 -0.97681 0.90050 -0.036563 0.11344 
4424  0.088018 -1.0154 0.90355 -0.015595 0.11554 
4425  0.092619 -0.99109 0.90196 -0.0072519 0.11713 
4426  0.097019 -0.96882 0.89950 -0.018837 0.11595 
4427  0.082416 -1.0466 0.90462 -0.023031 0.11373 
4428  0.074615 -1.0935 0.90545 -0.011651 0.11492 
4429  0.096419 -0.97180 0.89988 -0.029182 0.11438 
4430  0.091418 -0.99733 0.90247 -0.020992 0.11526 
4431  0.090418 -1.0026 0.90283 0.028116 0.12033 
4432  0.091818 -0.99524 0.90230 0.018566 0.11990 
4433  0.097219 -0.96783 0.89936 0.025774 0.12039 
4434  0.095219 -0.97782 0.90061 -0.019586 0.11514 
4435  0.099020 -0.95899 0.89813 0.033844 0.12144 
4436  0.10442 -0.93332 0.89373 -0.033066 0.11415 
4437  0.094619 -0.98085 0.90094 -0.049024 0.11210 
4438  0.090018 -1.0047 0.90299 -0.028339 0.11420 
4439  0.10242 -0.94269 0.89538 0.033334 0.12194 
4440  0.10102 -0.94934 0.89659 -0.023375 0.11474 
4441  0.096419 -0.97180 0.89988 -0.042160 0.11304 
4442  0.097419 -0.96684 0.89922 0.026124 0.12082 
4443  0.087618 -1.0176 0.90364 -0.011889 0.11611 
4444  0.095819 -0.97480 0.90026 0.029152 0.12122 
4445  0.086417 -1.0241 0.90397 -0.028190 0.11358 
4446  0.091018 -0.99943 0.90263 0.020669 0.11994 
4447  0.096019 -0.97380 0.90014 0.023034 0.12029 
4448  0.095419 -0.97681 0.90050 -0.032628 0.11361 
4449  0.097219 -0.96783 0.89936 0.027084 0.12092 
4450  0.10262 -0.94174 0.89525 -0.046221 0.11279 
4451  0.096819 -0.96981 0.89964 -0.034698 0.11382 
4452  0.089418 -1.0079 0.90316 -0.032988 0.11375 
4453  0.095819 -0.97480 0.90026 -0.030505 0.11438 
4454  0.091418 -0.99733 0.90247 -0.023812 0.11416 
4455  0.093019 -0.98903 0.90178 -0.034534 0.11360 
4456  0.10402 -0.93518 0.89414 0.029825 0.12114 
4457  0.081016 -1.0547 0.90481 -0.0025339 0.11573 
4458  0.10402 -0.93518 0.89414 -0.012704 0.11627 
4459  0.10142 -0.94743 0.89618 -0.0062933 0.11715 
4460  0.093019 -0.98903 0.90178 -0.025724 0.11473 
4461  0.097219 -0.96783 0.89936 0.025799 0.12050 
4462  0.086617 -1.0230 0.90393 -0.012828 0.11519 
4463  0.092619 -0.99109 0.90196 0.023195 0.12001 
4464  0.10182 -0.94553 0.89586 -0.031986 0.11437 
4465  0.091018 -0.99943 0.90263 -0.042424 0.11264 
4466  0.093419 -0.98697 0.90159 -0.034113 0.11371 
4467  0.081216 -1.0536 0.90477 -0.0021026 0.11620 
4468  0.098220 -0.96290 0.89868 0.024974 0.12054 
4469  0.090618 -1.0015 0.90278 0.020189 0.11956 
4470  0.093219 -0.98800 0.90169 0.014253 0.11920 
4471  0.091618 -0.99629 0.90238 0.033149 0.12144 
4472  0.094219 -0.98289 0.90117 -0.048276 0.11246 
4473  0.092018 -0.99420 0.90223 0.027752 0.12077 
4474  0.092418 -0.99213 0.90206 -0.034557 0.11392 
4475  0.098020 -0.96388 0.89883 0.027617 0.12154 
4476  0.084617 -1.0341 0.90431 -0.045680 0.11228 
4477  0.087017 -1.0209 0.90383 -0.039672 0.11281 
4478  0.088218 -1.0143 0.90350 -0.036782 0.11274 
4479  0.095819 -0.97480 0.90026 0.017562 0.11963 
4480  0.096819 -0.96981 0.89964 0.029998 0.12097 
4481  0.086017 -1.0264 0.90407 -0.026855 0.11393 
4482  0.096819 -0.96981 0.89964 0.025540 0.12087 
4483  0.095419 -0.97681 0.90050 -0.035805 0.11317 
4484  0.080416 -1.0582 0.90490 -0.030821 0.11331 
4485  0.089618 -1.0068 0.90310 -0.033236 0.11326 
4486  0.094819 -0.97984 0.90082 -0.032830 0.11324 
4487  0.095619 -0.97581 0.90038 -0.023050 0.11497 
4488  0.094619 -0.98085 0.90094 0.031161 0.12114 
4489  0.086017 -1.0264 0.90407 -0.024000 0.11404 
4490  0.081416 -1.0524 0.90474 -0.0056132 0.11561 
4491  0.097820 -0.96487 0.89896 0.021841 0.12030 
4492  0.10182 -0.94553 0.89586 0.036494 0.12215 
4493  0.093219 -0.98800 0.90169 -0.039762 0.11305 
4494  0.082617 -1.0455 0.90459 -0.0090711 0.11542 
4495  0.097019 -0.96882 0.89950 0.025488 0.12080 
4496  0.081816 -1.0501 0.90469 -0.017766 0.11436 
4497  0.081216 -1.0536 0.90477 -0.017460 0.11443 
4498  0.092018 -0.99420 0.90223 0.021760 0.12000 
4499  0.086817 -1.0220 0.90389 -0.0094668 0.11581 
4500  0.10402 -0.93518 0.89414 -0.025131 0.11494 
4501  0.099420 -0.95705 0.89783 -0.017623 0.11566 
4502  0.10002 -0.95415 0.89736 0.026919 0.12121 
4503  0.098220 -0.96290 0.89868 -0.039915 0.11312 
4504  0.10142 -0.94743 0.89618 -0.044819 0.11296 
4505  0.10022 -0.95318 0.89722 -0.045253 0.11304 
4506  0.10682 -0.92228 0.89154 -0.045120 0.11294 
4507  0.096819 -0.96981 0.89964 0.022511 0.12027 
4508  0.093419 -0.98697 0.90159 -0.022790 0.11478 
4509  0.10442 -0.93332 0.89373 -0.053804 0.11213 
4510  0.093619 -0.98595 0.90149 -0.013528 0.11606 
4511  0.092018 -0.99420 0.90223 -0.015003 0.11568 
4512  0.092819 -0.99006 0.90187 -0.0063193 0.11671 
4513  0.078216 -1.0713 0.90517 -0.023792 0.11391 
4514  0.075215 -1.0897 0.90541 6.8350e-05 0.11627 
4515  0.084617 -1.0341 0.90431 -0.026546 0.11385 
4516  0.10022 -0.95318 0.89722 0.025468 0.12103 
4517  0.083417 -1.0409 0.90447 -0.027736 0.11381 
4518  0.090418 -1.0026 0.90283 0.021590 0.11985 
4519  0.093619 -0.98595 0.90149 -0.044645 0.11285 
4520  0.094019 -0.98390 0.90128 0.022883 0.11982 
4521  0.10102 -0.94934 0.89659 -0.0077291 0.11685 
4522  0.097620 -0.96585 0.89911 0.025122 0.12033 
4523  0.094419 -0.98187 0.90108 -0.038637 0.11308 
4524  0.085617 -1.0286 0.90416 -0.0048490 0.11639 
4525  0.091818 -0.99524 0.90230 -0.027191 0.11461 
4526  0.097820 -0.96487 0.89896 -0.025362 0.11432 
4527  0.097620 -0.96585 0.89911 0.029009 0.12119 
4528  0.086417 -1.0241 0.90397 0.018130 0.11903 
4529  0.099620 -0.95608 0.89766 -0.0045136 0.11672 
4530  0.097620 -0.96585 0.89911 -0.019339 0.11576 
4531  0.097820 -0.96487 0.89896 0.030113 0.12106 
4532  0.097419 -0.96684 0.89922 -0.027090 0.11429 
4533  0.090818 -1.0005 0.90271 -0.033950 0.11366 
4534  0.089618 -1.0068 0.90310 -0.023394 0.11421 
4535  0.071814 -1.1114 0.90560 -0.020268 0.11392 
4536  0.076415 -1.0823 0.90532 -0.014661 0.11432 
4537  0.088018 -1.0154 0.90355 0.030099 0.12084 
4538  0.075415 -1.0885 0.90540 -0.016381 0.11455 
4539  0.095019 -0.97883 0.90072 0.026232 0.12086 
4540  0.10022 -0.95318 0.89722 0.032780 0.12136 
4541  0.095819 -0.97480 0.90026 0.026480 0.12059 
4542  0.093819 -0.98493 0.90138 0.022125 0.12008 
4543  0.094219 -0.98289 0.90117 0.024973 0.12028 
4544  0.097419 -0.96684 0.89922 0.020802 0.12035 
4545  0.10402 -0.93518 0.89414 0.032675 0.12214 
4546  0.10082 -0.95030 0.89673 -0.046106 0.11265 
4547  0.10022 -0.95318 0.89722 0.024122 0.12076 
4548  0.10322 -0.93892 0.89479 -0.049813 0.11233 
4549  0.088618 -1.0122 0.90342 -0.014367 0.11556 
4550  0.093419 -0.98697 0.90159 -0.045131 0.11246 
4551  0.087217 -1.0198 0.90376 0.033045 0.12083 
4552  0.10062 -0.95126 0.89689 0.023835 0.12080 
4553  0.10042 -0.95222 0.89704 -0.046954 0.11280 
4554  0.097620 -0.96585 0.89911 -0.017844 0.11546 
4555  0.10262 -0.94174 0.89525 -0.048668 0.11239 
4556  0.095819 -0.97480 0.90026 -0.012875 0.11615 
4557  0.095019 -0.97883 0.90072 0.030089 0.12126 
4558  0.089218 -1.0090 0.90322 -0.014460 0.11564 
4559  0.094619 -0.98085 0.90094 0.023831 0.12029 
4560  0.096019 -0.97380 0.90014 0.028486 0.12095 
4561  0.097019 -0.96882 0.89950 0.023182 0.12034 
4562  0.089618 -1.0068 0.90310 0.020896 0.11944 
4563  0.10542 -0.92869 0.89284 0.033222 0.12203 
4564  0.081016 -1.0547 0.90481 0.00065927 0.11636 
4565  0.091018 -0.99943 0.90263 -0.044681 0.11235 
4566  0.094019 -0.98390 0.90128 -0.0067841 0.11654 
4567  0.091218 -0.99838 0.90255 -0.044563 0.11256 
4568  0.10042 -0.95222 0.89704 -0.049038 0.11254 
4569  0.097019 -0.96882 0.89950 -0.043084 0.11293 
4570  0.083817 -1.0387 0.90442 -0.020770 0.11423 
4571  0.092819 -0.99006 0.90187 0.034526 0.12114 
4572  0.091618 -0.99629 0.90238 -0.0098501 0.11617 
4573  0.090018 -1.0047 0.90299 -0.024226 0.11397 
4574  0.10122 -0.94839 0.89640 0.028011 0.12142 
4575  0.099220 -0.95802 0.89798 0.025869 0.12117 
4576  0.093619 -0.98595 0.90149 0.019838 0.11996 
4577  0.092418 -0.99213 0.90206 -0.021337 0.11510 
4578  0.095819 -0.97480 0.90026 0.022428 0.12020 
4579  0.089018 -1.0100 0.90328 -0.030110 0.11387 
4580  0.080216 -1.0594 0.90492 -0.010432 0.11527 
4581  0.085817 -1.0275 0.90410 0.025069 0.12000 
4582  0.081216 -1.0536 0.90477 -0.014184 0.11451 
4583  0.080016 -1.0606 0.90495 -0.016461 0.11462 
4584  0.094819 -0.97984 0.90082 -0.0059399 0.11662 
4585  0.091218 -0.99838 0.90255 -0.050950 0.11195 
4586  0.089418 -1.0079 0.90316 0.025326 0.12040 
4587  0.091418 -0.99733 0.90247 0.032200 0.12117 
4588  0.10082 -0.95030 0.89673 0.028603 0.12138 
4589  0.10482 -0.93146 0.89338 0.018783 0.12033 
4590  0.093619 -0.98595 0.90149 -0.047973 0.11234 
4591  0.10142 -0.94743 0.89618 0.032662 0.12128 
4592  0.10082 -0.95030 0.89673 -0.031928 0.11420 
4593  0.10242 -0.94269 0.89538 -0.021121 0.11560 
4594  0.097219 -0.96783 0.89936 0.031365 0.12111 
4595  0.092218 -0.99316 0.90215 -0.026286 0.11434 
4596  0.10302 -0.93986 0.89492 0.027354 0.12128 
4597  0.10742 -0.91956 0.89097 0.022013 0.12062 
4598  0.095619 -0.97581 0.90038 0.030469 0.12129 
4599  0.097820 -0.96487 0.89896 0.021272 0.11979 
4600  0.095419 -0.97681 0.90050 0.030097 0.12150 
4601  0.096819 -0.96981 0.89964 -0.0064887 0.11665 
4602  0.10022 -0.95318 0.89722 0.026985 0.12081 
4603  0.10142 -0.94743 0.89618 0.039900 0.12260 
4604  0.10042 -0.95222 0.89704 0.023107 0.12028 
4605  0.084617 -1.0341 0.90431 -0.032466 0.11323 
4606  0.088818 -1.0111 0.90333 0.022798 0.11972 
4607  0.094619 -0.98085 0.90094 -0.031086 0.11429 
4608  0.090818 -1.0005 0.90271 -0.0017231 0.11707 
4609  0.10662 -0.92319 0.89174 0.022928 0.12095 
4610  0.093219 -0.98800 0.90169 0.030102 0.12124 
4611  0.099020 -0.95899 0.89813 0.027581 0.12070 
4612  0.093219 -0.98800 0.90169 -0.0044578 0.11751 
4613  0.099620 -0.95608 0.89766 -0.040034 0.11298 
4614  0.092018 -0.99420 0.90223 -0.018119 0.11543 
4615  0.081616 -1.0512 0.90472 -0.024920 0.11352 
4616  0.096019 -0.97380 0.90014 0.026782 0.12123 
4617  0.096619 -0.97081 0.89977 -0.028869 0.11423 
4618  0.11002 -0.90790 0.88822 0.027315 0.12107 
4619  0.096219 -0.97280 0.90004 0.019079 0.11995 
4620  0.10182 -0.94553 0.89586 0.023989 0.12083 
4621  0.086617 -1.0230 0.90393 -0.011925 0.11521 
4622  0.083217 -1.0421 0.90450 -0.016472 0.11464 
4623  0.095419 -0.97681 0.90050 0.017645 0.11859 
4624  0.082016 -1.0489 0.90467 -0.011733 0.11472 
4625  0.083617 -1.0398 0.90445 -0.011184 0.11498 
4626  0.098220 -0.96290 0.89868 -0.048875 0.11219 
4627  0.10342 -0.93798 0.89461 -0.052958 0.11207 
4628  0.089218 -1.0090 0.90322 -0.029652 0.11369 
4629  0.10062 -0.95126 0.89689 -0.046976 0.11255 
4630  0.092619 -0.99109 0.90196 -0.039355 0.11309 
4631  0.094819 -0.97984 0.90082 0.033472 0.12138 
4632  0.092619 -0.99109 0.90196 0.031053 0.12105 
4633  0.099220 -0.95802 0.89798 0.035051 0.12187 
4634  0.081016 -1.0547 0.90481 -0.015104 0.11463 
4635  0.093419 -0.98697 0.90159 -0.0053809 0.11668 
4636  0.10282 -0.94080 0.89508 0.030416 0.12176 
4637  0.10122 -0.94839 0.89640 -0.044215 0.11249 
4638  0.10162 -0.94648 0.89603 -0.029024 0.11461 
4639  0.097620 -0.96585 0.89911 -0.048714 0.11231 
4640  0.093419 -0.98697 0.90159 -0.043691 0.11264 
4641  0.098420 -0.96192 0.89852 -0.021777 0.11536 
4642  0.081616 -1.0512 0.90472 -0.019239 0.11415 
4643  0.092218 -0.99316 0.90215 -0.022144 0.11460 
4644  0.080216 -1.0594 0.90492 -0.010281 0.11512 
4645  0.099620 -0.95608 0.89766 -0.050534 0.11216 
4646  0.096019 -0.97380 0.90014 -0.013922 0.11608 
4647  0.092218 -0.99316 0.90215 -0.045028 0.11261 
4648  0.077415 -1.0762 0.90522 -0.027472 0.11363 
4649  0.10442 -0.93332 0.89373 0.024897 0.12061 
4650  0.099220 -0.95802 0.89798 0.027928 0.12108 
4651  0.10062 -0.95126 0.89689 0.028448 0.12132 
4652  0.10102 -0.94934 0.89659 0.034787 0.12215 
4653  0.099620 -0.95608 0.89766 -0.047415 0.11232 
4654  0.089018 -1.0100 0.90328 0.030338 0.12129 
4655  0.096619 -0.97081 0.89977 -0.0040690 0.11701 
4656  0.092819 -0.99006 0.90187 0.022959 0.12015 
4657  0.086217 -1.0252 0.90401 0.033769 0.12089 
4658  0.096819 -0.96981 0.89964 0.022441 0.12026 
4659  0.083817 -1.0387 0.90442 -0.011836 0.11546 
4660  0.091218 -0.99838 0.90255 0.034467 0.12151 
4661  0.095019 -0.97883 0.90072 -0.022246 0.11476 
4662  0.097820 -0.96487 0.89896 0.024145 0.12058 
4663  0.088018 -1.0154 0.90355 -0.014734 0.11524 
4664  0.092418 -0.99213 0.90206 0.025798 0.12060 
4665  0.10422 -0.93425 0.89394 0.019470 0.12002 
4666  0.096019 -0.97380 0.90014 0.028936 0.12113 
4667  0.10022 -0.95318 0.89722 0.021754 0.11986 
4668  0.096819 -0.96981 0.89964 0.030728 0.12119 
4669  0.098220 -0.96290 0.89868 0.029426 0.12109 
4670  0.093019 -0.98903 0.90178 -0.024771 0.11491 
4671  0.093819 -0.98493 0.90138 -0.022945 0.11527 
4672  0.092418 -0.99213 0.90206 0.031446 0.12154 
4673  0.10042 -0.95222 0.89704 0.026239 0.12091 
4674  0.098020 -0.96388 0.89883 0.031612 0.12103 
4675  0.10022 -0.95318 0.89722 0.031820 0.12171 
4676  0.10182 -0.94553 0.89586 0.033633 0.12185 
4677  0.085817 -1.0275 0.90410 -0.019867 0.11449 
4678  0.086617 -1.0230 0.90393 -0.044013 0.11255 
4679  0.10062 -0.95126 0.89689 0.032890 0.12197 
4680  0.099820 -0.95511 0.89751 -0.019827 0.11541 
4681  0.10122 -0.94839 0.89640 0.038296 0.12218 
4682  0.091418 -0.99733 0.90247 -0.010969 0.11588 
4683  0.087618 -1.0176 0.90364 -0.017331 0.11526 
4684  0.091218 -0.99838 0.90255 -0.045130 0.11262 
4685  0.096619 -0.97081 0.89977 -0.018402 0.11575 
4686  0.094419 -0.98187 0.90108 0.015498 0.11915 
4687  0.096419 -0.97180 0.89988 0.023463 0.12027 
4688  0.10382 -0.93611 0.89430 0.030452 0.12129 
4689  0.098820 -0.95997 0.89826 -0.035077 0.11402 
4690  0.090018 -1.0047 0.90299 0.013285 0.11900 
4691  0.091218 -0.99838 0.90255 -0.038093 0.11332 
4692  0.094219 -0.98289 0.90117 -0.037284 0.11344 
4693  0.097620 -0.96585 0.89911 -0.013465 0.11592 
4694  0.095619 -0.97581 0.90038 0.055963 0.12396 
4695  0.077015 -1.0786 0.90528 0.010209 0.11754 
4696  0.091218 -0.99838 0.90255 -0.044029 0.11236 
4697  0.086817 -1.0220 0.90389 -0.0066285 0.11644 
4698  0.10242 -0.94269 0.89538 0.067718 0.12588 
4699  0.089818 -1.0058 0.90305 -0.049782 0.11215 
4700  0.092218 -0.99316 0.90215 -0.0037550 0.11716 
4701  0.087017 -1.0209 0.90383 -0.0045687 0.11671 
4702  0.10542 -0.92869 0.89284 0.037802 0.12266 
4703  0.079416 -1.0642 0.90503 -0.023125 0.11388 
4704  0.10142 -0.94743 0.89618 0.024084 0.12093 
4705  0.093019 -0.98903 0.90178 0.048361 0.12287 
4706  0.096019 -0.97380 0.90014 0.019537 0.11996 
4707  0.094819 -0.97984 0.90082 0.022840 0.12047 
4708  0.093419 -0.98697 0.90159 0.029214 0.12074 
4709  0.097620 -0.96585 0.89911 -0.022994 0.11476 
4710  0.081216 -1.0536 0.90477 -0.022788 0.11396 
4711  0.086617 -1.0230 0.90393 0.029491 0.12045 
4712  0.092418 -0.99213 0.90206 -0.024272 0.11481 
4713  0.097820 -0.96487 0.89896 -0.046805 0.11226 
4714  0.10442 -0.93332 0.89373 0.029946 0.12152 
4715  0.097820 -0.96487 0.89896 -0.038868 0.11351 
4716  0.091818 -0.99524 0.90230 -0.037469 0.11329 
4717  0.091218 -0.99838 0.90255 -0.041226 0.11315 
4718  0.094419 -0.98187 0.90108 -0.034780 0.11373 
4719  0.095819 -0.97480 0.90026 0.031998 0.12126 
4720  0.097219 -0.96783 0.89936 0.032664 0.12141 
4721  0.092619 -0.99109 0.90196 -0.013754 0.11611 
4722  0.098420 -0.96192 0.89852 0.026714 0.12090 
4723  0.086417 -1.0241 0.90397 -0.0098323 0.11577 
4724  0.088618 -1.0122 0.90342 -0.021831 0.11463 
4725  0.091018 -0.99943 0.90263 0.029773 0.12059 
4726  0.091818 -0.99524 0.90230 -0.025312 0.11486 
4727  0.093019 -0.98903 0.90178 -0.012162 0.11545 
4728  0.089018 -1.0100 0.90328 -0.022681 0.11500 
4729  0.095219 -0.97782 0.90061 0.026808 0.12086 
4730  0.099620 -0.95608 0.89766 0.023220 0.12022 
4731  0.096619 -0.97081 0.89977 0.024167 0.12058 
4732  0.10322 -0.93892 0.89479 0.037334 0.12256 
4733  0.092418 -0.99213 0.90206 -0.034666 0.11346 
4734  0.10722 -0.92046 0.89115 0.029109 0.12159 
4735  0.10242 -0.94269 0.89538 0.033148 0.12200 
4736  0.084017 -1.0375 0.90439 -0.011136 0.11517 
4737  0.10482 -0.93146 0.89338 0.028171 0.12162 
4738  0.087017 -1.0209 0.90383 -0.017024 0.11476 
4739  0.095619 -0.97581 0.90038 0.027122 0.12101 
4740  0.082216 -1.0478 0.90464 -0.028707 0.11357 
4741  0.094619 -0.98085 0.90094 0.032550 0.12137 
4742  0.082016 -1.0489 0.90467 -0.029431 0.11327 
4743  0.087017 -1.0209 0.90383 -0.030482 0.11351 
4744  0.10422 -0.93425 0.89394 0.031328 0.12160 
4745  0.085417 -1.0297 0.90419 -0.030941 0.11325 
4746  0.098220 -0.96290 0.89868 0.031880 0.12157 
4747  0.091418 -0.99733 0.90247 -0.033401 0.11351 
4748  0.093619 -0.98595 0.90149 -0.023098 0.11478 
4749  0.088618 -1.0122 0.90342 -0.025580 0.11447 
4750  0.077015 -1.0786 0.90528 -0.024780 0.11375 
4751  0.095419 -0.97681 0.90050 -0.010664 0.11604 
4752  0.083817 -1.0387 0.90442 -0.015184 0.11476 
4753  0.10262 -0.94174 0.89525 0.026029 0.12097 
4754  0.093619 -0.98595 0.90149 0.023764 0.12073 
4755  0.093619 -0.98595 0.90149 0.030540 0.12132 
4756  0.075415 -1.0885 0.90540 -0.0095089 0.11488 
4757  0.093619 -0.98595 0.90149 0.023501 0.12026 
4758  0.079016 -1.0665 0.90508 -0.021990 0.11453 
4759  0.096419 -0.97180 0.89988 -0.049905 0.11245 
4760  0.094619 -0.98085 0.90094 -0.030844 0.11407 
4761  0.093419 -0.98697 0.90159 -0.030571 0.11405 
4762  0.085417 -1.0297 0.90419 0.015403 0.11882 
4763  0.092218 -0.99316 0.90215 0.016281 0.11905 
4764  0.097419 -0.96684 0.89922 0.020801 0.11974 
4765  0.098020 -0.96388 0.89883 0.021946 0.12049 
4766  0.092418 -0.99213 0.90206 0.027965 0.12070 
4767  0.097419 -0.96684 0.89922 -0.023529 0.11493 
4768  0.090418 -1.0026 0.90283 0.022300 0.12000 
4769  0.094419 -0.98187 0.90108 0.015714 0.11940 
4770  0.090818 -1.0005 0.90271 -0.011607 0.11620 
4771  0.10142 -0.94743 0.89618 0.036563 0.12196 
4772  0.091418 -0.99733 0.90247 -0.010730 0.11638 
4773  0.086817 -1.0220 0.90389 -0.039471 0.11290 
4774  0.10022 -0.95318 0.89722 0.033661 0.12144 
4775  0.098820 -0.95997 0.89826 0.025977 0.12075 
4776  0.096619 -0.97081 0.89977 0.034388 0.12186 
4777  0.10082 -0.95030 0.89673 0.025244 0.12047 
4778  0.10342 -0.93798 0.89461 0.032949 0.12180 
4779  0.085017 -1.0319 0.90425 -0.013773 0.11505 
4780  0.096619 -0.97081 0.89977 0.029723 0.12104 
4781  0.10002 -0.95415 0.89736 0.021796 0.12044 
4782  0.083417 -1.0409 0.90447 -0.033463 0.11299 
4783  0.093819 -0.98493 0.90138 -0.042533 0.11252 
4784  0.096619 -0.97081 0.89977 0.020711 0.12002 
4785  0.092418 -0.99213 0.90206 0.022307 0.12002 
4786  0.10302 -0.93986 0.89492 0.027651 0.12117 
4787  0.098220 -0.96290 0.89868 0.027441 0.12071 
4788  0.077616 -1.0750 0.90520 -0.013055 0.11451 
4789  0.081416 -1.0524 0.90474 -0.027240 0.11340 
4790  0.085817 -1.0275 0.90410 -0.014989 0.11482 
4791  0.093019 -0.98903 0.90178 -0.017576 0.11540 
4792  0.089618 -1.0068 0.90310 0.029814 0.12076 
4793  0.092819 -0.99006 0.90187 -0.0020442 0.11743 
4794  0.090018 -1.0047 0.90299 -0.022733 0.11465 
4795  0.090818 -1.0005 0.90271 -0.012972 0.11563 
4796  0.094019 -0.98390 0.90128 0.042096 0.12215 
4797  0.10322 -0.93892 0.89479 0.034724 0.12228 
4798  0.096219 -0.97280 0.90004 0.041738 0.12243 
4799  0.092418 -0.99213 0.90206 0.024118 0.12064 
4800  0.095619 -0.97581 0.90038 0.023522 0.12025 
4801  0.093219 -0.98800 0.90169 -0.013202 0.11574 
4802  0.092218 -0.99316 0.90215 0.00047629 0.11715 
4803  0.095619 -0.97581 0.90038 0.030614 0.12086 
4804  0.10402 -0.93518 0.89414 -0.049374 0.11240 
4805  0.097019 -0.96882 0.89950 0.029134 0.12142 
4806  0.091618 -0.99629 0.90238 0.041240 0.12155 
4807  0.10762 -0.91865 0.89086 0.029804 0.12177 
4808  0.096219 -0.97280 0.90004 0.019067 0.11960 
4809  0.092018 -0.99420 0.90223 -0.0084589 0.11617 
4810  0.098820 -0.95997 0.89826 0.036031 0.12182 
4811  0.089418 -1.0079 0.90316 -0.025083 0.11414 
4812  0.095819 -0.97480 0.90026 0.0012127 0.11769 
4813  0.083017 -1.0432 0.90452 -0.022006 0.11459 
4814  0.097019 -0.96882 0.89950 0.027234 0.12097 
4815  0.090818 -1.0005 0.90271 0.019744 0.11983 
4816  0.10602 -0.92593 0.89211 0.030873 0.12235 
4817  0.096419 -0.97180 0.89988 -0.017341 0.11581 
4818  0.094419 -0.98187 0.90108 0.035083 0.12185 
4819  0.071214 -1.1153 0.90563 0.015994 0.11730 
4820  0.097019 -0.96882 0.89950 0.018762 0.11990 
4821  0.087818 -1.0165 0.90360 -0.046038 0.11232 
4822  0.098620 -0.96094 0.89838 -0.040043 0.11309 
4823  0.097820 -0.96487 0.89896 -0.032979 0.11420 
4824  0.092619 -0.99109 0.90196 -0.039000 0.11319 
4825  0.088618 -1.0122 0.90342 0.025850 0.12004 
4826  0.099820 -0.95511 0.89751 0.019847 0.12016 
4827  0.10502 -0.93054 0.89318 0.036558 0.12258 
4828  0.098020 -0.96388 0.89883 0.024545 0.12064 
4829  0.096819 -0.96981 0.89964 0.023862 0.12023 
4830  0.094619 -0.98085 0.90094 0.033629 0.12192 
4831  0.082617 -1.0455 0.90459 -0.0094087 0.11536 
4832  0.094019 -0.98390 0.90128 0.022188 0.12005 
4833  0.096419 -0.97180 0.89988 0.029582 0.12097 
4834  0.089618 -1.0068 0.90310 -0.031274 0.11370 
4835  0.092619 -0.99109 0.90196 -0.041245 0.11279 
4836  0.096619 -0.97081 0.89977 -0.043919 0.11253 
4837  0.099220 -0.95802 0.89798 -0.046887 0.11259 
4838  0.092018 -0.99420 0.90223 -0.044118 0.11245 
4839  0.084017 -1.0375 0.90439 -0.035326 0.11290 
4840  0.088618 -1.0122 0.90342 -0.037839 0.11290 
4841  0.099420 -0.95705 0.89783 -0.037109 0.11379 
4842  0.10462 -0.93239 0.89351 -0.047322 0.11260 
4843  0.089618 -1.0068 0.90310 -0.0099479 0.11597 
4844  0.095419 -0.97681 0.90050 -0.020070 0.11487 
4845  0.094819 -0.97984 0.90082 -0.011490 0.11635 
4846  0.094419 -0.98187 0.90108 0.021218 0.11998 
4847  0.097820 -0.96487 0.89896 0.032823 0.12179 
4848  0.084617 -1.0341 0.90431 -0.017120 0.11489 
4849  0.095619 -0.97581 0.90038 0.033781 0.12127 
4850  0.094019 -0.98390 0.90128 0.024516 0.12035 
4851  0.084017 -1.0375 0.90439 0.0042537 0.11669 
4852  0.096419 -0.97180 0.89988 0.023849 0.12018 
4853  0.10562 -0.92777 0.89256 0.023757 0.12097 
4854  0.091618 -0.99629 0.90238 0.017364 0.11944 
4855  0.081216 -1.0536 0.90477 0.022639 0.11851 
4856  0.099020 -0.95899 0.89813 0.029216 0.12059 
4857  0.077215 -1.0774 0.90525 0.023262 0.11863 
4858  0.096419 -0.97180 0.89988 -0.018816 0.11543 
4859  0.10462 -0.93239 0.89351 0.028612 0.12133 
4860  0.10062 -0.95126 0.89689 0.034920 0.12184 
4861  0.099020 -0.95899 0.89813 0.027539 0.12099 
4862  0.085417 -1.0297 0.90419 -0.041386 0.11264 
4863  0.10322 -0.93892 0.89479 0.038704 0.12275 
4864  0.094819 -0.97984 0.90082 0.029977 0.12123 
4865  0.10122 -0.94839 0.89640 0.031784 0.12162 
4866  0.099620 -0.95608 0.89766 0.031214 0.12128 
4867  0.096219 -0.97280 0.90004 0.019960 0.11995 
4868  0.096419 -0.97180 0.89988 -0.034501 0.11389 
4869  0.096819 -0.96981 0.89964 -0.035782 0.11356 
4870  0.097019 -0.96882 0.89950 -0.045733 0.11272 
4871  0.094019 -0.98390 0.90128 -0.034662 0.11361 
4872  0.10582 -0.92685 0.89234 -0.058276 0.11190 
4873  0.096419 -0.97180 0.89988 0.034744 0.12180 
4874  0.095419 -0.97681 0.90050 0.018990 0.11977 
4875  0.091818 -0.99524 0.90230 0.049648 0.12289 
4876  0.085617 -1.0286 0.90416 0.0090584 0.11731 
4877  0.091818 -0.99524 0.90230 0.016928 0.11937 
4878  0.086217 -1.0252 0.90401 -0.0018005 0.11676 
4879  0.10102 -0.94934 0.89659 0.028533 0.12132 
4880  0.086017 -1.0264 0.90407 -0.011489 0.11570 
4881  0.098220 -0.96290 0.89868 -0.0059047 0.11684 
4882  0.094619 -0.98085 0.90094 -0.042040 0.11303 
4883  0.081216 -1.0536 0.90477 -0.016061 0.11476 
4884  0.094819 -0.97984 0.90082 -0.034226 0.11368 
4885  0.10262 -0.94174 0.89525 0.036822 0.12212 
4886  0.10022 -0.95318 0.89722 0.027107 0.12095 
4887  0.094019 -0.98390 0.90128 -0.028955 0.11423 
4888  0.094219 -0.98289 0.90117 0.029060 0.12122 
4889  0.099020 -0.95899 0.89813 -0.038102 0.11314 
4890  0.098620 -0.96094 0.89838 -0.056147 0.11167 
4891  0.094019 -0.98390 0.90128 -0.049810 0.11222 
4892  0.10282 -0.94080 0.89508 0.026287 0.12125 
4893  0.080216 -1.0594 0.90492 -0.015296 0.11435 
4894  0.082617 -1.0455 0.90459 -0.018330 0.11459 
4895  0.091618 -0.99629 0.90238 -0.036882 0.11323 
4896  0.094619 -0.98085 0.90094 -0.025388 0.11428 
4897  0.099620 -0.95608 0.89766 -0.042604 0.11302 
4898  0.099820 -0.95511 0.89751 -0.045711 0.11257 
4899  0.095419 -0.97681 0.90050 -0.030907 0.11342 
4900  0.10462 -0.93239 0.89351 0.024346 0.12069 
4901  0.10082 -0.95030 0.89673 0.026709 0.12087 
4902  0.097219 -0.96783 0.89936 -0.0047943 0.11676 
4903  0.092018 -0.99420 0.90223 0.026634 0.12059 
4904  0.089818 -1.0058 0.90305 -0.039484 0.11307 
4905  0.098820 -0.95997 0.89826 0.025470 0.12069 
4906  0.091618 -0.99629 0.90238 -0.023666 0.11465 
4907  0.096819 -0.96981 0.89964 0.019841 0.11989 
4908  0.10002 -0.95415 0.89736 0.024066 0.12075 
4909  0.10882 -0.91325 0.88980 0.045211 0.12358 
4910  0.093619 -0.98595 0.90149 0.017036 0.11916 
4911  0.099420 -0.95705 0.89783 0.035458 0.12224 
4912  0.097219 -0.96783 0.89936 0.024752 0.12063 
4913  0.092619 -0.99109 0.90196 -0.035329 0.11368 
4914  0.088618 -1.0122 0.90342 0.033278 0.12116 
4915  0.10042 -0.95222 0.89704 0.037266 0.12201 
4916  0.091018 -0.99943 0.90263 -0.017229 0.11523 
4917  0.089018 -1.0100 0.90328 -0.015450 0.11583 
4918  0.096619 -0.97081 0.89977 -0.041932 0.11311 
4919  0.089818 -1.0058 0.90305 0.020329 0.11951 
4920  0.099420 -0.95705 0.89783 0.021506 0.12048 
4921  0.091818 -0.99524 0.90230 -0.023336 0.11442 
4922  0.097419 -0.96684 0.89922 0.019311 0.11971 
4923  0.096819 -0.96981 0.89964 0.023406 0.12034 
4924  0.098020 -0.96388 0.89883 0.018941 0.11993 
4925  0.090618 -1.0015 0.90278 -0.031783 0.11354 
4926  0.092619 -0.99109 0.90196 -0.024257 0.11511 
4927  0.091418 -0.99733 0.90247 -0.034156 0.11320 
4928  0.095819 -0.97480 0.90026 -0.033141 0.11385 
4929  0.091418 -0.99733 0.90247 0.031689 0.12126 
4930  0.094419 -0.98187 0.90108 -0.023467 0.11463 
4931  0.091818 -0.99524 0.90230 0.023494 0.12054 
4932  0.10122 -0.94839 0.89640 0.021767 0.12032 
4933  0.10682 -0.92228 0.89154 0.023750 0.12045 
4934  0.095619 -0.97581 0.90038 0.033890 0.12202 
4935  0.10622 -0.92502 0.89195 0.038897 0.12287 
4936  0.098220 -0.96290 0.89868 -0.016570 0.11544 
4937  0.093619 -0.98595 0.90149 -0.049083 0.11240 
4938  0.088618 -1.0122 0.90342 -0.040832 0.11281 
4939  0.096219 -0.97280 0.90004 -0.052750 0.11221 
4940  0.10622 -0.92502 0.89195 -0.058925 0.11192 
4941  0.094219 -0.98289 0.90117 0.023817 0.12057 
4942  0.092619 -0.99109 0.90196 -0.046641 0.11247 
4943  0.10562 -0.92777 0.89256 -0.052204 0.11214 
4944  0.094619 -0.98085 0.90094 -0.049707 0.11196 
4945  0.10282 -0.94080 0.89508 0.029837 0.12155 
4946  0.085217 -1.0308 0.90422 -0.019186 0.11467 
4947  0.10682 -0.92228 0.89154 0.030951 0.12211 
4948  0.084417 -1.0353 0.90435 -0.035948 0.11315 
4949  0.10162 -0.94648 0.89603 0.032610 0.12187 
4950  0.086817 -1.0220 0.90389 -0.0056274 0.11608 
4951  0.096819 -0.96981 0.89964 -0.033556 0.11376 
4952  0.092418 -0.99213 0.90206 -0.035551 0.11340 
4953  0.089818 -1.0058 0.90305 0.025995 0.12004 
4954  0.10222 -0.94363 0.89555 0.025677 0.12048 
4955  0.086417 -1.0241 0.90397 -0.036784 0.11265 
4956  0.10202 -0.94458 0.89565 0.020797 0.11994 
4957  0.10122 -0.94839 0.89640 0.027707 0.12103 
4958  0.089218 -1.0090 0.90322 0.024793 0.12044 
4959  0.093619 -0.98595 0.90149 -0.0080045 0.11630 
4960  0.091018 -0.99943 0.90263 -0.018372 0.11523 
4961  0.097419 -0.96684 0.89922 0.024992 0.12053 
4962  0.083417 -1.0409 0.90447 -0.024481 0.11408 
4963  0.088418 -1.0133 0.90345 -0.021931 0.11449 
4964  0.10122 -0.94839 0.89640 0.038186 0.12233 
4965  0.093419 -0.98697 0.90159 0.041314 0.12239 
4966  0.10382 -0.93611 0.89430 0.024298 0.12097 
4967  0.093819 -0.98493 0.90138 0.028209 0.12052 
4968  0.093019 -0.98903 0.90178 -0.016054 0.11556 
4969  0.10262 -0.94174 0.89525 0.028850 0.12141 
4970  0.10122 -0.94839 0.89640 0.031342 0.12165 
4971  0.10322 -0.93892 0.89479 0.026120 0.12106 
4972  0.092418 -0.99213 0.90206 -0.032889 0.11360 
4973  0.093619 -0.98595 0.90149 -0.041005 0.11301 
4974  0.087818 -1.0165 0.90360 -0.040367 0.11259 
4975  0.097419 -0.96684 0.89922 0.029281 0.12105 
4976  0.069814 -1.1246 0.90568 0.0048320 0.11599 
4977  0.10122 -0.94839 0.89640 0.031744 0.12180 
4978  0.088818 -1.0111 0.90333 0.022499 0.12008 
4979  0.098020 -0.96388 0.89883 -0.049276 0.11254 
4980  0.087417 -1.0187 0.90369 -0.027613 0.11431 
4981  0.095819 -0.97480 0.90026 -0.016098 0.11585 
4982  0.073815 -1.0986 0.90550 0.021163 0.11800 
4983  0.080616 -1.0571 0.90486 0.038630 0.12044 
4984  0.091418 -0.99733 0.90247 -0.010555 0.11616 
4985  0.086217 -1.0252 0.90401 -0.024341 0.11404 
4986  0.10082 -0.95030 0.89673 -0.014139 0.11610 
4987  0.099020 -0.95899 0.89813 0.026992 0.12017 
4988  0.098620 -0.96094 0.89838 0.023985 0.11992 
4989  0.098820 -0.95997 0.89826 -0.048630 0.11243 
4990  0.092018 -0.99420 0.90223 -0.014653 0.11564 
4991  0.079416 -1.0642 0.90503 -0.018517 0.11429 
4992  0.096819 -0.96981 0.89964 -0.047061 0.11237 
4993  0.080216 -1.0594 0.90492 -0.023387 0.11392 
4994  0.093419 -0.98697 0.90159 -0.049905 0.11224 
4995  0.094419 -0.98187 0.90108 0.031226 0.12135 
4996  0.090618 -1.0015 0.90278 -0.033752 0.11352 
4997  0.10342 -0.93798 0.89461 0.034397 0.12181 
4998  0.085417 -1.0297 0.90419 -0.028671 0.11354 
4999  0.097820 -0.96487 0.89896 0.026743 0.12133 
5000  0.081016 -1.0547 0.90481 0.0050872 0.11662 
5001  0.10422 -0.93425 0.89394 0.032879 0.12200 
5002  0.093219 -0.98800 0.90169 0.028408 0.12104 
5003  0.096019 -0.97380 0.90014 0.033869 0.12215 
5004  0.095619 -0.97581 0.90038 -0.0058145 0.11696 
5005  0.088018 -1.0154 0.90355 -0.0094758 0.11595 
5006  0.095819 -0.97480 0.90026 0.014434 0.11925 
5007  0.093419 -0.98697 0.90159 -0.016307 0.11557 
5008  0.081816 -1.0501 0.90469 0.012397 0.11771 
5009  0.082416 -1.0466 0.90462 0.023630 0.11892 
5010  0.081416 -1.0524 0.90474 0.020782 0.11891 
5011  0.087017 -1.0209 0.90383 -0.014488 0.11553 
5012  0.092619 -0.99109 0.90196 0.013629 0.11900 
5013  0.10342 -0.93798 0.89461 0.030059 0.12179 
5014  0.096219 -0.97280 0.90004 0.025672 0.12031 
5015  0.093819 -0.98493 0.90138 0.030373 0.12104 
5016  0.10062 -0.95126 0.89689 0.027151 0.12096 
5017  0.097419 -0.96684 0.89922 0.034105 0.12175 
5018  0.093619 -0.98595 0.90149 -0.013955 0.11602 
5019  0.10962 -0.90968 0.88889 0.028730 0.12152 
5020  0.091818 -0.99524 0.90230 -0.0078142 0.11641 
5021  0.091618 -0.99629 0.90238 -0.0048570 0.11666 
5022  0.096619 -0.97081 0.89977 0.023515 0.12043 
5023  0.086217 -1.0252 0.90401 0.0061310 0.11758 
5024  0.10102 -0.94934 0.89659 0.026163 0.12102 
5025  0.097620 -0.96585 0.89911 0.026612 0.12104 
5026  0.10322 -0.93892 0.89479 0.026265 0.12111 
5027  0.091818 -0.99524 0.90230 0.019244 0.11929 
5028  0.096419 -0.97180 0.89988 0.028540 0.12090 
5029  0.10002 -0.95415 0.89736 0.029033 0.12141 
5030  0.088818 -1.0111 0.90333 0.027003 0.12092 
5031  0.094219 -0.98289 0.90117 0.042598 0.12244 
5032  0.10502 -0.93054 0.89318 0.026398 0.12131 
5033  0.095819 -0.97480 0.90026 0.026390 0.12074 
5034  0.10182 -0.94553 0.89586 0.035560 0.12212 
5035  0.098020 -0.96388 0.89883 -0.047268 0.11267 
5036  0.099420 -0.95705 0.89783 -0.049010 0.11233 
5037  0.094819 -0.97984 0.90082 0.032619 0.12118 
5038  0.096219 -0.97280 0.90004 -0.055287 0.11173 
5039  0.096419 -0.97180 0.89988 0.036385 0.12108 
5040  0.093419 -0.98697 0.90159 0.023861 0.12031 
5041  0.096019 -0.97380 0.90014 0.014735 0.11915 
5042  0.10102 -0.94934 0.89659 -0.010798 0.11661 
5043  0.091618 -0.99629 0.90238 0.018988 0.12008 
5044  0.099220 -0.95802 0.89798 0.034054 0.12167 
5045  0.094619 -0.98085 0.90094 -0.058539 0.11155 
5046  0.087017 -1.0209 0.90383 -0.025016 0.11426 
5047  0.093019 -0.98903 0.90178 -0.030733 0.11414 
5048  0.092418 -0.99213 0.90206 0.026454 0.12008 
5049  0.10422 -0.93425 0.89394 -0.052612 0.11204 
5050  0.092218 -0.99316 0.90215 -0.048579 0.11230 
5051  0.095619 -0.97581 0.90038 0.022941 0.11982 
5052  0.096819 -0.96981 0.89964 0.027998 0.12070 
5053  0.094019 -0.98390 0.90128 -0.036440 0.11392 
5054  0.086417 -1.0241 0.90397 0.012483 0.11852 
5055  0.098420 -0.96192 0.89852 -0.0068815 0.11696 
5056  0.099820 -0.95511 0.89751 -0.0094807 0.11644 
5057  0.096819 -0.96981 0.89964 0.027518 0.12089 
5058  0.094419 -0.98187 0.90108 0.022851 0.12046 
5059  0.096819 -0.96981 0.89964 0.025824 0.12044 
5060  0.099020 -0.95899 0.89813 0.028703 0.12118 
5061  0.10362 -0.93705 0.89452 0.020405 0.12027 
5062  0.093419 -0.98697 0.90159 0.027747 0.12077 
5063  0.098420 -0.96192 0.89852 0.027644 0.12103 
5064  0.097019 -0.96882 0.89950 0.029668 0.12138 
5065  0.096619 -0.97081 0.89977 0.028731 0.12123 
5066  0.094819 -0.97984 0.90082 -0.032601 0.11375 
5067  0.096619 -0.97081 0.89977 -0.048655 0.11269 
5068  0.091418 -0.99733 0.90247 -0.013039 0.11592 
5069  0.091818 -0.99524 0.90230 -0.044480 0.11271 
5070  0.094219 -0.98289 0.90117 -0.015604 0.11592 
5071  0.10082 -0.95030 0.89673 -0.049949 0.11222 
5072  0.087017 -1.0209 0.90383 -0.0057959 0.11615 
5073  0.099420 -0.95705 0.89783 0.021168 0.12023 
5074  0.097019 -0.96882 0.89950 -0.032767 0.11392 
5075  0.10162 -0.94648 0.89603 0.038724 0.12276 
5076  0.090618 -1.0015 0.90278 0.025262 0.12003 
5077  0.090618 -1.0015 0.90278 0.023506 0.11993 
5078  0.089818 -1.0058 0.90305 0.019808 0.11960 
5079  0.096619 -0.97081 0.89977 -0.040086 0.11299 
5080  0.10022 -0.95318 0.89722 -0.049650 0.11236 
5081  0.091418 -0.99733 0.90247 0.027894 0.12090 
5082  0.089618 -1.0068 0.90310 0.024324 0.12058 
5083  0.097019 -0.96882 0.89950 -0.057056 0.11138 
5084  0.10222 -0.94363 0.89555 -0.045374 0.11255 
5085  0.098020 -0.96388 0.89883 0.026968 0.12083 
5086  0.091618 -0.99629 0.90238 -0.015412 0.11517 
5087  0.087017 -1.0209 0.90383 -0.023225 0.11436 
5088  0.079816 -1.0618 0.90497 -0.026395 0.11382 
5089  0.094419 -0.98187 0.90108 -0.039507 0.11341 
5090  0.093019 -0.98903 0.90178 0.022489 0.11990 
5091  0.095219 -0.97782 0.90061 -0.040209 0.11324 
5092  0.083617 -1.0398 0.90445 -0.0048368 0.11622 
5093  0.096619 -0.97081 0.89977 -0.038833 0.11342 
5094  0.096219 -0.97280 0.90004 -0.046630 0.11287 
5095  0.078216 -1.0713 0.90517 -0.023304 0.11396 
5096  0.095419 -0.97681 0.90050 0.026860 0.12088 
5097  0.099820 -0.95511 0.89751 0.020002 0.11996 
5098  0.089818 -1.0058 0.90305 0.026373 0.12023 
5099  0.080616 -1.0571 0.90486 -0.011850 0.11532 
5100  0.096819 -0.96981 0.89964 -0.047668 0.11270 
5101  0.099220 -0.95802 0.89798 0.026270 0.12136 
5102  0.079216 -1.0653 0.90506 0.0016087 0.11624 
5103  0.073615 -1.0998 0.90552 0.0036286 0.11631 
5104  0.10002 -0.95415 0.89736 0.030575 0.12107 
5105  0.077015 -1.0786 0.90528 -0.023767 0.11370 
5106  0.080416 -1.0582 0.90490 -0.0018266 0.11621 
5107  0.10242 -0.94269 0.89538 -0.0084744 0.11736 
5108  0.081616 -1.0512 0.90472 0.0041885 0.11675 
5109  0.10262 -0.94174 0.89525 0.028435 0.12135 
5110  0.094819 -0.97984 0.90082 0.020722 0.12016 
5111  0.097019 -0.96882 0.89950 0.029532 0.12133 
5112  0.086017 -1.0264 0.90407 0.029472 0.12091 
5113  0.097019 -0.96882 0.89950 0.023809 0.12029 
5114  0.093819 -0.98493 0.90138 0.026302 0.12032 
5115  0.096219 -0.97280 0.90004 0.014651 0.11936 
5116  0.094819 -0.97984 0.90082 0.029263 0.12123 
5117  0.096819 -0.96981 0.89964 -0.022734 0.11533 
5118  0.081416 -1.0524 0.90474 -0.021231 0.11386 
5119  0.095819 -0.97480 0.90026 -0.036591 0.11365 
5120  0.097820 -0.96487 0.89896 0.030897 0.12180 
5121  0.098820 -0.95997 0.89826 0.024810 0.12021 
5122  0.079016 -1.0665 0.90508 0.0092451 0.11767 
5123  0.091418 -0.99733 0.90247 0.019521 0.11947 
5124  0.095819 -0.97480 0.90026 -0.035257 0.11352 
5125  0.087618 -1.0176 0.90364 0.0081371 0.11768 
5126  0.10222 -0.94363 0.89555 -0.036504 0.11372 
5127  0.092218 -0.99316 0.90215 0.0029848 0.11719 
5128  0.082416 -1.0466 0.90462 -0.017516 0.11459 
5129  0.093219 -0.98800 0.90169 -0.027542 0.11421 
5130  0.090618 -1.0015 0.90278 -0.041374 0.11260 
5131  0.098020 -0.96388 0.89883 -0.015168 0.11583 
5132  0.098220 -0.96290 0.89868 0.025174 0.12039 
5133  0.098420 -0.96192 0.89852 0.023222 0.12043 
5134  0.10322 -0.93892 0.89479 0.027747 0.12118 
5135  0.10042 -0.95222 0.89704 0.035129 0.12194 
5136  0.099020 -0.95899 0.89813 -0.044169 0.11292 
5137  0.089418 -1.0079 0.90316 0.039141 0.12142 
5138  0.099820 -0.95511 0.89751 0.030732 0.12168 
5139  0.090818 -1.0005 0.90271 -0.016848 0.11540 
5140  0.098420 -0.96192 0.89852 -0.013702 0.11629 
5141  0.086017 -1.0264 0.90407 -0.017141 0.11511 
5142  0.093019 -0.98903 0.90178 0.029197 0.12120 
5143  0.098420 -0.96192 0.89852 -0.022191 0.11485 
5144  0.091018 -0.99943 0.90263 0.027325 0.12072 
5145  0.089018 -1.0100 0.90328 -0.038608 0.11297 
5146  0.087417 -1.0187 0.90369 -0.027974 0.11343 
5147  0.098820 -0.95997 0.89826 0.027823 0.12112 
5148  0.096219 -0.97280 0.90004 0.023324 0.12031 
5149  0.095819 -0.97480 0.90026 0.040855 0.12187 
5150  0.096619 -0.97081 0.89977 -0.045624 0.11286 
5151  0.085617 -1.0286 0.90416 -0.029541 0.11341 
5152  0.089218 -1.0090 0.90322 -0.030154 0.11409 
5153  0.094019 -0.98390 0.90128 -0.035572 0.11352 
5154  0.083417 -1.0409 0.90447 0.026127 0.12003 
5155  0.084817 -1.0330 0.90427 0.026721 0.11934 
5156  0.10002 -0.95415 0.89736 -0.015764 0.11628 
5157  0.096819 -0.96981 0.89964 -0.025482 0.11494 
5158  0.10382 -0.93611 0.89430 0.031578 0.12168 
5159  0.098820 -0.95997 0.89826 -0.027537 0.11476 
5160  0.097820 -0.96487 0.89896 -0.0055064 0.11704 
5161  0.097419 -0.96684 0.89922 0.032387 0.12182 
5162  0.089018 -1.0100 0.90328 -0.037237 0.11317 
5163  0.092018 -0.99420 0.90223 0.032896 0.12143 
5164  0.10402 -0.93518 0.89414 0.044381 0.12356 
5165  0.091018 -0.99943 0.90263 -0.014494 0.11577 
5166  0.095019 -0.97883 0.90072 -0.023539 0.11506 
5167  0.10062 -0.95126 0.89689 0.035250 0.12242 
5168  0.095619 -0.97581 0.90038 -0.0024623 0.11669 
5169  0.080416 -1.0582 0.90490 0.010199 0.11722 
5170  0.091618 -0.99629 0.90238 0.024358 0.12047 
5171  0.078616 -1.0689 0.90512 0.0087866 0.11684 
5172  0.098420 -0.96192 0.89852 0.025269 0.12079 
5173  0.099620 -0.95608 0.89766 0.0016627 0.11777 
5174  0.092418 -0.99213 0.90206 0.029982 0.12110 
5175  0.091618 -0.99629 0.90238 -0.0067227 0.11642 
5176  0.099020 -0.95899 0.89813 -0.0087327 0.11641 
5177  0.091218 -0.99838 0.90255 0.018540 0.11952 
5178  0.094419 -0.98187 0.90108 -0.0019427 0.11767 
5179  0.092619 -0.99109 0.90196 -0.020603 0.11504 
5180  0.088218 -1.0143 0.90350 -0.025790 0.11357 
5181  0.083817 -1.0387 0.90442 -0.024818 0.11394 
5182  0.095819 -0.97480 0.90026 0.025640 0.12066 
5183  0.093219 -0.98800 0.90169 0.018829 0.11937 
5184  0.099220 -0.95802 0.89798 0.021561 0.12020 
5185  0.099420 -0.95705 0.89783 0.028036 0.12144 
5186  0.10002 -0.95415 0.89736 -0.041678 0.11294 
5187  0.096619 -0.97081 0.89977 -0.050051 0.11208 
5188  0.10242 -0.94269 0.89538 0.030136 0.12109 
5189  0.090418 -1.0026 0.90283 -0.041638 0.11314 
5190  0.091418 -0.99733 0.90247 0.027381 0.12069 
5191  0.098220 -0.96290 0.89868 -0.047520 0.11238 
5192  0.10022 -0.95318 0.89722 -0.035018 0.11404 
5193  0.10242 -0.94269 0.89538 -0.051639 0.11198 
5194  0.093019 -0.98903 0.90178 -0.031832 0.11349 
5195  0.097419 -0.96684 0.89922 -0.042359 0.11339 
5196  0.090218 -1.0036 0.90291 -0.019322 0.11517 
5197  0.10042 -0.95222 0.89704 0.031296 0.12132 
5198  0.093419 -0.98697 0.90159 0.032549 0.12099 
5199  0.098020 -0.96388 0.89883 0.031767 0.12174 
5200  0.086017 -1.0264 0.90407 -0.019403 0.11451 
5201  0.089818 -1.0058 0.90305 -0.042283 0.11265 
5202  0.078816 -1.0677 0.90511 -0.015615 0.11468 
5203  0.10062 -0.95126 0.89689 0.027747 0.12088 
5204  0.088618 -1.0122 0.90342 0.029863 0.12082 
5205  0.10142 -0.94743 0.89618 0.020485 0.12041 
5206  0.094219 -0.98289 0.90117 -0.034290 0.11380 
5207  0.085817 -1.0275 0.90410 -0.016224 0.11461 
5208  0.087017 -1.0209 0.90383 -0.019827 0.11480 
5209  0.093819 -0.98493 0.90138 -0.035207 0.11371 
5210  0.074015 -1.0973 0.90549 -0.0015456 0.11573 
5211  0.092819 -0.99006 0.90187 0.029426 0.12100 
5212  0.073415 -1.1011 0.90554 -0.014455 0.11419 
5213  0.075015 -1.0910 0.90543 -0.0031415 0.11531 
5214  0.078616 -1.0689 0.90512 0.0024734 0.11624 
5215  0.098020 -0.96388 0.89883 -0.038968 0.11316 
5216  0.079416 -1.0642 0.90503 0.030543 0.11935 
5217  0.093619 -0.98595 0.90149 -0.042000 0.11326 
5218  0.093019 -0.98903 0.90178 0.013240 0.11866 
5219  0.092418 -0.99213 0.90206 -0.018786 0.11545 
5220  0.095219 -0.97782 0.90061 -0.011058 0.11617 
5221  0.095819 -0.97480 0.90026 0.013140 0.11864 
5222  0.10002 -0.95415 0.89736 -0.042838 0.11328 
5223  0.10902 -0.91235 0.88950 -0.059675 0.11194 
5224  0.096219 -0.97280 0.90004 0.032790 0.12188 
5225  0.099420 -0.95705 0.89783 -0.010847 0.11656 
5226  0.099620 -0.95608 0.89766 0.020130 0.11999 
5227  0.097419 -0.96684 0.89922 0.026894 0.12075 
5228  0.091218 -0.99838 0.90255 -0.037176 0.11321 
5229  0.093619 -0.98595 0.90149 -0.028076 0.11434 
5230  0.10522 -0.92961 0.89299 0.035881 0.12207 
5231  0.095419 -0.97681 0.90050 -0.053979 0.11203 
5232  0.094619 -0.98085 0.90094 0.027735 0.12100 
5233  0.092619 -0.99109 0.90196 -0.016169 0.11558 
5234  0.086217 -1.0252 0.90401 -0.0060585 0.11548 
5235  0.097419 -0.96684 0.89922 -0.043533 0.11293 
5236  0.085617 -1.0286 0.90416 0.055408 0.12264 
5237  0.074215 -1.0960 0.90547 -0.0062605 0.11521 
5238  0.10102 -0.94934 0.89659 0.026105 0.12096 
5239  0.080016 -1.0606 0.90495 -0.016571 0.11444 
5240  0.090218 -1.0036 0.90291 -0.026001 0.11420 
5241  0.094819 -0.97984 0.90082 0.029797 0.12152 
5242  0.087217 -1.0198 0.90376 0.024171 0.12046 
5243  0.082617 -1.0455 0.90459 -0.0065584 0.11517 
5244  0.095219 -0.97782 0.90061 -0.041302 0.11266 
5245  0.10102 -0.94934 0.89659 -0.054151 0.11196 
5246  0.076415 -1.0823 0.90532 0.027034 0.11894 
5247  0.088418 -1.0133 0.90345 -0.021315 0.11472 
5248  0.096619 -0.97081 0.89977 0.035352 0.12182 
5249  0.087017 -1.0209 0.90383 0.033464 0.12102 
5250  0.097820 -0.96487 0.89896 -0.011918 0.11634 
5251  0.099220 -0.95802 0.89798 0.035968 0.12194 
5252  0.096019 -0.97380 0.90014 -0.039055 0.11331 
5253  0.092218 -0.99316 0.90215 -0.034648 0.11317 
5254  0.095819 -0.97480 0.90026 -0.048351 0.11254 
5255  0.090218 -1.0036 0.90291 0.015238 0.11940 
5256  0.095619 -0.97581 0.90038 -0.0067257 0.11677 
5257  0.099020 -0.95899 0.89813 0.025239 0.12062 
5258  0.10782 -0.91775 0.89075 0.028528 0.12115 
5259  0.087217 -1.0198 0.90376 -0.018620 0.11453 
5260  0.097019 -0.96882 0.89950 0.040766 0.12279 
5261  0.099820 -0.95511 0.89751 -0.015427 0.11616 
5262  0.10002 -0.95415 0.89736 0.033587 0.12216 
5263  0.092619 -0.99109 0.90196 -0.033566 0.11387 
5264  0.097219 -0.96783 0.89936 0.039485 0.12234 
5265  0.098420 -0.96192 0.89852 0.037323 0.12185 
5266  0.084617 -1.0341 0.90431 -0.018265 0.11467 
5267  0.088018 -1.0154 0.90355 -0.020277 0.11431 
5268  0.094419 -0.98187 0.90108 -0.0041199 0.11682 
5269  0.099020 -0.95899 0.89813 0.030994 0.12138 
5270  0.099220 -0.95802 0.89798 0.026587 0.12093 
5271  0.085417 -1.0297 0.90419 -0.015138 0.11506 
5272  0.085017 -1.0319 0.90425 -0.029113 0.11386 
5273  0.090218 -1.0036 0.90291 0.028117 0.12082 
5274  0.075815 -1.0860 0.90537 -0.011243 0.11451 
5275  0.082617 -1.0455 0.90459 -0.0070732 0.11628 
5276  0.090818 -1.0005 0.90271 -0.0065927 0.11667 
5277  0.089018 -1.0100 0.90328 0.025583 0.12030 
5278  0.10102 -0.94934 0.89659 0.022541 0.12049 
5279  0.10362 -0.93705 0.89452 0.031792 0.12173 
5280  0.096019 -0.97380 0.90014 0.031286 0.12159 
5281  0.10142 -0.94743 0.89618 0.026898 0.12096 
5282  0.097620 -0.96585 0.89911 0.046368 0.12300 
5283  0.093019 -0.98903 0.90178 0.025273 0.12017 
5284  0.10162 -0.94648 0.89603 0.028841 0.12140 
5285  0.094419 -0.98187 0.90108 -0.024898 0.11472 
5286  0.084417 -1.0353 0.90435 -0.0094500 0.11581 
5287  0.086017 -1.0264 0.90407 0.022429 0.11989 
5288  0.094019 -0.98390 0.90128 -0.0023763 0.11759 
5289  0.091018 -0.99943 0.90263 -0.024688 0.11453 
5290  0.10022 -0.95318 0.89722 0.021921 0.12048 
5291  0.091218 -0.99838 0.90255 -0.034189 0.11372 
5292  0.087818 -1.0165 0.90360 -0.032354 0.11354 
5293  0.073615 -1.0998 0.90552 0.014329 0.11718 
5294  0.098620 -0.96094 0.89838 0.022528 0.12023 
5295  0.096219 -0.97280 0.90004 0.032821 0.12136 
5296  0.096819 -0.96981 0.89964 0.034676 0.12154 
5297  0.095419 -0.97681 0.90050 0.034970 0.12186 
5298  0.099220 -0.95802 0.89798 0.039619 0.12235 
5299  0.097419 -0.96684 0.89922 0.017595 0.11938 
5300  0.099020 -0.95899 0.89813 0.030833 0.12168 
5301  0.098020 -0.96388 0.89883 0.026926 0.12119 
5302  0.10182 -0.94553 0.89586 0.028744 0.12131 
5303  0.093419 -0.98697 0.90159 0.027013 0.12081 
5304  0.095619 -0.97581 0.90038 -0.044979 0.11259 
5305  0.10362 -0.93705 0.89452 0.035202 0.12254 
5306  0.096619 -0.97081 0.89977 0.031372 0.12126 
5307  0.10202 -0.94458 0.89565 0.033477 0.12157 
5308  0.098820 -0.95997 0.89826 0.024012 0.12048 
5309  0.10802 -0.91684 0.89046 0.031853 0.12189 
5310  0.095819 -0.97480 0.90026 0.027798 0.12076 
5311  0.10562 -0.92777 0.89256 0.034695 0.12229 
5312  0.094619 -0.98085 0.90094 0.031611 0.12156 
5313  0.098020 -0.96388 0.89883 0.024786 0.12057 
5314  0.093219 -0.98800 0.90169 0.023320 0.11994 
5315  0.092418 -0.99213 0.90206 0.021613 0.11973 
5316  0.096219 -0.97280 0.90004 -0.048126 0.11241 
5317  0.10042 -0.95222 0.89704 0.031349 0.12174 
5318  0.096419 -0.97180 0.89988 0.031583 0.12152 
5319  0.10122 -0.94839 0.89640 0.028495 0.12117 
5320  0.096619 -0.97081 0.89977 0.023262 0.12037 
5321  0.099620 -0.95608 0.89766 0.030044 0.12165 
5322  0.094019 -0.98390 0.90128 -0.011669 0.11614 
5323  0.097419 -0.96684 0.89922 -0.035567 0.11376 
5324  0.087017 -1.0209 0.90383 -0.0080324 0.11639 
5325  0.088818 -1.0111 0.90333 -0.0056145 0.11635 
5326  0.097620 -0.96585 0.89911 -0.054139 0.11192 
5327  0.096419 -0.97180 0.89988 -0.012004 0.11623 
5328  0.097620 -0.96585 0.89911 -0.0037966 0.11714 
5329  0.086417 -1.0241 0.90397 -0.029026 0.11384 
5330  0.092418 -0.99213 0.90206 -0.024224 0.11462 
5331  0.094619 -0.98085 0.90094 0.027146 0.12095 
5332  0.10162 -0.94648 0.89603 0.028864 0.12140 
5333  0.088618 -1.0122 0.90342 -0.030235 0.11331 
5334  0.10042 -0.95222 0.89704 -0.045647 0.11276 
5335  0.097620 -0.96585 0.89911 0.022585 0.11978 
5336  0.090818 -1.0005 0.90271 -0.042749 0.11279 
5337  0.092819 -0.99006 0.90187 -0.038274 0.11356 
5338  0.097019 -0.96882 0.89950 0.019830 0.11992 
5339  0.098020 -0.96388 0.89883 0.026644 0.12070 
5340  0.10022 -0.95318 0.89722 0.031608 0.12155 
5341  0.091818 -0.99524 0.90230 0.022084 0.11970 
5342  0.090218 -1.0036 0.90291 -0.024316 0.11453 
5343  0.091818 -0.99524 0.90230 -0.053433 0.11192 
5344  0.10182 -0.94553 0.89586 -0.053025 0.11215 
5345  0.10582 -0.92685 0.89234 0.024568 0.12091 
5346  0.087217 -1.0198 0.90376 0.025676 0.11993 
5347  0.093419 -0.98697 0.90159 -0.038843 0.11298 
5348  0.10122 -0.94839 0.89640 0.023687 0.11987 
5349  0.098820 -0.95997 0.89826 -0.051413 0.11211 
5350  0.099620 -0.95608 0.89766 0.026368 0.12072 
5351  0.10822 -0.91594 0.89014 -0.054447 0.11191 
5352  0.10222 -0.94363 0.89555 0.028873 0.12137 
5353  0.091618 -0.99629 0.90238 -0.012965 0.11567 
5354  0.085017 -1.0319 0.90425 -0.023045 0.11484 
5355  0.091418 -0.99733 0.90247 0.036315 0.12222 
5356  0.10362 -0.93705 0.89452 0.033093 0.12181 
5357  0.091018 -0.99943 0.90263 -0.0099422 0.11635 
5358  0.10002 -0.95415 0.89736 0.034948 0.12219 
5359  0.099420 -0.95705 0.89783 0.021471 0.12045 
5360  0.085817 -1.0275 0.90410 0.0049715 0.11743 
5361  0.095219 -0.97782 0.90061 0.023239 0.12051 
5362  0.089218 -1.0090 0.90322 -0.00031822 0.11711 
5363  0.090218 -1.0036 0.90291 -0.021555 0.11513 
5364  0.093619 -0.98595 0.90149 -0.039346 0.11303 
5365  0.090818 -1.0005 0.90271 -0.019873 0.11542 
5366  0.10322 -0.93892 0.89479 0.029358 0.12141 
5367  0.095619 -0.97581 0.90038 0.032638 0.12166 
5368  0.094619 -0.98085 0.90094 0.026780 0.12066 
5369  0.099420 -0.95705 0.89783 0.029538 0.12159 
5370  0.090218 -1.0036 0.90291 0.021696 0.12020 
5371  0.092418 -0.99213 0.90206 0.024151 0.11974 
5372  0.10082 -0.95030 0.89673 -0.036730 0.11403 
5373  0.10022 -0.95318 0.89722 0.029026 0.12109 
5374  0.10542 -0.92869 0.89284 0.027732 0.12139 
5375  0.10542 -0.92869 0.89284 0.031896 0.12186 
5376  0.10502 -0.93054 0.89318 0.031815 0.12154 
5377  0.096819 -0.96981 0.89964 0.028914 0.12096 
5378  0.098420 -0.96192 0.89852 0.030755 0.12161 
5379  0.10022 -0.95318 0.89722 0.029936 0.12148 
5380  0.098620 -0.96094 0.89838 0.030168 0.12142 
5381  0.10122 -0.94839 0.89640 0.031572 0.12201 
5382  0.10362 -0.93705 0.89452 -0.048952 0.11256 
5383  0.10422 -0.93425 0.89394 -0.049963 0.11244 
5384  0.092018 -0.99420 0.90223 -0.044516 0.11278 
5385  0.094419 -0.98187 0.90108 0.047581 0.12277 
5386  0.089018 -1.0100 0.90328 0.0069221 0.11748 
5387  0.098220 -0.96290 0.89868 0.027527 0.12082 
5388  0.099420 -0.95705 0.89783 0.026639 0.12086 
5389  0.063813 -1.1665 0.90576 0.0051572 0.11595 
5390  0.093619 -0.98595 0.90149 -0.015125 0.11566 
5391  0.071814 -1.1114 0.90560 0.020492 0.11788 
5392  0.10062 -0.95126 0.89689 0.034974 0.12196 
5393  0.10142 -0.94743 0.89618 0.031746 0.12147 
5394  0.082416 -1.0466 0.90462 -0.015833 0.11475 
5395  0.085217 -1.0308 0.90422 -0.0046696 0.11610 
5396  0.096619 -0.97081 0.89977 0.017077 0.11944 
5397  0.095619 -0.97581 0.90038 -0.0085141 0.11648 
5398  0.088618 -1.0122 0.90342 0.033800 0.12138 
5399  0.095419 -0.97681 0.90050 -0.0045968 0.11709 
5400  0.092619 -0.99109 0.90196 -0.0030049 0.11745 
5401  0.094819 -0.97984 0.90082 -0.0041291 0.11701 
5402  0.097419 -0.96684 0.89922 0.038223 0.12227 
5403  0.097419 -0.96684 0.89922 0.025759 0.12063 
5404  0.082216 -1.0478 0.90464 0.0047153 0.11713 
5405  0.096219 -0.97280 0.90004 -0.013434 0.11586 
5406  0.097219 -0.96783 0.89936 -0.039891 0.11362 
5407  0.095619 -0.97581 0.90038 0.023088 0.12033 
5408  0.097219 -0.96783 0.89936 0.030507 0.12152 
5409  0.094419 -0.98187 0.90108 -0.035023 0.11356 
5410  0.098620 -0.96094 0.89838 0.015503 0.11941 
5411  0.10482 -0.93146 0.89338 -0.052581 0.11234 
5412  0.095819 -0.97480 0.90026 0.023272 0.12047 
5413  0.093819 -0.98493 0.90138 0.019449 0.11965 
5414  0.094419 -0.98187 0.90108 0.026811 0.12065 
5415  0.096419 -0.97180 0.89988 0.034035 0.12170 
5416  0.096019 -0.97380 0.90014 -0.052670 0.11212 
5417  0.10402 -0.93518 0.89414 0.032865 0.12180 
5418  0.095219 -0.97782 0.90061 0.041200 0.12194 
5419  0.087417 -1.0187 0.90369 -0.037289 0.11304 
5420  0.094219 -0.98289 0.90117 0.028050 0.12093 
5421  0.10122 -0.94839 0.89640 0.027285 0.12100 
5422  0.10082 -0.95030 0.89673 -0.050166 0.11223 
5423  0.095219 -0.97782 0.90061 -0.052161 0.11221 
5424  0.098820 -0.95997 0.89826 0.025113 0.12047 
5425  0.10602 -0.92593 0.89211 0.036738 0.12250 
5426  0.094419 -0.98187 0.90108 0.026903 0.12123 
