    prob  log10(PO)   qval  alpha  fst
1  0.0690138 -1.13001 0.907935 -0.027215 0.042067 
2  0.090418 -1.0026 0.89793 0.0097080 0.044659 
3  0.077816 -1.0738 0.90624 -0.027850 0.042107 
4  0.074015 -1.0973 0.90716 -0.0025410 0.043194 
5  0.11762 -0.87516 0.79897 0.080281 0.049097 
6  0.10722 -0.92046 0.84688 0.055539 0.047663 
7  0.082216 -1.0478 0.90439 -0.029865 0.042287 
8  0.092018 -0.99420 0.89575 -0.036210 0.042173 
9  0.080016 -1.0606 0.90530 -0.027898 0.042305 
10  0.082016 -1.0489 0.90446 -0.025305 0.042647 
11  0.081816 -1.0501 0.90456 -0.027947 0.042200 
12  0.082617 -1.0455 0.90419 -0.032936 0.042054 
13  0.069614 -1.1260 0.90788 -0.016596 0.042608 
14  0.098420 -0.96192 0.88015 -0.051648 0.041829 
15  0.089018 -1.0100 0.89950 0.0018214 0.043964 
16  0.077616 -1.0750 0.90628 0.0028408 0.043563 
17  0.087618 -1.0176 0.90086 -0.026484 0.042594 
18  0.081016 -1.0547 0.90490 -0.013946 0.042886 
19  0.080816 -1.0559 0.90500 -0.017574 0.042890 
20  0.086817 -1.0220 0.90161 0.026470 0.045222 
21  0.091818 -0.99524 0.89609 -0.0068808 0.043700 
22  0.095819 -0.97480 0.88778 -0.0052875 0.044021 
23  0.10002 -0.95415 0.87487 0.059170 0.046909 
24  0.085017 -1.0319 0.90286 0.0025091 0.044248 
25  0.087618 -1.0176 0.90086 0.018661 0.044974 
26  0.093819 -0.98493 0.89259 -0.018224 0.043190 
27  0.095019 -0.97883 0.88978 0.00011252 0.044262 
28  0.084217 -1.0364 0.90341 -0.056542 0.041352 
29  0.086017 -1.0264 0.90215 -0.0011026 0.043894 
30  0.082216 -1.0478 0.90439 -0.023130 0.042590 
31  0.083617 -1.0398 0.90375 -0.026907 0.042466 
32  0.091618 -0.99629 0.89636 -0.043086 0.041952 
33  0.098220 -0.96290 0.88065 0.031173 0.046125 
34  0.092018 -0.99420 0.89575 -0.0033834 0.043981 
35  0.078216 -1.0713 0.90604 -0.027174 0.042293 
36  0.085417 -1.0297 0.90260 0.0030043 0.044069 
37  0.086417 -1.0241 0.90191 -0.036777 0.042078 
38  0.093819 -0.98493 0.89259 -0.047283 0.041786 
39  0.096019 -0.97380 0.88720 0.023336 0.045576 
40  0.097419 -0.96684 0.88325 0.036664 0.046470 
41  0.083017 -1.0432 0.90401 -0.037397 0.041936 
42  0.096019 -0.97380 0.88720 0.027596 0.045532 
43  0.085617 -1.0286 0.90241 -0.039619 0.041907 
44  0.10302 -0.93986 0.86347 0.045111 0.046967 
45  0.089218 -1.0090 0.89929 -0.00088855 0.043851 
46  0.29346 -0.38159 0.49822 0.41444 0.078281 
47  0.087618 -1.0176 0.90086 0.018336 0.045287 
48  0.093619 -0.98595 0.89309 -0.063463 0.041340 
49  0.094619 -0.98085 0.89074 0.046988 0.047060 
50  0.085217 -1.0308 0.90273 -0.0099608 0.043514 
51  0.082416 -1.0466 0.90429 -0.0042378 0.043798 
52  0.079016 -1.0665 0.90571 -0.00074995 0.043416 
53  0.091418 -0.99733 0.89664 -0.00041227 0.044089 
54  0.072214 -1.1088 0.90754 0.0056423 0.043503 
55  0.091018 -0.99943 0.89718 0.0073374 0.044536 
56  0.090018 -1.0047 0.89838 0.010386 0.044751 
57  0.085817 -1.0275 0.90228 -0.012046 0.043252 
58  0.080216 -1.0594 0.90523 -0.024776 0.042485 
59  0.085217 -1.0308 0.90273 -0.033099 0.042203 
60  0.081816 -1.0501 0.90456 -0.014766 0.042867 
61  0.084017 -1.0375 0.90352 -0.0060996 0.043306 
62  0.078216 -1.0713 0.90604 0.0035280 0.043390 
63  0.081616 -1.0512 0.90464 0.032451 0.045553 
64  0.089618 -1.0068 0.89884 0.019779 0.045002 
65  0.095219 -0.97782 0.88932 0.015234 0.044980 
66  0.093819 -0.98493 0.89259 0.020228 0.045046 
67  0.090418 -1.0026 0.89793 0.018230 0.044957 
68  0.094819 -0.97984 0.89024 0.017497 0.045204 
69  0.081616 -1.0512 0.90464 -0.034887 0.042283 
70  0.089818 -1.0058 0.89861 0.022854 0.045349 
71  0.10782 -0.91775 0.84375 -0.081164 0.040830 
72  0.090018 -1.0047 0.89838 -0.0079526 0.043556 
73  0.093819 -0.98493 0.89259 0.043223 0.046007 
74  0.10682 -0.92228 0.84815 -0.081888 0.040921 
75  0.093819 -0.98493 0.89259 -0.011168 0.043464 
76  0.094419 -0.98187 0.89119 0.030982 0.045991 
77  0.099820 -0.95511 0.87553 -0.032839 0.042732 
78  0.085017 -1.0319 0.90286 -0.027999 0.042458 
79  0.096819 -0.96981 0.88496 0.028354 0.045510 
80  0.10462 -0.93239 0.85695 -0.060316 0.041622 
81  0.089418 -1.0079 0.89909 -0.032409 0.042695 
82  0.085617 -1.0286 0.90241 0.011480 0.044188 
83  0.087017 -1.0209 0.90142 -0.0057766 0.043554 
84  0.086417 -1.0241 0.90191 -0.0049975 0.043565 
85  0.094019 -0.98390 0.89218 -0.063729 0.041206 
86  0.079816 -1.0618 0.90536 -0.014416 0.042811 
87  0.089218 -1.0090 0.89929 -0.026122 0.042588 
88  0.098220 -0.96290 0.88065 0.019087 0.045479 
89  0.092018 -0.99420 0.89575 -0.00048593 0.044252 
90  0.092418 -0.99213 0.89511 0.012514 0.044721 
91  0.082416 -1.0466 0.90429 -0.034190 0.042263 
92  0.084017 -1.0375 0.90352 -0.0063170 0.043517 
93  0.087217 -1.0198 0.90121 0.014581 0.045052 
94  0.086417 -1.0241 0.90191 0.012855 0.044725 
95  0.097620 -0.96585 0.88260 -0.052437 0.041480 
96  0.089618 -1.0068 0.89884 -0.022390 0.042598 
97  0.095419 -0.97681 0.88876 0.010799 0.044673 
98  0.094219 -0.98289 0.89166 -0.029614 0.042906 
99  0.077215 -1.0774 0.90638 -0.027917 0.042354 
100  0.084417 -1.0353 0.90329 -0.014973 0.042928 
101  0.098820 -0.95997 0.87884 -0.061172 0.041411 
102  0.088418 -1.0133 0.90005 -0.037811 0.042045 
103  0.093219 -0.98800 0.89384 -0.029437 0.042887 
104  0.097820 -0.96487 0.88189 -0.063797 0.041214 
105  0.11222 -0.89822 0.82207 -0.084931 0.040692 
106  0.11282 -0.89561 0.81982 -0.081344 0.040910 
107  0.099620 -0.95608 0.87638 -0.073113 0.040973 
108  0.087818 -1.0165 0.90067 -0.0014621 0.043951 
109  0.10922 -0.91146 0.83831 -0.078074 0.040924 
110  0.087618 -1.0176 0.90086 -0.0051566 0.043838 
111  0.088218 -1.0143 0.90027 0.0075400 0.044468 
112  0.092218 -0.99316 0.89538 0.0080465 0.044630 
113  0.079816 -1.0618 0.90536 -0.035542 0.042010 
114  0.088218 -1.0143 0.90027 -0.0045213 0.043693 
115  0.065813 -1.1521 0.90814 3.5311e-05 0.043117 
116  0.091418 -0.99733 0.89664 0.022232 0.045245 
117  0.10742 -0.91956 0.84519 0.061254 0.048407 
118  0.063413 -1.1694 0.90823 -0.00033604 0.043037 
119  0.087017 -1.0209 0.90142 0.011254 0.044925 
120  0.096019 -0.97380 0.88720 0.037416 0.045938 
121  0.082016 -1.0489 0.90446 -0.011839 0.043138 
122  0.068014 -1.1368 0.90801 -0.0094703 0.042778 
123  0.076415 -1.0823 0.90662 -0.011093 0.042826 
124  0.082216 -1.0478 0.90439 -0.0069067 0.043174 
125  0.074415 -1.0948 0.90711 -0.010186 0.042887 
126  0.089618 -1.0068 0.89884 -0.0028590 0.043996 
127  0.079616 -1.0630 0.90545 -0.027873 0.042153 
128  0.10622 -0.92502 0.85039 0.060542 0.048228 
129  0.090218 -1.0036 0.89815 -0.056575 0.041551 
130  0.090818 -1.0005 0.89745 0.0058834 0.043901 
131  0.076015 -1.0848 0.90672 0.010060 0.043965 
132  0.11202 -0.89910 0.82315 0.068166 0.048636 
133  0.093019 -0.98903 0.89418 0.013408 0.044894 
134  0.10502 -0.93054 0.85562 0.070222 0.048982 
135  0.086417 -1.0241 0.90191 -0.017233 0.043020 
136  0.085617 -1.0286 0.90241 -0.016504 0.042762 
137  0.090418 -1.0026 0.89793 0.013941 0.044871 
138  0.081416 -1.0524 0.90474 -0.0032442 0.043485 
139  0.085017 -1.0319 0.90286 0.0088615 0.044601 
140  0.088418 -1.0133 0.90005 0.013511 0.044959 
141  0.085617 -1.0286 0.90241 -0.0012593 0.043750 
142  0.097820 -0.96487 0.88189 -0.076870 0.040917 
143  0.084617 -1.0341 0.90312 -0.038591 0.041867 
144  0.080616 -1.0571 0.90510 0.0044850 0.044163 
145  0.11642 -0.88020 0.80432 0.074688 0.049146 
146  0.098020 -0.96388 0.88148 -0.060413 0.041579 
147  0.094819 -0.97984 0.89024 0.034161 0.046038 
148  0.099020 -0.95899 0.87822 0.013412 0.045211 
149  0.074415 -1.0948 0.90711 -0.0064400 0.043018 
150  0.082817 -1.0443 0.90411 -0.026165 0.042367 
151  0.089618 -1.0068 0.89884 -0.00029824 0.044197 
152  0.065013 -1.1578 0.90816 -0.0077330 0.042788 
153  0.13863 -0.79334 0.74155 0.13548 0.055005 
154  0.090818 -1.0005 0.89745 0.016493 0.045136 
155  0.088018 -1.0154 0.90051 -0.030280 0.042496 
156  0.081216 -1.0536 0.90483 -0.0047623 0.043469 
157  0.098620 -0.96094 0.87954 -0.066563 0.041147 
158  0.074415 -1.0948 0.90711 -0.029782 0.042254 
159  0.085017 -1.0319 0.90286 0.0029822 0.044320 
160  0.079016 -1.0665 0.90571 -0.016598 0.042734 
161  0.097019 -0.96882 0.88435 -0.056595 0.041663 
162  0.090018 -1.0047 0.89838 -0.045103 0.041858 
163  0.083217 -1.0421 0.90394 -0.022106 0.042798 
164  0.089618 -1.0068 0.89884 -0.025080 0.043014 
165  0.079016 -1.0665 0.90571 -0.026988 0.042571 
166  0.099620 -0.95608 0.87638 -0.050362 0.041707 
167  0.088018 -1.0154 0.90051 -0.022653 0.042623 
168  0.087217 -1.0198 0.90121 -0.010206 0.043325 
169  0.16323 -0.70980 0.64476 0.16871 0.057150 
170  0.090818 -1.0005 0.89745 -0.054432 0.041471 
171  0.088618 -1.0122 0.89985 -0.0092764 0.043459 
172  0.082216 -1.0478 0.90439 -0.026623 0.042388 
173  0.091418 -0.99733 0.89664 0.049731 0.046996 
174  0.10322 -0.93892 0.86267 0.052582 0.047820 
175  0.10382 -0.93611 0.86015 0.051810 0.047170 
176  0.095819 -0.97480 0.88778 0.049006 0.046951 
177  0.093019 -0.98903 0.89418 0.0082406 0.044512 
178  0.10422 -0.93425 0.85871 0.050105 0.047306 
179  0.093019 -0.98903 0.89418 0.050896 0.046875 
180  0.095019 -0.97883 0.88978 0.054075 0.047242 
181  0.10962 -0.90968 0.83624 0.054808 0.048134 
182  0.097019 -0.96882 0.88435 -0.022142 0.043220 
183  0.093219 -0.98800 0.89384 0.015569 0.045072 
184  0.15543 -0.73510 0.65846 0.16474 0.056936 
185  0.10282 -0.94080 0.86431 0.038744 0.046038 
186  0.092819 -0.99006 0.89452 0.0078194 0.044597 
187  0.10042 -0.95222 0.87359 0.018891 0.045301 
188  0.088418 -1.0133 0.90005 -0.00069025 0.044152 
189  0.088218 -1.0143 0.90027 -0.028063 0.042681 
190  0.097219 -0.96783 0.88384 -0.043585 0.042075 
191  0.092418 -0.99213 0.89511 0.013813 0.044770 
192  0.093219 -0.98800 0.89384 0.0095463 0.044624 
193  0.099620 -0.95608 0.87638 0.011766 0.044989 
194  0.10122 -0.94839 0.87010 -0.074173 0.041040 
195  0.097820 -0.96487 0.88189 0.019468 0.045265 
196  0.098620 -0.96094 0.87954 0.051388 0.047261 
197  0.10342 -0.93798 0.86175 0.024695 0.045982 
198  0.10242 -0.94269 0.86568 0.040815 0.046541 
199  0.086817 -1.0220 0.90161 -0.022576 0.043028 
200  0.095219 -0.97782 0.88932 -0.055332 0.041684 
201  0.092619 -0.99109 0.89483 0.012433 0.045070 
202  0.081216 -1.0536 0.90483 -0.013451 0.042747 
203  0.089218 -1.0090 0.89929 0.0036493 0.044161 
204  0.092819 -0.99006 0.89452 -0.054884 0.041457 
205  0.088018 -1.0154 0.90051 -0.053042 0.041529 
206  0.093419 -0.98697 0.89339 0.015458 0.045330 
207  0.093019 -0.98903 0.89418 0.010814 0.044852 
208  0.093019 -0.98903 0.89418 -0.055748 0.041514 
209  0.097620 -0.96585 0.88260 0.012415 0.045012 
210  0.092018 -0.99420 0.89575 0.018918 0.045219 
211  0.090618 -1.0015 0.89767 -0.00068433 0.043857 
212  0.090618 -1.0015 0.89767 0.017579 0.045077 
213  0.087417 -1.0187 0.90103 0.0041714 0.044359 
214  0.092018 -0.99420 0.89575 0.0034039 0.044135 
215  0.089018 -1.0100 0.89950 0.010688 0.044527 
216  0.097419 -0.96684 0.88325 -0.072533 0.041026 
217  0.10442 -0.93332 0.85780 -0.072509 0.041081 
218  0.10422 -0.93425 0.85871 -0.074139 0.041032 
219  0.097620 -0.96585 0.88260 -0.071391 0.041042 
220  0.083217 -1.0421 0.90394 0.024630 0.044619 
221  0.082617 -1.0455 0.90419 0.020491 0.044448 
222  0.089018 -1.0100 0.89950 0.0020018 0.044464 
223  0.094419 -0.98187 0.89119 0.00074605 0.044112 
224  0.091218 -0.99838 0.89699 -0.0019514 0.043936 
225  0.086217 -1.0252 0.90201 -0.016790 0.043034 
226  0.094419 -0.98187 0.89119 0.030602 0.045899 
227  0.097419 -0.96684 0.88325 0.011952 0.044853 
228  0.096219 -0.97280 0.88654 0.019250 0.045213 
229  0.10322 -0.93892 0.86267 0.018167 0.045491 
230  0.072815 -1.1049 0.90740 0.00060997 0.043269 
231  0.071814 -1.1114 0.90761 0.0070625 0.043612 
232  0.085217 -1.0308 0.90273 -0.018544 0.042937 
233  0.085017 -1.0319 0.90286 0.00033282 0.043734 
234  0.076815 -1.0798 0.90651 0.0031587 0.043821 
235  0.11502 -0.88615 0.80759 0.073962 0.049238 
236  0.092418 -0.99213 0.89511 0.037889 0.046035 
237  0.078216 -1.0713 0.90604 0.031925 0.044752 
238  0.072815 -1.1049 0.90740 0.017674 0.043965 
239  0.068214 -1.1354 0.90800 0.018472 0.044019 
240  0.094619 -0.98085 0.89074 0.0025842 0.044318 
241  0.088618 -1.0122 0.89985 0.018350 0.045198 
242  0.079416 -1.0642 0.90550 -0.020152 0.042516 
243  0.091218 -0.99838 0.89699 -0.031191 0.042600 
244  0.062813 -1.1738 0.90824 -0.012027 0.042660 
245  0.090218 -1.0036 0.89815 -0.039105 0.042154 
246  0.090218 -1.0036 0.89815 0.0086400 0.044277 
247  0.090018 -1.0047 0.89838 -0.0030531 0.044030 
248  0.088818 -1.0111 0.89965 -0.033799 0.042391 
249  0.087417 -1.0187 0.90103 -0.0058023 0.043809 
250  0.099820 -0.95511 0.87553 0.051406 0.047142 
251  0.10882 -0.91325 0.84003 0.069642 0.049005 
252  0.10962 -0.90968 0.83624 0.075444 0.049481 
253  0.083817 -1.0387 0.90364 -0.021434 0.042684 
254  0.11922 -0.86850 0.79433 -0.10478 0.040229 
255  0.091218 -0.99838 0.89699 0.0097264 0.044806 
256  0.095219 -0.97782 0.88932 0.010005 0.044691 
257  0.079416 -1.0642 0.90550 -0.010010 0.042953 
258  0.11542 -0.88444 0.80653 -0.091736 0.040519 
259  0.092018 -0.99420 0.89575 0.014871 0.045097 
260  0.094619 -0.98085 0.89074 0.012303 0.045085 
261  0.072615 -1.1062 0.90744 -0.011362 0.042638 
262  0.095619 -0.97581 0.88820 0.0025325 0.044436 
263  0.081416 -1.0524 0.90474 -0.038708 0.042093 
264  0.13243 -0.81633 0.75488 0.10998 0.051909 
265  0.092819 -0.99006 0.89452 0.0072687 0.044511 
266  0.095819 -0.97480 0.88778 0.0020529 0.044350 
267  0.078216 -1.0713 0.90604 -0.026657 0.042285 
268  0.088418 -1.0133 0.90005 0.011473 0.044626 
269  0.085417 -1.0297 0.90260 -0.0095132 0.043393 
270  0.086417 -1.0241 0.90191 -0.015937 0.043026 
271  0.086017 -1.0264 0.90215 -0.028129 0.042370 
272  0.083417 -1.0409 0.90384 -0.012142 0.043108 
273  0.091218 -0.99838 0.89699 -0.0038632 0.043857 
274  0.090418 -1.0026 0.89793 -0.030236 0.042561 
275  0.086417 -1.0241 0.90191 -0.037035 0.042201 
276  0.089418 -1.0079 0.89909 -0.030166 0.042436 
277  0.085417 -1.0297 0.90260 0.0033804 0.044371 
278  0.096419 -0.97180 0.88606 -0.028873 0.042626 
279  0.090418 -1.0026 0.89793 -0.031806 0.042551 
280  0.087618 -1.0176 0.90086 -0.043350 0.041943 
281  0.080416 -1.0582 0.90516 0.024008 0.044631 
282  0.083417 -1.0409 0.90384 -0.039453 0.041982 
283  0.087017 -1.0209 0.90142 -0.041993 0.041929 
284  0.082416 -1.0466 0.90429 -0.039071 0.041861 
285  0.10362 -0.93705 0.86123 -0.027432 0.043134 
286  0.081616 -1.0512 0.90464 -0.013694 0.043133 
287  0.093419 -0.98697 0.89339 -0.054557 0.041538 
288  0.086417 -1.0241 0.90191 0.0016353 0.044314 
289  0.080616 -1.0571 0.90510 -0.025608 0.042289 
290  0.082416 -1.0466 0.90429 -0.0026607 0.043847 
291  0.077816 -1.0738 0.90624 -0.025386 0.042480 
292  0.080816 -1.0559 0.90500 -0.0081047 0.043380 
293  0.080816 -1.0559 0.90500 -0.025803 0.042462 
294  0.085617 -1.0286 0.90241 -0.0047750 0.043524 
295  0.081616 -1.0512 0.90464 -0.0062738 0.043570 
296  0.090018 -1.0047 0.89838 -0.0024721 0.043781 
297  0.087017 -1.0209 0.90142 -0.0096944 0.043330 
298  0.12382 -0.84978 0.77915 0.079592 0.049695 
299  0.10282 -0.94080 0.86431 0.049626 0.047485 
300  0.11322 -0.89388 0.81741 0.062154 0.048550 
301  0.092819 -0.99006 0.89452 0.025463 0.045659 
302  0.079216 -1.0653 0.90564 -0.0082010 0.043259 
303  0.091818 -0.99524 0.89609 0.018513 0.044949 
304  0.097219 -0.96783 0.88384 0.028562 0.045897 
305  0.087618 -1.0176 0.90086 -0.012040 0.043292 
306  0.10962 -0.90968 0.83624 0.067645 0.048872 
307  0.089818 -1.0058 0.89861 0.0088812 0.044311 
308  0.083017 -1.0432 0.90401 0.0064868 0.044260 
309  0.10862 -0.91415 0.84085 0.051667 0.047765 
310  0.079616 -1.0630 0.90545 -0.0046408 0.043469 
311  0.069814 -1.1246 0.90786 -0.016285 0.042526 
312  0.096619 -0.97081 0.88554 0.023617 0.045599 
313  0.091418 -0.99733 0.89664 -0.032870 0.042511 
314  0.096619 -0.97081 0.88554 0.021993 0.045562 
315  0.065213 -1.1564 0.90816 -0.021539 0.042280 
316  0.10202 -0.94458 0.86735 -0.055277 0.041687 
317  0.098620 -0.96094 0.87954 0.010351 0.045061 
318  0.094419 -0.98187 0.89119 -0.016240 0.043207 
319  0.084617 -1.0341 0.90312 -0.038623 0.041944 
320  0.084217 -1.0364 0.90341 -0.039054 0.041969 
321  0.086817 -1.0220 0.90161 0.024125 0.045163 
322  0.10222 -0.94363 0.86644 0.019016 0.045358 
323  0.084817 -1.0330 0.90299 0.020098 0.044659 
324  0.083817 -1.0387 0.90364 -0.027553 0.042597 
325  0.090618 -1.0015 0.89767 -0.0043772 0.044044 
326  0.10062 -0.95126 0.87279 -0.074375 0.040996 
327  0.086417 -1.0241 0.90191 -0.027799 0.042428 
328  0.088418 -1.0133 0.90005 -0.037329 0.041897 
329  0.087217 -1.0198 0.90121 -0.0025087 0.043705 
330  0.10062 -0.95126 0.87279 -0.022516 0.043395 
331  0.096619 -0.97081 0.88554 -0.030081 0.042738 
332  0.081416 -1.0524 0.90474 0.023154 0.044650 
333  0.091218 -0.99838 0.89699 -0.012254 0.043351 
334  0.089818 -1.0058 0.89861 0.035572 0.045841 
335  0.082416 -1.0466 0.90429 -0.034342 0.042078 
336  0.088818 -1.0111 0.89965 -0.042144 0.042028 
337  0.094219 -0.98289 0.89166 0.00019354 0.044149 
338  0.093019 -0.98903 0.89418 -0.030092 0.042859 
339  0.083617 -1.0398 0.90375 -0.022472 0.042596 
340  0.10522 -0.92961 0.85469 -0.066525 0.041388 
341  0.081016 -1.0547 0.90490 -0.017625 0.042828 
342  0.083817 -1.0387 0.90364 0.0028413 0.044097 
343  0.092018 -0.99420 0.89575 -0.048751 0.041708 
344  0.092819 -0.99006 0.89452 0.0022692 0.044203 
345  0.072414 -1.1075 0.90749 -0.025735 0.042283 
346  0.091418 -0.99733 0.89664 -0.050198 0.041750 
347  0.077415 -1.0762 0.90633 0.0023686 0.043533 
348  0.081016 -1.0547 0.90490 -0.037547 0.041908 
349  0.079616 -1.0630 0.90545 0.0076883 0.043849 
350  0.095619 -0.97581 0.88820 -0.048730 0.041700 
351  0.098220 -0.96290 0.88065 0.063511 0.048307 
352  0.098620 -0.96094 0.87954 -0.062214 0.041298 
353  0.083417 -1.0409 0.90384 -0.00075949 0.043805 
354  0.068014 -1.1368 0.90801 0.010176 0.043622 
355  0.098420 -0.96192 0.88015 0.010006 0.044972 
356  0.091418 -0.99733 0.89664 -0.012659 0.043422 
357  0.088018 -1.0154 0.90051 -5.1880e-05 0.044056 
358  0.092018 -0.99420 0.89575 -0.0017123 0.044095 
359  0.10962 -0.90968 0.83624 0.075657 0.049152 
360  0.087618 -1.0176 0.90086 0.0063500 0.044306 
361  0.13263 -0.81558 0.75213 0.11597 0.052916 
362  0.089618 -1.0068 0.89884 -0.035900 0.042272 
363  0.070014 -1.1233 0.90784 -0.029706 0.042047 
364  0.084417 -1.0353 0.90329 -0.034963 0.042133 
365  0.090018 -1.0047 0.89838 0.028095 0.044944 
366  0.089418 -1.0079 0.89909 0.024713 0.044922 
367  0.079816 -1.0618 0.90536 0.0030136 0.043592 
368  0.081816 -1.0501 0.90456 -0.022161 0.042604 
369  0.095019 -0.97883 0.88978 0.0063965 0.044497 
370  0.064613 -1.1607 0.90818 0.00025803 0.043186 
371  0.094019 -0.98390 0.89218 0.014712 0.045278 
372  0.087417 -1.0187 0.90103 0.022514 0.044818 
373  0.10202 -0.94458 0.86735 0.010924 0.045219 
374  0.093619 -0.98595 0.89309 0.018339 0.045281 
375  0.10542 -0.92869 0.85384 0.051425 0.047322 
376  0.14543 -0.76910 0.71486 0.12862 0.051724 
377  0.094619 -0.98085 0.89074 -0.026085 0.043212 
378  0.090818 -1.0005 0.89745 0.019957 0.045241 
379  0.095219 -0.97782 0.88932 -0.0026939 0.044029 
380  0.085217 -1.0308 0.90273 0.0012889 0.044322 
381  0.15043 -0.75186 0.69699 0.13758 0.052410 
382  0.099020 -0.95899 0.87822 0.012141 0.045001 
383  0.093419 -0.98697 0.89339 0.025084 0.045564 
384  0.091818 -0.99524 0.89609 0.0048418 0.044301 
385  0.090418 -1.0026 0.89793 -0.023886 0.042842 
386  0.091618 -0.99629 0.89636 0.013715 0.045009 
387  0.092819 -0.99006 0.89452 0.0081164 0.044726 
388  0.099420 -0.95705 0.87694 -0.037413 0.042674 
389  0.094019 -0.98390 0.89218 -0.024831 0.043175 
390  0.084417 -1.0353 0.90329 0.012534 0.044857 
391  0.11882 -0.87016 0.79570 0.077689 0.049603 
392  0.091818 -0.99524 0.89609 0.030107 0.045731 
393  0.084817 -1.0330 0.90299 0.018831 0.044769 
394  0.10882 -0.91325 0.84003 0.080703 0.049443 
395  0.087217 -1.0198 0.90121 0.022353 0.045134 
396  0.091218 -0.99838 0.89699 -0.038095 0.042187 
397  0.095219 -0.97782 0.88932 0.026279 0.045699 
398  0.068414 -1.1341 0.90798 -0.015651 0.042594 
399  0.073215 -1.1024 0.90733 -0.017652 0.042672 
400  0.075415 -1.0885 0.90684 -0.017749 0.042669 
401  0.078616 -1.0689 0.90590 -0.018389 0.042719 
402  0.074015 -1.0973 0.90716 -0.013388 0.042778 
403  0.097019 -0.96882 0.88435 -0.024469 0.043015 
404  0.076015 -1.0848 0.90672 -0.019654 0.042559 
405  0.10042 -0.95222 0.87359 0.014550 0.045170 
406  0.10882 -0.91325 0.84003 0.088515 0.049903 
407  0.14403 -0.77401 0.72351 0.13868 0.054764 
408  0.096419 -0.97180 0.88606 0.018765 0.045376 
409  0.090618 -1.0015 0.89767 0.017574 0.045231 
410  0.089218 -1.0090 0.89929 0.0056107 0.044413 
411  0.093619 -0.98595 0.89309 0.0059607 0.044606 
412  0.095819 -0.97480 0.88778 -0.046181 0.042093 
413  0.10042 -0.95222 0.87359 -0.045990 0.042125 
414  0.084817 -1.0330 0.90299 -0.023132 0.042544 
415  0.084417 -1.0353 0.90329 -0.031034 0.042524 
416  0.086817 -1.0220 0.90161 -0.026649 0.042660 
417  0.090418 -1.0026 0.89793 0.030717 0.045222 
418  0.083617 -1.0398 0.90375 0.012797 0.044575 
419  0.088618 -1.0122 0.89985 -0.0024864 0.043939 
420  0.10222 -0.94363 0.86644 -0.073161 0.040992 
421  0.089418 -1.0079 0.89909 0.0049459 0.044132 
422  0.090218 -1.0036 0.89815 -0.032515 0.042408 
423  0.088218 -1.0143 0.90027 -0.0042899 0.044109 
424  0.087818 -1.0165 0.90067 -0.054522 0.041556 
425  0.096819 -0.96981 0.88496 -0.057163 0.041502 
426  0.094619 -0.98085 0.89074 -0.053650 0.041662 
427  0.082817 -1.0443 0.90411 -0.016093 0.042824 
428  0.093619 -0.98595 0.89309 0.037948 0.046172 
429  0.094219 -0.98289 0.89166 -0.034987 0.042450 
430  0.10742 -0.91956 0.84519 -0.050941 0.042122 
431  0.090818 -1.0005 0.89745 0.015976 0.044979 
432  0.10802 -0.91684 0.84282 0.077029 0.048441 
433  0.091618 -0.99629 0.89636 -0.0078808 0.043614 
434  0.083417 -1.0409 0.90384 -0.037522 0.042077 
435  0.085417 -1.0297 0.90260 -0.0096189 0.043614 
436  0.090018 -1.0047 0.89838 -0.042719 0.041921 
437  0.062212 -1.1782 0.90825 0.0035345 0.043115 
438  0.096619 -0.97081 0.88554 0.044921 0.046285 
439  0.082216 -1.0478 0.90439 0.012177 0.044119 
440  0.087017 -1.0209 0.90142 0.016426 0.044167 
441  0.090218 -1.0036 0.89815 0.018366 0.044951 
442  0.097419 -0.96684 0.88325 -6.8337e-05 0.044366 
443  0.081016 -1.0547 0.90490 -0.034759 0.042068 
444  0.090218 -1.0036 0.89815 -0.023011 0.042841 
445  0.079816 -1.0618 0.90536 -0.028194 0.042338 
446  0.090218 -1.0036 0.89815 0.012076 0.045006 
447  0.079016 -1.0665 0.90571 -0.032099 0.042204 
448  0.095019 -0.97883 0.88978 0.024668 0.045706 
449  0.086617 -1.0230 0.90174 -0.0029577 0.043713 
450  0.072615 -1.1062 0.90744 -0.0078356 0.043005 
451  0.077816 -1.0738 0.90624 -0.029650 0.042195 
452  0.073415 -1.1011 0.90728 -0.0066720 0.042992 
453  0.094819 -0.97984 0.89024 -0.031379 0.042764 
454  0.089618 -1.0068 0.89884 -0.025773 0.042700 
455  0.087017 -1.0209 0.90142 0.019813 0.045441 
456  0.093619 -0.98595 0.89309 0.022111 0.045491 
457  0.098420 -0.96192 0.88015 0.022206 0.045703 
458  0.11842 -0.87182 0.79703 0.072277 0.049097 
459  0.087417 -1.0187 0.90103 0.013014 0.044702 
460  0.095619 -0.97581 0.88820 0.022028 0.045281 
461  0.093019 -0.98903 0.89418 0.014442 0.045177 
462  0.092218 -0.99316 0.89538 0.014770 0.044863 
463  0.086817 -1.0220 0.90161 -0.042057 0.041915 
464  0.10382 -0.93611 0.86015 0.018083 0.045516 
465  0.095619 -0.97581 0.88820 0.012780 0.045050 
466  0.092619 -0.99109 0.89483 0.012879 0.045252 
467  0.098220 -0.96290 0.88065 0.013842 0.045141 
468  0.097820 -0.96487 0.88189 0.0068915 0.044659 
469  0.10162 -0.94648 0.86887 0.036941 0.046309 
470  0.087417 -1.0187 0.90103 0.026912 0.044705 
471  0.10062 -0.95126 0.87279 -0.073949 0.041037 
472  0.084417 -1.0353 0.90329 0.018913 0.044527 
473  0.077215 -1.0774 0.90638 -0.010126 0.042931 
474  0.083617 -1.0398 0.90375 0.010998 0.044193 
475  0.091418 -0.99733 0.89664 0.015438 0.044792 
476  0.088218 -1.0143 0.90027 -0.035501 0.042105 
477  0.091018 -0.99943 0.89718 -0.00074541 0.044117 
478  0.094019 -0.98390 0.89218 -0.048878 0.041913 
479  0.093419 -0.98697 0.89339 0.030413 0.045755 
480  0.090818 -1.0005 0.89745 0.0040859 0.044323 
481  0.088018 -1.0154 0.90051 0.021061 0.044661 
482  0.20844 -0.57950 0.58650 0.27548 0.067449 
483  0.098020 -0.96388 0.88148 0.016225 0.045398 
484  0.094619 -0.98085 0.89074 0.017440 0.045300 
485  0.097620 -0.96585 0.88260 -0.028794 0.042972 
486  0.081816 -1.0501 0.90456 -0.039960 0.041977 
487  0.083217 -1.0421 0.90394 -0.037042 0.041980 
488  0.082817 -1.0443 0.90411 -0.039325 0.041958 
489  0.091418 -0.99733 0.89664 -0.029028 0.042849 
490  0.10422 -0.93425 0.85871 -0.071635 0.041089 
491  0.089418 -1.0079 0.89909 -0.013863 0.043551 
492  0.093419 -0.98697 0.89339 0.022309 0.045361 
493  0.65893 0.28600 0.18096 0.96208 0.12064 
494  0.091218 -0.99838 0.89699 0.016253 0.045134 
495  0.086817 -1.0220 0.90161 0.016110 0.044917 
496  0.092218 -0.99316 0.89538 -0.044790 0.041987 
497  0.099620 -0.95608 0.87638 -0.071178 0.041071 
498  0.095019 -0.97883 0.88978 0.0018617 0.044200 
499  0.079216 -1.0653 0.90564 -0.026490 0.042225 
500  0.075215 -1.0897 0.90690 -0.028334 0.042048 
501  0.095019 -0.97883 0.88978 0.016384 0.045146 
502  0.072815 -1.1049 0.90740 -0.012523 0.042949 
503  0.089418 -1.0079 0.89909 -0.0050204 0.043751 
504  0.077215 -1.0774 0.90638 -0.024905 0.042354 
505  0.10382 -0.93611 0.86015 -0.078131 0.040995 
506  0.096419 -0.97180 0.88606 0.045337 0.047343 
507  0.089418 -1.0079 0.89909 0.017068 0.045195 
508  0.10062 -0.95126 0.87279 0.023883 0.045669 
509  0.096219 -0.97280 0.88654 0.016705 0.045174 
510  0.083817 -1.0387 0.90364 -0.023777 0.042540 
511  0.19904 -0.60467 0.59342 0.21061 0.059130 
512  0.076015 -1.0848 0.90672 -0.0026689 0.043363 
513  0.084617 -1.0341 0.90312 -0.022137 0.042737 
514  0.094219 -0.98289 0.89166 -0.0080677 0.043810 
515  0.084217 -1.0364 0.90341 -0.025728 0.042683 
516  0.083417 -1.0409 0.90384 0.011957 0.044468 
517  0.090618 -1.0015 0.89767 0.0084519 0.044623 
518  0.10662 -0.92319 0.84892 -0.079172 0.040972 
519  0.086617 -1.0230 0.90174 -0.0063616 0.043565 
520  0.085617 -1.0286 0.90241 0.033614 0.045139 
521  0.079016 -1.0665 0.90571 0.0011647 0.043455 
522  0.081616 -1.0512 0.90464 0.00037269 0.043533 
523  0.095419 -0.97681 0.88876 0.0023017 0.044303 
524  0.084617 -1.0341 0.90312 0.012080 0.044789 
525  0.095419 -0.97681 0.88876 0.010692 0.044972 
526  0.10062 -0.95126 0.87279 0.0061490 0.044656 
527  0.088618 -1.0122 0.89985 0.0073524 0.044389 
528  0.089418 -1.0079 0.89909 0.0053693 0.044159 
529  0.10782 -0.91775 0.84375 0.057784 0.047560 
530  0.090618 -1.0015 0.89767 -0.0016734 0.044124 
531  0.084817 -1.0330 0.90299 -0.0044698 0.043790 
532  0.075815 -1.0860 0.90676 -0.017476 0.042910 
533  0.078616 -1.0689 0.90590 -0.018692 0.042583 
534  0.085817 -1.0275 0.90228 0.0039583 0.044125 
535  0.097419 -0.96684 0.88325 0.0019211 0.044264 
536  0.084617 -1.0341 0.90312 -0.019133 0.042737 
537  0.086817 -1.0220 0.90161 -0.024004 0.042746 
538  0.092018 -0.99420 0.89575 -0.0057524 0.043776 
539  0.070614 -1.1193 0.90776 0.0052857 0.043439 
540  0.085817 -1.0275 0.90228 -0.018997 0.042925 
541  0.090618 -1.0015 0.89767 -0.034634 0.042341 
542  0.089618 -1.0068 0.89884 -0.032567 0.042285 
543  0.10522 -0.92961 0.85469 0.051882 0.047778 
544  0.094619 -0.98085 0.89074 0.026348 0.045391 
545  0.083017 -1.0432 0.90401 -0.024379 0.042501 
546  0.093219 -0.98800 0.89384 0.00082056 0.044258 
547  0.081216 -1.0536 0.90483 0.023153 0.044576 
548  0.088218 -1.0143 0.90027 0.030748 0.045605 
549  0.093219 -0.98800 0.89384 -0.052166 0.041684 
550  0.095619 -0.97581 0.88820 -0.051998 0.041804 
551  0.087618 -1.0176 0.90086 0.0048046 0.044054 
552  0.089418 -1.0079 0.89909 0.010308 0.044493 
553  0.093219 -0.98800 0.89384 -0.019861 0.043226 
554  0.079616 -1.0630 0.90545 -0.018984 0.042774 
555  0.075215 -1.0897 0.90690 -0.0085585 0.043096 
556  0.085617 -1.0286 0.90241 0.022560 0.044851 
557  0.090018 -1.0047 0.89838 0.021202 0.045268 
558  0.082817 -1.0443 0.90411 -0.016677 0.042975 
559  0.11282 -0.89561 0.81982 0.087343 0.049226 
560  0.086817 -1.0220 0.90161 -0.017517 0.042935 
561  0.091818 -0.99524 0.89609 0.016579 0.045364 
562  0.089618 -1.0068 0.89884 0.015830 0.045150 
563  0.099020 -0.95899 0.87822 0.019397 0.045234 
564  0.072815 -1.1049 0.90740 0.023780 0.044789 
565  0.10082 -0.95030 0.87180 -0.067664 0.041370 
566  0.091218 -0.99838 0.89699 0.0062304 0.044424 
567  0.091218 -0.99838 0.89699 0.0083305 0.044684 
568  0.095219 -0.97782 0.88932 0.0067244 0.044495 
569  0.097419 -0.96684 0.88325 0.0092316 0.044887 
570  0.088418 -1.0133 0.90005 -0.041018 0.041793 
571  0.088218 -1.0143 0.90027 0.017317 0.045211 
572  0.090418 -1.0026 0.89793 0.022107 0.045290 
573  0.096819 -0.96981 0.88496 -0.033452 0.042804 
574  0.089218 -1.0090 0.89929 -0.0049750 0.043594 
575  0.088818 -1.0111 0.89965 0.016276 0.045256 
576  0.087217 -1.0198 0.90121 -0.019604 0.042818 
577  0.071814 -1.1114 0.90761 0.00036714 0.043278 
578  0.080016 -1.0606 0.90530 0.016672 0.044656 
579  0.095019 -0.97883 0.88978 0.037365 0.046030 
580  0.10102 -0.94934 0.87115 0.047719 0.046909 
581  0.090818 -1.0005 0.89745 -0.040252 0.041990 
582  0.087417 -1.0187 0.90103 0.013817 0.044675 
583  0.10662 -0.92319 0.84892 0.060385 0.047578 
584  0.065613 -1.1535 0.90814 -0.0024598 0.042921 
585  0.10682 -0.92228 0.84815 -0.081909 0.040793 
586  0.097219 -0.96783 0.88384 0.0098213 0.045024 
587  0.083017 -1.0432 0.90401 -0.030604 0.042196 
588  0.10622 -0.92502 0.85039 -0.062603 0.041501 
589  0.092218 -0.99316 0.89538 0.024705 0.045060 
590  0.067213 -1.1423 0.90806 -0.0092763 0.042733 
591  0.060812 -1.1888 0.90828 -0.0062710 0.042802 
592  0.089818 -1.0058 0.89861 0.010447 0.044758 
593  0.081216 -1.0536 0.90483 -0.028897 0.042390 
594  0.086017 -1.0264 0.90215 -0.032165 0.042243 
595  0.079216 -1.0653 0.90564 -0.0023844 0.043453 
596  0.086417 -1.0241 0.90191 0.029234 0.045057 
597  0.086817 -1.0220 0.90161 0.012935 0.044448 
598  0.087417 -1.0187 0.90103 0.0063118 0.044147 
599  0.090218 -1.0036 0.89815 0.0084382 0.044309 
600  0.092619 -0.99109 0.89483 -0.056729 0.041526 
601  0.090218 -1.0036 0.89815 -0.0072117 0.043685 
602  0.091218 -0.99838 0.89699 0.021475 0.044837 
603  0.088818 -1.0111 0.89965 0.0065483 0.044460 
604  0.097019 -0.96882 0.88435 -0.029505 0.042596 
605  0.091418 -0.99733 0.89664 0.043912 0.045587 
606  0.084817 -1.0330 0.90299 -0.030570 0.042252 
607  0.086217 -1.0252 0.90201 -0.0064707 0.043437 
608  0.095419 -0.97681 0.88876 0.010722 0.044750 
609  0.083217 -1.0421 0.90394 0.037083 0.045427 
610  0.094019 -0.98390 0.89218 0.00097988 0.044193 
611  0.079416 -1.0642 0.90550 0.0068733 0.043601 
612  0.088018 -1.0154 0.90051 -0.020789 0.042954 
613  0.074615 -1.0935 0.90705 0.0019534 0.043264 
614  0.095219 -0.97782 0.88932 0.014150 0.045051 
615  0.093019 -0.98903 0.89418 -0.0040360 0.043956 
616  0.092418 -0.99213 0.89511 0.026793 0.045582 
617  0.075815 -1.0860 0.90676 -0.0091021 0.042913 
618  0.095819 -0.97480 0.88778 0.00018763 0.044228 
619  0.096019 -0.97380 0.88720 -0.0015015 0.044080 
620  0.073215 -1.1024 0.90733 -0.0033569 0.043092 
621  0.096419 -0.97180 0.88606 -0.0022441 0.044101 
622  0.087417 -1.0187 0.90103 0.0041434 0.044292 
623  0.10202 -0.94458 0.86735 -0.070338 0.041032 
624  0.10222 -0.94363 0.86644 -0.065432 0.041237 
625  0.094819 -0.97984 0.89024 -0.064136 0.041333 
626  0.091218 -0.99838 0.89699 -0.043422 0.041900 
627  0.10222 -0.94363 0.86644 0.012338 0.044809 
628  0.090218 -1.0036 0.89815 -0.047378 0.041793 
629  0.086017 -1.0264 0.90215 -0.034032 0.042327 
630  0.080816 -1.0559 0.90500 -0.025267 0.042294 
631  0.10462 -0.93239 0.85695 0.057716 0.048097 
632  0.073615 -1.0998 0.90724 -0.014775 0.042731 
633  0.079216 -1.0653 0.90564 -0.011095 0.043012 
634  0.093019 -0.98903 0.89418 0.0020787 0.044109 
635  0.080216 -1.0594 0.90523 -0.0035714 0.043273 
636  0.085617 -1.0286 0.90241 -0.010138 0.043265 
637  0.083217 -1.0421 0.90394 -0.0023839 0.043973 
638  0.073415 -1.1011 0.90728 -0.0070852 0.042887 
639  0.073215 -1.1024 0.90733 -0.00070948 0.043245 
640  0.079816 -1.0618 0.90536 -0.010393 0.043358 
641  0.089818 -1.0058 0.89861 -0.0086247 0.043743 
642  0.097019 -0.96882 0.88435 0.0084985 0.044856 
643  0.093219 -0.98800 0.89384 0.024952 0.045526 
644  0.076815 -1.0798 0.90651 0.0070440 0.043764 
645  0.085617 -1.0286 0.90241 -0.0027109 0.043736 
646  0.086817 -1.0220 0.90161 -0.039377 0.041921 
647  0.087417 -1.0187 0.90103 0.0079537 0.044225 
648  0.094619 -0.98085 0.89074 0.0097690 0.044880 
649  0.094019 -0.98390 0.89218 0.014409 0.045093 
650  0.073415 -1.1011 0.90728 -0.0063763 0.042903 
651  0.067614 -1.1396 0.90805 -0.010700 0.042970 
652  0.098020 -0.96388 0.88148 0.0072218 0.044810 
653  0.088818 -1.0111 0.89965 -0.0014747 0.043908 
654  0.083217 -1.0421 0.90394 0.022582 0.044668 
655  0.096819 -0.96981 0.88496 0.019645 0.045252 
656  0.10202 -0.94458 0.86735 -0.053667 0.041687 
657  0.099020 -0.95899 0.87822 0.062047 0.047714 
658  0.086817 -1.0220 0.90161 -0.030514 0.042357 
659  0.084817 -1.0330 0.90299 -0.011092 0.043081 
660  0.12583 -0.84183 0.77537 0.10837 0.050601 
661  0.089818 -1.0058 0.89861 0.0084389 0.044759 
662  0.088818 -1.0111 0.89965 0.014254 0.044764 
663  0.079816 -1.0618 0.90536 -0.023687 0.042266 
664  0.073815 -1.0986 0.90720 -0.024455 0.042306 
665  0.079616 -1.0630 0.90545 -0.010194 0.043189 
666  0.084017 -1.0375 0.90352 -0.0027477 0.043673 
667  0.090418 -1.0026 0.89793 -0.021488 0.042925 
668  0.072615 -1.1062 0.90744 -0.023353 0.042245 
669  0.084417 -1.0353 0.90329 0.0052813 0.044143 
670  0.088818 -1.0111 0.89965 0.0079839 0.044597 
671  0.088818 -1.0111 0.89965 0.040598 0.046513 
672  0.090618 -1.0015 0.89767 -0.0029965 0.043886 
673  0.10322 -0.93892 0.86267 0.039001 0.046700 
674  0.10102 -0.94934 0.87115 0.035705 0.046217 
675  0.092619 -0.99109 0.89483 0.0064661 0.044373 
676  0.093619 -0.98595 0.89309 -0.0035915 0.044060 
677  0.096019 -0.97380 0.88720 0.025289 0.045494 
678  0.097820 -0.96487 0.88189 0.0094224 0.044861 
679  0.089818 -1.0058 0.89861 0.014532 0.045053 
680  0.079816 -1.0618 0.90536 -0.010012 0.043017 
681  0.085417 -1.0297 0.90260 -0.029105 0.042345 
682  0.10642 -0.92410 0.84952 0.046008 0.047174 
683  0.10782 -0.91775 0.84375 -0.072303 0.041103 
684  0.091418 -0.99733 0.89664 0.012021 0.044895 
685  0.090618 -1.0015 0.89767 -0.055111 0.041481 
686  0.10862 -0.91415 0.84085 -0.085475 0.040812 
687  0.082416 -1.0466 0.90429 -0.019665 0.042779 
688  0.097219 -0.96783 0.88384 -0.057063 0.041553 
689  0.092619 -0.99109 0.89483 -0.0012677 0.043784 
690  0.094619 -0.98085 0.89074 -0.060244 0.041352 
691  0.091218 -0.99838 0.89699 0.024276 0.045399 
692  0.098020 -0.96388 0.88148 -0.053915 0.041624 
693  0.10322 -0.93892 0.86267 0.041406 0.046604 
694  0.065813 -1.1521 0.90814 -0.016451 0.042422 
695  0.10102 -0.94934 0.87115 -0.026057 0.042909 
696  0.078416 -1.0701 0.90597 -0.019241 0.042670 
697  0.071414 -1.1140 0.90767 -0.0014023 0.043114 
698  0.094419 -0.98187 0.89119 -0.059120 0.041560 
699  0.095619 -0.97581 0.88820 -0.0029617 0.044081 
700  0.099220 -0.95802 0.87752 -0.061514 0.041392 
701  0.073615 -1.0998 0.90724 -0.013797 0.042732 
702  0.078016 -1.0725 0.90614 -0.00053039 0.043458 
703  0.095819 -0.97480 0.88778 0.0087116 0.044652 
704  0.082216 -1.0478 0.90439 -0.031850 0.042403 
705  0.087217 -1.0198 0.90121 -0.021360 0.042790 
706  0.083217 -1.0421 0.90394 -0.026302 0.042508 
707  0.092619 -0.99109 0.89483 0.010856 0.044818 
708  0.090418 -1.0026 0.89793 0.0013711 0.044394 
709  0.095019 -0.97883 0.88978 0.0062059 0.044650 
710  0.080016 -1.0606 0.90530 -0.010299 0.043233 
711  0.090018 -1.0047 0.89838 0.0032756 0.044341 
712  0.098620 -0.96094 0.87954 -0.060301 0.041483 
713  0.10062 -0.95126 0.87279 0.017383 0.045583 
714  0.092619 -0.99109 0.89483 0.0090048 0.044694 
715  0.087017 -1.0209 0.90142 0.0050897 0.044469 
716  0.085017 -1.0319 0.90286 -0.020235 0.042614 
717  0.10182 -0.94553 0.86828 0.047412 0.046677 
718  0.081816 -1.0501 0.90456 -0.020758 0.042600 
719  0.082617 -1.0455 0.90419 -0.025581 0.042455 
720  0.079016 -1.0665 0.90571 -0.022956 0.042369 
721  0.080016 -1.0606 0.90530 -0.022713 0.042485 
722  0.091218 -0.99838 0.89699 0.0085025 0.044560 
723  0.089818 -1.0058 0.89861 0.014559 0.044734 
724  0.070614 -1.1193 0.90776 0.024499 0.044312 
725  0.077616 -1.0750 0.90628 0.029629 0.044629 
726  0.098020 -0.96388 0.88148 0.041385 0.046374 
727  0.083617 -1.0398 0.90375 -0.025816 0.042370 
728  0.088818 -1.0111 0.89965 -0.032758 0.042219 
729  0.084417 -1.0353 0.90329 -0.026159 0.042427 
730  0.097219 -0.96783 0.88384 0.060480 0.047634 
731  0.070814 -1.1180 0.90774 -0.0094591 0.042911 
732  0.078216 -1.0713 0.90604 -0.012179 0.042747 
733  0.075615 -1.0872 0.90681 0.0068580 0.043760 
734  0.065213 -1.1564 0.90816 0.0052472 0.043361 
735  0.090818 -1.0005 0.89745 -0.017040 0.043225 
736  0.086217 -1.0252 0.90201 0.0023831 0.043751 
737  0.095819 -0.97480 0.88778 0.016585 0.045251 
738  0.089418 -1.0079 0.89909 0.016864 0.044960 
739  0.090618 -1.0015 0.89767 0.011257 0.045026 
740  0.088618 -1.0122 0.89985 0.024084 0.045440 
741  0.091818 -0.99524 0.89609 0.013510 0.044861 
742  0.095819 -0.97480 0.88778 0.045092 0.045960 
743  0.081216 -1.0536 0.90483 -0.020671 0.042832 
744  0.10222 -0.94363 0.86644 0.052954 0.046461 
745  0.093619 -0.98595 0.89309 -0.0034669 0.043919 
746  0.092018 -0.99420 0.89575 -0.0066861 0.043647 
747  0.094619 -0.98085 0.89074 0.019865 0.045294 
748  0.088018 -1.0154 0.90051 -0.037431 0.042221 
749  0.095019 -0.97883 0.88978 0.011629 0.044928 
750  0.087818 -1.0165 0.90067 0.011329 0.045002 
751  0.096019 -0.97380 0.88720 0.036547 0.046429 
752  0.094619 -0.98085 0.89074 0.045947 0.046586 
753  0.095219 -0.97782 0.88932 0.015950 0.045235 
754  0.094619 -0.98085 0.89074 0.0092418 0.044806 
755  0.087217 -1.0198 0.90121 0.016393 0.045210 
756  0.090818 -1.0005 0.89745 -0.043583 0.042042 
757  0.084817 -1.0330 0.90299 0.020812 0.044664 
758  0.095019 -0.97883 0.88978 0.021131 0.045542 
759  0.097219 -0.96783 0.88384 -0.034352 0.042667 
760  0.096819 -0.96981 0.88496 0.016911 0.045340 
761  0.079416 -1.0642 0.90550 -0.0076615 0.043405 
762  0.15503 -0.73642 0.66270 0.14830 0.055056 
763  0.087017 -1.0209 0.90142 -0.029173 0.042255 
764  0.094019 -0.98390 0.89218 -0.011284 0.043778 
765  0.094219 -0.98289 0.89166 0.0028328 0.044474 
766  0.093019 -0.98903 0.89418 0.011405 0.044933 
767  0.082817 -1.0443 0.90411 -0.014400 0.042966 
768  0.098620 -0.96094 0.87954 0.011463 0.045169 
769  0.092619 -0.99109 0.89483 -0.051377 0.041629 
770  0.081016 -1.0547 0.90490 -0.045411 0.041702 
771  0.082416 -1.0466 0.90429 -0.016957 0.042961 
772  0.092619 -0.99109 0.89483 -0.053045 0.041478 
773  0.082817 -1.0443 0.90411 -0.038830 0.041970 
774  0.60012 0.17631 0.21744 0.85750 0.11112 
775  0.099220 -0.95802 0.87752 0.018891 0.045308 
776  0.094219 -0.98289 0.89166 0.017404 0.045265 
777  0.097219 -0.96783 0.88384 -0.00046782 0.044253 
778  0.39408 -0.18683 0.33693 0.53839 0.085240 
779  0.099820 -0.95511 0.87553 -0.036284 0.042535 
780  0.080216 -1.0594 0.90523 0.0047633 0.043675 
781  0.091018 -0.99943 0.89718 0.0099225 0.044573 
782  0.096419 -0.97180 0.88606 0.012680 0.044838 
783  0.085817 -1.0275 0.90228 0.0028874 0.043947 
784  0.090018 -1.0047 0.89838 -0.022460 0.042702 
785  0.088618 -1.0122 0.89985 -0.019807 0.042990 
786  0.094219 -0.98289 0.89166 -0.026231 0.042961 
787  0.095219 -0.97782 0.88932 -0.028834 0.042945 
788  0.095219 -0.97782 0.88932 -0.026584 0.043015 
789  0.099220 -0.95802 0.87752 -0.026874 0.043213 
790  0.092819 -0.99006 0.89452 -0.042757 0.042030 
791  0.092018 -0.99420 0.89575 0.0029258 0.044225 
792  0.092218 -0.99316 0.89538 -0.023645 0.042889 
793  0.50610 0.010599 0.27673 0.66629 0.094541 
794  0.092218 -0.99316 0.89538 0.013650 0.044949 
795  0.094019 -0.98390 0.89218 0.020908 0.045358 
796  0.089418 -1.0079 0.89909 -0.020012 0.042904 
797  0.085017 -1.0319 0.90286 0.0054373 0.044091 
798  0.071014 -1.1167 0.90773 0.0059893 0.043601 
799  0.085617 -1.0286 0.90241 -0.013327 0.043062 
800  0.10362 -0.93705 0.86123 0.016366 0.045318 
801  0.089418 -1.0079 0.89909 0.00037954 0.044053 
802  0.092018 -0.99420 0.89575 -0.0074806 0.043886 
803  0.094019 -0.98390 0.89218 -0.0029296 0.043863 
804  0.082216 -1.0478 0.90439 -0.016218 0.042821 
805  0.087217 -1.0198 0.90121 -0.0035327 0.043757 
806  0.095019 -0.97883 0.88978 0.032100 0.045747 
807  0.090618 -1.0015 0.89767 0.0028722 0.044107 
808  0.10102 -0.94934 0.87115 -0.023439 0.043272 
809  0.084017 -1.0375 0.90352 0.018322 0.044924 
810  0.085217 -1.0308 0.90273 0.023473 0.044953 
811  0.092418 -0.99213 0.89511 0.023118 0.045166 
812  0.084617 -1.0341 0.90312 -0.030303 0.042522 
813  0.096219 -0.97280 0.88654 0.014553 0.045134 
814  0.088818 -1.0111 0.89965 -0.0067971 0.043858 
815  0.086017 -1.0264 0.90215 0.011945 0.044038 
816  0.078216 -1.0713 0.90604 0.0094334 0.043928 
817  0.092218 -0.99316 0.89538 -0.042066 0.041965 
818  0.082817 -1.0443 0.90411 0.0091258 0.043845 
819  0.075215 -1.0897 0.90690 1.4920e-05 0.043418 
820  0.094419 -0.98187 0.89119 0.0053769 0.044463 
821  0.13023 -0.82471 0.76367 0.11537 0.052429 
822  0.10502 -0.93054 0.85562 0.044951 0.046941 
823  0.086017 -1.0264 0.90215 -0.011497 0.043143 
824  0.098420 -0.96192 0.88015 0.041237 0.045867 
825  0.079616 -1.0630 0.90545 -0.023134 0.042301 
826  0.085417 -1.0297 0.90260 -0.020577 0.042808 
827  0.082416 -1.0466 0.90429 -0.0029519 0.043846 
828  0.091818 -0.99524 0.89609 0.0050998 0.044097 
829  0.087017 -1.0209 0.90142 -0.041388 0.041836 
830  0.077015 -1.0786 0.90646 0.013214 0.044067 
831  0.099020 -0.95899 0.87822 0.016421 0.045371 
832  0.078816 -1.0677 0.90579 0.011092 0.044429 
833  0.091218 -0.99838 0.89699 0.0065728 0.044621 
834  0.088418 -1.0133 0.90005 0.015993 0.045104 
835  0.094419 -0.98187 0.89119 0.021761 0.045271 
836  0.091218 -0.99838 0.89699 -0.043239 0.042025 
837  0.092218 -0.99316 0.89538 -0.022640 0.043178 
838  0.086817 -1.0220 0.90161 0.0052852 0.043977 
839  0.072014 -1.1101 0.90756 -0.024920 0.042263 
840  0.094419 -0.98187 0.89119 0.010793 0.044733 
841  0.077616 -1.0750 0.90628 -0.023418 0.042451 
842  0.085817 -1.0275 0.90228 -0.0065313 0.043564 
843  0.090218 -1.0036 0.89815 -0.0025752 0.043768 
844  0.086817 -1.0220 0.90161 0.00086156 0.044221 
845  0.10042 -0.95222 0.87359 -0.054965 0.041808 
846  0.096219 -0.97280 0.88654 -0.031275 0.042774 
847  0.087017 -1.0209 0.90142 0.031819 0.045224 
848  0.088218 -1.0143 0.90027 -0.0045594 0.043707 
849  0.079016 -1.0665 0.90571 -0.0051037 0.043476 
850  0.074415 -1.0948 0.90711 -0.0038038 0.043435 
851  0.088018 -1.0154 0.90051 -0.0056324 0.043670 
852  0.10242 -0.94269 0.86568 0.046547 0.047334 
853  0.10542 -0.92869 0.85384 0.065194 0.047059 
854  0.092819 -0.99006 0.89452 0.018268 0.045057 
855  0.092218 -0.99316 0.89538 0.019410 0.045189 
856  0.095019 -0.97883 0.88978 0.013793 0.045020 
857  0.071414 -1.1140 0.90767 -0.018129 0.042488 
858  0.093819 -0.98493 0.89259 0.018402 0.045292 
859  0.091018 -0.99943 0.89718 0.018099 0.045407 
860  0.093419 -0.98697 0.89339 0.014178 0.044935 
861  0.10202 -0.94458 0.86735 -0.027200 0.043042 
862  0.097219 -0.96783 0.88384 0.022761 0.045347 
863  0.098220 -0.96290 0.88065 0.014296 0.045224 
864  0.086217 -1.0252 0.90201 -0.0030477 0.043627 
865  0.095019 -0.97883 0.88978 0.0057886 0.044669 
866  0.073615 -1.0998 0.90724 -0.026241 0.042353 
867  0.069414 -1.1273 0.90790 -0.010057 0.042800 
868  0.090418 -1.0026 0.89793 0.0080377 0.044602 
869  0.076415 -1.0823 0.90662 -0.025362 0.042344 
870  0.091218 -0.99838 0.89699 -0.016340 0.043385 
871  0.092418 -0.99213 0.89511 0.021483 0.045355 
872  0.087217 -1.0198 0.90121 0.0014586 0.043997 
873  0.090618 -1.0015 0.89767 0.014185 0.044912 
874  0.089418 -1.0079 0.89909 -0.0061378 0.043883 
875  0.093219 -0.98800 0.89384 -0.0023828 0.043880 
876  0.086817 -1.0220 0.90161 0.0076218 0.044413 
877  0.097419 -0.96684 0.88325 0.017009 0.044915 
878  0.089418 -1.0079 0.89909 0.042782 0.045795 
879  0.093219 -0.98800 0.89384 0.014922 0.045040 
880  0.091818 -0.99524 0.89609 0.011628 0.044848 
881  0.091418 -0.99733 0.89664 0.019302 0.045237 
882  0.094019 -0.98390 0.89218 0.015314 0.045034 
883  0.093619 -0.98595 0.89309 0.018282 0.045227 
884  0.094419 -0.98187 0.89119 0.025640 0.045360 
885  0.089818 -1.0058 0.89861 0.011421 0.044605 
886  0.089218 -1.0090 0.89929 0.019729 0.045006 
887  0.084617 -1.0341 0.90312 0.0066831 0.044519 
888  0.088018 -1.0154 0.90051 0.027548 0.045591 
889  0.095819 -0.97480 0.88778 0.012892 0.045048 
890  0.077415 -1.0762 0.90633 -0.018683 0.042692 
891  0.088218 -1.0143 0.90027 0.022030 0.045409 
892  0.090618 -1.0015 0.89767 0.0091382 0.044374 
893  0.094819 -0.97984 0.89024 -0.041167 0.042160 
894  0.084617 -1.0341 0.90312 -0.027208 0.042470 
895  0.078616 -1.0689 0.90590 0.020843 0.044549 
896  0.075215 -1.0897 0.90690 0.012577 0.044031 
897  0.094019 -0.98390 0.89218 -0.038931 0.042227 
898  0.083617 -1.0398 0.90375 0.00086012 0.043777 
899  0.094619 -0.98085 0.89074 -0.053055 0.041645 
900  0.093219 -0.98800 0.89384 -0.046500 0.041916 
901  0.10782 -0.91775 0.84375 0.066940 0.048031 
902  0.071814 -1.1114 0.90761 0.00047056 0.043365 
903  0.079616 -1.0630 0.90545 4.0341e-06 0.043695 
904  0.074815 -1.0922 0.90699 0.016910 0.044193 
905  0.081816 -1.0501 0.90456 0.028957 0.044736 
906  0.078616 -1.0689 0.90590 0.026560 0.044515 
907  0.079016 -1.0665 0.90571 0.018159 0.044200 
908  0.085417 -1.0297 0.90260 0.010275 0.044486 
909  0.089418 -1.0079 0.89909 0.037261 0.045766 
910  0.076415 -1.0823 0.90662 -0.017843 0.042654 
911  0.084417 -1.0353 0.90329 0.00013951 0.043625 
912  0.093219 -0.98800 0.89384 0.010172 0.044998 
913  0.091218 -0.99838 0.89699 0.0057791 0.044496 
914  0.089818 -1.0058 0.89861 0.013622 0.044907 
915  0.080816 -1.0559 0.90500 -0.010468 0.043140 
916  0.10582 -0.92685 0.85150 0.063295 0.048536 
917  0.079616 -1.0630 0.90545 0.0021590 0.043712 
918  0.099020 -0.95899 0.87822 0.032465 0.046161 
919  0.10342 -0.93798 0.86175 -0.032477 0.042798 
920  0.085217 -1.0308 0.90273 0.0080586 0.044207 
921  0.091618 -0.99629 0.89636 -0.0027864 0.044054 
922  0.077415 -1.0762 0.90633 -0.0067066 0.043233 
923  0.097419 -0.96684 0.88325 -0.023855 0.043092 
924  0.10142 -0.94743 0.86933 -0.031021 0.043048 
925  0.078016 -1.0725 0.90614 -0.024659 0.042321 
926  0.092619 -0.99109 0.89483 0.0038720 0.044391 
927  0.088218 -1.0143 0.90027 -0.033022 0.042345 
928  0.073415 -1.1011 0.90728 -0.026855 0.042177 
929  0.099620 -0.95608 0.87638 0.018355 0.045373 
930  0.090618 -1.0015 0.89767 0.016023 0.045000 
931  0.086617 -1.0230 0.90174 0.012541 0.044687 
932  0.095419 -0.97681 0.88876 0.013904 0.045047 
933  0.096219 -0.97280 0.88654 0.048903 0.047475 
934  0.093419 -0.98697 0.89339 -0.044075 0.041994 
935  0.096019 -0.97380 0.88720 0.0095036 0.044699 
936  0.081616 -1.0512 0.90464 -0.0010160 0.043725 
937  0.087818 -1.0165 0.90067 -0.040989 0.041904 
938  0.093419 -0.98697 0.89339 -0.030056 0.042925 
939  0.097820 -0.96487 0.88189 -0.060335 0.041409 
940  0.093619 -0.98595 0.89309 0.019912 0.045406 
941  0.078616 -1.0689 0.90590 0.0097735 0.044083 
942  0.097219 -0.96783 0.88384 0.010682 0.044922 
943  0.10382 -0.93611 0.86015 -0.068417 0.041443 
944  0.15403 -0.73975 0.66677 0.14322 0.054156 
945  0.10682 -0.92228 0.84815 0.041246 0.047114 
946  0.10042 -0.95222 0.87359 0.022127 0.045707 
947  0.087417 -1.0187 0.90103 0.0021966 0.044195 
948  0.091218 -0.99838 0.89699 0.014318 0.045035 
949  0.080816 -1.0559 0.90500 -0.017470 0.042824 
950  0.098620 -0.96094 0.87954 0.029221 0.045917 
951  0.10162 -0.94648 0.86887 0.055224 0.047901 
952  0.086417 -1.0241 0.90191 0.028513 0.044933 
953  0.090618 -1.0015 0.89767 0.016567 0.045134 
954  0.080016 -1.0606 0.90530 0.016096 0.044190 
955  0.070814 -1.1180 0.90774 0.0026105 0.043380 
956  0.079216 -1.0653 0.90564 -0.038457 0.041840 
957  0.076615 -1.0811 0.90658 -0.025295 0.042215 
958  0.086217 -1.0252 0.90201 -0.0024651 0.043963 
959  0.093019 -0.98903 0.89418 0.011707 0.044857 
960  0.090018 -1.0047 0.89838 0.012107 0.044636 
961  0.12963 -0.82701 0.76483 0.10039 0.051369 
962  0.095419 -0.97681 0.88876 0.011947 0.044785 
963  0.076815 -1.0798 0.90651 -0.0085925 0.042987 
964  0.092619 -0.99109 0.89483 0.012983 0.044901 
965  0.088018 -1.0154 0.90051 -0.049564 0.041575 
966  0.089418 -1.0079 0.89909 0.030095 0.045456 
967  0.095019 -0.97883 0.88978 -0.052632 0.041505 
968  0.087818 -1.0165 0.90067 -0.046847 0.041699 
969  0.11362 -0.89215 0.81349 0.058602 0.048538 
970  0.084617 -1.0341 0.90312 -0.0020999 0.043888 
971  0.086417 -1.0241 0.90191 -0.024139 0.042574 
972  0.095019 -0.97883 0.88978 0.0081140 0.044805 
973  0.083417 -1.0409 0.90384 0.0045305 0.044325 
974  0.096619 -0.97081 0.88554 0.0069754 0.044674 
975  0.084417 -1.0353 0.90329 -0.032504 0.042331 
976  0.10002 -0.95415 0.87487 0.0017797 0.044290 
977  0.085817 -1.0275 0.90228 -0.027085 0.042361 
978  0.084017 -1.0375 0.90352 0.023992 0.045015 
979  0.084617 -1.0341 0.90312 -0.026927 0.042402 
980  0.087017 -1.0209 0.90142 0.0032266 0.044186 
981  0.087618 -1.0176 0.90086 0.0029054 0.044307 
982  0.085417 -1.0297 0.90260 0.018589 0.044870 
983  0.088018 -1.0154 0.90051 0.024774 0.045036 
984  0.10082 -0.95030 0.87180 0.059456 0.047812 
985  0.078016 -1.0725 0.90614 0.0030869 0.043653 
986  0.093219 -0.98800 0.89384 0.013050 0.044843 
987  0.075615 -1.0872 0.90681 -0.014505 0.042866 
988  0.097620 -0.96585 0.88260 -0.0020830 0.044145 
989  0.096619 -0.97081 0.88554 -0.025722 0.042984 
990  0.085417 -1.0297 0.90260 -0.017848 0.042882 
991  0.083017 -1.0432 0.90401 -0.021620 0.042679 
992  0.078016 -1.0725 0.90614 -0.012334 0.043159 
993  0.10362 -0.93705 0.86123 -0.027530 0.043071 
994  0.090818 -1.0005 0.89745 -0.034809 0.042231 
995  0.082416 -1.0466 0.90429 -0.014795 0.042931 
996  0.090418 -1.0026 0.89793 -0.032229 0.042496 
997  0.098620 -0.96094 0.87954 -0.057408 0.041581 
998  0.093619 -0.98595 0.89309 0.014931 0.045011 
999  0.094619 -0.98085 0.89074 0.012720 0.044973 
1000  0.077415 -1.0762 0.90633 -0.0090035 0.043160 
1001  0.076015 -1.0848 0.90672 0.0049710 0.043649 
1002  0.087618 -1.0176 0.90086 0.012712 0.044723 
1003  0.090018 -1.0047 0.89838 -0.00037104 0.044056 
1004  0.089018 -1.0100 0.89950 0.025858 0.045699 
1005  0.087818 -1.0165 0.90067 -0.00079274 0.043927 
1006  0.10042 -0.95222 0.87359 0.048482 0.047274 
1007  0.098820 -0.95997 0.87884 0.011117 0.044926 
1008  0.073815 -1.0986 0.90720 -0.028415 0.042181 
1009  0.10882 -0.91325 0.84003 0.050841 0.047825 
1010  0.091818 -0.99524 0.89609 -0.012059 0.043479 
1011  0.072815 -1.1049 0.90740 -0.0046663 0.043226 
1012  0.087417 -1.0187 0.90103 -0.041715 0.041938 
1013  0.077215 -1.0774 0.90638 -0.0050395 0.043215 
1014  0.071214 -1.1153 0.90771 -2.9236e-05 0.043372 
1015  0.076415 -1.0823 0.90662 -0.00037828 0.043321 
1016  0.45049 -0.086290 0.30704 0.58633 0.087675 
1017  0.090218 -1.0036 0.89815 0.017784 0.045085 
1018  0.075615 -1.0872 0.90681 0.0012430 0.043461 
1019  0.079216 -1.0653 0.90564 -0.0067370 0.043122 
1020  0.086217 -1.0252 0.90201 -0.036067 0.042173 
1021  0.11082 -0.90436 0.82962 0.060190 0.048429 
1022  0.084017 -1.0375 0.90352 0.0056214 0.044205 
1023  0.092819 -0.99006 0.89452 -0.056409 0.041441 
1024  0.091818 -0.99524 0.89609 -0.053835 0.041538 
1025  0.096019 -0.97380 0.88720 -0.043137 0.042229 
1026  0.10242 -0.94269 0.86568 0.013652 0.045228 
1027  0.086217 -1.0252 0.90201 -0.019241 0.043077 
1028  0.10742 -0.91956 0.84519 0.050423 0.047409 
1029  0.097419 -0.96684 0.88325 -0.043836 0.042172 
1030  0.083217 -1.0421 0.90394 0.013724 0.044101 
1031  0.084217 -1.0364 0.90341 0.016640 0.044393 
1032  0.10602 -0.92593 0.85095 -0.068399 0.041176 
1033  0.12122 -0.86029 0.78687 0.088033 0.048519 
1034  0.091618 -0.99629 0.89636 0.053269 0.046685 
1035  0.084417 -1.0353 0.90329 0.016440 0.044807 
1036  0.083617 -1.0398 0.90375 0.00025451 0.044125 
1037  0.091018 -0.99943 0.89718 0.018377 0.044983 
1038  0.064613 -1.1607 0.90818 0.012853 0.043646 
1039  0.088018 -1.0154 0.90051 0.0024119 0.044418 
1040  0.067413 -1.1409 0.90806 -0.0064706 0.042797 
1041  0.090018 -1.0047 0.89838 -0.040470 0.041940 
1042  0.095819 -0.97480 0.88778 0.053931 0.047392 
1043  0.087618 -1.0176 0.90086 -0.052684 0.041564 
1044  0.088218 -1.0143 0.90027 -0.035442 0.042122 
1045  0.092018 -0.99420 0.89575 0.0091582 0.044643 
1046  0.099820 -0.95511 0.87553 -0.060541 0.041387 
1047  0.089018 -1.0100 0.89950 -0.0079658 0.043891 
1048  0.080616 -1.0571 0.90510 -0.040078 0.041803 
1049  0.070214 -1.1220 0.90782 -0.013843 0.042743 
1050  0.085417 -1.0297 0.90260 0.016807 0.044623 
1051  0.086417 -1.0241 0.90191 0.0055099 0.044627 
1052  0.073815 -1.0986 0.90720 -0.0036332 0.043408 
1053  0.10062 -0.95126 0.87279 -0.0027363 0.044094 
1054  0.10122 -0.94839 0.87010 -0.044210 0.041938 
1055  0.095419 -0.97681 0.88876 0.0013116 0.044326 
1056  0.092018 -0.99420 0.89575 0.00010328 0.044308 
1057  0.083417 -1.0409 0.90384 0.0026407 0.044280 
1058  0.088018 -1.0154 0.90051 0.010627 0.044485 
1059  0.096819 -0.96981 0.88496 -0.0010129 0.044137 
1060  0.091818 -0.99524 0.89609 0.00012137 0.044110 
1061  0.092018 -0.99420 0.89575 -0.0017042 0.044072 
1062  0.095819 -0.97480 0.88778 -0.056456 0.041625 
1063  0.078616 -1.0689 0.90590 0.012776 0.043961 
1064  0.098020 -0.96388 0.88148 -0.022672 0.043164 
1065  0.079216 -1.0653 0.90564 0.0023224 0.043653 
1066  0.094819 -0.97984 0.89024 -0.038351 0.042361 
1067  0.093619 -0.98595 0.89309 -0.049469 0.041923 
1068  0.086017 -1.0264 0.90215 -0.024661 0.042885 
1069  0.10722 -0.92046 0.84688 -0.073022 0.041105 
1070  0.079216 -1.0653 0.90564 0.013210 0.044119 
1071  0.084217 -1.0364 0.90341 -0.029569 0.042373 
1072  0.091818 -0.99524 0.89609 -0.055460 0.041630 
1073  0.094019 -0.98390 0.89218 -0.0027160 0.044113 
1074  0.093619 -0.98595 0.89309 -0.027199 0.042922 
1075  0.094419 -0.98187 0.89119 0.016232 0.045286 
1076  0.090618 -1.0015 0.89767 0.013412 0.044896 
1077  0.084817 -1.0330 0.90299 0.0076642 0.044522 
1078  0.096419 -0.97180 0.88606 -0.00059919 0.044160 
1079  0.088218 -1.0143 0.90027 -0.0076711 0.043234 
1080  0.086817 -1.0220 0.90161 -0.030343 0.042480 
1081  0.086417 -1.0241 0.90191 0.0038043 0.044148 
1082  0.12222 -0.85623 0.78357 0.089554 0.049181 
1083  0.12903 -0.82933 0.76817 0.094545 0.049633 
1084  0.098420 -0.96192 0.88015 -0.048235 0.042140 
1085  0.077415 -1.0762 0.90633 -0.0086197 0.043191 
1086  0.094819 -0.97984 0.89024 -0.027371 0.042933 
1087  0.079816 -1.0618 0.90536 0.0012147 0.043757 
1088  0.080416 -1.0582 0.90516 0.0038593 0.043542 
1089  0.093219 -0.98800 0.89384 0.0055152 0.044567 
1090  0.092418 -0.99213 0.89511 -0.041940 0.042225 
1091  0.082016 -1.0489 0.90446 0.012972 0.044434 
1092  0.073815 -1.0986 0.90720 0.017479 0.044362 
1093  0.081616 -1.0512 0.90464 0.016459 0.044632 
1094  0.088418 -1.0133 0.90005 0.00098410 0.044050 
1095  0.096219 -0.97280 0.88654 0.0096007 0.044909 
1096  0.096019 -0.97380 0.88720 -0.0069570 0.043915 
1097  0.088618 -1.0122 0.89985 0.0078302 0.044710 
1098  0.088818 -1.0111 0.89965 0.0027170 0.044246 
1099  0.10922 -0.91146 0.83831 0.058868 0.047673 
1100  0.11102 -0.90348 0.82781 0.058928 0.047587 
1101  0.083417 -1.0409 0.90384 -0.0026165 0.043597 
1102  0.11002 -0.90790 0.83350 0.053118 0.047444 
1103  0.077015 -1.0786 0.90646 -0.018170 0.042643 
1104  0.10622 -0.92502 0.85039 0.061292 0.047595 
1105  0.095419 -0.97681 0.88876 0.058338 0.046998 
1106  0.092619 -0.99109 0.89483 -0.0063678 0.044073 
1107  0.073815 -1.0986 0.90720 0.0067300 0.043649 
1108  0.076815 -1.0798 0.90651 -0.0028699 0.043138 
1109  0.088218 -1.0143 0.90027 0.019505 0.045147 
1110  0.085217 -1.0308 0.90273 0.0040288 0.043963 
1111  0.093619 -0.98595 0.89309 0.014134 0.044620 
1112  0.095419 -0.97681 0.88876 -0.034236 0.042526 
1113  0.096019 -0.97380 0.88720 -0.065937 0.041224 
1114  0.090018 -1.0047 0.89838 0.020861 0.045507 
1115  0.079016 -1.0665 0.90571 -0.00095825 0.043654 
1116  0.087017 -1.0209 0.90142 -0.037135 0.042052 
1117  0.090218 -1.0036 0.89815 0.0059344 0.044318 
1118  0.085417 -1.0297 0.90260 -0.0060838 0.043586 
1119  0.087417 -1.0187 0.90103 -0.032449 0.042151 
1120  0.085417 -1.0297 0.90260 -0.039202 0.042072 
1121  0.089018 -1.0100 0.89950 0.0044766 0.044228 
1122  0.10102 -0.94934 0.87115 0.015713 0.045278 
1123  0.082016 -1.0489 0.90446 0.022176 0.044614 
1124  0.080016 -1.0606 0.90530 0.022962 0.044521 
1125  0.093819 -0.98493 0.89259 -0.018887 0.043368 
1126  0.087017 -1.0209 0.90142 -0.0033602 0.043961 
1127  0.083417 -1.0409 0.90384 0.016991 0.044322 
1128  0.090018 -1.0047 0.89838 -0.048098 0.041806 
1129  0.094419 -0.98187 0.89119 0.016012 0.045237 
1130  0.074615 -1.0935 0.90705 -0.0075662 0.042918 
1131  0.091218 -0.99838 0.89699 -0.037260 0.042235 
1132  0.090418 -1.0026 0.89793 -0.022574 0.043069 
1133  0.090818 -1.0005 0.89745 0.011332 0.044685 
1134  0.095219 -0.97782 0.88932 0.043591 0.045919 
1135  0.091018 -0.99943 0.89718 0.012980 0.045000 
1136  0.087017 -1.0209 0.90142 -0.011504 0.043518 
1137  0.087217 -1.0198 0.90121 0.0028748 0.044088 
1138  0.084817 -1.0330 0.90299 -0.0015877 0.043635 
1139  0.10462 -0.93239 0.85695 0.066172 0.048688 
1140  0.075015 -1.0910 0.90696 0.0065625 0.043832 
1141  0.089218 -1.0090 0.89929 0.016075 0.045013 
1142  0.097620 -0.96585 0.88260 0.013245 0.045000 
1143  0.091818 -0.99524 0.89609 0.010801 0.044811 
1144  0.079016 -1.0665 0.90571 -0.0085988 0.043295 
1145  0.098220 -0.96290 0.88065 0.036340 0.046076 
1146  0.088418 -1.0133 0.90005 0.017809 0.045138 
1147  0.085017 -1.0319 0.90286 -0.019499 0.042943 
1148  0.096019 -0.97380 0.88720 0.0077067 0.044963 
1149  0.094019 -0.98390 0.89218 0.021863 0.045431 
1150  0.091218 -0.99838 0.89699 0.0069160 0.044588 
1151  0.080816 -1.0559 0.90500 -0.026010 0.042295 
1152  0.084017 -1.0375 0.90352 -0.0072651 0.043395 
1153  0.089818 -1.0058 0.89861 0.0032176 0.044233 
1154  0.10882 -0.91325 0.84003 -0.080260 0.040905 
1155  0.095619 -0.97581 0.88820 0.0075352 0.044711 
1156  0.082016 -1.0489 0.90446 -0.036819 0.042086 
1157  0.098420 -0.96192 0.88015 -0.071813 0.041060 
1158  0.093419 -0.98697 0.89339 -0.0051395 0.043807 
1159  0.10762 -0.91865 0.84412 -0.075149 0.041006 
1160  0.086217 -1.0252 0.90201 -0.0032998 0.043769 
1161  0.090618 -1.0015 0.89767 0.0088025 0.044481 
1162  0.091418 -0.99733 0.89664 0.011653 0.044495 
1163  0.090618 -1.0015 0.89767 -0.0037940 0.044010 
1164  0.099620 -0.95608 0.87638 -0.024096 0.043165 
1165  0.10462 -0.93239 0.85695 0.045366 0.047287 
1166  0.088218 -1.0143 0.90027 0.026978 0.045346 
1167  0.089018 -1.0100 0.89950 0.0069817 0.044553 
1168  0.084217 -1.0364 0.90341 -0.015874 0.043075 
1169  0.087217 -1.0198 0.90121 0.027923 0.045518 
1170  0.085217 -1.0308 0.90273 0.0064040 0.044424 
1171  0.086417 -1.0241 0.90191 0.027373 0.045509 
1172  0.090218 -1.0036 0.89815 0.0073063 0.044562 
1173  0.093019 -0.98903 0.89418 -0.051597 0.041680 
1174  0.079416 -1.0642 0.90550 0.0030821 0.043734 
1175  0.086817 -1.0220 0.90161 -0.0042755 0.043384 
1176  0.092819 -0.99006 0.89452 0.0059146 0.044410 
1177  0.10142 -0.94743 0.86933 0.053085 0.047767 
1178  0.087618 -1.0176 0.90086 0.0037390 0.044329 
1179  0.082617 -1.0455 0.90419 -0.020371 0.042810 
1180  0.093819 -0.98493 0.89259 -0.0017378 0.044182 
1181  0.090018 -1.0047 0.89838 0.0066154 0.044507 
1182  0.12262 -0.85461 0.78184 0.092778 0.050669 
1183  0.16623 -0.70033 0.63467 0.17970 0.057698 
1184  0.092619 -0.99109 0.89483 0.0031231 0.044282 
1185  0.094819 -0.97984 0.89024 0.044347 0.045740 
1186  0.083217 -1.0421 0.90394 0.0041226 0.043792 
1187  0.088218 -1.0143 0.90027 -0.017980 0.043174 
1188  0.079216 -1.0653 0.90564 -0.036718 0.041964 
1189  0.086217 -1.0252 0.90201 -0.016035 0.043082 
1190  0.083817 -1.0387 0.90364 -0.0097586 0.043442 
1191  0.089218 -1.0090 0.89929 -0.039676 0.041966 
1192  0.089818 -1.0058 0.89861 0.010853 0.044247 
1193  0.081016 -1.0547 0.90490 0.012912 0.044303 
1194  0.076015 -1.0848 0.90672 -0.025180 0.042303 
1195  0.10042 -0.95222 0.87359 -0.074337 0.041044 
1196  0.089018 -1.0100 0.89950 -0.0033353 0.044128 
1197  0.091618 -0.99629 0.89636 0.0040025 0.044411 
1198  0.10522 -0.92961 0.85469 -0.057597 0.041692 
1199  0.10042 -0.95222 0.87359 -0.051875 0.041975 
1200  0.094219 -0.98289 0.89166 0.025625 0.045458 
1201  0.099020 -0.95899 0.87822 -0.063044 0.041439 
1202  0.096019 -0.97380 0.88720 -0.035361 0.042711 
1203  0.069014 -1.1300 0.90793 0.013138 0.043790 
1204  0.072615 -1.1062 0.90744 -0.014340 0.042747 
1205  0.086017 -1.0264 0.90215 -0.0023559 0.043659 
1206  0.091618 -0.99629 0.89636 -0.0051056 0.043585 
1207  0.093219 -0.98800 0.89384 0.012767 0.044728 
1208  0.072214 -1.1088 0.90754 -0.014918 0.042555 
1209  0.090618 -1.0015 0.89767 0.012144 0.044679 
1210  0.090618 -1.0015 0.89767 -0.032232 0.042377 
1211  0.093619 -0.98595 0.89309 0.011429 0.044859 
1212  0.087618 -1.0176 0.90086 -0.033542 0.042296 
1213  0.095619 -0.97581 0.88820 -0.035520 0.042572 
1214  0.086617 -1.0230 0.90174 -0.0086399 0.043459 
1215  0.13063 -0.82318 0.76128 0.10406 0.051360 
1216  0.10062 -0.95126 0.87279 0.0073691 0.044988 
1217  0.10462 -0.93239 0.85695 0.047581 0.047400 
1218  0.091818 -0.99524 0.89609 0.026610 0.045587 
1219  0.084617 -1.0341 0.90312 -0.038020 0.041958 
1220  0.088018 -1.0154 0.90051 -0.00095976 0.043830 
1221  0.093219 -0.98800 0.89384 -0.047005 0.041842 
1222  0.10042 -0.95222 0.87359 -0.039365 0.042511 
1223  0.086617 -1.0230 0.90174 -0.012657 0.043288 
1224  0.078216 -1.0713 0.90604 0.0021602 0.043709 
1225  0.080016 -1.0606 0.90530 0.011246 0.043918 
1226  0.080016 -1.0606 0.90530 0.019748 0.044292 
1227  0.076815 -1.0798 0.90651 0.010099 0.044208 
1228  0.15003 -0.75323 0.69978 0.15745 0.056190 
1229  0.10542 -0.92869 0.85384 0.052362 0.047444 
1230  0.070414 -1.1206 0.90778 0.0080067 0.043484 
1231  0.098020 -0.96388 0.88148 0.019530 0.045300 
1232  0.093219 -0.98800 0.89384 -0.00074104 0.044036 
1233  0.097019 -0.96882 0.88435 0.0072536 0.044477 
1234  0.081016 -1.0547 0.90490 -0.0014621 0.043638 
1235  0.078016 -1.0725 0.90614 -0.0031171 0.043565 
1236  0.088218 -1.0143 0.90027 0.0051194 0.044396 
1237  0.081216 -1.0536 0.90483 -0.0075065 0.043293 
1238  0.071014 -1.1167 0.90773 -0.025087 0.042156 
1239  0.084017 -1.0375 0.90352 -0.038821 0.042017 
1240  0.091218 -0.99838 0.89699 0.0059903 0.044680 
1241  0.23325 -0.51684 0.54742 0.28730 0.065666 
1242  0.095419 -0.97681 0.88876 -0.029867 0.042666 
1243  0.083817 -1.0387 0.90364 0.025539 0.045276 
1244  0.073615 -1.0998 0.90724 -0.029439 0.042039 
1245  0.093819 -0.98493 0.89259 -0.040907 0.042386 
1246  0.066013 -1.1507 0.90813 -0.0042044 0.042898 
1247  0.080816 -1.0559 0.90500 -0.014955 0.042990 
1248  0.086017 -1.0264 0.90215 0.0012374 0.044166 
1249  0.093019 -0.98903 0.89418 -0.014181 0.043330 
1250  0.091818 -0.99524 0.89609 0.024353 0.045498 
1251  0.078216 -1.0713 0.90604 -0.0092653 0.042965 
1252  0.094819 -0.97984 0.89024 0.00025332 0.044209 
1253  0.086217 -1.0252 0.90201 -0.044273 0.041706 
1254  0.081216 -1.0536 0.90483 -0.037302 0.041949 
1255  0.084617 -1.0341 0.90312 -0.0081679 0.043425 
1256  0.089618 -1.0068 0.89884 0.010160 0.044351 
1257  0.094219 -0.98289 0.89166 0.021139 0.045507 
1258  0.077215 -1.0774 0.90638 -0.0056795 0.043310 
1259  0.11422 -0.88957 0.81210 -0.085495 0.040849 
1260  0.078816 -1.0677 0.90579 -0.0086613 0.043196 
1261  0.086017 -1.0264 0.90215 0.00057788 0.043769 
1262  0.080616 -1.0571 0.90510 -0.0037629 0.043441 
1263  0.092218 -0.99316 0.89538 0.019028 0.045357 
1264  0.078616 -1.0689 0.90590 -0.0052647 0.043385 
1265  0.087618 -1.0176 0.90086 -0.010689 0.043317 
1266  0.083817 -1.0387 0.90364 -0.0021180 0.043569 
1267  0.087818 -1.0165 0.90067 0.0018298 0.044066 
1268  0.079416 -1.0642 0.90550 -0.0077333 0.043218 
1269  0.076615 -1.0811 0.90658 -0.020008 0.042458 
1270  0.079816 -1.0618 0.90536 -0.022041 0.042434 
1271  0.071214 -1.1153 0.90771 -0.021084 0.042449 
1272  0.081816 -1.0501 0.90456 -0.020928 0.042533 
1273  0.093219 -0.98800 0.89384 0.0074687 0.044505 
1274  0.074815 -1.0922 0.90699 -0.024357 0.042306 
1275  0.085217 -1.0308 0.90273 0.022203 0.045089 
1276  0.086817 -1.0220 0.90161 -0.00073366 0.044208 
1277  0.097019 -0.96882 0.88435 0.026058 0.045311 
1278  0.087818 -1.0165 0.90067 -0.0033951 0.043669 
1279  0.090218 -1.0036 0.89815 -0.0053583 0.043853 
1280  0.097219 -0.96783 0.88384 0.019537 0.045142 
1281  0.093819 -0.98493 0.89259 0.016906 0.045517 
1282  0.092819 -0.99006 0.89452 0.026031 0.045533 
1283  0.082216 -1.0478 0.90439 0.015331 0.044935 
1284  0.082617 -1.0455 0.90419 0.0060246 0.044112 
1285  0.087017 -1.0209 0.90142 0.013520 0.044646 
1286  0.097219 -0.96783 0.88384 -0.067815 0.041144 
1287  0.092018 -0.99420 0.89575 -0.0023871 0.043882 
1288  0.078416 -1.0701 0.90597 -0.0012950 0.043420 
1289  0.087618 -1.0176 0.90086 -0.0060118 0.043751 
1290  0.087417 -1.0187 0.90103 0.0020096 0.043909 
1291  0.099820 -0.95511 0.87553 0.012949 0.045124 
1292  0.079216 -1.0653 0.90564 -0.0062450 0.043250 
1293  0.096419 -0.97180 0.88606 0.012662 0.044971 
1294  0.094419 -0.98187 0.89119 0.014723 0.044957 
1295  0.076815 -1.0798 0.90651 -0.027736 0.042339 
1296  0.089618 -1.0068 0.89884 0.027409 0.045510 
1297  0.095619 -0.97581 0.88820 0.011777 0.045025 
1298  0.079016 -1.0665 0.90571 0.0099259 0.044482 
1299  0.096219 -0.97280 0.88654 -0.0055680 0.043954 
1300  0.085417 -1.0297 0.90260 -0.040543 0.041981 
1301  0.073215 -1.1024 0.90733 0.00043914 0.043207 
1302  0.089618 -1.0068 0.89884 0.0091278 0.044370 
1303  0.11042 -0.90613 0.83162 0.060961 0.048342 
1304  0.091418 -0.99733 0.89664 -0.044594 0.041751 
1305  0.090018 -1.0047 0.89838 0.025193 0.045610 
1306  0.091218 -0.99838 0.89699 0.019459 0.045093 
1307  0.071414 -1.1140 0.90767 0.0015586 0.043185 
1308  0.086617 -1.0230 0.90174 0.012690 0.044329 
1309  0.089818 -1.0058 0.89861 0.036189 0.046132 
1310  0.093019 -0.98903 0.89418 0.044800 0.046527 
1311  0.084217 -1.0364 0.90341 -0.037544 0.042032 
1312  0.091418 -0.99733 0.89664 0.012275 0.044640 
1313  0.11142 -0.90172 0.82589 0.074128 0.048690 
1314  0.074015 -1.0973 0.90716 0.0024914 0.043310 
1315  0.10202 -0.94458 0.86735 -0.083324 0.040750 
1316  0.089418 -1.0079 0.89909 0.013875 0.044750 
1317  0.078616 -1.0689 0.90590 -0.033781 0.042042 
1318  0.098820 -0.95997 0.87884 -0.074264 0.041071 
1319  0.093219 -0.98800 0.89384 0.023843 0.045078 
1320  0.066013 -1.1507 0.90813 -0.011058 0.042626 
1321  0.062613 -1.1753 0.90824 -0.010040 0.042592 
1322  0.12102 -0.86110 0.78766 0.085326 0.049705 
1323  0.13243 -0.81633 0.75488 0.10120 0.050686 
1324  0.091818 -0.99524 0.89609 0.00031275 0.044073 
1325  0.073215 -1.1024 0.90733 0.012610 0.044076 
1326  0.092018 -0.99420 0.89575 0.0011364 0.044231 
1327  0.094019 -0.98390 0.89218 -0.045859 0.041724 
1328  0.083617 -1.0398 0.90375 -0.045694 0.041681 
1329  0.085417 -1.0297 0.90260 -0.035914 0.042148 
1330  0.10102 -0.94934 0.87115 0.017515 0.045217 
1331  0.082016 -1.0489 0.90446 -0.041142 0.041826 
1332  0.082416 -1.0466 0.90429 -0.036305 0.042021 
1333  0.084417 -1.0353 0.90329 -0.0025995 0.043871 
1334  0.088418 -1.0133 0.90005 0.017700 0.044812 
1335  0.087818 -1.0165 0.90067 0.028129 0.045401 
1336  0.097620 -0.96585 0.88260 -0.021110 0.043004 
1337  0.088418 -1.0133 0.90005 -0.047260 0.041748 
1338  0.097019 -0.96882 0.88435 0.033830 0.046403 
1339  0.10242 -0.94269 0.86568 0.033652 0.046350 
1340  0.094819 -0.97984 0.89024 0.026842 0.045381 
1341  0.097019 -0.96882 0.88435 0.020752 0.045622 
1342  0.082817 -1.0443 0.90411 0.022346 0.044602 
1343  0.082016 -1.0489 0.90446 -0.042346 0.041838 
1344  0.097019 -0.96882 0.88435 0.016306 0.045309 
1345  0.083817 -1.0387 0.90364 -0.016132 0.043009 
1346  0.089218 -1.0090 0.89929 -0.043987 0.041877 
1347  0.089418 -1.0079 0.89909 0.00096154 0.044084 
1348  0.078816 -1.0677 0.90579 0.0077670 0.044112 
1349  0.094019 -0.98390 0.89218 -0.011049 0.043586 
1350  0.081216 -1.0536 0.90483 -0.030787 0.042144 
1351  0.068614 -1.1327 0.90797 0.0020433 0.043323 
1352  0.072615 -1.1062 0.90744 -0.0019714 0.043147 
1353  0.094019 -0.98390 0.89218 -0.0045994 0.044023 
1354  0.087417 -1.0187 0.90103 -0.011858 0.043232 
1355  0.088618 -1.0122 0.89985 -0.0043772 0.043938 
1356  0.090418 -1.0026 0.89793 -0.0097025 0.043356 
1357  0.092418 -0.99213 0.89511 0.034468 0.045504 
1358  0.12202 -0.85704 0.78441 0.11208 0.052102 
1359  0.087017 -1.0209 0.90142 0.00012689 0.044155 
1360  0.078416 -1.0701 0.90597 0.0013422 0.043666 
1361  0.095419 -0.97681 0.88876 -0.010839 0.043352 
1362  0.086817 -1.0220 0.90161 -0.023574 0.042711 
1363  0.093419 -0.98697 0.89339 0.0054118 0.044462 
1364  0.10102 -0.94934 0.87115 0.029832 0.045696 
1365  0.090418 -1.0026 0.89793 -0.0032157 0.044112 
1366  0.079216 -1.0653 0.90564 0.0052976 0.043820 
1367  0.088818 -1.0111 0.89965 0.011283 0.044464 
1368  0.086817 -1.0220 0.90161 -0.012703 0.043479 
1369  0.092018 -0.99420 0.89575 -0.0014982 0.043877 
1370  0.084417 -1.0353 0.90329 -0.0027732 0.043821 
1371  0.96699 1.4668 0.033007 1.5934 0.18222 
1372  0.086017 -1.0264 0.90215 -0.053035 0.041516 
1373  0.10822 -0.91594 0.84224 0.049358 0.047461 
1374  0.098020 -0.96388 0.88148 0.0050064 0.044560 
1375  0.094819 -0.97984 0.89024 0.016805 0.045174 
1376  0.094019 -0.98390 0.89218 -0.0025868 0.043786 
1377  0.077215 -1.0774 0.90638 -0.0036510 0.043339 
1378  0.099620 -0.95608 0.87638 -0.035291 0.042494 
1379  0.085417 -1.0297 0.90260 -0.044802 0.041768 
1380  0.083817 -1.0387 0.90364 0.0021609 0.044026 
1381  0.083817 -1.0387 0.90364 -0.013773 0.043028 
1382  0.088218 -1.0143 0.90027 -0.0072571 0.043794 
1383  0.085817 -1.0275 0.90228 -0.0064731 0.043524 
1384  0.090418 -1.0026 0.89793 -0.025775 0.042733 
1385  0.097820 -0.96487 0.88189 -0.046395 0.042131 
1386  0.098220 -0.96290 0.88065 0.0038709 0.044267 
1387  0.17684 -0.66792 0.62387 0.19492 0.059392 
1388  0.088818 -1.0111 0.89965 -0.032304 0.042565 
1389  0.078216 -1.0713 0.90604 0.0036001 0.043655 
1390  0.098220 -0.96290 0.88065 -0.037044 0.042361 
1391  0.084417 -1.0353 0.90329 -0.018434 0.042883 
1392  0.079616 -1.0630 0.90545 -0.030147 0.042174 
1393  0.088418 -1.0133 0.90005 -0.012733 0.043559 
1394  0.075815 -1.0860 0.90676 -0.026721 0.042261 
1395  0.084217 -1.0364 0.90341 0.0086892 0.044445 
1396  0.10022 -0.95318 0.87410 0.011931 0.044930 
1397  0.081416 -1.0524 0.90474 -0.025379 0.042500 
1398  0.10842 -0.91504 0.84185 0.054374 0.048001 
1399  0.075615 -1.0872 0.90681 -0.012365 0.043216 
1400  0.12142 -0.85947 0.78606 0.088193 0.049123 
1401  0.10342 -0.93798 0.86175 0.047821 0.047501 
1402  0.084417 -1.0353 0.90329 -0.050491 0.041525 
1403  0.086817 -1.0220 0.90161 -0.040219 0.042015 
1404  0.10722 -0.92046 0.84688 0.060150 0.048595 
1405  0.10722 -0.92046 0.84688 0.056410 0.047929 
1406  0.22525 -0.53651 0.56405 0.24854 0.061756 
1407  0.089218 -1.0090 0.89929 0.0015873 0.044151 
1408  0.095419 -0.97681 0.88876 0.030777 0.046253 
1409  0.095419 -0.97681 0.88876 0.033741 0.046202 
1410  0.090818 -1.0005 0.89745 -0.0054461 0.043872 
1411  0.092218 -0.99316 0.89538 -0.0039281 0.044126 
1412  0.092218 -0.99316 0.89538 0.0083631 0.044352 
1413  0.088618 -1.0122 0.89985 0.012017 0.044927 
1414  0.082817 -1.0443 0.90411 -0.00058289 0.043982 
1415  0.087818 -1.0165 0.90067 0.0034180 0.044256 
1416  0.085217 -1.0308 0.90273 0.0042421 0.044023 
1417  0.097019 -0.96882 0.88435 -0.068083 0.041185 
1418  0.093619 -0.98595 0.89309 0.0089596 0.044720 
1419  0.088018 -1.0154 0.90051 0.0066304 0.044644 
1420  0.088218 -1.0143 0.90027 0.0027509 0.044116 
1421  0.10462 -0.93239 0.85695 -0.034548 0.042683 
1422  0.091018 -0.99943 0.89718 0.016438 0.044820 
1423  0.084017 -1.0375 0.90352 0.00028500 0.043877 
1424  0.088618 -1.0122 0.89985 0.0030858 0.044078 
1425  0.079216 -1.0653 0.90564 -0.0026631 0.043415 
1426  0.097820 -0.96487 0.88189 -0.011377 0.043546 
1427  0.078016 -1.0725 0.90614 -0.00044891 0.043550 
1428  0.087217 -1.0198 0.90121 -0.00024452 0.043886 
1429  0.088418 -1.0133 0.90005 -0.039844 0.041838 
1430  0.085817 -1.0275 0.90228 -0.016088 0.042928 
1431  0.086817 -1.0220 0.90161 0.0094912 0.044515 
1432  0.095619 -0.97581 0.88820 -0.0078916 0.043924 
1433  0.095219 -0.97782 0.88932 -0.055967 0.041583 
1434  0.097219 -0.96783 0.88384 -0.026930 0.043054 
1435  0.097419 -0.96684 0.88325 -0.028196 0.042930 
1436  0.077215 -1.0774 0.90638 -0.014448 0.042908 
1437  0.084817 -1.0330 0.90299 -0.026176 0.042535 
1438  0.10102 -0.94934 0.87115 -0.072007 0.041060 
1439  0.095219 -0.97782 0.88932 -0.0016796 0.044237 
1440  0.10962 -0.90968 0.83624 0.067565 0.047940 
1441  0.087618 -1.0176 0.90086 0.011809 0.044708 
1442  0.094819 -0.97984 0.89024 0.028365 0.045826 
1443  0.088818 -1.0111 0.89965 0.0075734 0.044669 
1444  0.11502 -0.88615 0.80759 0.080216 0.048233 
1445  0.10642 -0.92410 0.84952 0.075936 0.047913 
1446  0.068814 -1.1314 0.90795 -0.017600 0.042476 
1447  0.088418 -1.0133 0.90005 0.016629 0.044878 
1448  0.070614 -1.1193 0.90776 -0.011018 0.042708 
1449  0.091818 -0.99524 0.89609 -0.026825 0.042827 
1450  0.092218 -0.99316 0.89538 -0.0046409 0.044023 
1451  0.078016 -1.0725 0.90614 0.0059161 0.043565 
1452  0.097419 -0.96684 0.88325 0.029472 0.045964 
1453  0.097419 -0.96684 0.88325 0.032783 0.046151 
1454  0.086417 -1.0241 0.90191 -0.010008 0.043308 
1455  0.091818 -0.99524 0.89609 -0.020355 0.043290 
1456  0.089418 -1.0079 0.89909 0.0070208 0.044555 
1457  0.084617 -1.0341 0.90312 -0.034520 0.042197 
1458  0.10002 -0.95415 0.87487 -0.030032 0.042894 
1459  0.089018 -1.0100 0.89950 -0.024611 0.042970 
1460  0.092819 -0.99006 0.89452 0.0053698 0.044385 
1461  0.085417 -1.0297 0.90260 -0.035746 0.042348 
1462  0.082016 -1.0489 0.90446 -0.0063284 0.043197 
1463  0.084017 -1.0375 0.90352 0.013017 0.044645 
1464  0.067013 -1.1437 0.90808 -0.0098329 0.042806 
1465  0.087818 -1.0165 0.90067 0.015892 0.045076 
1466  0.10182 -0.94553 0.86828 -0.042701 0.042549 
1467  0.070214 -1.1220 0.90782 -0.012444 0.042820 
1468  0.094219 -0.98289 0.89166 0.030942 0.045754 
1469  0.091218 -0.99838 0.89699 -0.019268 0.043066 
1470  0.091218 -0.99838 0.89699 -0.0066276 0.043792 
1471  0.086417 -1.0241 0.90191 -0.00096662 0.043822 
1472  0.084217 -1.0364 0.90341 -0.016668 0.042909 
1473  0.075215 -1.0897 0.90690 -0.020483 0.042555 
1474  0.096619 -0.97081 0.88554 -0.034289 0.042533 
1475  0.086217 -1.0252 0.90201 -0.058174 0.041273 
1476  0.085617 -1.0286 0.90241 -0.026350 0.042684 
1477  0.10102 -0.94934 0.87115 -0.060734 0.041462 
1478  0.10262 -0.94174 0.86490 0.012170 0.045195 
1479  0.097219 -0.96783 0.88384 -0.054210 0.041650 
1480  0.081016 -1.0547 0.90490 -0.011748 0.043067 
1481  0.077415 -1.0762 0.90633 -0.011417 0.042930 
1482  0.15203 -0.74645 0.68151 0.16213 0.056826 
1483  0.091618 -0.99629 0.89636 -0.025599 0.042768 
1484  0.081216 -1.0536 0.90483 -0.017913 0.042766 
1485  0.087017 -1.0209 0.90142 -0.025860 0.042751 
1486  0.087618 -1.0176 0.90086 -0.026830 0.042520 
1487  0.098020 -0.96388 0.88148 -0.030073 0.042688 
1488  0.095819 -0.97480 0.88778 -0.030620 0.043024 
1489  0.090018 -1.0047 0.89838 0.015529 0.044937 
1490  0.090818 -1.0005 0.89745 0.020468 0.045212 
1491  0.083017 -1.0432 0.90401 -0.016437 0.042806 
1492  0.077616 -1.0750 0.90628 -0.012089 0.043025 
1493  0.089418 -1.0079 0.89909 -0.0027183 0.043904 
1494  0.088218 -1.0143 0.90027 0.0073894 0.044552 
1495  0.096019 -0.97380 0.88720 -0.050508 0.041826 
1496  0.095819 -0.97480 0.88778 -0.054709 0.041607 
1497  0.10722 -0.92046 0.84688 0.050267 0.047716 
1498  0.086217 -1.0252 0.90201 0.0026353 0.044302 
1499  0.089418 -1.0079 0.89909 0.019816 0.045259 
1500  0.11702 -0.87768 0.80318 0.075778 0.048502 
1501  0.089018 -1.0100 0.89950 0.012871 0.044907 
1502  0.092819 -0.99006 0.89452 0.012107 0.044676 
1503  0.094819 -0.97984 0.89024 0.0064002 0.044408 
1504  0.095619 -0.97581 0.88820 0.0026223 0.044218 
1505  0.076815 -1.0798 0.90651 -0.031212 0.042185 
1506  0.087417 -1.0187 0.90103 0.00066081 0.043911 
1507  0.089018 -1.0100 0.89950 -0.029935 0.042395 
1508  0.090018 -1.0047 0.89838 0.037661 0.045727 
1509  0.079816 -1.0618 0.90536 0.0091226 0.044145 
1510  0.077816 -1.0738 0.90624 0.011992 0.043760 
1511  0.074415 -1.0948 0.90711 -0.024817 0.042169 
1512  0.077015 -1.0786 0.90646 -0.027884 0.042275 
1513  0.091818 -0.99524 0.89609 -0.030424 0.042649 
1514  0.088218 -1.0143 0.90027 0.038444 0.045419 
1515  0.071214 -1.1153 0.90771 -0.027911 0.042085 
1516  0.085817 -1.0275 0.90228 -0.025908 0.042649 
1517  0.077616 -1.0750 0.90628 0.029583 0.044977 
1518  0.077015 -1.0786 0.90646 0.021012 0.044296 
1519  0.092619 -0.99109 0.89483 0.010224 0.044705 
1520  0.095219 -0.97782 0.88932 0.0074313 0.044585 
1521  0.097019 -0.96882 0.88435 0.017322 0.045248 
1522  0.090818 -1.0005 0.89745 0.039643 0.045918 
1523  0.089818 -1.0058 0.89861 0.0055987 0.044392 
1524  0.099420 -0.95705 0.87694 -0.056764 0.041639 
1525  0.10002 -0.95415 0.87487 -0.068535 0.041120 
1526  0.075415 -1.0885 0.90684 0.0060250 0.043915 
1527  0.079216 -1.0653 0.90564 0.010090 0.044001 
1528  0.075015 -1.0910 0.90696 0.0092273 0.043850 
1529  0.083217 -1.0421 0.90394 0.010885 0.044013 
1530  0.095019 -0.97883 0.88978 0.018414 0.044797 
1531  0.10302 -0.93986 0.86347 -0.056072 0.041584 
1532  0.096219 -0.97280 0.88654 -0.0045862 0.043909 
1533  0.084017 -1.0375 0.90352 -0.033722 0.042122 
1534  0.085417 -1.0297 0.90260 -0.032171 0.042274 
1535  0.077415 -1.0762 0.90633 -0.027564 0.042286 
1536  0.10082 -0.95030 0.87180 0.057443 0.046994 
1537  0.094219 -0.98289 0.89166 0.028721 0.045542 
1538  0.092418 -0.99213 0.89511 0.0048122 0.044507 
1539  0.097419 -0.96684 0.88325 0.052600 0.046661 
1540  0.10282 -0.94080 0.86431 0.044838 0.046791 
1541  0.089818 -1.0058 0.89861 -0.045687 0.041887 
1542  0.086017 -1.0264 0.90215 -0.0053530 0.043437 
1543  0.084617 -1.0341 0.90312 -0.00032854 0.044002 
1544  0.077616 -1.0750 0.90628 -0.019512 0.042613 
1545  0.084617 -1.0341 0.90312 -0.0057486 0.043569 
1546  0.094019 -0.98390 0.89218 -0.051774 0.041662 
1547  0.091618 -0.99629 0.89636 0.015060 0.044748 
1548  0.078616 -1.0689 0.90590 -0.013789 0.042971 
1549  0.092018 -0.99420 0.89575 -0.044780 0.041847 
1550  0.10142 -0.94743 0.86933 0.024413 0.046167 
1551  0.081216 -1.0536 0.90483 0.014616 0.044201 
1552  0.092218 -0.99316 0.89538 0.014297 0.045150 
1553  0.092619 -0.99109 0.89483 0.029666 0.045636 
1554  0.082817 -1.0443 0.90411 0.017761 0.044733 
1555  0.098620 -0.96094 0.87954 0.037248 0.046351 
1556  0.080616 -1.0571 0.90510 -0.030329 0.042241 
1557  0.088618 -1.0122 0.89985 -0.0026526 0.043967 
1558  0.10682 -0.92228 0.84815 0.055367 0.046848 
1559  0.085817 -1.0275 0.90228 -0.055964 0.041457 
1560  0.085417 -1.0297 0.90260 -0.047479 0.041611 
1561  0.085417 -1.0297 0.90260 -0.0020599 0.043768 
1562  0.10282 -0.94080 0.86431 0.051289 0.047966 
1563  0.097219 -0.96783 0.88384 0.0019908 0.044188 
1564  0.093019 -0.98903 0.89418 -0.0077618 0.043913 
1565  0.076815 -1.0798 0.90651 0.0027665 0.043821 
1566  0.080016 -1.0606 0.90530 -0.014637 0.043007 
1567  0.081016 -1.0547 0.90490 0.0050772 0.043916 
1568  0.084017 -1.0375 0.90352 0.017122 0.044750 
1569  0.088018 -1.0154 0.90051 0.015307 0.044945 
1570  0.095819 -0.97480 0.88778 -0.057258 0.041639 
1571  0.082617 -1.0455 0.90419 0.025144 0.044623 
1572  0.091018 -0.99943 0.89718 -0.00022629 0.043926 
1573  0.087217 -1.0198 0.90121 -0.042653 0.041835 
1574  0.083617 -1.0398 0.90375 -0.034606 0.041981 
1575  0.078416 -1.0701 0.90597 0.0064194 0.044284 
1576  0.090018 -1.0047 0.89838 0.0040779 0.044359 
1577  0.090218 -1.0036 0.89815 0.012729 0.044967 
1578  0.092418 -0.99213 0.89511 -0.0033312 0.043913 
1579  0.093819 -0.98493 0.89259 0.015671 0.045369 
1580  0.084817 -1.0330 0.90299 -0.0035323 0.043545 
1581  0.089018 -1.0100 0.89950 -0.00084819 0.044016 
1582  0.092418 -0.99213 0.89511 -0.030644 0.042361 
1583  0.073415 -1.1011 0.90728 -0.023218 0.042413 
1584  0.070214 -1.1220 0.90782 -0.025038 0.042336 
1585  0.078816 -1.0677 0.90579 -0.031289 0.042100 
1586  0.083817 -1.0387 0.90364 -0.029631 0.042239 
1587  0.078216 -1.0713 0.90604 -0.029975 0.042149 
1588  0.089818 -1.0058 0.89861 -0.025373 0.043018 
1589  0.094419 -0.98187 0.89119 -0.027263 0.042944 
1590  0.084617 -1.0341 0.90312 0.031510 0.044924 
1591  0.14523 -0.76980 0.71930 0.15154 0.055709 
1592  0.086217 -1.0252 0.90201 0.014458 0.044931 
1593  0.089418 -1.0079 0.89909 0.0082564 0.044553 
1594  0.096019 -0.97380 0.88720 0.0091102 0.044620 
1595  0.092619 -0.99109 0.89483 0.017555 0.045278 
1596  0.091018 -0.99943 0.89718 0.011655 0.044906 
1597  0.095419 -0.97681 0.88876 0.0056146 0.044626 
1598  0.088618 -1.0122 0.89985 0.0012377 0.044094 
1599  0.094019 -0.98390 0.89218 0.010278 0.044663 
1600  0.097219 -0.96783 0.88384 0.0089678 0.044678 
1601  0.083217 -1.0421 0.90394 -0.041840 0.041869 
1602  0.088618 -1.0122 0.89985 0.0037042 0.044379 
1603  0.087217 -1.0198 0.90121 -0.041065 0.041843 
1604  0.093019 -0.98903 0.89418 -0.018922 0.043157 
1605  0.091818 -0.99524 0.89609 -0.036467 0.042211 
1606  0.092218 -0.99316 0.89538 0.016975 0.045364 
1607  0.083417 -1.0409 0.90384 0.0098467 0.044491 
1608  0.090618 -1.0015 0.89767 0.019003 0.045286 
1609  0.081416 -1.0524 0.90474 -0.0069341 0.043632 
1610  0.097019 -0.96882 0.88435 0.0056713 0.044414 
1611  0.081216 -1.0536 0.90483 0.031297 0.045440 
1612  0.088018 -1.0154 0.90051 0.0037222 0.043882 
1613  0.098420 -0.96192 0.88015 -0.045775 0.042086 
1614  0.084417 -1.0353 0.90329 0.024486 0.044951 
1615  0.099620 -0.95608 0.87638 0.049309 0.047169 
1616  0.098620 -0.96094 0.87954 -0.063713 0.041293 
1617  0.10302 -0.93986 0.86347 0.029389 0.045803 
1618  0.092418 -0.99213 0.89511 0.037152 0.046309 
1619  0.075415 -1.0885 0.90684 0.0058747 0.043675 
1620  0.090818 -1.0005 0.89745 -0.0047436 0.043555 
1621  0.075615 -1.0872 0.90681 -0.016180 0.042646 
1622  0.11202 -0.89910 0.82315 -0.097860 0.040512 
1623  0.089018 -1.0100 0.89950 0.037436 0.045466 
1624  0.078016 -1.0725 0.90614 -0.017606 0.042641 
1625  0.083617 -1.0398 0.90375 0.030666 0.045079 
1626  0.082416 -1.0466 0.90429 0.032332 0.045022 
1627  0.081416 -1.0524 0.90474 -0.017406 0.043008 
1628  0.093819 -0.98493 0.89259 0.0021633 0.044328 
1629  0.069814 -1.1246 0.90786 0.021822 0.044137 
1630  0.086617 -1.0230 0.90174 0.025435 0.045069 
1631  0.084417 -1.0353 0.90329 0.0066364 0.044145 
1632  0.091818 -0.99524 0.89609 0.032203 0.045576 
1633  0.073015 -1.1037 0.90737 0.0069575 0.043435 
1634  0.10622 -0.92502 0.85039 -0.082595 0.040847 
1635  0.082216 -1.0478 0.90439 -0.028593 0.042305 
1636  0.081016 -1.0547 0.90490 0.0043750 0.044162 
1637  0.092619 -0.99109 0.89483 0.0089521 0.044456 
1638  0.093819 -0.98493 0.89259 -0.041921 0.042142 
1639  0.079616 -1.0630 0.90545 -0.021810 0.042619 
1640  0.10182 -0.94553 0.86828 -0.080949 0.040851 
1641  0.090818 -1.0005 0.89745 0.0074923 0.044338 
1642  0.089418 -1.0079 0.89909 0.0047429 0.044319 
1643  0.092819 -0.99006 0.89452 -0.0072791 0.043700 
1644  0.10022 -0.95318 0.87410 0.044604 0.046929 
1645  0.088618 -1.0122 0.89985 0.0058942 0.044193 
1646  0.090018 -1.0047 0.89838 -0.052792 0.041497 
1647  0.098620 -0.96094 0.87954 0.0049055 0.044600 
1648  0.10062 -0.95126 0.87279 -0.064282 0.041224 
1649  0.090018 -1.0047 0.89838 -0.0036166 0.043824 
1650  0.090018 -1.0047 0.89838 -0.063507 0.041245 
1651  0.094219 -0.98289 0.89166 0.017562 0.045316 
1652  0.088418 -1.0133 0.90005 -0.030611 0.042570 
1653  0.094419 -0.98187 0.89119 0.049542 0.046406 
1654  0.097219 -0.96783 0.88384 -0.061667 0.041463 
1655  0.083817 -1.0387 0.90364 -0.037613 0.041959 
1656  0.079016 -1.0665 0.90571 0.0080036 0.044268 
1657  0.095219 -0.97782 0.88932 -0.0043331 0.043829 
1658  0.098820 -0.95997 0.87884 0.043795 0.046698 
1659  0.081216 -1.0536 0.90483 -0.032074 0.042020 
1660  0.093619 -0.98595 0.89309 -0.052210 0.041597 
1661  0.083217 -1.0421 0.90394 -0.013449 0.043243 
1662  0.096019 -0.97380 0.88720 0.0018985 0.044473 
1663  0.074215 -1.0960 0.90714 -0.021396 0.042375 
1664  0.10302 -0.93986 0.86347 0.052577 0.047321 
1665  0.096819 -0.96981 0.88496 -0.010828 0.043777 
1666  0.088818 -1.0111 0.89965 -0.015944 0.043126 
1667  0.084417 -1.0353 0.90329 -0.017123 0.042898 
1668  0.095419 -0.97681 0.88876 0.0093064 0.044864 
1669  0.087017 -1.0209 0.90142 0.013465 0.044370 
1670  0.094019 -0.98390 0.89218 0.012070 0.044823 
1671  0.093219 -0.98800 0.89384 0.015093 0.044761 
1672  0.099620 -0.95608 0.87638 0.039203 0.046799 
1673  0.085417 -1.0297 0.90260 -0.024880 0.042622 
1674  0.086417 -1.0241 0.90191 0.0081136 0.044179 
1675  0.088618 -1.0122 0.89985 -0.0078798 0.043835 
1676  0.084017 -1.0375 0.90352 -0.036070 0.042039 
1677  0.088418 -1.0133 0.90005 0.011887 0.045083 
1678  0.078816 -1.0677 0.90579 -0.013489 0.043007 
1679  0.092018 -0.99420 0.89575 0.015396 0.045037 
1680  0.074815 -1.0922 0.90699 -0.020335 0.042667 
1681  0.088418 -1.0133 0.90005 -0.054225 0.041502 
1682  0.083617 -1.0398 0.90375 -0.018646 0.042882 
1683  0.077015 -1.0786 0.90646 -0.0026888 0.043349 
1684  0.079216 -1.0653 0.90564 -0.00070976 0.043377 
1685  0.087217 -1.0198 0.90121 -0.035032 0.042249 
1686  0.075215 -1.0897 0.90690 0.0079092 0.043983 
1687  0.080216 -1.0594 0.90523 0.0053500 0.043868 
1688  0.090218 -1.0036 0.89815 -0.0055170 0.043871 
1689  0.095619 -0.97581 0.88820 -0.054062 0.041608 
1690  0.081416 -1.0524 0.90474 0.0012227 0.043641 
1691  0.083617 -1.0398 0.90375 -0.0039632 0.043399 
1692  0.092819 -0.99006 0.89452 -0.052178 0.041538 
1693  0.092018 -0.99420 0.89575 0.010773 0.044853 
1694  0.098020 -0.96388 0.88148 0.017549 0.045563 
1695  0.092018 -0.99420 0.89575 0.0094900 0.044838 
1696  0.090618 -1.0015 0.89767 0.034622 0.045621 
1697  0.098420 -0.96192 0.88015 0.056102 0.047772 
1698  0.11422 -0.88957 0.81210 -0.093368 0.040559 
1699  0.11962 -0.86685 0.79221 -0.10144 0.040453 
1700  0.081816 -1.0501 0.90456 -0.0071003 0.043047 
1701  0.094219 -0.98289 0.89166 0.010849 0.044768 
1702  0.10562 -0.92777 0.85231 -0.074065 0.041090 
1703  0.096619 -0.97081 0.88554 -0.0033413 0.043844 
1704  0.091818 -0.99524 0.89609 0.014496 0.044997 
1705  0.085617 -1.0286 0.90241 0.0054737 0.043883 
1706  0.098020 -0.96388 0.88148 0.013086 0.044874 
1707  0.095019 -0.97883 0.88978 0.016082 0.045351 
1708  0.092218 -0.99316 0.89538 0.0055791 0.044393 
1709  0.10542 -0.92869 0.85384 -0.049965 0.042132 
1710  0.092418 -0.99213 0.89511 -0.052771 0.041448 
1711  0.078016 -1.0725 0.90614 -0.016366 0.042686 
1712  0.073015 -1.1037 0.90737 -0.010890 0.042886 
1713  0.14363 -0.77542 0.72552 0.12504 0.052291 
1714  0.099420 -0.95705 0.87694 0.050099 0.047028 
1715  0.10102 -0.94934 0.87115 -0.056607 0.041560 
1716  0.090818 -1.0005 0.89745 0.021033 0.045175 
1717  0.10182 -0.94553 0.86828 0.0084157 0.044947 
1718  0.16223 -0.71299 0.64947 0.16802 0.056691 
1719  0.086017 -1.0264 0.90215 -0.0023636 0.043771 
1720  0.15163 -0.74780 0.69113 0.15209 0.055173 
1721  0.15183 -0.74712 0.68804 0.15454 0.054930 
1722  0.084417 -1.0353 0.90329 -0.028476 0.042660 
1723  0.091618 -0.99629 0.89636 -0.033255 0.042685 
1724  0.099420 -0.95705 0.87694 -0.045531 0.042116 
1725  0.083817 -1.0387 0.90364 -0.039842 0.041797 
1726  0.10502 -0.93054 0.85562 0.012262 0.045093 
1727  0.079216 -1.0653 0.90564 -0.0034512 0.043388 
1728  0.069414 -1.1273 0.90790 -0.0056394 0.043024 
1729  0.091418 -0.99733 0.89664 0.0044027 0.044574 
1730  0.072014 -1.1101 0.90756 -0.0063698 0.042989 
1731  0.091218 -0.99838 0.89699 0.010816 0.044877 
1732  0.071014 -1.1167 0.90773 -0.0070524 0.043021 
1733  0.082216 -1.0478 0.90439 -0.048712 0.041662 
1734  0.10542 -0.92869 0.85384 -0.081154 0.040840 
1735  0.084417 -1.0353 0.90329 0.0044511 0.043824 
1736  0.080816 -1.0559 0.90500 -0.014251 0.042813 
1737  0.074615 -1.0935 0.90705 -0.012205 0.042838 
1738  0.075615 -1.0872 0.90681 -0.0087333 0.043122 
1739  0.080816 -1.0559 0.90500 -0.0081531 0.043175 
1740  0.080816 -1.0559 0.90500 -0.013531 0.042961 
1741  0.077015 -1.0786 0.90646 -0.010962 0.042886 
1742  0.078216 -1.0713 0.90604 -0.040544 0.041786 
1743  0.10822 -0.91594 0.84224 -0.080897 0.040777 
1744  0.078816 -1.0677 0.90579 -0.0014405 0.043355 
1745  0.068614 -1.1327 0.90797 -0.011759 0.042777 
1746  0.082817 -1.0443 0.90411 -0.042302 0.041856 
1747  0.085217 -1.0308 0.90273 -0.0026422 0.044089 
1748  0.093419 -0.98697 0.89339 0.045495 0.046161 
1749  0.097019 -0.96882 0.88435 0.0096510 0.044747 
1750  0.073415 -1.1011 0.90728 -0.014409 0.042837 
1751  0.096019 -0.97380 0.88720 -0.032842 0.042755 
1752  0.10062 -0.95126 0.87279 0.034903 0.046169 
1753  0.094419 -0.98187 0.89119 0.024751 0.045701 
1754  0.092418 -0.99213 0.89511 0.027690 0.045577 
1755  0.089818 -1.0058 0.89861 -0.036934 0.042345 
1756  0.095619 -0.97581 0.88820 -0.0044295 0.044144 
1757  0.077816 -1.0738 0.90624 -0.028224 0.042376 
1758  0.086617 -1.0230 0.90174 -0.011883 0.043416 
1759  0.10002 -0.95415 0.87487 0.040171 0.046481 
1760  0.087618 -1.0176 0.90086 0.0012605 0.044218 
1761  0.10322 -0.93892 0.86267 -0.079011 0.040936 
1762  0.094819 -0.97984 0.89024 -0.023934 0.043136 
1763  0.081016 -1.0547 0.90490 -0.033834 0.042074 
1764  0.10282 -0.94080 0.86431 0.048187 0.047539 
1765  0.10462 -0.93239 0.85695 0.058892 0.048136 
1766  0.096219 -0.97280 0.88654 -0.0039237 0.044066 
1767  0.073615 -1.0998 0.90724 -0.00081677 0.043513 
1768  0.090218 -1.0036 0.89815 -0.026268 0.042863 
1769  0.095819 -0.97480 0.88778 -0.054493 0.041608 
1770  0.096619 -0.97081 0.88554 -0.070421 0.041082 
1771  0.095219 -0.97782 0.88932 -0.022603 0.042852 
1772  0.087017 -1.0209 0.90142 0.014159 0.044625 
1773  0.098020 -0.96388 0.88148 0.0088137 0.044792 
1774  0.084617 -1.0341 0.90312 0.0082036 0.044489 
1775  0.091418 -0.99733 0.89664 0.012772 0.044962 
1776  0.089218 -1.0090 0.89929 -0.0052054 0.043899 
1777  0.093619 -0.98595 0.89309 -0.0026460 0.043802 
1778  0.074615 -1.0935 0.90705 0.0077658 0.043801 
1779  0.085617 -1.0286 0.90241 -0.037144 0.042278 
1780  0.093619 -0.98595 0.89309 0.015727 0.045209 
1781  0.093019 -0.98903 0.89418 0.00079790 0.044293 
1782  0.10682 -0.92228 0.84815 -0.083459 0.040819 
1783  0.096419 -0.97180 0.88606 0.00051526 0.044254 
1784  0.084817 -1.0330 0.90299 -0.0091550 0.043316 
1785  0.092218 -0.99316 0.89538 0.016225 0.045201 
1786  0.094419 -0.98187 0.89119 0.023296 0.045518 
1787  0.094819 -0.97984 0.89024 0.010708 0.044781 
1788  0.091418 -0.99733 0.89664 0.020553 0.045183 
1789  0.090418 -1.0026 0.89793 -0.011237 0.043396 
1790  0.098620 -0.96094 0.87954 -0.050450 0.041925 
1791  0.081016 -1.0547 0.90490 -0.024472 0.042547 
1792  0.095619 -0.97581 0.88820 -0.0064458 0.043940 
1793  0.072014 -1.1101 0.90756 0.0069428 0.043652 
1794  0.082817 -1.0443 0.90411 -0.047892 0.041650 
1795  0.10482 -0.93146 0.85607 0.052154 0.046730 
1796  0.10082 -0.95030 0.87180 0.061235 0.047583 
1797  0.10322 -0.93892 0.86267 0.054832 0.046960 
1798  0.099420 -0.95705 0.87694 0.048079 0.046569 
1799  0.091618 -0.99629 0.89636 0.0047268 0.044338 
1800  0.082416 -1.0466 0.90429 -0.0080557 0.043290 
1801  0.090418 -1.0026 0.89793 0.017349 0.044891 
1802  0.094419 -0.98187 0.89119 -0.039117 0.042228 
1803  0.085217 -1.0308 0.90273 -0.039151 0.042079 
1804  0.071414 -1.1140 0.90767 0.018867 0.044002 
1805  0.10202 -0.94458 0.86735 0.051605 0.047765 
1806  0.10182 -0.94553 0.86828 -0.056309 0.041730 
1807  0.078416 -1.0701 0.90597 -0.029483 0.042119 
1808  0.085417 -1.0297 0.90260 -0.024377 0.042726 
1809  0.090018 -1.0047 0.89838 0.017053 0.045060 
1810  0.090418 -1.0026 0.89793 0.015327 0.045082 
1811  0.091018 -0.99943 0.89718 0.011784 0.044857 
1812  0.095619 -0.97581 0.88820 0.0083287 0.044673 
1813  0.099020 -0.95899 0.87822 -0.053471 0.041793 
1814  0.097419 -0.96684 0.88325 0.030624 0.045623 
1815  0.096819 -0.96981 0.88496 0.021826 0.045399 
1816  0.11942 -0.86768 0.79363 0.082964 0.048500 
1817  0.086417 -1.0241 0.90191 0.0013851 0.043963 
1818  0.14743 -0.76215 0.70512 0.15500 0.055978 
1819  0.14343 -0.77613 0.72748 0.14792 0.055705 
1820  0.092819 -0.99006 0.89452 -0.038794 0.042231 
1821  0.096619 -0.97081 0.88554 -0.0043022 0.043791 
1822  0.091618 -0.99629 0.89636 -0.0029926 0.044013 
1823  0.094819 -0.97984 0.89024 -0.0055569 0.043746 
1824  0.094819 -0.97984 0.89024 0.00013561 0.044225 
1825  0.10282 -0.94080 0.86431 0.012063 0.045008 
1826  0.081216 -1.0536 0.90483 -0.014703 0.042799 
1827  0.094419 -0.98187 0.89119 0.0081421 0.044649 
1828  0.074615 -1.0935 0.90705 -0.025866 0.042269 
1829  0.092218 -0.99316 0.89538 0.0026162 0.043893 
1830  0.082416 -1.0466 0.90429 -0.043045 0.041811 
1831  0.096019 -0.97380 0.88720 0.0087624 0.044736 
1832  0.097219 -0.96783 0.88384 -0.050154 0.041896 
1833  0.087017 -1.0209 0.90142 -0.0080005 0.043604 
1834  0.071614 -1.1127 0.90763 -0.019266 0.042377 
1835  0.074415 -1.0948 0.90711 -0.0027326 0.043112 
1836  0.096419 -0.97180 0.88606 -0.047008 0.041977 
1837  0.090418 -1.0026 0.89793 -0.037486 0.042327 
1838  0.095819 -0.97480 0.88778 0.041995 0.046092 
1839  0.071414 -1.1140 0.90767 0.0034431 0.043322 
1840  0.082617 -1.0455 0.90419 0.013139 0.044695 
1841  0.087417 -1.0187 0.90103 -0.023682 0.042648 
1842  0.093619 -0.98595 0.89309 -0.045261 0.042161 
1843  0.092619 -0.99109 0.89483 0.0026163 0.044398 
1844  0.072414 -1.1075 0.90749 0.0010874 0.043465 
1845  0.084017 -1.0375 0.90352 0.0052216 0.043784 
1846  0.074215 -1.0960 0.90714 -0.010049 0.043038 
1847  0.085817 -1.0275 0.90228 0.0037797 0.044461 
1848  0.089218 -1.0090 0.89929 -0.025084 0.042845 
1849  0.084017 -1.0375 0.90352 -0.011134 0.043199 
1850  0.094019 -0.98390 0.89218 -0.027746 0.042748 
1851  0.097419 -0.96684 0.88325 -0.037340 0.042493 
1852  0.094019 -0.98390 0.89218 -0.033732 0.042728 
1853  0.085417 -1.0297 0.90260 -0.010586 0.043262 
1854  0.098820 -0.95997 0.87884 0.0068769 0.044731 
1855  0.087217 -1.0198 0.90121 -0.011799 0.043102 
1856  0.082216 -1.0478 0.90439 0.012426 0.044671 
1857  0.082416 -1.0466 0.90429 0.040838 0.045229 
1858  0.080816 -1.0559 0.90500 -0.0099018 0.043351 
1859  0.094419 -0.98187 0.89119 0.027997 0.045516 
1860  0.092619 -0.99109 0.89483 -0.00027745 0.043968 
1861  0.087217 -1.0198 0.90121 -0.0090795 0.043353 
1862  0.086817 -1.0220 0.90161 0.0016992 0.044040 
1863  0.087818 -1.0165 0.90067 0.0068039 0.044500 
1864  0.075015 -1.0910 0.90696 -0.026508 0.042298 
1865  0.096419 -0.97180 0.88606 0.020766 0.045305 
1866  0.082216 -1.0478 0.90439 -0.0077768 0.043289 
1867  0.092819 -0.99006 0.89452 -0.033524 0.042215 
1868  0.084017 -1.0375 0.90352 -0.0022776 0.043706 
1869  0.084817 -1.0330 0.90299 0.014279 0.044257 
1870  0.083217 -1.0421 0.90394 -0.00056479 0.043949 
1871  0.078616 -1.0689 0.90590 -0.0096660 0.042907 
1872  0.083617 -1.0398 0.90375 0.014613 0.044286 
1873  0.074215 -1.0960 0.90714 0.0066209 0.043551 
1874  0.088018 -1.0154 0.90051 0.0072705 0.044642 
1875  0.086817 -1.0220 0.90161 0.00051665 0.043944 
1876  0.079816 -1.0618 0.90536 0.013770 0.044250 
1877  0.075015 -1.0910 0.90696 0.0027857 0.043430 
1878  0.094219 -0.98289 0.89166 0.039968 0.046522 
1879  0.088018 -1.0154 0.90051 -0.034617 0.042186 
1880  0.086217 -1.0252 0.90201 -0.0010016 0.044002 
1881  0.11022 -0.90701 0.83270 0.075939 0.049087 
1882  0.067814 -1.1382 0.90803 -0.0012088 0.043166 
1883  0.11102 -0.90348 0.82781 0.072295 0.048690 
1884  0.093419 -0.98697 0.89339 0.019854 0.045085 
1885  0.088618 -1.0122 0.89985 0.012593 0.044960 
1886  0.092418 -0.99213 0.89511 0.031518 0.045961 
1887  0.078816 -1.0677 0.90579 -0.012160 0.043221 
1888  0.12342 -0.85139 0.78006 0.093945 0.050695 
1889  0.10042 -0.95222 0.87359 -0.062706 0.041477 
1890  0.11762 -0.87516 0.79897 0.098710 0.051485 
1891  0.096019 -0.97380 0.88720 -0.040861 0.042066 
1892  0.088018 -1.0154 0.90051 -0.0048741 0.043790 
1893  0.079616 -1.0630 0.90545 0.037468 0.045058 
1894  0.094819 -0.97984 0.89024 0.0016934 0.044343 
1895  0.072214 -1.1088 0.90754 -0.0039724 0.043151 
1896  0.084417 -1.0353 0.90329 -0.020049 0.042905 
1897  0.10422 -0.93425 0.85871 0.055774 0.047837 
1898  0.11602 -0.88190 0.80488 0.056150 0.048261 
1899  0.11742 -0.87600 0.80202 0.066117 0.048865 
1900  0.096619 -0.97081 0.88554 -0.050947 0.041723 
1901  0.11042 -0.90613 0.83162 0.052741 0.048026 
1902  0.092018 -0.99420 0.89575 -0.064146 0.041232 
1903  0.090018 -1.0047 0.89838 -0.056488 0.041438 
1904  0.10142 -0.94743 0.86933 0.046484 0.046743 
1905  0.085017 -1.0319 0.90286 0.0041762 0.044111 
1906  0.096419 -0.97180 0.88606 0.0024621 0.044341 
1907  0.087417 -1.0187 0.90103 0.016079 0.045064 
1908  0.079816 -1.0618 0.90536 -0.017952 0.042770 
1909  0.096219 -0.97280 0.88654 0.0066546 0.044638 
1910  0.075415 -1.0885 0.90684 -0.018942 0.042578 
1911  0.087417 -1.0187 0.90103 -0.0022621 0.043979 
1912  0.085817 -1.0275 0.90228 -0.00034774 0.043817 
1913  0.072214 -1.1088 0.90754 0.019931 0.044134 
1914  0.096419 -0.97180 0.88606 0.0098906 0.044605 
1915  0.075215 -1.0897 0.90690 -0.0083706 0.043042 
1916  0.093019 -0.98903 0.89418 0.0026382 0.044288 
1917  0.090418 -1.0026 0.89793 -0.020270 0.043172 
1918  0.087417 -1.0187 0.90103 -0.0030110 0.043915 
1919  0.081616 -1.0512 0.90464 -0.037449 0.041982 
1920  0.064413 -1.1621 0.90819 -0.0076068 0.042702 
1921  0.072214 -1.1088 0.90754 -0.0077292 0.042945 
1922  0.082617 -1.0455 0.90419 -0.0039500 0.043837 
1923  0.092218 -0.99316 0.89538 -0.00098669 0.044126 
1924  0.091818 -0.99524 0.89609 0.018942 0.044849 
1925  0.062212 -1.1782 0.90825 -0.0087574 0.042671 
1926  0.093819 -0.98493 0.89259 -0.038800 0.042357 
1927  0.088818 -1.0111 0.89965 -0.018799 0.043307 
1928  0.091218 -0.99838 0.89699 -0.032017 0.042225 
1929  0.081416 -1.0524 0.90474 -0.035167 0.042059 
1930  0.075015 -1.0910 0.90696 0.028001 0.044599 
1931  0.088818 -1.0111 0.89965 -0.0011289 0.043873 
1932  0.092218 -0.99316 0.89538 -0.026230 0.042996 
1933  0.094219 -0.98289 0.89166 -0.049067 0.041941 
1934  0.079416 -1.0642 0.90550 -0.0024039 0.043516 
1935  0.096019 -0.97380 0.88720 -0.0026706 0.044108 
1936  0.092018 -0.99420 0.89575 0.0037956 0.044423 
1937  0.094819 -0.97984 0.89024 -0.028080 0.042992 
1938  0.091418 -0.99733 0.89664 -0.013441 0.043226 
1939  0.093619 -0.98595 0.89309 -0.040625 0.042428 
1940  0.093819 -0.98493 0.89259 -0.022017 0.043208 
1941  0.077816 -1.0738 0.90624 -0.042161 0.041801 
1942  0.098820 -0.95997 0.87884 -0.061619 0.041354 
1943  0.076015 -1.0848 0.90672 -0.010562 0.042946 
1944  0.10922 -0.91146 0.83831 0.052342 0.047777 
1945  0.079216 -1.0653 0.90564 0.0096727 0.043747 
1946  0.081216 -1.0536 0.90483 0.0085321 0.043673 
1947  0.092018 -0.99420 0.89575 -0.0011937 0.044012 
1948  0.080216 -1.0594 0.90523 -0.041166 0.041737 
1949  0.089418 -1.0079 0.89909 0.010186 0.044844 
1950  0.088418 -1.0133 0.90005 -0.0077120 0.043321 
1951  0.089218 -1.0090 0.89929 -0.049053 0.041728 
1952  0.091418 -0.99733 0.89664 -0.058882 0.041397 
1953  0.089218 -1.0090 0.89929 -0.026767 0.042588 
1954  0.084017 -1.0375 0.90352 -0.0090502 0.043311 
1955  0.092619 -0.99109 0.89483 0.023215 0.045321 
1956  0.087618 -1.0176 0.90086 0.0043153 0.044229 
1957  0.087017 -1.0209 0.90142 -0.025925 0.042611 
1958  0.10162 -0.94648 0.86887 0.045483 0.047241 
1959  0.095419 -0.97681 0.88876 0.0052352 0.044510 
1960  0.13103 -0.82165 0.75880 0.11790 0.052427 
1961  0.098020 -0.96388 0.88148 -0.042779 0.042360 
1962  0.087017 -1.0209 0.90142 0.0012595 0.044133 
1963  0.094619 -0.98085 0.89074 0.013765 0.044973 
1964  0.089618 -1.0068 0.89884 -0.044966 0.041938 
1965  0.098820 -0.95997 0.87884 0.0099117 0.045201 
1966  0.082216 -1.0478 0.90439 -0.017220 0.042814 
1967  0.10282 -0.94080 0.86431 -0.077697 0.040855 
1968  0.11082 -0.90436 0.82962 -0.080690 0.040871 
1969  0.10002 -0.95415 0.87487 -0.067657 0.041206 
1970  0.096219 -0.97280 0.88654 -0.053185 0.041711 
1971  0.093619 -0.98595 0.89309 0.026744 0.045536 
1972  0.084617 -1.0341 0.90312 -0.038257 0.041980 
1973  0.094019 -0.98390 0.89218 0.018158 0.045563 
1974  0.099420 -0.95705 0.87694 0.040915 0.046805 
1975  0.086017 -1.0264 0.90215 -0.026376 0.042432 
1976  0.092819 -0.99006 0.89452 0.014797 0.044844 
1977  0.078216 -1.0713 0.90604 0.014967 0.044292 
1978  0.084217 -1.0364 0.90341 -0.017312 0.042639 
1979  0.089618 -1.0068 0.89884 0.0039631 0.044254 
1980  0.089418 -1.0079 0.89909 -0.00071477 0.044043 
1981  0.092619 -0.99109 0.89483 0.011331 0.044894 
1982  0.095619 -0.97581 0.88820 0.0084609 0.044714 
1983  0.088218 -1.0143 0.90027 0.0020850 0.044246 
1984  0.086817 -1.0220 0.90161 0.020509 0.045090 
1985  0.095819 -0.97480 0.88778 0.013418 0.045032 
1986  0.091618 -0.99629 0.89636 0.012742 0.044740 
1987  0.086617 -1.0230 0.90174 0.0056993 0.044469 
1988  0.091218 -0.99838 0.89699 0.0098166 0.044704 
1989  0.091018 -0.99943 0.89718 0.0056654 0.044578 
1990  0.089018 -1.0100 0.89950 0.011110 0.044700 
1991  0.089218 -1.0090 0.89929 0.0021548 0.044019 
1992  0.088218 -1.0143 0.90027 0.0080694 0.044559 
1993  0.078216 -1.0713 0.90604 -0.031311 0.042108 
1994  0.078816 -1.0677 0.90579 -0.029814 0.042147 
1995  0.082617 -1.0455 0.90419 -0.030321 0.042226 
1996  0.086817 -1.0220 0.90161 0.0017703 0.044107 
1997  0.085817 -1.0275 0.90228 0.011919 0.044877 
1998  0.088018 -1.0154 0.90051 -0.048612 0.041688 
1999  0.087217 -1.0198 0.90121 -0.025425 0.042940 
2000  0.084417 -1.0353 0.90329 0.0028167 0.043919 
2001  0.092819 -0.99006 0.89452 0.026005 0.045295 
2002  0.097620 -0.96585 0.88260 0.031644 0.046095 
2003  0.085017 -1.0319 0.90286 0.022085 0.044696 
2004  0.086417 -1.0241 0.90191 -0.023168 0.042719 
2005  0.098220 -0.96290 0.88065 -0.063592 0.041292 
2006  0.085817 -1.0275 0.90228 -0.021334 0.042931 
2007  0.089018 -1.0100 0.89950 0.0042889 0.044497 
2008  0.089818 -1.0058 0.89861 -0.038196 0.042261 
2009  0.10002 -0.95415 0.87487 -0.050865 0.042023 
2010  0.085217 -1.0308 0.90273 -0.0017052 0.043896 
2011  0.073215 -1.1024 0.90733 -0.026841 0.042188 
2012  0.088818 -1.0111 0.89965 -0.028775 0.042461 
2013  0.086017 -1.0264 0.90215 -0.036666 0.042011 
2014  0.081016 -1.0547 0.90490 -0.026560 0.042264 
2015  0.091018 -0.99943 0.89718 0.024605 0.045692 
2016  0.076615 -1.0811 0.90658 -0.016852 0.042684 
2017  0.083817 -1.0387 0.90364 -0.037266 0.041931 
2018  0.083617 -1.0398 0.90375 -0.0069094 0.043267 
2019  0.10622 -0.92502 0.85039 0.047843 0.047579 
2020  0.10002 -0.95415 0.87487 -0.0012083 0.044431 
2021  0.084417 -1.0353 0.90329 -0.016228 0.042846 
2022  0.088618 -1.0122 0.89985 -0.033844 0.042415 
2023  0.082216 -1.0478 0.90439 -0.0040303 0.043384 
2024  0.074615 -1.0935 0.90705 -0.022740 0.042435 
2025  0.061612 -1.1827 0.90827 -0.017221 0.042341 
2026  0.093819 -0.98493 0.89259 -6.3987e-05 0.044344 
2027  0.087818 -1.0165 0.90067 -0.055327 0.041425 
2028  0.095419 -0.97681 0.88876 -0.053457 0.041490 
2029  0.094019 -0.98390 0.89218 -0.066195 0.041092 
2030  0.069814 -1.1246 0.90786 -0.010928 0.042631 
2031  0.090018 -1.0047 0.89838 -0.045391 0.041764 
2032  0.095619 -0.97581 0.88820 0.021715 0.045642 
2033  0.094619 -0.98085 0.89074 0.00066531 0.043893 
2034  0.091618 -0.99629 0.89636 -0.0024262 0.044265 
2035  0.090418 -1.0026 0.89793 0.010421 0.044376 
2036  0.076215 -1.0835 0.90667 -0.0048600 0.043394 
2037  0.091818 -0.99524 0.89609 -0.053306 0.041616 
2038  0.081616 -1.0512 0.90464 0.0063653 0.044108 
2039  0.076415 -1.0823 0.90662 -0.0011041 0.043396 
2040  0.086817 -1.0220 0.90161 0.0041009 0.043898 
2041  0.080616 -1.0571 0.90510 0.0095179 0.044314 
2042  0.071814 -1.1114 0.90761 -0.014586 0.042610 
2043  0.079616 -1.0630 0.90545 0.0031749 0.043685 
2044  0.078616 -1.0689 0.90590 -0.014747 0.042757 
2045  0.10082 -0.95030 0.87180 0.018949 0.045411 
2046  0.10362 -0.93705 0.86123 0.050504 0.047168 
2047  0.11422 -0.88957 0.81210 0.073117 0.049115 
2048  0.079616 -1.0630 0.90545 -0.032772 0.042060 
2049  0.082617 -1.0455 0.90419 0.0051566 0.044276 
2050  0.081816 -1.0501 0.90456 -0.011928 0.043337 
2051  0.12442 -0.84739 0.77823 0.096487 0.050862 
2052  0.072615 -1.1062 0.90744 0.0058946 0.043502 
2053  0.096019 -0.97380 0.88720 -0.0023623 0.044138 
2054  0.088218 -1.0143 0.90027 -0.017000 0.043122 
2055  0.095219 -0.97782 0.88932 -0.031029 0.042660 
2056  0.086417 -1.0241 0.90191 -0.018477 0.042764 
2057  0.084817 -1.0330 0.90299 -0.025117 0.042552 
2058  0.10122 -0.94839 0.87010 -0.071017 0.041146 
2059  0.090618 -1.0015 0.89767 0.00057397 0.044177 
2060  0.079216 -1.0653 0.90564 -0.0077517 0.043320 
2061  0.088418 -1.0133 0.90005 0.0068018 0.044269 
2062  0.10282 -0.94080 0.86431 -0.076744 0.040992 
2063  0.10102 -0.94934 0.87115 -0.068751 0.041122 
2064  0.093019 -0.98903 0.89418 -0.051633 0.041596 
2065  0.090818 -1.0005 0.89745 -0.048105 0.041675 
2066  0.11402 -0.89043 0.81257 0.085027 0.048549 
2067  0.10182 -0.94553 0.86828 0.015498 0.045225 
2068  0.077616 -1.0750 0.90628 -0.012884 0.043127 
2069  0.085217 -1.0308 0.90273 0.025531 0.045427 
2070  0.090418 -1.0026 0.89793 -0.0011214 0.044115 
2071  0.097620 -0.96585 0.88260 0.0019958 0.044454 
2072  0.090018 -1.0047 0.89838 0.026395 0.045379 
2073  0.081016 -1.0547 0.90490 -0.023976 0.042608 
2074  0.086617 -1.0230 0.90174 -0.011122 0.043329 
2075  0.085617 -1.0286 0.90241 -0.016066 0.043018 
2076  0.081216 -1.0536 0.90483 -0.013327 0.043005 
2077  0.099220 -0.95802 0.87752 -0.030636 0.042804 
2078  0.099420 -0.95705 0.87694 -0.038446 0.042554 
2079  0.087818 -1.0165 0.90067 -0.050745 0.041603 
2080  0.089418 -1.0079 0.89909 -0.020494 0.042779 
2081  0.090018 -1.0047 0.89838 -0.0022919 0.043916 
2082  0.090618 -1.0015 0.89767 -0.0041506 0.044168 
2083  0.078016 -1.0725 0.90614 -0.0064672 0.043274 
2084  0.077415 -1.0762 0.90633 -0.0033616 0.043651 
2085  0.14663 -0.76492 0.71014 0.14022 0.054390 
2086  0.087217 -1.0198 0.90121 0.0087865 0.044316 
2087  0.091418 -0.99733 0.89664 0.0024084 0.044284 
2088  0.15183 -0.74712 0.68804 0.13955 0.054321 
2089  0.086817 -1.0220 0.90161 0.0070981 0.044108 
2090  0.090418 -1.0026 0.89793 0.0039185 0.044412 
2091  0.088018 -1.0154 0.90051 0.0033957 0.044287 
2092  0.082016 -1.0489 0.90446 0.013875 0.044721 
2093  0.10382 -0.93611 0.86015 0.063485 0.047296 
2094  0.094419 -0.98187 0.89119 0.010687 0.044791 
2095  0.083617 -1.0398 0.90375 -0.010982 0.043274 
2096  0.073615 -1.0998 0.90724 0.0064808 0.043651 
2097  0.095419 -0.97681 0.88876 0.015216 0.045245 
2098  0.084417 -1.0353 0.90329 -0.021084 0.042854 
2099  0.11042 -0.90613 0.83162 0.068007 0.047687 
2100  0.094219 -0.98289 0.89166 0.029114 0.045239 
2101  0.088018 -1.0154 0.90051 -0.021852 0.042921 
2102  0.11302 -0.89475 0.81864 0.085062 0.049740 
2103  0.079216 -1.0653 0.90564 -0.031797 0.042323 
2104  0.094819 -0.97984 0.89024 0.014592 0.045178 
2105  0.086617 -1.0230 0.90174 0.0038021 0.044324 
2106  0.079416 -1.0642 0.90550 -0.032440 0.042215 
2107  0.11142 -0.90172 0.82589 0.072125 0.048900 
2108  0.075015 -1.0910 0.90696 -0.0085535 0.042981 
2109  0.082817 -1.0443 0.90411 -0.0047252 0.043724 
2110  0.087017 -1.0209 0.90142 -0.031431 0.042218 
2111  0.086617 -1.0230 0.90174 0.0036963 0.044260 
2112  0.11182 -0.89997 0.82386 0.059004 0.047888 
2113  0.090418 -1.0026 0.89793 -0.0097446 0.043821 
2114  0.094819 -0.97984 0.89024 -0.012806 0.043382 
2115  0.085217 -1.0308 0.90273 -0.0090149 0.043256 
2116  0.083617 -1.0398 0.90375 -0.016513 0.043114 
2117  0.087217 -1.0198 0.90121 -0.022158 0.043010 
2118  0.090418 -1.0026 0.89793 0.0038563 0.044549 
2119  0.089018 -1.0100 0.89950 -0.0060772 0.043855 
2120  0.088618 -1.0122 0.89985 0.033381 0.045816 
2121  0.12042 -0.86356 0.78922 0.087072 0.048964 
2122  0.089418 -1.0079 0.89909 0.0029863 0.044305 
2123  0.078616 -1.0689 0.90590 0.033279 0.045357 
2124  0.075215 -1.0897 0.90690 0.021988 0.044301 
2125  0.079216 -1.0653 0.90564 -0.0071275 0.043201 
2126  0.076215 -1.0835 0.90667 0.023613 0.044713 
2127  0.071214 -1.1153 0.90771 -0.0036567 0.043119 
2128  0.083217 -1.0421 0.90394 -0.039011 0.041928 
2129  0.078616 -1.0689 0.90590 -0.039410 0.041736 
2130  0.080216 -1.0594 0.90523 -0.033428 0.042075 
2131  0.082216 -1.0478 0.90439 -0.048076 0.041530 
2132  0.087618 -1.0176 0.90086 -0.042478 0.041931 
2133  0.077015 -1.0786 0.90646 -0.025821 0.042177 
2134  0.098620 -0.96094 0.87954 0.046342 0.046868 
2135  0.086817 -1.0220 0.90161 -0.034492 0.042329 
2136  0.086417 -1.0241 0.90191 -0.0022268 0.043833 
2137  0.092218 -0.99316 0.89538 0.0038616 0.044493 
2138  0.092619 -0.99109 0.89483 0.0071599 0.044439 
2139  0.094419 -0.98187 0.89119 0.0025081 0.044397 
2140  0.098820 -0.95997 0.87884 0.023425 0.045500 
2141  0.089818 -1.0058 0.89861 0.012884 0.044809 
2142  0.087618 -1.0176 0.90086 0.010038 0.044429 
2143  0.092018 -0.99420 0.89575 0.00073307 0.044386 
2144  0.085417 -1.0297 0.90260 0.0021750 0.044095 
2145  0.098420 -0.96192 0.88015 -0.049738 0.041837 
2146  0.091218 -0.99838 0.89699 0.0052767 0.044350 
2147  0.095019 -0.97883 0.88978 0.0060352 0.044323 
2148  0.079016 -1.0665 0.90571 0.0037869 0.043488 
2149  0.077816 -1.0738 0.90624 -0.0047115 0.043292 
2150  0.090418 -1.0026 0.89793 0.028565 0.045814 
2151  0.089818 -1.0058 0.89861 0.0061492 0.044355 
2152  0.083217 -1.0421 0.90394 -0.036386 0.041943 
2153  0.090818 -1.0005 0.89745 -0.048363 0.041665 
2154  0.094819 -0.97984 0.89024 -0.053263 0.041682 
2155  0.084617 -1.0341 0.90312 0.042830 0.045794 
2156  0.096819 -0.96981 0.88496 0.0078130 0.044803 
2157  0.071414 -1.1140 0.90767 0.00043513 0.043362 
2158  0.087017 -1.0209 0.90142 0.0096536 0.044165 
2159  0.074415 -1.0948 0.90711 0.00034592 0.043379 
2160  0.085817 -1.0275 0.90228 0.0087827 0.044242 
2161  0.088418 -1.0133 0.90005 0.032121 0.045217 
2162  0.096419 -0.97180 0.88606 0.055093 0.046831 
2163  0.079216 -1.0653 0.90564 0.0098016 0.043951 
2164  0.092418 -0.99213 0.89511 -0.0053325 0.043836 
2165  0.094019 -0.98390 0.89218 0.00013812 0.043996 
2166  0.10342 -0.93798 0.86175 0.052906 0.047739 
2167  0.093619 -0.98595 0.89309 0.0028021 0.044186 
2168  0.10942 -0.91057 0.83717 -0.079124 0.040887 
2169  0.098820 -0.95997 0.87884 -0.074570 0.040965 
2170  0.10442 -0.93332 0.85780 -0.080007 0.040839 
2171  0.10542 -0.92869 0.85384 0.048900 0.047407 
2172  0.10002 -0.95415 0.87487 -0.075441 0.040923 
2173  0.069014 -1.1300 0.90793 -0.013694 0.042771 
2174  0.087017 -1.0209 0.90142 0.011838 0.044894 
2175  0.10182 -0.94553 0.86828 -0.048066 0.041933 
2176  0.072214 -1.1088 0.90754 -0.015761 0.042548 
2177  0.088018 -1.0154 0.90051 -0.0040802 0.043749 
2178  0.089818 -1.0058 0.89861 0.017704 0.045021 
2179  0.087818 -1.0165 0.90067 -0.016086 0.043263 
2180  0.097019 -0.96882 0.88435 0.012440 0.044932 
2181  0.088018 -1.0154 0.90051 0.026722 0.045164 
2182  0.092819 -0.99006 0.89452 -0.0063529 0.043510 
2183  0.088018 -1.0154 0.90051 0.0028934 0.044053 
2184  0.077415 -1.0762 0.90633 -0.0019655 0.043398 
2185  0.078216 -1.0713 0.90604 -0.034870 0.042147 
2186  0.091218 -0.99838 0.89699 0.029742 0.045439 
2187  0.098220 -0.96290 0.88065 -0.061284 0.041410 
2188  0.082416 -1.0466 0.90429 0.0023967 0.044272 
2189  0.11562 -0.88359 0.80598 -0.090552 0.040714 
2190  0.083217 -1.0421 0.90394 0.0019403 0.043779 
2191  0.085417 -1.0297 0.90260 0.0016423 0.043950 
2192  0.083817 -1.0387 0.90364 -0.0062576 0.043737 
2193  0.093619 -0.98595 0.89309 0.057418 0.046668 
2194  0.081816 -1.0501 0.90456 -0.0055910 0.043308 
2195  0.094619 -0.98085 0.89074 0.027980 0.045439 
2196  0.096819 -0.96981 0.88496 -0.00034817 0.044162 
2197  0.18564 -0.64215 0.61818 0.19826 0.057272 
2198  0.077015 -1.0786 0.90646 -0.011133 0.043031 
2199  0.092018 -0.99420 0.89575 0.013950 0.044982 
2200  0.091218 -0.99838 0.89699 0.020065 0.044876 
2201  0.093419 -0.98697 0.89339 0.017216 0.044984 
2202  0.089218 -1.0090 0.89929 -0.0095172 0.043450 
2203  0.089418 -1.0079 0.89909 -0.014128 0.043306 
2204  0.094619 -0.98085 0.89074 -0.00085002 0.044138 
2205  0.088618 -1.0122 0.89985 -0.015327 0.043008 
2206  0.080816 -1.0559 0.90500 0.0012777 0.043643 
2207  0.10202 -0.94458 0.86735 0.055272 0.046569 
2208  0.091218 -0.99838 0.89699 0.0017153 0.044117 
2209  0.092619 -0.99109 0.89483 0.044276 0.045755 
2210  0.077816 -1.0738 0.90624 -0.0088257 0.043162 
2211  0.086217 -1.0252 0.90201 0.0090856 0.044542 
2212  0.093619 -0.98595 0.89309 0.023027 0.045037 
2213  0.097419 -0.96684 0.88325 0.023701 0.045784 
2214  0.068214 -1.1354 0.90800 -0.0047380 0.042953 
2215  0.081616 -1.0512 0.90464 -0.023885 0.042506 
2216  0.086617 -1.0230 0.90174 -0.038568 0.042081 
2217  0.084217 -1.0364 0.90341 -0.039564 0.042042 
2218  0.074815 -1.0922 0.90699 -0.036365 0.041992 
2219  0.093419 -0.98697 0.89339 -0.035010 0.042685 
2220  0.090418 -1.0026 0.89793 0.0071268 0.044426 
2221  0.086617 -1.0230 0.90174 0.0079319 0.044441 
2222  0.099020 -0.95899 0.87822 -0.037475 0.042555 
2223  0.10402 -0.93518 0.85920 0.037186 0.046413 
2224  0.090218 -1.0036 0.89815 0.00093327 0.044275 
2225  0.12583 -0.84183 0.77537 0.093009 0.050205 
2226  0.082416 -1.0466 0.90429 -0.011756 0.043242 
2227  0.090418 -1.0026 0.89793 0.0014364 0.044367 
2228  0.080416 -1.0582 0.90516 -0.018419 0.042777 
2229  0.091618 -0.99629 0.89636 0.0095898 0.044514 
2230  0.11342 -0.89302 0.81572 0.055542 0.047608 
2231  0.11102 -0.90348 0.82781 0.054419 0.047925 
2232  0.089618 -1.0068 0.89884 -0.0056717 0.043547 
2233  0.092018 -0.99420 0.89575 -0.0021687 0.043967 
2234  0.093619 -0.98595 0.89309 0.026338 0.045576 
2235  0.098020 -0.96388 0.88148 0.011260 0.044935 
2236  0.088018 -1.0154 0.90051 -0.058036 0.041381 
2237  0.086417 -1.0241 0.90191 -0.0046551 0.043498 
2238  0.092619 -0.99109 0.89483 -0.047332 0.041738 
2239  0.094419 -0.98187 0.89119 0.048787 0.046490 
2240  0.080616 -1.0571 0.90510 -0.011574 0.043172 
2241  0.095019 -0.97883 0.88978 0.019152 0.045195 
2242  0.090818 -1.0005 0.89745 0.0067531 0.044591 
2243  0.076615 -1.0811 0.90658 -0.021197 0.042536 
2244  0.099020 -0.95899 0.87822 0.023888 0.045677 
2245  0.10502 -0.93054 0.85562 -0.071279 0.041044 
2246  0.084017 -1.0375 0.90352 0.0070912 0.044266 
2247  0.093019 -0.98903 0.89418 -0.046968 0.042018 
2248  0.095419 -0.97681 0.88876 0.0055999 0.044506 
2249  0.068214 -1.1354 0.90800 -0.0041208 0.042828 
2250  0.085417 -1.0297 0.90260 0.0074837 0.044398 
2251  0.078016 -1.0725 0.90614 -0.015016 0.042926 
2252  0.088218 -1.0143 0.90027 0.0096483 0.044738 
2253  0.089618 -1.0068 0.89884 0.010298 0.044998 
2254  0.086217 -1.0252 0.90201 -0.021516 0.042696 
2255  0.081416 -1.0524 0.90474 -0.00093389 0.043501 
2256  0.092018 -0.99420 0.89575 0.0087999 0.044882 
2257  0.089618 -1.0068 0.89884 -0.00090853 0.044131 
2258  0.084417 -1.0353 0.90329 -0.0050157 0.043461 
2259  0.092819 -0.99006 0.89452 0.00041674 0.044088 
2260  0.086417 -1.0241 0.90191 -0.011350 0.043542 
2261  0.088618 -1.0122 0.89985 -0.036796 0.042060 
2262  0.094819 -0.97984 0.89024 0.0079972 0.044403 
2263  0.075015 -1.0910 0.90696 -0.0034287 0.043259 
2264  0.088418 -1.0133 0.90005 0.0053947 0.044523 
2265  0.088218 -1.0143 0.90027 -0.0029329 0.043934 
2266  0.072815 -1.1049 0.90740 -0.015876 0.042629 
2267  0.088618 -1.0122 0.89985 -0.036975 0.042319 
2268  0.098420 -0.96192 0.88015 -0.065258 0.041312 
2269  0.095619 -0.97581 0.88820 0.019571 0.045344 
2270  0.085417 -1.0297 0.90260 -0.014429 0.042978 
2271  0.098020 -0.96388 0.88148 0.0043707 0.044440 
2272  0.087618 -1.0176 0.90086 0.011600 0.044458 
2273  0.097019 -0.96882 0.88435 0.043655 0.045616 
2274  0.087417 -1.0187 0.90103 0.044310 0.045567 
2275  0.080216 -1.0594 0.90523 0.020085 0.044463 
2276  0.090618 -1.0015 0.89767 0.026515 0.045767 
2277  0.088418 -1.0133 0.90005 0.041691 0.045426 
2278  0.079216 -1.0653 0.90564 -0.0077989 0.043148 
2279  0.091218 -0.99838 0.89699 -0.013514 0.043136 
2280  0.092218 -0.99316 0.89538 0.0067261 0.044604 
2281  0.086017 -1.0264 0.90215 -0.047324 0.041705 
2282  0.095219 -0.97782 0.88932 -0.0097072 0.043668 
2283  0.10002 -0.95415 0.87487 0.052667 0.047176 
2284  0.091418 -0.99733 0.89664 0.0010182 0.044407 
2285  0.091618 -0.99629 0.89636 -0.050604 0.041612 
2286  0.085417 -1.0297 0.90260 0.020190 0.045028 
2287  0.090618 -1.0015 0.89767 -0.044341 0.041907 
2288  0.12302 -0.85300 0.78096 0.10406 0.051257 
2289  0.078416 -1.0701 0.90597 -0.0061499 0.043303 
2290  0.090818 -1.0005 0.89745 0.015085 0.045113 
2291  0.083617 -1.0398 0.90375 -0.037115 0.042034 
2292  0.075415 -1.0885 0.90684 -0.0026700 0.043367 
2293  0.081616 -1.0512 0.90464 -0.0020091 0.043926 
2294  0.090818 -1.0005 0.89745 0.038103 0.045460 
2295  0.084617 -1.0341 0.90312 0.033760 0.045082 
2296  0.091818 -0.99524 0.89609 0.0012386 0.044266 
2297  0.079016 -1.0665 0.90571 0.033824 0.044983 
2298  0.089018 -1.0100 0.89950 -0.0046982 0.043710 
2299  0.086617 -1.0230 0.90174 0.036121 0.045169 
2300  0.087618 -1.0176 0.90086 0.0033367 0.043918 
2301  0.088218 -1.0143 0.90027 0.031411 0.045403 
2302  0.077816 -1.0738 0.90624 0.020902 0.044697 
2303  0.089018 -1.0100 0.89950 -0.018081 0.043089 
2304  0.082216 -1.0478 0.90439 0.0055610 0.044224 
2305  0.097620 -0.96585 0.88260 -0.060736 0.041601 
2306  0.093219 -0.98800 0.89384 0.016481 0.045223 
2307  0.088018 -1.0154 0.90051 0.039561 0.045628 
2308  0.096619 -0.97081 0.88554 0.0069767 0.044513 
2309  0.097419 -0.96684 0.88325 0.015136 0.044982 
2310  0.096419 -0.97180 0.88606 0.024499 0.045702 
2311  0.089818 -1.0058 0.89861 0.0015002 0.044347 
2312  0.098020 -0.96388 0.88148 0.014581 0.045020 
2313  0.091418 -0.99733 0.89664 0.0068293 0.044467 
2314  0.089818 -1.0058 0.89861 -0.063330 0.041243 
2315  0.096819 -0.96981 0.88496 0.0024210 0.044395 
2316  0.085617 -1.0286 0.90241 -0.041222 0.041896 
2317  0.091618 -0.99629 0.89636 -0.0053031 0.043591 
2318  0.094019 -0.98390 0.89218 -0.061269 0.041477 
2319  0.093219 -0.98800 0.89384 -0.041904 0.042077 
2320  0.089418 -1.0079 0.89909 0.0068618 0.044417 
2321  0.087618 -1.0176 0.90086 -0.0020621 0.043723 
2322  0.078616 -1.0689 0.90590 -0.029045 0.042159 
2323  0.084617 -1.0341 0.90312 -0.0060212 0.043599 
2324  0.090818 -1.0005 0.89745 0.021664 0.045456 
2325  0.067413 -1.1409 0.90806 -0.018020 0.042522 
2326  0.088018 -1.0154 0.90051 0.011174 0.044791 
2327  0.087217 -1.0198 0.90121 -0.034204 0.042129 
2328  0.086017 -1.0264 0.90215 0.034692 0.046002 
2329  0.10102 -0.94934 0.87115 -0.055059 0.041567 
2330  0.080416 -1.0582 0.90516 -0.010356 0.043004 
2331  0.085017 -1.0319 0.90286 -0.0019934 0.043449 
2332  0.091218 -0.99838 0.89699 -0.057196 0.041360 
2333  0.097219 -0.96783 0.88384 -0.060111 0.041399 
2334  0.092018 -0.99420 0.89575 0.0096896 0.044841 
2335  0.091818 -0.99524 0.89609 0.0045446 0.044330 
2336  0.070214 -1.1220 0.90782 0.0097532 0.043696 
2337  0.093819 -0.98493 0.89259 0.015390 0.045142 
2338  0.085217 -1.0308 0.90273 -0.0016533 0.043681 
2339  0.089818 -1.0058 0.89861 0.014193 0.044871 
2340  0.11222 -0.89822 0.82207 0.052822 0.047621 
2341  0.093619 -0.98595 0.89309 0.0044172 0.044712 
2342  0.092218 -0.99316 0.89538 0.024991 0.045522 
2343  0.093019 -0.98903 0.89418 0.0097942 0.044821 
2344  0.090418 -1.0026 0.89793 0.0099678 0.044837 
2345  0.10202 -0.94458 0.86735 -0.063247 0.041319 
2346  0.089018 -1.0100 0.89950 -0.035580 0.042389 
2347  0.076215 -1.0835 0.90667 -0.017944 0.042886 
2348  0.094419 -0.98187 0.89119 -0.046896 0.041751 
2349  0.073215 -1.1024 0.90733 -0.015733 0.042746 
2350  0.081216 -1.0536 0.90483 -0.012538 0.043014 
2351  0.098220 -0.96290 0.88065 0.022296 0.045467 
2352  0.098220 -0.96290 0.88065 -0.037943 0.042339 
2353  0.091818 -0.99524 0.89609 0.0068172 0.044459 
2354  0.093619 -0.98595 0.89309 -0.030855 0.042590 
2355  0.11142 -0.90172 0.82589 -0.072924 0.041222 
2356  0.091418 -0.99733 0.89664 0.030723 0.045838 
2357  0.091818 -0.99524 0.89609 -0.044043 0.041897 
2358  0.095019 -0.97883 0.88978 0.017526 0.044947 
2359  0.085617 -1.0286 0.90241 -0.0076191 0.043520 
2360  0.089018 -1.0100 0.89950 -0.013986 0.043216 
2361  0.096419 -0.97180 0.88606 0.036714 0.046086 
2362  0.093219 -0.98800 0.89384 0.017610 0.045256 
2363  0.11322 -0.89388 0.81741 0.061888 0.048061 
2364  0.084417 -1.0353 0.90329 0.037881 0.045376 
2365  0.079416 -1.0642 0.90550 -0.036645 0.042012 
2366  0.098420 -0.96192 0.88015 0.016318 0.045199 
2367  0.097219 -0.96783 0.88384 0.014144 0.045068 
2368  0.093219 -0.98800 0.89384 -0.012809 0.043410 
2369  0.092619 -0.99109 0.89483 0.016307 0.044831 
2370  0.094619 -0.98085 0.89074 0.018192 0.045096 
2371  0.088418 -1.0133 0.90005 0.0010516 0.044101 
2372  0.091418 -0.99733 0.89664 -0.0038359 0.044109 
2373  0.089418 -1.0079 0.89909 0.00035367 0.044214 
2374  0.089618 -1.0068 0.89884 0.0020223 0.044321 
2375  0.089618 -1.0068 0.89884 -0.0080719 0.043767 
2376  0.095619 -0.97581 0.88820 -0.046231 0.042072 
2377  0.094019 -0.98390 0.89218 -0.0023867 0.043945 
2378  0.093419 -0.98697 0.89339 0.0022046 0.044201 
2379  0.088618 -1.0122 0.89985 0.0019737 0.044233 
2380  0.080616 -1.0571 0.90510 5.1733e-06 0.044030 
2381  0.092418 -0.99213 0.89511 0.0029972 0.044229 
2382  0.094019 -0.98390 0.89218 0.015984 0.044740 
2383  0.091818 -0.99524 0.89609 0.044100 0.046103 
2384  0.086017 -1.0264 0.90215 -0.0028667 0.044104 
2385  0.094019 -0.98390 0.89218 0.0044202 0.044483 
2386  0.089418 -1.0079 0.89909 0.016420 0.044883 
2387  0.10502 -0.93054 0.85562 -0.018209 0.043711 
2388  0.092418 -0.99213 0.89511 0.010342 0.044750 
2389  0.14003 -0.78827 0.73827 0.13398 0.054180 
2390  0.085817 -1.0275 0.90228 -0.045520 0.041739 
2391  0.10962 -0.90968 0.83624 -0.087741 0.040811 
2392  0.073215 -1.1024 0.90733 -0.023639 0.042401 
2393  0.079816 -1.0618 0.90536 -0.036200 0.042108 
2394  0.10442 -0.93332 0.85780 0.010672 0.044941 
2395  0.088218 -1.0143 0.90027 -0.010740 0.043365 
2396  0.089618 -1.0068 0.89884 -0.039591 0.041986 
2397  0.098620 -0.96094 0.87954 0.031219 0.045922 
2398  0.094419 -0.98187 0.89119 0.021752 0.045450 
2399  0.085617 -1.0286 0.90241 -0.039638 0.041841 
2400  0.084817 -1.0330 0.90299 -0.012686 0.043010 
2401  0.084017 -1.0375 0.90352 -0.013713 0.042926 
2402  0.093019 -0.98903 0.89418 0.0019113 0.044403 
2403  0.064013 -1.1650 0.90821 0.016450 0.043692 
2404  0.091218 -0.99838 0.89699 0.0078149 0.044559 
2405  0.086817 -1.0220 0.90161 -0.0052065 0.043882 
2406  0.080016 -1.0606 0.90530 -0.0020263 0.043611 
2407  0.10022 -0.95318 0.87410 0.013893 0.045161 
2408  0.088218 -1.0143 0.90027 -0.050634 0.041639 
2409  0.087417 -1.0187 0.90103 -0.015611 0.043237 
2410  0.085217 -1.0308 0.90273 -0.0064571 0.043790 
2411  0.086817 -1.0220 0.90161 -0.0016592 0.043985 
2412  0.13023 -0.82471 0.76367 0.11039 0.052197 
2413  0.079216 -1.0653 0.90564 0.014604 0.043903 
2414  0.077616 -1.0750 0.90628 0.022717 0.044297 
2415  0.14843 -0.75870 0.70249 0.14932 0.055349 
2416  0.090218 -1.0036 0.89815 0.0093744 0.044774 
2417  0.094419 -0.98187 0.89119 -0.033374 0.042691 
2418  0.080816 -1.0559 0.90500 -0.0095177 0.043102 
2419  0.096819 -0.96981 0.88496 -0.025666 0.043101 
2420  0.087217 -1.0198 0.90121 -0.0031572 0.043998 
2421  0.084617 -1.0341 0.90312 -0.014380 0.042881 
2422  0.088418 -1.0133 0.90005 -0.0016249 0.044114 
2423  0.31206 -0.34331 0.47538 0.47940 0.085854 
2424  0.15203 -0.74645 0.68151 0.15453 0.055985 
2425  0.085417 -1.0297 0.90260 -0.019519 0.042817 
2426  0.12783 -0.83399 0.77031 0.10444 0.051858 
2427  0.086017 -1.0264 0.90215 -0.0011339 0.043943 
2428  0.087017 -1.0209 0.90142 -0.035390 0.042100 
2429  0.095819 -0.97480 0.88778 0.039540 0.046510 
2430  0.083417 -1.0409 0.90384 -0.026530 0.042523 
2431  0.089018 -1.0100 0.89950 -0.042230 0.041910 
2432  0.086417 -1.0241 0.90191 0.0014066 0.044100 
2433  0.091018 -0.99943 0.89718 -0.041998 0.041948 
2434  0.10402 -0.93518 0.85920 -0.077491 0.040933 
2435  0.087618 -1.0176 0.90086 -0.043681 0.042021 
2436  0.090418 -1.0026 0.89793 0.020553 0.045446 
2437  0.084817 -1.0330 0.90299 -0.013917 0.043402 
2438  0.083217 -1.0421 0.90394 -0.035755 0.042244 
2439  0.090818 -1.0005 0.89745 0.0082066 0.044736 
2440  0.086217 -1.0252 0.90201 -0.048529 0.041573 
2441  0.073815 -1.0986 0.90720 0.0071154 0.043608 
2442  0.089618 -1.0068 0.89884 -0.024391 0.042651 
2443  0.085817 -1.0275 0.90228 -0.0085230 0.043297 
2444  0.094419 -0.98187 0.89119 0.012696 0.044932 
2445  0.090818 -1.0005 0.89745 0.015162 0.044953 
2446  0.089218 -1.0090 0.89929 0.010139 0.044850 
2447  0.089818 -1.0058 0.89861 0.019892 0.045342 
2448  0.087818 -1.0165 0.90067 0.017004 0.044764 
2449  0.089618 -1.0068 0.89884 0.012454 0.044539 
2450  0.081816 -1.0501 0.90456 -0.0076482 0.043175 
2451  0.091218 -0.99838 0.89699 -0.027071 0.042707 
2452  0.093819 -0.98493 0.89259 -0.019955 0.043246 
2453  0.097019 -0.96882 0.88435 -0.031626 0.042726 
2454  0.098820 -0.95997 0.87884 -0.031629 0.042990 
2455  0.095019 -0.97883 0.88978 0.032297 0.046038 
2456  0.081616 -1.0512 0.90464 -0.013267 0.043119 
2457  0.092819 -0.99006 0.89452 -0.0029371 0.043986 
2458  0.081016 -1.0547 0.90490 0.0095255 0.044292 
2459  0.077816 -1.0738 0.90624 -0.0053208 0.042967 
2460  0.10062 -0.95126 0.87279 0.030014 0.045500 
2461  0.093819 -0.98493 0.89259 0.035514 0.045679 
2462  0.082617 -1.0455 0.90419 -0.025542 0.042507 
2463  0.075415 -1.0885 0.90684 -0.0043305 0.043169 
2464  0.11722 -0.87684 0.80260 0.071688 0.048199 
2465  0.077816 -1.0738 0.90624 -0.00036931 0.043325 
2466  0.087417 -1.0187 0.90103 -0.051241 0.041588 
2467  0.092819 -0.99006 0.89452 0.0013086 0.044196 
2468  0.081816 -1.0501 0.90456 -0.037238 0.042054 
2469  0.10042 -0.95222 0.87359 -0.054224 0.041786 
2470  0.10002 -0.95415 0.87487 -0.045472 0.042212 
2471  0.080616 -1.0571 0.90510 0.0022493 0.043893 
2472  0.089618 -1.0068 0.89884 -0.042757 0.041840 
2473  0.068814 -1.1314 0.90795 -0.00039817 0.043188 
2474  0.084417 -1.0353 0.90329 -0.014779 0.043024 
2475  0.079016 -1.0665 0.90571 -0.029352 0.042145 
2476  0.066213 -1.1493 0.90810 -0.0012028 0.043180 
2477  0.073215 -1.1024 0.90733 -0.0011285 0.043231 
2478  0.10422 -0.93425 0.85871 -0.020182 0.043225 
2479  0.079816 -1.0618 0.90536 -0.0016918 0.043663 
2480  0.093619 -0.98595 0.89309 0.016742 0.045047 
2481  0.080616 -1.0571 0.90510 0.0015535 0.043671 
2482  0.10002 -0.95415 0.87487 -0.026396 0.043049 
2483  0.089418 -1.0079 0.89909 -0.027068 0.042697 
2484  0.13143 -0.82012 0.75752 0.10256 0.050104 
2485  0.088418 -1.0133 0.90005 -0.048617 0.041709 
2486  0.096819 -0.96981 0.88496 0.014684 0.045291 
2487  0.095419 -0.97681 0.88876 0.055652 0.046429 
2488  0.086817 -1.0220 0.90161 0.048372 0.046118 
2489  0.093619 -0.98595 0.89309 0.050356 0.046110 
2490  0.096619 -0.97081 0.88554 0.011546 0.044972 
2491  0.096419 -0.97180 0.88606 0.051003 0.046115 
2492  0.10562 -0.92777 0.85231 0.019415 0.045510 
2493  0.093819 -0.98493 0.89259 0.037175 0.046312 
2494  0.093619 -0.98595 0.89309 0.027430 0.045658 
2495  0.096219 -0.97280 0.88654 0.016739 0.044995 
2496  0.094019 -0.98390 0.89218 0.011728 0.044820 
2497  0.084617 -1.0341 0.90312 0.0015055 0.044182 
2498  0.070214 -1.1220 0.90782 -0.0037667 0.043095 
2499  0.088818 -1.0111 0.89965 -0.037467 0.041924 
2500  0.079416 -1.0642 0.90550 -0.037436 0.041984 
2501  0.076815 -1.0798 0.90651 -0.0083176 0.043216 
2502  0.081816 -1.0501 0.90456 0.0068681 0.043744 
2503  0.081416 -1.0524 0.90474 0.0033399 0.043636 
2504  0.090818 -1.0005 0.89745 -0.029404 0.042418 
2505  0.090818 -1.0005 0.89745 -0.044808 0.041835 
2506  0.094419 -0.98187 0.89119 -0.013150 0.043360 
2507  0.093419 -0.98697 0.89339 -0.046060 0.041802 
2508  0.089418 -1.0079 0.89909 0.0079533 0.044438 
2509  0.097620 -0.96585 0.88260 0.021674 0.045275 
2510  0.095819 -0.97480 0.88778 -0.054269 0.041723 
2511  0.070014 -1.1233 0.90784 -0.0096290 0.042813 
2512  0.099420 -0.95705 0.87694 0.025819 0.045655 
2513  0.096219 -0.97280 0.88654 -0.059879 0.041351 
2514  0.088018 -1.0154 0.90051 -0.0034914 0.043722 
2515  0.088418 -1.0133 0.90005 -0.016476 0.043164 
2516  0.087618 -1.0176 0.90086 -0.0014846 0.043950 
2517  0.093819 -0.98493 0.89259 0.0053929 0.044620 
2518  0.096019 -0.97380 0.88720 0.00066038 0.044276 
2519  0.094419 -0.98187 0.89119 0.014468 0.045035 
2520  0.089018 -1.0100 0.89950 0.0059658 0.044513 
2521  0.092018 -0.99420 0.89575 0.014580 0.045131 
2522  0.091818 -0.99524 0.89609 0.023738 0.045697 
2523  0.085017 -1.0319 0.90286 -0.016233 0.042891 
2524  0.089018 -1.0100 0.89950 -0.019717 0.043071 
2525  0.097019 -0.96882 0.88435 0.010031 0.044658 
2526  0.087217 -1.0198 0.90121 0.057130 0.046964 
2527  0.092819 -0.99006 0.89452 0.0046499 0.044063 
2528  0.078616 -1.0689 0.90590 -0.021239 0.042715 
2529  0.098820 -0.95997 0.87884 0.027303 0.045561 
2530  0.091818 -0.99524 0.89609 -0.046980 0.041769 
2531  0.11882 -0.87016 0.79570 0.076547 0.049068 
2532  0.089218 -1.0090 0.89929 -0.043833 0.041809 
2533  0.087417 -1.0187 0.90103 -0.036822 0.042026 
2534  0.084417 -1.0353 0.90329 -0.046340 0.041764 
2535  0.079016 -1.0665 0.90571 -0.041490 0.041808 
2536  0.096019 -0.97380 0.88720 -0.048927 0.041725 
2537  0.090818 -1.0005 0.89745 -0.034540 0.042323 
2538  0.087417 -1.0187 0.90103 -0.049169 0.041755 
2539  0.096819 -0.96981 0.88496 0.013386 0.044919 
2540  0.083617 -1.0398 0.90375 -0.020484 0.042730 
2541  0.099020 -0.95899 0.87822 0.023161 0.045685 
2542  0.097219 -0.96783 0.88384 0.029126 0.045766 
2543  0.093219 -0.98800 0.89384 0.017115 0.045146 
2544  0.092819 -0.99006 0.89452 0.0023654 0.044268 
2545  0.088418 -1.0133 0.90005 -0.0060331 0.043829 
2546  0.099220 -0.95802 0.87752 0.019907 0.045550 
2547  0.089218 -1.0090 0.89929 -0.0029846 0.043874 
2548  0.095819 -0.97480 0.88778 0.032799 0.046115 
2549  0.10142 -0.94743 0.86933 0.014615 0.045135 
2550  0.086617 -1.0230 0.90174 -0.0042056 0.044011 
2551  0.081616 -1.0512 0.90464 -0.029588 0.042336 
2552  0.087217 -1.0198 0.90121 -0.00028920 0.043835 
2553  0.091218 -0.99838 0.89699 -0.0014617 0.043982 
2554  0.093819 -0.98493 0.89259 -0.0079419 0.043889 
2555  0.089618 -1.0068 0.89884 0.00017861 0.043982 
2556  0.080816 -1.0559 0.90500 -0.0056237 0.043275 
2557  0.088818 -1.0111 0.89965 0.013318 0.044852 
2558  0.071014 -1.1167 0.90773 0.010155 0.043674 
2559  0.073015 -1.1037 0.90737 0.0045452 0.043643 
2560  0.086417 -1.0241 0.90191 0.0054388 0.044622 
2561  0.072014 -1.1101 0.90756 -0.029517 0.042156 
2562  0.079416 -1.0642 0.90550 -0.032186 0.042040 
2563  0.079216 -1.0653 0.90564 -0.014983 0.042974 
2564  0.094819 -0.97984 0.89024 0.022814 0.045281 
2565  0.092619 -0.99109 0.89483 -0.0037724 0.044058 
2566  0.095019 -0.97883 0.88978 0.024786 0.045522 
2567  0.095819 -0.97480 0.88778 -0.057857 0.041471 
2568  0.084217 -1.0364 0.90341 -0.012079 0.043136 
2569  0.098420 -0.96192 0.88015 0.0035437 0.044260 
2570  0.089218 -1.0090 0.89929 -0.00082199 0.044131 
2571  0.095219 -0.97782 0.88932 0.010978 0.044828 
2572  0.11742 -0.87600 0.80202 0.080881 0.049405 
2573  0.13183 -0.81860 0.75621 0.10799 0.050307 
2574  0.092218 -0.99316 0.89538 -0.040944 0.042134 
2575  0.093019 -0.98903 0.89418 -0.044477 0.042162 
2576  0.11442 -0.88871 0.80915 0.085425 0.049544 
2577  0.090818 -1.0005 0.89745 -0.00039088 0.044247 
2578  0.084817 -1.0330 0.90299 0.018224 0.044655 
2579  0.093019 -0.98903 0.89418 -0.0046334 0.043963 
2580  0.086217 -1.0252 0.90201 -0.0016399 0.044033 
2581  0.091418 -0.99733 0.89664 0.012200 0.045175 
2582  0.094619 -0.98085 0.89074 0.0019864 0.044220 
2583  0.085417 -1.0297 0.90260 -0.014738 0.043179 
2584  0.10082 -0.95030 0.87180 0.027082 0.045738 
2585  0.095819 -0.97480 0.88778 0.033714 0.046152 
2586  0.091018 -0.99943 0.89718 0.020050 0.045123 
2587  0.088018 -1.0154 0.90051 0.017518 0.045308 
2588  0.085017 -1.0319 0.90286 0.023557 0.044847 
2589  0.090218 -1.0036 0.89815 -0.054509 0.041518 
2590  0.089618 -1.0068 0.89884 0.00081854 0.044123 
2591  0.087017 -1.0209 0.90142 -0.047941 0.041690 
2592  0.089018 -1.0100 0.89950 -0.049310 0.041617 
2593  0.083017 -1.0432 0.90401 -0.028284 0.042448 
2594  0.088018 -1.0154 0.90051 -0.017118 0.043110 
2595  0.089018 -1.0100 0.89950 0.012387 0.044855 
2596  0.085417 -1.0297 0.90260 -0.040946 0.041966 
2597  0.10002 -0.95415 0.87487 -0.050411 0.042068 
2598  0.095619 -0.97581 0.88820 0.017924 0.044671 
2599  0.090018 -1.0047 0.89838 0.021173 0.044903 
2600  0.094219 -0.98289 0.89166 0.047264 0.046892 
2601  0.099020 -0.95899 0.87822 0.039239 0.046356 
2602  0.092418 -0.99213 0.89511 0.017135 0.044804 
2603  0.086417 -1.0241 0.90191 -0.0021210 0.043889 
2604  0.091018 -0.99943 0.89718 0.021733 0.045124 
2605  0.085817 -1.0275 0.90228 0.0023587 0.043888 
2606  0.10782 -0.91775 0.84375 0.058869 0.047754 
2607  0.075415 -1.0885 0.90684 0.014390 0.043915 
2608  0.092218 -0.99316 0.89538 0.0040428 0.044252 
2609  0.084017 -1.0375 0.90352 -0.027689 0.042315 
2610  0.086017 -1.0264 0.90215 -0.013384 0.043175 
2611  0.10602 -0.92593 0.85095 0.049629 0.047319 
2612  0.095619 -0.97581 0.88820 -0.056150 0.041486 
2613  0.088618 -1.0122 0.89985 -0.054482 0.041633 
2614  0.095419 -0.97681 0.88876 -0.065432 0.041231 
2615  0.093219 -0.98800 0.89384 0.013199 0.044640 
2616  0.090218 -1.0036 0.89815 -0.0062147 0.043806 
2617  0.14403 -0.77401 0.72351 0.12947 0.051769 
2618  0.086817 -1.0220 0.90161 -0.042480 0.042030 
2619  0.093619 -0.98595 0.89309 -0.047535 0.042051 
2620  0.099020 -0.95899 0.87822 0.019158 0.045561 
2621  0.097019 -0.96882 0.88435 0.022977 0.045475 
2622  0.099220 -0.95802 0.87752 -0.058623 0.041539 
2623  0.085417 -1.0297 0.90260 0.0010410 0.044114 
2624  0.078216 -1.0713 0.90604 -0.016492 0.042855 
2625  0.085417 -1.0297 0.90260 -0.0082819 0.043479 
2626  0.077415 -1.0762 0.90633 -0.00033969 0.043516 
2627  0.081416 -1.0524 0.90474 0.0031076 0.043767 
2628  0.088818 -1.0111 0.89965 0.0082796 0.044500 
2629  0.087017 -1.0209 0.90142 -0.0011729 0.043775 
2630  0.090418 -1.0026 0.89793 0.0097400 0.044286 
2631  0.082216 -1.0478 0.90439 0.010392 0.044198 
2632  0.082817 -1.0443 0.90411 -0.040502 0.041951 
2633  0.087017 -1.0209 0.90142 -0.040803 0.041868 
2634  0.082617 -1.0455 0.90419 -0.011240 0.043064 
2635  0.093019 -0.98903 0.89418 -0.0019459 0.043943 
2636  0.092418 -0.99213 0.89511 0.0054933 0.044636 
2637  0.090618 -1.0015 0.89767 0.022154 0.045380 
2638  0.36587 -0.23885 0.41761 0.50939 0.084675 
2639  0.094619 -0.98085 0.89074 0.027276 0.045672 
2640  0.085617 -1.0286 0.90241 0.027655 0.045437 
2641  0.084417 -1.0353 0.90329 0.0027609 0.043980 
2642  0.095819 -0.97480 0.88778 0.028813 0.045689 
2643  0.094819 -0.97984 0.89024 0.017636 0.045165 
2644  0.11062 -0.90524 0.83049 0.056733 0.048097 
2645  0.094219 -0.98289 0.89166 0.0062729 0.044377 
2646  0.093419 -0.98697 0.89339 -0.042175 0.042150 
2647  0.096019 -0.97380 0.88720 0.040043 0.046611 
2648  0.087818 -1.0165 0.90067 -0.016408 0.043111 
2649  0.089218 -1.0090 0.89929 -0.022581 0.042815 
2650  0.095819 -0.97480 0.88778 0.00088891 0.044282 
2651  0.093219 -0.98800 0.89384 0.0020185 0.044163 
2652  0.089418 -1.0079 0.89909 -0.016349 0.043196 
2653  0.095219 -0.97782 0.88932 0.017191 0.045412 
2654  0.090618 -1.0015 0.89767 0.020386 0.045132 
2655  0.10582 -0.92685 0.85150 -0.078860 0.041055 
2656  0.093019 -0.98903 0.89418 -0.032378 0.042852 
2657  0.088018 -1.0154 0.90051 0.0054086 0.044042 
2658  0.099220 -0.95802 0.87752 -0.045611 0.042064 
2659  0.085217 -1.0308 0.90273 0.0071807 0.044218 
2660  0.088218 -1.0143 0.90027 0.0027733 0.044003 
2661  0.10062 -0.95126 0.87279 0.010683 0.044985 
2662  0.096019 -0.97380 0.88720 -0.047262 0.042080 
2663  0.099620 -0.95608 0.87638 -0.058020 0.041400 
2664  0.091218 -0.99838 0.89699 -0.050698 0.041661 
2665  0.087417 -1.0187 0.90103 -0.054193 0.041442 
2666  0.089218 -1.0090 0.89929 -0.0038161 0.043637 
2667  0.093019 -0.98903 0.89418 -0.058456 0.041414 
2668  0.084017 -1.0375 0.90352 -0.043609 0.041760 
2669  0.089618 -1.0068 0.89884 -0.036280 0.042339 
2670  0.096219 -0.97280 0.88654 -0.018654 0.043272 
2671  0.11422 -0.88957 0.81210 -0.082396 0.041012 
2672  0.084417 -1.0353 0.90329 0.0015686 0.044040 
2673  0.096619 -0.97081 0.88554 0.0098708 0.044831 
2674  0.093419 -0.98697 0.89339 -0.0067000 0.043710 
2675  0.093619 -0.98595 0.89309 0.0086679 0.044667 
2676  0.082817 -1.0443 0.90411 0.0065872 0.044445 
2677  0.090418 -1.0026 0.89793 0.0043554 0.044223 
2678  0.095019 -0.97883 0.88978 0.0065760 0.044904 
2679  0.091818 -0.99524 0.89609 0.0064345 0.044641 
2680  0.091218 -0.99838 0.89699 0.020372 0.045095 
2681  0.091618 -0.99629 0.89636 -0.00033384 0.044205 
2682  0.098620 -0.96094 0.87954 0.021602 0.045594 
2683  0.096219 -0.97280 0.88654 0.023929 0.045501 
2684  0.088018 -1.0154 0.90051 0.020095 0.045116 
2685  0.088218 -1.0143 0.90027 0.010791 0.044689 
2686  0.082216 -1.0478 0.90439 0.014901 0.044573 
2687  0.088818 -1.0111 0.89965 0.0013229 0.043948 
2688  0.083817 -1.0387 0.90364 0.0067118 0.044106 
2689  0.082416 -1.0466 0.90429 0.0055085 0.043941 
2690  0.093219 -0.98800 0.89384 -0.037342 0.042382 
2691  0.092418 -0.99213 0.89511 0.015013 0.044811 
2692  0.091018 -0.99943 0.89718 0.015815 0.045400 
2693  0.088618 -1.0122 0.89985 -0.024538 0.042811 
2694  0.094419 -0.98187 0.89119 0.015661 0.044998 
2695  0.088418 -1.0133 0.90005 -0.0010085 0.043888 
2696  0.089818 -1.0058 0.89861 -0.0091115 0.043576 
2697  0.090818 -1.0005 0.89745 0.017787 0.045336 
2698  0.099220 -0.95802 0.87752 -0.035970 0.042748 
2699  0.091018 -0.99943 0.89718 0.0047826 0.044186 
2700  0.10082 -0.95030 0.87180 0.022630 0.045748 
2701  0.066013 -1.1507 0.90813 0.013225 0.043607 
2702  0.079216 -1.0653 0.90564 -0.017967 0.042955 
2703  0.073015 -1.1037 0.90737 0.027791 0.044600 
2704  0.094019 -0.98390 0.89218 -0.0067732 0.043997 
2705  0.094419 -0.98187 0.89119 0.0089324 0.044836 
2706  0.11842 -0.87182 0.79703 0.082539 0.049526 
2707  0.11082 -0.90436 0.82962 0.073965 0.048807 
2708  0.083617 -1.0398 0.90375 -0.0049030 0.043411 
2709  0.082617 -1.0455 0.90419 0.011047 0.044122 
2710  0.092218 -0.99316 0.89538 -0.0064813 0.043733 
2711  0.081416 -1.0524 0.90474 0.0077978 0.043758 
2712  0.072214 -1.1088 0.90754 -0.0094464 0.042936 
2713  0.088418 -1.0133 0.90005 -0.022295 0.042670 
2714  0.082216 -1.0478 0.90439 -0.0020764 0.043720 
2715  0.084417 -1.0353 0.90329 -0.012388 0.043525 
2716  0.083417 -1.0409 0.90384 -0.0017478 0.043750 
2717  0.072214 -1.1088 0.90754 -0.015419 0.042660 
2718  0.085017 -1.0319 0.90286 -0.0038037 0.043665 
2719  0.091418 -0.99733 0.89664 -0.0061525 0.043433 
2720  0.097620 -0.96585 0.88260 0.012263 0.044962 
2721  0.083617 -1.0398 0.90375 -0.0054549 0.043490 
2722  0.085217 -1.0308 0.90273 -0.031275 0.042358 
2723  0.10442 -0.93332 0.85780 0.064063 0.048298 
2724  0.088618 -1.0122 0.89985 0.012646 0.044743 
2725  0.078216 -1.0713 0.90604 0.011244 0.044197 
2726  0.076615 -1.0811 0.90658 -0.015580 0.042700 
2727  0.093419 -0.98697 0.89339 0.00031968 0.044187 
2728  0.071814 -1.1114 0.90761 -0.0086937 0.043001 
2729  0.081016 -1.0547 0.90490 -0.0053862 0.043180 
2730  0.10542 -0.92869 0.85384 0.051764 0.047778 
2731  0.090418 -1.0026 0.89793 0.0097853 0.044544 
2732  0.14523 -0.76980 0.71930 0.12497 0.053470 
2733  0.099620 -0.95608 0.87638 0.016513 0.045448 
2734  0.082416 -1.0466 0.90429 -0.027982 0.042284 
2735  0.10742 -0.91956 0.84519 0.051992 0.047928 
2736  0.10262 -0.94174 0.86490 0.047396 0.047740 
2737  0.071214 -1.1153 0.90771 -0.0077883 0.042900 
2738  0.093619 -0.98595 0.89309 0.0061620 0.044537 
2739  0.10182 -0.94553 0.86828 -0.062762 0.041481 
2740  0.092619 -0.99109 0.89483 0.018382 0.045077 
2741  0.072214 -1.1088 0.90754 -0.013219 0.042580 
2742  0.074215 -1.0960 0.90714 -0.0040388 0.043056 
2743  0.084417 -1.0353 0.90329 -0.040317 0.042083 
2744  0.091418 -0.99733 0.89664 0.023235 0.045214 
2745  0.085417 -1.0297 0.90260 -0.018969 0.042968 
2746  0.095219 -0.97782 0.88932 0.019892 0.045311 
2747  0.093419 -0.98697 0.89339 0.016409 0.045083 
2748  0.065213 -1.1564 0.90816 0.013718 0.043650 
2749  0.082416 -1.0466 0.90429 -0.016757 0.042737 
2750  0.088218 -1.0143 0.90027 -0.028305 0.042687 
2751  0.11742 -0.87600 0.80202 -0.091949 0.040786 
2752  0.089618 -1.0068 0.89884 -0.0087474 0.043554 
2753  0.088218 -1.0143 0.90027 0.0069348 0.044512 
2754  0.10542 -0.92869 0.85384 0.015151 0.045310 
2755  0.078016 -1.0725 0.90614 -0.015100 0.042711 
2756  0.087017 -1.0209 0.90142 0.022251 0.044944 
2757  0.092619 -0.99109 0.89483 0.021120 0.045398 
2758  0.090618 -1.0015 0.89767 0.015988 0.045031 
2759  0.091618 -0.99629 0.89636 0.0066414 0.044282 
2760  0.079216 -1.0653 0.90564 -0.014852 0.042968 
2761  0.086617 -1.0230 0.90174 -0.016396 0.043326 
2762  0.076615 -1.0811 0.90658 -0.015247 0.042657 
2763  0.096219 -0.97280 0.88654 0.014753 0.044988 
2764  0.081816 -1.0501 0.90456 0.00021554 0.043537 
2765  0.084617 -1.0341 0.90312 0.00027311 0.043592 
2766  0.088018 -1.0154 0.90051 0.0049601 0.044123 
2767  0.077616 -1.0750 0.90628 5.2926e-05 0.043503 
2768  0.088018 -1.0154 0.90051 -0.0040690 0.043450 
2769  0.080616 -1.0571 0.90510 0.0030809 0.043576 
2770  0.099820 -0.95511 0.87553 0.031135 0.045992 
2771  0.073415 -1.1011 0.90728 -0.0053541 0.042987 
2772  0.083017 -1.0432 0.90401 -0.035022 0.041991 
2773  0.082817 -1.0443 0.90411 -0.050184 0.041620 
2774  0.080016 -1.0606 0.90530 -0.0039172 0.043555 
2775  0.10282 -0.94080 0.86431 -0.067613 0.041189 
2776  0.075615 -1.0872 0.90681 -0.019843 0.042587 
2777  0.075815 -1.0860 0.90676 0.022784 0.044298 
2778  0.080216 -1.0594 0.90523 0.019376 0.044229 
2779  0.083617 -1.0398 0.90375 -0.023967 0.042682 
2780  0.081616 -1.0512 0.90464 -0.023288 0.042740 
2781  0.086817 -1.0220 0.90161 -0.021660 0.042676 
2782  0.096819 -0.96981 0.88496 0.0073437 0.044683 
2783  0.12503 -0.84500 0.77634 0.089841 0.049093 
2784  0.084417 -1.0353 0.90329 0.0054624 0.044507 
2785  0.098020 -0.96388 0.88148 -0.056200 0.041646 
2786  0.082817 -1.0443 0.90411 0.0038781 0.043652 
2787  0.080816 -1.0559 0.90500 -0.049081 0.041651 
2788  0.099820 -0.95511 0.87553 0.032365 0.045959 
2789  0.10322 -0.93892 0.86267 0.016075 0.045441 
2790  0.090018 -1.0047 0.89838 7.9687e-05 0.044085 
2791  0.095419 -0.97681 0.88876 -0.037628 0.042416 
2792  0.091018 -0.99943 0.89718 -0.00018547 0.044003 
2793  0.086417 -1.0241 0.90191 0.024612 0.044760 
2794  0.098820 -0.95997 0.87884 0.025949 0.045782 
2795  0.078016 -1.0725 0.90614 -0.028144 0.042295 
2796  0.10062 -0.95126 0.87279 -0.075151 0.040989 
2797  0.094019 -0.98390 0.89218 0.0015114 0.044424 
2798  0.10622 -0.92502 0.85039 -0.075277 0.041030 
2799  0.094419 -0.98187 0.89119 0.014065 0.045060 
2800  0.090618 -1.0015 0.89767 -0.039165 0.042216 
2801  0.094019 -0.98390 0.89218 0.012589 0.044829 
2802  0.085817 -1.0275 0.90228 -0.057734 0.041347 
2803  0.087417 -1.0187 0.90103 -0.0092762 0.043567 
2804  0.098620 -0.96094 0.87954 -0.059158 0.041447 
2805  0.10242 -0.94269 0.86568 -0.063533 0.041272 
2806  0.081016 -1.0547 0.90490 -0.017915 0.042883 
2807  0.096219 -0.97280 0.88654 0.026550 0.045653 
2808  0.090618 -1.0015 0.89767 0.0026064 0.044285 
2809  0.082617 -1.0455 0.90419 -0.020275 0.042756 
2810  0.088418 -1.0133 0.90005 -0.039800 0.041910 
2811  0.092619 -0.99109 0.89483 0.0045954 0.044347 
2812  0.099820 -0.95511 0.87553 -0.026231 0.042902 
2813  0.092018 -0.99420 0.89575 0.013135 0.044771 
2814  0.070214 -1.1220 0.90782 -0.014425 0.042488 
2815  0.076615 -1.0811 0.90658 -0.024916 0.042242 
2816  0.076615 -1.0811 0.90658 0.0011176 0.043720 
2817  0.082416 -1.0466 0.90429 0.0078307 0.044109 
2818  0.086417 -1.0241 0.90191 -0.015603 0.043063 
2819  0.088418 -1.0133 0.90005 0.0036975 0.043975 
2820  0.089218 -1.0090 0.89929 -0.00082403 0.043975 
2821  0.085417 -1.0297 0.90260 -0.041383 0.041810 
2822  0.091218 -0.99838 0.89699 -0.0019963 0.043967 
2823  0.091018 -0.99943 0.89718 0.0016715 0.044116 
2824  0.089818 -1.0058 0.89861 0.014351 0.044866 
2825  0.095019 -0.97883 0.88978 -0.0042002 0.043874 
2826  0.079216 -1.0653 0.90564 -0.036554 0.041989 
2827  0.10322 -0.93892 0.86267 0.014711 0.045163 
2828  0.089818 -1.0058 0.89861 -0.012485 0.043398 
2829  0.085017 -1.0319 0.90286 0.00030913 0.043834 
2830  0.097620 -0.96585 0.88260 -0.067168 0.041096 
2831  0.087417 -1.0187 0.90103 -0.029039 0.042346 
2832  0.086617 -1.0230 0.90174 0.020477 0.044820 
2833  0.080016 -1.0606 0.90530 0.0024421 0.043754 
2834  0.092619 -0.99109 0.89483 0.018534 0.044769 
2835  0.092819 -0.99006 0.89452 0.0053985 0.044584 
2836  0.088218 -1.0143 0.90027 -0.015330 0.043137 
2837  0.089418 -1.0079 0.89909 0.018941 0.045570 
2838  0.083817 -1.0387 0.90364 -0.00019369 0.043498 
2839  0.091818 -0.99524 0.89609 -0.043545 0.041886 
2840  0.088018 -1.0154 0.90051 0.0041706 0.044020 
2841  0.078216 -1.0713 0.90604 0.030120 0.044740 
2842  0.089018 -1.0100 0.89950 -0.047726 0.042021 
2843  0.094619 -0.98085 0.89074 0.0023625 0.044505 
2844  0.072615 -1.1062 0.90744 -0.017709 0.042486 
2845  0.10362 -0.93705 0.86123 0.059483 0.048228 
2846  0.084417 -1.0353 0.90329 0.00053877 0.044118 
2847  0.10942 -0.91057 0.83717 0.056630 0.048377 
2848  0.066013 -1.1507 0.90813 -0.018440 0.042472 
2849  0.10682 -0.92228 0.84815 0.056721 0.047803 
2850  0.082617 -1.0455 0.90419 0.0078934 0.044364 
2851  0.082016 -1.0489 0.90446 0.0068772 0.043806 
2852  0.067413 -1.1409 0.90806 0.00083285 0.043182 
2853  0.077816 -1.0738 0.90624 -0.019572 0.042575 
2854  0.10522 -0.92961 0.85469 0.056357 0.048072 
2855  0.089418 -1.0079 0.89909 -0.028813 0.042729 
2856  0.10182 -0.94553 0.86828 -0.055861 0.041667 
2857  0.072414 -1.1075 0.90749 -0.010886 0.042651 
2858  0.073815 -1.0986 0.90720 -0.019557 0.042416 
2859  0.080616 -1.0571 0.90510 0.0020610 0.043610 
2860  0.079216 -1.0653 0.90564 -0.024434 0.042532 
2861  0.084217 -1.0364 0.90341 -0.042479 0.041869 
2862  0.077816 -1.0738 0.90624 -0.015038 0.042838 
2863  0.087818 -1.0165 0.90067 0.054441 0.046826 
2864  0.092218 -0.99316 0.89538 -0.054324 0.041505 
2865  0.087618 -1.0176 0.90086 0.0062692 0.044133 
2866  0.10682 -0.92228 0.84815 0.053039 0.047479 
2867  0.095219 -0.97782 0.88932 0.018909 0.045038 
2868  0.094419 -0.98187 0.89119 0.0070833 0.044579 
2869  0.079416 -1.0642 0.90550 -0.035874 0.042050 
2870  0.090818 -1.0005 0.89745 0.016226 0.044920 
2871  0.088218 -1.0143 0.90027 -0.055051 0.041394 
2872  0.086017 -1.0264 0.90215 0.0065453 0.044388 
2873  0.093219 -0.98800 0.89384 0.019764 0.044976 
2874  0.092819 -0.99006 0.89452 -0.060877 0.041262 
2875  0.088418 -1.0133 0.90005 0.00080208 0.043918 
2876  0.088618 -1.0122 0.89985 -0.00016272 0.043982 
2877  0.10222 -0.94363 0.86644 0.065844 0.047637 
2878  0.086417 -1.0241 0.90191 0.0011420 0.044046 
2879  0.095019 -0.97883 0.88978 -0.013921 0.043441 
2880  0.092218 -0.99316 0.89538 0.0070759 0.044402 
2881  0.098620 -0.96094 0.87954 -0.046890 0.041835 
2882  0.087417 -1.0187 0.90103 -0.0070477 0.043656 
2883  0.092819 -0.99006 0.89452 -0.026500 0.042717 
2884  0.083817 -1.0387 0.90364 -0.0095611 0.043632 
2885  0.093619 -0.98595 0.89309 0.0025628 0.044528 
2886  0.073415 -1.1011 0.90728 -0.012657 0.042753 
2887  0.089818 -1.0058 0.89861 -0.0060179 0.043642 
2888  0.091018 -0.99943 0.89718 -0.014922 0.043400 
2889  0.094419 -0.98187 0.89119 -0.012144 0.043576 
2890  0.097620 -0.96585 0.88260 0.061919 0.047549 
2891  0.070214 -1.1220 0.90782 -0.0090202 0.042957 
2892  0.087017 -1.0209 0.90142 0.022178 0.044960 
2893  0.080616 -1.0571 0.90510 -0.019400 0.042758 
2894  0.080416 -1.0582 0.90516 -0.0026241 0.043540 
2895  0.087618 -1.0176 0.90086 -0.040877 0.042154 
2896  0.093619 -0.98595 0.89309 0.014985 0.045126 
2897  0.092619 -0.99109 0.89483 0.017353 0.045016 
2898  0.082817 -1.0443 0.90411 -0.025050 0.042604 
2899  0.091618 -0.99629 0.89636 0.0077111 0.044583 
2900  0.082817 -1.0443 0.90411 -0.022872 0.042710 
2901  0.088818 -1.0111 0.89965 0.025703 0.045445 
2902  0.094019 -0.98390 0.89218 0.029739 0.045643 
2903  0.082016 -1.0489 0.90446 -0.044584 0.041709 
2904  0.093819 -0.98493 0.89259 -0.044242 0.042146 
2905  0.091618 -0.99629 0.89636 -0.045960 0.042100 
2906  0.081816 -1.0501 0.90456 -0.030051 0.042352 
2907  0.076215 -1.0835 0.90667 -0.00079378 0.043178 
2908  0.076815 -1.0798 0.90651 -0.0022870 0.043197 
2909  0.090818 -1.0005 0.89745 0.021827 0.045421 
2910  0.082016 -1.0489 0.90446 -0.014032 0.043041 
2911  0.076615 -1.0811 0.90658 -0.0097622 0.043161 
2912  0.081616 -1.0512 0.90464 -0.012247 0.043217 
2913  0.090418 -1.0026 0.89793 -0.00021703 0.044099 
2914  0.10162 -0.94648 0.86887 0.012460 0.045195 
2915  0.077816 -1.0738 0.90624 -0.0093025 0.043063 
2916  0.089018 -1.0100 0.89950 0.0041317 0.044183 
2917  0.091618 -0.99629 0.89636 -0.0067149 0.044006 
2918  0.096419 -0.97180 0.88606 0.0052615 0.044563 
2919  0.093419 -0.98697 0.89339 0.0024691 0.044415 
2920  0.096019 -0.97380 0.88720 0.00091012 0.044315 
2921  0.094619 -0.98085 0.89074 -0.0018823 0.043948 
2922  0.091418 -0.99733 0.89664 -0.0065204 0.043843 
2923  0.082817 -1.0443 0.90411 -0.0036496 0.043660 
2924  0.081816 -1.0501 0.90456 -0.016144 0.042860 
2925  0.077215 -1.0774 0.90638 -0.0086646 0.043029 
2926  0.089818 -1.0058 0.89861 0.012468 0.044829 
2927  0.090218 -1.0036 0.89815 -0.0034461 0.043903 
2928  0.063813 -1.1665 0.90822 0.00023500 0.043109 
2929  0.064013 -1.1650 0.90821 0.0035059 0.043224 
2930  0.064413 -1.1621 0.90819 -0.0018249 0.042928 
2931  0.075015 -1.0910 0.90696 -0.011625 0.042863 
2932  0.083017 -1.0432 0.90401 -0.010850 0.043460 
2933  0.076615 -1.0811 0.90658 -0.022411 0.042424 
2934  0.094619 -0.98085 0.89074 -0.027270 0.042901 
2935  0.10302 -0.93986 0.86347 -0.074999 0.041043 
2936  0.089418 -1.0079 0.89909 0.023687 0.045249 
2937  0.086417 -1.0241 0.90191 0.0012347 0.043801 
2938  0.078816 -1.0677 0.90579 0.00075246 0.043706 
2939  0.078816 -1.0677 0.90579 -0.013798 0.042890 
2940  0.094019 -0.98390 0.89218 -0.022319 0.043174 
2941  0.096819 -0.96981 0.88496 -0.00083877 0.044357 
2942  0.094219 -0.98289 0.89166 0.0073851 0.044853 
2943  0.096019 -0.97380 0.88720 0.012668 0.044750 
2944  0.090618 -1.0015 0.89767 0.016506 0.044899 
2945  0.097620 -0.96585 0.88260 0.019741 0.045601 
2946  0.072214 -1.1088 0.90754 -0.024219 0.042209 
2947  0.081416 -1.0524 0.90474 -0.017537 0.042667 
2948  0.093619 -0.98595 0.89309 0.020626 0.045313 
2949  0.081416 -1.0524 0.90474 -0.044032 0.041777 
2950  0.086017 -1.0264 0.90215 -0.013822 0.043256 
2951  0.094019 -0.98390 0.89218 -0.013402 0.043419 
2952  0.089418 -1.0079 0.89909 0.00071567 0.044133 
2953  0.069414 -1.1273 0.90790 0.0088963 0.043506 
2954  0.091618 -0.99629 0.89636 0.0086731 0.044672 
2955  0.099020 -0.95899 0.87822 0.0097122 0.044676 
2956  0.10022 -0.95318 0.87410 -0.029311 0.043138 
2957  0.087618 -1.0176 0.90086 -0.020405 0.042952 
2958  0.095019 -0.97883 0.88978 0.0092645 0.044710 
2959  0.11022 -0.90701 0.83270 -0.090096 0.040722 
2960  0.094019 -0.98390 0.89218 0.0054927 0.044375 
2961  0.10122 -0.94839 0.87010 -0.069145 0.041134 
2962  0.10362 -0.93705 0.86123 -0.053075 0.041776 
2963  0.091218 -0.99838 0.89699 0.00047480 0.044157 
2964  0.081016 -1.0547 0.90490 0.0054339 0.043901 
2965  0.094819 -0.97984 0.89024 0.016462 0.045116 
2966  0.083617 -1.0398 0.90375 -0.0073952 0.043517 
2967  0.077015 -1.0786 0.90646 -0.0070071 0.043275 
2968  0.093019 -0.98903 0.89418 0.019706 0.045067 
2969  0.089418 -1.0079 0.89909 -0.0044868 0.043690 
2970  0.090218 -1.0036 0.89815 0.019386 0.045039 
2971  0.076215 -1.0835 0.90667 -0.023721 0.042476 
2972  0.097419 -0.96684 0.88325 0.012749 0.044882 
2973  0.088018 -1.0154 0.90051 -0.023150 0.042809 
2974  0.086217 -1.0252 0.90201 -0.0048733 0.043549 
2975  0.097620 -0.96585 0.88260 0.011492 0.045010 
2976  0.076415 -1.0823 0.90662 -0.0096567 0.042944 
2977  0.082817 -1.0443 0.90411 0.045695 0.045785 
2978  0.092619 -0.99109 0.89483 -0.026358 0.042831 
2979  0.077816 -1.0738 0.90624 -0.0041632 0.043115 
2980  0.075815 -1.0860 0.90676 -0.0051521 0.043078 
2981  0.074015 -1.0973 0.90716 0.00031280 0.043322 
2982  0.095419 -0.97681 0.88876 0.016591 0.045322 
2983  0.098220 -0.96290 0.88065 -0.049633 0.041938 
2984  0.095819 -0.97480 0.88778 0.039272 0.046307 
2985  0.095019 -0.97883 0.88978 0.017467 0.045500 
2986  0.089418 -1.0079 0.89909 0.014436 0.044913 
2987  0.082617 -1.0455 0.90419 0.017902 0.044460 
2988  0.088618 -1.0122 0.89985 0.010302 0.044600 
2989  0.089018 -1.0100 0.89950 0.0039185 0.044504 
2990  0.088618 -1.0122 0.89985 0.0073518 0.044470 
2991  0.082016 -1.0489 0.90446 0.013307 0.044288 
2992  0.084817 -1.0330 0.90299 0.0093561 0.044051 
2993  0.098620 -0.96094 0.87954 0.023650 0.045453 
2994  0.10082 -0.95030 0.87180 0.024786 0.045880 
2995  0.093819 -0.98493 0.89259 -0.023660 0.043050 
2996  0.093819 -0.98493 0.89259 -0.038399 0.042152 
2997  0.097019 -0.96882 0.88435 0.058816 0.046842 
2998  0.087017 -1.0209 0.90142 0.010785 0.044244 
2999  0.090218 -1.0036 0.89815 -0.0045904 0.043894 
3000  0.076215 -1.0835 0.90667 -0.031087 0.042044 
3001  0.085217 -1.0308 0.90273 -0.034891 0.042154 
3002  0.077015 -1.0786 0.90646 -0.032678 0.042078 
3003  0.078616 -1.0689 0.90590 -0.0056044 0.043615 
3004  0.073015 -1.1037 0.90737 0.021523 0.044134 
3005  0.17584 -0.67091 0.62929 0.16424 0.054040 
3006  0.073615 -1.0998 0.90724 0.022106 0.044154 
3007  0.076415 -1.0823 0.90662 0.026373 0.044452 
3008  0.19424 -0.61787 0.60005 0.17932 0.055006 
3009  0.083817 -1.0387 0.90364 -0.018758 0.042962 
3010  0.083817 -1.0387 0.90364 -0.041879 0.041817 
3011  0.087417 -1.0187 0.90103 -0.050518 0.041437 
3012  0.086817 -1.0220 0.90161 -0.049428 0.041624 
3013  0.094619 -0.98085 0.89074 0.013617 0.044870 
3014  0.088018 -1.0154 0.90051 -0.046650 0.041734 
3015  0.087417 -1.0187 0.90103 -0.045997 0.041722 
3016  0.087818 -1.0165 0.90067 -0.052758 0.041429 
3017  0.092218 -0.99316 0.89538 0.0053423 0.044369 
3018  0.078216 -1.0713 0.90604 0.019393 0.044588 
3019  0.084617 -1.0341 0.90312 0.014573 0.045016 
3020  0.094819 -0.97984 0.89024 -0.00031556 0.044257 
3021  0.095819 -0.97480 0.88778 0.0070026 0.044715 
3022  0.094019 -0.98390 0.89218 0.019489 0.045162 
3023  0.099420 -0.95705 0.87694 0.012808 0.044991 
3024  0.10302 -0.93986 0.86347 -0.073061 0.041051 
3025  0.075215 -1.0897 0.90690 -0.031537 0.041944 
3026  0.076615 -1.0811 0.90658 0.0065811 0.043624 
3027  0.080616 -1.0571 0.90510 -0.012614 0.043196 
3028  0.092619 -0.99109 0.89483 0.0034198 0.044414 
3029  0.086617 -1.0230 0.90174 -0.044344 0.041859 
3030  0.093019 -0.98903 0.89418 0.016101 0.045246 
3031  0.086217 -1.0252 0.90201 -0.0058457 0.043545 
3032  0.092418 -0.99213 0.89511 0.0048072 0.044526 
3033  0.086817 -1.0220 0.90161 -0.00089417 0.043923 
3034  0.10582 -0.92685 0.85150 -0.065394 0.041587 
3035  0.089018 -1.0100 0.89950 -0.039984 0.041954 
3036  0.086817 -1.0220 0.90161 -0.0079224 0.043483 
3037  0.083817 -1.0387 0.90364 -0.024312 0.042594 
3038  0.098020 -0.96388 0.88148 -0.069981 0.041111 
3039  0.088418 -1.0133 0.90005 0.0022793 0.043730 
3040  0.098820 -0.95997 0.87884 0.0077097 0.044727 
3041  0.076015 -1.0848 0.90672 0.011334 0.044192 
3042  0.088818 -1.0111 0.89965 0.014224 0.044419 
3043  0.095019 -0.97883 0.88978 0.0043744 0.044354 
3044  0.085817 -1.0275 0.90228 0.0021148 0.043749 
3045  0.085817 -1.0275 0.90228 0.0074790 0.044096 
3046  0.086417 -1.0241 0.90191 0.016682 0.044926 
3047  0.085417 -1.0297 0.90260 -0.011002 0.043374 
3048  0.083617 -1.0398 0.90375 -0.00098949 0.043934 
3049  0.098220 -0.96290 0.88065 0.013897 0.045225 
3050  0.088818 -1.0111 0.89965 0.00014184 0.043927 
3051  0.25165 -0.47331 0.52858 0.30510 0.066837 
3052  0.10182 -0.94553 0.86828 0.063572 0.047231 
3053  0.088218 -1.0143 0.90027 0.018702 0.044741 
3054  0.084417 -1.0353 0.90329 -0.020246 0.042755 
3055  0.094219 -0.98289 0.89166 0.054693 0.046927 
3056  0.096819 -0.96981 0.88496 0.035944 0.046266 
3057  0.084217 -1.0364 0.90341 -0.0058568 0.043667 
3058  0.099620 -0.95608 0.87638 0.067932 0.048184 
3059  0.080616 -1.0571 0.90510 -0.012627 0.043048 
3060  0.096819 -0.96981 0.88496 -0.031783 0.042771 
3061  0.074415 -1.0948 0.90711 -0.015628 0.042577 
3062  0.081016 -1.0547 0.90490 -0.029846 0.042230 
3063  0.097219 -0.96783 0.88384 0.0048798 0.044219 
3064  0.083017 -1.0432 0.90401 -0.00035644 0.044006 
3065  0.073015 -1.1037 0.90737 0.017088 0.043994 
3066  0.071414 -1.1140 0.90767 0.013638 0.043868 
3067  0.088618 -1.0122 0.89985 0.0049350 0.044266 
3068  0.073815 -1.0986 0.90720 -0.0039080 0.043268 
3069  0.070214 -1.1220 0.90782 -0.0087970 0.042842 
3070  0.084217 -1.0364 0.90341 0.0094393 0.044435 
3071  0.098820 -0.95997 0.87884 -0.065919 0.041288 
3072  0.084817 -1.0330 0.90299 -0.037420 0.042062 
3073  0.087017 -1.0209 0.90142 -0.014763 0.043302 
3074  0.085817 -1.0275 0.90228 -0.016339 0.042986 
3075  0.084217 -1.0364 0.90341 -0.0027877 0.043891 
3076  0.090218 -1.0036 0.89815 -0.00024235 0.044130 
3077  0.093819 -0.98493 0.89259 -0.0022173 0.044154 
3078  0.10362 -0.93705 0.86123 -0.075661 0.041082 
3079  0.094219 -0.98289 0.89166 -0.067710 0.041187 
3080  0.080216 -1.0594 0.90523 0.0055851 0.043864 
3081  0.091618 -0.99629 0.89636 0.0016366 0.044246 
3082  0.081816 -1.0501 0.90456 0.0096492 0.044275 
3083  0.088618 -1.0122 0.89985 -0.033212 0.042366 
3084  0.093219 -0.98800 0.89384 -0.0052995 0.044008 
3085  0.085017 -1.0319 0.90286 0.0052014 0.043850 
3086  0.098420 -0.96192 0.88015 0.028985 0.045497 
3087  0.082016 -1.0489 0.90446 -0.0057537 0.043447 
3088  0.10082 -0.95030 0.87180 -0.044966 0.042317 
3089  0.089618 -1.0068 0.89884 0.0012171 0.044093 
3090  0.090018 -1.0047 0.89838 0.0092742 0.044709 
3091  0.090018 -1.0047 0.89838 -0.00081740 0.043876 
3092  0.084817 -1.0330 0.90299 -0.023718 0.042796 
3093  0.091818 -0.99524 0.89609 0.015228 0.045122 
3094  0.081216 -1.0536 0.90483 -0.0028183 0.043576 
3095  0.097620 -0.96585 0.88260 0.014341 0.045188 
3096  0.091818 -0.99524 0.89609 0.013815 0.045193 
3097  0.084817 -1.0330 0.90299 0.0049230 0.044119 
3098  0.092018 -0.99420 0.89575 -0.028939 0.042689 
3099  0.095019 -0.97883 0.88978 -0.031580 0.042848 
3100  0.093419 -0.98697 0.89339 -0.035188 0.042780 
3101  0.097419 -0.96684 0.88325 -0.033732 0.042912 
3102  0.089018 -1.0100 0.89950 -0.015225 0.043177 
3103  0.075215 -1.0897 0.90690 -0.031780 0.042005 
3104  0.097419 -0.96684 0.88325 0.012920 0.044725 
3105  0.092819 -0.99006 0.89452 0.026417 0.045713 
3106  0.090418 -1.0026 0.89793 -0.054554 0.041572 
3107  0.086417 -1.0241 0.90191 -0.015548 0.043152 
3108  0.087017 -1.0209 0.90142 -0.010751 0.043330 
3109  0.074615 -1.0935 0.90705 -0.0021140 0.043185 
3110  0.097419 -0.96684 0.88325 -0.067742 0.041139 
3111  0.084817 -1.0330 0.90299 0.00077771 0.043904 
3112  0.092619 -0.99109 0.89483 0.033780 0.045676 
3113  0.091218 -0.99838 0.89699 0.025221 0.045008 
3114  0.094219 -0.98289 0.89166 0.016638 0.045237 
3115  0.085417 -1.0297 0.90260 0.033535 0.045524 
3116  0.093219 -0.98800 0.89384 0.0051653 0.044302 
3117  0.095219 -0.97782 0.88932 0.012182 0.044872 
3118  0.10062 -0.95126 0.87279 0.019030 0.045184 
3119  0.085217 -1.0308 0.90273 0.0069773 0.044297 
3120  0.086817 -1.0220 0.90161 0.0037029 0.044431 
3121  0.085017 -1.0319 0.90286 -0.0096066 0.043484 
3122  0.095819 -0.97480 0.88778 0.022390 0.045596 
3123  0.090218 -1.0036 0.89815 -0.0036758 0.043874 
3124  0.088218 -1.0143 0.90027 0.017965 0.044845 
3125  0.093419 -0.98697 0.89339 0.016893 0.045135 
3126  0.095019 -0.97883 0.88978 -0.056451 0.041407 
3127  0.096219 -0.97280 0.88654 -0.049543 0.042047 
3128  0.077015 -1.0786 0.90646 -0.036346 0.041971 
3129  0.073615 -1.0998 0.90724 -0.028129 0.042218 
3130  0.082817 -1.0443 0.90411 -0.024700 0.042360 
3131  0.099620 -0.95608 0.87638 0.015481 0.045388 
3132  0.084817 -1.0330 0.90299 0.016153 0.044543 
3133  0.095619 -0.97581 0.88820 0.016557 0.045192 
3134  0.090618 -1.0015 0.89767 -0.058587 0.041353 
3135  0.11102 -0.90348 0.82781 0.059938 0.048218 
3136  0.10502 -0.93054 0.85562 0.054453 0.046740 
3137  0.093419 -0.98697 0.89339 0.041346 0.045730 
3138  0.086817 -1.0220 0.90161 0.0044190 0.044040 
3139  0.086617 -1.0230 0.90174 0.032487 0.045110 
3140  0.073815 -1.0986 0.90720 -0.028774 0.042174 
3141  0.081216 -1.0536 0.90483 -0.016605 0.042884 
3142  0.080816 -1.0559 0.90500 -0.030379 0.042244 
3143  0.084017 -1.0375 0.90352 -0.052543 0.041612 
3144  0.082416 -1.0466 0.90429 -0.040823 0.041788 
3145  0.099820 -0.95511 0.87553 0.046785 0.046762 
3146  0.085617 -1.0286 0.90241 -0.0046717 0.043730 
3147  0.10022 -0.95318 0.87410 0.049944 0.046766 
3148  0.092418 -0.99213 0.89511 0.035114 0.046018 
3149  0.10962 -0.90968 0.83624 -0.086383 0.040609 
3150  0.096219 -0.97280 0.88654 0.0060389 0.044604 
3151  0.080016 -1.0606 0.90530 0.025650 0.044789 
3152  0.085617 -1.0286 0.90241 -0.051902 0.041588 
3153  0.096219 -0.97280 0.88654 0.017257 0.045137 
3154  0.085217 -1.0308 0.90273 -7.0999e-05 0.044020 
3155  0.093819 -0.98493 0.89259 0.016577 0.045159 
3156  0.078616 -1.0689 0.90590 -0.028604 0.042130 
3157  0.088218 -1.0143 0.90027 -0.0066683 0.043799 
3158  0.11422 -0.88957 0.81210 0.073470 0.048695 
3159  0.090418 -1.0026 0.89793 0.0052250 0.044264 
3160  0.088818 -1.0111 0.89965 -0.016870 0.043113 
3161  0.083617 -1.0398 0.90375 -0.035017 0.042109 
3162  0.096019 -0.97380 0.88720 0.0023992 0.044404 
3163  0.094219 -0.98289 0.89166 -0.026413 0.043105 
3164  0.086817 -1.0220 0.90161 -0.011669 0.043230 
3165  0.078416 -1.0701 0.90597 -0.00071841 0.043588 
3166  0.085417 -1.0297 0.90260 -0.022884 0.042644 
3167  0.094019 -0.98390 0.89218 0.0028635 0.044195 
3168  0.084217 -1.0364 0.90341 0.0056190 0.044068 
3169  0.084817 -1.0330 0.90299 0.0043339 0.044066 
3170  0.090018 -1.0047 0.89838 0.0029772 0.044054 
3171  0.081216 -1.0536 0.90483 -0.011412 0.043263 
3172  0.091218 -0.99838 0.89699 -0.012765 0.043376 
3173  0.19364 -0.61954 0.60630 0.20411 0.058943 
3174  0.18604 -0.64100 0.61241 0.20869 0.059370 
3175  0.075215 -1.0897 0.90690 0.037112 0.045160 
3176  0.095419 -0.97681 0.88876 -0.038208 0.042206 
3177  0.087818 -1.0165 0.90067 0.023248 0.045346 
3178  0.096819 -0.96981 0.88496 -0.022846 0.043187 
3179  0.099620 -0.95608 0.87638 0.049455 0.047697 
3180  0.087017 -1.0209 0.90142 0.017769 0.044978 
3181  0.084417 -1.0353 0.90329 -0.013998 0.043126 
3182  0.088018 -1.0154 0.90051 -0.017742 0.043192 
3183  0.086417 -1.0241 0.90191 0.00096091 0.044131 
3184  0.090618 -1.0015 0.89767 0.0065745 0.044419 
3185  0.091818 -0.99524 0.89609 0.016223 0.045104 
3186  0.099420 -0.95705 0.87694 -0.035548 0.042563 
3187  0.083017 -1.0432 0.90401 -0.044748 0.041617 
3188  0.094019 -0.98390 0.89218 0.036737 0.046382 
3189  0.098020 -0.96388 0.88148 0.010868 0.045042 
3190  0.076615 -1.0811 0.90658 -0.010646 0.042973 
3191  0.10302 -0.93986 0.86347 0.022417 0.045581 
3192  0.11082 -0.90436 0.82962 0.062760 0.048575 
3193  0.082216 -1.0478 0.90439 0.0049945 0.044374 
3194  0.094619 -0.98085 0.89074 0.026923 0.045497 
3195  0.089618 -1.0068 0.89884 -0.00038615 0.044119 
3196  0.13803 -0.79553 0.74314 0.12724 0.053040 
3197  0.090218 -1.0036 0.89815 0.033222 0.045447 
3198  0.079016 -1.0665 0.90571 -0.024596 0.042347 
3199  0.081416 -1.0524 0.90474 0.032507 0.045344 
3200  0.090618 -1.0015 0.89767 0.0010190 0.044206 
3201  0.10862 -0.91415 0.84085 0.046328 0.047320 
3202  0.087217 -1.0198 0.90121 0.019245 0.045100 
3203  0.089618 -1.0068 0.89884 0.011085 0.044363 
3204  0.10562 -0.92777 0.85231 0.057143 0.048065 
3205  0.089218 -1.0090 0.89929 0.028938 0.045678 
3206  0.088618 -1.0122 0.89985 0.020218 0.045367 
3207  0.084817 -1.0330 0.90299 0.0020034 0.044043 
3208  0.090618 -1.0015 0.89767 -0.0032667 0.043980 
3209  0.084217 -1.0364 0.90341 0.012198 0.044459 
3210  0.078416 -1.0701 0.90597 -0.035400 0.041999 
3211  0.096819 -0.96981 0.88496 0.0028489 0.044267 
3212  0.085217 -1.0308 0.90273 0.0050927 0.044136 
3213  0.084417 -1.0353 0.90329 -0.046037 0.041580 
3214  0.084617 -1.0341 0.90312 0.016492 0.044723 
3215  0.084217 -1.0364 0.90341 0.042009 0.045770 
3216  0.10262 -0.94174 0.86490 -0.073133 0.041112 
3217  0.089818 -1.0058 0.89861 -0.0079633 0.043629 
3218  0.088418 -1.0133 0.90005 -0.010486 0.043571 
3219  0.092018 -0.99420 0.89575 -0.015211 0.043399 
3220  0.10202 -0.94458 0.86735 -0.026908 0.042828 
3221  0.091018 -0.99943 0.89718 -0.024681 0.043020 
3222  0.086817 -1.0220 0.90161 -0.025751 0.042513 
3223  0.087618 -1.0176 0.90086 0.0032268 0.043908 
3224  0.091018 -0.99943 0.89718 -0.00056151 0.043943 
3225  0.085817 -1.0275 0.90228 -0.016392 0.043012 
3226  0.081616 -1.0512 0.90464 -0.014773 0.042931 
3227  0.091218 -0.99838 0.89699 -0.031602 0.042194 
3228  0.080416 -1.0582 0.90516 -0.019197 0.042651 
3229  0.084817 -1.0330 0.90299 0.0021817 0.044132 
3230  0.094619 -0.98085 0.89074 0.0077306 0.044474 
3231  0.083617 -1.0398 0.90375 -0.0014831 0.043539 
3232  0.095619 -0.97581 0.88820 0.010609 0.044660 
3233  0.092619 -0.99109 0.89483 -0.037465 0.042390 
3234  0.096019 -0.97380 0.88720 -0.036193 0.042375 
3235  0.088018 -1.0154 0.90051 -0.00071641 0.044158 
3236  0.076415 -1.0823 0.90662 0.024279 0.044440 
3237  0.091218 -0.99838 0.89699 -0.022071 0.042900 
3238  0.077215 -1.0774 0.90638 0.017728 0.044104 
3239  0.092819 -0.99006 0.89452 -0.0029576 0.043785 
3240  0.096819 -0.96981 0.88496 0.021368 0.045262 
3241  0.078616 -1.0689 0.90590 -0.010260 0.042952 
3242  0.098420 -0.96192 0.88015 0.026192 0.045629 
3243  0.085017 -1.0319 0.90286 0.0074619 0.044150 
3244  0.094819 -0.97984 0.89024 -0.0010445 0.044236 
3245  0.070414 -1.1206 0.90778 -0.0048874 0.043002 
3246  0.084417 -1.0353 0.90329 -0.021853 0.042489 
3247  0.078216 -1.0713 0.90604 -0.030012 0.042181 
3248  0.080416 -1.0582 0.90516 -0.022422 0.042470 
3249  0.093219 -0.98800 0.89384 0.0050242 0.044301 
3250  0.073215 -1.1024 0.90733 0.0013818 0.043265 
3251  0.099620 -0.95608 0.87638 -0.070950 0.041157 
3252  0.092819 -0.99006 0.89452 0.0099062 0.044725 
3253  0.094419 -0.98187 0.89119 -0.063411 0.041257 
3254  0.097620 -0.96585 0.88260 0.014714 0.044996 
3255  0.10362 -0.93705 0.86123 0.014068 0.045066 
3256  0.076815 -1.0798 0.90651 -0.019103 0.042606 
3257  0.091218 -0.99838 0.89699 0.0021692 0.044114 
3258  0.10122 -0.94839 0.87010 -0.054808 0.041734 
3259  0.093819 -0.98493 0.89259 0.012597 0.045149 
3260  0.091418 -0.99733 0.89664 0.023083 0.045223 
3261  0.091418 -0.99733 0.89664 0.019924 0.045590 
3262  0.084017 -1.0375 0.90352 0.014334 0.044440 
3263  0.086417 -1.0241 0.90191 0.017999 0.044582 
3264  0.091418 -0.99733 0.89664 0.036634 0.045516 
3265  0.094219 -0.98289 0.89166 0.014155 0.044922 
3266  0.090818 -1.0005 0.89745 -0.029004 0.042583 
3267  0.097820 -0.96487 0.88189 0.038825 0.046236 
3268  0.080016 -1.0606 0.90530 0.034481 0.045108 
3269  0.092018 -0.99420 0.89575 0.013608 0.044839 
3270  0.087417 -1.0187 0.90103 -0.045047 0.041693 
3271  0.074615 -1.0935 0.90705 -0.019390 0.042515 
3272  0.084217 -1.0364 0.90341 -0.042727 0.041794 
3273  0.075615 -1.0872 0.90681 -0.017244 0.042503 
3274  0.088218 -1.0143 0.90027 -0.027222 0.042882 
3275  0.084217 -1.0364 0.90341 -0.0058426 0.043321 
3276  0.074415 -1.0948 0.90711 -0.017181 0.042513 
3277  0.091618 -0.99629 0.89636 -0.028093 0.042627 
3278  0.090818 -1.0005 0.89745 0.014258 0.045032 
3279  0.087017 -1.0209 0.90142 0.0044430 0.044076 
3280  0.086017 -1.0264 0.90215 -0.033322 0.042206 
3281  0.095419 -0.97681 0.88876 0.014139 0.045105 
3282  0.11382 -0.89129 0.81303 0.088031 0.049719 
3283  0.093019 -0.98903 0.89418 -0.020793 0.043183 
3284  0.087618 -1.0176 0.90086 -0.0015437 0.043791 
3285  0.083217 -1.0421 0.90394 -0.0032269 0.043382 
3286  0.097820 -0.96487 0.88189 -0.030089 0.042971 
3287  0.091418 -0.99733 0.89664 0.0053490 0.044533 
3288  0.092018 -0.99420 0.89575 0.022352 0.045485 
3289  0.097419 -0.96684 0.88325 0.032109 0.046226 
3290  0.086617 -1.0230 0.90174 -0.026886 0.042694 
3291  0.086817 -1.0220 0.90161 -0.052761 0.041563 
3292  0.077015 -1.0786 0.90646 -0.015732 0.042698 
3293  0.10042 -0.95222 0.87359 -0.047944 0.041973 
3294  0.080816 -1.0559 0.90500 -0.022314 0.042384 
3295  0.073815 -1.0986 0.90720 -0.012568 0.042795 
3296  0.10122 -0.94839 0.87010 -0.043950 0.042189 
3297  0.071814 -1.1114 0.90761 -0.015991 0.042656 
3298  0.095019 -0.97883 0.88978 -0.034175 0.042588 
3299  0.092018 -0.99420 0.89575 -0.037888 0.042401 
3300  0.084217 -1.0364 0.90341 0.0097595 0.044398 
3301  0.087818 -1.0165 0.90067 -0.021525 0.042642 
3302  0.090018 -1.0047 0.89838 -0.024746 0.042678 
3303  0.11062 -0.90524 0.83049 0.069792 0.048680 
3304  0.086217 -1.0252 0.90201 -0.026291 0.042370 
3305  0.086817 -1.0220 0.90161 -0.047008 0.041759 
3306  0.096819 -0.96981 0.88496 -0.043137 0.041892 
3307  0.092819 -0.99006 0.89452 -0.0027956 0.043798 
3308  0.093219 -0.98800 0.89384 -0.015592 0.042953 
3309  0.093619 -0.98595 0.89309 0.0012929 0.044308 
3310  0.076015 -1.0848 0.90672 -0.020856 0.042538 
3311  0.090418 -1.0026 0.89793 0.0042946 0.044477 
3312  0.091818 -0.99524 0.89609 0.0077803 0.044777 
3313  0.088218 -1.0143 0.90027 0.0071389 0.044359 
3314  0.088018 -1.0154 0.90051 0.0023416 0.044281 
3315  0.11982 -0.86603 0.79074 -0.099944 0.040342 
3316  0.084017 -1.0375 0.90352 -0.011378 0.043410 
3317  0.085017 -1.0319 0.90286 0.0015021 0.044314 
3318  0.10922 -0.91146 0.83831 -0.082031 0.040790 
3319  0.090818 -1.0005 0.89745 -0.033432 0.042244 
3320  0.080216 -1.0594 0.90523 0.017873 0.044333 
3321  0.085017 -1.0319 0.90286 0.018013 0.044515 
3322  0.081416 -1.0524 0.90474 -0.010759 0.043180 
3323  0.079016 -1.0665 0.90571 0.010813 0.044263 
3324  0.084017 -1.0375 0.90352 0.010047 0.044469 
3325  0.091618 -0.99629 0.89636 0.035088 0.045666 
3326  0.083217 -1.0421 0.90394 0.014796 0.044165 
3327  0.089618 -1.0068 0.89884 -0.024695 0.042747 
3328  0.092418 -0.99213 0.89511 0.030572 0.045466 
3329  0.093219 -0.98800 0.89384 0.015433 0.044901 
3330  0.076215 -1.0835 0.90667 -0.015369 0.042791 
3331  0.074815 -1.0922 0.90699 0.025061 0.044790 
3332  0.094219 -0.98289 0.89166 -0.024817 0.042997 
3333  0.079216 -1.0653 0.90564 -0.027742 0.042365 
3334  0.091818 -0.99524 0.89609 -0.022186 0.043158 
3335  0.078016 -1.0725 0.90614 -0.016168 0.042953 
3336  0.070214 -1.1220 0.90782 -0.012355 0.042802 
3337  0.086017 -1.0264 0.90215 0.013567 0.044872 
3338  0.075015 -1.0910 0.90696 -0.0057207 0.043015 
3339  0.075015 -1.0910 0.90696 -0.0083498 0.042930 
3340  0.092819 -0.99006 0.89452 0.0019538 0.044199 
3341  0.085817 -1.0275 0.90228 -0.031284 0.042186 
3342  0.10162 -0.94648 0.86887 0.010462 0.045045 
3343  0.065213 -1.1564 0.90816 0.0032657 0.043151 
3344  0.081816 -1.0501 0.90456 -0.040552 0.041830 
3345  0.12643 -0.83947 0.77339 -0.10979 0.040131 
3346  0.091618 -0.99629 0.89636 -0.050394 0.041688 
3347  0.077616 -1.0750 0.90628 -0.0039004 0.043260 
3348  0.087017 -1.0209 0.90142 0.029167 0.045572 
3349  0.090818 -1.0005 0.89745 -0.0081478 0.043922 
3350  0.085217 -1.0308 0.90273 -9.8784e-05 0.044065 
3351  0.087417 -1.0187 0.90103 -0.029911 0.042475 
3352  0.11302 -0.89475 0.81864 -0.097057 0.040491 
3353  0.087417 -1.0187 0.90103 0.030844 0.045702 
3354  0.093419 -0.98697 0.89339 0.011427 0.044610 
3355  0.096819 -0.96981 0.88496 0.026749 0.045724 
3356  0.088018 -1.0154 0.90051 0.0019957 0.044045 
3357  0.082216 -1.0478 0.90439 0.023720 0.044624 
3358  0.084617 -1.0341 0.90312 0.023482 0.044953 
3359  0.080816 -1.0559 0.90500 0.011911 0.044507 
3360  0.096219 -0.97280 0.88654 0.036860 0.046187 
3361  0.093019 -0.98903 0.89418 -0.026814 0.042917 
3362  0.095219 -0.97782 0.88932 0.035923 0.046095 
3363  0.073415 -1.1011 0.90728 0.010196 0.043856 
3364  0.087417 -1.0187 0.90103 0.048972 0.046157 
3365  0.073415 -1.1011 0.90728 -0.0027537 0.043123 
3366  0.074415 -1.0948 0.90711 0.010664 0.043822 
3367  0.076615 -1.0811 0.90658 -0.0031330 0.043354 
3368  0.099220 -0.95802 0.87752 0.018858 0.045264 
3369  0.088618 -1.0122 0.89985 0.0040200 0.044366 
3370  0.085617 -1.0286 0.90241 -0.025242 0.042825 
3371  0.077415 -1.0762 0.90633 0.0065213 0.043810 
3372  0.092619 -0.99109 0.89483 0.015284 0.045134 
3373  0.088618 -1.0122 0.89985 -0.0076265 0.043802 
3374  0.095219 -0.97782 0.88932 0.038286 0.046360 
3375  0.099420 -0.95705 0.87694 -0.070207 0.041040 
3376  0.094419 -0.98187 0.89119 -0.054570 0.041629 
3377  0.076415 -1.0823 0.90662 -0.032184 0.042100 
3378  0.092018 -0.99420 0.89575 0.012568 0.044734 
3379  0.098620 -0.96094 0.87954 -0.047715 0.041951 
3380  0.074215 -1.0960 0.90714 -0.013508 0.042773 
3381  0.074615 -1.0935 0.90705 -0.025357 0.042228 
3382  0.088618 -1.0122 0.89985 0.00084742 0.044141 
3383  0.093219 -0.98800 0.89384 -0.026851 0.043094 
3384  0.092018 -0.99420 0.89575 -0.00071804 0.043923 
3385  0.091418 -0.99733 0.89664 0.012601 0.044790 
3386  0.085417 -1.0297 0.90260 -0.019851 0.042892 
3387  0.082617 -1.0455 0.90419 -0.045761 0.041602 
3388  0.094419 -0.98187 0.89119 0.035151 0.045802 
3389  0.072214 -1.1088 0.90754 -0.012748 0.042677 
3390  0.090618 -1.0015 0.89767 -0.0026934 0.044215 
3391  0.069014 -1.1300 0.90793 -0.0073785 0.042749 
3392  0.078416 -1.0701 0.90597 0.017528 0.044208 
3393  0.098220 -0.96290 0.88065 0.012015 0.045039 
3394  0.096819 -0.96981 0.88496 0.016184 0.045082 
3395  0.078016 -1.0725 0.90614 -0.030833 0.042360 
3396  0.078616 -1.0689 0.90590 -0.023563 0.042463 
3397  0.095819 -0.97480 0.88778 0.013069 0.044821 
3398  0.098220 -0.96290 0.88065 0.032280 0.045917 
3399  0.10542 -0.92869 0.85384 0.056568 0.047547 
3400  0.10002 -0.95415 0.87487 0.041486 0.046351 
3401  0.092018 -0.99420 0.89575 0.0022632 0.044212 
3402  0.096019 -0.97380 0.88720 0.048658 0.046940 
3403  0.082216 -1.0478 0.90439 0.0036115 0.044152 
3404  0.085617 -1.0286 0.90241 -0.044629 0.041880 
3405  0.085217 -1.0308 0.90273 -0.0012280 0.044063 
3406  0.095619 -0.97581 0.88820 -0.0041593 0.043865 
3407  0.082416 -1.0466 0.90429 -0.010356 0.043295 
3408  0.075015 -1.0910 0.90696 0.0019749 0.043209 
3409  0.093619 -0.98595 0.89309 0.0027686 0.044167 
3410  0.093219 -0.98800 0.89384 0.0017676 0.044311 
3411  0.095819 -0.97480 0.88778 0.0016111 0.044208 
3412  0.075215 -1.0897 0.90690 -0.0027168 0.043224 
3413  0.086017 -1.0264 0.90215 0.025296 0.044986 
3414  0.099220 -0.95802 0.87752 0.018288 0.045500 
3415  0.092218 -0.99316 0.89538 -0.0011412 0.044041 
3416  0.082817 -1.0443 0.90411 0.011252 0.044141 
3417  0.090818 -1.0005 0.89745 0.013049 0.044872 
3418  0.094619 -0.98085 0.89074 0.029963 0.045680 
3419  0.082216 -1.0478 0.90439 -0.021560 0.042673 
3420  0.090218 -1.0036 0.89815 0.0018698 0.044019 
3421  0.086017 -1.0264 0.90215 0.042958 0.045732 
3422  0.083617 -1.0398 0.90375 -0.045908 0.041760 
3423  0.086217 -1.0252 0.90201 -0.016128 0.043419 
3424  0.080016 -1.0606 0.90530 -0.0087665 0.043391 
3425  0.10442 -0.93332 0.85780 -0.052539 0.042085 
3426  0.091418 -0.99733 0.89664 0.041732 0.045633 
3427  0.10082 -0.95030 0.87180 0.035254 0.046365 
3428  0.093619 -0.98595 0.89309 -0.017790 0.043183 
3429  0.082617 -1.0455 0.90419 -0.0063833 0.043609 
3430  0.083817 -1.0387 0.90364 -0.012522 0.043197 
3431  0.087417 -1.0187 0.90103 -0.0087421 0.043505 
3432  0.086017 -1.0264 0.90215 -0.0099854 0.043554 
3433  0.084417 -1.0353 0.90329 0.039673 0.045568 
3434  0.093019 -0.98903 0.89418 0.018095 0.045323 
3435  0.090218 -1.0036 0.89815 -0.0056257 0.043511 
3436  0.085617 -1.0286 0.90241 -0.013800 0.043284 
3437  0.080616 -1.0571 0.90510 -0.012630 0.043273 
3438  0.082016 -1.0489 0.90446 -0.0079670 0.043505 
3439  0.080416 -1.0582 0.90516 -0.043890 0.041697 
3440  0.094219 -0.98289 0.89166 -0.018875 0.043300 
3441  0.080816 -1.0559 0.90500 -0.016097 0.043055 
3442  0.080816 -1.0559 0.90500 -0.010401 0.043087 
3443  0.081216 -1.0536 0.90483 -0.0053045 0.043621 
3444  0.086017 -1.0264 0.90215 -0.020502 0.042779 
3445  0.093419 -0.98697 0.89339 -0.0046548 0.043915 
3446  0.10182 -0.94553 0.86828 -0.066427 0.041351 
3447  0.090818 -1.0005 0.89745 -0.0058768 0.043633 
3448  0.087818 -1.0165 0.90067 -0.011953 0.043296 
3449  0.090218 -1.0036 0.89815 0.0077054 0.044672 
3450  0.095419 -0.97681 0.88876 -0.044901 0.042141 
3451  0.091618 -0.99629 0.89636 -0.049503 0.041636 
3452  0.091618 -0.99629 0.89636 0.014278 0.044760 
3453  0.081816 -1.0501 0.90456 -0.023308 0.042417 
3454  0.063613 -1.1679 0.90823 0.0045680 0.043339 
3455  0.099420 -0.95705 0.87694 0.0063866 0.044769 
3456  0.089618 -1.0068 0.89884 0.0081861 0.044587 
3457  0.083817 -1.0387 0.90364 0.0073953 0.043976 
3458  0.095419 -0.97681 0.88876 -0.077798 0.040845 
3459  0.11302 -0.89475 0.81864 -0.074712 0.040993 
3460  0.080216 -1.0594 0.90523 -0.011710 0.043026 
3461  0.078616 -1.0689 0.90590 -0.030874 0.042151 
3462  0.39028 -0.19376 0.36173 0.57842 0.092099 
3463  0.38528 -0.20291 0.38281 0.58079 0.092926 
3464  0.095419 -0.97681 0.88876 -0.022862 0.043056 
3465  0.086817 -1.0220 0.90161 0.015605 0.045081 
3466  0.086617 -1.0230 0.90174 0.0075817 0.044413 
3467  0.089818 -1.0058 0.89861 -0.0054959 0.043929 
3468  0.083417 -1.0409 0.90384 0.017733 0.044532 
3469  0.091218 -0.99838 0.89699 -0.032626 0.042530 
3470  0.085417 -1.0297 0.90260 -0.035047 0.042269 
3471  0.093619 -0.98595 0.89309 0.015956 0.045290 
3472  0.093219 -0.98800 0.89384 0.0080055 0.044787 
3473  0.098420 -0.96192 0.88015 -0.0042410 0.044056 
3474  0.081816 -1.0501 0.90456 -0.014049 0.042966 
3475  0.094819 -0.97984 0.89024 0.014027 0.044902 
3476  0.086417 -1.0241 0.90191 0.014246 0.045061 
3477  0.083417 -1.0409 0.90384 -0.0059841 0.043485 
3478  0.090218 -1.0036 0.89815 -0.0076072 0.043723 
3479  0.091618 -0.99629 0.89636 0.015742 0.045188 
3480  0.095619 -0.97581 0.88820 0.017564 0.045240 
3481  0.097219 -0.96783 0.88384 0.013938 0.044980 
3482  0.094619 -0.98085 0.89074 0.014713 0.044836 
3483  0.080816 -1.0559 0.90500 -0.012970 0.043082 
3484  0.091418 -0.99733 0.89664 -0.0034400 0.043518 
3485  0.081816 -1.0501 0.90456 -0.0047194 0.043530 
3486  0.083817 -1.0387 0.90364 0.017764 0.044701 
3487  0.086417 -1.0241 0.90191 -0.015798 0.042943 
3488  0.089018 -1.0100 0.89950 -0.0082516 0.043566 
3489  0.31606 -0.33524 0.46288 0.48186 0.086247 
3490  0.10042 -0.95222 0.87359 0.049492 0.047019 
3491  0.089618 -1.0068 0.89884 -0.012956 0.043135 
3492  0.093219 -0.98800 0.89384 0.047640 0.046541 
3493  0.098020 -0.96388 0.88148 -0.0015210 0.044172 
3494  0.10382 -0.93611 0.86015 0.046752 0.047148 
3495  0.084417 -1.0353 0.90329 -0.035762 0.042206 
3496  0.087618 -1.0176 0.90086 -0.0013240 0.044155 
3497  0.11282 -0.89561 0.81982 -0.083020 0.040775 
3498  0.093419 -0.98697 0.89339 -0.059606 0.041324 
3499  0.079616 -1.0630 0.90545 -0.032293 0.042085 
3500  0.081016 -1.0547 0.90490 -0.014671 0.043013 
3501  0.082817 -1.0443 0.90411 -0.039016 0.041909 
3502  0.096019 -0.97380 0.88720 -0.018401 0.042929 
3503  0.061812 -1.1812 0.90826 -0.0024509 0.043030 
3504  0.086417 -1.0241 0.90191 -0.021522 0.042906 
3505  0.079016 -1.0665 0.90571 -0.022485 0.042568 
3506  0.068814 -1.1314 0.90795 0.0017569 0.043281 
3507  0.091618 -0.99629 0.89636 0.0099236 0.044663 
3508  0.084617 -1.0341 0.90312 -0.020009 0.042705 
3509  0.077816 -1.0738 0.90624 -0.0021524 0.043199 
3510  0.078016 -1.0725 0.90614 -0.0017268 0.043272 
3511  0.071814 -1.1114 0.90761 -0.00012561 0.043233 
3512  0.082416 -1.0466 0.90429 -0.015289 0.042748 
3513  0.075615 -1.0872 0.90681 -0.020276 0.042409 
3514  0.095019 -0.97883 0.88978 0.011812 0.044613 
3515  0.084817 -1.0330 0.90299 0.0073691 0.044393 
3516  0.084217 -1.0364 0.90341 -0.012427 0.043107 
3517  0.089818 -1.0058 0.89861 -0.0063893 0.043588 
3518  0.091418 -0.99733 0.89664 0.0010802 0.044235 
3519  0.086417 -1.0241 0.90191 -0.019160 0.043399 
3520  0.093019 -0.98903 0.89418 -0.00086812 0.044136 
3521  0.091418 -0.99733 0.89664 -0.030312 0.042750 
3522  0.094619 -0.98085 0.89074 0.012042 0.045074 
3523  0.096619 -0.97081 0.88554 -0.055908 0.041529 
3524  0.086017 -1.0264 0.90215 0.011040 0.044809 
3525  0.10302 -0.93986 0.86347 -0.076677 0.040912 
3526  0.090818 -1.0005 0.89745 0.016476 0.045011 
3527  0.094219 -0.98289 0.89166 -0.057595 0.041370 
3528  0.097620 -0.96585 0.88260 -0.062196 0.041301 
3529  0.10222 -0.94363 0.86644 0.019286 0.045515 
3530  0.094619 -0.98085 0.89074 0.026439 0.045649 
3531  0.077215 -1.0774 0.90638 -0.0047979 0.043555 
3532  0.10262 -0.94174 0.86490 0.036761 0.046569 
3533  0.092418 -0.99213 0.89511 0.049413 0.047201 
3534  0.089618 -1.0068 0.89884 0.00095142 0.044210 
3535  0.081416 -1.0524 0.90474 -0.0069757 0.043347 
3536  0.099220 -0.95802 0.87752 -0.083814 0.040735 
3537  0.091018 -0.99943 0.89718 -0.051539 0.041610 
3538  0.088418 -1.0133 0.90005 -0.033538 0.042293 
3539  0.10202 -0.94458 0.86735 0.0060322 0.044564 
3540  0.080616 -1.0571 0.90510 -0.031314 0.042208 
3541  0.082817 -1.0443 0.90411 -0.0054364 0.043538 
3542  0.087818 -1.0165 0.90067 0.0010120 0.043942 
3543  0.079016 -1.0665 0.90571 -0.018263 0.042719 
3544  0.071214 -1.1153 0.90771 0.015022 0.043827 
3545  0.079816 -1.0618 0.90536 -0.025276 0.042572 
3546  0.079216 -1.0653 0.90564 -0.024288 0.042620 
3547  0.066613 -1.1465 0.90809 0.0088104 0.043487 
3548  0.091818 -0.99524 0.89609 0.011011 0.044869 
3549  0.091218 -0.99838 0.89699 -0.047092 0.041751 
3550  0.094819 -0.97984 0.89024 0.028038 0.045469 
3551  0.089018 -1.0100 0.89950 -0.00030863 0.044054 
3552  0.082016 -1.0489 0.90446 0.0012769 0.043850 
3553  0.095219 -0.97782 0.88932 0.011228 0.044946 
3554  0.096619 -0.97081 0.88554 0.021966 0.045384 
3555  0.091818 -0.99524 0.89609 0.0029458 0.044030 
3556  0.088018 -1.0154 0.90051 -0.0055267 0.043851 
3557  0.096619 -0.97081 0.88554 0.017254 0.045341 
3558  0.085017 -1.0319 0.90286 -0.015303 0.043075 
3559  0.11122 -0.90260 0.82654 0.045427 0.047149 
3560  0.10102 -0.94934 0.87115 -0.064086 0.041252 
3561  0.085017 -1.0319 0.90286 0.0061757 0.044359 
3562  0.14003 -0.78827 0.73827 0.14059 0.054669 
3563  0.093619 -0.98595 0.89309 0.019593 0.045548 
3564  0.088618 -1.0122 0.89985 -0.0041142 0.043705 
3565  0.083417 -1.0409 0.90384 -0.040218 0.041814 
3566  0.090218 -1.0036 0.89815 -0.0063624 0.043686 
3567  0.083817 -1.0387 0.90364 -0.011391 0.043170 
3568  0.087217 -1.0198 0.90121 -0.011911 0.043075 
3569  0.084417 -1.0353 0.90329 -0.022280 0.042837 
3570  0.084017 -1.0375 0.90352 -0.023109 0.042657 
3571  0.096019 -0.97380 0.88720 0.015771 0.045327 
3572  0.071214 -1.1153 0.90771 -0.014921 0.042635 
3573  0.097419 -0.96684 0.88325 -0.050179 0.041831 
3574  0.098620 -0.96094 0.87954 -0.061708 0.041322 
3575  0.10362 -0.93705 0.86123 -0.062485 0.041318 
3576  0.084017 -1.0375 0.90352 0.0075261 0.044185 
3577  0.098020 -0.96388 0.88148 -0.051988 0.041849 
3578  0.081816 -1.0501 0.90456 -0.0011672 0.043758 
3579  0.085417 -1.0297 0.90260 -0.012985 0.043368 
3580  0.092018 -0.99420 0.89575 -0.027294 0.042680 
3581  0.091218 -0.99838 0.89699 0.012432 0.044502 
3582  0.10162 -0.94648 0.86887 0.041877 0.046772 
3583  0.082416 -1.0466 0.90429 -0.010373 0.043232 
3584  0.092819 -0.99006 0.89452 0.023362 0.045484 
3585  0.078816 -1.0677 0.90579 0.0020330 0.044108 
3586  0.095219 -0.97782 0.88932 -0.00053398 0.044068 
3587  0.091018 -0.99943 0.89718 0.0045597 0.044394 
3588  0.086817 -1.0220 0.90161 -0.015808 0.043189 
3589  0.093619 -0.98595 0.89309 0.014402 0.045095 
3590  0.089418 -1.0079 0.89909 0.0053038 0.044695 
3591  0.077415 -1.0762 0.90633 0.038405 0.045061 
3592  0.081816 -1.0501 0.90456 0.029213 0.044873 
3593  0.099220 -0.95802 0.87752 0.046928 0.046583 
3594  0.092418 -0.99213 0.89511 0.0065829 0.044747 
3595  0.081216 -1.0536 0.90483 0.026734 0.044986 
3596  0.093419 -0.98697 0.89339 0.032130 0.046010 
3597  0.10422 -0.93425 0.85871 0.049134 0.047057 
3598  0.093619 -0.98595 0.89309 0.010030 0.044947 
3599  0.093019 -0.98903 0.89418 -0.00049333 0.044237 
3600  0.10102 -0.94934 0.87115 0.055962 0.047656 
3601  0.096619 -0.97081 0.88554 0.0094164 0.044704 
3602  0.091618 -0.99629 0.89636 0.016884 0.045126 
3603  0.085617 -1.0286 0.90241 0.010374 0.045014 
3604  0.093419 -0.98697 0.89339 0.014890 0.045007 
3605  0.091618 -0.99629 0.89636 0.016315 0.045276 
3606  0.093219 -0.98800 0.89384 0.011433 0.044832 
3607  0.093619 -0.98595 0.89309 0.020873 0.045322 
3608  0.077415 -1.0762 0.90633 -0.0058477 0.043270 
3609  0.078816 -1.0677 0.90579 -0.020487 0.042753 
3610  0.080616 -1.0571 0.90510 -0.026392 0.042451 
3611  0.091818 -0.99524 0.89609 -2.1062e-05 0.044047 
3612  0.10102 -0.94934 0.87115 -0.074485 0.041081 
3613  0.086617 -1.0230 0.90174 -0.021949 0.042724 
3614  0.094419 -0.98187 0.89119 0.014002 0.044858 
3615  0.095419 -0.97681 0.88876 0.014307 0.045054 
3616  0.084617 -1.0341 0.90312 -0.0018054 0.043563 
3617  0.084017 -1.0375 0.90352 -0.012452 0.043154 
3618  0.074415 -1.0948 0.90711 0.010623 0.043651 
3619  0.10942 -0.91057 0.83717 -0.060804 0.041866 
3620  0.086617 -1.0230 0.90174 0.0077930 0.044886 
3621  0.088218 -1.0143 0.90027 0.011941 0.044652 
3622  0.097620 -0.96585 0.88260 0.015165 0.045012 
3623  0.093819 -0.98493 0.89259 0.018447 0.045337 
3624  0.081416 -1.0524 0.90474 -0.031463 0.042171 
3625  0.071414 -1.1140 0.90767 -0.0048747 0.042872 
3626  0.090418 -1.0026 0.89793 -0.018385 0.043204 
3627  0.096219 -0.97280 0.88654 0.011195 0.044843 
3628  0.086017 -1.0264 0.90215 -0.033100 0.042408 
3629  0.084217 -1.0364 0.90341 -0.013290 0.043115 
3630  0.087417 -1.0187 0.90103 -0.0021184 0.043766 
3631  0.093019 -0.98903 0.89418 0.012096 0.044849 
3632  0.079616 -1.0630 0.90545 -0.0067074 0.043211 
3633  0.10802 -0.91684 0.84282 0.075720 0.049293 
3634  0.075815 -1.0860 0.90676 -0.024053 0.042297 
3635  0.093619 -0.98595 0.89309 -0.062101 0.041281 
3636  0.092418 -0.99213 0.89511 0.015706 0.045047 
3637  0.10642 -0.92410 0.84952 -0.076129 0.040943 
3638  0.096419 -0.97180 0.88606 0.010810 0.044962 
3639  0.087217 -1.0198 0.90121 -0.034036 0.042110 
3640  0.085017 -1.0319 0.90286 0.0088968 0.044488 
3641  0.084617 -1.0341 0.90312 -0.050880 0.041569 
3642  0.10102 -0.94934 0.87115 0.029497 0.046373 
3643  0.078416 -1.0701 0.90597 0.018428 0.044447 
3644  0.080416 -1.0582 0.90516 0.021222 0.044419 
3645  0.086817 -1.0220 0.90161 -0.014007 0.043042 
3646  0.11262 -0.89648 0.82096 0.074171 0.049479 
3647  0.10222 -0.94363 0.86644 0.055868 0.047590 
3648  0.089218 -1.0090 0.89929 -0.019262 0.042932 
3649  0.21124 -0.57216 0.57943 0.27354 0.067627 
3650  0.093619 -0.98595 0.89309 0.0029591 0.044446 
3651  0.089618 -1.0068 0.89884 0.0041834 0.044352 
3652  0.10302 -0.93986 0.86347 0.017446 0.045622 
3653  0.085617 -1.0286 0.90241 -0.026519 0.042430 
3654  0.081816 -1.0501 0.90456 -0.018888 0.042678 
3655  0.097620 -0.96585 0.88260 0.017022 0.045113 
3656  0.085817 -1.0275 0.90228 -0.013233 0.042924 
3657  0.093819 -0.98493 0.89259 0.013158 0.044951 
3658  0.094019 -0.98390 0.89218 0.00072027 0.044291 
3659  0.094419 -0.98187 0.89119 0.0044506 0.044482 
3660  0.092018 -0.99420 0.89575 -0.012260 0.043403 
3661  0.096619 -0.97081 0.88554 0.043965 0.046444 
3662  0.091418 -0.99733 0.89664 -0.036640 0.042167 
3663  0.081216 -1.0536 0.90483 -0.014728 0.043071 
3664  0.10202 -0.94458 0.86735 -0.073272 0.041038 
3665  0.11262 -0.89648 0.82096 0.081911 0.049403 
3666  0.090418 -1.0026 0.89793 0.0081299 0.044360 
3667  0.077415 -1.0762 0.90633 -0.018010 0.042677 
3668  0.087618 -1.0176 0.90086 -0.0072016 0.043637 
3669  0.084617 -1.0341 0.90312 -0.039537 0.042047 
3670  0.087017 -1.0209 0.90142 -0.0078815 0.043710 
3671  0.088218 -1.0143 0.90027 -0.0035317 0.043936 
3672  0.099620 -0.95608 0.87638 -0.026195 0.042818 
3673  0.085217 -1.0308 0.90273 -0.029726 0.042296 
3674  0.081216 -1.0536 0.90483 -0.027454 0.042304 
3675  0.092819 -0.99006 0.89452 0.0059512 0.044641 
3676  0.080216 -1.0594 0.90523 -0.026049 0.042529 
3677  0.088018 -1.0154 0.90051 -0.029983 0.042269 
3678  0.080816 -1.0559 0.90500 -0.027317 0.042398 
3679  0.091818 -0.99524 0.89609 0.010208 0.044809 
3680  0.094219 -0.98289 0.89166 -0.0027574 0.043978 
3681  0.088818 -1.0111 0.89965 0.046310 0.045828 
3682  0.096219 -0.97280 0.88654 0.060298 0.046849 
3683  0.089818 -1.0058 0.89861 0.057111 0.046440 
3684  0.091418 -0.99733 0.89664 -3.3012e-05 0.043904 
3685  0.12242 -0.85542 0.78271 0.10355 0.050220 
3686  0.093219 -0.98800 0.89384 0.019326 0.045154 
3687  0.091418 -0.99733 0.89664 -0.00028737 0.044177 
3688  0.091818 -0.99524 0.89609 -0.0033471 0.044282 
3689  0.076015 -1.0848 0.90672 0.0043883 0.043359 
3690  0.080616 -1.0571 0.90510 -0.021639 0.042661 
3691  0.086017 -1.0264 0.90215 -0.021059 0.042706 
3692  0.084617 -1.0341 0.90312 0.015894 0.044367 
3693  0.098620 -0.96094 0.87954 0.015655 0.045154 
3694  0.086417 -1.0241 0.90191 0.00032294 0.044112 
3695  0.092619 -0.99109 0.89483 0.015708 0.044936 
3696  0.090018 -1.0047 0.89838 -0.049939 0.041729 
3697  0.088818 -1.0111 0.89965 -0.046452 0.041824 
3698  0.085017 -1.0319 0.90286 -0.036229 0.042007 
3699  0.069614 -1.1260 0.90788 -0.0081711 0.042741 
3700  0.094619 -0.98085 0.89074 0.0047694 0.044410 
3701  0.092018 -0.99420 0.89575 0.026453 0.045501 
3702  0.078016 -1.0725 0.90614 -0.011147 0.042818 
3703  0.088818 -1.0111 0.89965 0.014759 0.044969 
3704  0.081416 -1.0524 0.90474 0.011998 0.044486 
3705  0.096219 -0.97280 0.88654 0.015667 0.045159 
3706  0.095419 -0.97681 0.88876 0.012497 0.044894 
3707  0.085417 -1.0297 0.90260 -0.012116 0.043349 
3708  0.087217 -1.0198 0.90121 0.010591 0.044516 
3709  0.074415 -1.0948 0.90711 -0.026421 0.042197 
3710  0.094619 -0.98085 0.89074 0.030541 0.045649 
3711  0.088018 -1.0154 0.90051 -0.0067689 0.043305 
3712  0.088218 -1.0143 0.90027 -0.0088721 0.043423 
3713  0.089618 -1.0068 0.89884 -0.041852 0.042018 
3714  0.091018 -0.99943 0.89718 -0.029146 0.042435 
3715  0.083817 -1.0387 0.90364 -0.021229 0.042754 
3716  0.081016 -1.0547 0.90490 -0.020707 0.042715 
3717  0.093819 -0.98493 0.89259 -0.0032935 0.043810 
3718  0.099420 -0.95705 0.87694 0.018769 0.045316 
3719  0.085017 -1.0319 0.90286 -0.022869 0.042480 
3720  0.074615 -1.0935 0.90705 -0.023701 0.042370 
3721  0.084217 -1.0364 0.90341 -0.037387 0.042078 
3722  0.076415 -1.0823 0.90662 -0.027058 0.042203 
3723  0.096019 -0.97380 0.88720 0.011984 0.045220 
3724  0.086417 -1.0241 0.90191 0.0046588 0.043898 
3725  0.077215 -1.0774 0.90638 0.010317 0.043883 
3726  0.088418 -1.0133 0.90005 -0.012280 0.043306 
3727  0.093819 -0.98493 0.89259 0.0068561 0.044446 
3728  0.10162 -0.94648 0.86887 0.025032 0.045781 
3729  0.086417 -1.0241 0.90191 -0.017417 0.043028 
3730  0.096819 -0.96981 0.88496 0.025291 0.045371 
3731  0.089218 -1.0090 0.89929 0.040315 0.045895 
3732  0.10022 -0.95318 0.87410 -0.027680 0.042850 
3733  0.094419 -0.98187 0.89119 -0.064635 0.041254 
3734  0.079616 -1.0630 0.90545 -0.022368 0.042413 
3735  0.10162 -0.94648 0.86887 -0.029677 0.042774 
3736  0.10662 -0.92319 0.84892 -0.085321 0.040756 
3737  0.089018 -1.0100 0.89950 0.0031230 0.044404 
3738  0.080016 -1.0606 0.90530 -0.0097511 0.043131 
3739  0.082617 -1.0455 0.90419 -0.022233 0.042759 
3740  0.079216 -1.0653 0.90564 -0.013620 0.043089 
3741  0.084417 -1.0353 0.90329 -0.012260 0.043211 
3742  0.083417 -1.0409 0.90384 -0.024839 0.042501 
3743  0.093819 -0.98493 0.89259 0.016477 0.045096 
3744  0.077015 -1.0786 0.90646 -0.017670 0.042847 
3745  0.091818 -0.99524 0.89609 -0.0099735 0.043557 
3746  0.081816 -1.0501 0.90456 -0.029118 0.042406 
3747  0.087818 -1.0165 0.90067 0.0013195 0.044069 
3748  0.083017 -1.0432 0.90401 -0.0054428 0.043738 
3749  0.075615 -1.0872 0.90681 0.0082179 0.043880 
3750  0.10122 -0.94839 0.87010 0.039307 0.046714 
3751  0.13283 -0.81482 0.75071 0.098443 0.049480 
3752  0.092418 -0.99213 0.89511 -0.0011035 0.044205 
3753  0.097620 -0.96585 0.88260 0.00091099 0.044528 
3754  0.084017 -1.0375 0.90352 0.025046 0.045175 
3755  0.085417 -1.0297 0.90260 0.0037785 0.044411 
3756  0.091218 -0.99838 0.89699 -0.0048968 0.043790 
3757  0.086617 -1.0230 0.90174 0.0085859 0.044693 
3758  0.10382 -0.93611 0.86015 0.013028 0.045079 
3759  0.079416 -1.0642 0.90550 0.026295 0.044513 
3760  0.081616 -1.0512 0.90464 -0.015732 0.042838 
3761  0.092418 -0.99213 0.89511 0.023621 0.045298 
3762  0.083217 -1.0421 0.90394 -0.040256 0.041945 
3763  0.088218 -1.0143 0.90027 0.0068423 0.044012 
3764  0.096819 -0.96981 0.88496 -0.044698 0.041743 
3765  0.084417 -1.0353 0.90329 -0.0039632 0.043617 
3766  0.089618 -1.0068 0.89884 -0.00093954 0.044000 
3767  0.080816 -1.0559 0.90500 -0.021515 0.042582 
3768  0.080616 -1.0571 0.90510 -0.015751 0.042786 
3769  0.092218 -0.99316 0.89538 0.0034826 0.044294 
3770  0.086817 -1.0220 0.90161 -0.0036027 0.043986 
3771  0.088018 -1.0154 0.90051 -0.013684 0.043045 
3772  0.092819 -0.99006 0.89452 -0.0087382 0.043731 
3773  0.097820 -0.96487 0.88189 0.00039697 0.044168 
3774  0.083617 -1.0398 0.90375 -0.028650 0.042345 
3775  0.084217 -1.0364 0.90341 0.0034435 0.044278 
3776  0.092619 -0.99109 0.89483 0.016647 0.045217 
3777  0.090618 -1.0015 0.89767 0.041330 0.045788 
3778  0.088418 -1.0133 0.90005 0.039893 0.045738 
3779  0.083817 -1.0387 0.90364 0.016109 0.044214 
3780  0.083217 -1.0421 0.90394 -0.011552 0.043060 
3781  0.076815 -1.0798 0.90651 0.017277 0.044135 
3782  0.086417 -1.0241 0.90191 0.038048 0.045682 
3783  0.080616 -1.0571 0.90510 -0.028731 0.042418 
3784  0.087017 -1.0209 0.90142 -0.031949 0.042336 
3785  0.085617 -1.0286 0.90241 -0.018402 0.042758 
3786  0.092218 -0.99316 0.89538 -0.057520 0.041335 
3787  0.092619 -0.99109 0.89483 0.0087514 0.044761 
3788  0.094019 -0.98390 0.89218 0.00083801 0.044382 
3789  0.084817 -1.0330 0.90299 -0.037415 0.042130 
3790  0.084817 -1.0330 0.90299 -0.034035 0.042289 
3791  0.10022 -0.95318 0.87410 0.064780 0.047343 
3792  0.078816 -1.0677 0.90579 -0.038789 0.041941 
3793  0.089018 -1.0100 0.89950 0.0081901 0.044637 
3794  0.086417 -1.0241 0.90191 -0.030118 0.042311 
3795  0.091618 -0.99629 0.89636 0.0037369 0.044212 
3796  0.086617 -1.0230 0.90174 -0.0014229 0.044015 
3797  0.087217 -1.0198 0.90121 0.013009 0.044912 
3798  0.078216 -1.0713 0.90604 0.010902 0.044169 
3799  0.077816 -1.0738 0.90624 -0.037542 0.041889 
3800  0.091618 -0.99629 0.89636 0.0017198 0.044231 
3801  0.091218 -0.99838 0.89699 0.011259 0.044427 
3802  0.10122 -0.94839 0.87010 -0.055493 0.041702 
3803  0.088818 -1.0111 0.89965 0.0041968 0.043907 
3804  0.089218 -1.0090 0.89929 0.0075650 0.044090 
3805  0.091818 -0.99524 0.89609 -0.015466 0.043436 
3806  0.088418 -1.0133 0.90005 -0.010908 0.043248 
3807  0.085617 -1.0286 0.90241 0.00080216 0.043762 
3808  0.088218 -1.0143 0.90027 -0.0014597 0.043741 
3809  0.089018 -1.0100 0.89950 0.0047143 0.044217 
3810  0.10722 -0.92046 0.84688 0.075322 0.048236 
3811  0.077015 -1.0786 0.90646 -0.011479 0.042971 
3812  0.073015 -1.1037 0.90737 -0.0060322 0.043053 
3813  0.073815 -1.0986 0.90720 -0.010305 0.042914 
3814  0.073015 -1.1037 0.90737 -0.015955 0.042720 
3815  0.089018 -1.0100 0.89950 0.0065462 0.044431 
3816  0.089418 -1.0079 0.89909 0.0083004 0.044653 
3817  0.085217 -1.0308 0.90273 0.010850 0.044530 
3818  0.095219 -0.97782 0.88932 0.034361 0.045928 
3819  0.093619 -0.98595 0.89309 0.014139 0.045000 
3820  0.089618 -1.0068 0.89884 -0.0016620 0.043925 
3821  0.082016 -1.0489 0.90446 -0.031050 0.042214 
3822  0.089418 -1.0079 0.89909 0.020816 0.045415 
3823  0.083417 -1.0409 0.90384 0.010190 0.044710 
3824  0.087417 -1.0187 0.90103 0.012201 0.044564 
3825  0.10222 -0.94363 0.86644 0.012514 0.045203 
3826  0.086217 -1.0252 0.90201 0.0095303 0.044316 
3827  0.090418 -1.0026 0.89793 0.0081534 0.044487 
3828  0.098820 -0.95997 0.87884 -0.00063987 0.044426 
3829  0.088418 -1.0133 0.90005 -0.0037842 0.043982 
3830  0.090218 -1.0036 0.89815 0.025861 0.045545 
3831  0.080816 -1.0559 0.90500 0.0054062 0.043931 
3832  0.075815 -1.0860 0.90676 0.015274 0.044273 
3833  0.096619 -0.97081 0.88554 0.024259 0.045653 
3834  0.082216 -1.0478 0.90439 0.014400 0.044323 
3835  0.087618 -1.0176 0.90086 0.0046331 0.044173 
3836  0.088618 -1.0122 0.89985 -0.055844 0.041395 
3837  0.083817 -1.0387 0.90364 -0.035952 0.042083 
3838  0.086817 -1.0220 0.90161 -0.036607 0.042244 
3839  0.088018 -1.0154 0.90051 -0.0025581 0.044029 
3840  0.090418 -1.0026 0.89793 0.0028716 0.044286 
3841  0.096219 -0.97280 0.88654 -0.048065 0.041848 
3842  0.10222 -0.94363 0.86644 0.018722 0.045310 
3843  0.11122 -0.90260 0.82654 0.073560 0.049168 
3844  0.074215 -1.0960 0.90714 -0.0011275 0.043631 
3845  0.072615 -1.1062 0.90744 -0.029960 0.042155 
3846  0.080216 -1.0594 0.90523 -0.025426 0.042469 
3847  0.091218 -0.99838 0.89699 0.00088061 0.044076 
3848  0.093219 -0.98800 0.89384 -0.0081953 0.043562 
3849  0.091218 -0.99838 0.89699 -0.036842 0.042119 
3850  0.096019 -0.97380 0.88720 -0.00081212 0.044228 
3851  0.087017 -1.0209 0.90142 -0.00012162 0.044134 
3852  0.078416 -1.0701 0.90597 0.014275 0.044084 
3853  0.092819 -0.99006 0.89452 0.010558 0.044816 
3854  0.085017 -1.0319 0.90286 0.0025811 0.043718 
3855  0.10682 -0.92228 0.84815 -0.071364 0.041032 
3856  0.091618 -0.99629 0.89636 0.0063340 0.044601 
3857  0.091818 -0.99524 0.89609 0.041083 0.045539 
3858  0.093619 -0.98595 0.89309 -0.041771 0.042089 
3859  0.085817 -1.0275 0.90228 -0.036626 0.042134 
3860  0.088018 -1.0154 0.90051 0.00014007 0.044098 
3861  0.084017 -1.0375 0.90352 -0.039321 0.042001 
3862  0.083417 -1.0409 0.90384 0.021546 0.044735 
3863  0.082016 -1.0489 0.90446 -0.022725 0.042602 
3864  0.074415 -1.0948 0.90711 -0.023063 0.042460 
3865  0.091018 -0.99943 0.89718 -0.0037165 0.043843 
3866  0.093619 -0.98595 0.89309 -0.028150 0.042857 
3867  0.095219 -0.97782 0.88932 0.049663 0.046629 
3868  0.088418 -1.0133 0.90005 -0.0034746 0.043888 
3869  0.084817 -1.0330 0.90299 0.0056661 0.044351 
3870  0.088018 -1.0154 0.90051 -0.019767 0.043046 
3871  0.095819 -0.97480 0.88778 0.0065661 0.044603 
3872  0.089818 -1.0058 0.89861 0.023178 0.045472 
3873  0.091418 -0.99733 0.89664 -0.064030 0.041265 
3874  0.099620 -0.95608 0.87638 0.0072986 0.044859 
3875  0.082216 -1.0478 0.90439 0.0092487 0.044489 
3876  0.087818 -1.0165 0.90067 -0.0032744 0.043986 
3877  0.085217 -1.0308 0.90273 -0.027107 0.042372 
3878  0.087618 -1.0176 0.90086 -0.032758 0.042359 
3879  0.078616 -1.0689 0.90590 -0.028885 0.042299 
3880  0.089018 -1.0100 0.89950 0.0060980 0.044417 
3881  0.094219 -0.98289 0.89166 -0.031147 0.042586 
3882  0.080016 -1.0606 0.90530 -0.0066903 0.043241 
3883  0.080816 -1.0559 0.90500 -0.028693 0.042322 
3884  0.094419 -0.98187 0.89119 0.031240 0.045848 
3885  0.087618 -1.0176 0.90086 -0.00087206 0.044018 
3886  0.087818 -1.0165 0.90067 -0.0038445 0.043774 
3887  0.093619 -0.98595 0.89309 0.0044493 0.044439 
3888  0.085817 -1.0275 0.90228 -0.021856 0.042725 
3889  0.089218 -1.0090 0.89929 0.010305 0.044606 
3890  0.088618 -1.0122 0.89985 -0.044127 0.041911 
3891  0.087818 -1.0165 0.90067 0.0016836 0.044210 
3892  0.10002 -0.95415 0.87487 -0.062613 0.041381 
3893  0.10122 -0.94839 0.87010 -0.059216 0.041426 
3894  0.089818 -1.0058 0.89861 -0.0025952 0.044054 
3895  0.089018 -1.0100 0.89950 0.051824 0.046258 
3896  0.096819 -0.96981 0.88496 0.013846 0.045227 
3897  0.092018 -0.99420 0.89575 0.0034848 0.044269 
3898  0.075015 -1.0910 0.90696 -0.012401 0.042681 
3899  0.076015 -1.0848 0.90672 0.041273 0.045423 
3900  0.078816 -1.0677 0.90579 -0.0056827 0.043553 
3901  0.096419 -0.97180 0.88606 0.049483 0.047017 
3902  0.089418 -1.0079 0.89909 0.021991 0.045326 
3903  0.093219 -0.98800 0.89384 0.0018029 0.044192 
3904  0.097620 -0.96585 0.88260 -0.0019073 0.043978 
3905  0.093019 -0.98903 0.89418 0.0020981 0.044235 
3906  0.092418 -0.99213 0.89511 -0.046091 0.042224 
3907  0.14203 -0.78110 0.73307 0.12839 0.054349 
3908  0.085217 -1.0308 0.90273 0.021000 0.044909 
3909  0.094019 -0.98390 0.89218 0.0068944 0.044504 
3910  0.095819 -0.97480 0.88778 -0.0056902 0.043989 
3911  0.10542 -0.92869 0.85384 0.053296 0.047920 
3912  0.078016 -1.0725 0.90614 -0.017288 0.042668 
3913  0.083217 -1.0421 0.90394 -0.018409 0.042770 
3914  0.077816 -1.0738 0.90624 -0.0086394 0.043073 
3915  0.078816 -1.0677 0.90579 -0.020958 0.042496 
3916  0.096019 -0.97380 0.88720 0.0072955 0.044416 
3917  0.084017 -1.0375 0.90352 -0.031648 0.042306 
3918  0.087818 -1.0165 0.90067 -0.014636 0.043144 
3919  0.076215 -1.0835 0.90667 0.0041213 0.043597 
3920  0.090618 -1.0015 0.89767 -0.035286 0.042400 
3921  0.091818 -0.99524 0.89609 0.0077987 0.044592 
3922  0.088418 -1.0133 0.90005 -0.053837 0.041483 
3923  0.087017 -1.0209 0.90142 0.0099155 0.044756 
3924  0.085617 -1.0286 0.90241 0.0068264 0.044151 
3925  0.076615 -1.0811 0.90658 0.0031349 0.043601 
3926  0.10362 -0.93705 0.86123 0.048701 0.047003 
3927  0.083617 -1.0398 0.90375 0.027106 0.045048 
3928  0.088418 -1.0133 0.90005 0.030277 0.045316 
3929  0.094219 -0.98289 0.89166 0.036081 0.045729 
3930  0.093219 -0.98800 0.89384 0.0067757 0.044556 
3931  0.13383 -0.81106 0.74925 0.10276 0.049660 
3932  0.083217 -1.0421 0.90394 -0.036991 0.041895 
3933  0.072615 -1.1062 0.90744 0.013146 0.043771 
3934  0.091018 -0.99943 0.89718 0.00067736 0.044213 
3935  0.094819 -0.97984 0.89024 -0.021659 0.043181 
3936  0.095219 -0.97782 0.88932 -0.028569 0.042968 
3937  0.099620 -0.95608 0.87638 -0.026427 0.043077 
3938  0.093419 -0.98697 0.89339 -0.031786 0.042754 
3939  0.091218 -0.99838 0.89699 -0.00047046 0.044174 
3940  0.083417 -1.0409 0.90384 -0.032942 0.042196 
3941  0.094619 -0.98085 0.89074 0.018908 0.045325 
3942  0.098420 -0.96192 0.88015 0.0089733 0.044950 
3943  0.073415 -1.1011 0.90728 0.0042226 0.043450 
3944  0.083217 -1.0421 0.90394 -0.022078 0.042890 
3945  0.079216 -1.0653 0.90564 0.0055193 0.043941 
3946  0.076015 -1.0848 0.90672 -0.019215 0.042542 
3947  0.097820 -0.96487 0.88189 0.015244 0.045119 
3948  0.097219 -0.96783 0.88384 -0.058855 0.041449 
3949  0.089218 -1.0090 0.89929 -0.015700 0.043269 
3950  0.088218 -1.0143 0.90027 0.019759 0.044931 
3951  0.085817 -1.0275 0.90228 0.012354 0.044553 
3952  0.079616 -1.0630 0.90545 -0.025317 0.042568 
3953  0.079216 -1.0653 0.90564 0.0025134 0.043516 
3954  0.091618 -0.99629 0.89636 -0.039257 0.042204 
3955  0.098020 -0.96388 0.88148 0.012734 0.045009 
3956  0.089818 -1.0058 0.89861 0.023320 0.045174 
3957  0.086617 -1.0230 0.90174 -0.046803 0.041685 
3958  0.077816 -1.0738 0.90624 0.018804 0.044299 
3959  0.087017 -1.0209 0.90142 -0.0094443 0.043442 
3960  0.076015 -1.0848 0.90672 0.0023850 0.043644 
3961  0.094219 -0.98289 0.89166 0.0014427 0.044388 
3962  0.14683 -0.76422 0.70767 0.12321 0.051428 
3963  0.14223 -0.78039 0.72939 0.12859 0.051865 
3964  0.10142 -0.94743 0.86933 -0.030427 0.042898 
3965  0.089218 -1.0090 0.89929 -0.043369 0.042059 
3966  0.099620 -0.95608 0.87638 0.041907 0.046264 
3967  0.091218 -0.99838 0.89699 -0.00041629 0.044053 
3968  0.10062 -0.95126 0.87279 -0.027911 0.043346 
3969  0.094619 -0.98085 0.89074 -0.0036127 0.043997 
3970  0.095419 -0.97681 0.88876 0.053875 0.046942 
3971  0.081416 -1.0524 0.90474 -0.020485 0.042607 
3972  0.074415 -1.0948 0.90711 -0.018414 0.042623 
3973  0.082817 -1.0443 0.90411 0.0033351 0.044015 
3974  0.089818 -1.0058 0.89861 0.019459 0.045012 
3975  0.083017 -1.0432 0.90401 -0.00017358 0.043965 
3976  0.083417 -1.0409 0.90384 -0.012422 0.043040 
3977  0.092418 -0.99213 0.89511 0.035496 0.046420 
3978  0.10102 -0.94934 0.87115 0.043076 0.046164 
3979  0.11082 -0.90436 0.82962 -0.083226 0.040871 
3980  0.087217 -1.0198 0.90121 -0.0023313 0.044092 
3981  0.095419 -0.97681 0.88876 0.0068170 0.044675 
3982  0.093619 -0.98595 0.89309 -0.0050611 0.043748 
3983  0.093819 -0.98493 0.89259 0.0092604 0.044696 
3984  0.090018 -1.0047 0.89838 -0.046412 0.041772 
3985  0.094819 -0.97984 0.89024 0.042288 0.046598 
3986  0.091418 -0.99733 0.89664 0.00081024 0.044153 
3987  0.084617 -1.0341 0.90312 -0.0033143 0.043936 
3988  0.085217 -1.0308 0.90273 0.019193 0.044969 
3989  0.083417 -1.0409 0.90384 -0.00090465 0.043853 
3990  0.081816 -1.0501 0.90456 -0.022000 0.042796 
3991  0.089618 -1.0068 0.89884 -0.0019289 0.043684 
3992  0.083417 -1.0409 0.90384 -0.0091304 0.043332 
3993  0.079616 -1.0630 0.90545 0.023610 0.044400 
3994  0.081616 -1.0512 0.90464 -0.035957 0.041981 
3995  0.079616 -1.0630 0.90545 -0.028342 0.042469 
3996  0.087618 -1.0176 0.90086 0.019530 0.045116 
3997  0.088418 -1.0133 0.90005 0.0048939 0.044414 
3998  0.093019 -0.98903 0.89418 0.0050735 0.044307 
3999  0.080216 -1.0594 0.90523 -0.00038561 0.043843 
4000  0.093019 -0.98903 0.89418 -0.0090329 0.043687 
4001  0.087818 -1.0165 0.90067 0.0060866 0.044498 
4002  0.10402 -0.93518 0.85920 0.047430 0.047024 
4003  0.075415 -1.0885 0.90684 0.0052798 0.043377 
4004  0.12042 -0.86356 0.78922 0.083213 0.048964 
4005  0.10222 -0.94363 0.86644 -0.046280 0.042182 
4006  0.084417 -1.0353 0.90329 0.0029908 0.044011 
4007  0.086217 -1.0252 0.90201 0.016318 0.044868 
4008  0.084217 -1.0364 0.90341 -0.0021932 0.043772 
4009  0.078016 -1.0725 0.90614 -0.031973 0.041992 
4010  0.092619 -0.99109 0.89483 0.016098 0.045082 
4011  0.096019 -0.97380 0.88720 -0.00066752 0.044433 
4012  0.089618 -1.0068 0.89884 0.018997 0.044690 
4013  0.086617 -1.0230 0.90174 0.0026660 0.044032 
4014  0.092619 -0.99109 0.89483 0.00032660 0.044108 
4015  0.091818 -0.99524 0.89609 0.018701 0.045022 
4016  0.093619 -0.98595 0.89309 0.0045962 0.044466 
4017  0.11802 -0.87349 0.79768 0.090149 0.049516 
4018  0.076415 -1.0823 0.90662 -0.024337 0.042327 
4019  0.080616 -1.0571 0.90510 -0.023315 0.042360 
4020  0.083617 -1.0398 0.90375 0.0012995 0.043778 
4021  0.091418 -0.99733 0.89664 0.025513 0.045427 
4022  0.11942 -0.86768 0.79363 -0.10483 0.040298 
4023  0.11342 -0.89302 0.81572 -0.099655 0.040387 
4024  0.087618 -1.0176 0.90086 -0.0041190 0.043824 
4025  0.072214 -1.1088 0.90754 -0.014103 0.042750 
4026  0.11982 -0.86603 0.79074 -0.094921 0.040541 
4027  0.091018 -0.99943 0.89718 -0.020618 0.043053 
4028  0.071814 -1.1114 0.90761 -0.0038423 0.043202 
4029  0.067013 -1.1437 0.90808 -0.0087087 0.042804 
4030  0.092619 -0.99109 0.89483 -0.0023098 0.044033 
4031  0.084217 -1.0364 0.90341 -0.042313 0.041871 
4032  0.081416 -1.0524 0.90474 -0.017177 0.042715 
4033  0.099820 -0.95511 0.87553 -0.066841 0.041198 
4034  0.093419 -0.98697 0.89339 0.0094975 0.044803 
4035  0.087417 -1.0187 0.90103 -0.043064 0.041830 
4036  0.086217 -1.0252 0.90201 -0.013168 0.043308 
4037  0.091218 -0.99838 0.89699 -0.060113 0.041362 
4038  0.093619 -0.98595 0.89309 0.015031 0.045177 
4039  0.077616 -1.0750 0.90628 -0.0075104 0.043257 
4040  0.084817 -1.0330 0.90299 0.0037978 0.044378 
4041  0.088418 -1.0133 0.90005 -0.0039519 0.043787 
4042  0.095419 -0.97681 0.88876 -0.0064804 0.043926 
4043  0.093219 -0.98800 0.89384 -0.030839 0.042777 
4044  0.087618 -1.0176 0.90086 -0.037842 0.042224 
4045  0.089418 -1.0079 0.89909 -0.036566 0.042144 
4046  0.088018 -1.0154 0.90051 -0.029407 0.042440 
4047  0.093219 -0.98800 0.89384 -0.040710 0.042182 
4048  0.096419 -0.97180 0.88606 -0.041186 0.042247 
4049  0.071614 -1.1127 0.90763 0.0019049 0.043315 
4050  0.088218 -1.0143 0.90027 -0.022838 0.042747 
4051  0.087017 -1.0209 0.90142 -0.015712 0.043185 
4052  0.085417 -1.0297 0.90260 -0.025231 0.042491 
4053  0.095219 -0.97782 0.88932 -0.028981 0.043238 
4054  0.085617 -1.0286 0.90241 0.020461 0.044932 
4055  0.083217 -1.0421 0.90394 -0.024794 0.042596 
4056  0.096619 -0.97081 0.88554 0.011516 0.044937 
4057  0.097019 -0.96882 0.88435 0.014425 0.045252 
4058  0.099220 -0.95802 0.87752 0.020544 0.045675 
4059  0.098220 -0.96290 0.88065 0.042631 0.045921 
4060  0.071014 -1.1167 0.90773 -0.0019693 0.043068 
4061  0.089818 -1.0058 0.89861 0.013638 0.044813 
4062  0.081416 -1.0524 0.90474 -0.0034111 0.043860 
4063  0.081616 -1.0512 0.90464 -0.014914 0.042910 
4064  0.093219 -0.98800 0.89384 0.019596 0.045497 
4065  0.094619 -0.98085 0.89074 0.00029013 0.044086 
4066  0.097219 -0.96783 0.88384 0.014558 0.045210 
4067  0.095219 -0.97782 0.88932 -0.0014746 0.043895 
4068  0.093419 -0.98697 0.89339 -0.014229 0.043452 
4069  0.081416 -1.0524 0.90474 -0.0018994 0.043675 
4070  0.092819 -0.99006 0.89452 0.0045098 0.044502 
4071  0.10262 -0.94174 0.86490 0.012635 0.044964 
4072  0.089618 -1.0068 0.89884 0.0014856 0.044249 
4073  0.10242 -0.94269 0.86568 0.041224 0.047207 
4074  0.095419 -0.97681 0.88876 -0.032846 0.042814 
4075  0.14643 -0.76561 0.71253 0.13419 0.054350 
4076  0.088818 -1.0111 0.89965 0.020330 0.045090 
4077  0.13883 -0.79261 0.73993 0.12321 0.053535 
4078  0.099420 -0.95705 0.87694 0.032968 0.045837 
4079  0.084817 -1.0330 0.90299 0.015320 0.044913 
4080  0.092418 -0.99213 0.89511 0.015533 0.044961 
4081  0.092619 -0.99109 0.89483 0.024642 0.045699 
4082  0.14063 -0.78611 0.73485 0.12315 0.053914 
4083  0.093419 -0.98697 0.89339 -0.028973 0.042876 
4084  0.094819 -0.97984 0.89024 0.041424 0.046635 
4085  0.098820 -0.95997 0.87884 0.0027896 0.044256 
4086  0.10182 -0.94553 0.86828 0.035321 0.046335 
4087  0.096419 -0.97180 0.88606 0.034788 0.046399 
4088  0.10442 -0.93332 0.85780 0.064358 0.047586 
4089  0.071414 -1.1140 0.90767 0.0018187 0.043341 
4090  0.094819 -0.97984 0.89024 0.052057 0.046880 
4091  0.10002 -0.95415 0.87487 0.034352 0.046311 
4092  0.091018 -0.99943 0.89718 0.0073273 0.044579 
4093  0.088018 -1.0154 0.90051 -0.034188 0.042376 
4094  0.11042 -0.90613 0.83162 0.067261 0.048374 
4095  0.088618 -1.0122 0.89985 -0.038051 0.041981 
4096  0.085217 -1.0308 0.90273 0.0011194 0.044125 
4097  0.088618 -1.0122 0.89985 -0.039340 0.042096 
4098  0.074215 -1.0960 0.90714 -0.018748 0.042560 
4099  0.096619 -0.97081 0.88554 0.0074720 0.044813 
4100  0.075215 -1.0897 0.90690 -0.0055005 0.043386 
4101  0.082416 -1.0466 0.90429 -0.022686 0.042610 
4102  0.071214 -1.1153 0.90771 -0.018306 0.042573 
4103  0.078616 -1.0689 0.90590 -0.019340 0.042594 
4104  0.10502 -0.93054 0.85562 0.060327 0.047673 
4105  0.091818 -0.99524 0.89609 -0.032076 0.042698 
4106  0.10422 -0.93425 0.85871 0.057631 0.047519 
4107  0.096419 -0.97180 0.88606 0.0071592 0.044730 
4108  0.072615 -1.1062 0.90744 -0.016272 0.042490 
4109  0.085617 -1.0286 0.90241 0.0011365 0.043778 
4110  0.088818 -1.0111 0.89965 -0.0066523 0.043560 
4111  0.090418 -1.0026 0.89793 -0.043317 0.041833 
4112  0.10042 -0.95222 0.87359 -0.063703 0.041330 
4113  0.069214 -1.1287 0.90791 -0.011160 0.042765 
4114  0.093419 -0.98697 0.89339 -0.052008 0.041661 
4115  0.094219 -0.98289 0.89166 -0.050305 0.041790 
4116  0.091618 -0.99629 0.89636 -0.048266 0.041862 
4117  0.083417 -1.0409 0.90384 -0.043311 0.041931 
4118  0.070814 -1.1180 0.90774 -0.014606 0.042666 
4119  0.089018 -1.0100 0.89950 0.025655 0.044803 
4120  0.082016 -1.0489 0.90446 -0.041526 0.041906 
4121  0.095019 -0.97883 0.88978 0.012502 0.045134 
4122  0.074615 -1.0935 0.90705 -0.0093304 0.043046 
4123  0.082617 -1.0455 0.90419 0.018565 0.044386 
4124  0.094619 -0.98085 0.89074 -0.044879 0.041874 
4125  0.085817 -1.0275 0.90228 0.014838 0.044146 
4126  0.084417 -1.0353 0.90329 0.022842 0.044669 
4127  0.70494 0.37824 0.14093 0.98381 0.11990 
4128  0.088818 -1.0111 0.89965 -0.017043 0.042932 
4129  0.088218 -1.0143 0.90027 0.0083364 0.044241 
4130  0.088018 -1.0154 0.90051 -0.00081611 0.043870 
4131  0.090418 -1.0026 0.89793 -0.0019488 0.043938 
4132  0.088618 -1.0122 0.89985 -0.0026156 0.043961 
4133  0.091618 -0.99629 0.89636 -0.0078989 0.043617 
4134  0.076015 -1.0848 0.90672 -0.018954 0.042600 
4135  0.083417 -1.0409 0.90384 -0.0032577 0.043765 
4136  0.096619 -0.97081 0.88554 -0.030782 0.043266 
4137  0.082817 -1.0443 0.90411 -0.032565 0.042305 
4138  0.097820 -0.96487 0.88189 -0.070456 0.041058 
4139  0.090018 -1.0047 0.89838 0.0020671 0.044019 
4140  0.087217 -1.0198 0.90121 0.012603 0.044819 
4141  0.083217 -1.0421 0.90394 0.012563 0.044492 
4142  0.069414 -1.1273 0.90790 -0.017330 0.042570 
4143  0.33327 -0.30116 0.43422 0.37237 0.069261 
4144  0.092218 -0.99316 0.89538 0.011471 0.044669 
4145  0.091818 -0.99524 0.89609 0.020783 0.045056 
4146  0.094019 -0.98390 0.89218 -0.0054293 0.044064 
4147  0.090818 -1.0005 0.89745 0.021790 0.045550 
4148  0.094819 -0.97984 0.89024 0.0094784 0.044876 
4149  0.095819 -0.97480 0.88778 0.013312 0.044889 
4150  0.097620 -0.96585 0.88260 -0.034571 0.042812 
4151  0.087217 -1.0198 0.90121 0.0030439 0.044149 
4152  0.089418 -1.0079 0.89909 0.0027046 0.044408 
4153  0.089018 -1.0100 0.89950 0.0032740 0.043917 
4154  0.081016 -1.0547 0.90490 0.00016212 0.044000 
4155  0.086417 -1.0241 0.90191 -0.0058446 0.043605 
4156  0.087217 -1.0198 0.90121 0.022570 0.044556 
4157  0.088418 -1.0133 0.90005 0.0047075 0.043966 
4158  0.080216 -1.0594 0.90523 -0.020708 0.042498 
4159  0.097019 -0.96882 0.88435 -0.034549 0.042384 
4160  0.10122 -0.94839 0.87010 -0.068690 0.041250 
4161  0.073015 -1.1037 0.90737 0.013003 0.044172 
4162  0.32827 -0.31097 0.44906 0.49141 0.085870 
4163  0.092418 -0.99213 0.89511 -0.0034731 0.044005 
4164  0.081416 -1.0524 0.90474 -0.011021 0.042875 
4165  0.093219 -0.98800 0.89384 0.010272 0.044663 
4166  0.087217 -1.0198 0.90121 -0.0085237 0.043752 
4167  0.093819 -0.98493 0.89259 0.015677 0.045299 
4168  0.078816 -1.0677 0.90579 -0.024314 0.042278 
4169  0.086617 -1.0230 0.90174 -0.0081499 0.043567 
4170  0.091218 -0.99838 0.89699 -0.0093434 0.043801 
4171  0.090218 -1.0036 0.89815 0.0082302 0.044295 
4172  0.075615 -1.0872 0.90681 0.00059127 0.043355 
4173  0.095019 -0.97883 0.88978 0.012020 0.044870 
4174  0.093619 -0.98595 0.89309 0.032943 0.045685 
4175  0.089418 -1.0079 0.89909 -0.016013 0.043277 
4176  0.11322 -0.89388 0.81741 0.077339 0.048327 
4177  0.11342 -0.89302 0.81572 -0.091656 0.040653 
4178  0.21464 -0.56335 0.57195 0.25221 0.063230 
4179  0.074615 -1.0935 0.90705 -0.010430 0.043128 
4180  0.11262 -0.89648 0.82096 0.073179 0.048148 
4181  0.10922 -0.91146 0.83831 0.057129 0.046979 
4182  0.10182 -0.94553 0.86828 0.052170 0.047416 
4183  0.10422 -0.93425 0.85871 0.051647 0.047520 
4184  0.10982 -0.90879 0.83427 0.060379 0.048078 
4185  0.087217 -1.0198 0.90121 -5.5811e-06 0.043790 
4186  0.095819 -0.97480 0.88778 0.0078810 0.044556 
4187  0.092819 -0.99006 0.89452 -0.043940 0.042117 
4188  0.097620 -0.96585 0.88260 0.010631 0.044873 
4189  0.097820 -0.96487 0.88189 0.010577 0.045004 
4190  0.088418 -1.0133 0.90005 0.017406 0.044896 
4191  0.084417 -1.0353 0.90329 0.00011207 0.044302 
4192  0.092819 -0.99006 0.89452 0.019270 0.045137 
4193  0.091418 -0.99733 0.89664 0.016360 0.045157 
4194  0.097620 -0.96585 0.88260 0.0057416 0.044416 
4195  0.083617 -1.0398 0.90375 -0.0046473 0.043763 
4196  0.075015 -1.0910 0.90696 -0.015358 0.042570 
4197  0.088418 -1.0133 0.90005 -0.00045310 0.043820 
4198  0.091218 -0.99838 0.89699 -0.0056799 0.043709 
4199  0.091818 -0.99524 0.89609 0.011698 0.045070 
4200  0.092218 -0.99316 0.89538 -0.0087125 0.043563 
4201  0.080816 -1.0559 0.90500 -0.00012175 0.043419 
4202  0.082617 -1.0455 0.90419 -0.0043054 0.043823 
4203  0.089818 -1.0058 0.89861 0.00038318 0.044027 
4204  0.079816 -1.0618 0.90536 -0.0023974 0.043352 
4205  0.077816 -1.0738 0.90624 -0.0025763 0.043277 
4206  0.067013 -1.1437 0.90808 -0.027464 0.042073 
4207  0.078816 -1.0677 0.90579 -0.0011144 0.043415 
4208  0.091818 -0.99524 0.89609 0.0086734 0.044481 
4209  0.096019 -0.97380 0.88720 -0.059206 0.041410 
4210  0.089618 -1.0068 0.89884 0.0018496 0.044450 
4211  0.083417 -1.0409 0.90384 -0.033792 0.042252 
4212  0.080616 -1.0571 0.90510 -0.037153 0.042020 
4213  0.087618 -1.0176 0.90086 -0.0022655 0.043685 
4214  0.089418 -1.0079 0.89909 -0.038826 0.042157 
4215  0.089818 -1.0058 0.89861 -0.040507 0.041925 
4216  0.10242 -0.94269 0.86568 -0.065808 0.041321 
4217  0.085617 -1.0286 0.90241 -0.024103 0.042557 
4218  0.093219 -0.98800 0.89384 -0.0053974 0.043723 
4219  0.094619 -0.98085 0.89074 0.00019204 0.044148 
4220  0.095819 -0.97480 0.88778 0.011719 0.044805 
4221  0.096619 -0.97081 0.88554 -0.0034100 0.043973 
4222  0.078616 -1.0689 0.90590 0.00046760 0.043595 
4223  0.095219 -0.97782 0.88932 -0.030278 0.042837 
4224  0.091618 -0.99629 0.89636 0.0062386 0.044212 
4225  0.076615 -1.0811 0.90658 -0.018882 0.042531 
4226  0.087818 -1.0165 0.90067 -0.0063090 0.043451 
4227  0.075815 -1.0860 0.90676 -0.017420 0.042623 
4228  0.086217 -1.0252 0.90201 -0.033032 0.042352 
4229  0.092418 -0.99213 0.89511 -0.039780 0.042053 
4230  0.096819 -0.96981 0.88496 0.019445 0.045548 
4231  0.076215 -1.0835 0.90667 -0.013115 0.042939 
4232  0.085017 -1.0319 0.90286 0.0054445 0.043976 
4233  0.091218 -0.99838 0.89699 0.011760 0.044951 
4234  0.077816 -1.0738 0.90624 0.025790 0.044928 
4235  0.094619 -0.98085 0.89074 -0.023783 0.043159 
4236  0.092218 -0.99316 0.89538 0.00096612 0.044230 
4237  0.092218 -0.99316 0.89538 -6.5991e-05 0.044337 
4238  0.10322 -0.93892 0.86267 0.059095 0.047612 
4239  0.10542 -0.92869 0.85384 0.050101 0.047133 
4240  0.10902 -0.91235 0.83896 0.050793 0.047345 
4241  0.084417 -1.0353 0.90329 0.013704 0.044452 
4242  0.082416 -1.0466 0.90429 -0.0020553 0.043400 
4243  0.10362 -0.93705 0.86123 0.047343 0.046972 
4244  0.10842 -0.91504 0.84185 0.047531 0.046966 
4245  0.10402 -0.93518 0.85920 0.047565 0.046952 
4246  0.078616 -1.0689 0.90590 -0.033824 0.042046 
4247  0.098820 -0.95997 0.87884 -0.025658 0.043061 
4248  0.095219 -0.97782 0.88932 0.014662 0.045157 
4249  0.076415 -1.0823 0.90662 -0.028063 0.042316 
4250  0.089818 -1.0058 0.89861 0.0084900 0.044418 
4251  0.091618 -0.99629 0.89636 0.019177 0.044985 
4252  0.12442 -0.84739 0.77823 0.084353 0.049633 
4253  0.084017 -1.0375 0.90352 -0.011474 0.043226 
4254  0.090818 -1.0005 0.89745 0.0080533 0.044741 
4255  0.094219 -0.98289 0.89166 0.012802 0.044845 
4256  0.087217 -1.0198 0.90121 0.0046568 0.044187 
4257  0.084217 -1.0364 0.90341 0.0083287 0.044237 
4258  0.091818 -0.99524 0.89609 -0.050630 0.041785 
4259  0.096019 -0.97380 0.88720 -0.050516 0.041927 
4260  0.085417 -1.0297 0.90260 -0.0026427 0.043926 
4261  0.095219 -0.97782 0.88932 -0.048894 0.041956 
4262  0.10382 -0.93611 0.86015 0.030748 0.045906 
4263  0.093019 -0.98903 0.89418 -0.034800 0.042452 
4264  0.082817 -1.0443 0.90411 0.021736 0.044702 
4265  0.096419 -0.97180 0.88606 -0.027707 0.042982 
4266  0.089018 -1.0100 0.89950 -0.028459 0.042636 
4267  0.090018 -1.0047 0.89838 -0.046245 0.041760 
4268  0.075015 -1.0910 0.90696 0.0080461 0.043852 
4269  0.095819 -0.97480 0.88778 -0.033862 0.042846 
4270  0.087017 -1.0209 0.90142 -0.00046205 0.043806 
4271  0.089618 -1.0068 0.89884 -0.0061019 0.043464 
4272  0.091418 -0.99733 0.89664 -0.012108 0.043448 
4273  0.089218 -1.0090 0.89929 -0.011194 0.043642 
4274  0.090418 -1.0026 0.89793 0.017586 0.044925 
4275  0.091818 -0.99524 0.89609 -0.028059 0.042800 
4276  0.081816 -1.0501 0.90456 -0.032313 0.042149 
4277  0.085617 -1.0286 0.90241 0.036959 0.045501 
4278  0.098620 -0.96094 0.87954 0.012561 0.045005 
4279  0.097019 -0.96882 0.88435 0.012507 0.045282 
4280  0.092819 -0.99006 0.89452 0.0035145 0.044538 
4281  0.078216 -1.0713 0.90604 0.00059239 0.043260 
4282  0.087217 -1.0198 0.90121 -0.0035054 0.043643 
4283  0.080616 -1.0571 0.90510 0.0016260 0.043737 
4284  0.087618 -1.0176 0.90086 -0.00040467 0.043708 
4285  0.069614 -1.1260 0.90788 -0.0028853 0.043010 
4286  0.072214 -1.1088 0.90754 0.00017261 0.043320 
4287  0.090618 -1.0015 0.89767 -0.00067267 0.044079 
4288  0.091618 -0.99629 0.89636 0.030014 0.045924 
4289  0.078216 -1.0713 0.90604 -0.016357 0.042681 
4290  0.080216 -1.0594 0.90523 -0.00017839 0.043660 
4291  0.093019 -0.98903 0.89418 0.015689 0.045347 
4292  0.076815 -1.0798 0.90651 -0.017819 0.042525 
4293  0.086417 -1.0241 0.90191 0.0031653 0.044230 
4294  0.083817 -1.0387 0.90364 0.035624 0.045131 
4295  0.091018 -0.99943 0.89718 0.041912 0.045729 
4296  0.079816 -1.0618 0.90536 -0.0081148 0.043038 
4297  0.091018 -0.99943 0.89718 0.0055897 0.044566 
4298  0.085017 -1.0319 0.90286 -0.0033399 0.043961 
4299  0.094019 -0.98390 0.89218 0.0016798 0.044304 
4300  0.084617 -1.0341 0.90312 -0.018842 0.042720 
4301  0.072414 -1.1075 0.90749 -0.011119 0.042882 
4302  0.099020 -0.95899 0.87822 -0.032379 0.042734 
4303  0.077215 -1.0774 0.90638 0.015903 0.044267 
4304  0.094219 -0.98289 0.89166 -0.017218 0.043038 
4305  0.089418 -1.0079 0.89909 0.029354 0.045434 
4306  0.084217 -1.0364 0.90341 0.015859 0.044493 
4307  0.092619 -0.99109 0.89483 0.020661 0.044807 
4308  0.085217 -1.0308 0.90273 0.020381 0.044625 
4309  0.10042 -0.95222 0.87359 -0.068849 0.041102 
4310  0.095419 -0.97681 0.88876 0.011531 0.044930 
4311  0.098420 -0.96192 0.88015 0.010327 0.044709 
4312  0.096019 -0.97380 0.88720 0.0046551 0.044339 
4313  0.093819 -0.98493 0.89259 0.0043151 0.044263 
4314  0.088418 -1.0133 0.90005 0.010060 0.044629 
4315  0.094619 -0.98085 0.89074 0.00033432 0.044093 
4316  0.093419 -0.98697 0.89339 0.0055635 0.044543 
4317  0.088018 -1.0154 0.90051 0.010611 0.044633 
4318  0.095019 -0.97883 0.88978 0.016237 0.045283 
4319  0.090018 -1.0047 0.89838 0.010899 0.044698 
4320  0.089618 -1.0068 0.89884 0.0031102 0.044044 
4321  0.078816 -1.0677 0.90579 0.027017 0.044845 
4322  0.087618 -1.0176 0.90086 0.026590 0.044816 
4323  0.088818 -1.0111 0.89965 0.0098029 0.044916 
4324  0.085417 -1.0297 0.90260 -0.029610 0.042290 
4325  0.091218 -0.99838 0.89699 0.012780 0.044863 
4326  0.092218 -0.99316 0.89538 0.054165 0.046687 
4327  0.095619 -0.97581 0.88820 -0.033000 0.042550 
4328  0.082817 -1.0443 0.90411 -0.013764 0.043002 
4329  0.11162 -0.90085 0.82489 -0.093690 0.040475 
4330  0.094019 -0.98390 0.89218 -0.040223 0.042063 
4331  0.089418 -1.0079 0.89909 0.0032049 0.044279 
4332  0.076615 -1.0811 0.90658 -0.021226 0.042532 
4333  0.089218 -1.0090 0.89929 -0.013971 0.043195 
4334  0.088418 -1.0133 0.90005 -0.040190 0.042276 
4335  0.091018 -0.99943 0.89718 -0.038910 0.042420 
4336  0.10302 -0.93986 0.86347 -0.00047513 0.044481 
4337  0.10062 -0.95126 0.87279 -0.044086 0.042107 
4338  0.089018 -1.0100 0.89950 0.00035836 0.044128 
4339  0.098620 -0.96094 0.87954 0.038445 0.046741 
4340  0.086617 -1.0230 0.90174 -0.018249 0.042741 
4341  0.090418 -1.0026 0.89793 0.012804 0.044983 
4342  0.063813 -1.1665 0.90822 -0.013828 0.042511 
4343  0.097620 -0.96585 0.88260 0.0029526 0.044490 
4344  0.096219 -0.97280 0.88654 0.023017 0.045516 
4345  0.10462 -0.93239 0.85695 0.060917 0.047423 
4346  0.066813 -1.1451 0.90808 0.0044374 0.043299 
4347  0.080616 -1.0571 0.90510 -0.010153 0.043023 
4348  0.081016 -1.0547 0.90490 -0.014527 0.042851 
4349  0.089218 -1.0090 0.89929 0.0048050 0.044174 
4350  0.087017 -1.0209 0.90142 -0.0070927 0.043648 
4351  0.089618 -1.0068 0.89884 -0.0080862 0.043771 
4352  0.061612 -1.1827 0.90827 -0.00033089 0.043053 
4353  0.075015 -1.0910 0.90696 -0.011584 0.042739 
4354  0.072414 -1.1075 0.90749 -0.010265 0.042610 
4355  0.068014 -1.1368 0.90801 -0.0017886 0.042990 
4356  0.071614 -1.1127 0.90763 -0.00031659 0.043116 
4357  0.070014 -1.1233 0.90784 -0.0069173 0.042992 
4358  0.085417 -1.0297 0.90260 0.010217 0.044660 
4359  0.088218 -1.0143 0.90027 -0.0020962 0.043838 
4360  0.094819 -0.97984 0.89024 -0.0010747 0.044026 
4361  0.079616 -1.0630 0.90545 -0.0078682 0.043332 
4362  0.082016 -1.0489 0.90446 -0.022607 0.042468 
4363  0.087017 -1.0209 0.90142 0.0036116 0.044034 
4364  0.079616 -1.0630 0.90545 -0.027205 0.042258 
4365  0.083617 -1.0398 0.90375 -0.027481 0.042348 
4366  0.10422 -0.93425 0.85871 0.048586 0.047197 
4367  0.084617 -1.0341 0.90312 -0.0030225 0.043739 
4368  0.086017 -1.0264 0.90215 -0.026285 0.042536 
4369  0.086217 -1.0252 0.90201 0.015942 0.044566 
4370  0.076815 -1.0798 0.90651 0.0086954 0.044023 
4371  0.083817 -1.0387 0.90364 -0.0085593 0.043370 
4372  0.082416 -1.0466 0.90429 -0.010031 0.043207 
4373  0.090418 -1.0026 0.89793 0.018898 0.045366 
4374  0.085817 -1.0275 0.90228 -0.027276 0.042449 
4375  0.10602 -0.92593 0.85095 0.064992 0.047516 
4376  0.088618 -1.0122 0.89985 0.016422 0.044909 
4377  0.081216 -1.0536 0.90483 -0.023295 0.042355 
4378  0.089818 -1.0058 0.89861 -0.029791 0.042503 
4379  0.15903 -0.72330 0.65403 0.16480 0.056645 
4380  0.12803 -0.83321 0.76925 0.10516 0.050559 
4381  0.088218 -1.0143 0.90027 -0.0088445 0.043698 
4382  0.097219 -0.96783 0.88384 -0.0057271 0.043933 
4383  0.11202 -0.89910 0.82315 0.078976 0.049497 
4384  0.088218 -1.0143 0.90027 -0.042472 0.041966 
4385  0.073615 -1.0998 0.90724 -0.035493 0.041902 
4386  0.091218 -0.99838 0.89699 -0.0049089 0.043868 
4387  0.093819 -0.98493 0.89259 0.0035946 0.044131 
4388  0.085017 -1.0319 0.90286 -8.0839e-05 0.043982 
4389  0.10162 -0.94648 0.86887 -0.069092 0.041168 
4390  0.087618 -1.0176 0.90086 -0.012981 0.043353 
4391  0.085217 -1.0308 0.90273 0.016408 0.044267 
4392  0.078816 -1.0677 0.90579 -0.0093503 0.042932 
4393  0.089018 -1.0100 0.89950 0.018459 0.045232 
4394  0.080416 -1.0582 0.90516 0.00011603 0.043663 
4395  0.081616 -1.0512 0.90464 -0.0081090 0.043488 
4396  0.085617 -1.0286 0.90241 -0.025929 0.042453 
4397  0.077015 -1.0786 0.90646 0.00061615 0.043656 
4398  0.082416 -1.0466 0.90429 -0.020849 0.042762 
4399  0.090218 -1.0036 0.89815 -0.015738 0.043174 
4400  0.082016 -1.0489 0.90446 -0.0026052 0.043486 
4401  0.090818 -1.0005 0.89745 0.014712 0.044988 
4402  0.10322 -0.93892 0.86267 0.036964 0.046490 
4403  0.084217 -1.0364 0.90341 -0.0087711 0.043326 
4404  0.079616 -1.0630 0.90545 -0.0063182 0.043243 
4405  0.099620 -0.95608 0.87638 0.045002 0.046480 
4406  0.094419 -0.98187 0.89119 0.0038481 0.044513 
4407  0.099620 -0.95608 0.87638 0.017919 0.045276 
4408  0.091818 -0.99524 0.89609 -0.0034593 0.043765 
4409  0.099220 -0.95802 0.87752 -0.025775 0.043099 
4410  0.078616 -1.0689 0.90590 -8.1949e-05 0.043562 
4411  0.099020 -0.95899 0.87822 0.041088 0.046207 
4412  0.10262 -0.94174 0.86490 0.039933 0.046718 
4413  0.091818 -0.99524 0.89609 -0.069211 0.041277 
4414  0.095219 -0.97782 0.88932 -0.0037045 0.044056 
4415  0.099820 -0.95511 0.87553 0.040869 0.046106 
4416  0.10522 -0.92961 0.85469 0.055246 0.047976 
4417  0.099220 -0.95802 0.87752 -0.024055 0.043130 
4418  0.086617 -1.0230 0.90174 -0.0074462 0.043323 
4419  0.067614 -1.1396 0.90805 -0.012517 0.042556 
4420  0.068214 -1.1354 0.90800 -0.012033 0.042660 
4421  0.072615 -1.1062 0.90744 -0.023855 0.042326 
4422  0.094219 -0.98289 0.89166 -0.027549 0.042958 
4423  0.081016 -1.0547 0.90490 -0.0021467 0.043215 
4424  0.089618 -1.0068 0.89884 -0.029185 0.042646 
4425  0.085617 -1.0286 0.90241 -0.010666 0.043267 
4426  0.087618 -1.0176 0.90086 -0.028223 0.042674 
4427  0.069814 -1.1246 0.90786 -0.016206 0.042550 
4428  0.067814 -1.1382 0.90803 -0.020883 0.042294 
4429  0.084017 -1.0375 0.90352 -0.0052616 0.043465 
4430  0.087017 -1.0209 0.90142 -0.0027551 0.043616 
4431  0.079016 -1.0665 0.90571 0.00062885 0.043609 
4432  0.088018 -1.0154 0.90051 0.015541 0.044730 
4433  0.095019 -0.97883 0.88978 -0.031854 0.042408 
4434  0.081216 -1.0536 0.90483 -0.022508 0.042522 
4435  0.086617 -1.0230 0.90174 0.014525 0.044763 
4436  0.087618 -1.0176 0.90086 -0.041073 0.042083 
4437  0.090418 -1.0026 0.89793 -0.056849 0.041502 
4438  0.088218 -1.0143 0.90027 -0.047629 0.041800 
4439  0.094419 -0.98187 0.89119 0.020825 0.045803 
4440  0.077816 -1.0738 0.90624 -0.023684 0.042655 
4441  0.085017 -1.0319 0.90286 -0.017475 0.042891 
4442  0.087818 -1.0165 0.90067 0.017612 0.045259 
4443  0.093219 -0.98800 0.89384 -0.046366 0.042087 
4444  0.092018 -0.99420 0.89575 0.0034011 0.044332 
4445  0.078416 -1.0701 0.90597 -0.026762 0.042236 
4446  0.086817 -1.0220 0.90161 0.0022918 0.044159 
4447  0.099020 -0.95899 0.87822 -0.0026919 0.044232 
4448  0.072014 -1.1101 0.90756 -0.010801 0.042805 
4449  0.092018 -0.99420 0.89575 0.010373 0.044861 
4450  0.077816 -1.0738 0.90624 -0.013034 0.042831 
4451  0.10722 -0.92046 0.84688 -0.075368 0.040971 
4452  0.095419 -0.97681 0.88876 -0.058976 0.041531 
4453  0.10802 -0.91684 0.84282 -0.071021 0.041170 
4454  0.084417 -1.0353 0.90329 -0.029487 0.042302 
4455  0.097219 -0.96783 0.88384 -0.061986 0.041489 
4456  0.098420 -0.96192 0.88015 0.0040443 0.044401 
4457  0.080416 -1.0582 0.90516 -0.0010718 0.043384 
4458  0.092018 -0.99420 0.89575 -0.016071 0.043028 
4459  0.089218 -1.0090 0.89929 -0.040665 0.042251 
4460  0.11002 -0.90790 0.83350 0.061381 0.047788 
4461  0.093419 -0.98697 0.89339 0.027255 0.045422 
4462  0.10262 -0.94174 0.86490 0.054132 0.047189 
4463  0.088818 -1.0111 0.89965 0.0096982 0.044496 
4464  0.10522 -0.92961 0.85469 0.061197 0.047576 
4465  0.093219 -0.98800 0.89384 -0.048752 0.041715 
4466  0.091018 -0.99943 0.89718 0.029002 0.045172 
4467  0.066013 -1.1507 0.90813 0.00085771 0.043298 
4468  0.087217 -1.0198 0.90121 -0.0019101 0.044116 
4469  0.099820 -0.95511 0.87553 0.035969 0.046342 
4470  0.083017 -1.0432 0.90401 -0.0045498 0.043545 
4471  0.088618 -1.0122 0.89985 -0.0052409 0.043757 
4472  0.087017 -1.0209 0.90142 -0.032310 0.042250 
4473  0.093019 -0.98903 0.89418 0.013627 0.044939 
4474  0.096619 -0.97081 0.88554 -0.051455 0.041646 
4475  0.088818 -1.0111 0.89965 -0.0065064 0.043780 
4476  0.071614 -1.1127 0.90763 -0.013468 0.042803 
4477  0.081416 -1.0524 0.90474 -0.0084852 0.042952 
4478  0.073615 -1.0998 0.90724 -0.010112 0.042814 
4479  0.078416 -1.0701 0.90597 -0.0065579 0.043447 
4480  0.079216 -1.0653 0.90564 -0.0094193 0.043194 
4481  0.070414 -1.1206 0.90778 -0.010690 0.043008 
4482  0.087818 -1.0165 0.90067 0.0070296 0.044337 
4483  0.078816 -1.0677 0.90579 -0.016796 0.042600 
4484  0.074015 -1.0973 0.90716 -0.0087593 0.042938 
4485  0.074415 -1.0948 0.90711 -0.0075765 0.043087 
4486  0.072414 -1.1075 0.90749 -0.0057016 0.043020 
4487  0.086017 -1.0264 0.90215 -0.021468 0.042707 
4488  0.087618 -1.0176 0.90086 -0.0075432 0.043794 
4489  0.076415 -1.0823 0.90662 -0.020353 0.042473 
4490  0.088618 -1.0122 0.89985 0.044971 0.046185 
4491  0.084017 -1.0375 0.90352 -0.018027 0.043028 
4492  0.088218 -1.0143 0.90027 -0.0030920 0.043917 
4493  0.072414 -1.1075 0.90749 -0.0055933 0.043043 
4494  0.097419 -0.96684 0.88325 0.049094 0.046503 
4495  0.093819 -0.98493 0.89259 0.017985 0.045349 
4496  0.076215 -1.0835 0.90667 0.018076 0.044164 
4497  0.069614 -1.1260 0.90788 -0.0072673 0.043081 
4498  0.087818 -1.0165 0.90067 0.019708 0.045206 
4499  0.087417 -1.0187 0.90103 0.024274 0.044900 
4500  0.085217 -1.0308 0.90273 -0.015610 0.042870 
4501  0.087217 -1.0198 0.90121 -0.011383 0.043194 
4502  0.089418 -1.0079 0.89909 0.010821 0.044560 
4503  0.095019 -0.97883 0.88978 -0.051849 0.041632 
4504  0.099220 -0.95802 0.87752 -0.061454 0.041308 
4505  0.097419 -0.96684 0.88325 -0.061985 0.041278 
4506  0.099820 -0.95511 0.87553 -0.061246 0.041347 
4507  0.088218 -1.0143 0.90027 -0.0093433 0.043482 
4508  0.10562 -0.92777 0.85231 -0.068770 0.041403 
4509  0.098420 -0.96192 0.88015 -0.065918 0.041223 
4510  0.077816 -1.0738 0.90624 -0.013124 0.042997 
4511  0.098820 -0.95997 0.87884 -0.053886 0.041781 
4512  0.083617 -1.0398 0.90375 -2.0569e-05 0.043830 
4513  0.074615 -1.0935 0.90705 -0.010822 0.042868 
4514  0.092018 -0.99420 0.89575 0.036691 0.045652 
4515  0.073215 -1.1024 0.90733 -0.0075685 0.043105 
4516  0.090418 -1.0026 0.89793 0.0051625 0.044251 
4517  0.071814 -1.1114 0.90761 -0.011126 0.042901 
4518  0.083617 -1.0398 0.90375 0.013612 0.044420 
4519  0.085417 -1.0297 0.90260 0.032214 0.045181 
4520  0.090418 -1.0026 0.89793 0.015204 0.044772 
4521  0.091618 -0.99629 0.89636 -0.016938 0.043048 
4522  0.090018 -1.0047 0.89838 0.0010785 0.043879 
4523  0.078216 -1.0713 0.90604 -0.0071495 0.043113 
4524  0.083217 -1.0421 0.90394 -0.010540 0.043356 
4525  0.077215 -1.0774 0.90638 -0.018790 0.042567 
4526  0.086817 -1.0220 0.90161 -0.014627 0.043117 
4527  0.10242 -0.94269 0.86568 -0.029971 0.043168 
4528  0.079216 -1.0653 0.90564 0.010119 0.044178 
4529  0.10482 -0.93146 0.85607 0.055132 0.047411 
4530  0.097620 -0.96585 0.88260 -0.033939 0.042619 
4531  0.089218 -1.0090 0.89929 0.0080048 0.044428 
4532  0.10042 -0.95222 0.87359 -0.070295 0.041234 
4533  0.10122 -0.94839 0.87010 -0.074141 0.041018 
4534  0.078416 -1.0701 0.90597 -0.0050243 0.043109 
4535  0.072414 -1.1075 0.90749 -0.022873 0.042388 
4536  0.070014 -1.1233 0.90784 -0.020379 0.042378 
4537  0.090818 -1.0005 0.89745 0.018477 0.044820 
4538  0.077015 -1.0786 0.90646 0.013109 0.043942 
4539  0.092619 -0.99109 0.89483 0.0034517 0.044728 
4540  0.093619 -0.98595 0.89309 0.0075975 0.044754 
4541  0.14203 -0.78110 0.73307 0.12960 0.054180 
4542  0.13383 -0.81106 0.74925 0.12270 0.053779 
4543  0.12743 -0.83555 0.77238 0.11893 0.053418 
4544  0.088618 -1.0122 0.89985 -0.0077160 0.043555 
4545  0.087818 -1.0165 0.90067 0.0020743 0.044057 
4546  0.083817 -1.0387 0.90364 -0.026100 0.042481 
4547  0.092018 -0.99420 0.89575 0.028990 0.045788 
4548  0.097820 -0.96487 0.88189 0.060243 0.046948 
4549  0.090818 -1.0005 0.89745 0.039515 0.046253 
4550  0.098020 -0.96388 0.88148 0.058308 0.046882 
4551  0.085217 -1.0308 0.90273 -0.018423 0.042846 
4552  0.093219 -0.98800 0.89384 0.032369 0.045798 
4553  0.084217 -1.0364 0.90341 -0.024272 0.042654 
4554  0.087017 -1.0209 0.90142 0.0058104 0.044230 
4555  0.072815 -1.1049 0.90740 -0.019668 0.042405 
4556  0.089618 -1.0068 0.89884 0.0058644 0.044338 
4557  0.090818 -1.0005 0.89745 0.010783 0.044569 
4558  0.096419 -0.97180 0.88606 -0.051519 0.041883 
4559  0.091418 -0.99733 0.89664 0.0059684 0.044584 
4560  0.090418 -1.0026 0.89793 0.0060675 0.044234 
4561  0.093619 -0.98595 0.89309 -0.00047393 0.044534 
4562  0.080016 -1.0606 0.90530 -0.0040172 0.043682 
4563  0.096619 -0.97081 0.88554 -0.0094825 0.043864 
4564  0.078616 -1.0689 0.90590 0.0048573 0.043657 
4565  0.075615 -1.0872 0.90681 0.010470 0.043852 
4566  0.081616 -1.0512 0.90464 0.024698 0.045062 
4567  0.075815 -1.0860 0.90676 0.0079244 0.043643 
4568  0.079416 -1.0642 0.90550 0.0019209 0.043575 
4569  0.074415 -1.0948 0.90711 0.0061583 0.043676 
4570  0.080216 -1.0594 0.90523 -0.015832 0.042707 
4571  0.095819 -0.97480 0.88778 0.065622 0.047625 
4572  0.087618 -1.0176 0.90086 -0.020091 0.042860 
4573  0.081416 -1.0524 0.90474 0.0044834 0.043704 
4574  0.10242 -0.94269 0.86568 0.020230 0.045481 
4575  0.094019 -0.98390 0.89218 0.011313 0.045072 
4576  0.10242 -0.94269 0.86568 0.062918 0.048075 
4577  0.087017 -1.0209 0.90142 -0.039101 0.042049 
4578  0.089818 -1.0058 0.89861 -0.0049222 0.043746 
4579  0.078216 -1.0713 0.90604 -0.028588 0.042229 
4580  0.074415 -1.0948 0.90711 -0.0053196 0.043036 
4581  0.085217 -1.0308 0.90273 -0.0094596 0.043534 
4582  0.066213 -1.1493 0.90810 0.0048223 0.043282 
4583  0.073815 -1.0986 0.90720 -0.012086 0.042834 
4584  0.090218 -1.0036 0.89815 -0.0099214 0.043528 
4585  0.074615 -1.0935 0.90705 -0.024415 0.042432 
4586  0.085617 -1.0286 0.90241 -0.0051673 0.043529 
4587  0.092819 -0.99006 0.89452 -0.0069912 0.043685 
4588  0.093219 -0.98800 0.89384 0.0075551 0.044723 
4589  0.094019 -0.98390 0.89218 -0.022783 0.043138 
4590  0.11022 -0.90701 0.83270 -0.087082 0.040669 
4591  0.096419 -0.97180 0.88606 -0.033692 0.042510 
4592  0.078416 -1.0701 0.90597 -0.014840 0.042849 
4593  0.092018 -0.99420 0.89575 -0.037827 0.042220 
4594  0.087217 -1.0198 0.90121 0.011093 0.044366 
4595  0.084217 -1.0364 0.90341 -0.040499 0.042034 
4596  0.089818 -1.0058 0.89861 -0.0014866 0.043932 
4597  0.095819 -0.97480 0.88778 -0.026551 0.043000 
4598  0.094219 -0.98289 0.89166 0.033471 0.046159 
4599  0.090418 -1.0026 0.89793 0.0075280 0.044746 
4600  0.097419 -0.96684 0.88325 -0.027420 0.042905 
4601  0.086017 -1.0264 0.90215 -0.020343 0.042896 
4602  0.089618 -1.0068 0.89884 -0.024441 0.043019 
4603  0.095819 -0.97480 0.88778 0.021779 0.045543 
4604  0.090618 -1.0015 0.89767 -0.035768 0.042680 
4605  0.099220 -0.95802 0.87752 -0.060383 0.041355 
4606  0.082216 -1.0478 0.90439 0.0070122 0.044061 
4607  0.086817 -1.0220 0.90161 -0.040056 0.042049 
4608  0.095219 -0.97782 0.88932 -0.052846 0.041717 
4609  0.096419 -0.97180 0.88606 0.023132 0.045736 
4610  0.092018 -0.99420 0.89575 0.0038215 0.044407 
4611  0.10362 -0.93705 0.86123 0.050745 0.047332 
4612  0.093819 -0.98493 0.89259 -0.039681 0.042289 
4613  0.082216 -1.0478 0.90439 -0.034020 0.042293 
4614  0.083017 -1.0432 0.90401 -0.048329 0.041708 
4615  0.083817 -1.0387 0.90364 -0.033758 0.042064 
4616  0.092819 -0.99006 0.89452 -0.0056806 0.043906 
4617  0.084217 -1.0364 0.90341 0.0028286 0.043777 
4618  0.10062 -0.95126 0.87279 0.043977 0.047186 
4619  0.10282 -0.94080 0.86431 0.057526 0.048071 
4620  0.095419 -0.97681 0.88876 0.0034853 0.044403 
4621  0.082817 -1.0443 0.90411 0.0021363 0.043776 
4622  0.078616 -1.0689 0.90590 0.025187 0.044455 
4623  0.080216 -1.0594 0.90523 0.017718 0.044316 
4624  0.10082 -0.95030 0.87180 0.061185 0.046799 
4625  0.077015 -1.0786 0.90646 0.024267 0.044484 
4626  0.069014 -1.1300 0.90793 -0.023158 0.042320 
4627  0.085017 -1.0319 0.90286 -0.031576 0.042038 
4628  0.090218 -1.0036 0.89815 -0.050371 0.041564 
4629  0.081616 -1.0512 0.90464 -0.028040 0.042289 
4630  0.092418 -0.99213 0.89511 -0.020150 0.042854 
4631  0.087217 -1.0198 0.90121 -0.0038249 0.043831 
4632  0.087818 -1.0165 0.90067 0.0024775 0.044263 
4633  0.097219 -0.96783 0.88384 0.013477 0.044845 
4634  0.092619 -0.99109 0.89483 0.0043501 0.043916 
4635  0.10002 -0.95415 0.87487 -0.047716 0.042043 
4636  0.094219 -0.98289 0.89166 0.044641 0.046828 
4637  0.11082 -0.90436 0.82962 -0.078433 0.040914 
4638  0.089818 -1.0058 0.89861 -0.00087691 0.043575 
4639  0.10662 -0.92319 0.84892 -0.087752 0.040676 
4640  0.080816 -1.0559 0.90500 -0.038443 0.041892 
4641  0.091218 -0.99838 0.89699 0.00014661 0.043939 
4642  0.064813 -1.1592 0.90817 -0.0034004 0.043022 
4643  0.078016 -1.0725 0.90614 0.021700 0.044610 
4644  0.072414 -1.1075 0.90749 -0.0031845 0.043385 
4645  0.078016 -1.0725 0.90614 -0.036270 0.041946 
4646  0.089018 -1.0100 0.89950 -0.00018002 0.044073 
4647  0.081616 -1.0512 0.90464 -0.038906 0.041822 
4648  0.070414 -1.1206 0.90778 -0.021032 0.042243 
4649  0.094019 -0.98390 0.89218 0.0013632 0.044517 
4650  0.097620 -0.96585 0.88260 0.012832 0.044915 
4651  0.086017 -1.0264 0.90215 0.00064819 0.044115 
4652  0.088018 -1.0154 0.90051 -7.3464e-05 0.044091 
4653  0.075415 -1.0885 0.90684 -0.024824 0.042359 
4654  0.085617 -1.0286 0.90241 0.0090073 0.044368 
4655  0.099020 -0.95899 0.87822 -0.058895 0.041496 
4656  0.089218 -1.0090 0.89929 0.0039318 0.044356 
4657  0.10122 -0.94839 0.87010 0.047574 0.046531 
4658  0.088418 -1.0133 0.90005 0.011681 0.044924 
4659  0.078616 -1.0689 0.90590 -0.0087929 0.043227 
4660  0.089218 -1.0090 0.89929 0.014712 0.044783 
4661  0.094219 -0.98289 0.89166 -0.064224 0.041273 
4662  0.099820 -0.95511 0.87553 0.0041579 0.044375 
4663  0.083617 -1.0398 0.90375 -0.013079 0.043264 
4664  0.095419 -0.97681 0.88876 0.018202 0.045413 
4665  0.087217 -1.0198 0.90121 -0.00064655 0.044118 
4666  0.094619 -0.98085 0.89074 0.0091114 0.044654 
4667  0.11062 -0.90524 0.83049 0.052083 0.047558 
4668  0.10842 -0.91504 0.84185 0.066115 0.048772 
4669  0.11342 -0.89302 0.81572 0.066270 0.048643 
4670  0.082817 -1.0443 0.90411 -0.00010756 0.043650 
4671  0.088418 -1.0133 0.90005 -0.0049880 0.043588 
4672  0.10562 -0.92777 0.85231 0.071245 0.049134 
4673  0.11002 -0.90790 0.83350 0.064211 0.048362 
4674  0.10722 -0.92046 0.84688 0.072427 0.049092 
4675  0.089818 -1.0058 0.89861 0.00020339 0.043987 
4676  0.084617 -1.0341 0.90312 -0.018307 0.042960 
4677  0.068014 -1.1368 0.90801 0.0085062 0.043507 
4678  0.083217 -1.0421 0.90394 -0.032010 0.042201 
4679  0.095419 -0.97681 0.88876 0.016690 0.045179 
4680  0.083817 -1.0387 0.90364 -9.9681e-06 0.043850 
4681  0.095619 -0.97581 0.88820 -0.047840 0.041779 
4682  0.092018 -0.99420 0.89575 -0.0077373 0.043816 
4683  0.075015 -1.0910 0.90696 -0.024785 0.042660 
4684  0.080016 -1.0606 0.90530 -0.045234 0.041676 
4685  0.095619 -0.97581 0.88820 0.026535 0.045711 
4686  0.084417 -1.0353 0.90329 -0.0066732 0.043843 
4687  0.085217 -1.0308 0.90273 -0.0069342 0.043485 
4688  0.091018 -0.99943 0.89718 -0.0050381 0.043806 
4689  0.081816 -1.0501 0.90456 -0.023709 0.042680 
4690  0.085417 -1.0297 0.90260 -0.0093940 0.043374 
4691  0.090818 -1.0005 0.89745 -0.061462 0.041267 
4692  0.080216 -1.0594 0.90523 -0.027030 0.042460 
4693  0.083817 -1.0387 0.90364 -0.015084 0.043119 
4694  0.086217 -1.0252 0.90201 0.013847 0.044135 
4695  0.075615 -1.0872 0.90681 -0.0045334 0.043171 
4696  0.092418 -0.99213 0.89511 -0.059848 0.041269 
4697  0.088618 -1.0122 0.89985 0.0069809 0.044111 
4698  0.081416 -1.0524 0.90474 0.036997 0.045416 
4699  0.082617 -1.0455 0.90419 -0.048957 0.041527 
4700  0.082617 -1.0455 0.90419 0.010930 0.044289 
4701  0.094219 -0.98289 0.89166 -0.0031332 0.043964 
4702  0.095819 -0.97480 0.88778 0.012666 0.044859 
4703  0.078016 -1.0725 0.90614 -0.0064648 0.043121 
4704  0.089218 -1.0090 0.89929 -0.00019293 0.044033 
4705  0.077015 -1.0786 0.90646 0.0078557 0.043959 
4706  0.094019 -0.98390 0.89218 0.032787 0.045969 
4707  0.083017 -1.0432 0.90401 0.0040579 0.044187 
4708  0.096619 -0.97081 0.88554 0.032248 0.045864 
4709  0.078816 -1.0677 0.90579 -0.025740 0.042483 
4710  0.080616 -1.0571 0.90510 0.016981 0.044600 
4711  0.10542 -0.92869 0.85384 0.064067 0.048002 
4712  0.079616 -1.0630 0.90545 -0.021708 0.042618 
4713  0.10482 -0.93146 0.85607 -0.063793 0.041250 
4714  0.087217 -1.0198 0.90121 0.011952 0.044690 
4715  0.087017 -1.0209 0.90142 0.029694 0.045160 
4716  0.079016 -1.0665 0.90571 0.023515 0.044535 
4717  0.084417 -1.0353 0.90329 0.024416 0.044637 
4718  0.10842 -0.91504 0.84185 0.076082 0.048415 
4719  0.095219 -0.97782 0.88932 -0.024809 0.042780 
4720  0.087017 -1.0209 0.90142 0.015710 0.045013 
4721  0.089218 -1.0090 0.89929 -0.00086143 0.043891 
4722  0.092819 -0.99006 0.89452 0.00092440 0.044212 
4723  0.074815 -1.0922 0.90699 -0.012537 0.042834 
4724  0.10202 -0.94458 0.86735 -0.056637 0.041597 
4725  0.12743 -0.83555 0.77238 0.099564 0.050997 
4726  0.085817 -1.0275 0.90228 -0.016820 0.042970 
4727  0.078016 -1.0725 0.90614 0.0066763 0.043775 
4728  0.10342 -0.93798 0.86175 0.039571 0.046218 
4729  0.098020 -0.96388 0.88148 0.0038726 0.044573 
4730  0.092819 -0.99006 0.89452 0.0076534 0.044512 
4731  0.093219 -0.98800 0.89384 0.0076225 0.044401 
4732  0.092418 -0.99213 0.89511 0.0089098 0.044685 
4733  0.090818 -1.0005 0.89745 -0.057140 0.041417 
4734  0.084017 -1.0375 0.90352 -0.0093986 0.043449 
4735  0.087417 -1.0187 0.90103 0.019599 0.045103 
4736  0.072815 -1.1049 0.90740 -0.0075888 0.042838 
4737  0.088018 -1.0154 0.90051 0.013904 0.045024 
4738  0.080616 -1.0571 0.90510 -0.0068563 0.043202 
4739  0.086217 -1.0252 0.90201 -0.0015024 0.043995 
4740  0.087217 -1.0198 0.90121 -0.050189 0.041604 
4741  0.093619 -0.98595 0.89309 -0.0034291 0.043981 
4742  0.087618 -1.0176 0.90086 -0.051352 0.041543 
4743  0.090018 -1.0047 0.89838 -0.053652 0.041461 
4744  0.097219 -0.96783 0.88384 0.020293 0.045319 
4745  0.090018 -1.0047 0.89838 -0.056549 0.041418 
4746  0.084617 -1.0341 0.90312 -0.0040774 0.043694 
4747  0.078016 -1.0725 0.90614 0.021719 0.044484 
4748  0.10162 -0.94648 0.86887 0.042845 0.046630 
4749  0.079216 -1.0653 0.90564 0.029774 0.044969 
4750  0.079216 -1.0653 0.90564 0.034973 0.045247 
4751  0.094619 -0.98085 0.89074 0.035859 0.046077 
4752  0.082216 -1.0478 0.90439 -0.024066 0.042510 
4753  0.082216 -1.0478 0.90439 -0.0031144 0.043720 
4754  0.086417 -1.0241 0.90191 0.0088886 0.044412 
4755  0.078416 -1.0701 0.90597 0.0096071 0.044255 
4756  0.15283 -0.74376 0.67442 0.13821 0.052892 
4757  0.085217 -1.0308 0.90273 -0.0050240 0.043936 
4758  0.10182 -0.94553 0.86828 -0.059295 0.041610 
4759  0.078616 -1.0689 0.90590 -0.022852 0.042549 
4760  0.096819 -0.96981 0.88496 -0.062540 0.041297 
4761  0.096619 -0.97081 0.88554 -0.063486 0.041297 
4762  0.090018 -1.0047 0.89838 -0.027054 0.042644 
4763  0.084217 -1.0364 0.90341 -0.021965 0.042727 
4764  0.085017 -1.0319 0.90286 -0.016066 0.043222 
4765  0.10402 -0.93518 0.85920 0.056339 0.047757 
4766  0.098020 -0.96388 0.88148 0.018808 0.045183 
4767  0.11482 -0.88700 0.80812 0.072100 0.048825 
4768  0.10602 -0.92593 0.85095 0.055930 0.047894 
4769  0.092018 -0.99420 0.89575 0.010673 0.044536 
4770  0.080616 -1.0571 0.90510 -0.015638 0.042942 
4771  0.079416 -1.0642 0.90550 -0.0090369 0.043444 
4772  0.092418 -0.99213 0.89511 -0.038411 0.042251 
4773  0.083217 -1.0421 0.90394 -0.039664 0.041822 
4774  0.088218 -1.0143 0.90027 0.00026057 0.044266 
4775  0.090218 -1.0036 0.89815 0.019795 0.045251 
4776  0.090218 -1.0036 0.89815 0.0045154 0.044513 
4777  0.096819 -0.96981 0.88496 0.013490 0.045046 
4778  0.096619 -0.97081 0.88554 -0.029812 0.042863 
4779  0.084817 -1.0330 0.90299 -0.0053612 0.043279 
4780  0.092819 -0.99006 0.89452 0.012859 0.044889 
4781  0.098020 -0.96388 0.88148 0.014966 0.045097 
4782  0.077015 -1.0786 0.90646 0.0058028 0.043714 
4783  0.078616 -1.0689 0.90590 -0.022728 0.042480 
4784  0.090018 -1.0047 0.89838 0.022972 0.045576 
4785  0.093219 -0.98800 0.89384 0.0014513 0.044215 
4786  0.092819 -0.99006 0.89452 0.0094443 0.044930 
4787  0.10142 -0.94743 0.86933 0.037021 0.046591 
4788  0.069214 -1.1287 0.90791 0.0084022 0.043621 
4789  0.061012 -1.1872 0.90828 -0.00093013 0.043086 
4790  0.073015 -1.1037 0.90737 0.0074751 0.043508 
4791  0.089618 -1.0068 0.89884 -0.047358 0.041905 
4792  0.087818 -1.0165 0.90067 -0.00062810 0.043930 
4793  0.088218 -1.0143 0.90027 -0.037882 0.042317 
4794  0.078016 -1.0725 0.90614 -0.0097476 0.043152 
4795  0.079416 -1.0642 0.90550 -0.0028220 0.043518 
4796  0.27706 -0.41654 0.51859 0.39659 0.077414 
4797  0.094219 -0.98289 0.89166 0.00065171 0.044078 
4798  0.27846 -0.41351 0.50885 0.41147 0.079063 
4799  0.095219 -0.97782 0.88932 -0.0036756 0.043812 
4800  0.097419 -0.96684 0.88325 0.016383 0.044858 
4801  0.085417 -1.0297 0.90260 -0.044863 0.041699 
4802  0.084817 -1.0330 0.90299 -0.029867 0.042263 
4803  0.083817 -1.0387 0.90364 -0.011538 0.043369 
4804  0.082416 -1.0466 0.90429 0.010037 0.043930 
4805  0.094219 -0.98289 0.89166 0.017177 0.045248 
4806  0.11022 -0.90701 0.83270 0.087545 0.049552 
4807  0.094619 -0.98085 0.89074 0.0084745 0.044569 
4808  0.099020 -0.95899 0.87822 0.016245 0.045265 
4809  0.089018 -1.0100 0.89950 -0.011986 0.043319 
4810  0.093019 -0.98903 0.89418 0.0044683 0.044248 
4811  0.081816 -1.0501 0.90456 -0.022431 0.042510 
4812  0.087618 -1.0176 0.90086 0.0011843 0.043778 
4813  0.079216 -1.0653 0.90564 0.0070248 0.043985 
4814  0.088018 -1.0154 0.90051 0.014604 0.044865 
4815  0.089418 -1.0079 0.89909 0.0086026 0.044756 
4816  0.093019 -0.98903 0.89418 0.0063947 0.044241 
4817  0.088018 -1.0154 0.90051 -0.025574 0.042619 
4818  0.15043 -0.75186 0.69699 0.16395 0.056912 
4819  0.11662 -0.87936 0.80375 0.081366 0.048431 
4820  0.083217 -1.0421 0.90394 0.0082824 0.044455 
4821  0.088018 -1.0154 0.90051 -0.048905 0.041553 
4822  0.074415 -1.0948 0.90711 0.018674 0.044124 
4823  0.090418 -1.0026 0.89793 -0.034605 0.042216 
4824  0.092819 -0.99006 0.89452 -0.050323 0.041595 
4825  0.10022 -0.95318 0.87410 0.029582 0.045857 
4826  0.10482 -0.93146 0.85607 0.053181 0.047872 
4827  0.090418 -1.0026 0.89793 0.0015761 0.044268 
4828  0.094219 -0.98289 0.89166 0.015352 0.045099 
4829  0.096419 -0.97180 0.88606 -0.0048025 0.044180 
4830  0.095019 -0.97883 0.88978 0.019687 0.045580 
4831  0.086417 -1.0241 0.90191 -0.044723 0.041748 
4832  0.087017 -1.0209 0.90142 -0.019178 0.042992 
4833  0.091018 -0.99943 0.89718 0.013929 0.044622 
4834  0.090818 -1.0005 0.89745 -0.059321 0.041426 
4835  0.11162 -0.90085 0.82489 -0.078952 0.040959 
4836  0.11462 -0.88786 0.80864 -0.091170 0.040571 
4837  0.10862 -0.91415 0.84085 -0.088612 0.040644 
4838  0.10962 -0.90968 0.83624 -0.080704 0.040865 
4839  0.10742 -0.91956 0.84519 -0.079631 0.040869 
4840  0.11162 -0.90085 0.82489 -0.084600 0.040798 
4841  0.094819 -0.97984 0.89024 -0.060579 0.041405 
4842  0.074815 -1.0922 0.90699 -0.023758 0.042292 
4843  0.076815 -1.0798 0.90651 -0.010907 0.043029 
4844  0.084017 -1.0375 0.90352 -0.013707 0.042904 
4845  0.081216 -1.0536 0.90483 -0.021151 0.042816 
4846  0.089018 -1.0100 0.89950 0.016575 0.044960 
4847  0.092819 -0.99006 0.89452 -0.0051542 0.043997 
4848  0.080216 -1.0594 0.90523 -0.0086903 0.043183 
4849  0.097019 -0.96882 0.88435 0.0063788 0.044520 
4850  0.093219 -0.98800 0.89384 0.015709 0.044927 
4851  0.078816 -1.0677 0.90579 -0.023666 0.042538 
4852  0.087217 -1.0198 0.90121 0.017771 0.045032 
4853  0.092218 -0.99316 0.89538 0.0091788 0.044966 
4854  0.10642 -0.92410 0.84952 0.049064 0.047407 
4855  0.10202 -0.94458 0.86735 0.072454 0.047830 
4856  0.098620 -0.96094 0.87954 0.025662 0.046050 
4857  0.10382 -0.93611 0.86015 0.075084 0.047895 
4858  0.079216 -1.0653 0.90564 0.011580 0.044409 
4859  0.088618 -1.0122 0.89985 -0.0022730 0.044129 
4860  0.097419 -0.96684 0.88325 -0.032332 0.042872 
4861  0.091218 -0.99838 0.89699 -0.0054230 0.043902 
4862  0.078416 -1.0701 0.90597 -0.034566 0.042111 
4863  0.094219 -0.98289 0.89166 0.010938 0.044905 
4864  0.090218 -1.0036 0.89815 -0.027982 0.042817 
4865  0.095619 -0.97581 0.88820 0.015743 0.045187 
4866  0.084617 -1.0341 0.90312 0.0020515 0.044063 
4867  0.095819 -0.97480 0.88778 0.0035612 0.044510 
4868  0.10982 -0.90879 0.83427 -0.077343 0.040990 
4869  0.084217 -1.0364 0.90341 -0.030558 0.042213 
4870  0.085417 -1.0297 0.90260 -0.029920 0.042320 
4871  0.087818 -1.0165 0.90067 -0.024917 0.042493 
4872  0.081416 -1.0524 0.90474 -0.018933 0.042643 
4873  0.086817 -1.0220 0.90161 -0.0021532 0.043972 
4874  0.093619 -0.98595 0.89309 0.021267 0.045458 
4875  0.11742 -0.87600 0.80202 0.088585 0.049411 
4876  0.080216 -1.0594 0.90523 0.010917 0.044050 
4877  0.087017 -1.0209 0.90142 0.0097923 0.044424 
4878  0.080816 -1.0559 0.90500 0.016269 0.044602 
4879  0.094019 -0.98390 0.89218 -0.032287 0.042781 
4880  0.089218 -1.0090 0.89929 0.026162 0.045251 
4881  0.086617 -1.0230 0.90174 -0.014335 0.043209 
4882  0.083217 -1.0421 0.90394 -0.025147 0.042479 
4883  0.093619 -0.98595 0.89309 0.032708 0.045534 
4884  0.081616 -1.0512 0.90464 -0.018908 0.042806 
4885  0.095219 -0.97782 0.88932 0.0046346 0.044391 
4886  0.090218 -1.0036 0.89815 -0.0035639 0.044083 
4887  0.081416 -1.0524 0.90474 -0.015290 0.043048 
4888  0.093219 -0.98800 0.89384 0.014446 0.045111 
4889  0.076615 -1.0811 0.90658 0.012292 0.043991 
4890  0.077816 -1.0738 0.90624 0.024634 0.044569 
4891  0.077415 -1.0762 0.90633 0.017561 0.044278 
4892  0.096219 -0.97280 0.88654 -0.022666 0.043289 
4893  0.077616 -1.0750 0.90628 -0.019724 0.042456 
4894  0.079216 -1.0653 0.90564 -0.015439 0.042808 
4895  0.089618 -1.0068 0.89884 -0.039577 0.041994 
4896  0.079616 -1.0630 0.90545 -0.010747 0.043106 
4897  0.085417 -1.0297 0.90260 -0.038416 0.041961 
4898  0.087818 -1.0165 0.90067 -0.035253 0.042115 
4899  0.085417 -1.0297 0.90260 0.0097163 0.044176 
4900  0.088218 -1.0143 0.90027 -0.0029898 0.043989 
4901  0.090418 -1.0026 0.89793 -0.012357 0.043604 
4902  0.083417 -1.0409 0.90384 0.011076 0.044409 
4903  0.098020 -0.96388 0.88148 -0.011029 0.043742 
4904  0.092018 -0.99420 0.89575 -0.054888 0.041520 
4905  0.096619 -0.97081 0.88554 0.016053 0.045199 
4906  0.086817 -1.0220 0.90161 -0.024486 0.042522 
4907  0.082416 -1.0466 0.90429 -0.0087927 0.043377 
4908  0.085417 -1.0297 0.90260 0.017290 0.045184 
4909  0.090818 -1.0005 0.89745 0.012190 0.044804 
4910  0.094819 -0.97984 0.89024 -0.015085 0.043329 
4911  0.085817 -1.0275 0.90228 0.0090670 0.044626 
4912  0.089818 -1.0058 0.89861 0.0034327 0.044311 
4913  0.099620 -0.95608 0.87638 0.041874 0.046191 
4914  0.089618 -1.0068 0.89884 0.034646 0.045523 
4915  0.096419 -0.97180 0.88606 -0.048259 0.042024 
4916  0.083217 -1.0421 0.90394 -0.0091202 0.043342 
4917  0.095219 -0.97782 0.88932 -0.040758 0.042310 
4918  0.092418 -0.99213 0.89511 -0.042169 0.042020 
4919  0.084617 -1.0341 0.90312 -0.020375 0.042790 
4920  0.091818 -0.99524 0.89609 0.0075335 0.044715 
4921  0.067614 -1.1396 0.90805 -0.0096169 0.042803 
4922  0.092018 -0.99420 0.89575 0.014949 0.044819 
4923  0.084817 -1.0330 0.90299 0.0098844 0.044380 
4924  0.075815 -1.0860 0.90676 -0.0015107 0.043853 
4925  0.083017 -1.0432 0.90401 -0.048182 0.041634 
4926  0.095219 -0.97782 0.88932 0.030750 0.045775 
4927  0.090818 -1.0005 0.89745 -0.039430 0.041979 
4928  0.10722 -0.92046 0.84688 -0.080170 0.040948 
4929  0.090618 -1.0015 0.89767 0.0011668 0.044145 
4930  0.086017 -1.0264 0.90215 -0.014874 0.042960 
4931  0.085217 -1.0308 0.90273 -0.0041131 0.043740 
4932  0.097820 -0.96487 0.88189 0.0068810 0.044693 
4933  0.096819 -0.96981 0.88496 0.011965 0.044996 
4934  0.090418 -1.0026 0.89793 0.011758 0.044829 
4935  0.095419 -0.97681 0.88876 0.022393 0.045522 
4936  0.11742 -0.87600 0.80202 0.082370 0.050170 
4937  0.094619 -0.98085 0.89074 -0.055390 0.041407 
4938  0.078616 -1.0689 0.90590 -0.023759 0.042280 
4939  0.078616 -1.0689 0.90590 -0.025650 0.042281 
4940  0.085817 -1.0275 0.90228 -0.048386 0.041613 
4941  0.086017 -1.0264 0.90215 0.0012248 0.044266 
4942  0.094819 -0.97984 0.89024 -0.056826 0.041395 
4943  0.098420 -0.96192 0.88015 -0.061104 0.041413 
4944  0.10002 -0.95415 0.87487 -0.063654 0.041296 
4945  0.098220 -0.96290 0.88065 0.027733 0.045557 
4946  0.090018 -1.0047 0.89838 0.020686 0.044840 
4947  0.089418 -1.0079 0.89909 -0.0060436 0.043784 
4948  0.087017 -1.0209 0.90142 0.033256 0.045557 
4949  0.099820 -0.95511 0.87553 -0.032572 0.042705 
4950  0.080216 -1.0594 0.90523 0.0093634 0.043858 
4951  0.084417 -1.0353 0.90329 -0.025160 0.042607 
4952  0.077015 -1.0786 0.90646 -0.030865 0.042194 
4953  0.081816 -1.0501 0.90456 0.012202 0.044106 
4954  0.10942 -0.91057 0.83717 0.056520 0.048083 
4955  0.087618 -1.0176 0.90086 -1.1130e-05 0.043673 
4956  0.085017 -1.0319 0.90286 0.0045216 0.043907 
4957  0.091018 -0.99943 0.89718 0.0045952 0.044312 
4958  0.088618 -1.0122 0.89985 0.023991 0.045489 
4959  0.13063 -0.82318 0.76128 0.10825 0.051629 
4960  0.12943 -0.82778 0.76596 0.10513 0.051283 
4961  0.10902 -0.91235 0.83896 0.044226 0.046926 
4962  0.087017 -1.0209 0.90142 -0.024726 0.042635 
4963  0.080616 -1.0571 0.90510 -0.025945 0.042546 
4964  0.090018 -1.0047 0.89838 0.0079000 0.044605 
4965  0.084817 -1.0330 0.90299 0.046081 0.046345 
4966  0.096019 -0.97380 0.88720 -0.0021919 0.044328 
4967  0.094019 -0.98390 0.89218 0.0022264 0.044179 
4968  0.089618 -1.0068 0.89884 0.0022448 0.044043 
4969  0.087618 -1.0176 0.90086 -0.0043716 0.043803 
4970  0.099420 -0.95705 0.87694 -0.0012746 0.044340 
4971  0.086417 -1.0241 0.90191 0.018965 0.044842 
4972  0.086417 -1.0241 0.90191 -0.0066683 0.043337 
4973  0.081216 -1.0536 0.90483 -0.0019806 0.043465 
4974  0.080416 -1.0582 0.90516 -0.0020151 0.043379 
4975  0.10442 -0.93332 0.85780 -0.032049 0.042788 
4976  0.23845 -0.50431 0.53828 0.26378 0.062131 
4977  0.083017 -1.0432 0.90401 0.0029737 0.044214 
4978  0.084417 -1.0353 0.90329 -0.0015833 0.043863 
4979  0.075215 -1.0897 0.90690 -0.014221 0.042786 
4980  0.090618 -1.0015 0.89767 -0.044533 0.041944 
4981  0.082416 -1.0466 0.90429 -0.016018 0.043083 
4982  0.29906 -0.36992 0.48726 0.34431 0.067734 
4983  0.38128 -0.21026 0.40096 0.45559 0.076180 
4984  0.092018 -0.99420 0.89575 -0.023325 0.042880 
4985  0.082817 -1.0443 0.90411 -0.010692 0.042988 
4986  0.084417 -1.0353 0.90329 -0.0065580 0.043715 
4987  0.089018 -1.0100 0.89950 0.025746 0.045644 
4988  0.088018 -1.0154 0.90051 -0.0021500 0.043818 
4989  0.10042 -0.95222 0.87359 -0.063448 0.041364 
4990  0.080416 -1.0582 0.90516 0.017938 0.044419 
4991  0.077816 -1.0738 0.90624 -0.00057040 0.043242 
4992  0.096219 -0.97280 0.88654 -0.061919 0.041311 
4993  0.068414 -1.1341 0.90798 -0.010631 0.042682 
4994  0.086617 -1.0230 0.90174 -0.044447 0.041776 
4995  0.093219 -0.98800 0.89384 -0.026584 0.043066 
4996  0.085217 -1.0308 0.90273 -0.031283 0.042315 
4997  0.089018 -1.0100 0.89950 0.017568 0.045320 
4998  0.074215 -1.0960 0.90714 -0.016933 0.042584 
4999  0.091418 -0.99733 0.89664 -0.024836 0.042900 
5000  0.13543 -0.80510 0.74625 0.11222 0.051463 
5001  0.087017 -1.0209 0.90142 -0.031277 0.042806 
5002  0.096019 -0.97380 0.88720 0.039531 0.046418 
5003  0.087818 -1.0165 0.90067 0.0014592 0.044209 
5004  0.087217 -1.0198 0.90121 -0.019903 0.043053 
5005  0.090818 -1.0005 0.89745 -0.015727 0.043205 
5006  0.083617 -1.0398 0.90375 -0.010299 0.043289 
5007  0.092218 -0.99316 0.89538 -0.019930 0.042853 
5008  0.066413 -1.1479 0.90809 0.0070407 0.043519 
5009  0.073015 -1.1037 0.90737 0.015394 0.044118 
5010  0.070014 -1.1233 0.90784 0.0048641 0.043399 
5011  0.085417 -1.0297 0.90260 -0.0043403 0.043706 
5012  0.094219 -0.98289 0.89166 0.019220 0.045080 
5013  0.096619 -0.97081 0.88554 -0.043977 0.042368 
5014  0.090818 -1.0005 0.89745 -0.0020181 0.043856 
5015  0.087818 -1.0165 0.90067 -0.0044709 0.043787 
5016  0.093219 -0.98800 0.89384 0.013744 0.044828 
5017  0.095619 -0.97581 0.88820 -0.050385 0.042010 
5018  0.094019 -0.98390 0.89218 -0.0021456 0.043913 
5019  0.10122 -0.94839 0.87010 0.019956 0.045457 
5020  0.079216 -1.0653 0.90564 -0.0083938 0.043136 
5021  0.080816 -1.0559 0.90500 -0.0057373 0.043346 
5022  0.096419 -0.97180 0.88606 9.5310e-05 0.043972 
5023  0.089218 -1.0090 0.89929 -0.024887 0.042785 
5024  0.092018 -0.99420 0.89575 0.013682 0.044982 
5025  0.095219 -0.97782 0.88932 0.016791 0.045362 
5026  0.086817 -1.0220 0.90161 0.014560 0.044859 
5027  0.082617 -1.0455 0.90419 -0.0070652 0.043551 
5028  0.094419 -0.98187 0.89119 0.014745 0.044992 
5029  0.094419 -0.98187 0.89119 0.014304 0.044929 
5030  0.077816 -1.0738 0.90624 -0.025184 0.042527 
5031  0.085817 -1.0275 0.90228 -0.0035415 0.043677 
5032  0.085817 -1.0275 0.90228 0.0044625 0.044314 
5033  0.084217 -1.0364 0.90341 5.6208e-05 0.043968 
5034  0.10022 -0.95318 0.87410 0.013996 0.045138 
5035  0.074815 -1.0922 0.90699 -0.026466 0.042271 
5036  0.078616 -1.0689 0.90590 -0.027236 0.042144 
5037  0.15383 -0.74041 0.67067 0.16203 0.056158 
5038  0.079216 -1.0653 0.90564 -0.026543 0.042235 
5039  0.094819 -0.97984 0.89024 0.021214 0.044776 
5040  0.10262 -0.94174 0.86490 0.059454 0.048081 
5041  0.085617 -1.0286 0.90241 0.0073908 0.044159 
5042  0.088818 -1.0111 0.89965 -0.021100 0.042983 
5043  0.098020 -0.96388 0.88148 0.018572 0.045295 
5044  0.087417 -1.0187 0.90103 0.010475 0.044543 
5045  0.10242 -0.94269 0.86568 -0.070801 0.041067 
5046  0.10082 -0.95030 0.87180 -0.063147 0.041544 
5047  0.087217 -1.0198 0.90121 0.0040356 0.044074 
5048  0.085617 -1.0286 0.90241 -0.013361 0.043179 
5049  0.099420 -0.95705 0.87694 -0.072185 0.040937 
5050  0.099020 -0.95899 0.87822 -0.070549 0.041036 
5051  0.078016 -1.0725 0.90614 -0.0041926 0.043424 
5052  0.091018 -0.99943 0.89718 0.0038997 0.044297 
5053  0.087818 -1.0165 0.90067 0.0062281 0.044180 
5054  0.097820 -0.96487 0.88189 0.029186 0.045678 
5055  0.085817 -1.0275 0.90228 -0.025974 0.042624 
5056  0.10102 -0.94934 0.87115 0.019342 0.045306 
5057  0.095219 -0.97782 0.88932 0.014663 0.045226 
5058  0.10002 -0.95415 0.87487 0.010737 0.044958 
5059  0.096019 -0.97380 0.88720 0.020585 0.045471 
5060  0.096419 -0.97180 0.88606 0.021246 0.045445 
5061  0.097019 -0.96882 0.88435 0.016924 0.045305 
5062  0.095619 -0.97581 0.88820 -0.025754 0.042983 
5063  0.10062 -0.95126 0.87279 -0.055157 0.041866 
5064  0.087217 -1.0198 0.90121 -0.0021243 0.043957 
5065  0.095419 -0.97681 0.88876 0.016264 0.044933 
5066  0.077015 -1.0786 0.90646 -0.026744 0.042327 
5067  0.076615 -1.0811 0.90658 -0.0058313 0.043164 
5068  0.090218 -1.0036 0.89815 0.0032274 0.043876 
5069  0.097419 -0.96684 0.88325 -0.053361 0.041647 
5070  0.10062 -0.95126 0.87279 -0.057961 0.041682 
5071  0.075015 -1.0910 0.90696 -0.029673 0.042253 
5072  0.11182 -0.89997 0.82386 0.058248 0.047808 
5073  0.091418 -0.99733 0.89664 -0.0014480 0.043825 
5074  0.082016 -1.0489 0.90446 -0.017303 0.042896 
5075  0.094019 -0.98390 0.89218 -0.0025401 0.044048 
5076  0.097219 -0.96783 0.88384 0.023787 0.045292 
5077  0.087217 -1.0198 0.90121 0.024397 0.045454 
5078  0.087017 -1.0209 0.90142 0.013237 0.044706 
5079  0.085817 -1.0275 0.90228 -0.020531 0.042713 
5080  0.081216 -1.0536 0.90483 -0.029811 0.042231 
5081  0.090218 -1.0036 0.89815 -0.0027937 0.044006 
5082  0.097620 -0.96585 0.88260 0.0074968 0.044706 
5083  0.11342 -0.89302 0.81572 -0.095191 0.040489 
5084  0.10582 -0.92685 0.85150 -0.083282 0.040728 
5085  0.089218 -1.0090 0.89929 0.0029550 0.044094 
5086  0.091818 -0.99524 0.89609 0.021821 0.045012 
5087  0.098020 -0.96388 0.88148 0.047498 0.046640 
5088  0.079616 -1.0630 0.90545 -0.032409 0.042125 
5089  0.071614 -1.1127 0.90763 -0.00072436 0.043363 
5090  0.10122 -0.94839 0.87010 0.058602 0.047472 
5091  0.094019 -0.98390 0.89218 -0.053631 0.041680 
5092  0.080616 -1.0571 0.90510 0.012690 0.044386 
5093  0.096619 -0.97081 0.88554 -0.059236 0.041478 
5094  0.091418 -0.99733 0.89664 -0.056145 0.041589 
5095  0.084217 -1.0364 0.90341 -0.042697 0.041845 
5096  0.10842 -0.91504 0.84185 0.060240 0.047923 
5097  0.080416 -1.0582 0.90516 -0.0043135 0.043791 
5098  0.093619 -0.98595 0.89309 -0.042736 0.042092 
5099  0.081616 -1.0512 0.90464 -0.013916 0.042975 
5100  0.10102 -0.94934 0.87115 -0.062575 0.041270 
5101  0.093019 -0.98903 0.89418 0.0019849 0.044052 
5102  0.082016 -1.0489 0.90446 0.016269 0.044382 
5103  0.084017 -1.0375 0.90352 0.023671 0.044776 
5104  0.089218 -1.0090 0.89929 0.012519 0.044938 
5105  0.074615 -1.0935 0.90705 -0.025266 0.042277 
5106  0.087618 -1.0176 0.90086 -0.031582 0.042221 
5107  0.083417 -1.0409 0.90384 -0.016907 0.043199 
5108  0.078816 -1.0677 0.90579 0.013264 0.044082 
5109  0.099020 -0.95899 0.87822 0.014908 0.045182 
5110  0.093619 -0.98595 0.89309 0.0066274 0.044604 
5111  0.095419 -0.97681 0.88876 0.0059838 0.044569 
5112  0.085817 -1.0275 0.90228 -0.0031610 0.044027 
5113  0.089218 -1.0090 0.89929 -0.0069256 0.043648 
5114  0.10322 -0.93892 0.86267 0.044040 0.047271 
5115  0.10142 -0.94743 0.86933 0.053917 0.047812 
5116  0.094019 -0.98390 0.89218 -0.034636 0.042578 
5117  0.089418 -1.0079 0.89909 -0.014008 0.043346 
5118  0.076015 -1.0848 0.90672 -0.020862 0.042458 
5119  0.080016 -1.0606 0.90530 -0.024429 0.042398 
5120  0.095419 -0.97681 0.88876 -0.019043 0.043441 
5121  0.080416 -1.0582 0.90516 0.0073463 0.044207 
5122  0.10742 -0.91956 0.84519 0.066521 0.047861 
5123  0.11962 -0.86685 0.79221 0.094722 0.050850 
5124  0.082817 -1.0443 0.90411 -0.010672 0.043193 
5125  0.10382 -0.93611 0.86015 0.063701 0.048009 
5126  0.087417 -1.0187 0.90103 -0.050960 0.041697 
5127  0.10902 -0.91235 0.83896 0.072481 0.048364 
5128  0.091418 -0.99733 0.89664 0.048225 0.046715 
5129  0.068414 -1.1341 0.90798 -0.010675 0.042914 
5130  0.10442 -0.93332 0.85780 -0.072325 0.041120 
5131  0.093819 -0.98493 0.89259 0.029662 0.045455 
5132  0.089218 -1.0090 0.89929 0.0091068 0.044388 
5133  0.10342 -0.93798 0.86175 0.037946 0.046772 
5134  0.084217 -1.0364 0.90341 -0.00018123 0.043816 
5135  0.096019 -0.97380 0.88720 0.0043981 0.044521 
5136  0.076215 -1.0835 0.90667 0.010094 0.043968 
5137  0.075015 -1.0910 0.90696 0.016347 0.044073 
5138  0.082416 -1.0466 0.90429 -0.0053149 0.043931 
5139  0.088818 -1.0111 0.89965 -0.018545 0.042952 
5140  0.088818 -1.0111 0.89965 -0.049082 0.041860 
5141  0.092418 -0.99213 0.89511 -0.016222 0.043342 
5142  0.090218 -1.0036 0.89815 -0.012279 0.043414 
5143  0.081416 -1.0524 0.90474 -0.028158 0.042462 
5144  0.086817 -1.0220 0.90161 -0.00086898 0.043672 
5145  0.077616 -1.0750 0.90628 0.0089621 0.043775 
5146  0.072414 -1.1075 0.90749 -0.0068543 0.042812 
5147  0.085817 -1.0275 0.90228 0.0040699 0.044267 
5148  0.085217 -1.0308 0.90273 -0.0052021 0.043894 
5149  0.081816 -1.0501 0.90456 -0.016591 0.042837 
5150  0.078616 -1.0689 0.90590 -0.027444 0.042198 
5151  0.068814 -1.1314 0.90795 -0.0076505 0.042858 
5152  0.087618 -1.0176 0.90086 -0.012771 0.043071 
5153  0.091218 -0.99838 0.89699 -0.048870 0.041697 
5154  0.099620 -0.95608 0.87638 0.057486 0.047283 
5155  0.098220 -0.96290 0.88065 0.069663 0.047597 
5156  0.085417 -1.0297 0.90260 -0.023773 0.042561 
5157  0.077215 -1.0774 0.90638 -0.0085398 0.043063 
5158  0.089018 -1.0100 0.89950 0.0033721 0.044346 
5159  0.087417 -1.0187 0.90103 -0.025603 0.042707 
5160  0.092018 -0.99420 0.89575 -0.0077439 0.043529 
5161  0.098820 -0.95997 0.87884 0.012082 0.044892 
5162  0.081816 -1.0501 0.90456 -0.039654 0.041980 
5163  0.092018 -0.99420 0.89575 -0.031129 0.042684 
5164  0.093419 -0.98697 0.89339 0.0081646 0.044668 
5165  0.090618 -1.0015 0.89767 -0.0045001 0.043618 
5166  0.087017 -1.0209 0.90142 -0.019788 0.042881 
5167  0.091218 -0.99838 0.89699 0.0052910 0.044579 
5168  0.093019 -0.98903 0.89418 0.0084502 0.044712 
5169  0.13543 -0.80510 0.74625 0.10481 0.050622 
5170  0.094219 -0.98289 0.89166 0.017685 0.045275 
5171  0.12923 -0.82856 0.76708 0.099196 0.050212 
5172  0.094219 -0.98289 0.89166 0.018917 0.045477 
5173  0.089018 -1.0100 0.89950 -0.020221 0.042976 
5174  0.082216 -1.0478 0.90439 0.0072883 0.044154 
5175  0.093219 -0.98800 0.89384 0.035771 0.045888 
5176  0.078416 -1.0701 0.90597 -0.0080581 0.043388 
5177  0.095219 -0.97782 0.88932 0.016947 0.045123 
5178  0.089418 -1.0079 0.89909 -0.010124 0.043512 
5179  0.077015 -1.0786 0.90646 -0.0031289 0.043406 
5180  0.068614 -1.1327 0.90797 0.013518 0.043722 
5181  0.067814 -1.1382 0.90803 0.011335 0.043585 
5182  0.091618 -0.99629 0.89636 0.023397 0.045214 
5183  0.086617 -1.0230 0.90174 0.018960 0.045253 
5184  0.083417 -1.0409 0.90384 0.022209 0.045084 
5185  0.096819 -0.96981 0.88496 0.017364 0.045295 
5186  0.10762 -0.91865 0.84412 0.069651 0.047369 
5187  0.11242 -0.89735 0.82134 0.074181 0.047529 
5188  0.089418 -1.0079 0.89909 0.0076574 0.044535 
5189  0.092218 -0.99316 0.89538 -0.065133 0.041173 
5190  0.086017 -1.0264 0.90215 -2.1516e-05 0.044041 
5191  0.10662 -0.92319 0.84892 0.064465 0.047031 
5192  0.076615 -1.0811 0.90658 -0.031072 0.042131 
5193  0.10522 -0.92961 0.85469 0.068316 0.047262 
5194  0.064213 -1.1636 0.90820 -0.0028374 0.043038 
5195  0.075815 -1.0860 0.90676 -0.019941 0.042580 
5196  0.079816 -1.0618 0.90536 -0.012518 0.042982 
5197  0.093819 -0.98493 0.89259 0.0089444 0.044795 
5198  0.083817 -1.0387 0.90364 0.014672 0.044302 
5199  0.090218 -1.0036 0.89815 -0.0010443 0.043987 
5200  0.075815 -1.0860 0.90676 -0.0029376 0.043357 
5201  0.069214 -1.1287 0.90791 -0.019385 0.042434 
5202  0.079216 -1.0653 0.90564 -0.014450 0.042775 
5203  0.10042 -0.95222 0.87359 0.013622 0.045289 
5204  0.088018 -1.0154 0.90051 0.021403 0.044949 
5205  0.085817 -1.0275 0.90228 -0.0027676 0.043767 
5206  0.072014 -1.1101 0.90756 -0.0049173 0.043222 
5207  0.086017 -1.0264 0.90215 0.039728 0.045478 
5208  0.10982 -0.90879 0.83427 0.064533 0.048150 
5209  0.079216 -1.0653 0.90564 -0.023426 0.042496 
5210  0.078016 -1.0725 0.90614 -0.0068955 0.043077 
5211  0.092218 -0.99316 0.89538 0.012195 0.045053 
5212  0.075615 -1.0872 0.90681 0.0095237 0.043669 
5213  0.074615 -1.0935 0.90705 -0.0054686 0.043124 
5214  0.069614 -1.1260 0.90788 -0.0041012 0.042963 
5215  0.078016 -1.0725 0.90614 0.012129 0.043945 
5216  0.076215 -1.0835 0.90667 0.028964 0.044726 
5217  0.075415 -1.0885 0.90684 0.0076765 0.043733 
5218  0.084817 -1.0330 0.90299 -0.0038221 0.043500 
5219  0.077215 -1.0774 0.90638 -0.019026 0.042750 
5220  0.080816 -1.0559 0.90500 -0.013926 0.043121 
5221  0.086017 -1.0264 0.90215 -0.013878 0.043199 
5222  0.076615 -1.0811 0.90658 0.0091643 0.043747 
5223  0.088018 -1.0154 0.90051 -0.029830 0.042248 
5224  0.092418 -0.99213 0.89511 0.012291 0.045060 
5225  0.087618 -1.0176 0.90086 0.00059218 0.043959 
5226  0.086617 -1.0230 0.90174 -0.0073687 0.043455 
5227  0.092619 -0.99109 0.89483 0.019968 0.045251 
5228  0.089218 -1.0090 0.89929 -0.039341 0.041926 
5229  0.080016 -1.0606 0.90530 -0.019302 0.042634 
5230  0.080616 -1.0571 0.90510 0.0068285 0.044000 
5231  0.083817 -1.0387 0.90364 -0.030739 0.042377 
5232  0.087417 -1.0187 0.90103 0.015694 0.045127 
5233  0.083217 -1.0421 0.90394 -0.022004 0.042641 
5234  0.079816 -1.0618 0.90536 0.033516 0.044962 
5235  0.070614 -1.1193 0.90776 -0.0088380 0.042805 
5236  0.94099 1.2026 0.046009 1.2515 0.13857 
5237  0.075215 -1.0897 0.90690 -0.0051895 0.043209 
5238  0.093819 -0.98493 0.89259 0.021133 0.045495 
5239  0.071814 -1.1114 0.90761 -0.017063 0.042580 
5240  0.085017 -1.0319 0.90286 -0.051095 0.041566 
5241  0.093419 -0.98697 0.89339 0.021641 0.045456 
5242  0.094219 -0.98289 0.89166 0.013610 0.045049 
5243  0.071214 -1.1153 0.90771 -0.015954 0.042571 
5244  0.096019 -0.97380 0.88720 -0.059520 0.041425 
5245  0.095019 -0.97883 0.88978 -0.062951 0.041298 
5246  0.23105 -0.52220 0.55594 0.27103 0.063707 
5247  0.084617 -1.0341 0.90312 -0.026636 0.042433 
5248  0.091618 -0.99629 0.89636 0.020372 0.045271 
5249  0.091418 -0.99733 0.89664 0.022451 0.045303 
5250  0.083017 -1.0432 0.90401 -0.0063833 0.043627 
5251  0.10022 -0.95318 0.87410 -0.057651 0.041625 
5252  0.070814 -1.1180 0.90774 0.0025296 0.043346 
5253  0.088018 -1.0154 0.90051 -0.042448 0.041846 
5254  0.095819 -0.97480 0.88778 -0.061956 0.041352 
5255  0.087818 -1.0165 0.90067 0.0026609 0.044394 
5256  0.096219 -0.97280 0.88654 0.036179 0.045986 
5257  0.089818 -1.0058 0.89861 0.0042086 0.044334 
5258  0.085417 -1.0297 0.90260 0.010012 0.044583 
5259  0.080416 -1.0582 0.90516 -0.0058204 0.043093 
5260  0.090818 -1.0005 0.89745 0.0091746 0.044629 
5261  0.086217 -1.0252 0.90201 -0.0091858 0.043416 
5262  0.090018 -1.0047 0.89838 0.0087815 0.044492 
5263  0.10022 -0.95318 0.87410 -0.068259 0.041245 
5264  0.087417 -1.0187 0.90103 -0.0010563 0.043950 
5265  0.084417 -1.0353 0.90329 0.0073103 0.044005 
5266  0.072014 -1.1101 0.90756 -0.012841 0.042784 
5267  0.073015 -1.1037 0.90737 -0.010858 0.042895 
5268  0.094619 -0.98085 0.89074 -0.040471 0.042170 
5269  0.088418 -1.0133 0.90005 -0.033840 0.042481 
5270  0.093419 -0.98697 0.89339 0.017798 0.045119 
5271  0.073215 -1.1024 0.90733 -0.0041983 0.043151 
5272  0.091618 -0.99629 0.89636 -0.044476 0.041819 
5273  0.099820 -0.95511 0.87553 0.011616 0.045144 
5274  0.070014 -1.1233 0.90784 -0.0048613 0.043077 
5275  0.098820 -0.95997 0.87884 -0.068396 0.041332 
5276  0.085417 -1.0297 0.90260 -0.023264 0.042723 
5277  0.084817 -1.0330 0.90299 -0.0082672 0.043280 
5278  0.094019 -0.98390 0.89218 -4.3697e-05 0.044025 
5279  0.088018 -1.0154 0.90051 0.0040316 0.044366 
5280  0.090018 -1.0047 0.89838 0.0048209 0.044290 
5281  0.091218 -0.99838 0.89699 0.0050273 0.044580 
5282  0.076215 -1.0835 0.90667 -0.015131 0.042958 
5283  0.095019 -0.97883 0.88978 -0.021701 0.042976 
5284  0.098420 -0.96192 0.88015 -0.027298 0.043236 
5285  0.089818 -1.0058 0.89861 0.024140 0.045157 
5286  0.082416 -1.0466 0.90429 -0.013978 0.042849 
5287  0.10062 -0.95126 0.87279 0.015564 0.045189 
5288  0.085017 -1.0319 0.90286 -0.010202 0.043287 
5289  0.11562 -0.88359 0.80598 0.097789 0.050662 
5290  0.090218 -1.0036 0.89815 0.024815 0.045318 
5291  0.12142 -0.85947 0.78606 0.092633 0.049647 
5292  0.071814 -1.1114 0.90761 -0.019188 0.042419 
5293  0.099020 -0.95899 0.87822 0.061946 0.046883 
5294  0.093819 -0.98493 0.89259 0.0014287 0.044238 
5295  0.087417 -1.0187 0.90103 -0.041499 0.042138 
5296  0.084417 -1.0353 0.90329 0.0056296 0.044216 
5297  0.089818 -1.0058 0.89861 0.0061561 0.044227 
5298  0.094419 -0.98187 0.89119 0.012243 0.044946 
5299  0.087217 -1.0198 0.90121 0.0078818 0.044303 
5300  0.097019 -0.96882 0.88435 0.019138 0.045712 
5301  0.092819 -0.99006 0.89452 0.011502 0.044769 
5302  0.092418 -0.99213 0.89511 0.0040701 0.044384 
5303  0.091618 -0.99629 0.89636 0.00064174 0.044271 
5304  0.075615 -1.0872 0.90681 -0.035577 0.041896 
5305  0.093819 -0.98493 0.89259 -0.0063802 0.043763 
5306  0.089818 -1.0058 0.89861 0.0083310 0.044406 
5307  0.098020 -0.96388 0.88148 0.017538 0.045446 
5308  0.086417 -1.0241 0.90191 -0.0078002 0.043405 
5309  0.089418 -1.0079 0.89909 -0.015753 0.043269 
5310  0.089818 -1.0058 0.89861 0.0015577 0.044096 
5311  0.088418 -1.0133 0.90005 0.013350 0.045103 
5312  0.094619 -0.98085 0.89074 0.0031025 0.044451 
5313  0.078016 -1.0725 0.90614 0.010019 0.044568 
5314  0.077015 -1.0786 0.90646 0.00064271 0.043746 
5315  0.085417 -1.0297 0.90260 -0.0020375 0.043800 
5316  0.084617 -1.0341 0.90312 0.016041 0.044236 
5317  0.090818 -1.0005 0.89745 0.0017960 0.044227 
5318  0.089018 -1.0100 0.89950 0.015469 0.044816 
5319  0.089218 -1.0090 0.89929 -0.0028812 0.043972 
5320  0.092218 -0.99316 0.89538 0.019957 0.045328 
5321  0.085017 -1.0319 0.90286 0.018833 0.045295 
5322  0.093019 -0.98903 0.89418 -0.0023056 0.043721 
5323  0.069614 -1.1260 0.90788 -0.00032208 0.043275 
5324  0.089418 -1.0079 0.89909 -0.0059086 0.043684 
5325  0.093819 -0.98493 0.89259 -0.0028950 0.043970 
5326  0.071414 -1.1140 0.90767 0.015366 0.043850 
5327  0.085017 -1.0319 0.90286 0.00024685 0.044028 
5328  0.078416 -1.0701 0.90597 -0.015129 0.042930 
5329  0.080616 -1.0571 0.90510 -0.021721 0.042573 
5330  0.077816 -1.0738 0.90624 0.0017722 0.043588 
5331  0.081616 -1.0512 0.90464 -0.012221 0.043163 
5332  0.094619 -0.98085 0.89074 0.021390 0.045270 
5333  0.064213 -1.1636 0.90820 -0.0031171 0.042963 
5334  0.086017 -1.0264 0.90215 -0.035723 0.042061 
5335  0.10062 -0.95126 0.87279 0.021916 0.045216 
5336  0.087017 -1.0209 0.90142 -0.036249 0.042115 
5337  0.080416 -1.0582 0.90516 -0.034368 0.042206 
5338  0.090618 -1.0015 0.89767 -0.0031341 0.043804 
5339  0.092018 -0.99420 0.89575 0.014689 0.045186 
5340  0.094819 -0.97984 0.89024 0.016720 0.045243 
5341  0.10022 -0.95318 0.87410 0.021040 0.045268 
5342  0.10102 -0.94934 0.87115 -0.064618 0.041468 
5343  0.077816 -1.0738 0.90624 -0.011911 0.042908 
5344  0.079816 -1.0618 0.90536 0.017470 0.043990 
5345  0.092218 -0.99316 0.89538 0.014825 0.044779 
5346  0.080016 -1.0606 0.90530 -0.0051778 0.043249 
5347  0.070614 -1.1193 0.90776 -0.0062406 0.042997 
5348  0.082617 -1.0455 0.90419 0.0047701 0.043806 
5349  0.098420 -0.96192 0.88015 -0.060014 0.041393 
5350  0.084817 -1.0330 0.90299 -0.0025123 0.043680 
5351  0.067614 -1.1396 0.90805 -0.0091442 0.042836 
5352  0.098020 -0.96388 0.88148 0.011822 0.044940 
5353  0.093019 -0.98903 0.89418 -0.043275 0.042031 
5354  0.085217 -1.0308 0.90273 -0.023565 0.042615 
5355  0.098020 -0.96388 0.88148 0.022497 0.045297 
5356  0.094219 -0.98289 0.89166 0.017184 0.045165 
5357  0.094219 -0.98289 0.89166 -0.030262 0.042700 
5358  0.093819 -0.98493 0.89259 0.010326 0.044600 
5359  0.086617 -1.0230 0.90174 -0.0085684 0.043571 
5360  0.096219 -0.97280 0.88654 0.021077 0.045048 
5361  0.093019 -0.98903 0.89418 0.012144 0.044847 
5362  0.084817 -1.0330 0.90299 0.027914 0.045330 
5363  0.087017 -1.0209 0.90142 0.014395 0.044813 
5364  0.82336 0.66851 0.089551 1.3035 0.15359 
5365  0.085017 -1.0319 0.90286 0.011678 0.044371 
5366  0.094019 -0.98390 0.89218 0.0081873 0.044713 
5367  0.094619 -0.98085 0.89074 0.0068984 0.044519 
5368  0.085017 -1.0319 0.90286 0.0029857 0.044084 
5369  0.093819 -0.98493 0.89259 0.012556 0.045002 
5370  0.088618 -1.0122 0.89985 0.0049923 0.044225 
5371  0.083017 -1.0432 0.90401 -0.011453 0.043185 
5372  0.079416 -1.0642 0.90550 0.0085549 0.043933 
5373  0.090018 -1.0047 0.89838 0.014264 0.045027 
5374  0.091818 -0.99524 0.89609 0.00016786 0.044239 
5375  0.092418 -0.99213 0.89511 -0.033446 0.042757 
5376  0.091218 -0.99838 0.89699 -0.038564 0.042406 
5377  0.096419 -0.97180 0.88606 -0.023466 0.043186 
5378  0.095219 -0.97782 0.88932 -0.0017979 0.043944 
5379  0.088018 -1.0154 0.90051 -0.00050811 0.043996 
5380  0.087217 -1.0198 0.90121 -0.016864 0.043083 
5381  0.091218 -0.99838 0.89699 0.0047449 0.044531 
5382  0.084817 -1.0330 0.90299 0.0064197 0.044017 
5383  0.081216 -1.0536 0.90483 0.0030191 0.043722 
5384  0.077616 -1.0750 0.90628 0.0039194 0.043741 
5385  0.090018 -1.0047 0.89838 0.024929 0.044999 
5386  0.086817 -1.0220 0.90161 -0.035668 0.042152 
5387  0.11322 -0.89388 0.81741 0.068822 0.049211 
5388  0.086417 -1.0241 0.90191 -0.014017 0.043239 
5389  0.16383 -0.70789 0.63984 0.14964 0.054233 
5390  0.10182 -0.94553 0.86828 -0.047053 0.042029 
5391  0.58472 0.14860 0.24571 0.84572 0.11143 
5392  0.10722 -0.92046 0.84688 0.062815 0.048152 
5393  0.11422 -0.88957 0.81210 0.070607 0.049079 
5394  0.072414 -1.1075 0.90749 -0.025683 0.042305 
5395  0.083017 -1.0432 0.90401 -0.035394 0.042137 
5396  0.093819 -0.98493 0.89259 0.013042 0.044948 
5397  0.089418 -1.0079 0.89909 -0.012227 0.043309 
5398  0.089418 -1.0079 0.89909 0.022073 0.045587 
5399  0.078816 -1.0677 0.90579 -0.0048758 0.043548 
5400  0.087417 -1.0187 0.90103 -0.0077448 0.043338 
5401  0.093219 -0.98800 0.89384 -0.013207 0.043207 
5402  0.099820 -0.95511 0.87553 0.015858 0.045345 
5403  0.093219 -0.98800 0.89384 0.011506 0.044616 
5404  0.080216 -1.0594 0.90523 0.0014281 0.043609 
5405  0.086817 -1.0220 0.90161 -0.024188 0.042720 
5406  0.10562 -0.92777 0.85231 -0.071903 0.041181 
5407  0.10502 -0.93054 0.85562 0.048316 0.047494 
5408  0.090818 -1.0005 0.89745 -0.0040119 0.044009 
5409  0.10282 -0.94080 0.86431 -0.074715 0.040987 
5410  0.096819 -0.96981 0.88496 -0.031458 0.042698 
5411  0.088618 -1.0122 0.89985 -0.012375 0.042998 
5412  0.10082 -0.95030 0.87180 -0.050738 0.042109 
5413  0.092018 -0.99420 0.89575 0.033773 0.046086 
5414  0.097419 -0.96684 0.88325 -0.032971 0.042659 
5415  0.086017 -1.0264 0.90215 -0.014093 0.043372 
5416  0.071214 -1.1153 0.90771 -0.015589 0.042767 
5417  0.093619 -0.98595 0.89309 0.0071740 0.044659 
5418  0.083617 -1.0398 0.90375 0.030323 0.045436 
5419  0.077816 -1.0738 0.90624 -0.023861 0.042471 
5420  0.097620 -0.96585 0.88260 -0.024359 0.043160 
5421  0.098020 -0.96388 0.88148 -0.029599 0.042813 
5422  0.096619 -0.97081 0.88554 -0.057665 0.041408 
5423  0.079616 -1.0630 0.90545 -0.0055830 0.043343 
5424  0.091618 -0.99629 0.89636 0.013017 0.044700 
5425  0.083017 -1.0432 0.90401 0.0035646 0.044303 
5426  0.092018 -0.99420 0.89575 -0.0067144 0.043811 
